state,market,commodity,date,arrivals,modal_price
Uttar Pradesh,Achalda APMC,Onion,2024-01-01,5.0,1830.0
Uttar Pradesh,Achalda APMC,Onion,2024-01-02,4.0,1840.0
Uttar Pradesh,Achalda APMC,Onion,2024-01-03,1.0,2000.0
Uttar Pradesh,Achalda APMC,Onion,2024-01-04,4.0,1300.0
Uttar Pradesh,Achalda APMC,Onion,2024-01-05,2.0,1900.0
Uttar Pradesh,Achalda APMC,Onion,2024-01-06,4.0,1800.0
Uttar Pradesh,Achalda APMC,Onion,2024-01-08,4.0,1900.0
Uttar Pradesh,Achalda APMC,Onion,2024-01-09,6.0,1860.0
Uttar Pradesh,Achalda APMC,Onion,2024-01-10,3.0,1850.0
Uttar Pradesh,Achalda APMC,Onion,2024-01-11,5.0,1880.0
Uttar Pradesh,Achalda APMC,Onion,2024-01-12,4.0,1850.0
Uttar Pradesh,Achalda APMC,Onion,2024-01-13,4.0,1860.0
Uttar Pradesh,Achalda APMC,Onion,2024-01-15,4.0,1850.0
Uttar Pradesh,Achalda APMC,Onion,2024-01-16,5.0,1870.0
Uttar Pradesh,Achalda APMC,Onion,2024-01-17,3.0,2000.0
Uttar Pradesh,Achalda APMC,Onion,2024-01-18,4.0,2040.0
Uttar Pradesh,Achalda APMC,Onion,2024-01-19,5.0,2050.0
Uttar Pradesh,Achalda APMC,Onion,2024-01-20,2.0,2050.0
Uttar Pradesh,Achalda APMC,Onion,2024-01-22,3.0,2050.0
Uttar Pradesh,Achalda APMC,Onion,2024-01-23,5.0,1950.0
Uttar Pradesh,Achalda APMC,Onion,2024-01-24,4.0,2000.0
Uttar Pradesh,Achalda APMC,Onion,2024-01-25,4.0,1900.0
Uttar Pradesh,Achalda APMC,Onion,2024-01-26,3.0,1900.0
Uttar Pradesh,Achalda APMC,Onion,2024-01-27,6.0,1860.0
Uttar Pradesh,Achalda APMC,Onion,2024-01-30,8.0,1800.0
Uttar Pradesh,Achalda APMC,Onion,2024-01-31,5.0,1650.0
Uttar Pradesh,Achalda APMC,Onion,2024-02-01,5.0,1650.0
Uttar Pradesh,Achalda APMC,Onion,2024-02-02,5.0,1500.0
Uttar Pradesh,Achalda APMC,Onion,2024-02-03,2.0,1520.0
Uttar Pradesh,Achalda APMC,Onion,2024-02-05,6.0,1500.0
Uttar Pradesh,Achalda APMC,Onion,2024-02-06,5.0,1500.0
Uttar Pradesh,Achalda APMC,Onion,2024-02-08,2.0,1420.0
Uttar Pradesh,Achalda APMC,Onion,2024-02-09,4.0,1400.0
Uttar Pradesh,Achalda APMC,Onion,2024-02-10,4.0,1400.0
Uttar Pradesh,Achalda APMC,Onion,2024-02-12,4.0,1400.0
Uttar Pradesh,Achalda APMC,Onion,2024-02-13,2.0,1350.0
Uttar Pradesh,Achalda APMC,Onion,2024-02-14,4.0,1400.0
Uttar Pradesh,Achalda APMC,Onion,2024-02-15,4.0,1500.0
Uttar Pradesh,Achalda APMC,Onion,2024-02-16,4.0,1500.0
Uttar Pradesh,Achalda APMC,Onion,2024-02-17,2.0,1520.0
Uttar Pradesh,Achalda APMC,Onion,2024-02-19,2.0,1520.0
Uttar Pradesh,Achalda APMC,Onion,2024-02-20,3.0,1530.0
Uttar Pradesh,Achalda APMC,Onion,2024-02-21,2.0,1600.0
Uttar Pradesh,Achalda APMC,Onion,2024-02-22,1.0,1600.0
Uttar Pradesh,Achalda APMC,Onion,2024-02-23,1.0,1500.0
Uttar Pradesh,Achalda APMC,Onion,2024-02-24,2.0,1500.0
Uttar Pradesh,Achalda APMC,Onion,2024-02-26,2.0,1510.0
Uttar Pradesh,Achalda APMC,Onion,2024-02-27,2.0,1700.0
Uttar Pradesh,Achalda APMC,Onion,2024-02-28,2.0,1650.0
Uttar Pradesh,Achalda APMC,Onion,2024-02-29,2.0,1640.0
Uttar Pradesh,Achalda APMC,Onion,2024-03-01,3.0,1600.0
Uttar Pradesh,Achalda APMC,Onion,2024-03-02,4.0,1640.0
Uttar Pradesh,Achalda APMC,Onion,2024-03-04,3.0,1650.0
Uttar Pradesh,Achalda APMC,Onion,2024-03-05,2.0,1800.0
Uttar Pradesh,Achalda APMC,Onion,2024-03-06,2.0,1800.0
Uttar Pradesh,Achalda APMC,Onion,2024-03-07,4.0,2000.0
Uttar Pradesh,Achalda APMC,Onion,2024-03-08,3.0,2000.0
Uttar Pradesh,Achalda APMC,Onion,2024-03-09,3.0,2010.0
Uttar Pradesh,Achalda APMC,Onion,2024-03-12,2.0,2020.0
Uttar Pradesh,Achalda APMC,Onion,2024-03-13,2.0,2010.0
Uttar Pradesh,Achalda APMC,Onion,2024-03-14,2.0,2020.0
Uttar Pradesh,Achalda APMC,Onion,2024-03-15,3.0,2000.0
Uttar Pradesh,Achalda APMC,Onion,2024-03-16,3.0,2000.0
Uttar Pradesh,Achalda APMC,Onion,2024-03-18,1.0,1950.0
Uttar Pradesh,Achalda APMC,Onion,2024-03-19,2.0,1920.0
Uttar Pradesh,Achalda APMC,Onion,2024-03-20,1.0,1950.0
Uttar Pradesh,Achalda APMC,Onion,2024-03-21,2.0,2000.0
Uttar Pradesh,Achalda APMC,Onion,2024-03-22,3.0,1800.0
Uttar Pradesh,Achalda APMC,Onion,2024-03-23,2.0,1800.0
Uttar Pradesh,Achalda APMC,Onion,2024-03-25,2.0,1700.0
Uttar Pradesh,Achalda APMC,Onion,2024-03-26,3.0,1700.0
Uttar Pradesh,Achalda APMC,Onion,2024-03-27,2.0,1760.0
Uttar Pradesh,Achalda APMC,Onion,2024-03-28,1.0,1750.0
Uttar Pradesh,Achalda APMC,Onion,2024-03-29,2.0,1740.0
Uttar Pradesh,Achalda APMC,Onion,2024-03-30,1.0,1750.0
Uttar Pradesh,Achalda APMC,Potato,2024-01-01,150.0,740.0
Uttar Pradesh,Achalda APMC,Potato,2024-01-02,160.0,750.0
Uttar Pradesh,Achalda APMC,Potato,2024-01-03,10.0,880.0
Uttar Pradesh,Achalda APMC,Potato,2024-01-04,12.0,780.0
Uttar Pradesh,Achalda APMC,Potato,2024-01-05,80.0,800.0
Uttar Pradesh,Achalda APMC,Potato,2024-01-06,70.0,800.0
Uttar Pradesh,Achalda APMC,Potato,2024-01-08,150.0,780.0
Uttar Pradesh,Achalda APMC,Potato,2024-01-09,160.0,740.0
Uttar Pradesh,Achalda APMC,Potato,2024-01-10,140.0,750.0
Uttar Pradesh,Achalda APMC,Potato,2024-01-11,140.0,760.0
Uttar Pradesh,Achalda APMC,Potato,2024-01-12,160.0,760.0
Uttar Pradesh,Achalda APMC,Potato,2024-01-13,150.0,700.0
Uttar Pradesh,Achalda APMC,Potato,2024-01-15,140.0,700.0
Uttar Pradesh,Achalda APMC,Potato,2024-01-16,120.0,720.0
Uttar Pradesh,Achalda APMC,Potato,2024-01-17,112.0,720.0
Uttar Pradesh,Achalda APMC,Potato,2024-01-18,105.0,750.0
Uttar Pradesh,Achalda APMC,Potato,2024-01-19,140.0,750.0
Uttar Pradesh,Achalda APMC,Potato,2024-01-20,120.0,760.0
Uttar Pradesh,Achalda APMC,Potato,2024-01-22,100.0,700.0
Uttar Pradesh,Achalda APMC,Potato,2024-01-23,120.0,730.0
Uttar Pradesh,Achalda APMC,Potato,2024-01-24,130.0,730.0
Uttar Pradesh,Achalda APMC,Potato,2024-01-25,80.0,730.0
Uttar Pradesh,Achalda APMC,Potato,2024-01-26,100.0,720.0
Uttar Pradesh,Achalda APMC,Potato,2024-01-27,120.0,730.0
Uttar Pradesh,Achalda APMC,Potato,2024-01-30,100.0,710.0
Uttar Pradesh,Achalda APMC,Potato,2024-01-31,80.0,700.0
Uttar Pradesh,Achalda APMC,Potato,2024-02-01,100.0,700.0
Uttar Pradesh,Achalda APMC,Potato,2024-02-02,37.0,710.0
Uttar Pradesh,Achalda APMC,Potato,2024-02-03,60.0,710.0
Uttar Pradesh,Achalda APMC,Potato,2024-02-05,35.0,700.0
Uttar Pradesh,Achalda APMC,Potato,2024-02-06,70.0,710.0
Uttar Pradesh,Achalda APMC,Potato,2024-02-08,70.0,700.0
Uttar Pradesh,Achalda APMC,Potato,2024-02-09,50.0,700.0
Uttar Pradesh,Achalda APMC,Potato,2024-02-10,50.0,700.0
Uttar Pradesh,Achalda APMC,Potato,2024-02-12,40.0,710.0
Uttar Pradesh,Achalda APMC,Potato,2024-02-13,70.0,700.0
Uttar Pradesh,Achalda APMC,Potato,2024-02-14,50.0,710.0
Uttar Pradesh,Achalda APMC,Potato,2024-02-15,40.0,710.0
Uttar Pradesh,Achalda APMC,Potato,2024-02-16,40.0,710.0
Uttar Pradesh,Achalda APMC,Potato,2024-02-17,40.0,840.0
Uttar Pradesh,Achalda APMC,Potato,2024-02-19,30.0,900.0
Uttar Pradesh,Achalda APMC,Potato,2024-02-20,30.0,900.0
Uttar Pradesh,Achalda APMC,Potato,2024-02-21,20.0,900.0
Uttar Pradesh,Achalda APMC,Potato,2024-02-22,20.0,920.0
Uttar Pradesh,Achalda APMC,Potato,2024-02-23,20.0,920.0
Uttar Pradesh,Achalda APMC,Potato,2024-02-24,14.0,930.0
Uttar Pradesh,Achalda APMC,Potato,2024-02-26,30.0,930.0
Uttar Pradesh,Achalda APMC,Potato,2024-02-27,20.0,1010.0
Uttar Pradesh,Achalda APMC,Potato,2024-02-28,20.0,1020.0
Uttar Pradesh,Achalda APMC,Potato,2024-02-29,30.0,1025.0
Uttar Pradesh,Achalda APMC,Potato,2024-03-01,20.0,1020.0
Uttar Pradesh,Achalda APMC,Potato,2024-03-02,20.0,1025.0
Uttar Pradesh,Achalda APMC,Potato,2024-03-04,22.0,1060.0
Uttar Pradesh,Achalda APMC,Potato,2024-03-05,20.0,1060.0
Uttar Pradesh,Achalda APMC,Potato,2024-03-06,20.0,1060.0
Uttar Pradesh,Achalda APMC,Potato,2024-03-07,15.0,1070.0
Uttar Pradesh,Achalda APMC,Potato,2024-03-08,16.0,1080.0
Uttar Pradesh,Achalda APMC,Potato,2024-03-09,12.0,1070.0
Uttar Pradesh,Achalda APMC,Potato,2024-03-12,14.0,1080.0
Uttar Pradesh,Achalda APMC,Potato,2024-03-13,20.0,1080.0
Uttar Pradesh,Achalda APMC,Potato,2024-03-14,20.0,1200.0
Uttar Pradesh,Achalda APMC,Potato,2024-03-15,20.0,1350.0
Uttar Pradesh,Achalda APMC,Potato,2024-03-16,20.0,1300.0
Uttar Pradesh,Achalda APMC,Potato,2024-03-18,12.0,1400.0
Uttar Pradesh,Achalda APMC,Potato,2024-03-19,22.0,1390.0
Uttar Pradesh,Achalda APMC,Potato,2024-03-20,20.0,1370.0
Uttar Pradesh,Achalda APMC,Potato,2024-03-21,12.0,1390.0
Uttar Pradesh,Achalda APMC,Potato,2024-03-22,20.0,1360.0
Uttar Pradesh,Achalda APMC,Potato,2024-03-23,20.0,1360.0
Uttar Pradesh,Achalda APMC,Potato,2024-03-25,15.0,1370.0
Uttar Pradesh,Achalda APMC,Potato,2024-03-26,12.0,1370.0
Uttar Pradesh,Achalda APMC,Potato,2024-03-27,10.0,1380.0
Uttar Pradesh,Achalda APMC,Potato,2024-03-28,10.0,1380.0
Uttar Pradesh,Achalda APMC,Potato,2024-03-29,20.0,1390.0
Uttar Pradesh,Achalda APMC,Potato,2024-03-30,10.0,1390.0
Uttar Pradesh,Achalda APMC,Rice,2024-01-01,22.0,2550.0
Uttar Pradesh,Achalda APMC,Rice,2024-01-02,20.0,2700.0
Uttar Pradesh,Achalda APMC,Rice,2024-01-03,5.0,2680.0
Uttar Pradesh,Achalda APMC,Rice,2024-01-04,10.0,2700.0
Uttar Pradesh,Achalda APMC,Rice,2024-01-05,20.0,2690.0
Uttar Pradesh,Achalda APMC,Rice,2024-01-06,20.0,2680.0
Uttar Pradesh,Achalda APMC,Rice,2024-01-08,28.0,2670.0
Uttar Pradesh,Achalda APMC,Rice,2024-01-09,30.0,2500.0
Uttar Pradesh,Achalda APMC,Rice,2024-01-10,35.0,2700.0
Uttar Pradesh,Achalda APMC,Rice,2024-01-11,80.0,2700.0
Uttar Pradesh,Achalda APMC,Rice,2024-01-12,150.0,2700.0
Uttar Pradesh,Achalda APMC,Rice,2024-01-13,20.0,2680.0
Uttar Pradesh,Achalda APMC,Rice,2024-01-15,50.0,2670.0
Uttar Pradesh,Achalda APMC,Rice,2024-01-16,35.0,2700.0
Uttar Pradesh,Achalda APMC,Rice,2024-01-17,40.0,2700.0
Uttar Pradesh,Achalda APMC,Rice,2024-01-18,50.0,2700.0
Uttar Pradesh,Achalda APMC,Rice,2024-01-19,22.0,2700.0
Uttar Pradesh,Achalda APMC,Rice,2024-01-20,40.0,2700.0
Uttar Pradesh,Achalda APMC,Rice,2024-01-22,30.0,2700.0
Uttar Pradesh,Achalda APMC,Rice,2024-01-23,30.0,2700.0
Uttar Pradesh,Achalda APMC,Rice,2024-01-24,25.0,2800.0
Uttar Pradesh,Achalda APMC,Rice,2024-01-25,50.0,2800.0
Uttar Pradesh,Achalda APMC,Rice,2024-01-26,20.0,2800.0
Uttar Pradesh,Achalda APMC,Rice,2024-01-27,20.0,2750.0
Uttar Pradesh,Achalda APMC,Rice,2024-01-30,30.0,2800.0
Uttar Pradesh,Achalda APMC,Rice,2024-01-31,20.0,2800.0
Uttar Pradesh,Achalda APMC,Rice,2024-02-01,20.0,2850.0
Uttar Pradesh,Achalda APMC,Rice,2024-02-02,20.0,2820.0
Uttar Pradesh,Achalda APMC,Rice,2024-02-03,20.0,2850.0
Uttar Pradesh,Achalda APMC,Rice,2024-02-05,20.0,2840.0
Uttar Pradesh,Achalda APMC,Rice,2024-02-06,40.0,2900.0
Uttar Pradesh,Achalda APMC,Rice,2024-02-08,15.0,2900.0
Uttar Pradesh,Achalda APMC,Rice,2024-02-09,12.0,2900.0
Uttar Pradesh,Achalda APMC,Rice,2024-02-10,10.0,2950.0
Uttar Pradesh,Achalda APMC,Rice,2024-02-12,12.0,2900.0
Uttar Pradesh,Achalda APMC,Rice,2024-02-13,20.0,2950.0
Uttar Pradesh,Achalda APMC,Rice,2024-02-14,10.0,2900.0
Uttar Pradesh,Achalda APMC,Rice,2024-02-15,12.0,2900.0
Uttar Pradesh,Achalda APMC,Rice,2024-02-16,12.0,2900.0
Uttar Pradesh,Achalda APMC,Rice,2024-02-17,20.0,2950.0
Uttar Pradesh,Achalda APMC,Rice,2024-02-19,10.0,2970.0
Uttar Pradesh,Achalda APMC,Rice,2024-02-20,12.0,2900.0
Uttar Pradesh,Achalda APMC,Rice,2024-02-21,15.0,2950.0
Uttar Pradesh,Achalda APMC,Rice,2024-02-22,12.0,2950.0
Uttar Pradesh,Achalda APMC,Rice,2024-02-23,10.0,2950.0
Uttar Pradesh,Achalda APMC,Rice,2024-02-24,12.0,2950.0
Uttar Pradesh,Achalda APMC,Rice,2024-02-26,12.0,2900.0
Uttar Pradesh,Achalda APMC,Rice,2024-02-27,12.0,2950.0
Uttar Pradesh,Achalda APMC,Rice,2024-02-28,15.0,3000.0
Uttar Pradesh,Achalda APMC,Rice,2024-02-29,16.0,3000.0
Uttar Pradesh,Achalda APMC,Rice,2024-03-01,12.0,3000.0
Uttar Pradesh,Achalda APMC,Rice,2024-03-02,30.0,3000.0
Uttar Pradesh,Achalda APMC,Rice,2024-03-04,20.0,3000.0
Uttar Pradesh,Achalda APMC,Rice,2024-03-05,10.0,3000.0
Uttar Pradesh,Achalda APMC,Rice,2024-03-06,10.0,3000.0
Uttar Pradesh,Achalda APMC,Rice,2024-03-07,10.0,3000.0
Uttar Pradesh,Achalda APMC,Rice,2024-03-08,9.0,3000.0
Uttar Pradesh,Achalda APMC,Rice,2024-03-09,10.0,3000.0
Uttar Pradesh,Achalda APMC,Rice,2024-03-12,20.0,3000.0
Uttar Pradesh,Achalda APMC,Rice,2024-03-13,20.0,3000.0
Uttar Pradesh,Achalda APMC,Rice,2024-03-14,20.0,2900.0
Uttar Pradesh,Achalda APMC,Rice,2024-03-15,20.0,2900.0
Uttar Pradesh,Achalda APMC,Rice,2024-03-16,20.0,2950.0
Uttar Pradesh,Achalda APMC,Rice,2024-03-18,12.0,2950.0
Uttar Pradesh,Achalda APMC,Rice,2024-03-19,13.0,2940.0
Uttar Pradesh,Achalda APMC,Rice,2024-03-20,15.0,2950.0
Uttar Pradesh,Achalda APMC,Rice,2024-03-21,16.0,2960.0
Uttar Pradesh,Achalda APMC,Rice,2024-03-22,20.0,2950.0
Uttar Pradesh,Achalda APMC,Rice,2024-03-23,12.0,2900.0
Uttar Pradesh,Achalda APMC,Rice,2024-03-25,10.0,2950.0
Uttar Pradesh,Achalda APMC,Rice,2024-03-26,12.0,2950.0
Uttar Pradesh,Achalda APMC,Rice,2024-03-27,12.0,2900.0
Uttar Pradesh,Achalda APMC,Rice,2024-03-28,10.0,2950.0
Uttar Pradesh,Achalda APMC,Rice,2024-03-29,12.0,2960.0
Uttar Pradesh,Achalda APMC,Rice,2024-03-30,10.0,2960.0
Uttar Pradesh,Achalda APMC,Wheat,2024-01-01,80.0,2480.0
Uttar Pradesh,Achalda APMC,Wheat,2024-01-02,70.0,2480.0
Uttar Pradesh,Achalda APMC,Wheat,2024-01-03,8.0,2480.0
Uttar Pradesh,Achalda APMC,Wheat,2024-01-04,30.0,2500.0
Uttar Pradesh,Achalda APMC,Wheat,2024-01-05,50.0,2500.0
Uttar Pradesh,Achalda APMC,Wheat,2024-01-06,70.0,2470.0
Uttar Pradesh,Achalda APMC,Wheat,2024-01-08,70.0,2470.0
Uttar Pradesh,Achalda APMC,Wheat,2024-01-09,30.0,2500.0
Uttar Pradesh,Achalda APMC,Wheat,2024-01-10,80.0,2480.0
Uttar Pradesh,Achalda APMC,Wheat,2024-01-11,100.0,2500.0
Uttar Pradesh,Achalda APMC,Wheat,2024-01-12,172.0,2500.0
Uttar Pradesh,Achalda APMC,Wheat,2024-01-13,50.0,2500.0
Uttar Pradesh,Achalda APMC,Wheat,2024-01-15,40.0,2500.0
Uttar Pradesh,Achalda APMC,Wheat,2024-01-16,50.0,2500.0
Uttar Pradesh,Achalda APMC,Wheat,2024-01-17,55.0,2500.0
Uttar Pradesh,Achalda APMC,Wheat,2024-01-18,50.0,2500.0
Uttar Pradesh,Achalda APMC,Wheat,2024-01-19,40.0,2500.0
Uttar Pradesh,Achalda APMC,Wheat,2024-01-20,70.0,2480.0
Uttar Pradesh,Achalda APMC,Wheat,2024-01-22,70.0,2490.0
Uttar Pradesh,Achalda APMC,Wheat,2024-01-23,90.0,2490.0
Uttar Pradesh,Achalda APMC,Wheat,2024-01-24,80.0,2500.0
Uttar Pradesh,Achalda APMC,Wheat,2024-01-26,50.0,2550.0
Uttar Pradesh,Achalda APMC,Wheat,2024-01-27,45.0,2540.0
Uttar Pradesh,Achalda APMC,Wheat,2024-01-30,30.0,2530.0
Uttar Pradesh,Achalda APMC,Wheat,2024-01-31,40.0,2570.0
Uttar Pradesh,Achalda APMC,Wheat,2024-02-01,30.0,2520.0
Uttar Pradesh,Achalda APMC,Wheat,2024-02-02,25.0,2520.0
Uttar Pradesh,Achalda APMC,Wheat,2024-02-03,25.0,2500.0
Uttar Pradesh,Achalda APMC,Wheat,2024-02-05,40.0,2540.0
Uttar Pradesh,Achalda APMC,Wheat,2024-02-06,40.0,2530.0
Uttar Pradesh,Achalda APMC,Wheat,2024-02-08,22.0,2500.0
Uttar Pradesh,Achalda APMC,Wheat,2024-02-09,20.0,2500.0
Uttar Pradesh,Achalda APMC,Wheat,2024-02-10,30.0,2500.0
Uttar Pradesh,Achalda APMC,Wheat,2024-02-12,20.0,2500.0
Uttar Pradesh,Achalda APMC,Wheat,2024-02-13,40.0,2500.0
Uttar Pradesh,Achalda APMC,Wheat,2024-02-14,20.0,2500.0
Uttar Pradesh,Achalda APMC,Wheat,2024-02-15,12.0,2500.0
Uttar Pradesh,Achalda APMC,Wheat,2024-02-16,12.0,2500.0
Uttar Pradesh,Achalda APMC,Wheat,2024-02-17,20.0,2440.0
Uttar Pradesh,Achalda APMC,Wheat,2024-02-19,12.0,2450.0
Uttar Pradesh,Achalda APMC,Wheat,2024-02-20,15.0,2450.0
Uttar Pradesh,Achalda APMC,Wheat,2024-02-21,5.0,2410.0
Uttar Pradesh,Achalda APMC,Wheat,2024-02-22,10.0,2420.0
Uttar Pradesh,Achalda APMC,Wheat,2024-02-23,12.0,2420.0
Uttar Pradesh,Achalda APMC,Wheat,2024-02-24,12.0,2400.0
Uttar Pradesh,Achalda APMC,Wheat,2024-02-26,10.0,2400.0
Uttar Pradesh,Achalda APMC,Wheat,2024-02-27,10.0,2410.0
Uttar Pradesh,Achalda APMC,Wheat,2024-02-28,12.0,2430.0
Uttar Pradesh,Achalda APMC,Wheat,2024-02-29,10.0,2430.0
Uttar Pradesh,Achalda APMC,Wheat,2024-03-01,100.0,2430.0
Uttar Pradesh,Achalda APMC,Wheat,2024-03-02,20.0,2420.0
Uttar Pradesh,Achalda APMC,Wheat,2024-03-04,10.0,2430.0
Uttar Pradesh,Achalda APMC,Wheat,2024-03-05,12.0,2450.0
Uttar Pradesh,Achalda APMC,Wheat,2024-03-06,12.0,2450.0
Uttar Pradesh,Achalda APMC,Wheat,2024-03-07,12.0,2500.0
Uttar Pradesh,Achalda APMC,Wheat,2024-03-08,10.0,2500.0
Uttar Pradesh,Achalda APMC,Wheat,2024-03-09,10.0,2500.0
Uttar Pradesh,Achalda APMC,Wheat,2024-03-12,22.0,2450.0
Uttar Pradesh,Achalda APMC,Wheat,2024-03-14,20.0,2460.0
Uttar Pradesh,Achalda APMC,Wheat,2024-03-15,20.5,2470.0
Uttar Pradesh,Achalda APMC,Wheat,2024-03-16,15.0,2450.0
Uttar Pradesh,Achalda APMC,Wheat,2024-03-18,6.0,2460.0
Uttar Pradesh,Achalda APMC,Wheat,2024-03-19,7.0,2460.0
Uttar Pradesh,Achalda APMC,Wheat,2024-03-20,10.0,2450.0
Uttar Pradesh,Achalda APMC,Wheat,2024-03-21,12.0,2470.0
Uttar Pradesh,Achalda APMC,Wheat,2024-03-22,20.0,2470.0
Uttar Pradesh,Achalda APMC,Wheat,2024-03-23,10.0,2460.0
Uttar Pradesh,Achalda APMC,Wheat,2024-03-25,5.0,2450.0
Uttar Pradesh,Achalda APMC,Wheat,2024-03-26,6.0,2460.0
Uttar Pradesh,Achalda APMC,Wheat,2024-03-27,15.0,2450.0
Uttar Pradesh,Achalda APMC,Wheat,2024-03-28,10.0,2470.0
Uttar Pradesh,Achalda APMC,Wheat,2024-03-29,8.0,2460.0
Uttar Pradesh,Achalda APMC,Wheat,2024-03-30,12.0,2450.0
Uttar Pradesh,Auraiya APMC,Onion,2024-01-01,3.5,1850.0
Uttar Pradesh,Auraiya APMC,Onion,2024-01-02,3.2,1900.0
Uttar Pradesh,Auraiya APMC,Onion,2024-01-03,1.0,2000.0
Uttar Pradesh,Auraiya APMC,Onion,2024-01-04,6.0,1900.0
Uttar Pradesh,Auraiya APMC,Onion,2024-01-05,18.0,1800.0
Uttar Pradesh,Auraiya APMC,Onion,2024-01-06,9.0,1810.0
Uttar Pradesh,Auraiya APMC,Onion,2024-01-08,7.5,1850.0
Uttar Pradesh,Auraiya APMC,Onion,2024-01-09,8.5,1850.0
Uttar Pradesh,Auraiya APMC,Onion,2024-01-10,7.0,1880.0
Uttar Pradesh,Auraiya APMC,Onion,2024-01-11,8.5,1860.0
Uttar Pradesh,Auraiya APMC,Onion,2024-01-12,12.0,1800.0
Uttar Pradesh,Auraiya APMC,Onion,2024-01-13,7.5,1850.0
Uttar Pradesh,Auraiya APMC,Onion,2024-01-15,9.0,1870.0
Uttar Pradesh,Auraiya APMC,Onion,2024-01-16,8.0,2000.0
Uttar Pradesh,Auraiya APMC,Onion,2024-01-17,5.5,2050.0
Uttar Pradesh,Auraiya APMC,Onion,2024-01-18,4.5,2050.0
Uttar Pradesh,Auraiya APMC,Onion,2024-01-19,5.0,2050.0
Uttar Pradesh,Auraiya APMC,Onion,2024-01-20,7.0,2070.0
Uttar Pradesh,Auraiya APMC,Onion,2024-01-22,7.0,1950.0
Uttar Pradesh,Auraiya APMC,Onion,2024-01-23,6.5,2000.0
Uttar Pradesh,Auraiya APMC,Onion,2024-01-24,12.0,1900.0
Uttar Pradesh,Auraiya APMC,Onion,2024-01-25,6.0,1800.0
Uttar Pradesh,Auraiya APMC,Onion,2024-01-26,6.5,1850.0
Uttar Pradesh,Auraiya APMC,Onion,2024-01-27,7.0,1850.0
Uttar Pradesh,Auraiya APMC,Onion,2024-01-29,12.0,1800.0
Uttar Pradesh,Auraiya APMC,Onion,2024-01-30,20.0,1650.0
Uttar Pradesh,Auraiya APMC,Onion,2024-01-31,6.0,1650.0
Uttar Pradesh,Auraiya APMC,Onion,2024-02-01,8.0,1500.0
Uttar Pradesh,Auraiya APMC,Onion,2024-02-02,4.5,1520.0
Uttar Pradesh,Auraiya APMC,Onion,2024-02-03,12.0,1500.0
Uttar Pradesh,Auraiya APMC,Onion,2024-02-05,6.0,1520.0
Uttar Pradesh,Auraiya APMC,Onion,2024-02-06,9.0,1425.0
Uttar Pradesh,Auraiya APMC,Onion,2024-02-07,9.5,1420.0
Uttar Pradesh,Auraiya APMC,Onion,2024-02-08,9.0,1400.0
Uttar Pradesh,Auraiya APMC,Onion,2024-02-09,8.5,1410.0
Uttar Pradesh,Auraiya APMC,Onion,2024-02-10,7.0,1420.0
Uttar Pradesh,Auraiya APMC,Onion,2024-02-12,10.0,1370.0
Uttar Pradesh,Auraiya APMC,Onion,2024-02-13,9.0,1400.0
Uttar Pradesh,Auraiya APMC,Onion,2024-02-14,11.0,1340.0
Uttar Pradesh,Auraiya APMC,Onion,2024-02-15,9.0,1500.0
Uttar Pradesh,Auraiya APMC,Onion,2024-02-16,7.5,1520.0
Uttar Pradesh,Auraiya APMC,Onion,2024-02-17,7.0,1510.0
Uttar Pradesh,Auraiya APMC,Onion,2024-02-19,7.0,1520.0
Uttar Pradesh,Auraiya APMC,Onion,2024-02-20,6.0,1550.0
Uttar Pradesh,Auraiya APMC,Onion,2024-02-21,5.5,1700.0
Uttar Pradesh,Auraiya APMC,Onion,2024-02-22,7.0,1680.0
Uttar Pradesh,Auraiya APMC,Onion,2024-02-23,8.5,1520.0
Uttar Pradesh,Auraiya APMC,Onion,2024-02-24,9.5,1510.0
Uttar Pradesh,Auraiya APMC,Onion,2024-02-26,6.0,1700.0
Uttar Pradesh,Auraiya APMC,Onion,2024-02-27,7.0,1680.0
Uttar Pradesh,Auraiya APMC,Onion,2024-02-28,7.5,1640.0
Uttar Pradesh,Auraiya APMC,Onion,2024-02-29,8.0,1630.0
Uttar Pradesh,Auraiya APMC,Onion,2024-03-01,7.0,1640.0
Uttar Pradesh,Auraiya APMC,Onion,2024-03-02,6.0,1640.0
Uttar Pradesh,Auraiya APMC,Onion,2024-03-04,6.5,1650.0
Uttar Pradesh,Auraiya APMC,Onion,2024-03-05,6.0,1800.0
Uttar Pradesh,Auraiya APMC,Onion,2024-03-06,5.5,2000.0
Uttar Pradesh,Auraiya APMC,Onion,2024-03-07,11.0,2000.0
Uttar Pradesh,Auraiya APMC,Onion,2024-03-08,7.5,2010.0
Uttar Pradesh,Auraiya APMC,Onion,2024-03-09,9.0,1860.0
Uttar Pradesh,Auraiya APMC,Onion,2024-03-11,6.0,2020.0
Uttar Pradesh,Auraiya APMC,Onion,2024-03-12,7.0,2010.0
Uttar Pradesh,Auraiya APMC,Onion,2024-03-13,6.5,2015.0
Uttar Pradesh,Auraiya APMC,Onion,2024-03-14,8.0,2000.0
Uttar Pradesh,Auraiya APMC,Onion,2024-03-15,19.0,2000.0
Uttar Pradesh,Auraiya APMC,Onion,2024-03-16,9.0,2010.0
Uttar Pradesh,Auraiya APMC,Onion,2024-03-18,9.5,1950.0
Uttar Pradesh,Auraiya APMC,Onion,2024-03-19,11.0,1950.0
Uttar Pradesh,Auraiya APMC,Onion,2024-03-20,9.5,2000.0
Uttar Pradesh,Auraiya APMC,Onion,2024-03-21,13.0,1800.0
Uttar Pradesh,Auraiya APMC,Onion,2024-03-22,11.0,1800.0
Uttar Pradesh,Auraiya APMC,Onion,2024-03-23,12.0,1700.0
Uttar Pradesh,Auraiya APMC,Onion,2024-03-25,8.0,1750.0
Uttar Pradesh,Auraiya APMC,Onion,2024-03-26,2.5,1760.0
Uttar Pradesh,Auraiya APMC,Onion,2024-03-27,7.0,1750.0
Uttar Pradesh,Auraiya APMC,Onion,2024-03-28,9.0,1700.0
Uttar Pradesh,Auraiya APMC,Onion,2024-03-29,8.5,1750.0
Uttar Pradesh,Auraiya APMC,Onion,2024-03-30,7.0,1750.0
Uttar Pradesh,Auraiya APMC,Potato,2024-01-01,60.0,760.0
Uttar Pradesh,Auraiya APMC,Potato,2024-01-02,55.0,760.0
Uttar Pradesh,Auraiya APMC,Potato,2024-01-03,38.0,770.0
Uttar Pradesh,Auraiya APMC,Potato,2024-01-04,70.0,800.0
Uttar Pradesh,Auraiya APMC,Potato,2024-01-05,155.0,800.0
Uttar Pradesh,Auraiya APMC,Potato,2024-01-06,120.0,750.0
Uttar Pradesh,Auraiya APMC,Potato,2024-01-08,110.0,740.0
Uttar Pradesh,Auraiya APMC,Potato,2024-01-09,105.0,750.0
Uttar Pradesh,Auraiya APMC,Potato,2024-01-10,70.0,760.0
Uttar Pradesh,Auraiya APMC,Potato,2024-01-11,85.0,760.0
Uttar Pradesh,Auraiya APMC,Potato,2024-01-12,110.0,700.0
Uttar Pradesh,Auraiya APMC,Potato,2024-01-13,90.0,710.0
Uttar Pradesh,Auraiya APMC,Potato,2024-01-15,88.0,720.0
Uttar Pradesh,Auraiya APMC,Potato,2024-01-16,120.0,720.0
Uttar Pradesh,Auraiya APMC,Potato,2024-01-17,100.0,750.0
Uttar Pradesh,Auraiya APMC,Potato,2024-01-18,70.0,750.0
Uttar Pradesh,Auraiya APMC,Potato,2024-01-19,80.0,760.0
Uttar Pradesh,Auraiya APMC,Potato,2024-01-20,85.0,750.0
Uttar Pradesh,Auraiya APMC,Potato,2024-01-22,65.0,730.0
Uttar Pradesh,Auraiya APMC,Potato,2024-01-23,110.0,730.0
Uttar Pradesh,Auraiya APMC,Potato,2024-01-24,85.0,730.0
Uttar Pradesh,Auraiya APMC,Potato,2024-01-25,90.0,725.0
Uttar Pradesh,Auraiya APMC,Potato,2024-01-26,87.0,725.0
Uttar Pradesh,Auraiya APMC,Potato,2024-01-27,70.0,730.0
Uttar Pradesh,Auraiya APMC,Potato,2024-01-29,65.0,710.0
Uttar Pradesh,Auraiya APMC,Potato,2024-01-30,165.0,700.0
Uttar Pradesh,Auraiya APMC,Potato,2024-01-31,120.0,700.0
Uttar Pradesh,Auraiya APMC,Potato,2024-02-01,90.0,710.0
Uttar Pradesh,Auraiya APMC,Potato,2024-02-02,50.0,715.0
Uttar Pradesh,Auraiya APMC,Potato,2024-02-03,120.0,700.0
Uttar Pradesh,Auraiya APMC,Potato,2024-02-05,80.0,710.0
Uttar Pradesh,Auraiya APMC,Potato,2024-02-06,90.0,700.0
Uttar Pradesh,Auraiya APMC,Potato,2024-02-07,100.0,700.0
Uttar Pradesh,Auraiya APMC,Potato,2024-02-08,80.0,710.0
Uttar Pradesh,Auraiya APMC,Potato,2024-02-09,90.0,700.0
Uttar Pradesh,Auraiya APMC,Potato,2024-02-10,95.0,700.0
Uttar Pradesh,Auraiya APMC,Potato,2024-02-12,110.0,700.0
Uttar Pradesh,Auraiya APMC,Potato,2024-02-13,95.0,710.0
Uttar Pradesh,Auraiya APMC,Potato,2024-02-14,80.0,710.0
Uttar Pradesh,Auraiya APMC,Potato,2024-02-15,75.0,760.0
Uttar Pradesh,Auraiya APMC,Potato,2024-02-16,80.0,820.0
Uttar Pradesh,Auraiya APMC,Potato,2024-02-17,85.0,830.0
Uttar Pradesh,Auraiya APMC,Potato,2024-02-19,78.0,900.0
Uttar Pradesh,Auraiya APMC,Potato,2024-02-20,135.0,900.0
Uttar Pradesh,Auraiya APMC,Potato,2024-02-21,90.0,950.0
Uttar Pradesh,Auraiya APMC,Potato,2024-02-22,100.0,920.0
Uttar Pradesh,Auraiya APMC,Potato,2024-02-23,90.0,920.0
Uttar Pradesh,Auraiya APMC,Potato,2024-02-24,85.0,950.0
Uttar Pradesh,Auraiya APMC,Potato,2024-02-26,70.0,1020.0
Uttar Pradesh,Auraiya APMC,Potato,2024-02-27,95.0,1020.0
Uttar Pradesh,Auraiya APMC,Potato,2024-02-28,80.0,1025.0
Uttar Pradesh,Auraiya APMC,Potato,2024-02-29,85.0,1020.0
Uttar Pradesh,Auraiya APMC,Potato,2024-03-01,84.0,1025.0
Uttar Pradesh,Auraiya APMC,Potato,2024-03-02,60.0,1050.0
Uttar Pradesh,Auraiya APMC,Potato,2024-03-04,50.0,1060.0
Uttar Pradesh,Auraiya APMC,Potato,2024-03-05,72.0,1060.0
Uttar Pradesh,Auraiya APMC,Potato,2024-03-06,95.0,1070.0
Uttar Pradesh,Auraiya APMC,Potato,2024-03-07,75.0,1075.0
Uttar Pradesh,Auraiya APMC,Potato,2024-03-08,70.0,1075.0
Uttar Pradesh,Auraiya APMC,Potato,2024-03-09,90.0,1060.0
Uttar Pradesh,Auraiya APMC,Potato,2024-03-11,72.0,1080.0
Uttar Pradesh,Auraiya APMC,Potato,2024-03-12,95.0,1080.0
Uttar Pradesh,Auraiya APMC,Potato,2024-03-13,85.0,1200.0
Uttar Pradesh,Auraiya APMC,Potato,2024-03-14,60.0,1350.0
Uttar Pradesh,Auraiya APMC,Potato,2024-03-15,88.0,1300.0
Uttar Pradesh,Auraiya APMC,Potato,2024-03-16,85.0,1330.0
Uttar Pradesh,Auraiya APMC,Potato,2024-03-18,72.0,1370.0
Uttar Pradesh,Auraiya APMC,Potato,2024-03-19,83.0,1370.0
Uttar Pradesh,Auraiya APMC,Potato,2024-03-20,70.0,1390.0
Uttar Pradesh,Auraiya APMC,Potato,2024-03-21,80.0,1360.0
Uttar Pradesh,Auraiya APMC,Potato,2024-03-22,95.0,1360.0
Uttar Pradesh,Auraiya APMC,Potato,2024-03-23,80.0,1370.0
Uttar Pradesh,Auraiya APMC,Potato,2024-03-25,50.0,1380.0
Uttar Pradesh,Auraiya APMC,Potato,2024-03-26,15.0,1380.0
Uttar Pradesh,Auraiya APMC,Potato,2024-03-27,45.0,1380.0
Uttar Pradesh,Auraiya APMC,Potato,2024-03-28,60.0,1400.0
Uttar Pradesh,Auraiya APMC,Potato,2024-03-29,110.0,1400.0
Uttar Pradesh,Auraiya APMC,Potato,2024-03-30,85.0,1390.0
Uttar Pradesh,Auraiya APMC,Rice,2024-01-01,35.0,2700.0
Uttar Pradesh,Auraiya APMC,Rice,2024-01-02,30.0,2700.0
Uttar Pradesh,Auraiya APMC,Rice,2024-01-03,9.0,2700.0
Uttar Pradesh,Auraiya APMC,Rice,2024-01-04,11.0,2680.0
Uttar Pradesh,Auraiya APMC,Rice,2024-01-05,17.0,2680.0
Uttar Pradesh,Auraiya APMC,Rice,2024-01-06,30.0,2700.0
Uttar Pradesh,Auraiya APMC,Rice,2024-01-08,40.0,2700.0
Uttar Pradesh,Auraiya APMC,Rice,2024-01-09,35.0,2710.0
Uttar Pradesh,Auraiya APMC,Rice,2024-01-10,40.0,2700.0
Uttar Pradesh,Auraiya APMC,Rice,2024-01-11,35.0,2710.0
Uttar Pradesh,Auraiya APMC,Rice,2024-01-12,25.0,2710.0
Uttar Pradesh,Auraiya APMC,Rice,2024-01-13,30.0,2700.0
Uttar Pradesh,Auraiya APMC,Rice,2024-01-15,25.0,2710.0
Uttar Pradesh,Auraiya APMC,Rice,2024-01-16,22.0,2710.0
Uttar Pradesh,Auraiya APMC,Rice,2024-01-17,20.0,2720.0
Uttar Pradesh,Auraiya APMC,Rice,2024-01-18,13.0,2725.0
Uttar Pradesh,Auraiya APMC,Rice,2024-01-19,25.0,2720.0
Uttar Pradesh,Auraiya APMC,Rice,2024-01-20,23.0,2800.0
Uttar Pradesh,Auraiya APMC,Rice,2024-01-22,55.0,2800.0
Uttar Pradesh,Auraiya APMC,Rice,2024-01-23,11.0,2810.0
Uttar Pradesh,Auraiya APMC,Rice,2024-01-24,12.5,2800.0
Uttar Pradesh,Auraiya APMC,Rice,2024-01-25,30.0,2800.0
Uttar Pradesh,Auraiya APMC,Rice,2024-01-26,60.0,2820.0
Uttar Pradesh,Auraiya APMC,Rice,2024-01-27,40.0,2825.0
Uttar Pradesh,Auraiya APMC,Rice,2024-01-29,50.0,2820.0
Uttar Pradesh,Auraiya APMC,Rice,2024-01-30,30.0,2830.0
Uttar Pradesh,Auraiya APMC,Rice,2024-01-31,25.0,2850.0
Uttar Pradesh,Auraiya APMC,Rice,2024-02-01,55.0,2840.0
Uttar Pradesh,Auraiya APMC,Rice,2024-02-02,35.0,2850.0
Uttar Pradesh,Auraiya APMC,Rice,2024-02-03,30.0,2900.0
Uttar Pradesh,Auraiya APMC,Rice,2024-02-05,25.0,2900.0
Uttar Pradesh,Auraiya APMC,Rice,2024-02-06,20.0,2900.0
Uttar Pradesh,Auraiya APMC,Rice,2024-02-07,18.0,2900.0
Uttar Pradesh,Auraiya APMC,Rice,2024-02-08,20.0,2950.0
Uttar Pradesh,Auraiya APMC,Rice,2024-02-09,30.0,2950.0
Uttar Pradesh,Auraiya APMC,Rice,2024-02-10,35.0,2940.0
Uttar Pradesh,Auraiya APMC,Rice,2024-02-12,23.0,2950.0
Uttar Pradesh,Auraiya APMC,Rice,2024-02-13,20.0,2960.0
Uttar Pradesh,Auraiya APMC,Rice,2024-02-14,18.0,2980.0
Uttar Pradesh,Auraiya APMC,Rice,2024-02-15,25.0,2970.0
Uttar Pradesh,Auraiya APMC,Rice,2024-02-16,15.0,2970.0
Uttar Pradesh,Auraiya APMC,Rice,2024-02-17,14.0,2980.0
Uttar Pradesh,Auraiya APMC,Rice,2024-02-19,17.0,2970.0
Uttar Pradesh,Auraiya APMC,Rice,2024-02-20,30.0,2960.0
Uttar Pradesh,Auraiya APMC,Rice,2024-02-21,30.0,3000.0
Uttar Pradesh,Auraiya APMC,Rice,2024-02-22,26.0,3000.0
Uttar Pradesh,Auraiya APMC,Rice,2024-02-23,25.0,3000.0
Uttar Pradesh,Auraiya APMC,Rice,2024-02-24,32.0,3010.0
Uttar Pradesh,Auraiya APMC,Rice,2024-02-26,80.0,3000.0
Uttar Pradesh,Auraiya APMC,Rice,2024-02-27,25.0,3000.0
Uttar Pradesh,Auraiya APMC,Rice,2024-02-28,35.0,3010.0
Uttar Pradesh,Auraiya APMC,Rice,2024-02-29,40.0,3000.0
Uttar Pradesh,Auraiya APMC,Rice,2024-03-01,35.0,3010.0
Uttar Pradesh,Auraiya APMC,Rice,2024-03-02,25.0,3010.0
Uttar Pradesh,Auraiya APMC,Rice,2024-03-04,28.0,3000.0
Uttar Pradesh,Auraiya APMC,Rice,2024-03-05,25.0,3000.0
Uttar Pradesh,Auraiya APMC,Rice,2024-03-06,20.0,3000.0
Uttar Pradesh,Auraiya APMC,Rice,2024-03-07,23.0,3020.0
Uttar Pradesh,Auraiya APMC,Rice,2024-03-08,15.0,3020.0
Uttar Pradesh,Auraiya APMC,Rice,2024-03-09,20.0,2980.0
Uttar Pradesh,Auraiya APMC,Rice,2024-03-11,18.0,3000.0
Uttar Pradesh,Auraiya APMC,Rice,2024-03-12,25.0,2990.0
Uttar Pradesh,Auraiya APMC,Rice,2024-03-13,24.0,3000.0
Uttar Pradesh,Auraiya APMC,Rice,2024-03-14,28.0,2900.0
Uttar Pradesh,Auraiya APMC,Rice,2024-03-15,40.0,2950.0
Uttar Pradesh,Auraiya APMC,Rice,2024-03-16,23.0,2960.0
Uttar Pradesh,Auraiya APMC,Rice,2024-03-18,30.0,2950.0
Uttar Pradesh,Auraiya APMC,Rice,2024-03-19,20.0,3000.0
Uttar Pradesh,Auraiya APMC,Rice,2024-03-20,22.0,3000.0
Uttar Pradesh,Auraiya APMC,Rice,2024-03-21,15.0,3010.0
Uttar Pradesh,Auraiya APMC,Rice,2024-03-22,22.0,2900.0
Uttar Pradesh,Auraiya APMC,Rice,2024-03-23,15.0,2920.0
Uttar Pradesh,Auraiya APMC,Rice,2024-03-26,20.0,2920.0
Uttar Pradesh,Auraiya APMC,Rice,2024-03-27,12.0,2930.0
Uttar Pradesh,Auraiya APMC,Rice,2024-03-28,10.0,2950.0
Uttar Pradesh,Auraiya APMC,Rice,2024-03-29,18.0,2950.0
Uttar Pradesh,Auraiya APMC,Rice,2024-03-30,16.0,2980.0
Uttar Pradesh,Auraiya APMC,Wheat,2024-01-01,45.0,2480.0
Uttar Pradesh,Auraiya APMC,Wheat,2024-01-02,40.0,2490.0
Uttar Pradesh,Auraiya APMC,Wheat,2024-01-03,4.0,2500.0
Uttar Pradesh,Auraiya APMC,Wheat,2024-01-04,6.0,2500.0
Uttar Pradesh,Auraiya APMC,Wheat,2024-01-05,25.0,2470.0
Uttar Pradesh,Auraiya APMC,Wheat,2024-01-06,45.0,2470.0
Uttar Pradesh,Auraiya APMC,Wheat,2024-01-08,35.0,2500.0
Uttar Pradesh,Auraiya APMC,Wheat,2024-01-09,45.0,2490.0
Uttar Pradesh,Auraiya APMC,Wheat,2024-01-10,30.0,2500.0
Uttar Pradesh,Auraiya APMC,Wheat,2024-01-11,45.0,2500.0
Uttar Pradesh,Auraiya APMC,Wheat,2024-01-12,40.0,2510.0
Uttar Pradesh,Auraiya APMC,Wheat,2024-01-13,35.0,2510.0
Uttar Pradesh,Auraiya APMC,Wheat,2024-01-15,45.0,2500.0
Uttar Pradesh,Auraiya APMC,Wheat,2024-01-16,40.0,2500.0
Uttar Pradesh,Auraiya APMC,Wheat,2024-01-17,50.0,2490.0
Uttar Pradesh,Auraiya APMC,Wheat,2024-01-18,35.0,2500.0
Uttar Pradesh,Auraiya APMC,Wheat,2024-01-19,28.0,2480.0
Uttar Pradesh,Auraiya APMC,Wheat,2024-01-20,25.0,2550.0
Uttar Pradesh,Auraiya APMC,Wheat,2024-01-22,45.0,2530.0
Uttar Pradesh,Auraiya APMC,Wheat,2024-01-23,20.0,2530.0
Uttar Pradesh,Auraiya APMC,Wheat,2024-01-24,15.0,2540.0
Uttar Pradesh,Auraiya APMC,Wheat,2024-01-25,25.0,2520.0
Uttar Pradesh,Auraiya APMC,Wheat,2024-01-26,18.0,2520.0
Uttar Pradesh,Auraiya APMC,Wheat,2024-01-27,15.0,2525.0
Uttar Pradesh,Auraiya APMC,Wheat,2024-01-29,12.0,2530.0
Uttar Pradesh,Auraiya APMC,Wheat,2024-01-30,18.0,2540.0
Uttar Pradesh,Auraiya APMC,Wheat,2024-01-31,40.0,2520.0
Uttar Pradesh,Auraiya APMC,Wheat,2024-02-01,50.0,2520.0
Uttar Pradesh,Auraiya APMC,Wheat,2024-02-02,40.0,2525.0
Uttar Pradesh,Auraiya APMC,Wheat,2024-02-03,50.0,2520.0
Uttar Pradesh,Auraiya APMC,Wheat,2024-02-05,30.0,2530.0
Uttar Pradesh,Auraiya APMC,Wheat,2024-02-06,25.0,2530.0
Uttar Pradesh,Auraiya APMC,Wheat,2024-02-07,28.0,2510.0
Uttar Pradesh,Auraiya APMC,Wheat,2024-02-08,30.0,2520.0
Uttar Pradesh,Auraiya APMC,Wheat,2024-02-09,40.0,2510.0
Uttar Pradesh,Auraiya APMC,Wheat,2024-02-10,30.0,2510.0
Uttar Pradesh,Auraiya APMC,Wheat,2024-02-12,35.0,2500.0
Uttar Pradesh,Auraiya APMC,Wheat,2024-02-13,45.0,2500.0
Uttar Pradesh,Auraiya APMC,Wheat,2024-02-14,60.0,2450.0
Uttar Pradesh,Auraiya APMC,Wheat,2024-02-15,30.0,2450.0
Uttar Pradesh,Auraiya APMC,Wheat,2024-02-16,40.0,2440.0
Uttar Pradesh,Auraiya APMC,Wheat,2024-02-17,35.0,2470.0
Uttar Pradesh,Auraiya APMC,Wheat,2024-02-19,38.0,2450.0
Uttar Pradesh,Auraiya APMC,Wheat,2024-02-20,40.0,2420.0
Uttar Pradesh,Auraiya APMC,Wheat,2024-02-21,25.0,2425.0
Uttar Pradesh,Auraiya APMC,Wheat,2024-02-22,17.0,2430.0
Uttar Pradesh,Auraiya APMC,Wheat,2024-02-23,20.0,2420.0
Uttar Pradesh,Auraiya APMC,Wheat,2024-02-24,15.0,2425.0
Uttar Pradesh,Auraiya APMC,Wheat,2024-02-26,25.0,2410.0
Uttar Pradesh,Auraiya APMC,Wheat,2024-02-27,15.0,2430.0
Uttar Pradesh,Auraiya APMC,Wheat,2024-02-28,25.0,2425.0
Uttar Pradesh,Auraiya APMC,Wheat,2024-02-29,15.0,2430.0
Uttar Pradesh,Auraiya APMC,Wheat,2024-03-01,20.0,2420.0
Uttar Pradesh,Auraiya APMC,Wheat,2024-03-02,31.0,2450.0
Uttar Pradesh,Auraiya APMC,Wheat,2024-03-04,30.0,2450.0
Uttar Pradesh,Auraiya APMC,Wheat,2024-03-05,20.0,2500.0
Uttar Pradesh,Auraiya APMC,Wheat,2024-03-06,15.0,2500.0
Uttar Pradesh,Auraiya APMC,Wheat,2024-03-07,18.0,2510.0
Uttar Pradesh,Auraiya APMC,Wheat,2024-03-08,20.0,2450.0
Uttar Pradesh,Auraiya APMC,Wheat,2024-03-09,18.0,2460.0
Uttar Pradesh,Auraiya APMC,Wheat,2024-03-11,20.0,2480.0
Uttar Pradesh,Auraiya APMC,Wheat,2024-03-12,30.0,2470.0
Uttar Pradesh,Auraiya APMC,Wheat,2024-03-13,55.0,2480.0
Uttar Pradesh,Auraiya APMC,Wheat,2024-03-14,30.0,2470.0
Uttar Pradesh,Auraiya APMC,Wheat,2024-03-15,35.0,2450.0
Uttar Pradesh,Auraiya APMC,Wheat,2024-03-16,32.0,2480.0
Uttar Pradesh,Auraiya APMC,Wheat,2024-03-18,25.0,2480.0
Uttar Pradesh,Auraiya APMC,Wheat,2024-03-19,28.0,2470.0
Uttar Pradesh,Auraiya APMC,Wheat,2024-03-20,25.0,2480.0
Uttar Pradesh,Auraiya APMC,Wheat,2024-03-21,28.0,2460.0
Uttar Pradesh,Auraiya APMC,Wheat,2024-03-22,20.0,2470.0
Uttar Pradesh,Auraiya APMC,Wheat,2024-03-23,18.0,2475.0
Uttar Pradesh,Auraiya APMC,Wheat,2024-03-26,10.0,2480.0
Uttar Pradesh,Auraiya APMC,Wheat,2024-03-27,9.0,2480.0
Uttar Pradesh,Auraiya APMC,Wheat,2024-03-28,15.0,2480.0
Uttar Pradesh,Auraiya APMC,Wheat,2024-03-29,25.0,2450.0
Uttar Pradesh,Auraiya APMC,Wheat,2024-03-30,35.0,2400.0
Uttar Pradesh,Bahraich APMC,Onion,2024-01-01,68.0,1950.0
Uttar Pradesh,Bahraich APMC,Onion,2024-01-02,75.0,1940.0
Uttar Pradesh,Bahraich APMC,Onion,2024-01-03,42.0,2200.0
Uttar Pradesh,Bahraich APMC,Onion,2024-01-04,50.0,2215.0
Uttar Pradesh,Bahraich APMC,Onion,2024-01-05,57.0,2180.0
Uttar Pradesh,Bahraich APMC,Onion,2024-01-06,65.0,2150.0
Uttar Pradesh,Bahraich APMC,Onion,2024-01-08,55.0,2120.0
Uttar Pradesh,Bahraich APMC,Onion,2024-01-09,62.0,2025.0
Uttar Pradesh,Bahraich APMC,Onion,2024-01-10,65.0,2000.0
Uttar Pradesh,Bahraich APMC,Onion,2024-01-11,70.0,2010.0
Uttar Pradesh,Bahraich APMC,Onion,2024-01-12,80.0,2000.0
Uttar Pradesh,Bahraich APMC,Onion,2024-01-13,73.0,2050.0
Uttar Pradesh,Bahraich APMC,Onion,2024-01-15,78.0,2030.0
Uttar Pradesh,Bahraich APMC,Onion,2024-01-16,65.5,2045.0
Uttar Pradesh,Bahraich APMC,Onion,2024-01-17,62.0,2035.0
Uttar Pradesh,Bahraich APMC,Onion,2024-01-18,60.0,2055.0
Uttar Pradesh,Bahraich APMC,Onion,2024-01-19,54.0,2055.0
Uttar Pradesh,Bahraich APMC,Onion,2024-01-20,61.0,2065.0
Uttar Pradesh,Bahraich APMC,Onion,2024-01-22,48.5,2100.0
Uttar Pradesh,Bahraich APMC,Onion,2024-01-23,57.5,2100.0
Uttar Pradesh,Bahraich APMC,Onion,2024-01-24,58.0,2110.0
Uttar Pradesh,Bahraich APMC,Onion,2024-01-25,65.0,2050.0
Uttar Pradesh,Bahraich APMC,Onion,2024-01-26,39.0,2055.0
Uttar Pradesh,Bahraich APMC,Onion,2024-01-27,51.0,2080.0
Uttar Pradesh,Bahraich APMC,Onion,2024-01-29,52.0,2050.0
Uttar Pradesh,Bahraich APMC,Onion,2024-01-30,55.0,2075.0
Uttar Pradesh,Bahraich APMC,Onion,2024-01-31,57.5,2040.0
Uttar Pradesh,Bahraich APMC,Onion,2024-02-01,53.0,2015.0
Uttar Pradesh,Bahraich APMC,Onion,2024-02-02,65.0,1950.0
Uttar Pradesh,Bahraich APMC,Onion,2024-02-03,67.5,1860.0
Uttar Pradesh,Bahraich APMC,Onion,2024-02-05,60.0,1800.0
Uttar Pradesh,Bahraich APMC,Onion,2024-02-06,58.0,1810.0
Uttar Pradesh,Bahraich APMC,Onion,2024-02-07,54.0,1845.0
Uttar Pradesh,Bahraich APMC,Onion,2024-02-08,55.0,1800.0
Uttar Pradesh,Bahraich APMC,Onion,2024-02-09,50.0,1815.0
Uttar Pradesh,Bahraich APMC,Onion,2024-02-10,47.0,1750.0
Uttar Pradesh,Bahraich APMC,Onion,2024-02-12,62.5,1685.0
Uttar Pradesh,Bahraich APMC,Onion,2024-02-13,60.0,1680.0
Uttar Pradesh,Bahraich APMC,Onion,2024-02-14,61.0,1630.0
Uttar Pradesh,Bahraich APMC,Onion,2024-02-15,64.0,1625.0
Uttar Pradesh,Bahraich APMC,Onion,2024-02-16,61.5,1640.0
Uttar Pradesh,Bahraich APMC,Onion,2024-02-17,59.0,1650.0
Uttar Pradesh,Bahraich APMC,Onion,2024-02-19,52.0,1685.0
Uttar Pradesh,Bahraich APMC,Onion,2024-02-20,49.0,1690.0
Uttar Pradesh,Bahraich APMC,Onion,2024-02-21,41.5,1720.0
Uttar Pradesh,Bahraich APMC,Onion,2024-02-22,40.0,1750.0
Uttar Pradesh,Bahraich APMC,Onion,2024-02-23,41.0,1800.0
Uttar Pradesh,Bahraich APMC,Onion,2024-02-24,45.0,1795.0
Uttar Pradesh,Bahraich APMC,Onion,2024-02-26,47.5,1800.0
Uttar Pradesh,Bahraich APMC,Onion,2024-02-27,45.0,1810.0
Uttar Pradesh,Bahraich APMC,Onion,2024-02-28,47.0,1815.0
Uttar Pradesh,Bahraich APMC,Onion,2024-02-29,45.0,1820.0
Uttar Pradesh,Bahraich APMC,Onion,2024-03-01,49.5,1795.0
Uttar Pradesh,Bahraich APMC,Onion,2024-03-02,42.0,1825.0
Uttar Pradesh,Bahraich APMC,Onion,2024-03-04,40.0,1820.0
Uttar Pradesh,Bahraich APMC,Onion,2024-03-05,44.0,1910.0
Uttar Pradesh,Bahraich APMC,Onion,2024-03-06,45.0,1900.0
Uttar Pradesh,Bahraich APMC,Onion,2024-03-07,46.5,1915.0
Uttar Pradesh,Bahraich APMC,Onion,2024-03-08,41.0,1925.0
Uttar Pradesh,Bahraich APMC,Onion,2024-03-09,41.0,1950.0
Uttar Pradesh,Bahraich APMC,Onion,2024-03-11,45.0,1920.0
Uttar Pradesh,Bahraich APMC,Onion,2024-03-12,47.0,1945.0
Uttar Pradesh,Bahraich APMC,Onion,2024-03-13,40.0,2040.0
Uttar Pradesh,Bahraich APMC,Onion,2024-03-14,48.0,2000.0
Uttar Pradesh,Bahraich APMC,Onion,2024-03-15,50.0,2025.0
Uttar Pradesh,Bahraich APMC,Onion,2024-03-16,52.0,1975.0
Uttar Pradesh,Bahraich APMC,Onion,2024-03-18,37.0,1950.0
Uttar Pradesh,Bahraich APMC,Onion,2024-03-19,38.0,1970.0
Uttar Pradesh,Bahraich APMC,Onion,2024-03-20,36.0,1960.0
Uttar Pradesh,Bahraich APMC,Onion,2024-03-21,42.0,1950.0
Uttar Pradesh,Bahraich APMC,Onion,2024-03-22,41.0,1965.0
Uttar Pradesh,Bahraich APMC,Onion,2024-03-23,42.0,1960.0
Uttar Pradesh,Bahraich APMC,Onion,2024-03-26,46.5,1975.0
Uttar Pradesh,Bahraich APMC,Onion,2024-03-27,50.0,1935.0
Uttar Pradesh,Bahraich APMC,Onion,2024-03-28,52.0,1900.0
Uttar Pradesh,Bahraich APMC,Onion,2024-03-29,41.0,1955.0
Uttar Pradesh,Bahraich APMC,Onion,2024-03-30,38.0,1950.0
Uttar Pradesh,Bahraich APMC,Potato,2024-01-01,126.0,825.0
Uttar Pradesh,Bahraich APMC,Potato,2024-01-02,150.0,835.0
Uttar Pradesh,Bahraich APMC,Potato,2024-01-03,79.0,875.0
Uttar Pradesh,Bahraich APMC,Potato,2024-01-04,109.0,865.0
Uttar Pradesh,Bahraich APMC,Potato,2024-01-05,96.0,860.0
Uttar Pradesh,Bahraich APMC,Potato,2024-01-06,126.0,865.0
Uttar Pradesh,Bahraich APMC,Potato,2024-01-08,117.5,825.0
Uttar Pradesh,Bahraich APMC,Potato,2024-01-09,104.0,820.0
Uttar Pradesh,Bahraich APMC,Potato,2024-01-10,150.0,800.0
Uttar Pradesh,Bahraich APMC,Potato,2024-01-11,161.5,810.0
Uttar Pradesh,Bahraich APMC,Potato,2024-01-12,180.0,780.0
Uttar Pradesh,Bahraich APMC,Potato,2024-01-13,153.0,810.0
Uttar Pradesh,Bahraich APMC,Potato,2024-01-15,148.0,825.0
Uttar Pradesh,Bahraich APMC,Potato,2024-01-16,142.0,835.0
Uttar Pradesh,Bahraich APMC,Potato,2024-01-17,163.5,825.0
Uttar Pradesh,Bahraich APMC,Potato,2024-01-18,141.0,840.0
Uttar Pradesh,Bahraich APMC,Potato,2024-01-19,135.0,840.0
Uttar Pradesh,Bahraich APMC,Potato,2024-01-20,140.0,845.0
Uttar Pradesh,Bahraich APMC,Potato,2024-01-22,139.0,825.0
Uttar Pradesh,Bahraich APMC,Potato,2024-01-23,105.0,840.0
Uttar Pradesh,Bahraich APMC,Potato,2024-01-24,150.0,835.0
Uttar Pradesh,Bahraich APMC,Potato,2024-01-25,138.0,845.0
Uttar Pradesh,Bahraich APMC,Potato,2024-01-26,140.0,830.0
Uttar Pradesh,Bahraich APMC,Potato,2024-01-27,147.5,835.0
Uttar Pradesh,Bahraich APMC,Potato,2024-01-29,97.5,840.0
Uttar Pradesh,Bahraich APMC,Potato,2024-01-30,116.0,830.0
Uttar Pradesh,Bahraich APMC,Potato,2024-01-31,150.0,800.0
Uttar Pradesh,Bahraich APMC,Potato,2024-02-01,127.0,805.0
Uttar Pradesh,Bahraich APMC,Potato,2024-02-02,130.0,825.0
Uttar Pradesh,Bahraich APMC,Potato,2024-02-03,160.0,820.0
Uttar Pradesh,Bahraich APMC,Potato,2024-02-05,158.0,815.0
Uttar Pradesh,Bahraich APMC,Potato,2024-02-06,160.0,810.0
Uttar Pradesh,Bahraich APMC,Potato,2024-02-07,155.0,815.0
Uttar Pradesh,Bahraich APMC,Potato,2024-02-08,165.0,810.0
Uttar Pradesh,Bahraich APMC,Potato,2024-02-09,150.0,820.0
Uttar Pradesh,Bahraich APMC,Potato,2024-02-10,137.5,805.0
Uttar Pradesh,Bahraich APMC,Potato,2024-02-12,126.0,825.0
Uttar Pradesh,Bahraich APMC,Potato,2024-02-13,135.0,820.0
Uttar Pradesh,Bahraich APMC,Potato,2024-02-14,140.0,810.0
Uttar Pradesh,Bahraich APMC,Potato,2024-02-15,142.0,815.0
Uttar Pradesh,Bahraich APMC,Potato,2024-02-16,162.0,810.0
Uttar Pradesh,Bahraich APMC,Potato,2024-02-17,158.0,820.0
Uttar Pradesh,Bahraich APMC,Potato,2024-02-19,143.0,860.0
Uttar Pradesh,Bahraich APMC,Potato,2024-02-20,107.0,900.0
Uttar Pradesh,Bahraich APMC,Potato,2024-02-21,97.5,920.0
Uttar Pradesh,Bahraich APMC,Potato,2024-02-22,80.0,975.0
Uttar Pradesh,Bahraich APMC,Potato,2024-02-23,81.0,985.0
Uttar Pradesh,Bahraich APMC,Potato,2024-02-24,84.0,990.0
Uttar Pradesh,Bahraich APMC,Potato,2024-02-26,80.0,1000.0
Uttar Pradesh,Bahraich APMC,Potato,2024-02-27,85.0,1000.0
Uttar Pradesh,Bahraich APMC,Potato,2024-02-28,80.0,1010.0
Uttar Pradesh,Bahraich APMC,Potato,2024-02-29,78.5,1025.0
Uttar Pradesh,Bahraich APMC,Potato,2024-03-01,75.0,1060.0
Uttar Pradesh,Bahraich APMC,Potato,2024-03-02,70.0,1095.0
Uttar Pradesh,Bahraich APMC,Potato,2024-03-04,71.5,1115.0
Uttar Pradesh,Bahraich APMC,Potato,2024-03-05,75.0,1105.0
Uttar Pradesh,Bahraich APMC,Potato,2024-03-06,71.0,1125.0
Uttar Pradesh,Bahraich APMC,Potato,2024-03-07,68.5,1180.0
Uttar Pradesh,Bahraich APMC,Potato,2024-03-08,64.5,1190.0
Uttar Pradesh,Bahraich APMC,Potato,2024-03-09,70.0,1180.0
Uttar Pradesh,Bahraich APMC,Potato,2024-03-11,63.5,1200.0
Uttar Pradesh,Bahraich APMC,Potato,2024-03-12,60.0,1220.0
Uttar Pradesh,Bahraich APMC,Potato,2024-03-13,58.0,1300.0
Uttar Pradesh,Bahraich APMC,Potato,2024-03-14,57.5,1335.0
Uttar Pradesh,Bahraich APMC,Potato,2024-03-15,60.0,1355.0
Uttar Pradesh,Bahraich APMC,Potato,2024-03-16,62.0,1370.0
Uttar Pradesh,Bahraich APMC,Potato,2024-03-18,68.0,1400.0
Uttar Pradesh,Bahraich APMC,Potato,2024-03-19,71.0,1420.0
Uttar Pradesh,Bahraich APMC,Potato,2024-03-20,75.0,1420.0
Uttar Pradesh,Bahraich APMC,Potato,2024-03-21,81.0,1420.0
Uttar Pradesh,Bahraich APMC,Potato,2024-03-22,85.0,1425.0
Uttar Pradesh,Bahraich APMC,Potato,2024-03-23,80.0,1435.0
Uttar Pradesh,Bahraich APMC,Potato,2024-03-26,85.0,1500.0
Uttar Pradesh,Bahraich APMC,Potato,2024-03-27,73.5,1510.0
Uttar Pradesh,Bahraich APMC,Potato,2024-03-28,85.0,1500.0
Uttar Pradesh,Bahraich APMC,Potato,2024-03-29,78.5,1510.0
Uttar Pradesh,Bahraich APMC,Potato,2024-03-30,80.0,1520.0
Uttar Pradesh,Bahraich APMC,Rice,2024-01-01,580.0,2680.0
Uttar Pradesh,Bahraich APMC,Rice,2024-01-02,630.0,2675.0
Uttar Pradesh,Bahraich APMC,Rice,2024-01-03,258.8,2700.0
Uttar Pradesh,Bahraich APMC,Rice,2024-01-04,540.0,2700.0
Uttar Pradesh,Bahraich APMC,Rice,2024-01-05,640.0,2710.0
Uttar Pradesh,Bahraich APMC,Rice,2024-01-06,1025.0,2715.0
Uttar Pradesh,Bahraich APMC,Rice,2024-01-08,985.0,2750.0
Uttar Pradesh,Bahraich APMC,Rice,2024-01-09,1020.0,2760.0
Uttar Pradesh,Bahraich APMC,Rice,2024-01-10,975.0,2750.0
Uttar Pradesh,Bahraich APMC,Rice,2024-01-11,1035.0,2720.0
Uttar Pradesh,Bahraich APMC,Rice,2024-01-12,1870.0,2600.0
Uttar Pradesh,Bahraich APMC,Rice,2024-01-13,830.0,2715.0
Uttar Pradesh,Bahraich APMC,Rice,2024-01-15,940.0,2720.0
Uttar Pradesh,Bahraich APMC,Rice,2024-01-16,1030.0,2725.0
Uttar Pradesh,Bahraich APMC,Rice,2024-01-17,1165.0,2750.0
Uttar Pradesh,Bahraich APMC,Rice,2024-01-18,880.0,2735.0
Uttar Pradesh,Bahraich APMC,Rice,2024-01-19,2390.0,2650.0
Uttar Pradesh,Bahraich APMC,Rice,2024-01-20,950.0,2730.0
Uttar Pradesh,Bahraich APMC,Rice,2024-01-22,1500.0,2700.0
Uttar Pradesh,Bahraich APMC,Rice,2024-01-23,1015.0,2710.0
Uttar Pradesh,Bahraich APMC,Rice,2024-01-24,1550.0,2700.0
Uttar Pradesh,Bahraich APMC,Rice,2024-01-25,860.0,2700.0
Uttar Pradesh,Bahraich APMC,Rice,2024-01-26,890.0,2700.0
Uttar Pradesh,Bahraich APMC,Rice,2024-01-27,900.0,2715.0
Uttar Pradesh,Bahraich APMC,Rice,2024-01-29,1800.0,2750.0
Uttar Pradesh,Bahraich APMC,Rice,2024-01-30,1500.0,2700.0
Uttar Pradesh,Bahraich APMC,Rice,2024-01-31,1400.0,2700.0
Uttar Pradesh,Bahraich APMC,Rice,2024-02-01,610.0,2750.0
Uttar Pradesh,Bahraich APMC,Rice,2024-02-02,640.0,2775.0
Uttar Pradesh,Bahraich APMC,Rice,2024-02-03,660.0,2780.0
Uttar Pradesh,Bahraich APMC,Rice,2024-02-05,650.0,2800.0
Uttar Pradesh,Bahraich APMC,Rice,2024-02-06,750.0,2800.0
Uttar Pradesh,Bahraich APMC,Rice,2024-02-07,780.0,2810.0
Uttar Pradesh,Bahraich APMC,Rice,2024-02-08,800.0,2800.0
Uttar Pradesh,Bahraich APMC,Rice,2024-02-09,840.0,2815.0
Uttar Pradesh,Bahraich APMC,Rice,2024-02-10,850.0,2800.0
Uttar Pradesh,Bahraich APMC,Rice,2024-02-12,810.0,2800.0
Uttar Pradesh,Bahraich APMC,Rice,2024-02-13,910.0,2810.0
Uttar Pradesh,Bahraich APMC,Rice,2024-02-14,940.0,2800.0
Uttar Pradesh,Bahraich APMC,Rice,2024-02-15,970.0,2820.0
Uttar Pradesh,Bahraich APMC,Rice,2024-02-16,1450.0,2750.0
Uttar Pradesh,Bahraich APMC,Rice,2024-02-17,950.0,2825.0
Uttar Pradesh,Bahraich APMC,Rice,2024-02-19,920.0,2835.0
Uttar Pradesh,Bahraich APMC,Rice,2024-02-20,950.0,2840.0
Uttar Pradesh,Bahraich APMC,Rice,2024-02-21,980.0,2830.0
Uttar Pradesh,Bahraich APMC,Rice,2024-02-22,940.0,2835.0
Uttar Pradesh,Bahraich APMC,Rice,2024-02-23,950.0,2840.0
Uttar Pradesh,Bahraich APMC,Rice,2024-02-24,980.0,2825.0
Uttar Pradesh,Bahraich APMC,Rice,2024-02-26,1020.0,2830.0
Uttar Pradesh,Bahraich APMC,Rice,2024-02-27,1030.0,2825.0
Uttar Pradesh,Bahraich APMC,Rice,2024-02-28,950.0,2840.0
Uttar Pradesh,Bahraich APMC,Rice,2024-02-29,980.0,2835.0
Uttar Pradesh,Bahraich APMC,Rice,2024-03-01,890.0,2820.0
Uttar Pradesh,Bahraich APMC,Rice,2024-03-02,940.0,2825.0
Uttar Pradesh,Bahraich APMC,Rice,2024-03-04,970.0,2820.0
Uttar Pradesh,Bahraich APMC,Rice,2024-03-05,950.0,2825.0
Uttar Pradesh,Bahraich APMC,Rice,2024-03-06,1020.0,2820.0
Uttar Pradesh,Bahraich APMC,Rice,2024-03-07,980.0,2825.0
Uttar Pradesh,Bahraich APMC,Rice,2024-03-08,950.0,2830.0
Uttar Pradesh,Bahraich APMC,Rice,2024-03-09,920.0,2835.0
Uttar Pradesh,Bahraich APMC,Rice,2024-03-11,960.0,2830.0
Uttar Pradesh,Bahraich APMC,Rice,2024-03-12,930.0,2820.0
Uttar Pradesh,Bahraich APMC,Rice,2024-03-13,900.0,2815.0
Uttar Pradesh,Bahraich APMC,Rice,2024-03-14,920.0,2820.0
Uttar Pradesh,Bahraich APMC,Rice,2024-03-15,930.0,2825.0
Uttar Pradesh,Bahraich APMC,Rice,2024-03-16,800.0,2820.0
Uttar Pradesh,Bahraich APMC,Rice,2024-03-18,580.0,2820.0
Uttar Pradesh,Bahraich APMC,Rice,2024-03-20,600.0,2835.0
Uttar Pradesh,Bahraich APMC,Rice,2024-03-21,580.0,2830.0
Uttar Pradesh,Bahraich APMC,Rice,2024-03-22,550.0,2825.0
Uttar Pradesh,Bahraich APMC,Rice,2024-03-23,560.0,2830.0
Uttar Pradesh,Bahraich APMC,Rice,2024-03-26,440.0,2830.0
Uttar Pradesh,Bahraich APMC,Rice,2024-03-27,540.0,2825.0
Uttar Pradesh,Bahraich APMC,Rice,2024-03-28,530.0,2835.0
Uttar Pradesh,Bahraich APMC,Rice,2024-03-29,540.0,2830.0
Uttar Pradesh,Bahraich APMC,Rice,2024-03-30,600.0,2835.0
Uttar Pradesh,Bahraich APMC,Wheat,2024-01-01,490.0,2475.0
Uttar Pradesh,Bahraich APMC,Wheat,2024-01-02,385.0,2500.0
Uttar Pradesh,Bahraich APMC,Wheat,2024-01-03,127.5,2500.0
Uttar Pradesh,Bahraich APMC,Wheat,2024-01-04,197.0,2485.0
Uttar Pradesh,Bahraich APMC,Wheat,2024-01-05,245.0,2500.0
Uttar Pradesh,Bahraich APMC,Wheat,2024-01-06,395.0,2500.0
Uttar Pradesh,Bahraich APMC,Wheat,2024-01-08,790.0,2480.0
Uttar Pradesh,Bahraich APMC,Wheat,2024-01-09,352.5,2500.0
Uttar Pradesh,Bahraich APMC,Wheat,2024-01-10,337.5,2500.0
Uttar Pradesh,Bahraich APMC,Wheat,2024-01-11,180.0,2450.0
Uttar Pradesh,Bahraich APMC,Wheat,2024-01-12,385.0,2400.0
Uttar Pradesh,Bahraich APMC,Wheat,2024-01-13,300.0,2450.0
Uttar Pradesh,Bahraich APMC,Wheat,2024-01-15,196.0,2500.0
Uttar Pradesh,Bahraich APMC,Wheat,2024-01-16,477.5,2480.0
Uttar Pradesh,Bahraich APMC,Wheat,2024-01-17,360.0,2500.0
Uttar Pradesh,Bahraich APMC,Wheat,2024-01-18,340.0,2500.0
Uttar Pradesh,Bahraich APMC,Wheat,2024-01-19,390.0,2500.0
Uttar Pradesh,Bahraich APMC,Wheat,2024-01-20,360.0,2500.0
Uttar Pradesh,Bahraich APMC,Wheat,2024-01-22,405.0,2480.0
Uttar Pradesh,Bahraich APMC,Wheat,2024-01-23,300.0,2500.0
Uttar Pradesh,Bahraich APMC,Wheat,2024-01-24,195.0,2550.0
Uttar Pradesh,Bahraich APMC,Wheat,2024-01-25,132.5,2570.0
Uttar Pradesh,Bahraich APMC,Wheat,2024-01-26,125.0,2575.0
Uttar Pradesh,Bahraich APMC,Wheat,2024-01-27,220.0,2580.0
Uttar Pradesh,Bahraich APMC,Wheat,2024-01-29,240.0,2585.0
Uttar Pradesh,Bahraich APMC,Wheat,2024-01-30,285.0,2575.0
Uttar Pradesh,Bahraich APMC,Wheat,2024-01-31,270.0,2550.0
Uttar Pradesh,Bahraich APMC,Wheat,2024-02-01,170.0,2550.0
Uttar Pradesh,Bahraich APMC,Wheat,2024-02-02,155.0,2575.0
Uttar Pradesh,Bahraich APMC,Wheat,2024-02-03,140.0,2570.0
Uttar Pradesh,Bahraich APMC,Wheat,2024-02-05,150.0,2550.0
Uttar Pradesh,Bahraich APMC,Wheat,2024-02-06,120.0,2550.0
Uttar Pradesh,Bahraich APMC,Wheat,2024-02-07,140.0,2500.0
Uttar Pradesh,Bahraich APMC,Wheat,2024-02-08,178.0,2565.0
Uttar Pradesh,Bahraich APMC,Wheat,2024-02-09,165.0,2575.0
Uttar Pradesh,Bahraich APMC,Wheat,2024-02-10,155.0,2560.0
Uttar Pradesh,Bahraich APMC,Wheat,2024-02-12,147.0,2580.0
Uttar Pradesh,Bahraich APMC,Wheat,2024-02-13,126.5,2575.0
Uttar Pradesh,Bahraich APMC,Wheat,2024-02-14,136.0,2580.0
Uttar Pradesh,Bahraich APMC,Wheat,2024-02-15,137.0,2580.0
Uttar Pradesh,Bahraich APMC,Wheat,2024-02-16,150.0,2550.0
Uttar Pradesh,Bahraich APMC,Wheat,2024-02-17,145.0,2550.0
Uttar Pradesh,Bahraich APMC,Wheat,2024-02-19,150.0,2575.0
Uttar Pradesh,Bahraich APMC,Wheat,2024-02-20,138.0,2560.0
Uttar Pradesh,Bahraich APMC,Wheat,2024-02-21,145.0,2550.0
Uttar Pradesh,Bahraich APMC,Wheat,2024-02-22,148.0,2550.0
Uttar Pradesh,Bahraich APMC,Wheat,2024-02-23,220.0,2550.0
Uttar Pradesh,Bahraich APMC,Wheat,2024-02-24,240.0,2500.0
Uttar Pradesh,Bahraich APMC,Wheat,2024-02-26,285.0,2500.0
Uttar Pradesh,Bahraich APMC,Wheat,2024-02-27,320.0,2500.0
Uttar Pradesh,Bahraich APMC,Wheat,2024-02-28,350.0,2520.0
Uttar Pradesh,Bahraich APMC,Wheat,2024-02-29,310.0,2525.0
Uttar Pradesh,Bahraich APMC,Wheat,2024-03-01,220.0,2500.0
Uttar Pradesh,Bahraich APMC,Wheat,2024-03-02,235.0,2500.0
Uttar Pradesh,Bahraich APMC,Wheat,2024-03-04,240.0,2510.0
Uttar Pradesh,Bahraich APMC,Wheat,2024-03-05,200.0,2515.0
Uttar Pradesh,Bahraich APMC,Wheat,2024-03-06,175.0,2500.0
Uttar Pradesh,Bahraich APMC,Wheat,2024-03-07,165.0,2500.0
Uttar Pradesh,Bahraich APMC,Wheat,2024-03-08,160.0,2450.0
Uttar Pradesh,Bahraich APMC,Wheat,2024-03-09,155.0,2450.0
Uttar Pradesh,Bahraich APMC,Wheat,2024-03-11,170.0,2425.0
Uttar Pradesh,Bahraich APMC,Wheat,2024-03-12,180.0,2400.0
Uttar Pradesh,Bahraich APMC,Wheat,2024-03-13,200.0,2400.0
Uttar Pradesh,Bahraich APMC,Wheat,2024-03-14,205.0,2410.0
Uttar Pradesh,Bahraich APMC,Wheat,2024-03-15,180.0,2400.0
Uttar Pradesh,Bahraich APMC,Wheat,2024-03-16,155.0,2400.0
Uttar Pradesh,Bahraich APMC,Wheat,2024-03-18,168.0,2400.0
Uttar Pradesh,Bahraich APMC,Wheat,2024-03-19,148.0,2450.0
Uttar Pradesh,Bahraich APMC,Wheat,2024-03-20,200.0,2450.0
Uttar Pradesh,Bahraich APMC,Wheat,2024-03-21,220.0,2500.0
Uttar Pradesh,Bahraich APMC,Wheat,2024-03-22,240.0,2500.0
Uttar Pradesh,Bahraich APMC,Wheat,2024-03-23,250.0,2400.0
Uttar Pradesh,Bahraich APMC,Wheat,2024-03-26,210.0,2455.0
Uttar Pradesh,Bahraich APMC,Wheat,2024-03-27,220.0,2460.0
Uttar Pradesh,Bahraich APMC,Wheat,2024-03-28,250.0,2450.0
Uttar Pradesh,Bahraich APMC,Wheat,2024-03-29,235.0,2400.0
Uttar Pradesh,Bahraich APMC,Wheat,2024-03-30,220.0,2410.0
Uttar Pradesh,Basti APMC,Onion,2024-01-01,60.0,2050.0
Uttar Pradesh,Basti APMC,Onion,2024-01-02,10.0,2030.0
Uttar Pradesh,Basti APMC,Onion,2024-01-03,30.0,2160.0
Uttar Pradesh,Basti APMC,Onion,2024-01-04,45.0,2150.0
Uttar Pradesh,Basti APMC,Onion,2024-01-05,50.0,2100.0
Uttar Pradesh,Basti APMC,Onion,2024-01-06,34.5,2090.0
Uttar Pradesh,Basti APMC,Onion,2024-01-07,31.5,2015.0
Uttar Pradesh,Basti APMC,Onion,2024-01-08,40.0,2100.0
Uttar Pradesh,Basti APMC,Onion,2024-01-09,30.0,2000.0
Uttar Pradesh,Basti APMC,Onion,2024-01-10,42.5,1980.0
Uttar Pradesh,Basti APMC,Onion,2024-01-11,51.5,1960.0
Uttar Pradesh,Basti APMC,Onion,2024-01-12,43.0,1950.0
Uttar Pradesh,Basti APMC,Onion,2024-01-13,29.0,2075.0
Uttar Pradesh,Basti APMC,Onion,2024-01-14,33.0,2150.0
Uttar Pradesh,Basti APMC,Onion,2024-01-15,25.0,2050.0
Uttar Pradesh,Basti APMC,Onion,2024-01-16,35.0,2080.0
Uttar Pradesh,Basti APMC,Onion,2024-01-17,20.0,2100.0
Uttar Pradesh,Basti APMC,Onion,2024-01-18,30.0,2075.0
Uttar Pradesh,Basti APMC,Onion,2024-01-19,26.0,2040.0
Uttar Pradesh,Basti APMC,Onion,2024-01-20,22.5,2025.0
Uttar Pradesh,Basti APMC,Onion,2024-01-22,20.0,2100.0
Uttar Pradesh,Basti APMC,Onion,2024-01-23,28.0,1980.0
Uttar Pradesh,Basti APMC,Onion,2024-01-24,30.0,1990.0
Uttar Pradesh,Basti APMC,Onion,2024-01-27,20.0,1970.0
Uttar Pradesh,Basti APMC,Onion,2024-01-28,26.0,1950.0
Uttar Pradesh,Basti APMC,Onion,2024-01-29,29.0,1910.0
Uttar Pradesh,Basti APMC,Onion,2024-01-30,31.5,1860.0
Uttar Pradesh,Basti APMC,Onion,2024-02-01,18.5,1850.0
Uttar Pradesh,Basti APMC,Onion,2024-02-02,21.0,1860.0
Uttar Pradesh,Basti APMC,Onion,2024-02-03,26.5,1790.0
Uttar Pradesh,Basti APMC,Onion,2024-02-04,20.0,1775.0
Uttar Pradesh,Basti APMC,Onion,2024-02-05,24.5,1725.0
Uttar Pradesh,Basti APMC,Onion,2024-02-06,21.5,1630.0
Uttar Pradesh,Basti APMC,Onion,2024-02-07,30.0,1615.0
Uttar Pradesh,Basti APMC,Onion,2024-02-08,37.5,1600.0
Uttar Pradesh,Basti APMC,Onion,2024-02-09,29.0,1580.0
Uttar Pradesh,Basti APMC,Onion,2024-02-10,20.0,1590.0
Uttar Pradesh,Basti APMC,Onion,2024-02-11,31.5,1570.0
Uttar Pradesh,Basti APMC,Onion,2024-02-12,26.0,1560.0
Uttar Pradesh,Basti APMC,Onion,2024-02-13,30.0,1600.0
Uttar Pradesh,Basti APMC,Onion,2024-02-14,28.0,1615.0
Uttar Pradesh,Basti APMC,Onion,2024-02-15,32.5,1570.0
Uttar Pradesh,Basti APMC,Onion,2024-02-16,27.5,1560.0
Uttar Pradesh,Basti APMC,Onion,2024-02-17,20.0,1575.0
Uttar Pradesh,Basti APMC,Onion,2024-02-18,30.0,1590.0
Uttar Pradesh,Basti APMC,Onion,2024-02-19,28.0,1560.0
Uttar Pradesh,Basti APMC,Onion,2024-02-20,36.0,1550.0
Uttar Pradesh,Basti APMC,Onion,2024-02-21,25.0,1600.0
Uttar Pradesh,Basti APMC,Onion,2024-02-22,30.0,1610.0
Uttar Pradesh,Basti APMC,Onion,2024-02-23,29.0,1650.0
Uttar Pradesh,Basti APMC,Onion,2024-02-24,24.5,1640.0
Uttar Pradesh,Basti APMC,Onion,2024-02-25,20.0,1660.0
Uttar Pradesh,Basti APMC,Onion,2024-02-27,27.0,1655.0
Uttar Pradesh,Basti APMC,Onion,2024-02-28,34.0,1650.0
Uttar Pradesh,Basti APMC,Onion,2024-03-01,24.5,1760.0
Uttar Pradesh,Basti APMC,Onion,2024-03-02,21.5,1780.0
Uttar Pradesh,Basti APMC,Onion,2024-03-04,18.5,1775.0
Uttar Pradesh,Basti APMC,Onion,2024-03-05,22.5,1790.0
Uttar Pradesh,Basti APMC,Onion,2024-03-06,29.0,1760.0
Uttar Pradesh,Basti APMC,Onion,2024-03-07,31.0,1775.0
Uttar Pradesh,Basti APMC,Onion,2024-03-09,26.0,1730.0
Uttar Pradesh,Basti APMC,Onion,2024-03-10,28.5,1740.0
Uttar Pradesh,Basti APMC,Onion,2024-03-11,24.0,1775.0
Uttar Pradesh,Basti APMC,Onion,2024-03-12,20.0,1800.0
Uttar Pradesh,Basti APMC,Onion,2024-03-14,32.0,2000.0
Uttar Pradesh,Basti APMC,Onion,2024-03-15,25.0,2015.0
Uttar Pradesh,Basti APMC,Onion,2024-03-16,31.5,2000.0
Uttar Pradesh,Basti APMC,Onion,2024-03-17,40.0,1990.0
Uttar Pradesh,Basti APMC,Onion,2024-03-18,56.0,2010.0
Uttar Pradesh,Basti APMC,Onion,2024-03-19,46.0,2015.0
Uttar Pradesh,Basti APMC,Onion,2024-03-20,29.0,2000.0
Uttar Pradesh,Basti APMC,Onion,2024-03-21,23.0,2010.0
Uttar Pradesh,Basti APMC,Onion,2024-03-22,20.0,1925.0
Uttar Pradesh,Basti APMC,Onion,2024-03-23,28.0,1970.0
Uttar Pradesh,Basti APMC,Onion,2024-03-26,30.0,1950.0
Uttar Pradesh,Basti APMC,Onion,2024-03-27,34.5,1850.0
Uttar Pradesh,Basti APMC,Onion,2024-03-28,37.0,1800.0
Uttar Pradesh,Basti APMC,Onion,2024-03-29,32.5,1790.0
Uttar Pradesh,Basti APMC,Onion,2024-03-30,41.5,1780.0
Uttar Pradesh,Basti APMC,Potato,2024-01-01,190.0,800.0
Uttar Pradesh,Basti APMC,Potato,2024-01-02,50.0,815.0
Uttar Pradesh,Basti APMC,Potato,2024-01-03,70.0,890.0
Uttar Pradesh,Basti APMC,Potato,2024-01-04,90.0,800.0
Uttar Pradesh,Basti APMC,Potato,2024-01-05,101.5,810.0
Uttar Pradesh,Basti APMC,Potato,2024-01-06,87.5,790.0
Uttar Pradesh,Basti APMC,Potato,2024-01-07,75.0,785.0
Uttar Pradesh,Basti APMC,Potato,2024-01-08,100.0,825.0
Uttar Pradesh,Basti APMC,Potato,2024-01-09,86.0,800.0
Uttar Pradesh,Basti APMC,Potato,2024-01-10,110.0,775.0
Uttar Pradesh,Basti APMC,Potato,2024-01-11,123.0,765.0
Uttar Pradesh,Basti APMC,Potato,2024-01-12,130.0,750.0
Uttar Pradesh,Basti APMC,Potato,2024-01-13,120.0,800.0
Uttar Pradesh,Basti APMC,Potato,2024-01-14,117.5,760.0
Uttar Pradesh,Basti APMC,Potato,2024-01-15,106.0,750.0
Uttar Pradesh,Basti APMC,Potato,2024-01-16,97.5,765.0
Uttar Pradesh,Basti APMC,Potato,2024-01-17,103.0,780.0
Uttar Pradesh,Basti APMC,Potato,2024-01-18,114.0,750.0
Uttar Pradesh,Basti APMC,Potato,2024-01-19,131.5,760.0
Uttar Pradesh,Basti APMC,Potato,2024-01-20,90.0,790.0
Uttar Pradesh,Basti APMC,Potato,2024-01-22,100.0,800.0
Uttar Pradesh,Basti APMC,Potato,2024-01-23,87.0,785.0
Uttar Pradesh,Basti APMC,Potato,2024-01-24,91.5,800.0
Uttar Pradesh,Basti APMC,Potato,2024-01-27,60.0,775.0
Uttar Pradesh,Basti APMC,Potato,2024-01-28,67.5,755.0
Uttar Pradesh,Basti APMC,Potato,2024-01-29,84.0,745.0
Uttar Pradesh,Basti APMC,Potato,2024-01-30,100.0,725.0
Uttar Pradesh,Basti APMC,Potato,2024-02-01,60.0,740.0
Uttar Pradesh,Basti APMC,Potato,2024-02-02,80.0,735.0
Uttar Pradesh,Basti APMC,Potato,2024-02-03,97.0,715.0
Uttar Pradesh,Basti APMC,Potato,2024-02-04,70.0,710.0
Uttar Pradesh,Basti APMC,Potato,2024-02-05,80.0,760.0
Uttar Pradesh,Basti APMC,Potato,2024-02-06,67.5,750.0
Uttar Pradesh,Basti APMC,Potato,2024-02-07,90.0,710.0
Uttar Pradesh,Basti APMC,Potato,2024-02-08,100.0,730.0
Uttar Pradesh,Basti APMC,Potato,2024-02-09,86.0,740.0
Uttar Pradesh,Basti APMC,Potato,2024-02-10,72.5,745.0
Uttar Pradesh,Basti APMC,Potato,2024-02-11,60.0,730.0
Uttar Pradesh,Basti APMC,Potato,2024-02-12,81.5,740.0
Uttar Pradesh,Basti APMC,Potato,2024-02-13,59.0,750.0
Uttar Pradesh,Basti APMC,Potato,2024-02-14,63.0,760.0
Uttar Pradesh,Basti APMC,Potato,2024-02-15,70.0,740.0
Uttar Pradesh,Basti APMC,Potato,2024-02-16,61.0,755.0
Uttar Pradesh,Basti APMC,Potato,2024-02-17,57.0,735.0
Uttar Pradesh,Basti APMC,Potato,2024-02-18,50.0,750.0
Uttar Pradesh,Basti APMC,Potato,2024-02-19,62.5,745.0
Uttar Pradesh,Basti APMC,Potato,2024-02-20,80.0,810.0
Uttar Pradesh,Basti APMC,Potato,2024-02-21,69.0,825.0
Uttar Pradesh,Basti APMC,Potato,2024-02-22,58.0,815.0
Uttar Pradesh,Basti APMC,Potato,2024-02-23,66.5,835.0
Uttar Pradesh,Basti APMC,Potato,2024-02-24,60.0,845.0
Uttar Pradesh,Basti APMC,Potato,2024-02-25,56.0,865.0
Uttar Pradesh,Basti APMC,Potato,2024-02-27,67.5,870.0
Uttar Pradesh,Basti APMC,Potato,2024-02-28,71.0,875.0
Uttar Pradesh,Basti APMC,Potato,2024-03-01,60.0,930.0
Uttar Pradesh,Basti APMC,Potato,2024-03-02,47.5,945.0
Uttar Pradesh,Basti APMC,Potato,2024-03-04,53.0,950.0
Uttar Pradesh,Basti APMC,Potato,2024-03-05,64.0,940.0
Uttar Pradesh,Basti APMC,Potato,2024-03-06,58.0,1030.0
Uttar Pradesh,Basti APMC,Potato,2024-03-07,49.0,1060.0
Uttar Pradesh,Basti APMC,Potato,2024-03-09,43.5,1120.0
Uttar Pradesh,Basti APMC,Potato,2024-03-10,40.0,1115.0
Uttar Pradesh,Basti APMC,Potato,2024-03-11,50.0,1110.0
Uttar Pradesh,Basti APMC,Potato,2024-03-12,37.5,1175.0
Uttar Pradesh,Basti APMC,Potato,2024-03-14,42.5,1260.0
Uttar Pradesh,Basti APMC,Potato,2024-03-15,30.0,1360.0
Uttar Pradesh,Basti APMC,Potato,2024-03-16,46.0,1390.0
Uttar Pradesh,Basti APMC,Potato,2024-03-17,60.0,1375.0
Uttar Pradesh,Basti APMC,Potato,2024-03-18,72.5,1385.0
Uttar Pradesh,Basti APMC,Potato,2024-03-19,70.0,1385.0
Uttar Pradesh,Basti APMC,Potato,2024-03-20,58.0,1390.0
Uttar Pradesh,Basti APMC,Potato,2024-03-21,48.5,1410.0
Uttar Pradesh,Basti APMC,Potato,2024-03-22,60.0,1435.0
Uttar Pradesh,Basti APMC,Potato,2024-03-23,55.0,1430.0
Uttar Pradesh,Basti APMC,Potato,2024-03-26,51.5,1425.0
Uttar Pradesh,Basti APMC,Potato,2024-03-27,61.0,1460.0
Uttar Pradesh,Basti APMC,Potato,2024-03-28,57.5,1475.0
Uttar Pradesh,Basti APMC,Potato,2024-03-29,40.0,1450.0
Uttar Pradesh,Basti APMC,Potato,2024-03-30,50.0,1460.0
Uttar Pradesh,Basti APMC,Rice,2024-01-02,250.0,2710.0
Uttar Pradesh,Basti APMC,Rice,2024-01-03,120.0,2740.0
Uttar Pradesh,Basti APMC,Rice,2024-01-04,160.0,2750.0
Uttar Pradesh,Basti APMC,Rice,2024-01-05,140.0,2740.0
Uttar Pradesh,Basti APMC,Rice,2024-01-06,170.0,2730.0
Uttar Pradesh,Basti APMC,Rice,2024-01-07,135.0,2725.0
Uttar Pradesh,Basti APMC,Rice,2024-01-09,110.0,2720.0
Uttar Pradesh,Basti APMC,Rice,2024-01-10,130.0,2740.0
Uttar Pradesh,Basti APMC,Rice,2024-01-11,105.0,2760.0
Uttar Pradesh,Basti APMC,Rice,2024-01-12,120.0,2750.0
Uttar Pradesh,Basti APMC,Rice,2024-01-13,100.0,2740.0
Uttar Pradesh,Basti APMC,Rice,2024-01-14,115.0,2760.0
Uttar Pradesh,Basti APMC,Rice,2024-01-16,109.0,2780.0
Uttar Pradesh,Basti APMC,Rice,2024-01-17,90.0,2770.0
Uttar Pradesh,Basti APMC,Rice,2024-01-18,112.5,2760.0
Uttar Pradesh,Basti APMC,Rice,2024-01-19,110.0,2775.0
Uttar Pradesh,Basti APMC,Rice,2024-01-20,98.0,2780.0
Uttar Pradesh,Basti APMC,Rice,2024-01-23,100.0,2790.0
Uttar Pradesh,Basti APMC,Rice,2024-01-24,120.0,2725.0
Uttar Pradesh,Basti APMC,Rice,2024-01-27,75.0,2775.0
Uttar Pradesh,Basti APMC,Rice,2024-01-28,93.0,2760.0
Uttar Pradesh,Basti APMC,Rice,2024-01-30,83.0,2770.0
Uttar Pradesh,Basti APMC,Rice,2024-01-31,115.0,2750.0
Uttar Pradesh,Basti APMC,Rice,2024-02-01,73.5,2760.0
Uttar Pradesh,Basti APMC,Rice,2024-02-02,90.0,2710.0
Uttar Pradesh,Basti APMC,Rice,2024-02-03,81.5,2750.0
Uttar Pradesh,Basti APMC,Rice,2024-02-04,69.0,2760.0
Uttar Pradesh,Basti APMC,Rice,2024-02-06,83.0,2740.0
Uttar Pradesh,Basti APMC,Rice,2024-02-07,100.0,2750.0
Uttar Pradesh,Basti APMC,Rice,2024-02-08,113.0,2760.0
Uttar Pradesh,Basti APMC,Rice,2024-02-09,125.0,2770.0
Uttar Pradesh,Basti APMC,Rice,2024-02-10,110.0,2760.0
Uttar Pradesh,Basti APMC,Rice,2024-02-11,97.5,2780.0
Uttar Pradesh,Basti APMC,Rice,2024-02-13,120.0,2770.0
Uttar Pradesh,Basti APMC,Rice,2024-02-14,104.0,2790.0
Uttar Pradesh,Basti APMC,Rice,2024-02-15,130.0,2775.0
Uttar Pradesh,Basti APMC,Rice,2024-02-16,90.0,2780.0
Uttar Pradesh,Basti APMC,Rice,2024-02-17,104.0,2770.0
Uttar Pradesh,Basti APMC,Rice,2024-02-18,85.0,2770.0
Uttar Pradesh,Basti APMC,Rice,2024-02-20,93.0,2770.0
Uttar Pradesh,Basti APMC,Rice,2024-02-21,100.0,2785.0
Uttar Pradesh,Basti APMC,Rice,2024-02-22,83.0,2760.0
Uttar Pradesh,Basti APMC,Rice,2024-02-23,110.0,2785.0
Uttar Pradesh,Basti APMC,Rice,2024-02-24,105.0,2770.0
Uttar Pradesh,Basti APMC,Rice,2024-02-25,90.0,2780.0
Uttar Pradesh,Basti APMC,Rice,2024-02-27,76.5,2765.0
Uttar Pradesh,Basti APMC,Rice,2024-02-28,87.5,2800.0
Uttar Pradesh,Basti APMC,Rice,2024-02-29,70.0,2820.0
Uttar Pradesh,Basti APMC,Rice,2024-03-01,62.5,2815.0
Uttar Pradesh,Basti APMC,Rice,2024-03-02,59.0,2790.0
Uttar Pradesh,Basti APMC,Rice,2024-03-05,31.0,2780.0
Uttar Pradesh,Basti APMC,Rice,2024-03-06,60.0,2775.0
Uttar Pradesh,Basti APMC,Rice,2024-03-07,46.0,2790.0
Uttar Pradesh,Basti APMC,Rice,2024-03-09,40.0,2800.0
Uttar Pradesh,Basti APMC,Rice,2024-03-10,52.5,2785.0
Uttar Pradesh,Basti APMC,Rice,2024-03-12,49.5,2790.0
Uttar Pradesh,Basti APMC,Rice,2024-03-14,35.0,2785.0
Uttar Pradesh,Basti APMC,Rice,2024-03-15,41.5,2790.0
Uttar Pradesh,Basti APMC,Rice,2024-03-16,60.0,2780.0
Uttar Pradesh,Basti APMC,Rice,2024-03-17,57.5,2800.0
Uttar Pradesh,Basti APMC,Rice,2024-03-20,47.5,2790.0
Uttar Pradesh,Basti APMC,Rice,2024-03-21,40.5,2795.0
Uttar Pradesh,Basti APMC,Rice,2024-03-22,66.0,2780.0
Uttar Pradesh,Basti APMC,Rice,2024-03-23,73.0,2790.0
Uttar Pradesh,Basti APMC,Rice,2024-03-26,67.5,2780.0
Uttar Pradesh,Basti APMC,Rice,2024-03-27,55.0,2800.0
Uttar Pradesh,Basti APMC,Rice,2024-03-28,46.0,2810.0
Uttar Pradesh,Basti APMC,Rice,2024-03-29,70.0,2780.0
Uttar Pradesh,Basti APMC,Rice,2024-03-30,84.0,2790.0
Uttar Pradesh,Basti APMC,Wheat,2024-01-02,216.0,2500.0
Uttar Pradesh,Basti APMC,Wheat,2024-01-03,80.0,2490.0
Uttar Pradesh,Basti APMC,Wheat,2024-01-04,110.0,2480.0
Uttar Pradesh,Basti APMC,Wheat,2024-01-05,90.0,2475.0
Uttar Pradesh,Basti APMC,Wheat,2024-01-06,126.0,2490.0
Uttar Pradesh,Basti APMC,Wheat,2024-01-07,109.0,2460.0
Uttar Pradesh,Basti APMC,Wheat,2024-01-09,85.0,2470.0
Uttar Pradesh,Basti APMC,Wheat,2024-01-10,75.0,2500.0
Uttar Pradesh,Basti APMC,Wheat,2024-01-11,96.0,2510.0
Uttar Pradesh,Basti APMC,Wheat,2024-01-12,110.0,2540.0
Uttar Pradesh,Basti APMC,Wheat,2024-01-13,90.0,2515.0
Uttar Pradesh,Basti APMC,Wheat,2024-01-14,85.0,2530.0
Uttar Pradesh,Basti APMC,Wheat,2024-01-16,81.0,2520.0
Uttar Pradesh,Basti APMC,Wheat,2024-01-17,70.0,2530.0
Uttar Pradesh,Basti APMC,Wheat,2024-01-18,104.0,2540.0
Uttar Pradesh,Basti APMC,Wheat,2024-01-19,97.5,2530.0
Uttar Pradesh,Basti APMC,Wheat,2024-01-20,87.5,2510.0
Uttar Pradesh,Basti APMC,Wheat,2024-01-23,93.0,2520.0
Uttar Pradesh,Basti APMC,Wheat,2024-01-24,105.0,2550.0
Uttar Pradesh,Basti APMC,Wheat,2024-01-27,51.5,2570.0
Uttar Pradesh,Basti APMC,Wheat,2024-01-28,70.0,2600.0
Uttar Pradesh,Basti APMC,Wheat,2024-01-30,59.0,2590.0
Uttar Pradesh,Basti APMC,Wheat,2024-01-31,80.0,2575.0
Uttar Pradesh,Basti APMC,Wheat,2024-02-01,65.0,2580.0
Uttar Pradesh,Basti APMC,Wheat,2024-02-02,74.0,2560.0
Uttar Pradesh,Basti APMC,Wheat,2024-02-03,70.5,2500.0
Uttar Pradesh,Basti APMC,Wheat,2024-02-04,60.0,2475.0
Uttar Pradesh,Basti APMC,Wheat,2024-02-06,90.0,2465.0
Uttar Pradesh,Basti APMC,Wheat,2024-02-07,110.0,2450.0
Uttar Pradesh,Basti APMC,Wheat,2024-02-08,122.5,2440.0
Uttar Pradesh,Basti APMC,Wheat,2024-02-09,140.0,2460.0
Uttar Pradesh,Basti APMC,Wheat,2024-02-10,100.0,2470.0
Uttar Pradesh,Basti APMC,Wheat,2024-02-11,76.0,2460.0
Uttar Pradesh,Basti APMC,Wheat,2024-02-13,132.5,2450.0
Uttar Pradesh,Basti APMC,Wheat,2024-02-14,113.0,2465.0
Uttar Pradesh,Basti APMC,Wheat,2024-02-15,120.0,2430.0
Uttar Pradesh,Basti APMC,Wheat,2024-02-16,103.0,2460.0
Uttar Pradesh,Basti APMC,Wheat,2024-02-17,97.5,2475.0
Uttar Pradesh,Basti APMC,Wheat,2024-02-18,60.0,2450.0
Uttar Pradesh,Basti APMC,Wheat,2024-02-20,74.5,2440.0
Uttar Pradesh,Basti APMC,Wheat,2024-02-21,90.0,2460.0
Uttar Pradesh,Basti APMC,Wheat,2024-02-22,66.0,2475.0
Uttar Pradesh,Basti APMC,Wheat,2024-02-23,121.5,2465.0
Uttar Pradesh,Basti APMC,Wheat,2024-02-24,100.0,2450.0
Uttar Pradesh,Basti APMC,Wheat,2024-02-25,110.0,2470.0
Uttar Pradesh,Basti APMC,Wheat,2024-02-27,80.0,2460.0
Uttar Pradesh,Basti APMC,Wheat,2024-02-28,92.5,2450.0
Uttar Pradesh,Basti APMC,Wheat,2024-02-29,87.5,2470.0
Uttar Pradesh,Basti APMC,Wheat,2024-03-01,71.5,2480.0
Uttar Pradesh,Basti APMC,Wheat,2024-03-02,46.0,2440.0
Uttar Pradesh,Basti APMC,Wheat,2024-03-05,52.0,2510.0
Uttar Pradesh,Basti APMC,Wheat,2024-03-06,65.0,2460.0
Uttar Pradesh,Basti APMC,Wheat,2024-03-07,50.0,2470.0
Uttar Pradesh,Basti APMC,Wheat,2024-03-09,38.0,2450.0
Uttar Pradesh,Basti APMC,Wheat,2024-03-10,47.5,2475.0
Uttar Pradesh,Basti APMC,Wheat,2024-03-12,50.5,2475.0
Uttar Pradesh,Basti APMC,Wheat,2024-03-14,30.0,2470.0
Uttar Pradesh,Basti APMC,Wheat,2024-03-15,39.0,2475.0
Uttar Pradesh,Basti APMC,Wheat,2024-03-16,55.0,2465.0
Uttar Pradesh,Basti APMC,Wheat,2024-03-17,61.5,2470.0
Uttar Pradesh,Basti APMC,Wheat,2024-03-20,39.0,2475.0
Uttar Pradesh,Basti APMC,Wheat,2024-03-21,33.0,2475.0
Uttar Pradesh,Basti APMC,Wheat,2024-03-22,50.0,2465.0
Uttar Pradesh,Basti APMC,Wheat,2024-03-23,62.5,2470.0
Uttar Pradesh,Basti APMC,Wheat,2024-03-26,56.0,2475.0
Uttar Pradesh,Basti APMC,Wheat,2024-03-27,60.0,2515.0
Uttar Pradesh,Basti APMC,Wheat,2024-03-28,55.0,2540.0
Uttar Pradesh,Basti APMC,Wheat,2024-03-29,80.0,2520.0
Uttar Pradesh,Basti APMC,Wheat,2024-03-30,91.5,2510.0
Uttar Pradesh,Bindki APMC,Onion,2024-01-01,3.0,1720.0
Uttar Pradesh,Bindki APMC,Onion,2024-01-02,3.5,1650.0
Uttar Pradesh,Bindki APMC,Onion,2024-01-03,2.0,1700.0
Uttar Pradesh,Bindki APMC,Onion,2024-01-04,3.2,1680.0
Uttar Pradesh,Bindki APMC,Onion,2024-01-05,2.8,1720.0
Uttar Pradesh,Bindki APMC,Onion,2024-01-07,2.8,1720.0
Uttar Pradesh,Bindki APMC,Onion,2024-01-08,3.2,1690.0
Uttar Pradesh,Bindki APMC,Onion,2024-01-09,2.7,1749.9999999999998
Uttar Pradesh,Bindki APMC,Onion,2024-01-10,2.5,1800.0
Uttar Pradesh,Bindki APMC,Onion,2024-01-11,2.5,1820.0
Uttar Pradesh,Bindki APMC,Onion,2024-01-12,2.8,1780.0
Uttar Pradesh,Bindki APMC,Onion,2024-01-15,2.5,1740.0
Uttar Pradesh,Bindki APMC,Onion,2024-01-16,2.8,1700.0
Uttar Pradesh,Bindki APMC,Onion,2024-01-17,3.0,1720.0
Uttar Pradesh,Bindki APMC,Onion,2024-01-18,3.0,1700.0
Uttar Pradesh,Bindki APMC,Onion,2024-01-19,2.8,1730.0
Uttar Pradesh,Bindki APMC,Onion,2024-01-20,3.0,1720.0
Uttar Pradesh,Bindki APMC,Onion,2024-01-21,3.2,1680.0
Uttar Pradesh,Bindki APMC,Onion,2024-01-22,2.8,1700.0
Uttar Pradesh,Bindki APMC,Onion,2024-01-23,3.2,1720.0
Uttar Pradesh,Bindki APMC,Onion,2024-01-24,3.0,1680.0
Uttar Pradesh,Bindki APMC,Onion,2024-01-26,3.2,1680.0
Uttar Pradesh,Bindki APMC,Onion,2024-01-27,3.2,1640.0
Uttar Pradesh,Bindki APMC,Onion,2024-01-28,3.0,1620.0
Uttar Pradesh,Bindki APMC,Onion,2024-01-29,2.8,1660.0
Uttar Pradesh,Bindki APMC,Onion,2024-01-30,3.5,1630.0
Uttar Pradesh,Bindki APMC,Onion,2024-01-31,3.5,1600.0
Uttar Pradesh,Bindki APMC,Onion,2024-02-01,3.0,1620.0
Uttar Pradesh,Bindki APMC,Onion,2024-02-02,2.8,1570.0
Uttar Pradesh,Bindki APMC,Onion,2024-02-03,3.0,1500.0
Uttar Pradesh,Bindki APMC,Onion,2024-02-05,3.0,1450.0
Uttar Pradesh,Bindki APMC,Onion,2024-02-06,3.2,1530.0
Uttar Pradesh,Bindki APMC,Onion,2024-02-07,3.5,1510.0
Uttar Pradesh,Bindki APMC,Onion,2024-02-08,2.8,1540.0
Uttar Pradesh,Bindki APMC,Onion,2024-02-09,3.5,1520.0
Uttar Pradesh,Bindki APMC,Onion,2024-02-10,1.0,1540.0
Uttar Pradesh,Bindki APMC,Onion,2024-02-11,3.0,1530.0
Uttar Pradesh,Bindki APMC,Onion,2024-02-12,2.9,1500.0
Uttar Pradesh,Bindki APMC,Onion,2024-02-13,2.8,1520.0
Uttar Pradesh,Bindki APMC,Onion,2024-02-14,3.0,1530.0
Uttar Pradesh,Bindki APMC,Onion,2024-02-15,3.4,1480.0
Uttar Pradesh,Bindki APMC,Onion,2024-02-16,3.6,1450.0
Uttar Pradesh,Bindki APMC,Onion,2024-02-17,3.7,1430.0
Uttar Pradesh,Bindki APMC,Onion,2024-02-18,3.2,1450.0
Uttar Pradesh,Bindki APMC,Onion,2024-02-19,3.0,1430.0
Uttar Pradesh,Bindki APMC,Onion,2024-02-20,3.2,1540.0
Uttar Pradesh,Bindki APMC,Onion,2024-02-21,2.7,1580.0
Uttar Pradesh,Bindki APMC,Onion,2024-02-22,2.7,1600.0
Uttar Pradesh,Bindki APMC,Onion,2024-02-23,3.5,1580.0
Uttar Pradesh,Bindki APMC,Onion,2024-02-24,3.6,1550.0
Uttar Pradesh,Bindki APMC,Onion,2024-02-25,2.8,1530.0
Uttar Pradesh,Bindki APMC,Onion,2024-02-26,3.0,1540.0
Uttar Pradesh,Bindki APMC,Onion,2024-02-27,2.5,1600.0
Uttar Pradesh,Bindki APMC,Onion,2024-02-28,2.8,1580.0
Uttar Pradesh,Bindki APMC,Onion,2024-02-29,2.5,1600.0
Uttar Pradesh,Bindki APMC,Onion,2024-03-01,3.5,1570.0
Uttar Pradesh,Bindki APMC,Onion,2024-03-02,1.0,1600.0
Uttar Pradesh,Bindki APMC,Onion,2024-03-03,2.8,1630.0
Uttar Pradesh,Bindki APMC,Onion,2024-03-04,2.8,1640.0
Uttar Pradesh,Bindki APMC,Onion,2024-03-05,2.9,1630.0
Uttar Pradesh,Bindki APMC,Onion,2024-03-06,2.5,1650.0
Uttar Pradesh,Bindki APMC,Onion,2024-03-07,2.6,1630.0
Uttar Pradesh,Bindki APMC,Onion,2024-03-08,2.4,1670.0
Uttar Pradesh,Bindki APMC,Onion,2024-03-09,0.5,1650.0
Uttar Pradesh,Bindki APMC,Onion,2024-03-10,2.6,1660.0
Uttar Pradesh,Bindki APMC,Onion,2024-03-11,2.8,1650.0
Uttar Pradesh,Bindki APMC,Onion,2024-03-12,2.5,1670.0
Uttar Pradesh,Bindki APMC,Onion,2024-03-13,2.2,1730.0
Uttar Pradesh,Bindki APMC,Onion,2024-03-14,2.8,1690.0
Uttar Pradesh,Bindki APMC,Onion,2024-03-15,2.2,1710.0
Uttar Pradesh,Bindki APMC,Onion,2024-03-17,2.0,1840.0
Uttar Pradesh,Bindki APMC,Onion,2024-03-18,2.0,1820.0
Uttar Pradesh,Bindki APMC,Onion,2024-03-20,1.0,1930.0
Uttar Pradesh,Bindki APMC,Onion,2024-03-21,1.0,1940.0
Uttar Pradesh,Bindki APMC,Onion,2024-03-22,2.0,1900.0
Uttar Pradesh,Bindki APMC,Onion,2024-03-23,0.4,1980.0
Uttar Pradesh,Bindki APMC,Onion,2024-03-24,1.4,1920.0
Uttar Pradesh,Bindki APMC,Onion,2024-03-26,1.5,1940.0
Uttar Pradesh,Bindki APMC,Onion,2024-03-27,1.5,1970.0
Uttar Pradesh,Bindki APMC,Onion,2024-03-28,1.3,1990.0
Uttar Pradesh,Bindki APMC,Onion,2024-03-29,1.5,1900.0
Uttar Pradesh,Bindki APMC,Onion,2024-03-31,1.8,1920.0
Uttar Pradesh,Bindki APMC,Potato,2024-01-01,40.0,610.0
Uttar Pradesh,Bindki APMC,Potato,2024-01-02,30.0,640.0
Uttar Pradesh,Bindki APMC,Potato,2024-01-03,15.0,680.0
Uttar Pradesh,Bindki APMC,Potato,2024-01-04,20.0,670.0
Uttar Pradesh,Bindki APMC,Potato,2024-01-05,40.0,660.0
Uttar Pradesh,Bindki APMC,Potato,2024-01-07,30.0,680.0
Uttar Pradesh,Bindki APMC,Potato,2024-01-08,30.0,640.0
Uttar Pradesh,Bindki APMC,Potato,2024-01-09,20.0,680.0
Uttar Pradesh,Bindki APMC,Potato,2024-01-10,30.0,720.0
Uttar Pradesh,Bindki APMC,Potato,2024-01-11,35.0,730.0
Uttar Pradesh,Bindki APMC,Potato,2024-01-12,30.0,710.0
Uttar Pradesh,Bindki APMC,Potato,2024-01-15,50.0,730.0
Uttar Pradesh,Bindki APMC,Potato,2024-01-16,50.0,720.0
Uttar Pradesh,Bindki APMC,Potato,2024-01-17,50.0,680.0
Uttar Pradesh,Bindki APMC,Potato,2024-01-18,40.0,700.0
Uttar Pradesh,Bindki APMC,Potato,2024-01-19,30.0,730.0
Uttar Pradesh,Bindki APMC,Potato,2024-01-20,30.0,750.0
Uttar Pradesh,Bindki APMC,Potato,2024-01-21,30.0,730.0
Uttar Pradesh,Bindki APMC,Potato,2024-01-22,30.0,770.0
Uttar Pradesh,Bindki APMC,Potato,2024-01-23,30.0,730.0
Uttar Pradesh,Bindki APMC,Potato,2024-01-24,50.0,680.0
Uttar Pradesh,Bindki APMC,Potato,2024-01-26,30.0,670.0
Uttar Pradesh,Bindki APMC,Potato,2024-01-27,40.0,660.0
Uttar Pradesh,Bindki APMC,Potato,2024-01-28,40.0,640.0
Uttar Pradesh,Bindki APMC,Potato,2024-01-29,30.0,680.0
Uttar Pradesh,Bindki APMC,Potato,2024-01-30,30.0,660.0
Uttar Pradesh,Bindki APMC,Potato,2024-01-31,35.0,640.0
Uttar Pradesh,Bindki APMC,Potato,2024-02-01,30.0,650.0
Uttar Pradesh,Bindki APMC,Potato,2024-02-02,34.0,670.0
Uttar Pradesh,Bindki APMC,Potato,2024-02-03,40.0,660.0
Uttar Pradesh,Bindki APMC,Potato,2024-02-05,34.0,660.0
Uttar Pradesh,Bindki APMC,Potato,2024-02-06,30.0,650.0
Uttar Pradesh,Bindki APMC,Potato,2024-02-07,40.0,660.0
Uttar Pradesh,Bindki APMC,Potato,2024-02-08,30.0,670.0
Uttar Pradesh,Bindki APMC,Potato,2024-02-09,40.0,650.0
Uttar Pradesh,Bindki APMC,Potato,2024-02-10,20.0,680.0
Uttar Pradesh,Bindki APMC,Potato,2024-02-11,40.0,650.0
Uttar Pradesh,Bindki APMC,Potato,2024-02-12,35.0,650.0
Uttar Pradesh,Bindki APMC,Potato,2024-02-13,28.0,700.0
Uttar Pradesh,Bindki APMC,Potato,2024-02-14,40.0,650.0
Uttar Pradesh,Bindki APMC,Potato,2024-02-15,20.0,700.0
Uttar Pradesh,Bindki APMC,Potato,2024-02-16,30.0,710.0
Uttar Pradesh,Bindki APMC,Potato,2024-02-17,25.0,720.0
Uttar Pradesh,Bindki APMC,Potato,2024-02-18,24.0,700.0
Uttar Pradesh,Bindki APMC,Potato,2024-02-19,20.0,740.0
Uttar Pradesh,Bindki APMC,Potato,2024-02-20,18.0,900.0
Uttar Pradesh,Bindki APMC,Potato,2024-02-21,15.0,1000.0
Uttar Pradesh,Bindki APMC,Potato,2024-02-22,20.0,1020.0
Uttar Pradesh,Bindki APMC,Potato,2024-02-23,25.0,1010.0
Uttar Pradesh,Bindki APMC,Potato,2024-02-24,40.0,980.0
Uttar Pradesh,Bindki APMC,Potato,2024-02-25,10.0,1020.0
Uttar Pradesh,Bindki APMC,Potato,2024-02-26,30.0,990.0
Uttar Pradesh,Bindki APMC,Potato,2024-02-27,30.0,980.0
Uttar Pradesh,Bindki APMC,Potato,2024-02-28,30.0,970.0
Uttar Pradesh,Bindki APMC,Potato,2024-02-29,25.0,1000.0
Uttar Pradesh,Bindki APMC,Potato,2024-03-01,35.0,980.0
Uttar Pradesh,Bindki APMC,Potato,2024-03-02,10.0,1000.0
Uttar Pradesh,Bindki APMC,Potato,2024-03-03,30.0,960.0
Uttar Pradesh,Bindki APMC,Potato,2024-03-04,32.0,970.0
Uttar Pradesh,Bindki APMC,Potato,2024-03-05,28.0,1000.0
Uttar Pradesh,Bindki APMC,Potato,2024-03-06,25.0,1020.0
Uttar Pradesh,Bindki APMC,Potato,2024-03-07,23.0,1040.0
Uttar Pradesh,Bindki APMC,Potato,2024-03-08,30.0,1020.0
Uttar Pradesh,Bindki APMC,Potato,2024-03-09,10.0,1010.0
Uttar Pradesh,Bindki APMC,Potato,2024-03-10,35.0,1040.0
Uttar Pradesh,Bindki APMC,Potato,2024-03-11,28.0,1080.0
Uttar Pradesh,Bindki APMC,Potato,2024-03-12,25.0,1150.0
Uttar Pradesh,Bindki APMC,Potato,2024-03-13,24.0,1200.0
Uttar Pradesh,Bindki APMC,Potato,2024-03-14,22.0,1260.0
Uttar Pradesh,Bindki APMC,Potato,2024-03-15,18.0,1320.0
Uttar Pradesh,Bindki APMC,Potato,2024-03-17,17.0,1380.0
Uttar Pradesh,Bindki APMC,Potato,2024-03-18,22.0,1370.0
Uttar Pradesh,Bindki APMC,Potato,2024-03-20,18.0,1370.0
Uttar Pradesh,Bindki APMC,Potato,2024-03-21,17.0,1390.0
Uttar Pradesh,Bindki APMC,Potato,2024-03-22,30.0,1350.0
Uttar Pradesh,Bindki APMC,Potato,2024-03-23,2.0,1370.0
Uttar Pradesh,Bindki APMC,Potato,2024-03-24,20.0,1350.0
Uttar Pradesh,Bindki APMC,Potato,2024-03-26,20.0,1340.0
Uttar Pradesh,Bindki APMC,Potato,2024-03-27,25.0,1330.0
Uttar Pradesh,Bindki APMC,Potato,2024-03-28,18.0,1360.0
Uttar Pradesh,Bindki APMC,Potato,2024-03-29,20.0,1350.0
Uttar Pradesh,Bindki APMC,Potato,2024-03-31,18.0,1340.0
Uttar Pradesh,Bindki APMC,Rice,2024-01-02,130.0,2540.0
Uttar Pradesh,Bindki APMC,Rice,2024-01-03,40.0,2500.0
Uttar Pradesh,Bindki APMC,Rice,2024-01-04,130.0,2540.0
Uttar Pradesh,Bindki APMC,Rice,2024-01-05,180.0,2560.0
Uttar Pradesh,Bindki APMC,Rice,2024-01-07,264.0,2550.0
Uttar Pradesh,Bindki APMC,Rice,2024-01-08,130.0,2560.0
Uttar Pradesh,Bindki APMC,Rice,2024-01-09,100.0,2580.0
Uttar Pradesh,Bindki APMC,Rice,2024-01-10,170.0,2570.0
Uttar Pradesh,Bindki APMC,Rice,2024-01-11,210.0,2530.0
Uttar Pradesh,Bindki APMC,Rice,2024-01-12,470.0,2550.0
Uttar Pradesh,Bindki APMC,Rice,2024-01-15,140.0,2510.0
Uttar Pradesh,Bindki APMC,Rice,2024-01-16,210.0,2530.0
Uttar Pradesh,Bindki APMC,Rice,2024-01-17,135.0,2530.0
Uttar Pradesh,Bindki APMC,Rice,2024-01-18,75.0,2520.0
Uttar Pradesh,Bindki APMC,Rice,2024-01-19,130.0,2600.0
Uttar Pradesh,Bindki APMC,Rice,2024-01-22,350.0,2570.0
Uttar Pradesh,Bindki APMC,Rice,2024-01-23,190.0,2540.0
Uttar Pradesh,Bindki APMC,Rice,2024-01-24,360.0,2560.0
Uttar Pradesh,Bindki APMC,Rice,2024-01-25,2010.0,5046.666666666667
Uttar Pradesh,Bindki APMC,Rice,2024-01-26,619.5,4785.0
Uttar Pradesh,Bindki APMC,Rice,2024-01-28,12.0,2650.0
Uttar Pradesh,Bindki APMC,Rice,2024-01-29,84.0,5750.0
Uttar Pradesh,Bindki APMC,Rice,2024-01-30,222.0,5600.0
Uttar Pradesh,Bindki APMC,Rice,2024-01-31,192.0,4015.0
Uttar Pradesh,Bindki APMC,Rice,2024-02-01,198.999999,5616.666666666667
Uttar Pradesh,Bindki APMC,Rice,2024-02-02,278.000001,5626.666666666667
Uttar Pradesh,Bindki APMC,Rice,2024-02-05,50.0,2540.0
Uttar Pradesh,Bindki APMC,Rice,2024-02-06,60.0,2550.0
Uttar Pradesh,Bindki APMC,Rice,2024-02-07,440.000001,5643.333333333333
Uttar Pradesh,Bindki APMC,Rice,2024-02-08,311.799999,5586.666666666666
Uttar Pradesh,Bindki APMC,Rice,2024-02-09,105.0,5676.666666666667
Uttar Pradesh,Bindki APMC,Rice,2024-02-11,116.000001,5633.333333333333
Uttar Pradesh,Bindki APMC,Rice,2024-02-12,44.000001,5663.333333333334
Uttar Pradesh,Bindki APMC,Rice,2024-02-13,191.000001,5706.666666666667
Uttar Pradesh,Bindki APMC,Rice,2024-02-14,116.000001,5633.333333333333
Uttar Pradesh,Bindki APMC,Rice,2024-02-15,107.000001,5599.999999999999
Uttar Pradesh,Bindki APMC,Rice,2024-02-16,237.0,5653.333333333333
Uttar Pradesh,Bindki APMC,Rice,2024-02-18,186.0,5500.0
Uttar Pradesh,Bindki APMC,Rice,2024-02-19,156.999999,5600.0
Uttar Pradesh,Bindki APMC,Rice,2024-02-20,135.0,5636.666666666667
Uttar Pradesh,Bindki APMC,Rice,2024-02-21,103.5,5513.333333333333
Uttar Pradesh,Bindki APMC,Rice,2024-02-22,332.499999,5613.333333333333
Uttar Pradesh,Bindki APMC,Rice,2024-02-23,669.999999,5596.666666666667
Uttar Pradesh,Bindki APMC,Rice,2024-02-25,279.0,5686.666666666667
Uttar Pradesh,Bindki APMC,Rice,2024-02-26,186.999999,5653.333333333334
Uttar Pradesh,Bindki APMC,Rice,2024-02-27,108.0,2580.0
Uttar Pradesh,Bindki APMC,Rice,2024-02-28,309.999999,5726.666666666667
Uttar Pradesh,Bindki APMC,Rice,2024-02-29,248.000001,5683.333333333334
Uttar Pradesh,Bindki APMC,Rice,2024-03-01,366.999999,5773.333333333334
Uttar Pradesh,Bindki APMC,Rice,2024-03-03,130.0,2800.0
Uttar Pradesh,Bindki APMC,Rice,2024-03-04,153.999999,5600.0
Uttar Pradesh,Bindki APMC,Rice,2024-03-05,83.000001,5600.0
Uttar Pradesh,Bindki APMC,Rice,2024-03-06,297.0,5566.666666666667
Uttar Pradesh,Bindki APMC,Rice,2024-03-07,242.000001,5613.333333333334
Uttar Pradesh,Bindki APMC,Rice,2024-03-10,365.0,4325.0
Uttar Pradesh,Bindki APMC,Rice,2024-03-11,194.000001,5750.0
Uttar Pradesh,Bindki APMC,Rice,2024-03-12,119.000001,5806.666666666666
Uttar Pradesh,Bindki APMC,Rice,2024-03-13,260.000001,5886.666666666667
Uttar Pradesh,Bindki APMC,Rice,2024-03-14,320.000001,5953.333333333334
Uttar Pradesh,Bindki APMC,Rice,2024-03-15,630.0,6016.666666666667
Uttar Pradesh,Bindki APMC,Rice,2024-03-17,729.999999,5970.000000000001
Uttar Pradesh,Bindki APMC,Rice,2024-03-18,624.999999,5933.333333333334
Uttar Pradesh,Bindki APMC,Rice,2024-03-20,310.0,4485.0
Uttar Pradesh,Bindki APMC,Rice,2024-03-21,699.999999,5906.666666666666
Uttar Pradesh,Bindki APMC,Rice,2024-03-22,720.0,5833.333333333333
Uttar Pradesh,Bindki APMC,Rice,2024-03-26,1.2,2700.0
Uttar Pradesh,Bindki APMC,Rice,2024-03-27,104.5,2590.0
Uttar Pradesh,Bindki APMC,Rice,2024-03-28,659.000001,5846.666666666667
Uttar Pradesh,Bindki APMC,Rice,2024-03-29,435.0,5933.333333333333
Uttar Pradesh,Bindki APMC,Rice,2024-03-31,1130.0,4445.0
Uttar Pradesh,Bindki APMC,Wheat,2024-01-02,80.0,2450.0
Uttar Pradesh,Bindki APMC,Wheat,2024-01-03,400.0,2520.0
Uttar Pradesh,Bindki APMC,Wheat,2024-01-04,260.0,2480.0
Uttar Pradesh,Bindki APMC,Wheat,2024-01-05,400.0,2500.0
Uttar Pradesh,Bindki APMC,Wheat,2024-01-07,490.0,2530.0
Uttar Pradesh,Bindki APMC,Wheat,2024-01-08,230.0,2510.0
Uttar Pradesh,Bindki APMC,Wheat,2024-01-09,380.0,2560.0
Uttar Pradesh,Bindki APMC,Wheat,2024-01-10,430.0,2550.0
Uttar Pradesh,Bindki APMC,Wheat,2024-01-11,294.0,2590.0
Uttar Pradesh,Bindki APMC,Wheat,2024-01-12,420.0,2570.0
Uttar Pradesh,Bindki APMC,Wheat,2024-01-15,380.0,2530.0
Uttar Pradesh,Bindki APMC,Wheat,2024-01-16,420.0,2550.0
Uttar Pradesh,Bindki APMC,Wheat,2024-01-17,435.0,2500.0
Uttar Pradesh,Bindki APMC,Wheat,2024-01-18,560.0,2540.0
Uttar Pradesh,Bindki APMC,Wheat,2024-01-19,155.0,2580.0
Uttar Pradesh,Bindki APMC,Wheat,2024-01-22,430.0,2560.0
Uttar Pradesh,Bindki APMC,Wheat,2024-01-23,500.0,2570.0
Uttar Pradesh,Bindki APMC,Wheat,2024-01-24,610.0,2550.0
Uttar Pradesh,Bindki APMC,Wheat,2024-01-25,540.0,2580.0
Uttar Pradesh,Bindki APMC,Wheat,2024-01-26,410.0,2560.0
Uttar Pradesh,Bindki APMC,Wheat,2024-01-28,80.0,2500.0
Uttar Pradesh,Bindki APMC,Wheat,2024-01-29,310.0,2530.0
Uttar Pradesh,Bindki APMC,Wheat,2024-01-30,190.0,2590.0
Uttar Pradesh,Bindki APMC,Wheat,2024-01-31,192.0,2250.0
Uttar Pradesh,Bindki APMC,Wheat,2024-02-01,330.0,2520.0
Uttar Pradesh,Bindki APMC,Wheat,2024-02-02,780.0,2480.0
Uttar Pradesh,Bindki APMC,Wheat,2024-02-05,250.0,2450.0
Uttar Pradesh,Bindki APMC,Wheat,2024-02-06,200.0,2480.0
Uttar Pradesh,Bindki APMC,Wheat,2024-02-07,370.0,2510.0
Uttar Pradesh,Bindki APMC,Wheat,2024-02-08,300.0,2440.0
Uttar Pradesh,Bindki APMC,Wheat,2024-02-09,260.0,2420.0
Uttar Pradesh,Bindki APMC,Wheat,2024-02-11,500.0,2420.0
Uttar Pradesh,Bindki APMC,Wheat,2024-02-12,465.0,2410.0
Uttar Pradesh,Bindki APMC,Wheat,2024-02-13,280.0,2430.0
Uttar Pradesh,Bindki APMC,Wheat,2024-02-14,500.0,2420.0
Uttar Pradesh,Bindki APMC,Wheat,2024-02-15,150.0,2400.0
Uttar Pradesh,Bindki APMC,Wheat,2024-02-16,200.0,2400.0
Uttar Pradesh,Bindki APMC,Wheat,2024-02-18,153.0,2440.0
Uttar Pradesh,Bindki APMC,Wheat,2024-02-19,110.0,2400.0
Uttar Pradesh,Bindki APMC,Wheat,2024-02-20,198.0,2420.0
Uttar Pradesh,Bindki APMC,Wheat,2024-02-21,150.0,2440.0
Uttar Pradesh,Bindki APMC,Wheat,2024-02-22,333.0,2420.0
Uttar Pradesh,Bindki APMC,Wheat,2024-02-23,240.0,2410.0
Uttar Pradesh,Bindki APMC,Wheat,2024-02-25,150.0,2400.0
Uttar Pradesh,Bindki APMC,Wheat,2024-02-26,120.0,2400.0
Uttar Pradesh,Bindki APMC,Wheat,2024-02-27,110.0,2430.0
Uttar Pradesh,Bindki APMC,Wheat,2024-02-28,125.0,2380.0
Uttar Pradesh,Bindki APMC,Wheat,2024-02-29,150.0,2430.0
Uttar Pradesh,Bindki APMC,Wheat,2024-03-01,350.0,2440.0
Uttar Pradesh,Bindki APMC,Wheat,2024-03-03,80.0,2390.0
Uttar Pradesh,Bindki APMC,Wheat,2024-03-04,200.0,2380.0
Uttar Pradesh,Bindki APMC,Wheat,2024-03-05,95.0,2400.0
Uttar Pradesh,Bindki APMC,Wheat,2024-03-06,228.0,2450.0
Uttar Pradesh,Bindki APMC,Wheat,2024-03-07,170.0,2480.0
Uttar Pradesh,Bindki APMC,Wheat,2024-03-10,100.0,2540.0
Uttar Pradesh,Bindki APMC,Wheat,2024-03-11,210.0,2550.0
Uttar Pradesh,Bindki APMC,Wheat,2024-03-12,220.0,2510.0
Uttar Pradesh,Bindki APMC,Wheat,2024-03-13,190.0,2460.0
Uttar Pradesh,Bindki APMC,Wheat,2024-03-14,156.0,2430.0
Uttar Pradesh,Bindki APMC,Wheat,2024-03-15,265.0,2420.0
Uttar Pradesh,Bindki APMC,Wheat,2024-03-17,75.0,2410.0
Uttar Pradesh,Bindki APMC,Wheat,2024-03-18,180.0,2460.0
Uttar Pradesh,Bindki APMC,Wheat,2024-03-20,50.0,2420.0
Uttar Pradesh,Bindki APMC,Wheat,2024-03-21,60.0,2430.0
Uttar Pradesh,Bindki APMC,Wheat,2024-03-22,48.0,2400.0
Uttar Pradesh,Bindki APMC,Wheat,2024-03-26,1.0,2400.0
Uttar Pradesh,Bindki APMC,Wheat,2024-03-27,4.0,2420.0
Uttar Pradesh,Bindki APMC,Wheat,2024-03-28,140.0,2530.0
Uttar Pradesh,Bindki APMC,Wheat,2024-03-29,280.0,2400.0
Uttar Pradesh,Bindki APMC,Wheat,2024-03-31,110.0,2450.0
Uttar Pradesh,Chandoli APMC,Onion,2024-01-01,75.0,700.0
Uttar Pradesh,Chandoli APMC,Onion,2024-01-02,14.0,1830.0
Uttar Pradesh,Chandoli APMC,Onion,2024-01-03,20.0,1850.0
Uttar Pradesh,Chandoli APMC,Onion,2024-01-04,17.0,1800.0
Uttar Pradesh,Chandoli APMC,Onion,2024-01-05,15.0,1760.0
Uttar Pradesh,Chandoli APMC,Onion,2024-01-06,11.0,1760.0
Uttar Pradesh,Chandoli APMC,Onion,2024-01-08,12.0,1730.0
Uttar Pradesh,Chandoli APMC,Onion,2024-01-09,15.0,1730.0
Uttar Pradesh,Chandoli APMC,Onion,2024-01-10,10.0,1700.0
Uttar Pradesh,Chandoli APMC,Onion,2024-01-11,8.0,1680.0
Uttar Pradesh,Chandoli APMC,Onion,2024-01-12,16.0,1650.0
Uttar Pradesh,Chandoli APMC,Onion,2024-01-15,11.0,1700.0
Uttar Pradesh,Chandoli APMC,Onion,2024-01-16,10.0,1720.0
Uttar Pradesh,Chandoli APMC,Onion,2024-01-17,9.0,1760.0
Uttar Pradesh,Chandoli APMC,Onion,2024-01-18,7.0,1750.0
Uttar Pradesh,Chandoli APMC,Onion,2024-01-19,6.0,1760.0
Uttar Pradesh,Chandoli APMC,Onion,2024-01-22,7.0,1800.0
Uttar Pradesh,Chandoli APMC,Onion,2024-01-23,8.0,1790.0
Uttar Pradesh,Chandoli APMC,Onion,2024-01-24,7.0,1800.0
Uttar Pradesh,Chandoli APMC,Onion,2024-01-25,8.0,1850.0
Uttar Pradesh,Chandoli APMC,Onion,2024-01-27,7.0,1840.0
Uttar Pradesh,Chandoli APMC,Onion,2024-01-28,8.0,1800.0
Uttar Pradesh,Chandoli APMC,Onion,2024-01-29,7.0,1820.0
Uttar Pradesh,Chandoli APMC,Onion,2024-01-30,8.0,1720.0
Uttar Pradesh,Chandoli APMC,Onion,2024-01-31,7.0,1725.0
Uttar Pradesh,Chandoli APMC,Onion,2024-02-02,6.0,1600.0
Uttar Pradesh,Chandoli APMC,Onion,2024-02-03,5.0,1620.0
Uttar Pradesh,Chandoli APMC,Onion,2024-02-05,7.5,1600.0
Uttar Pradesh,Chandoli APMC,Onion,2024-02-06,9.0,1500.0
Uttar Pradesh,Chandoli APMC,Onion,2024-02-07,7.0,1520.0
Uttar Pradesh,Chandoli APMC,Onion,2024-02-08,8.0,1510.0
Uttar Pradesh,Chandoli APMC,Onion,2024-02-12,10.0,1430.0
Uttar Pradesh,Chandoli APMC,Onion,2024-02-14,13.0,1350.0
Uttar Pradesh,Chandoli APMC,Onion,2024-02-15,10.0,1350.0
Uttar Pradesh,Chandoli APMC,Onion,2024-02-16,8.0,1375.0
Uttar Pradesh,Chandoli APMC,Onion,2024-02-17,9.0,1350.0
Uttar Pradesh,Chandoli APMC,Onion,2024-02-19,6.0,1380.0
Uttar Pradesh,Chandoli APMC,Onion,2024-02-20,7.0,1370.0
Uttar Pradesh,Chandoli APMC,Onion,2024-02-21,8.0,1425.0
Uttar Pradesh,Chandoli APMC,Onion,2024-02-22,9.0,1375.0
Uttar Pradesh,Chandoli APMC,Onion,2024-02-23,10.0,1530.0
Uttar Pradesh,Chandoli APMC,Onion,2024-02-24,8.0,1525.0
Uttar Pradesh,Chandoli APMC,Onion,2024-02-26,8.0,1600.0
Uttar Pradesh,Chandoli APMC,Onion,2024-02-27,6.0,1650.0
Uttar Pradesh,Chandoli APMC,Onion,2024-02-28,5.0,1700.0
Uttar Pradesh,Chandoli APMC,Onion,2024-03-02,7.0,1770.0
Uttar Pradesh,Chandoli APMC,Onion,2024-03-04,11.0,1900.0
Uttar Pradesh,Chandoli APMC,Onion,2024-03-05,15.0,1825.0
Uttar Pradesh,Chandoli APMC,Onion,2024-03-06,14.0,1830.0
Uttar Pradesh,Chandoli APMC,Onion,2024-03-07,15.0,1800.0
Uttar Pradesh,Chandoli APMC,Onion,2024-03-08,17.0,1800.0
Uttar Pradesh,Chandoli APMC,Onion,2024-03-09,22.0,1725.0
Uttar Pradesh,Chandoli APMC,Onion,2024-03-11,20.0,1800.0
Uttar Pradesh,Chandoli APMC,Onion,2024-03-12,22.5,1800.0
Uttar Pradesh,Chandoli APMC,Onion,2024-03-13,20.0,1800.0
Uttar Pradesh,Chandoli APMC,Onion,2024-03-14,7.0,1870.0
Uttar Pradesh,Chandoli APMC,Onion,2024-03-16,8.0,1925.0
Uttar Pradesh,Chandoli APMC,Onion,2024-03-18,12.0,1920.0
Uttar Pradesh,Chandoli APMC,Onion,2024-03-19,14.0,1900.0
Uttar Pradesh,Chandoli APMC,Onion,2024-03-20,13.0,1900.0
Uttar Pradesh,Chandoli APMC,Onion,2024-03-21,12.0,1850.0
Uttar Pradesh,Chandoli APMC,Onion,2024-03-22,14.0,1850.0
Uttar Pradesh,Chandoli APMC,Onion,2024-03-23,11.0,1880.0
Uttar Pradesh,Chandoli APMC,Onion,2024-03-27,15.0,1825.0
Uttar Pradesh,Chandoli APMC,Onion,2024-03-28,18.0,1780.0
Uttar Pradesh,Chandoli APMC,Onion,2024-03-29,20.0,1750.0
Uttar Pradesh,Chandoli APMC,Onion,2024-03-30,21.0,1750.0
Uttar Pradesh,Chandoli APMC,Potato,2024-01-01,70.0,750.0
Uttar Pradesh,Chandoli APMC,Potato,2024-01-02,70.0,745.0
Uttar Pradesh,Chandoli APMC,Potato,2024-01-03,80.0,730.0
Uttar Pradesh,Chandoli APMC,Potato,2024-01-04,85.0,725.0
Uttar Pradesh,Chandoli APMC,Potato,2024-01-05,90.0,700.0
Uttar Pradesh,Chandoli APMC,Potato,2024-01-06,95.0,730.0
Uttar Pradesh,Chandoli APMC,Potato,2024-01-08,90.0,730.0
Uttar Pradesh,Chandoli APMC,Potato,2024-01-09,105.0,685.0
Uttar Pradesh,Chandoli APMC,Potato,2024-01-10,90.0,625.0
Uttar Pradesh,Chandoli APMC,Potato,2024-01-11,85.0,650.0
Uttar Pradesh,Chandoli APMC,Potato,2024-01-12,90.0,640.0
Uttar Pradesh,Chandoli APMC,Potato,2024-01-15,75.0,660.0
Uttar Pradesh,Chandoli APMC,Potato,2024-01-16,80.0,650.0
Uttar Pradesh,Chandoli APMC,Potato,2024-01-17,85.0,650.0
Uttar Pradesh,Chandoli APMC,Potato,2024-01-18,90.0,650.0
Uttar Pradesh,Chandoli APMC,Potato,2024-01-19,80.0,670.0
Uttar Pradesh,Chandoli APMC,Potato,2024-01-22,80.0,650.0
Uttar Pradesh,Chandoli APMC,Potato,2024-01-23,90.0,650.0
Uttar Pradesh,Chandoli APMC,Potato,2024-01-24,80.0,650.0
Uttar Pradesh,Chandoli APMC,Potato,2024-01-25,85.0,680.0
Uttar Pradesh,Chandoli APMC,Potato,2024-01-27,80.0,700.0
Uttar Pradesh,Chandoli APMC,Potato,2024-01-28,90.0,670.0
Uttar Pradesh,Chandoli APMC,Potato,2024-01-29,85.0,690.0
Uttar Pradesh,Chandoli APMC,Potato,2024-01-30,90.0,670.0
Uttar Pradesh,Chandoli APMC,Potato,2024-01-31,85.0,690.0
Uttar Pradesh,Chandoli APMC,Potato,2024-02-02,80.0,680.0
Uttar Pradesh,Chandoli APMC,Potato,2024-02-03,90.0,665.0
Uttar Pradesh,Chandoli APMC,Potato,2024-02-05,75.0,660.0
Uttar Pradesh,Chandoli APMC,Potato,2024-02-06,73.0,690.0
Uttar Pradesh,Chandoli APMC,Potato,2024-02-07,72.0,700.0
Uttar Pradesh,Chandoli APMC,Potato,2024-02-08,70.0,715.0
Uttar Pradesh,Chandoli APMC,Potato,2024-02-14,85.0,680.0
Uttar Pradesh,Chandoli APMC,Potato,2024-02-15,80.0,690.0
Uttar Pradesh,Chandoli APMC,Potato,2024-02-16,65.0,720.0
Uttar Pradesh,Chandoli APMC,Potato,2024-02-17,70.0,690.0
Uttar Pradesh,Chandoli APMC,Potato,2024-02-19,45.0,725.0
Uttar Pradesh,Chandoli APMC,Potato,2024-02-20,40.0,740.0
Uttar Pradesh,Chandoli APMC,Potato,2024-02-21,45.0,780.0
Uttar Pradesh,Chandoli APMC,Potato,2024-02-22,50.0,750.0
Uttar Pradesh,Chandoli APMC,Potato,2024-02-23,50.0,800.0
Uttar Pradesh,Chandoli APMC,Potato,2024-02-24,45.0,825.0
Uttar Pradesh,Chandoli APMC,Potato,2024-02-26,45.0,835.0
Uttar Pradesh,Chandoli APMC,Potato,2024-02-27,41.0,860.0
Uttar Pradesh,Chandoli APMC,Potato,2024-02-28,40.0,900.0
Uttar Pradesh,Chandoli APMC,Potato,2024-03-02,43.0,900.0
Uttar Pradesh,Chandoli APMC,Potato,2024-03-04,48.0,925.0
Uttar Pradesh,Chandoli APMC,Potato,2024-03-05,46.0,930.0
Uttar Pradesh,Chandoli APMC,Potato,2024-03-06,43.0,950.0
Uttar Pradesh,Chandoli APMC,Potato,2024-03-07,40.0,980.0
Uttar Pradesh,Chandoli APMC,Potato,2024-03-08,38.0,1000.0
Uttar Pradesh,Chandoli APMC,Potato,2024-03-09,35.0,1070.0
Uttar Pradesh,Chandoli APMC,Potato,2024-03-11,35.0,1100.0
Uttar Pradesh,Chandoli APMC,Potato,2024-03-12,30.0,1140.0
Uttar Pradesh,Chandoli APMC,Potato,2024-03-13,28.0,1200.0
Uttar Pradesh,Chandoli APMC,Potato,2024-03-14,35.0,1215.0
Uttar Pradesh,Chandoli APMC,Potato,2024-03-16,36.0,1365.0
Uttar Pradesh,Chandoli APMC,Potato,2024-03-18,40.0,1390.0
Uttar Pradesh,Chandoli APMC,Potato,2024-03-19,45.0,1425.0
Uttar Pradesh,Chandoli APMC,Potato,2024-03-20,48.0,1400.0
Uttar Pradesh,Chandoli APMC,Potato,2024-03-21,45.0,1400.0
Uttar Pradesh,Chandoli APMC,Potato,2024-03-22,43.0,1400.0
Uttar Pradesh,Chandoli APMC,Potato,2024-03-23,32.0,1400.0
Uttar Pradesh,Chandoli APMC,Potato,2024-03-27,26.0,1425.0
Uttar Pradesh,Chandoli APMC,Potato,2024-03-28,28.0,1420.0
Uttar Pradesh,Chandoli APMC,Potato,2024-03-29,26.0,1450.0
Uttar Pradesh,Chandoli APMC,Potato,2024-03-30,25.0,1450.0
Uttar Pradesh,Chandoli APMC,Rice,2024-01-01,37.0,2760.0
Uttar Pradesh,Chandoli APMC,Rice,2024-01-02,36.0,2760.0
Uttar Pradesh,Chandoli APMC,Rice,2024-01-03,35.0,2760.0
Uttar Pradesh,Chandoli APMC,Rice,2024-01-04,34.0,2760.0
Uttar Pradesh,Chandoli APMC,Rice,2024-01-05,37.0,2760.0
Uttar Pradesh,Chandoli APMC,Rice,2024-01-06,38.0,2760.0
Uttar Pradesh,Chandoli APMC,Rice,2024-01-08,37.0,2670.0
Uttar Pradesh,Chandoli APMC,Rice,2024-01-09,36.0,2720.0
Uttar Pradesh,Chandoli APMC,Rice,2024-01-10,30.0,2720.0
Uttar Pradesh,Chandoli APMC,Rice,2024-01-11,31.0,2720.0
Uttar Pradesh,Chandoli APMC,Rice,2024-01-12,34.0,2720.0
Uttar Pradesh,Chandoli APMC,Rice,2024-01-15,32.0,2725.0
Uttar Pradesh,Chandoli APMC,Rice,2024-01-16,34.0,2725.0
Uttar Pradesh,Chandoli APMC,Rice,2024-01-17,35.0,2725.0
Uttar Pradesh,Chandoli APMC,Rice,2024-01-18,30.0,2700.0
Uttar Pradesh,Chandoli APMC,Rice,2024-01-19,29.0,2700.0
Uttar Pradesh,Chandoli APMC,Rice,2024-01-22,45.0,2700.0
Uttar Pradesh,Chandoli APMC,Rice,2024-01-23,43.0,2720.0
Uttar Pradesh,Chandoli APMC,Rice,2024-01-24,46.0,2720.0
Uttar Pradesh,Chandoli APMC,Rice,2024-01-25,47.0,2715.0
Uttar Pradesh,Chandoli APMC,Rice,2024-01-27,48.0,2715.0
Uttar Pradesh,Chandoli APMC,Rice,2024-01-28,45.0,2715.0
Uttar Pradesh,Chandoli APMC,Rice,2024-01-29,46.0,2715.0
Uttar Pradesh,Chandoli APMC,Rice,2024-01-30,48.0,2700.0
Uttar Pradesh,Chandoli APMC,Rice,2024-01-31,50.0,2700.0
Uttar Pradesh,Chandoli APMC,Rice,2024-02-01,47.0,2710.0
Uttar Pradesh,Chandoli APMC,Rice,2024-02-02,45.0,2700.0
Uttar Pradesh,Chandoli APMC,Rice,2024-02-03,40.0,2710.0
Uttar Pradesh,Chandoli APMC,Rice,2024-02-04,46.0,2680.0
Uttar Pradesh,Chandoli APMC,Rice,2024-02-05,45.0,2690.0
Uttar Pradesh,Chandoli APMC,Rice,2024-02-06,48.0,2660.0
Uttar Pradesh,Chandoli APMC,Rice,2024-02-07,46.0,2660.0
Uttar Pradesh,Chandoli APMC,Rice,2024-02-08,48.0,2660.0
Uttar Pradesh,Chandoli APMC,Rice,2024-02-12,51.0,2660.0
Uttar Pradesh,Chandoli APMC,Rice,2024-02-14,80.0,2660.0
Uttar Pradesh,Chandoli APMC,Rice,2024-02-15,85.0,2660.0
Uttar Pradesh,Chandoli APMC,Rice,2024-02-16,80.0,2660.0
Uttar Pradesh,Chandoli APMC,Rice,2024-02-17,75.0,2660.0
Uttar Pradesh,Chandoli APMC,Rice,2024-02-18,72.0,2670.0
Uttar Pradesh,Chandoli APMC,Rice,2024-02-19,70.0,2670.0
Uttar Pradesh,Chandoli APMC,Rice,2024-02-20,75.0,2670.0
Uttar Pradesh,Chandoli APMC,Rice,2024-02-21,85.0,2670.0
Uttar Pradesh,Chandoli APMC,Rice,2024-02-22,80.0,2670.0
Uttar Pradesh,Chandoli APMC,Rice,2024-02-23,70.0,2680.0
Uttar Pradesh,Chandoli APMC,Rice,2024-02-24,72.5,2680.0
Uttar Pradesh,Chandoli APMC,Rice,2024-02-25,70.0,2680.0
Uttar Pradesh,Chandoli APMC,Rice,2024-02-26,65.0,2680.0
Uttar Pradesh,Chandoli APMC,Rice,2024-02-27,62.5,2680.0
Uttar Pradesh,Chandoli APMC,Rice,2024-02-28,60.0,2680.0
Uttar Pradesh,Chandoli APMC,Rice,2024-03-01,50.0,2680.0
Uttar Pradesh,Chandoli APMC,Rice,2024-03-02,40.0,2680.0
Uttar Pradesh,Chandoli APMC,Rice,2024-03-03,50.0,2680.0
Uttar Pradesh,Chandoli APMC,Rice,2024-03-04,55.0,2680.0
Uttar Pradesh,Chandoli APMC,Rice,2024-03-05,56.0,2680.0
Uttar Pradesh,Chandoli APMC,Rice,2024-03-06,50.0,2700.0
Uttar Pradesh,Chandoli APMC,Rice,2024-03-07,48.0,2700.0
Uttar Pradesh,Chandoli APMC,Rice,2024-03-08,50.0,2700.0
Uttar Pradesh,Chandoli APMC,Rice,2024-03-09,45.0,2700.0
Uttar Pradesh,Chandoli APMC,Rice,2024-03-10,43.0,2700.0
Uttar Pradesh,Chandoli APMC,Rice,2024-03-11,41.0,2700.0
Uttar Pradesh,Chandoli APMC,Rice,2024-03-12,40.0,2700.0
Uttar Pradesh,Chandoli APMC,Rice,2024-03-13,50.0,2700.0
Uttar Pradesh,Chandoli APMC,Rice,2024-03-14,40.0,2700.0
Uttar Pradesh,Chandoli APMC,Rice,2024-03-16,36.0,2740.0
Uttar Pradesh,Chandoli APMC,Rice,2024-03-17,35.0,2740.0
Uttar Pradesh,Chandoli APMC,Rice,2024-03-18,38.0,2740.0
Uttar Pradesh,Chandoli APMC,Rice,2024-03-19,36.0,2750.0
Uttar Pradesh,Chandoli APMC,Rice,2024-03-20,35.0,2760.0
Uttar Pradesh,Chandoli APMC,Rice,2024-03-21,34.0,2770.0
Uttar Pradesh,Chandoli APMC,Rice,2024-03-22,35.0,2770.0
Uttar Pradesh,Chandoli APMC,Rice,2024-03-23,32.5,2770.0
Uttar Pradesh,Chandoli APMC,Rice,2024-03-27,32.5,2770.0
Uttar Pradesh,Chandoli APMC,Rice,2024-03-28,35.0,2770.0
Uttar Pradesh,Chandoli APMC,Rice,2024-03-29,32.0,2790.0
Uttar Pradesh,Chandoli APMC,Rice,2024-03-30,30.0,2800.0
Uttar Pradesh,Chandoli APMC,Rice,2024-03-31,28.0,2800.0
Uttar Pradesh,Chandoli APMC,Wheat,2024-01-01,20.0,2510.0
Uttar Pradesh,Chandoli APMC,Wheat,2024-01-02,22.0,2510.0
Uttar Pradesh,Chandoli APMC,Wheat,2024-01-03,21.0,2500.0
Uttar Pradesh,Chandoli APMC,Wheat,2024-01-04,22.0,2500.0
Uttar Pradesh,Chandoli APMC,Wheat,2024-01-05,21.0,2520.0
Uttar Pradesh,Chandoli APMC,Wheat,2024-01-06,25.0,2520.0
Uttar Pradesh,Chandoli APMC,Wheat,2024-01-08,19.0,2530.0
Uttar Pradesh,Chandoli APMC,Wheat,2024-01-09,20.0,2520.0
Uttar Pradesh,Chandoli APMC,Wheat,2024-01-10,23.0,2520.0
Uttar Pradesh,Chandoli APMC,Wheat,2024-01-11,24.0,2520.0
Uttar Pradesh,Chandoli APMC,Wheat,2024-01-12,25.0,2520.0
Uttar Pradesh,Chandoli APMC,Wheat,2024-01-15,22.0,2520.0
Uttar Pradesh,Chandoli APMC,Wheat,2024-01-16,21.0,2525.0
Uttar Pradesh,Chandoli APMC,Wheat,2024-01-17,25.0,2520.0
Uttar Pradesh,Chandoli APMC,Wheat,2024-01-18,24.0,2520.0
Uttar Pradesh,Chandoli APMC,Wheat,2024-01-19,23.0,2520.0
Uttar Pradesh,Chandoli APMC,Wheat,2024-01-22,26.0,2520.0
Uttar Pradesh,Chandoli APMC,Wheat,2024-01-23,25.0,2520.0
Uttar Pradesh,Chandoli APMC,Wheat,2024-01-24,27.0,2520.0
Uttar Pradesh,Chandoli APMC,Wheat,2024-01-25,26.0,2530.0
Uttar Pradesh,Chandoli APMC,Wheat,2024-01-27,25.0,2530.0
Uttar Pradesh,Chandoli APMC,Wheat,2024-01-28,26.0,2530.0
Uttar Pradesh,Chandoli APMC,Wheat,2024-01-29,24.0,2530.0
Uttar Pradesh,Chandoli APMC,Wheat,2024-01-30,25.0,2525.0
Uttar Pradesh,Chandoli APMC,Wheat,2024-01-31,26.0,2515.0
Uttar Pradesh,Chandoli APMC,Wheat,2024-02-01,25.0,2515.0
Uttar Pradesh,Chandoli APMC,Wheat,2024-02-02,24.0,2510.0
Uttar Pradesh,Chandoli APMC,Wheat,2024-02-03,23.0,2515.0
Uttar Pradesh,Chandoli APMC,Wheat,2024-02-04,22.0,2540.0
Uttar Pradesh,Chandoli APMC,Wheat,2024-02-05,25.0,2540.0
Uttar Pradesh,Chandoli APMC,Wheat,2024-02-06,23.0,2540.0
Uttar Pradesh,Chandoli APMC,Wheat,2024-02-07,26.0,2540.0
Uttar Pradesh,Chandoli APMC,Wheat,2024-02-08,27.0,2530.0
Uttar Pradesh,Chandoli APMC,Wheat,2024-02-12,27.0,2530.0
Uttar Pradesh,Chandoli APMC,Wheat,2024-02-14,30.0,2540.0
Uttar Pradesh,Chandoli APMC,Wheat,2024-02-15,28.0,2540.0
Uttar Pradesh,Chandoli APMC,Wheat,2024-02-16,29.0,2535.0
Uttar Pradesh,Chandoli APMC,Wheat,2024-02-17,28.0,2535.0
Uttar Pradesh,Chandoli APMC,Wheat,2024-02-18,26.0,2560.0
Uttar Pradesh,Chandoli APMC,Wheat,2024-02-19,25.0,2560.0
Uttar Pradesh,Chandoli APMC,Wheat,2024-02-20,23.0,2560.0
Uttar Pradesh,Chandoli APMC,Wheat,2024-02-21,22.0,2560.0
Uttar Pradesh,Chandoli APMC,Wheat,2024-02-22,21.0,2560.0
Uttar Pradesh,Chandoli APMC,Wheat,2024-02-23,20.0,2580.0
Uttar Pradesh,Chandoli APMC,Wheat,2024-02-24,21.0,2580.0
Uttar Pradesh,Chandoli APMC,Wheat,2024-02-25,20.0,2560.0
Uttar Pradesh,Chandoli APMC,Wheat,2024-02-26,18.0,2560.0
Uttar Pradesh,Chandoli APMC,Wheat,2024-02-27,20.0,2560.0
Uttar Pradesh,Chandoli APMC,Wheat,2024-02-28,25.0,2550.0
Uttar Pradesh,Chandoli APMC,Wheat,2024-03-01,23.0,2560.0
Uttar Pradesh,Chandoli APMC,Wheat,2024-03-02,22.0,2560.0
Uttar Pradesh,Chandoli APMC,Wheat,2024-03-03,20.0,2580.0
Uttar Pradesh,Chandoli APMC,Wheat,2024-03-04,22.5,2580.0
Uttar Pradesh,Chandoli APMC,Wheat,2024-03-05,24.0,2580.0
Uttar Pradesh,Chandoli APMC,Wheat,2024-03-06,28.0,2530.0
Uttar Pradesh,Chandoli APMC,Wheat,2024-03-07,30.0,2530.0
Uttar Pradesh,Chandoli APMC,Wheat,2024-03-08,26.0,2530.0
Uttar Pradesh,Chandoli APMC,Wheat,2024-03-09,25.0,2530.0
Uttar Pradesh,Chandoli APMC,Wheat,2024-03-10,24.0,2530.0
Uttar Pradesh,Chandoli APMC,Wheat,2024-03-11,22.0,2550.0
Uttar Pradesh,Chandoli APMC,Wheat,2024-03-12,28.0,2525.0
Uttar Pradesh,Chandoli APMC,Wheat,2024-03-13,26.0,2530.0
Uttar Pradesh,Chandoli APMC,Wheat,2024-03-14,28.0,2515.0
Uttar Pradesh,Chandoli APMC,Wheat,2024-03-16,30.0,2450.0
Uttar Pradesh,Chandoli APMC,Wheat,2024-03-17,32.0,2440.0
Uttar Pradesh,Chandoli APMC,Wheat,2024-03-18,34.0,2440.0
Uttar Pradesh,Chandoli APMC,Wheat,2024-03-19,25.0,2415.0
Uttar Pradesh,Chandoli APMC,Wheat,2024-03-20,24.0,2420.0
Uttar Pradesh,Chandoli APMC,Wheat,2024-03-21,23.0,2425.0
Uttar Pradesh,Chandoli APMC,Wheat,2024-03-22,22.5,2420.0
Uttar Pradesh,Chandoli APMC,Wheat,2024-03-23,25.0,2415.0
Uttar Pradesh,Chandoli APMC,Wheat,2024-03-27,25.0,2400.0
Uttar Pradesh,Chandoli APMC,Wheat,2024-03-28,24.0,2410.0
Uttar Pradesh,Chandoli APMC,Wheat,2024-03-29,23.0,2425.0
Uttar Pradesh,Chandoli APMC,Wheat,2024-03-30,22.0,2430.0
Uttar Pradesh,Chandoli APMC,Wheat,2024-03-31,20.0,2450.0
Uttar Pradesh,Fatehpur APMC,Onion,2024-01-01,3.2,1545.0
Uttar Pradesh,Fatehpur APMC,Onion,2024-01-02,1.5,1575.0
Uttar Pradesh,Fatehpur APMC,Onion,2024-01-03,2.6,1500.0
Uttar Pradesh,Fatehpur APMC,Onion,2024-01-04,2.0,1600.0
Uttar Pradesh,Fatehpur APMC,Onion,2024-01-05,3.5,1625.0
Uttar Pradesh,Fatehpur APMC,Onion,2024-01-06,14.0,1500.0
Uttar Pradesh,Fatehpur APMC,Onion,2024-01-07,4.5,1625.0
Uttar Pradesh,Fatehpur APMC,Onion,2024-01-08,6.5,1620.0
Uttar Pradesh,Fatehpur APMC,Onion,2024-01-09,4.5,1600.0
Uttar Pradesh,Fatehpur APMC,Onion,2024-01-10,2.2,1615.0
Uttar Pradesh,Fatehpur APMC,Onion,2024-01-11,1.8,1625.0
Uttar Pradesh,Fatehpur APMC,Onion,2024-01-12,2.2,1600.0
Uttar Pradesh,Fatehpur APMC,Onion,2024-01-13,4.0,1610.0
Uttar Pradesh,Fatehpur APMC,Onion,2024-01-14,2.0,1615.0
Uttar Pradesh,Fatehpur APMC,Onion,2024-01-15,2.5,1620.0
Uttar Pradesh,Fatehpur APMC,Onion,2024-01-16,1.8,1620.0
Uttar Pradesh,Fatehpur APMC,Onion,2024-01-17,2.2,1600.0
Uttar Pradesh,Fatehpur APMC,Onion,2024-01-18,3.0,1500.0
Uttar Pradesh,Fatehpur APMC,Onion,2024-01-19,1.7,1500.0
Uttar Pradesh,Fatehpur APMC,Onion,2024-01-20,1.5,1510.0
Uttar Pradesh,Fatehpur APMC,Onion,2024-01-21,33.0,1500.0
Uttar Pradesh,Fatehpur APMC,Onion,2024-01-22,2.2,1500.0
Uttar Pradesh,Fatehpur APMC,Onion,2024-01-23,2.5,1510.0
Uttar Pradesh,Fatehpur APMC,Onion,2024-01-24,2.8,1525.0
Uttar Pradesh,Fatehpur APMC,Onion,2024-01-25,16.0,1530.0
Uttar Pradesh,Fatehpur APMC,Onion,2024-01-26,7.0,1535.0
Uttar Pradesh,Fatehpur APMC,Onion,2024-01-27,3.2,1550.0
Uttar Pradesh,Fatehpur APMC,Onion,2024-01-28,4.3,1550.0
Uttar Pradesh,Fatehpur APMC,Onion,2024-01-29,2.0,1560.0
Uttar Pradesh,Fatehpur APMC,Onion,2024-01-30,2.5,1550.0
Uttar Pradesh,Fatehpur APMC,Onion,2024-01-31,3.3,1500.0
Uttar Pradesh,Fatehpur APMC,Onion,2024-02-01,0.8,1400.0
Uttar Pradesh,Fatehpur APMC,Onion,2024-02-02,1.5,1450.0
Uttar Pradesh,Fatehpur APMC,Onion,2024-02-03,2.1,1440.0
Uttar Pradesh,Fatehpur APMC,Onion,2024-02-04,2.5,1430.0
Uttar Pradesh,Fatehpur APMC,Onion,2024-02-05,3.2,1430.0
Uttar Pradesh,Fatehpur APMC,Onion,2024-02-06,2.6,1425.0
Uttar Pradesh,Fatehpur APMC,Onion,2024-02-07,1.9,1430.0
Uttar Pradesh,Fatehpur APMC,Onion,2024-02-08,1.6,1460.0
Uttar Pradesh,Fatehpur APMC,Onion,2024-02-09,2.0,1500.0
Uttar Pradesh,Fatehpur APMC,Onion,2024-02-10,2.5,1500.0
Uttar Pradesh,Fatehpur APMC,Onion,2024-02-11,3.0,1475.0
Uttar Pradesh,Fatehpur APMC,Onion,2024-02-12,2.7,1470.0
Uttar Pradesh,Fatehpur APMC,Onion,2024-02-13,42.3,1450.0
Uttar Pradesh,Fatehpur APMC,Onion,2024-02-14,3.8,1435.0
Uttar Pradesh,Fatehpur APMC,Onion,2024-02-15,4.3,1415.0
Uttar Pradesh,Fatehpur APMC,Onion,2024-02-16,4.5,1400.0
Uttar Pradesh,Fatehpur APMC,Onion,2024-02-17,3.6,1410.0
Uttar Pradesh,Fatehpur APMC,Onion,2024-02-18,2.5,1400.0
Uttar Pradesh,Fatehpur APMC,Onion,2024-02-19,1.1,1400.0
Uttar Pradesh,Fatehpur APMC,Onion,2024-02-20,43.5,1410.0
Uttar Pradesh,Fatehpur APMC,Onion,2024-02-21,6.5,1415.0
Uttar Pradesh,Fatehpur APMC,Onion,2024-02-22,4.8,1450.0
Uttar Pradesh,Fatehpur APMC,Onion,2024-02-23,3.5,1500.0
Uttar Pradesh,Fatehpur APMC,Onion,2024-02-24,3.1,1500.0
Uttar Pradesh,Fatehpur APMC,Onion,2024-02-25,3.6,1520.0
Uttar Pradesh,Fatehpur APMC,Onion,2024-02-26,2.9,1525.0
Uttar Pradesh,Fatehpur APMC,Onion,2024-02-27,3.2,1535.0
Uttar Pradesh,Fatehpur APMC,Onion,2024-02-28,3.7,1550.0
Uttar Pradesh,Fatehpur APMC,Onion,2024-02-29,19.5,1600.0
Uttar Pradesh,Fatehpur APMC,Onion,2024-03-01,20.5,1615.0
Uttar Pradesh,Fatehpur APMC,Onion,2024-03-02,11.5,1615.0
Uttar Pradesh,Fatehpur APMC,Onion,2024-03-03,9.2,1625.0
Uttar Pradesh,Fatehpur APMC,Onion,2024-03-04,5.5,1625.0
Uttar Pradesh,Fatehpur APMC,Onion,2024-03-05,4.3,1645.0
Uttar Pradesh,Fatehpur APMC,Onion,2024-03-06,6.5,1650.0
Uttar Pradesh,Fatehpur APMC,Onion,2024-03-07,10.5,1665.0
Uttar Pradesh,Fatehpur APMC,Onion,2024-03-08,2.6,1670.0
Uttar Pradesh,Fatehpur APMC,Onion,2024-03-09,65.0,1655.0
Uttar Pradesh,Fatehpur APMC,Onion,2024-03-10,60.0,1660.0
Uttar Pradesh,Fatehpur APMC,Onion,2024-03-11,8.2,1680.0
Uttar Pradesh,Fatehpur APMC,Onion,2024-03-12,31.0,1685.0
Uttar Pradesh,Fatehpur APMC,Onion,2024-03-15,5.5,1715.0
Uttar Pradesh,Fatehpur APMC,Onion,2024-03-16,1.6,1870.0
Uttar Pradesh,Fatehpur APMC,Onion,2024-03-17,25.0,1750.0
Uttar Pradesh,Fatehpur APMC,Onion,2024-03-18,3.5,1900.0
Uttar Pradesh,Fatehpur APMC,Onion,2024-03-19,5.2,1700.0
Uttar Pradesh,Fatehpur APMC,Onion,2024-03-20,3.8,1900.0
Uttar Pradesh,Fatehpur APMC,Onion,2024-03-22,3.6,1875.0
Uttar Pradesh,Fatehpur APMC,Onion,2024-03-23,7.5,1900.0
Uttar Pradesh,Fatehpur APMC,Onion,2024-03-24,6.5,1920.0
Uttar Pradesh,Fatehpur APMC,Onion,2024-03-25,3.8,1925.0
Uttar Pradesh,Fatehpur APMC,Onion,2024-03-26,0.5,1930.0
Uttar Pradesh,Fatehpur APMC,Onion,2024-03-27,1.5,1935.0
Uttar Pradesh,Fatehpur APMC,Onion,2024-03-29,7.0,1700.0
Uttar Pradesh,Fatehpur APMC,Onion,2024-03-30,1.5,1910.0
Uttar Pradesh,Fatehpur APMC,Onion,2024-03-31,1.8,1915.0
Uttar Pradesh,Fatehpur APMC,Potato,2024-01-01,26.5,600.0
Uttar Pradesh,Fatehpur APMC,Potato,2024-01-02,36.3,610.0
Uttar Pradesh,Fatehpur APMC,Potato,2024-01-03,47.4,600.0
Uttar Pradesh,Fatehpur APMC,Potato,2024-01-04,10.5,645.0
Uttar Pradesh,Fatehpur APMC,Potato,2024-01-05,49.5,600.0
Uttar Pradesh,Fatehpur APMC,Potato,2024-01-06,12.3,600.0
Uttar Pradesh,Fatehpur APMC,Potato,2024-01-07,22.5,650.0
Uttar Pradesh,Fatehpur APMC,Potato,2024-01-08,33.5,685.0
Uttar Pradesh,Fatehpur APMC,Potato,2024-01-09,154.3,600.0
Uttar Pradesh,Fatehpur APMC,Potato,2024-01-10,61.6,600.0
Uttar Pradesh,Fatehpur APMC,Potato,2024-01-11,46.0,600.0
Uttar Pradesh,Fatehpur APMC,Potato,2024-01-12,26.8,600.0
Uttar Pradesh,Fatehpur APMC,Potato,2024-01-13,92.1,600.0
Uttar Pradesh,Fatehpur APMC,Potato,2024-01-14,12.5,625.0
Uttar Pradesh,Fatehpur APMC,Potato,2024-01-15,11.0,630.0
Uttar Pradesh,Fatehpur APMC,Potato,2024-01-16,3.5,600.0
Uttar Pradesh,Fatehpur APMC,Potato,2024-01-17,5.5,625.0
Uttar Pradesh,Fatehpur APMC,Potato,2024-01-18,40.0,600.0
Uttar Pradesh,Fatehpur APMC,Potato,2024-01-19,27.2,600.0
Uttar Pradesh,Fatehpur APMC,Potato,2024-01-20,15.5,615.0
Uttar Pradesh,Fatehpur APMC,Potato,2024-01-21,25.0,600.0
Uttar Pradesh,Fatehpur APMC,Potato,2024-01-22,2.1,600.0
Uttar Pradesh,Fatehpur APMC,Potato,2024-01-23,12.5,615.0
Uttar Pradesh,Fatehpur APMC,Potato,2024-01-24,33.2,600.0
Uttar Pradesh,Fatehpur APMC,Potato,2024-01-25,13.4,650.0
Uttar Pradesh,Fatehpur APMC,Potato,2024-01-26,11.0,655.0
Uttar Pradesh,Fatehpur APMC,Potato,2024-01-27,20.8,660.0
Uttar Pradesh,Fatehpur APMC,Potato,2024-01-28,34.5,665.0
Uttar Pradesh,Fatehpur APMC,Potato,2024-01-29,27.5,650.0
Uttar Pradesh,Fatehpur APMC,Potato,2024-01-30,22.5,645.0
Uttar Pradesh,Fatehpur APMC,Potato,2024-01-31,25.5,640.0
Uttar Pradesh,Fatehpur APMC,Potato,2024-02-01,8.0,645.0
Uttar Pradesh,Fatehpur APMC,Potato,2024-02-02,19.6,640.0
Uttar Pradesh,Fatehpur APMC,Potato,2024-02-03,38.1,640.0
Uttar Pradesh,Fatehpur APMC,Potato,2024-02-04,186.8,625.0
Uttar Pradesh,Fatehpur APMC,Potato,2024-02-05,20.0,630.0
Uttar Pradesh,Fatehpur APMC,Potato,2024-02-06,16.0,635.0
Uttar Pradesh,Fatehpur APMC,Potato,2024-02-07,34.9,630.0
Uttar Pradesh,Fatehpur APMC,Potato,2024-02-08,17.5,650.0
Uttar Pradesh,Fatehpur APMC,Potato,2024-02-09,21.5,660.0
Uttar Pradesh,Fatehpur APMC,Potato,2024-02-10,28.0,665.0
Uttar Pradesh,Fatehpur APMC,Potato,2024-02-11,15.5,665.0
Uttar Pradesh,Fatehpur APMC,Potato,2024-02-12,29.5,660.0
Uttar Pradesh,Fatehpur APMC,Potato,2024-02-13,56.8,665.0
Uttar Pradesh,Fatehpur APMC,Potato,2024-02-14,39.0,660.0
Uttar Pradesh,Fatehpur APMC,Potato,2024-02-15,68.8,650.0
Uttar Pradesh,Fatehpur APMC,Potato,2024-02-16,31.5,675.0
Uttar Pradesh,Fatehpur APMC,Potato,2024-02-17,29.7,680.0
Uttar Pradesh,Fatehpur APMC,Potato,2024-02-18,33.6,685.0
Uttar Pradesh,Fatehpur APMC,Potato,2024-02-19,39.9,680.0
Uttar Pradesh,Fatehpur APMC,Potato,2024-02-20,33.4,685.0
Uttar Pradesh,Fatehpur APMC,Potato,2024-02-21,28.9,700.0
Uttar Pradesh,Fatehpur APMC,Potato,2024-02-22,27.0,800.0
Uttar Pradesh,Fatehpur APMC,Potato,2024-02-23,29.7,875.0
Uttar Pradesh,Fatehpur APMC,Potato,2024-02-24,50.9,950.0
Uttar Pradesh,Fatehpur APMC,Potato,2024-02-25,33.3,965.0
Uttar Pradesh,Fatehpur APMC,Potato,2024-02-26,37.5,950.0
Uttar Pradesh,Fatehpur APMC,Potato,2024-02-27,33.5,940.0
Uttar Pradesh,Fatehpur APMC,Potato,2024-02-28,39.6,945.0
Uttar Pradesh,Fatehpur APMC,Potato,2024-02-29,31.7,950.0
Uttar Pradesh,Fatehpur APMC,Potato,2024-03-01,43.5,960.0
Uttar Pradesh,Fatehpur APMC,Potato,2024-03-02,38.8,970.0
Uttar Pradesh,Fatehpur APMC,Potato,2024-03-03,41.5,965.0
Uttar Pradesh,Fatehpur APMC,Potato,2024-03-04,30.8,990.0
Uttar Pradesh,Fatehpur APMC,Potato,2024-03-05,39.6,1000.0
Uttar Pradesh,Fatehpur APMC,Potato,2024-03-06,45.5,1000.0
Uttar Pradesh,Fatehpur APMC,Potato,2024-03-07,55.0,1000.0
Uttar Pradesh,Fatehpur APMC,Potato,2024-03-08,20.0,1030.0
Uttar Pradesh,Fatehpur APMC,Potato,2024-03-09,50.0,1025.0
Uttar Pradesh,Fatehpur APMC,Potato,2024-03-10,48.0,1050.0
Uttar Pradesh,Fatehpur APMC,Potato,2024-03-11,10.0,1125.0
Uttar Pradesh,Fatehpur APMC,Potato,2024-03-12,50.0,1200.0
Uttar Pradesh,Fatehpur APMC,Potato,2024-03-15,20.5,1300.0
Uttar Pradesh,Fatehpur APMC,Potato,2024-03-16,6.2,1325.0
Uttar Pradesh,Fatehpur APMC,Potato,2024-03-17,57.1,1335.0
Uttar Pradesh,Fatehpur APMC,Potato,2024-03-18,21.5,1355.0
Uttar Pradesh,Fatehpur APMC,Potato,2024-03-19,50.0,1350.0
Uttar Pradesh,Fatehpur APMC,Potato,2024-03-20,23.0,1350.0
Uttar Pradesh,Fatehpur APMC,Potato,2024-03-22,46.6,1355.0
Uttar Pradesh,Fatehpur APMC,Potato,2024-03-23,65.8,1335.0
Uttar Pradesh,Fatehpur APMC,Potato,2024-03-24,44.2,1345.0
Uttar Pradesh,Fatehpur APMC,Potato,2024-03-25,21.5,1350.0
Uttar Pradesh,Fatehpur APMC,Potato,2024-03-26,0.7,1360.0
Uttar Pradesh,Fatehpur APMC,Potato,2024-03-27,4.5,1350.0
Uttar Pradesh,Fatehpur APMC,Potato,2024-03-29,34.3,1315.0
Uttar Pradesh,Fatehpur APMC,Potato,2024-03-30,70.4,1310.0
Uttar Pradesh,Fatehpur APMC,Potato,2024-03-31,36.0,1320.0
Uttar Pradesh,Fatehpur APMC,Rice,2024-01-01,44.4,2655.0
Uttar Pradesh,Fatehpur APMC,Rice,2024-01-02,44.5,2655.0
Uttar Pradesh,Fatehpur APMC,Rice,2024-01-03,43.6,2650.0
Uttar Pradesh,Fatehpur APMC,Rice,2024-01-05,40.4,2650.0
Uttar Pradesh,Fatehpur APMC,Rice,2024-01-06,40.0,2650.0
Uttar Pradesh,Fatehpur APMC,Rice,2024-01-07,35.0,2655.0
Uttar Pradesh,Fatehpur APMC,Rice,2024-01-08,39.9,2655.0
Uttar Pradesh,Fatehpur APMC,Rice,2024-01-09,38.8,2660.0
Uttar Pradesh,Fatehpur APMC,Rice,2024-01-10,38.6,2655.0
Uttar Pradesh,Fatehpur APMC,Rice,2024-01-12,38.3,2655.0
Uttar Pradesh,Fatehpur APMC,Rice,2024-01-15,33.3,2655.0
Uttar Pradesh,Fatehpur APMC,Rice,2024-01-16,36.1,2650.0
Uttar Pradesh,Fatehpur APMC,Rice,2024-01-17,34.2,2650.0
Uttar Pradesh,Fatehpur APMC,Rice,2024-01-19,35.7,2650.0
Uttar Pradesh,Fatehpur APMC,Rice,2024-01-20,36.5,2645.0
Uttar Pradesh,Fatehpur APMC,Rice,2024-01-22,38.0,2640.0
Uttar Pradesh,Fatehpur APMC,Rice,2024-01-23,37.0,2645.0
Uttar Pradesh,Fatehpur APMC,Rice,2024-01-24,41.0,2640.0
Uttar Pradesh,Fatehpur APMC,Rice,2024-01-26,36.5,2645.0
Uttar Pradesh,Fatehpur APMC,Rice,2024-01-27,39.0,2645.0
Uttar Pradesh,Fatehpur APMC,Rice,2024-01-28,40.0,2650.0
Uttar Pradesh,Fatehpur APMC,Rice,2024-01-29,40.7,2645.0
Uttar Pradesh,Fatehpur APMC,Rice,2024-01-30,39.5,2650.0
Uttar Pradesh,Fatehpur APMC,Rice,2024-01-31,28.7,2600.0
Uttar Pradesh,Fatehpur APMC,Rice,2024-02-02,29.2,2610.0
Uttar Pradesh,Fatehpur APMC,Rice,2024-02-03,33.5,2650.0
Uttar Pradesh,Fatehpur APMC,Rice,2024-02-04,28.0,2620.0
Uttar Pradesh,Fatehpur APMC,Rice,2024-02-05,24.0,2620.0
Uttar Pradesh,Fatehpur APMC,Rice,2024-02-06,25.8,2625.0
Uttar Pradesh,Fatehpur APMC,Rice,2024-02-07,19.0,2630.0
Uttar Pradesh,Fatehpur APMC,Rice,2024-02-09,17.0,2630.0
Uttar Pradesh,Fatehpur APMC,Rice,2024-02-10,17.8,2635.0
Uttar Pradesh,Fatehpur APMC,Rice,2024-02-11,19.3,2640.0
Uttar Pradesh,Fatehpur APMC,Rice,2024-02-12,21.0,2640.0
Uttar Pradesh,Fatehpur APMC,Rice,2024-02-13,18.0,2650.0
Uttar Pradesh,Fatehpur APMC,Rice,2024-02-14,14.5,2650.0
Uttar Pradesh,Fatehpur APMC,Rice,2024-02-16,13.0,2650.0
Uttar Pradesh,Fatehpur APMC,Rice,2024-02-17,15.0,2655.0
Uttar Pradesh,Fatehpur APMC,Rice,2024-02-18,14.3,2655.0
Uttar Pradesh,Fatehpur APMC,Rice,2024-02-19,16.0,2655.0
Uttar Pradesh,Fatehpur APMC,Rice,2024-02-20,18.7,2655.0
Uttar Pradesh,Fatehpur APMC,Rice,2024-02-21,24.5,2650.0
Uttar Pradesh,Fatehpur APMC,Rice,2024-02-23,28.0,2660.0
Uttar Pradesh,Fatehpur APMC,Rice,2024-02-24,29.0,2660.0
Uttar Pradesh,Fatehpur APMC,Rice,2024-02-25,26.7,2665.0
Uttar Pradesh,Fatehpur APMC,Rice,2024-02-26,25.4,2665.0
Uttar Pradesh,Fatehpur APMC,Rice,2024-02-27,27.0,2665.0
Uttar Pradesh,Fatehpur APMC,Rice,2024-02-28,32.0,2665.0
Uttar Pradesh,Fatehpur APMC,Rice,2024-03-01,27.0,2660.0
Uttar Pradesh,Fatehpur APMC,Rice,2024-03-02,29.8,2665.0
Uttar Pradesh,Fatehpur APMC,Rice,2024-03-03,25.0,2660.0
Uttar Pradesh,Fatehpur APMC,Rice,2024-03-04,21.0,2665.0
Uttar Pradesh,Fatehpur APMC,Rice,2024-03-05,18.0,2760.0
Uttar Pradesh,Fatehpur APMC,Rice,2024-03-06,21.0,2765.0
Uttar Pradesh,Fatehpur APMC,Rice,2024-03-08,21.5,2770.0
Uttar Pradesh,Fatehpur APMC,Rice,2024-03-09,19.0,2775.0
Uttar Pradesh,Fatehpur APMC,Rice,2024-03-10,21.0,2780.0
Uttar Pradesh,Fatehpur APMC,Rice,2024-03-11,19.5,2785.0
Uttar Pradesh,Fatehpur APMC,Rice,2024-03-12,17.2,2785.0
Uttar Pradesh,Fatehpur APMC,Rice,2024-03-15,16.5,2800.0
Uttar Pradesh,Fatehpur APMC,Rice,2024-03-16,14.5,2800.0
Uttar Pradesh,Fatehpur APMC,Rice,2024-03-17,21.5,2800.0
Uttar Pradesh,Fatehpur APMC,Rice,2024-03-18,19.0,2810.0
Uttar Pradesh,Fatehpur APMC,Rice,2024-03-19,11.2,2815.0
Uttar Pradesh,Fatehpur APMC,Rice,2024-03-20,11.8,2815.0
Uttar Pradesh,Fatehpur APMC,Rice,2024-03-22,11.0,2825.0
Uttar Pradesh,Fatehpur APMC,Rice,2024-03-23,12.6,2830.0
Uttar Pradesh,Fatehpur APMC,Rice,2024-03-26,9.0,2970.0
Uttar Pradesh,Fatehpur APMC,Rice,2024-03-27,1.5,2980.0
Uttar Pradesh,Fatehpur APMC,Rice,2024-03-29,36.6,2900.0
Uttar Pradesh,Fatehpur APMC,Rice,2024-03-30,31.5,2920.0
Uttar Pradesh,Fatehpur APMC,Rice,2024-03-31,27.7,2930.0
Uttar Pradesh,Fatehpur APMC,Wheat,2024-01-01,27.6,2400.0
Uttar Pradesh,Fatehpur APMC,Wheat,2024-01-02,26.0,2400.0
Uttar Pradesh,Fatehpur APMC,Wheat,2024-01-03,20.8,2430.0
Uttar Pradesh,Fatehpur APMC,Wheat,2024-01-05,21.5,2450.0
Uttar Pradesh,Fatehpur APMC,Wheat,2024-01-06,19.5,2450.0
Uttar Pradesh,Fatehpur APMC,Wheat,2024-01-07,23.0,2450.0
Uttar Pradesh,Fatehpur APMC,Wheat,2024-01-08,26.5,2445.0
Uttar Pradesh,Fatehpur APMC,Wheat,2024-01-09,36.0,2350.0
Uttar Pradesh,Fatehpur APMC,Wheat,2024-01-10,17.5,2400.0
Uttar Pradesh,Fatehpur APMC,Wheat,2024-01-12,17.0,2400.0
Uttar Pradesh,Fatehpur APMC,Wheat,2024-01-15,6.5,2400.0
Uttar Pradesh,Fatehpur APMC,Wheat,2024-01-16,7.5,2415.0
Uttar Pradesh,Fatehpur APMC,Wheat,2024-01-17,6.8,2420.0
Uttar Pradesh,Fatehpur APMC,Wheat,2024-01-19,135.0,2400.0
Uttar Pradesh,Fatehpur APMC,Wheat,2024-01-20,65.0,2400.0
Uttar Pradesh,Fatehpur APMC,Wheat,2024-01-22,82.0,2450.0
Uttar Pradesh,Fatehpur APMC,Wheat,2024-01-23,8.0,2450.0
Uttar Pradesh,Fatehpur APMC,Wheat,2024-01-24,23.6,2300.0
Uttar Pradesh,Fatehpur APMC,Wheat,2024-01-26,15.2,2400.0
Uttar Pradesh,Fatehpur APMC,Wheat,2024-01-27,14.8,2450.0
Uttar Pradesh,Fatehpur APMC,Wheat,2024-01-28,76.5,2400.0
Uttar Pradesh,Fatehpur APMC,Wheat,2024-01-29,65.5,2400.0
Uttar Pradesh,Fatehpur APMC,Wheat,2024-01-30,137.1,2400.0
Uttar Pradesh,Fatehpur APMC,Wheat,2024-01-31,76.8,2400.0
Uttar Pradesh,Fatehpur APMC,Wheat,2024-02-02,103.4,2400.0
Uttar Pradesh,Fatehpur APMC,Wheat,2024-02-03,3.8,2400.0
Uttar Pradesh,Fatehpur APMC,Wheat,2024-02-04,123.6,2400.0
Uttar Pradesh,Fatehpur APMC,Wheat,2024-02-05,132.0,2400.0
Uttar Pradesh,Fatehpur APMC,Wheat,2024-02-06,101.0,2400.0
Uttar Pradesh,Fatehpur APMC,Wheat,2024-02-07,96.4,2415.0
Uttar Pradesh,Fatehpur APMC,Wheat,2024-02-09,130.2,2400.0
Uttar Pradesh,Fatehpur APMC,Wheat,2024-02-10,25.2,2400.0
Uttar Pradesh,Fatehpur APMC,Wheat,2024-02-11,18.6,2400.0
Uttar Pradesh,Fatehpur APMC,Wheat,2024-02-12,17.5,2425.0
Uttar Pradesh,Fatehpur APMC,Wheat,2024-02-13,20.5,2430.0
Uttar Pradesh,Fatehpur APMC,Wheat,2024-02-14,11.3,2435.0
Uttar Pradesh,Fatehpur APMC,Wheat,2024-02-16,18.5,2435.0
Uttar Pradesh,Fatehpur APMC,Wheat,2024-02-17,14.6,2440.0
Uttar Pradesh,Fatehpur APMC,Wheat,2024-02-18,18.5,2445.0
Uttar Pradesh,Fatehpur APMC,Wheat,2024-02-19,20.5,2445.0
Uttar Pradesh,Fatehpur APMC,Wheat,2024-02-20,18.2,2445.0
Uttar Pradesh,Fatehpur APMC,Wheat,2024-02-21,24.5,2440.0
Uttar Pradesh,Fatehpur APMC,Wheat,2024-02-23,27.5,2450.0
Uttar Pradesh,Fatehpur APMC,Wheat,2024-02-24,29.5,2435.0
Uttar Pradesh,Fatehpur APMC,Wheat,2024-02-25,124.0,2425.0
Uttar Pradesh,Fatehpur APMC,Wheat,2024-02-26,126.0,2425.0
Uttar Pradesh,Fatehpur APMC,Wheat,2024-02-27,31.5,2425.0
Uttar Pradesh,Fatehpur APMC,Wheat,2024-02-28,27.5,2445.0
Uttar Pradesh,Fatehpur APMC,Wheat,2024-03-01,79.2,2445.0
Uttar Pradesh,Fatehpur APMC,Wheat,2024-03-02,33.5,2440.0
Uttar Pradesh,Fatehpur APMC,Wheat,2024-03-03,29.5,2440.0
Uttar Pradesh,Fatehpur APMC,Wheat,2024-03-04,32.5,2450.0
Uttar Pradesh,Fatehpur APMC,Wheat,2024-03-05,39.2,2415.0
Uttar Pradesh,Fatehpur APMC,Wheat,2024-03-06,41.0,2400.0
Uttar Pradesh,Fatehpur APMC,Wheat,2024-03-08,43.0,2410.0
Uttar Pradesh,Fatehpur APMC,Wheat,2024-03-09,41.0,2415.0
Uttar Pradesh,Fatehpur APMC,Wheat,2024-03-10,20.5,2415.0
Uttar Pradesh,Fatehpur APMC,Wheat,2024-03-11,21.0,2410.0
Uttar Pradesh,Fatehpur APMC,Wheat,2024-03-12,25.5,2430.0
Uttar Pradesh,Fatehpur APMC,Wheat,2024-03-15,19.7,2420.0
Uttar Pradesh,Fatehpur APMC,Wheat,2024-03-16,16.3,2430.0
Uttar Pradesh,Fatehpur APMC,Wheat,2024-03-17,18.5,2425.0
Uttar Pradesh,Fatehpur APMC,Wheat,2024-03-18,17.9,2400.0
Uttar Pradesh,Fatehpur APMC,Wheat,2024-03-19,45.0,2415.0
Uttar Pradesh,Fatehpur APMC,Wheat,2024-03-20,125.0,2400.0
Uttar Pradesh,Fatehpur APMC,Wheat,2024-03-22,12.6,2415.0
Uttar Pradesh,Fatehpur APMC,Wheat,2024-03-23,63.5,2400.0
Uttar Pradesh,Fatehpur APMC,Wheat,2024-03-26,15.5,2420.0
Uttar Pradesh,Fatehpur APMC,Wheat,2024-03-27,2.0,2425.0
Uttar Pradesh,Fatehpur APMC,Wheat,2024-03-29,111.0,2400.0
Uttar Pradesh,Fatehpur APMC,Wheat,2024-03-30,83.7,2400.0
Uttar Pradesh,Fatehpur APMC,Wheat,2024-03-31,71.0,2410.0
Uttar Pradesh,Gazipur APMC,Onion,2024-01-01,34.0,1920.0
Uttar Pradesh,Gazipur APMC,Onion,2024-01-02,40.0,1900.0
Uttar Pradesh,Gazipur APMC,Onion,2024-01-03,45.0,1800.0
Uttar Pradesh,Gazipur APMC,Onion,2024-01-04,41.0,1800.0
Uttar Pradesh,Gazipur APMC,Onion,2024-01-05,50.0,1760.0
Uttar Pradesh,Gazipur APMC,Onion,2024-01-06,55.0,1750.0
Uttar Pradesh,Gazipur APMC,Onion,2024-01-08,36.0,1770.0
Uttar Pradesh,Gazipur APMC,Onion,2024-01-09,30.0,1740.0
Uttar Pradesh,Gazipur APMC,Onion,2024-01-10,35.0,1700.0
Uttar Pradesh,Gazipur APMC,Onion,2024-01-11,36.0,1660.0
Uttar Pradesh,Gazipur APMC,Onion,2024-01-12,35.0,1650.0
Uttar Pradesh,Gazipur APMC,Onion,2024-01-13,40.0,1650.0
Uttar Pradesh,Gazipur APMC,Onion,2024-01-15,35.0,1650.0
Uttar Pradesh,Gazipur APMC,Onion,2024-01-16,30.0,1720.0
Uttar Pradesh,Gazipur APMC,Onion,2024-01-17,30.0,1750.0
Uttar Pradesh,Gazipur APMC,Onion,2024-01-18,30.0,1780.0
Uttar Pradesh,Gazipur APMC,Onion,2024-01-19,25.0,1760.0
Uttar Pradesh,Gazipur APMC,Onion,2024-01-20,26.0,1760.0
Uttar Pradesh,Gazipur APMC,Onion,2024-01-22,26.0,1880.0
Uttar Pradesh,Gazipur APMC,Onion,2024-01-23,27.0,1790.0
Uttar Pradesh,Gazipur APMC,Onion,2024-01-24,26.0,1835.0
Uttar Pradesh,Gazipur APMC,Onion,2024-01-26,35.0,1835.0
Uttar Pradesh,Gazipur APMC,Onion,2024-01-27,30.0,1880.0
Uttar Pradesh,Gazipur APMC,Onion,2024-01-29,30.0,1800.0
Uttar Pradesh,Gazipur APMC,Onion,2024-01-30,35.0,1700.0
Uttar Pradesh,Gazipur APMC,Onion,2024-01-31,36.0,1700.0
Uttar Pradesh,Gazipur APMC,Onion,2024-02-01,25.0,1700.0
Uttar Pradesh,Gazipur APMC,Onion,2024-02-02,30.0,1680.0
Uttar Pradesh,Gazipur APMC,Onion,2024-02-03,33.0,1670.0
Uttar Pradesh,Gazipur APMC,Onion,2024-02-06,25.0,1630.0
Uttar Pradesh,Gazipur APMC,Onion,2024-02-07,20.0,1540.0
Uttar Pradesh,Gazipur APMC,Onion,2024-02-08,22.0,1510.0
Uttar Pradesh,Gazipur APMC,Onion,2024-02-09,23.0,1510.0
Uttar Pradesh,Gazipur APMC,Onion,2024-02-10,32.0,1510.0
Uttar Pradesh,Gazipur APMC,Onion,2024-02-12,36.0,1380.0
Uttar Pradesh,Gazipur APMC,Onion,2024-02-13,35.0,1380.0
Uttar Pradesh,Gazipur APMC,Onion,2024-02-14,36.0,1260.0
Uttar Pradesh,Gazipur APMC,Onion,2024-02-16,32.0,1320.0
Uttar Pradesh,Gazipur APMC,Onion,2024-02-19,45.0,1370.0
Uttar Pradesh,Gazipur APMC,Onion,2024-02-20,40.0,1370.0
Uttar Pradesh,Gazipur APMC,Onion,2024-02-21,35.0,1360.0
Uttar Pradesh,Gazipur APMC,Onion,2024-02-22,27.0,1360.0
Uttar Pradesh,Gazipur APMC,Onion,2024-02-23,25.0,1540.0
Uttar Pradesh,Gazipur APMC,Onion,2024-02-24,24.0,1540.0
Uttar Pradesh,Gazipur APMC,Onion,2024-02-26,20.0,1580.0
Uttar Pradesh,Gazipur APMC,Onion,2024-02-27,24.0,1650.0
Uttar Pradesh,Gazipur APMC,Onion,2024-02-28,22.0,1740.0
Uttar Pradesh,Gazipur APMC,Onion,2024-02-29,20.0,1750.0
Uttar Pradesh,Gazipur APMC,Onion,2024-03-01,23.0,1750.0
Uttar Pradesh,Gazipur APMC,Onion,2024-03-02,24.0,1760.0
Uttar Pradesh,Gazipur APMC,Onion,2024-03-04,27.0,1750.0
Uttar Pradesh,Gazipur APMC,Onion,2024-03-05,25.0,1825.0
Uttar Pradesh,Gazipur APMC,Onion,2024-03-06,26.0,1820.0
Uttar Pradesh,Gazipur APMC,Onion,2024-03-07,27.0,1815.0
Uttar Pradesh,Gazipur APMC,Onion,2024-03-08,50.0,1700.0
Uttar Pradesh,Gazipur APMC,Onion,2024-03-09,26.0,1720.0
Uttar Pradesh,Gazipur APMC,Onion,2024-03-11,30.0,1760.0
Uttar Pradesh,Gazipur APMC,Onion,2024-03-12,20.0,1760.0
Uttar Pradesh,Gazipur APMC,Onion,2024-03-13,22.0,1875.0
Uttar Pradesh,Gazipur APMC,Onion,2024-03-14,24.0,1870.0
Uttar Pradesh,Gazipur APMC,Onion,2024-03-15,25.0,1920.0
Uttar Pradesh,Gazipur APMC,Onion,2024-03-16,26.0,1920.0
Uttar Pradesh,Gazipur APMC,Onion,2024-03-18,25.0,1920.0
Uttar Pradesh,Gazipur APMC,Onion,2024-03-19,20.0,1920.0
Uttar Pradesh,Gazipur APMC,Onion,2024-03-20,30.0,1900.0
Uttar Pradesh,Gazipur APMC,Onion,2024-03-21,35.0,1870.0
Uttar Pradesh,Gazipur APMC,Onion,2024-03-22,32.0,1880.0
Uttar Pradesh,Gazipur APMC,Onion,2024-03-23,25.0,1890.0
Uttar Pradesh,Gazipur APMC,Onion,2024-03-26,50.0,1800.0
Uttar Pradesh,Gazipur APMC,Onion,2024-03-27,54.0,1825.0
Uttar Pradesh,Gazipur APMC,Onion,2024-03-28,50.0,1800.0
Uttar Pradesh,Gazipur APMC,Onion,2024-03-29,54.0,1780.0
Uttar Pradesh,Gazipur APMC,Onion,2024-03-30,45.0,1750.0
Uttar Pradesh,Gazipur APMC,Potato,2024-01-01,48.0,750.0
Uttar Pradesh,Gazipur APMC,Potato,2024-01-02,50.0,750.0
Uttar Pradesh,Gazipur APMC,Potato,2024-01-03,60.0,725.0
Uttar Pradesh,Gazipur APMC,Potato,2024-01-04,55.0,740.0
Uttar Pradesh,Gazipur APMC,Potato,2024-01-05,60.0,700.0
Uttar Pradesh,Gazipur APMC,Potato,2024-01-06,65.0,680.0
Uttar Pradesh,Gazipur APMC,Potato,2024-01-08,45.0,680.0
Uttar Pradesh,Gazipur APMC,Potato,2024-01-09,50.0,670.0
Uttar Pradesh,Gazipur APMC,Potato,2024-01-10,80.0,660.0
Uttar Pradesh,Gazipur APMC,Potato,2024-01-11,90.0,645.0
Uttar Pradesh,Gazipur APMC,Potato,2024-01-12,100.0,640.0
Uttar Pradesh,Gazipur APMC,Potato,2024-01-13,95.0,650.0
Uttar Pradesh,Gazipur APMC,Potato,2024-01-15,120.0,640.0
Uttar Pradesh,Gazipur APMC,Potato,2024-01-16,80.0,650.0
Uttar Pradesh,Gazipur APMC,Potato,2024-01-17,70.0,650.0
Uttar Pradesh,Gazipur APMC,Potato,2024-01-18,60.0,670.0
Uttar Pradesh,Gazipur APMC,Potato,2024-01-19,55.0,650.0
Uttar Pradesh,Gazipur APMC,Potato,2024-01-20,60.0,650.0
Uttar Pradesh,Gazipur APMC,Potato,2024-01-22,77.0,660.0
Uttar Pradesh,Gazipur APMC,Potato,2024-01-23,80.0,650.0
Uttar Pradesh,Gazipur APMC,Potato,2024-01-24,75.0,650.0
Uttar Pradesh,Gazipur APMC,Potato,2024-01-26,60.0,650.0
Uttar Pradesh,Gazipur APMC,Potato,2024-01-27,55.0,680.0
Uttar Pradesh,Gazipur APMC,Potato,2024-01-29,60.0,665.0
Uttar Pradesh,Gazipur APMC,Potato,2024-01-30,65.0,670.0
Uttar Pradesh,Gazipur APMC,Potato,2024-01-31,70.0,670.0
Uttar Pradesh,Gazipur APMC,Potato,2024-02-01,7.0,660.0
Uttar Pradesh,Gazipur APMC,Potato,2024-02-02,60.0,660.0
Uttar Pradesh,Gazipur APMC,Potato,2024-02-03,80.0,660.0
Uttar Pradesh,Gazipur APMC,Potato,2024-02-05,80.0,660.0
Uttar Pradesh,Gazipur APMC,Potato,2024-02-06,70.0,680.0
Uttar Pradesh,Gazipur APMC,Potato,2024-02-07,65.0,710.0
Uttar Pradesh,Gazipur APMC,Potato,2024-02-08,60.0,715.0
Uttar Pradesh,Gazipur APMC,Potato,2024-02-09,55.0,715.0
Uttar Pradesh,Gazipur APMC,Potato,2024-02-10,65.0,715.0
Uttar Pradesh,Gazipur APMC,Potato,2024-02-12,50.0,680.0
Uttar Pradesh,Gazipur APMC,Potato,2024-02-13,67.0,700.0
Uttar Pradesh,Gazipur APMC,Potato,2024-02-14,65.0,680.0
Uttar Pradesh,Gazipur APMC,Potato,2024-02-16,73.0,660.0
Uttar Pradesh,Gazipur APMC,Potato,2024-02-19,65.0,720.0
Uttar Pradesh,Gazipur APMC,Potato,2024-02-20,60.0,730.0
Uttar Pradesh,Gazipur APMC,Potato,2024-02-21,55.0,740.0
Uttar Pradesh,Gazipur APMC,Potato,2024-02-22,56.0,750.0
Uttar Pradesh,Gazipur APMC,Potato,2024-02-23,50.0,800.0
Uttar Pradesh,Gazipur APMC,Potato,2024-02-24,60.0,830.0
Uttar Pradesh,Gazipur APMC,Potato,2024-02-26,55.0,840.0
Uttar Pradesh,Gazipur APMC,Potato,2024-02-27,50.0,880.0
Uttar Pradesh,Gazipur APMC,Potato,2024-02-28,35.0,880.0
Uttar Pradesh,Gazipur APMC,Potato,2024-02-29,40.0,880.0
Uttar Pradesh,Gazipur APMC,Potato,2024-03-01,37.0,880.0
Uttar Pradesh,Gazipur APMC,Potato,2024-03-02,40.0,870.0
Uttar Pradesh,Gazipur APMC,Potato,2024-03-04,45.0,870.0
Uttar Pradesh,Gazipur APMC,Potato,2024-03-05,42.5,835.0
Uttar Pradesh,Gazipur APMC,Potato,2024-03-06,40.0,830.0
Uttar Pradesh,Gazipur APMC,Potato,2024-03-07,65.0,830.0
Uttar Pradesh,Gazipur APMC,Potato,2024-03-08,60.0,1025.0
Uttar Pradesh,Gazipur APMC,Potato,2024-03-09,40.0,1050.0
Uttar Pradesh,Gazipur APMC,Potato,2024-03-11,40.0,1110.0
Uttar Pradesh,Gazipur APMC,Potato,2024-03-12,45.0,1140.0
Uttar Pradesh,Gazipur APMC,Potato,2024-03-13,38.0,1160.0
Uttar Pradesh,Gazipur APMC,Potato,2024-03-14,35.0,1170.0
Uttar Pradesh,Gazipur APMC,Potato,2024-03-15,30.0,1315.0
Uttar Pradesh,Gazipur APMC,Potato,2024-03-16,25.0,1340.0
Uttar Pradesh,Gazipur APMC,Potato,2024-03-18,40.0,1380.0
Uttar Pradesh,Gazipur APMC,Potato,2024-03-19,45.0,1380.0
Uttar Pradesh,Gazipur APMC,Potato,2024-03-20,40.0,1400.0
Uttar Pradesh,Gazipur APMC,Potato,2024-03-21,46.0,1380.0
Uttar Pradesh,Gazipur APMC,Potato,2024-03-22,41.0,1400.0
Uttar Pradesh,Gazipur APMC,Potato,2024-03-23,44.0,1400.0
Uttar Pradesh,Gazipur APMC,Potato,2024-03-26,70.0,1400.0
Uttar Pradesh,Gazipur APMC,Potato,2024-03-27,72.0,1420.0
Uttar Pradesh,Gazipur APMC,Potato,2024-03-28,60.0,1420.0
Uttar Pradesh,Gazipur APMC,Potato,2024-03-29,61.0,1470.0
Uttar Pradesh,Gazipur APMC,Potato,2024-03-30,65.0,1450.0
Uttar Pradesh,Gazipur APMC,Rice,2024-01-01,70.0,2750.0
Uttar Pradesh,Gazipur APMC,Rice,2024-01-02,105.0,2750.0
Uttar Pradesh,Gazipur APMC,Rice,2024-01-03,105.0,2750.0
Uttar Pradesh,Gazipur APMC,Rice,2024-01-04,100.0,2750.0
Uttar Pradesh,Gazipur APMC,Rice,2024-01-05,90.0,2740.0
Uttar Pradesh,Gazipur APMC,Rice,2024-01-06,97.0,2740.0
Uttar Pradesh,Gazipur APMC,Rice,2024-01-08,70.0,2740.0
Uttar Pradesh,Gazipur APMC,Rice,2024-01-09,105.0,2760.0
Uttar Pradesh,Gazipur APMC,Rice,2024-01-10,115.0,2745.0
Uttar Pradesh,Gazipur APMC,Rice,2024-01-11,140.0,2745.0
Uttar Pradesh,Gazipur APMC,Rice,2024-01-12,110.0,2700.0
Uttar Pradesh,Gazipur APMC,Rice,2024-01-13,95.0,2700.0
Uttar Pradesh,Gazipur APMC,Rice,2024-01-15,110.0,2700.0
Uttar Pradesh,Gazipur APMC,Rice,2024-01-16,115.0,2700.0
Uttar Pradesh,Gazipur APMC,Rice,2024-01-17,125.0,2520.0
Uttar Pradesh,Gazipur APMC,Rice,2024-01-18,90.0,2700.0
Uttar Pradesh,Gazipur APMC,Rice,2024-01-19,70.0,2700.0
Uttar Pradesh,Gazipur APMC,Rice,2024-01-20,105.0,2710.0
Uttar Pradesh,Gazipur APMC,Rice,2024-01-22,90.0,2710.0
Uttar Pradesh,Gazipur APMC,Rice,2024-01-23,80.0,2710.0
Uttar Pradesh,Gazipur APMC,Rice,2024-01-24,90.0,2710.0
Uttar Pradesh,Gazipur APMC,Rice,2024-01-26,90.0,2720.0
Uttar Pradesh,Gazipur APMC,Rice,2024-01-27,95.0,2720.0
Uttar Pradesh,Gazipur APMC,Rice,2024-01-29,99.0,3385.0
Uttar Pradesh,Gazipur APMC,Rice,2024-01-30,100.0,3390.0
Uttar Pradesh,Gazipur APMC,Rice,2024-01-31,85.0,3390.0
Uttar Pradesh,Gazipur APMC,Rice,2024-02-01,100.0,3400.0
Uttar Pradesh,Gazipur APMC,Rice,2024-02-02,110.0,3390.0
Uttar Pradesh,Gazipur APMC,Rice,2024-02-03,80.0,2670.0
Uttar Pradesh,Gazipur APMC,Rice,2024-02-05,120.0,3385.0
Uttar Pradesh,Gazipur APMC,Rice,2024-02-06,80.0,2680.0
Uttar Pradesh,Gazipur APMC,Rice,2024-02-07,105.0,3360.0
Uttar Pradesh,Gazipur APMC,Rice,2024-02-08,90.0,3410.0
Uttar Pradesh,Gazipur APMC,Rice,2024-02-09,90.0,3415.0
Uttar Pradesh,Gazipur APMC,Rice,2024-02-10,57.0,2650.0
Uttar Pradesh,Gazipur APMC,Rice,2024-02-12,58.0,2650.0
Uttar Pradesh,Gazipur APMC,Rice,2024-02-13,50.0,2640.0
Uttar Pradesh,Gazipur APMC,Rice,2024-02-14,90.0,3400.0
Uttar Pradesh,Gazipur APMC,Rice,2024-02-16,90.0,3400.0
Uttar Pradesh,Gazipur APMC,Rice,2024-02-19,85.0,3400.0
Uttar Pradesh,Gazipur APMC,Rice,2024-02-20,96.0,3415.0
Uttar Pradesh,Gazipur APMC,Rice,2024-02-21,100.0,3415.0
Uttar Pradesh,Gazipur APMC,Rice,2024-02-22,59.0,2680.0
Uttar Pradesh,Gazipur APMC,Rice,2024-02-23,85.0,3415.0
Uttar Pradesh,Gazipur APMC,Rice,2024-02-24,90.0,3410.0
Uttar Pradesh,Gazipur APMC,Rice,2024-02-26,70.0,3410.0
Uttar Pradesh,Gazipur APMC,Rice,2024-02-27,90.0,3400.0
Uttar Pradesh,Gazipur APMC,Rice,2024-02-28,85.0,3400.0
Uttar Pradesh,Gazipur APMC,Rice,2024-02-29,87.0,3400.0
Uttar Pradesh,Gazipur APMC,Rice,2024-03-01,85.0,3400.0
Uttar Pradesh,Gazipur APMC,Rice,2024-03-02,90.0,3465.0
Uttar Pradesh,Gazipur APMC,Rice,2024-03-04,62.0,2700.0
Uttar Pradesh,Gazipur APMC,Rice,2024-03-05,90.0,3480.0
Uttar Pradesh,Gazipur APMC,Rice,2024-03-06,75.0,3475.0
Uttar Pradesh,Gazipur APMC,Rice,2024-03-07,90.0,3475.0
Uttar Pradesh,Gazipur APMC,Rice,2024-03-08,90.0,3475.0
Uttar Pradesh,Gazipur APMC,Rice,2024-03-09,86.0,3475.0
Uttar Pradesh,Gazipur APMC,Rice,2024-03-11,85.0,3622.5
Uttar Pradesh,Gazipur APMC,Rice,2024-03-12,85.0,3465.0
Uttar Pradesh,Gazipur APMC,Rice,2024-03-13,72.0,3472.5
Uttar Pradesh,Gazipur APMC,Rice,2024-03-14,66.0,3475.0
Uttar Pradesh,Gazipur APMC,Rice,2024-03-15,55.0,3500.0
Uttar Pradesh,Gazipur APMC,Rice,2024-03-16,65.0,3500.0
Uttar Pradesh,Gazipur APMC,Rice,2024-03-18,90.0,3495.0
Uttar Pradesh,Gazipur APMC,Rice,2024-03-19,76.0,3535.0
Uttar Pradesh,Gazipur APMC,Rice,2024-03-20,82.0,3535.0
Uttar Pradesh,Gazipur APMC,Rice,2024-03-21,84.0,3535.0
Uttar Pradesh,Gazipur APMC,Rice,2024-03-22,84.0,3535.0
Uttar Pradesh,Gazipur APMC,Rice,2024-03-23,95.0,3557.5
Uttar Pradesh,Gazipur APMC,Rice,2024-03-26,85.0,3560.0
Uttar Pradesh,Gazipur APMC,Rice,2024-03-27,93.0,3560.0
Uttar Pradesh,Gazipur APMC,Rice,2024-03-28,90.0,3570.0
Uttar Pradesh,Gazipur APMC,Rice,2024-03-29,90.0,3570.0
Uttar Pradesh,Gazipur APMC,Rice,2024-03-30,90.0,3575.0
Uttar Pradesh,Gazipur APMC,Wheat,2024-01-01,25.0,2510.0
Uttar Pradesh,Gazipur APMC,Wheat,2024-01-02,20.0,2510.0
Uttar Pradesh,Gazipur APMC,Wheat,2024-01-03,22.0,2510.0
Uttar Pradesh,Gazipur APMC,Wheat,2024-01-04,25.0,2500.0
Uttar Pradesh,Gazipur APMC,Wheat,2024-01-05,38.0,2510.0
Uttar Pradesh,Gazipur APMC,Wheat,2024-01-06,30.0,2510.0
Uttar Pradesh,Gazipur APMC,Wheat,2024-01-08,32.0,2510.0
Uttar Pradesh,Gazipur APMC,Wheat,2024-01-09,30.0,2510.0
Uttar Pradesh,Gazipur APMC,Wheat,2024-01-10,25.0,2510.0
Uttar Pradesh,Gazipur APMC,Wheat,2024-01-11,30.0,2510.0
Uttar Pradesh,Gazipur APMC,Wheat,2024-01-12,25.0,2520.0
Uttar Pradesh,Gazipur APMC,Wheat,2024-01-13,20.0,2520.0
Uttar Pradesh,Gazipur APMC,Wheat,2024-01-15,22.0,2520.0
Uttar Pradesh,Gazipur APMC,Wheat,2024-01-16,25.0,2520.0
Uttar Pradesh,Gazipur APMC,Wheat,2024-01-17,30.0,2520.0
Uttar Pradesh,Gazipur APMC,Wheat,2024-01-18,32.0,2520.0
Uttar Pradesh,Gazipur APMC,Wheat,2024-01-19,31.0,2550.0
Uttar Pradesh,Gazipur APMC,Wheat,2024-01-20,30.0,2520.0
Uttar Pradesh,Gazipur APMC,Wheat,2024-01-22,25.0,2520.0
Uttar Pradesh,Gazipur APMC,Wheat,2024-01-23,24.0,2520.0
Uttar Pradesh,Gazipur APMC,Wheat,2024-01-24,20.0,2530.0
Uttar Pradesh,Gazipur APMC,Wheat,2024-01-26,23.0,2530.0
Uttar Pradesh,Gazipur APMC,Wheat,2024-01-27,20.0,2530.0
Uttar Pradesh,Gazipur APMC,Wheat,2024-01-29,24.0,2530.0
Uttar Pradesh,Gazipur APMC,Wheat,2024-01-30,23.0,2520.0
Uttar Pradesh,Gazipur APMC,Wheat,2024-01-31,25.0,2520.0
Uttar Pradesh,Gazipur APMC,Wheat,2024-02-01,26.0,2520.0
Uttar Pradesh,Gazipur APMC,Wheat,2024-02-02,24.0,2520.0
Uttar Pradesh,Gazipur APMC,Wheat,2024-02-03,25.0,2530.0
Uttar Pradesh,Gazipur APMC,Wheat,2024-02-05,26.0,2530.0
Uttar Pradesh,Gazipur APMC,Wheat,2024-02-06,25.0,2530.0
Uttar Pradesh,Gazipur APMC,Wheat,2024-02-07,20.0,2530.0
Uttar Pradesh,Gazipur APMC,Wheat,2024-02-08,22.0,2530.0
Uttar Pradesh,Gazipur APMC,Wheat,2024-02-09,21.0,2530.0
Uttar Pradesh,Gazipur APMC,Wheat,2024-02-10,22.0,2530.0
Uttar Pradesh,Gazipur APMC,Wheat,2024-02-12,23.0,2530.0
Uttar Pradesh,Gazipur APMC,Wheat,2024-02-13,24.0,2530.0
Uttar Pradesh,Gazipur APMC,Wheat,2024-02-14,20.0,2530.0
Uttar Pradesh,Gazipur APMC,Wheat,2024-02-16,23.0,2540.0
Uttar Pradesh,Gazipur APMC,Wheat,2024-02-19,23.5,2550.0
Uttar Pradesh,Gazipur APMC,Wheat,2024-02-20,20.0,2570.0
Uttar Pradesh,Gazipur APMC,Wheat,2024-02-21,22.0,2570.0
Uttar Pradesh,Gazipur APMC,Wheat,2024-02-22,22.5,2575.0
Uttar Pradesh,Gazipur APMC,Wheat,2024-02-23,23.0,2580.0
Uttar Pradesh,Gazipur APMC,Wheat,2024-02-24,20.0,2580.0
Uttar Pradesh,Gazipur APMC,Wheat,2024-02-26,22.0,2580.0
Uttar Pradesh,Gazipur APMC,Wheat,2024-02-27,20.0,2540.0
Uttar Pradesh,Gazipur APMC,Wheat,2024-02-28,25.0,2540.0
Uttar Pradesh,Gazipur APMC,Wheat,2024-02-29,21.0,2540.0
Uttar Pradesh,Gazipur APMC,Wheat,2024-03-02,22.0,2680.0
Uttar Pradesh,Gazipur APMC,Wheat,2024-03-04,25.0,2650.0
Uttar Pradesh,Gazipur APMC,Wheat,2024-03-05,26.0,2630.0
Uttar Pradesh,Gazipur APMC,Wheat,2024-03-06,20.0,2520.0
Uttar Pradesh,Gazipur APMC,Wheat,2024-03-07,25.0,2520.0
Uttar Pradesh,Gazipur APMC,Wheat,2024-03-08,20.0,2520.0
Uttar Pradesh,Gazipur APMC,Wheat,2024-03-09,21.0,2520.0
Uttar Pradesh,Gazipur APMC,Wheat,2024-03-11,22.0,2520.0
Uttar Pradesh,Gazipur APMC,Wheat,2024-03-12,24.0,2500.0
Uttar Pradesh,Gazipur APMC,Wheat,2024-03-13,24.0,2500.0
Uttar Pradesh,Gazipur APMC,Wheat,2024-03-14,27.0,2500.0
Uttar Pradesh,Gazipur APMC,Wheat,2024-03-15,28.0,2420.0
Uttar Pradesh,Gazipur APMC,Wheat,2024-03-16,30.0,2440.0
Uttar Pradesh,Gazipur APMC,Wheat,2024-03-18,32.0,2420.0
Uttar Pradesh,Gazipur APMC,Wheat,2024-03-19,30.0,2420.0
Uttar Pradesh,Gazipur APMC,Wheat,2024-03-20,32.0,2420.0
Uttar Pradesh,Gazipur APMC,Wheat,2024-03-21,36.0,2420.0
Uttar Pradesh,Gazipur APMC,Wheat,2024-03-22,34.0,2420.0
Uttar Pradesh,Gazipur APMC,Wheat,2024-03-23,30.0,2420.0
Uttar Pradesh,Gazipur APMC,Wheat,2024-03-26,28.0,2420.0
Uttar Pradesh,Gazipur APMC,Wheat,2024-03-27,30.0,2420.0
Uttar Pradesh,Gazipur APMC,Wheat,2024-03-28,35.0,2420.0
Uttar Pradesh,Gazipur APMC,Wheat,2024-03-29,31.0,2420.0
Uttar Pradesh,Gazipur APMC,Wheat,2024-03-30,34.0,2420.0
Uttar Pradesh,Ghaziabad APMC,Onion,2024-01-02,110.0,1775.0
Uttar Pradesh,Ghaziabad APMC,Onion,2024-01-03,60.0,1950.0
Uttar Pradesh,Ghaziabad APMC,Onion,2024-01-04,120.0,1770.0
Uttar Pradesh,Ghaziabad APMC,Onion,2024-01-05,80.0,2260.0
Uttar Pradesh,Ghaziabad APMC,Onion,2024-01-06,60.0,2300.0
Uttar Pradesh,Ghaziabad APMC,Onion,2024-01-07,70.0,2300.0
Uttar Pradesh,Ghaziabad APMC,Onion,2024-01-08,80.0,2250.0
Uttar Pradesh,Ghaziabad APMC,Onion,2024-01-09,85.0,2250.0
Uttar Pradesh,Ghaziabad APMC,Onion,2024-01-10,100.0,2260.0
Uttar Pradesh,Ghaziabad APMC,Onion,2024-01-11,90.0,2250.0
Uttar Pradesh,Ghaziabad APMC,Onion,2024-01-12,100.0,2250.0
Uttar Pradesh,Ghaziabad APMC,Onion,2024-01-13,120.0,2200.0
Uttar Pradesh,Ghaziabad APMC,Onion,2024-01-14,80.0,2200.0
Uttar Pradesh,Ghaziabad APMC,Onion,2024-01-15,120.0,2140.0
Uttar Pradesh,Ghaziabad APMC,Onion,2024-01-16,110.0,2150.0
Uttar Pradesh,Ghaziabad APMC,Onion,2024-01-17,120.0,2140.0
Uttar Pradesh,Ghaziabad APMC,Onion,2024-01-18,80.0,2150.0
Uttar Pradesh,Ghaziabad APMC,Onion,2024-01-19,120.0,2060.0
Uttar Pradesh,Ghaziabad APMC,Onion,2024-01-20,90.0,2150.0
Uttar Pradesh,Ghaziabad APMC,Onion,2024-01-21,120.0,2050.0
Uttar Pradesh,Ghaziabad APMC,Onion,2024-01-22,110.0,2060.0
Uttar Pradesh,Ghaziabad APMC,Onion,2024-01-23,130.0,2060.0
Uttar Pradesh,Ghaziabad APMC,Onion,2024-01-24,120.0,1950.0
Uttar Pradesh,Ghaziabad APMC,Onion,2024-01-25,140.0,1800.0
Uttar Pradesh,Ghaziabad APMC,Onion,2024-01-26,120.0,1875.0
Uttar Pradesh,Ghaziabad APMC,Onion,2024-01-27,100.0,1900.0
Uttar Pradesh,Ghaziabad APMC,Onion,2024-01-28,120.0,1800.0
Uttar Pradesh,Ghaziabad APMC,Onion,2024-01-29,100.0,1800.0
Uttar Pradesh,Ghaziabad APMC,Onion,2024-01-30,200.0,1750.0
Uttar Pradesh,Ghaziabad APMC,Onion,2024-01-31,120.0,1750.0
Uttar Pradesh,Ghaziabad APMC,Onion,2024-02-02,100.0,1760.0
Uttar Pradesh,Ghaziabad APMC,Onion,2024-02-03,110.0,1750.0
Uttar Pradesh,Ghaziabad APMC,Onion,2024-02-04,80.0,1760.0
Uttar Pradesh,Ghaziabad APMC,Onion,2024-02-05,90.0,1700.0
Uttar Pradesh,Ghaziabad APMC,Onion,2024-02-06,100.0,1680.0
Uttar Pradesh,Ghaziabad APMC,Onion,2024-02-07,110.0,1675.0
Uttar Pradesh,Ghaziabad APMC,Onion,2024-02-08,80.0,1900.0
Uttar Pradesh,Ghaziabad APMC,Onion,2024-02-09,120.0,1760.0
Uttar Pradesh,Ghaziabad APMC,Onion,2024-02-10,80.0,1800.0
Uttar Pradesh,Ghaziabad APMC,Onion,2024-02-11,100.0,1650.0
Uttar Pradesh,Ghaziabad APMC,Onion,2024-02-12,120.0,1600.0
Uttar Pradesh,Ghaziabad APMC,Onion,2024-02-13,130.0,1600.0
Uttar Pradesh,Ghaziabad APMC,Onion,2024-02-14,80.0,1750.0
Uttar Pradesh,Ghaziabad APMC,Onion,2024-02-15,120.0,1650.0
Uttar Pradesh,Ghaziabad APMC,Onion,2024-02-16,100.0,1630.0
Uttar Pradesh,Ghaziabad APMC,Onion,2024-02-17,80.0,1650.0
Uttar Pradesh,Ghaziabad APMC,Onion,2024-02-18,120.0,1660.0
Uttar Pradesh,Ghaziabad APMC,Onion,2024-02-19,100.0,1760.0
Uttar Pradesh,Ghaziabad APMC,Onion,2024-02-20,80.0,1850.0
Uttar Pradesh,Ghaziabad APMC,Onion,2024-02-21,100.0,1860.0
Uttar Pradesh,Ghaziabad APMC,Onion,2024-02-22,100.0,1840.0
Uttar Pradesh,Ghaziabad APMC,Onion,2024-02-23,80.0,1800.0
Uttar Pradesh,Ghaziabad APMC,Onion,2024-02-24,120.0,1850.0
Uttar Pradesh,Ghaziabad APMC,Onion,2024-02-25,100.0,1840.0
Uttar Pradesh,Ghaziabad APMC,Onion,2024-02-26,80.0,1860.0
Uttar Pradesh,Ghaziabad APMC,Onion,2024-02-27,100.0,1850.0
Uttar Pradesh,Ghaziabad APMC,Onion,2024-02-28,90.0,1860.0
Uttar Pradesh,Ghaziabad APMC,Onion,2024-02-29,60.0,1900.0
Uttar Pradesh,Ghaziabad APMC,Onion,2024-03-02,120.0,1900.0
Uttar Pradesh,Ghaziabad APMC,Onion,2024-03-03,100.0,1950.0
Uttar Pradesh,Ghaziabad APMC,Onion,2024-03-04,80.0,1950.0
Uttar Pradesh,Ghaziabad APMC,Onion,2024-03-05,70.0,2050.0
Uttar Pradesh,Ghaziabad APMC,Onion,2024-03-06,100.0,1970.0
Uttar Pradesh,Ghaziabad APMC,Onion,2024-03-07,80.0,1980.0
Uttar Pradesh,Ghaziabad APMC,Onion,2024-03-08,120.0,1960.0
Uttar Pradesh,Ghaziabad APMC,Onion,2024-03-09,100.0,1950.0
Uttar Pradesh,Ghaziabad APMC,Onion,2024-03-10,80.0,1960.0
Uttar Pradesh,Ghaziabad APMC,Onion,2024-03-11,120.0,1950.0
Uttar Pradesh,Ghaziabad APMC,Onion,2024-03-12,70.0,2050.0
Uttar Pradesh,Ghaziabad APMC,Onion,2024-03-14,80.0,2050.0
Uttar Pradesh,Ghaziabad APMC,Onion,2024-03-15,100.0,2040.0
Uttar Pradesh,Ghaziabad APMC,Onion,2024-03-16,80.0,2050.0
Uttar Pradesh,Ghaziabad APMC,Onion,2024-03-17,120.0,2040.0
Uttar Pradesh,Ghaziabad APMC,Onion,2024-03-18,130.0,1860.0
Uttar Pradesh,Ghaziabad APMC,Onion,2024-03-19,100.0,1900.0
Uttar Pradesh,Ghaziabad APMC,Onion,2024-03-20,120.0,1860.0
Uttar Pradesh,Ghaziabad APMC,Onion,2024-03-21,100.0,1850.0
Uttar Pradesh,Ghaziabad APMC,Onion,2024-03-22,110.0,1850.0
Uttar Pradesh,Ghaziabad APMC,Onion,2024-03-23,80.0,1860.0
Uttar Pradesh,Ghaziabad APMC,Onion,2024-03-26,90.0,1860.0
Uttar Pradesh,Ghaziabad APMC,Onion,2024-03-27,100.0,1830.0
Uttar Pradesh,Ghaziabad APMC,Onion,2024-03-28,80.0,1850.0
Uttar Pradesh,Ghaziabad APMC,Onion,2024-03-29,100.0,1850.0
Uttar Pradesh,Ghaziabad APMC,Onion,2024-03-30,90.0,1860.0
Uttar Pradesh,Ghaziabad APMC,Onion,2024-03-31,80.0,1850.0
Uttar Pradesh,Ghaziabad APMC,Potato,2024-01-02,410.0,700.0
Uttar Pradesh,Ghaziabad APMC,Potato,2024-01-03,210.0,680.0
Uttar Pradesh,Ghaziabad APMC,Potato,2024-01-04,350.0,700.0
Uttar Pradesh,Ghaziabad APMC,Potato,2024-01-05,250.0,800.0
Uttar Pradesh,Ghaziabad APMC,Potato,2024-01-06,360.0,750.0
Uttar Pradesh,Ghaziabad APMC,Potato,2024-01-07,350.0,750.0
Uttar Pradesh,Ghaziabad APMC,Potato,2024-01-08,310.0,750.0
Uttar Pradesh,Ghaziabad APMC,Potato,2024-01-09,300.0,750.0
Uttar Pradesh,Ghaziabad APMC,Potato,2024-01-10,300.0,750.0
Uttar Pradesh,Ghaziabad APMC,Potato,2024-01-11,250.0,750.0
Uttar Pradesh,Ghaziabad APMC,Potato,2024-01-12,210.0,750.0
Uttar Pradesh,Ghaziabad APMC,Potato,2024-01-13,280.0,700.0
Uttar Pradesh,Ghaziabad APMC,Potato,2024-01-14,320.0,700.0
Uttar Pradesh,Ghaziabad APMC,Potato,2024-01-15,240.0,700.0
Uttar Pradesh,Ghaziabad APMC,Potato,2024-01-16,220.0,700.0
Uttar Pradesh,Ghaziabad APMC,Potato,2024-01-17,160.0,700.0
Uttar Pradesh,Ghaziabad APMC,Potato,2024-01-18,320.0,700.0
Uttar Pradesh,Ghaziabad APMC,Potato,2024-01-19,350.0,700.0
Uttar Pradesh,Ghaziabad APMC,Potato,2024-01-20,320.0,750.0
Uttar Pradesh,Ghaziabad APMC,Potato,2024-01-21,310.0,700.0
Uttar Pradesh,Ghaziabad APMC,Potato,2024-01-22,300.0,750.0
Uttar Pradesh,Ghaziabad APMC,Potato,2024-01-23,360.0,750.0
Uttar Pradesh,Ghaziabad APMC,Potato,2024-01-24,300.0,750.0
Uttar Pradesh,Ghaziabad APMC,Potato,2024-01-25,280.0,750.0
Uttar Pradesh,Ghaziabad APMC,Potato,2024-01-26,250.0,750.0
Uttar Pradesh,Ghaziabad APMC,Potato,2024-01-27,320.0,750.0
Uttar Pradesh,Ghaziabad APMC,Potato,2024-01-28,350.0,750.0
Uttar Pradesh,Ghaziabad APMC,Potato,2024-01-29,260.0,750.0
Uttar Pradesh,Ghaziabad APMC,Potato,2024-01-30,250.0,750.0
Uttar Pradesh,Ghaziabad APMC,Potato,2024-01-31,350.0,750.0
Uttar Pradesh,Ghaziabad APMC,Potato,2024-02-02,300.0,750.0
Uttar Pradesh,Ghaziabad APMC,Potato,2024-02-03,280.0,750.0
Uttar Pradesh,Ghaziabad APMC,Potato,2024-02-04,310.0,750.0
Uttar Pradesh,Ghaziabad APMC,Potato,2024-02-05,310.0,750.0
Uttar Pradesh,Ghaziabad APMC,Potato,2024-02-06,300.0,800.0
Uttar Pradesh,Ghaziabad APMC,Potato,2024-02-07,350.0,800.0
Uttar Pradesh,Ghaziabad APMC,Potato,2024-02-08,340.0,800.0
Uttar Pradesh,Ghaziabad APMC,Potato,2024-02-09,400.0,800.0
Uttar Pradesh,Ghaziabad APMC,Potato,2024-02-10,320.0,800.0
Uttar Pradesh,Ghaziabad APMC,Potato,2024-02-11,330.0,800.0
Uttar Pradesh,Ghaziabad APMC,Potato,2024-02-12,360.0,800.0
Uttar Pradesh,Ghaziabad APMC,Potato,2024-02-13,350.0,800.0
Uttar Pradesh,Ghaziabad APMC,Potato,2024-02-14,410.0,800.0
Uttar Pradesh,Ghaziabad APMC,Potato,2024-02-15,350.0,800.0
Uttar Pradesh,Ghaziabad APMC,Potato,2024-02-16,420.0,800.0
Uttar Pradesh,Ghaziabad APMC,Potato,2024-02-17,350.0,800.0
Uttar Pradesh,Ghaziabad APMC,Potato,2024-02-18,370.0,800.0
Uttar Pradesh,Ghaziabad APMC,Potato,2024-02-19,240.0,850.0
Uttar Pradesh,Ghaziabad APMC,Potato,2024-02-20,240.0,900.0
Uttar Pradesh,Ghaziabad APMC,Potato,2024-02-21,360.0,900.0
Uttar Pradesh,Ghaziabad APMC,Potato,2024-02-22,300.0,900.0
Uttar Pradesh,Ghaziabad APMC,Potato,2024-02-23,410.0,950.0
Uttar Pradesh,Ghaziabad APMC,Potato,2024-02-25,360.0,900.0
Uttar Pradesh,Ghaziabad APMC,Potato,2024-02-26,270.0,950.0
Uttar Pradesh,Ghaziabad APMC,Potato,2024-02-27,370.0,950.0
Uttar Pradesh,Ghaziabad APMC,Potato,2024-02-28,320.0,950.0
Uttar Pradesh,Ghaziabad APMC,Potato,2024-02-29,320.0,950.0
Uttar Pradesh,Ghaziabad APMC,Potato,2024-03-02,400.0,950.0
Uttar Pradesh,Ghaziabad APMC,Potato,2024-03-03,300.0,950.0
Uttar Pradesh,Ghaziabad APMC,Potato,2024-03-04,300.0,950.0
Uttar Pradesh,Ghaziabad APMC,Potato,2024-03-05,220.0,1100.0
Uttar Pradesh,Ghaziabad APMC,Potato,2024-03-06,290.0,1100.0
Uttar Pradesh,Ghaziabad APMC,Potato,2024-03-07,220.0,1100.0
Uttar Pradesh,Ghaziabad APMC,Potato,2024-03-08,200.0,1150.0
Uttar Pradesh,Ghaziabad APMC,Potato,2024-03-09,290.0,1150.0
Uttar Pradesh,Ghaziabad APMC,Potato,2024-03-10,220.0,1200.0
Uttar Pradesh,Ghaziabad APMC,Potato,2024-03-11,240.0,1200.0
Uttar Pradesh,Ghaziabad APMC,Potato,2024-03-12,280.0,1200.0
Uttar Pradesh,Ghaziabad APMC,Potato,2024-03-14,260.0,1300.0
Uttar Pradesh,Ghaziabad APMC,Potato,2024-03-15,200.0,1300.0
Uttar Pradesh,Ghaziabad APMC,Potato,2024-03-16,200.0,1350.0
Uttar Pradesh,Ghaziabad APMC,Potato,2024-03-17,300.0,1350.0
Uttar Pradesh,Ghaziabad APMC,Potato,2024-03-18,360.0,1300.0
Uttar Pradesh,Ghaziabad APMC,Potato,2024-03-19,300.0,1300.0
Uttar Pradesh,Ghaziabad APMC,Potato,2024-03-20,270.0,1300.0
Uttar Pradesh,Ghaziabad APMC,Potato,2024-03-21,250.0,1300.0
Uttar Pradesh,Ghaziabad APMC,Potato,2024-03-22,270.0,1300.0
Uttar Pradesh,Ghaziabad APMC,Potato,2024-03-23,250.0,1300.0
Uttar Pradesh,Ghaziabad APMC,Potato,2024-03-26,250.0,1300.0
Uttar Pradesh,Ghaziabad APMC,Potato,2024-03-27,280.0,1280.0
Uttar Pradesh,Ghaziabad APMC,Potato,2024-03-28,200.0,1350.0
Uttar Pradesh,Ghaziabad APMC,Potato,2024-03-29,300.0,1300.0
Uttar Pradesh,Ghaziabad APMC,Potato,2024-03-30,290.0,1400.0
Uttar Pradesh,Ghaziabad APMC,Potato,2024-03-31,290.0,1400.0
Uttar Pradesh,Ghaziabad APMC,Rice,2024-01-01,180.0,3000.0
Uttar Pradesh,Ghaziabad APMC,Rice,2024-01-03,120.0,3000.0
Uttar Pradesh,Ghaziabad APMC,Rice,2024-01-04,130.0,3000.0
Uttar Pradesh,Ghaziabad APMC,Rice,2024-01-05,120.0,3000.0
Uttar Pradesh,Ghaziabad APMC,Rice,2024-01-06,250.0,3000.0
Uttar Pradesh,Ghaziabad APMC,Rice,2024-01-07,300.0,3000.0
Uttar Pradesh,Ghaziabad APMC,Rice,2024-01-08,250.0,3000.0
Uttar Pradesh,Ghaziabad APMC,Rice,2024-01-10,280.0,3000.0
Uttar Pradesh,Ghaziabad APMC,Rice,2024-01-11,400.0,3000.0
Uttar Pradesh,Ghaziabad APMC,Rice,2024-01-12,200.0,3000.0
Uttar Pradesh,Ghaziabad APMC,Rice,2024-01-13,350.0,3000.0
Uttar Pradesh,Ghaziabad APMC,Rice,2024-01-14,260.0,3000.0
Uttar Pradesh,Ghaziabad APMC,Rice,2024-01-15,240.0,3000.0
Uttar Pradesh,Ghaziabad APMC,Rice,2024-01-17,350.0,3000.0
Uttar Pradesh,Ghaziabad APMC,Rice,2024-01-18,500.0,3000.0
Uttar Pradesh,Ghaziabad APMC,Rice,2024-01-19,250.0,3000.0
Uttar Pradesh,Ghaziabad APMC,Rice,2024-01-20,350.0,3000.0
Uttar Pradesh,Ghaziabad APMC,Rice,2024-01-21,400.0,3000.0
Uttar Pradesh,Ghaziabad APMC,Rice,2024-01-22,300.0,3000.0
Uttar Pradesh,Ghaziabad APMC,Rice,2024-01-24,250.0,3000.0
Uttar Pradesh,Ghaziabad APMC,Rice,2024-01-25,500.0,3000.0
Uttar Pradesh,Ghaziabad APMC,Rice,2024-01-26,400.0,3100.0
Uttar Pradesh,Ghaziabad APMC,Rice,2024-01-27,350.0,3000.0
Uttar Pradesh,Ghaziabad APMC,Rice,2024-01-28,500.0,3000.0
Uttar Pradesh,Ghaziabad APMC,Rice,2024-01-29,400.0,3000.0
Uttar Pradesh,Ghaziabad APMC,Rice,2024-01-31,350.0,3000.0
Uttar Pradesh,Ghaziabad APMC,Rice,2024-02-01,150.0,3000.0
Uttar Pradesh,Ghaziabad APMC,Rice,2024-02-02,130.0,3000.0
Uttar Pradesh,Ghaziabad APMC,Rice,2024-02-03,180.0,3000.0
Uttar Pradesh,Ghaziabad APMC,Rice,2024-02-04,400.0,3000.0
Uttar Pradesh,Ghaziabad APMC,Rice,2024-02-05,400.0,3000.0
Uttar Pradesh,Ghaziabad APMC,Rice,2024-02-07,300.0,3000.0
Uttar Pradesh,Ghaziabad APMC,Rice,2024-02-08,350.0,3000.0
Uttar Pradesh,Ghaziabad APMC,Rice,2024-02-09,250.0,3000.0
Uttar Pradesh,Ghaziabad APMC,Rice,2024-02-10,500.0,3000.0
Uttar Pradesh,Ghaziabad APMC,Rice,2024-02-11,400.0,3000.0
Uttar Pradesh,Ghaziabad APMC,Rice,2024-02-12,350.0,3000.0
Uttar Pradesh,Ghaziabad APMC,Rice,2024-02-14,500.0,3000.0
Uttar Pradesh,Ghaziabad APMC,Rice,2024-02-15,400.0,3200.0
Uttar Pradesh,Ghaziabad APMC,Rice,2024-02-16,450.0,3200.0
Uttar Pradesh,Ghaziabad APMC,Rice,2024-02-17,350.0,3200.0
Uttar Pradesh,Ghaziabad APMC,Rice,2024-02-18,550.0,3200.0
Uttar Pradesh,Ghaziabad APMC,Rice,2024-02-19,300.0,3200.0
Uttar Pradesh,Ghaziabad APMC,Rice,2024-02-21,450.0,3200.0
Uttar Pradesh,Ghaziabad APMC,Rice,2024-02-22,250.0,3200.0
Uttar Pradesh,Ghaziabad APMC,Rice,2024-02-23,260.0,3200.0
Uttar Pradesh,Ghaziabad APMC,Rice,2024-02-24,300.0,3200.0
Uttar Pradesh,Ghaziabad APMC,Rice,2024-02-25,200.0,3200.0
Uttar Pradesh,Ghaziabad APMC,Rice,2024-02-26,400.0,3200.0
Uttar Pradesh,Ghaziabad APMC,Rice,2024-02-28,350.0,3200.0
Uttar Pradesh,Ghaziabad APMC,Rice,2024-02-29,320.0,3200.0
Uttar Pradesh,Ghaziabad APMC,Rice,2024-03-01,250.0,3200.0
Uttar Pradesh,Ghaziabad APMC,Rice,2024-03-02,200.0,3200.0
Uttar Pradesh,Ghaziabad APMC,Rice,2024-03-03,300.0,3200.0
Uttar Pradesh,Ghaziabad APMC,Rice,2024-03-04,150.0,3200.0
Uttar Pradesh,Ghaziabad APMC,Rice,2024-03-06,300.0,3200.0
Uttar Pradesh,Ghaziabad APMC,Rice,2024-03-07,400.0,3200.0
Uttar Pradesh,Ghaziabad APMC,Rice,2024-03-08,250.0,3200.0
Uttar Pradesh,Ghaziabad APMC,Rice,2024-03-09,300.0,3200.0
Uttar Pradesh,Ghaziabad APMC,Rice,2024-03-10,200.0,3200.0
Uttar Pradesh,Ghaziabad APMC,Rice,2024-03-11,350.0,3200.0
Uttar Pradesh,Ghaziabad APMC,Rice,2024-03-14,400.0,3200.0
Uttar Pradesh,Ghaziabad APMC,Rice,2024-03-15,250.0,3200.0
Uttar Pradesh,Ghaziabad APMC,Rice,2024-03-16,350.0,3200.0
Uttar Pradesh,Ghaziabad APMC,Rice,2024-03-17,200.0,3200.0
Uttar Pradesh,Ghaziabad APMC,Rice,2024-03-18,300.0,3200.0
Uttar Pradesh,Ghaziabad APMC,Rice,2024-03-20,250.0,3200.0
Uttar Pradesh,Ghaziabad APMC,Rice,2024-03-21,300.0,3200.0
Uttar Pradesh,Ghaziabad APMC,Rice,2024-03-22,200.0,3200.0
Uttar Pradesh,Ghaziabad APMC,Rice,2024-03-23,350.0,3200.0
Uttar Pradesh,Ghaziabad APMC,Rice,2024-03-27,260.0,3200.0
Uttar Pradesh,Ghaziabad APMC,Rice,2024-03-28,300.0,3200.0
Uttar Pradesh,Ghaziabad APMC,Rice,2024-03-29,280.0,3200.0
Uttar Pradesh,Ghaziabad APMC,Rice,2024-03-30,290.0,3200.0
Uttar Pradesh,Ghaziabad APMC,Rice,2024-03-31,200.0,3200.0
Uttar Pradesh,Ghaziabad APMC,Wheat,2024-01-01,1210.0,2500.0
Uttar Pradesh,Ghaziabad APMC,Wheat,2024-01-03,255.0,2500.0
Uttar Pradesh,Ghaziabad APMC,Wheat,2024-01-04,270.0,2500.0
Uttar Pradesh,Ghaziabad APMC,Wheat,2024-01-05,1410.0,2500.0
Uttar Pradesh,Ghaziabad APMC,Wheat,2024-01-06,1310.0,2500.0
Uttar Pradesh,Ghaziabad APMC,Wheat,2024-01-07,1210.0,2500.0
Uttar Pradesh,Ghaziabad APMC,Wheat,2024-01-08,1310.0,2500.0
Uttar Pradesh,Ghaziabad APMC,Wheat,2024-01-10,1110.0,2500.0
Uttar Pradesh,Ghaziabad APMC,Wheat,2024-01-11,1010.0,2540.0
Uttar Pradesh,Ghaziabad APMC,Wheat,2024-01-12,1210.0,2550.0
Uttar Pradesh,Ghaziabad APMC,Wheat,2024-01-13,1110.0,2550.0
Uttar Pradesh,Ghaziabad APMC,Wheat,2024-01-14,1210.0,2550.0
Uttar Pradesh,Ghaziabad APMC,Wheat,2024-01-15,860.0,2550.0
Uttar Pradesh,Ghaziabad APMC,Wheat,2024-01-17,1210.0,2550.0
Uttar Pradesh,Ghaziabad APMC,Wheat,2024-01-18,1010.0,2260.0
Uttar Pradesh,Ghaziabad APMC,Wheat,2024-01-19,1110.0,2560.0
Uttar Pradesh,Ghaziabad APMC,Wheat,2024-01-20,1410.0,2560.0
Uttar Pradesh,Ghaziabad APMC,Wheat,2024-01-21,810.0,2560.0
Uttar Pradesh,Ghaziabad APMC,Wheat,2024-01-22,510.0,2560.0
Uttar Pradesh,Ghaziabad APMC,Wheat,2024-01-24,1210.0,2560.0
Uttar Pradesh,Ghaziabad APMC,Wheat,2024-01-25,910.0,2560.0
Uttar Pradesh,Ghaziabad APMC,Wheat,2024-01-26,1010.0,2560.0
Uttar Pradesh,Ghaziabad APMC,Wheat,2024-01-27,9010.0,2560.0
Uttar Pradesh,Ghaziabad APMC,Wheat,2024-01-28,1210.0,2560.0
Uttar Pradesh,Ghaziabad APMC,Wheat,2024-01-29,1010.0,2560.0
Uttar Pradesh,Ghaziabad APMC,Wheat,2024-01-31,1210.0,2560.0
Uttar Pradesh,Ghaziabad APMC,Wheat,2024-02-01,610.0,2560.0
Uttar Pradesh,Ghaziabad APMC,Wheat,2024-02-02,510.0,2580.0
Uttar Pradesh,Ghaziabad APMC,Wheat,2024-02-03,5060.0,2580.0
Uttar Pradesh,Ghaziabad APMC,Wheat,2024-02-04,1010.0,2600.0
Uttar Pradesh,Ghaziabad APMC,Wheat,2024-02-05,910.0,2600.0
Uttar Pradesh,Ghaziabad APMC,Wheat,2024-02-07,915.0,2600.0
Uttar Pradesh,Ghaziabad APMC,Wheat,2024-02-08,1010.0,2580.0
Uttar Pradesh,Ghaziabad APMC,Wheat,2024-02-09,1410.0,2580.0
Uttar Pradesh,Ghaziabad APMC,Wheat,2024-02-10,1210.0,2580.0
Uttar Pradesh,Ghaziabad APMC,Wheat,2024-02-11,1510.0,2580.0
Uttar Pradesh,Ghaziabad APMC,Wheat,2024-02-12,1210.0,2580.0
Uttar Pradesh,Ghaziabad APMC,Wheat,2024-02-14,1510.0,2560.0
Uttar Pradesh,Ghaziabad APMC,Wheat,2024-02-15,1210.0,2560.0
Uttar Pradesh,Ghaziabad APMC,Wheat,2024-02-16,1410.0,2560.0
Uttar Pradesh,Ghaziabad APMC,Wheat,2024-02-17,1210.0,2560.0
Uttar Pradesh,Ghaziabad APMC,Wheat,2024-02-18,1010.0,2560.0
Uttar Pradesh,Ghaziabad APMC,Wheat,2024-02-19,1420.0,2540.0
Uttar Pradesh,Ghaziabad APMC,Wheat,2024-02-21,1310.0,2560.0
Uttar Pradesh,Ghaziabad APMC,Wheat,2024-02-22,1410.0,2540.0
Uttar Pradesh,Ghaziabad APMC,Wheat,2024-02-23,1310.0,2540.0
Uttar Pradesh,Ghaziabad APMC,Wheat,2024-02-24,1410.0,2540.0
Uttar Pradesh,Ghaziabad APMC,Wheat,2024-02-25,1210.0,2540.0
Uttar Pradesh,Ghaziabad APMC,Wheat,2024-02-26,1410.0,2540.0
Uttar Pradesh,Ghaziabad APMC,Wheat,2024-02-28,1310.0,2520.0
Uttar Pradesh,Ghaziabad APMC,Wheat,2024-02-29,1410.0,2520.0
Uttar Pradesh,Ghaziabad APMC,Wheat,2024-03-01,1110.0,2520.0
Uttar Pradesh,Ghaziabad APMC,Wheat,2024-03-02,1400.0,2520.0
Uttar Pradesh,Ghaziabad APMC,Wheat,2024-03-03,1210.0,2520.0
Uttar Pradesh,Ghaziabad APMC,Wheat,2024-03-04,1310.0,2500.0
Uttar Pradesh,Ghaziabad APMC,Wheat,2024-03-06,1210.0,2520.0
Uttar Pradesh,Ghaziabad APMC,Wheat,2024-03-07,810.0,2540.0
Uttar Pradesh,Ghaziabad APMC,Wheat,2024-03-08,1210.0,2540.0
Uttar Pradesh,Ghaziabad APMC,Wheat,2024-03-09,910.0,2550.0
Uttar Pradesh,Ghaziabad APMC,Wheat,2024-03-10,1210.0,2540.0
Uttar Pradesh,Ghaziabad APMC,Wheat,2024-03-11,1110.0,2520.0
Uttar Pradesh,Ghaziabad APMC,Wheat,2024-03-14,1410.0,2520.0
Uttar Pradesh,Ghaziabad APMC,Wheat,2024-03-15,1210.0,2520.0
Uttar Pradesh,Ghaziabad APMC,Wheat,2024-03-16,910.0,2540.0
Uttar Pradesh,Ghaziabad APMC,Wheat,2024-03-17,1010.0,2540.0
Uttar Pradesh,Ghaziabad APMC,Wheat,2024-03-18,1220.0,2540.0
Uttar Pradesh,Ghaziabad APMC,Wheat,2024-03-20,1420.0,2520.0
Uttar Pradesh,Ghaziabad APMC,Wheat,2024-03-21,1210.0,2560.0
Uttar Pradesh,Ghaziabad APMC,Wheat,2024-03-22,1110.0,2560.0
Uttar Pradesh,Ghaziabad APMC,Wheat,2024-03-23,1220.0,2530.0
Uttar Pradesh,Ghaziabad APMC,Wheat,2024-03-27,1015.0,2530.0
Uttar Pradesh,Ghaziabad APMC,Wheat,2024-03-28,620.0,2520.0
Uttar Pradesh,Ghaziabad APMC,Wheat,2024-03-29,715.0,2540.0
Uttar Pradesh,Ghaziabad APMC,Wheat,2024-03-30,770.0,2540.0
Uttar Pradesh,Ghaziabad APMC,Wheat,2024-03-31,410.0,2540.0
Uttar Pradesh,Kayamganj APMC,Onion,2024-01-01,6.0,1870.0
Uttar Pradesh,Kayamganj APMC,Onion,2024-01-02,7.0,1850.0
Uttar Pradesh,Kayamganj APMC,Onion,2024-01-03,5.0,1900.0
Uttar Pradesh,Kayamganj APMC,Onion,2024-01-04,4.5,1920.0
Uttar Pradesh,Kayamganj APMC,Onion,2024-01-05,5.0,1900.0
Uttar Pradesh,Kayamganj APMC,Onion,2024-01-06,7.0,1880.0
Uttar Pradesh,Kayamganj APMC,Onion,2024-01-08,5.0,1930.0
Uttar Pradesh,Kayamganj APMC,Onion,2024-01-09,4.0,1950.0
Uttar Pradesh,Kayamganj APMC,Onion,2024-01-10,6.0,1900.0
Uttar Pradesh,Kayamganj APMC,Onion,2024-01-11,5.0,1920.0
Uttar Pradesh,Kayamganj APMC,Onion,2024-01-12,4.0,1970.0
Uttar Pradesh,Kayamganj APMC,Onion,2024-01-13,7.0,1950.0
Uttar Pradesh,Kayamganj APMC,Onion,2024-01-15,7.0,1950.0
Uttar Pradesh,Kayamganj APMC,Onion,2024-01-16,6.0,1980.0
Uttar Pradesh,Kayamganj APMC,Onion,2024-01-17,5.0,1985.0
Uttar Pradesh,Kayamganj APMC,Onion,2024-01-18,4.5,2000.0
Uttar Pradesh,Kayamganj APMC,Onion,2024-01-19,8.0,1970.0
Uttar Pradesh,Kayamganj APMC,Onion,2024-01-20,7.0,1980.0
Uttar Pradesh,Kayamganj APMC,Onion,2024-01-22,5.0,1980.0
Uttar Pradesh,Kayamganj APMC,Onion,2024-01-23,4.5,2000.0
Uttar Pradesh,Kayamganj APMC,Onion,2024-01-24,4.0,2020.0
Uttar Pradesh,Kayamganj APMC,Onion,2024-01-25,4.5,1950.0
Uttar Pradesh,Kayamganj APMC,Onion,2024-01-26,5.0,1950.0
Uttar Pradesh,Kayamganj APMC,Onion,2024-01-27,7.0,1930.0
Uttar Pradesh,Kayamganj APMC,Onion,2024-01-29,5.0,1960.0
Uttar Pradesh,Kayamganj APMC,Onion,2024-01-30,5.5,1930.0
Uttar Pradesh,Kayamganj APMC,Onion,2024-01-31,6.0,1800.0
Uttar Pradesh,Kayamganj APMC,Onion,2024-02-01,6.5,1650.0
Uttar Pradesh,Kayamganj APMC,Onion,2024-02-02,4.5,1650.0
Uttar Pradesh,Kayamganj APMC,Onion,2024-02-03,5.0,1550.0
Uttar Pradesh,Kayamganj APMC,Onion,2024-02-05,5.0,1530.0
Uttar Pradesh,Kayamganj APMC,Onion,2024-02-06,5.0,1550.0
Uttar Pradesh,Kayamganj APMC,Onion,2024-02-07,6.0,1500.0
Uttar Pradesh,Kayamganj APMC,Onion,2024-02-08,7.0,1500.0
Uttar Pradesh,Kayamganj APMC,Onion,2024-02-09,8.0,1480.0
Uttar Pradesh,Kayamganj APMC,Onion,2024-02-10,9.0,1450.0
Uttar Pradesh,Kayamganj APMC,Onion,2024-02-12,7.0,1350.0
Uttar Pradesh,Kayamganj APMC,Onion,2024-02-13,6.5,1370.0
Uttar Pradesh,Kayamganj APMC,Onion,2024-02-14,6.0,1380.0
Uttar Pradesh,Kayamganj APMC,Onion,2024-02-15,7.5,1370.0
Uttar Pradesh,Kayamganj APMC,Onion,2024-02-16,8.0,1250.0
Uttar Pradesh,Kayamganj APMC,Onion,2024-02-17,7.5,1470.0
Uttar Pradesh,Kayamganj APMC,Onion,2024-02-19,7.5,1500.0
Uttar Pradesh,Kayamganj APMC,Onion,2024-02-20,8.0,1520.0
Uttar Pradesh,Kayamganj APMC,Onion,2024-02-21,7.5,1550.0
Uttar Pradesh,Kayamganj APMC,Onion,2024-02-22,7.0,1570.0
Uttar Pradesh,Kayamganj APMC,Onion,2024-02-23,8.0,1550.0
Uttar Pradesh,Kayamganj APMC,Onion,2024-02-24,11.0,1530.0
Uttar Pradesh,Kayamganj APMC,Onion,2024-02-26,7.5,1580.0
Uttar Pradesh,Kayamganj APMC,Onion,2024-02-27,7.0,1600.0
Uttar Pradesh,Kayamganj APMC,Onion,2024-02-28,8.0,1600.0
Uttar Pradesh,Kayamganj APMC,Onion,2024-02-29,11.0,1580.0
Uttar Pradesh,Kayamganj APMC,Onion,2024-03-01,9.0,1600.0
Uttar Pradesh,Kayamganj APMC,Onion,2024-03-02,11.0,1580.0
Uttar Pradesh,Kayamganj APMC,Onion,2024-03-04,8.0,1580.0
Uttar Pradesh,Kayamganj APMC,Onion,2024-03-05,7.5,1600.0
Uttar Pradesh,Kayamganj APMC,Onion,2024-03-06,7.0,1620.0
Uttar Pradesh,Kayamganj APMC,Onion,2024-03-07,6.0,1630.0
Uttar Pradesh,Kayamganj APMC,Onion,2024-03-08,7.0,1620.0
Uttar Pradesh,Kayamganj APMC,Onion,2024-03-09,6.5,1650.0
Uttar Pradesh,Kayamganj APMC,Onion,2024-03-12,6.5,1850.0
Uttar Pradesh,Kayamganj APMC,Onion,2024-03-13,6.0,1870.0
Uttar Pradesh,Kayamganj APMC,Onion,2024-03-14,5.5,1850.0
Uttar Pradesh,Kayamganj APMC,Onion,2024-03-15,7.0,1830.0
Uttar Pradesh,Kayamganj APMC,Onion,2024-03-16,11.0,1800.0
Uttar Pradesh,Kayamganj APMC,Onion,2024-03-18,8.0,1800.0
Uttar Pradesh,Kayamganj APMC,Onion,2024-03-19,7.0,1820.0
Uttar Pradesh,Kayamganj APMC,Onion,2024-03-20,8.0,1800.0
Uttar Pradesh,Kayamganj APMC,Onion,2024-03-21,7.5,1850.0
Uttar Pradesh,Kayamganj APMC,Onion,2024-03-22,11.0,1830.0
Uttar Pradesh,Kayamganj APMC,Onion,2024-03-23,12.0,1800.0
Uttar Pradesh,Kayamganj APMC,Onion,2024-03-26,12.0,1820.0
Uttar Pradesh,Kayamganj APMC,Onion,2024-03-27,13.5,1800.0
Uttar Pradesh,Kayamganj APMC,Onion,2024-03-28,15.0,1780.0
Uttar Pradesh,Kayamganj APMC,Onion,2024-03-29,11.0,1785.0
Uttar Pradesh,Kayamganj APMC,Onion,2024-03-30,12.0,1750.0
Uttar Pradesh,Kayamganj APMC,Potato,2024-01-01,300.0,650.0
Uttar Pradesh,Kayamganj APMC,Potato,2024-01-02,250.0,680.0
Uttar Pradesh,Kayamganj APMC,Potato,2024-01-03,150.0,710.0
Uttar Pradesh,Kayamganj APMC,Potato,2024-01-04,180.0,685.0
Uttar Pradesh,Kayamganj APMC,Potato,2024-01-05,500.0,670.0
Uttar Pradesh,Kayamganj APMC,Potato,2024-01-06,650.0,665.0
Uttar Pradesh,Kayamganj APMC,Potato,2024-01-08,750.0,670.0
Uttar Pradesh,Kayamganj APMC,Potato,2024-01-09,650.0,675.0
Uttar Pradesh,Kayamganj APMC,Potato,2024-01-10,600.0,680.0
Uttar Pradesh,Kayamganj APMC,Potato,2024-01-11,750.0,650.0
Uttar Pradesh,Kayamganj APMC,Potato,2024-01-12,850.0,630.0
Uttar Pradesh,Kayamganj APMC,Potato,2024-01-13,750.0,635.0
Uttar Pradesh,Kayamganj APMC,Potato,2024-01-15,650.0,640.0
Uttar Pradesh,Kayamganj APMC,Potato,2024-01-16,500.0,650.0
Uttar Pradesh,Kayamganj APMC,Potato,2024-01-17,450.0,660.0
Uttar Pradesh,Kayamganj APMC,Potato,2024-01-18,550.0,650.0
Uttar Pradesh,Kayamganj APMC,Potato,2024-01-19,600.0,640.0
Uttar Pradesh,Kayamganj APMC,Potato,2024-01-20,500.0,650.0
Uttar Pradesh,Kayamganj APMC,Potato,2024-01-22,355.0,650.0
Uttar Pradesh,Kayamganj APMC,Potato,2024-01-23,450.0,640.0
Uttar Pradesh,Kayamganj APMC,Potato,2024-01-24,550.0,625.0
Uttar Pradesh,Kayamganj APMC,Potato,2024-01-25,400.0,635.0
Uttar Pradesh,Kayamganj APMC,Potato,2024-01-26,250.0,640.0
Uttar Pradesh,Kayamganj APMC,Potato,2024-01-27,650.0,625.0
Uttar Pradesh,Kayamganj APMC,Potato,2024-01-29,455.0,630.0
Uttar Pradesh,Kayamganj APMC,Potato,2024-01-30,555.0,620.0
Uttar Pradesh,Kayamganj APMC,Potato,2024-01-31,500.0,630.0
Uttar Pradesh,Kayamganj APMC,Potato,2024-02-01,750.0,620.0
Uttar Pradesh,Kayamganj APMC,Potato,2024-02-02,550.0,630.0
Uttar Pradesh,Kayamganj APMC,Potato,2024-02-03,600.0,625.0
Uttar Pradesh,Kayamganj APMC,Potato,2024-02-05,350.0,635.0
Uttar Pradesh,Kayamganj APMC,Potato,2024-02-06,300.0,640.0
Uttar Pradesh,Kayamganj APMC,Potato,2024-02-07,285.0,650.0
Uttar Pradesh,Kayamganj APMC,Potato,2024-02-08,530.0,630.0
Uttar Pradesh,Kayamganj APMC,Potato,2024-02-09,620.0,620.0
Uttar Pradesh,Kayamganj APMC,Potato,2024-02-10,400.0,625.0
Uttar Pradesh,Kayamganj APMC,Potato,2024-02-12,550.0,685.0
Uttar Pradesh,Kayamganj APMC,Potato,2024-02-13,450.0,700.0
Uttar Pradesh,Kayamganj APMC,Potato,2024-02-14,400.0,740.0
Uttar Pradesh,Kayamganj APMC,Potato,2024-02-15,350.0,750.0
Uttar Pradesh,Kayamganj APMC,Potato,2024-02-16,300.0,770.0
Uttar Pradesh,Kayamganj APMC,Potato,2024-02-17,285.0,850.0
Uttar Pradesh,Kayamganj APMC,Potato,2024-02-19,350.0,900.0
Uttar Pradesh,Kayamganj APMC,Potato,2024-02-20,550.0,900.0
Uttar Pradesh,Kayamganj APMC,Potato,2024-02-21,505.0,920.0
Uttar Pradesh,Kayamganj APMC,Potato,2024-02-22,455.0,930.0
Uttar Pradesh,Kayamganj APMC,Potato,2024-02-23,350.0,935.0
Uttar Pradesh,Kayamganj APMC,Potato,2024-02-24,340.0,950.0
Uttar Pradesh,Kayamganj APMC,Potato,2024-02-26,450.0,960.0
Uttar Pradesh,Kayamganj APMC,Potato,2024-02-27,420.0,970.0
Uttar Pradesh,Kayamganj APMC,Potato,2024-02-28,415.0,980.0
Uttar Pradesh,Kayamganj APMC,Potato,2024-02-29,410.0,1020.0
Uttar Pradesh,Kayamganj APMC,Potato,2024-03-01,500.0,980.0
Uttar Pradesh,Kayamganj APMC,Potato,2024-03-02,550.0,970.0
Uttar Pradesh,Kayamganj APMC,Potato,2024-03-04,450.0,975.0
Uttar Pradesh,Kayamganj APMC,Potato,2024-03-05,320.0,1020.0
Uttar Pradesh,Kayamganj APMC,Potato,2024-03-06,305.0,1030.0
Uttar Pradesh,Kayamganj APMC,Potato,2024-03-07,290.0,1030.0
Uttar Pradesh,Kayamganj APMC,Potato,2024-03-08,255.0,1035.0
Uttar Pradesh,Kayamganj APMC,Potato,2024-03-09,250.0,1050.0
Uttar Pradesh,Kayamganj APMC,Potato,2024-03-12,350.0,1180.0
Uttar Pradesh,Kayamganj APMC,Potato,2024-03-13,325.0,1240.0
Uttar Pradesh,Kayamganj APMC,Potato,2024-03-14,305.0,1380.0
Uttar Pradesh,Kayamganj APMC,Potato,2024-03-15,295.0,1370.0
Uttar Pradesh,Kayamganj APMC,Potato,2024-03-16,455.0,1350.0
Uttar Pradesh,Kayamganj APMC,Potato,2024-03-18,350.0,1360.0
Uttar Pradesh,Kayamganj APMC,Potato,2024-03-19,315.0,1370.0
Uttar Pradesh,Kayamganj APMC,Potato,2024-03-20,280.0,1380.0
Uttar Pradesh,Kayamganj APMC,Potato,2024-03-21,265.0,1400.0
Uttar Pradesh,Kayamganj APMC,Potato,2024-03-22,250.0,1410.0
Uttar Pradesh,Kayamganj APMC,Potato,2024-03-23,245.0,1420.0
Uttar Pradesh,Kayamganj APMC,Potato,2024-03-26,350.0,1400.0
Uttar Pradesh,Kayamganj APMC,Potato,2024-03-27,315.0,1410.0
Uttar Pradesh,Kayamganj APMC,Potato,2024-03-28,505.0,1410.0
Uttar Pradesh,Kayamganj APMC,Potato,2024-03-29,350.0,1410.0
Uttar Pradesh,Kayamganj APMC,Potato,2024-03-30,450.0,1400.0
Uttar Pradesh,Kayamganj APMC,Rice,2024-01-01,5.0,2650.0
Uttar Pradesh,Kayamganj APMC,Rice,2024-01-02,8.0,2650.0
Uttar Pradesh,Kayamganj APMC,Rice,2024-01-03,4.0,2650.0
Uttar Pradesh,Kayamganj APMC,Rice,2024-01-04,4.5,2660.0
Uttar Pradesh,Kayamganj APMC,Rice,2024-01-05,12.0,2620.0
Uttar Pradesh,Kayamganj APMC,Rice,2024-01-06,25.0,2630.0
Uttar Pradesh,Kayamganj APMC,Rice,2024-01-08,45.0,2620.0
Uttar Pradesh,Kayamganj APMC,Rice,2024-01-09,40.0,2640.0
Uttar Pradesh,Kayamganj APMC,Rice,2024-01-10,38.0,2660.0
Uttar Pradesh,Kayamganj APMC,Rice,2024-01-11,55.0,2650.0
Uttar Pradesh,Kayamganj APMC,Rice,2024-01-12,33.0,2660.0
Uttar Pradesh,Kayamganj APMC,Rice,2024-01-13,40.0,2650.0
Uttar Pradesh,Kayamganj APMC,Rice,2024-01-15,35.0,2670.0
Uttar Pradesh,Kayamganj APMC,Rice,2024-01-16,30.0,2700.0
Uttar Pradesh,Kayamganj APMC,Rice,2024-01-17,25.0,2730.0
Uttar Pradesh,Kayamganj APMC,Rice,2024-01-18,35.0,2675.0
Uttar Pradesh,Kayamganj APMC,Rice,2024-01-19,45.0,2650.0
Uttar Pradesh,Kayamganj APMC,Rice,2024-01-20,38.0,2670.0
Uttar Pradesh,Kayamganj APMC,Rice,2024-01-22,40.0,2620.0
Uttar Pradesh,Kayamganj APMC,Rice,2024-01-23,55.0,2600.0
Uttar Pradesh,Kayamganj APMC,Rice,2024-01-24,48.0,2620.0
Uttar Pradesh,Kayamganj APMC,Rice,2024-01-25,45.0,2680.0
Uttar Pradesh,Kayamganj APMC,Rice,2024-01-26,55.0,2670.0
Uttar Pradesh,Kayamganj APMC,Rice,2024-01-27,50.0,2700.0
Uttar Pradesh,Kayamganj APMC,Rice,2024-01-29,70.0,2700.0
Uttar Pradesh,Kayamganj APMC,Rice,2024-01-30,65.0,2720.0
Uttar Pradesh,Kayamganj APMC,Rice,2024-01-31,85.0,2700.0
Uttar Pradesh,Kayamganj APMC,Rice,2024-02-01,97.0,2680.0
Uttar Pradesh,Kayamganj APMC,Rice,2024-02-02,45.0,2720.0
Uttar Pradesh,Kayamganj APMC,Rice,2024-02-03,35.0,2700.0
Uttar Pradesh,Kayamganj APMC,Rice,2024-02-05,25.0,2700.0
Uttar Pradesh,Kayamganj APMC,Rice,2024-02-06,20.0,2720.0
Uttar Pradesh,Kayamganj APMC,Rice,2024-02-07,15.0,2750.0
Uttar Pradesh,Kayamganj APMC,Rice,2024-02-08,14.0,2780.0
Uttar Pradesh,Kayamganj APMC,Rice,2024-02-09,13.0,2800.0
Uttar Pradesh,Kayamganj APMC,Rice,2024-02-10,12.0,2800.0
Uttar Pradesh,Kayamganj APMC,Rice,2024-02-12,18.0,2800.0
Uttar Pradesh,Kayamganj APMC,Rice,2024-02-13,15.0,2830.0
Uttar Pradesh,Kayamganj APMC,Rice,2024-02-14,14.0,2840.0
Uttar Pradesh,Kayamganj APMC,Rice,2024-02-15,13.0,2850.0
Uttar Pradesh,Kayamganj APMC,Rice,2024-02-16,12.0,2880.0
Uttar Pradesh,Kayamganj APMC,Rice,2024-02-17,25.0,2880.0
Uttar Pradesh,Kayamganj APMC,Rice,2024-02-19,28.0,2870.0
Uttar Pradesh,Kayamganj APMC,Rice,2024-02-20,35.0,2850.0
Uttar Pradesh,Kayamganj APMC,Rice,2024-02-21,45.0,2850.0
Uttar Pradesh,Kayamganj APMC,Rice,2024-02-22,40.0,2880.0
Uttar Pradesh,Kayamganj APMC,Rice,2024-02-23,55.0,2850.0
Uttar Pradesh,Kayamganj APMC,Rice,2024-02-24,65.0,2850.0
Uttar Pradesh,Kayamganj APMC,Rice,2024-02-26,75.0,2850.0
Uttar Pradesh,Kayamganj APMC,Rice,2024-02-27,85.0,2850.0
Uttar Pradesh,Kayamganj APMC,Rice,2024-02-28,105.0,2830.0
Uttar Pradesh,Kayamganj APMC,Rice,2024-02-29,125.0,2850.0
Uttar Pradesh,Kayamganj APMC,Rice,2024-03-01,155.0,2850.0
Uttar Pradesh,Kayamganj APMC,Rice,2024-03-02,40.0,2870.0
Uttar Pradesh,Kayamganj APMC,Rice,2024-03-04,25.0,2880.0
Uttar Pradesh,Kayamganj APMC,Rice,2024-03-05,20.0,2880.0
Uttar Pradesh,Kayamganj APMC,Rice,2024-03-06,35.0,2870.0
Uttar Pradesh,Kayamganj APMC,Rice,2024-03-07,30.0,2880.0
Uttar Pradesh,Kayamganj APMC,Rice,2024-03-08,28.0,2900.0
Uttar Pradesh,Kayamganj APMC,Rice,2024-03-09,29.0,2880.0
Uttar Pradesh,Kayamganj APMC,Rice,2024-03-12,45.0,2870.0
Uttar Pradesh,Kayamganj APMC,Rice,2024-03-13,40.0,2900.0
Uttar Pradesh,Kayamganj APMC,Rice,2024-03-14,43.0,2880.0
Uttar Pradesh,Kayamganj APMC,Rice,2024-03-15,47.0,2870.0
Uttar Pradesh,Kayamganj APMC,Rice,2024-03-16,35.0,2900.0
Uttar Pradesh,Kayamganj APMC,Rice,2024-03-18,38.0,2880.0
Uttar Pradesh,Kayamganj APMC,Rice,2024-03-19,45.0,2870.0
Uttar Pradesh,Kayamganj APMC,Rice,2024-03-20,48.0,2860.0
Uttar Pradesh,Kayamganj APMC,Rice,2024-03-21,40.0,2870.0
Uttar Pradesh,Kayamganj APMC,Rice,2024-03-22,38.0,2880.0
Uttar Pradesh,Kayamganj APMC,Rice,2024-03-23,55.0,2840.0
Uttar Pradesh,Kayamganj APMC,Rice,2024-03-26,30.0,2850.0
Uttar Pradesh,Kayamganj APMC,Rice,2024-03-27,45.0,2840.0
Uttar Pradesh,Kayamganj APMC,Rice,2024-03-28,48.0,2840.0
Uttar Pradesh,Kayamganj APMC,Rice,2024-03-29,45.0,2860.0
Uttar Pradesh,Kayamganj APMC,Rice,2024-03-30,55.0,2850.0
Uttar Pradesh,Kayamganj APMC,Wheat,2024-01-01,3.0,2450.0
Uttar Pradesh,Kayamganj APMC,Wheat,2024-01-02,2.0,2450.0
Uttar Pradesh,Kayamganj APMC,Wheat,2024-01-03,2.5,2455.0
Uttar Pradesh,Kayamganj APMC,Wheat,2024-01-04,2.0,2460.0
Uttar Pradesh,Kayamganj APMC,Wheat,2024-01-05,2.5,2460.0
Uttar Pradesh,Kayamganj APMC,Wheat,2024-01-06,3.0,2450.0
Uttar Pradesh,Kayamganj APMC,Wheat,2024-01-08,2.5,2460.0
Uttar Pradesh,Kayamganj APMC,Wheat,2024-01-09,2.0,2460.0
Uttar Pradesh,Kayamganj APMC,Wheat,2024-01-10,5.0,2460.0
Uttar Pradesh,Kayamganj APMC,Wheat,2024-01-11,8.0,2460.0
Uttar Pradesh,Kayamganj APMC,Wheat,2024-01-12,7.0,2465.0
Uttar Pradesh,Kayamganj APMC,Wheat,2024-01-13,8.0,2450.0
Uttar Pradesh,Kayamganj APMC,Wheat,2024-01-15,6.5,2460.0
Uttar Pradesh,Kayamganj APMC,Wheat,2024-01-16,8.0,2460.0
Uttar Pradesh,Kayamganj APMC,Wheat,2024-01-17,7.5,2465.0
Uttar Pradesh,Kayamganj APMC,Wheat,2024-01-18,6.0,2520.0
Uttar Pradesh,Kayamganj APMC,Wheat,2024-01-19,5.5,2540.0
Uttar Pradesh,Kayamganj APMC,Wheat,2024-01-20,8.0,2530.0
Uttar Pradesh,Kayamganj APMC,Wheat,2024-01-22,7.0,2540.0
Uttar Pradesh,Kayamganj APMC,Wheat,2024-01-23,10.0,2540.0
Uttar Pradesh,Kayamganj APMC,Wheat,2024-01-24,8.0,2550.0
Uttar Pradesh,Kayamganj APMC,Wheat,2024-01-25,11.0,2550.0
Uttar Pradesh,Kayamganj APMC,Wheat,2024-01-26,15.0,2550.0
Uttar Pradesh,Kayamganj APMC,Wheat,2024-01-27,14.0,2560.0
Uttar Pradesh,Kayamganj APMC,Wheat,2024-01-29,18.0,2550.0
Uttar Pradesh,Kayamganj APMC,Wheat,2024-01-30,25.0,2550.0
Uttar Pradesh,Kayamganj APMC,Wheat,2024-01-31,35.0,2550.0
Uttar Pradesh,Kayamganj APMC,Wheat,2024-02-01,38.0,2540.0
Uttar Pradesh,Kayamganj APMC,Wheat,2024-02-02,22.0,2550.0
Uttar Pradesh,Kayamganj APMC,Wheat,2024-02-03,16.5,2550.0
Uttar Pradesh,Kayamganj APMC,Wheat,2024-02-05,14.0,2550.0
Uttar Pradesh,Kayamganj APMC,Wheat,2024-02-06,12.5,2555.0
Uttar Pradesh,Kayamganj APMC,Wheat,2024-02-07,13.5,2550.0
Uttar Pradesh,Kayamganj APMC,Wheat,2024-02-08,11.5,2560.0
Uttar Pradesh,Kayamganj APMC,Wheat,2024-02-09,8.0,2550.0
Uttar Pradesh,Kayamganj APMC,Wheat,2024-02-10,8.5,2550.0
Uttar Pradesh,Kayamganj APMC,Wheat,2024-02-12,12.0,2500.0
Uttar Pradesh,Kayamganj APMC,Wheat,2024-02-13,11.0,2520.0
Uttar Pradesh,Kayamganj APMC,Wheat,2024-02-14,13.5,2500.0
Uttar Pradesh,Kayamganj APMC,Wheat,2024-02-15,12.5,2500.0
Uttar Pradesh,Kayamganj APMC,Wheat,2024-02-16,11.0,2500.0
Uttar Pradesh,Kayamganj APMC,Wheat,2024-02-17,12.0,2500.0
Uttar Pradesh,Kayamganj APMC,Wheat,2024-02-19,14.0,2500.0
Uttar Pradesh,Kayamganj APMC,Wheat,2024-02-20,15.5,2500.0
Uttar Pradesh,Kayamganj APMC,Wheat,2024-02-21,14.5,2500.0
Uttar Pradesh,Kayamganj APMC,Wheat,2024-02-22,18.0,2480.0
Uttar Pradesh,Kayamganj APMC,Wheat,2024-02-23,21.5,2450.0
Uttar Pradesh,Kayamganj APMC,Wheat,2024-02-24,24.5,2400.0
Uttar Pradesh,Kayamganj APMC,Wheat,2024-02-26,27.5,2400.0
Uttar Pradesh,Kayamganj APMC,Wheat,2024-02-27,35.0,2400.0
Uttar Pradesh,Kayamganj APMC,Wheat,2024-02-28,38.0,2400.0
Uttar Pradesh,Kayamganj APMC,Wheat,2024-02-29,45.0,2400.0
Uttar Pradesh,Kayamganj APMC,Wheat,2024-03-01,35.0,2420.0
Uttar Pradesh,Kayamganj APMC,Wheat,2024-03-02,15.0,2430.0
Uttar Pradesh,Kayamganj APMC,Wheat,2024-03-04,18.0,2430.0
Uttar Pradesh,Kayamganj APMC,Wheat,2024-03-05,16.5,2440.0
Uttar Pradesh,Kayamganj APMC,Wheat,2024-03-06,15.0,2450.0
Uttar Pradesh,Kayamganj APMC,Wheat,2024-03-07,17.0,2450.0
Uttar Pradesh,Kayamganj APMC,Wheat,2024-03-08,16.0,2460.0
Uttar Pradesh,Kayamganj APMC,Wheat,2024-03-09,15.5,2500.0
Uttar Pradesh,Kayamganj APMC,Wheat,2024-03-12,19.0,2480.0
Uttar Pradesh,Kayamganj APMC,Wheat,2024-03-13,17.0,2480.0
Uttar Pradesh,Kayamganj APMC,Wheat,2024-03-14,16.5,2485.0
Uttar Pradesh,Kayamganj APMC,Wheat,2024-03-15,17.5,2470.0
Uttar Pradesh,Kayamganj APMC,Wheat,2024-03-16,14.5,2480.0
Uttar Pradesh,Kayamganj APMC,Wheat,2024-03-18,13.5,2485.0
Uttar Pradesh,Kayamganj APMC,Wheat,2024-03-19,21.0,2480.0
Uttar Pradesh,Kayamganj APMC,Wheat,2024-03-20,24.5,2470.0
Uttar Pradesh,Kayamganj APMC,Wheat,2024-03-21,23.0,2480.0
Uttar Pradesh,Kayamganj APMC,Wheat,2024-03-22,21.0,2485.0
Uttar Pradesh,Kayamganj APMC,Wheat,2024-03-23,19.0,2500.0
Uttar Pradesh,Kayamganj APMC,Wheat,2024-03-26,17.0,2500.0
Uttar Pradesh,Kayamganj APMC,Wheat,2024-03-27,22.0,2480.0
Uttar Pradesh,Kayamganj APMC,Wheat,2024-03-28,19.0,2485.0
Uttar Pradesh,Kayamganj APMC,Wheat,2024-03-29,24.0,2460.0
Uttar Pradesh,Kayamganj APMC,Wheat,2024-03-30,35.0,2460.0
Uttar Pradesh,Lakhimpur APMC,Onion,2024-01-01,80.0,1900.0
Uttar Pradesh,Lakhimpur APMC,Onion,2024-01-02,70.0,1900.0
Uttar Pradesh,Lakhimpur APMC,Onion,2024-01-03,120.0,1920.0
Uttar Pradesh,Lakhimpur APMC,Onion,2024-01-04,100.0,1850.0
Uttar Pradesh,Lakhimpur APMC,Onion,2024-01-05,80.0,1820.0
Uttar Pradesh,Lakhimpur APMC,Onion,2024-01-06,100.0,1800.0
Uttar Pradesh,Lakhimpur APMC,Onion,2024-01-07,90.0,1820.0
Uttar Pradesh,Lakhimpur APMC,Onion,2024-01-08,90.0,1950.0
Uttar Pradesh,Lakhimpur APMC,Onion,2024-01-09,100.0,1900.0
Uttar Pradesh,Lakhimpur APMC,Onion,2024-01-10,80.0,1870.0
Uttar Pradesh,Lakhimpur APMC,Onion,2024-01-11,80.0,1950.0
Uttar Pradesh,Lakhimpur APMC,Onion,2024-01-12,90.0,1960.0
Uttar Pradesh,Lakhimpur APMC,Onion,2024-01-13,90.0,1900.0
Uttar Pradesh,Lakhimpur APMC,Onion,2024-01-14,90.0,1900.0
Uttar Pradesh,Lakhimpur APMC,Onion,2024-01-15,100.0,1920.0
Uttar Pradesh,Lakhimpur APMC,Onion,2024-01-16,70.0,1900.0
Uttar Pradesh,Lakhimpur APMC,Onion,2024-01-17,70.0,1870.0
Uttar Pradesh,Lakhimpur APMC,Onion,2024-01-18,80.0,1860.0
Uttar Pradesh,Lakhimpur APMC,Onion,2024-01-19,60.0,1830.0
Uttar Pradesh,Lakhimpur APMC,Onion,2024-01-20,90.0,1880.0
Uttar Pradesh,Lakhimpur APMC,Onion,2024-01-21,80.0,1860.0
Uttar Pradesh,Lakhimpur APMC,Onion,2024-01-22,60.0,1810.0
Uttar Pradesh,Lakhimpur APMC,Onion,2024-01-23,100.0,1870.0
Uttar Pradesh,Lakhimpur APMC,Onion,2024-01-24,100.0,1800.0
Uttar Pradesh,Lakhimpur APMC,Onion,2024-01-26,70.0,1770.0
Uttar Pradesh,Lakhimpur APMC,Onion,2024-01-27,90.0,1830.0
Uttar Pradesh,Lakhimpur APMC,Onion,2024-01-28,70.0,1740.0
Uttar Pradesh,Lakhimpur APMC,Onion,2024-01-29,70.0,1740.0
Uttar Pradesh,Lakhimpur APMC,Onion,2024-01-30,90.0,1720.0
Uttar Pradesh,Lakhimpur APMC,Onion,2024-01-31,70.0,1780.0
Uttar Pradesh,Lakhimpur APMC,Onion,2024-02-01,100.0,1680.0
Uttar Pradesh,Lakhimpur APMC,Onion,2024-02-02,70.0,1670.0
Uttar Pradesh,Lakhimpur APMC,Onion,2024-02-03,90.0,1680.0
Uttar Pradesh,Lakhimpur APMC,Onion,2024-02-04,90.0,1610.0
Uttar Pradesh,Lakhimpur APMC,Onion,2024-02-05,80.0,1640.0
Uttar Pradesh,Lakhimpur APMC,Onion,2024-02-06,100.0,1600.0
Uttar Pradesh,Lakhimpur APMC,Onion,2024-02-07,100.0,1620.0
Uttar Pradesh,Lakhimpur APMC,Onion,2024-02-08,110.0,1570.0
Uttar Pradesh,Lakhimpur APMC,Onion,2024-02-09,140.0,1550.0
Uttar Pradesh,Lakhimpur APMC,Onion,2024-02-10,100.0,1510.0
Uttar Pradesh,Lakhimpur APMC,Onion,2024-02-11,80.0,1490.0
Uttar Pradesh,Lakhimpur APMC,Onion,2024-02-12,120.0,1560.0
Uttar Pradesh,Lakhimpur APMC,Onion,2024-02-13,90.0,1460.0
Uttar Pradesh,Lakhimpur APMC,Onion,2024-02-14,120.0,1480.0
Uttar Pradesh,Lakhimpur APMC,Onion,2024-02-15,100.0,1500.0
Uttar Pradesh,Lakhimpur APMC,Onion,2024-02-16,100.0,1510.0
Uttar Pradesh,Lakhimpur APMC,Onion,2024-02-17,80.0,1520.0
Uttar Pradesh,Lakhimpur APMC,Onion,2024-02-18,90.0,1580.0
Uttar Pradesh,Lakhimpur APMC,Onion,2024-02-19,80.0,1560.0
Uttar Pradesh,Lakhimpur APMC,Onion,2024-02-20,100.0,1520.0
Uttar Pradesh,Lakhimpur APMC,Onion,2024-02-21,90.0,1525.0
Uttar Pradesh,Lakhimpur APMC,Onion,2024-02-22,110.0,1500.0
Uttar Pradesh,Lakhimpur APMC,Onion,2024-02-23,100.0,1595.0
Uttar Pradesh,Lakhimpur APMC,Onion,2024-02-24,120.0,1635.0
Uttar Pradesh,Lakhimpur APMC,Onion,2024-02-25,80.0,1600.0
Uttar Pradesh,Lakhimpur APMC,Onion,2024-02-26,70.0,1685.0
Uttar Pradesh,Lakhimpur APMC,Onion,2024-02-27,100.0,1710.0
Uttar Pradesh,Lakhimpur APMC,Onion,2024-02-28,80.0,1760.0
Uttar Pradesh,Lakhimpur APMC,Onion,2024-02-29,90.0,1785.0
Uttar Pradesh,Lakhimpur APMC,Onion,2024-03-01,70.0,1800.0
Uttar Pradesh,Lakhimpur APMC,Onion,2024-03-02,70.0,1820.0
Uttar Pradesh,Lakhimpur APMC,Onion,2024-03-03,90.0,1835.0
Uttar Pradesh,Lakhimpur APMC,Onion,2024-03-04,100.0,1825.0
Uttar Pradesh,Lakhimpur APMC,Onion,2024-03-05,90.0,1835.0
Uttar Pradesh,Lakhimpur APMC,Onion,2024-03-06,80.0,1870.0
Uttar Pradesh,Lakhimpur APMC,Onion,2024-03-07,90.0,1880.0
Uttar Pradesh,Lakhimpur APMC,Onion,2024-03-08,70.0,1880.0
Uttar Pradesh,Lakhimpur APMC,Onion,2024-03-09,80.0,1920.0
Uttar Pradesh,Lakhimpur APMC,Onion,2024-03-10,90.0,1940.0
Uttar Pradesh,Lakhimpur APMC,Onion,2024-03-11,80.0,1995.0
Uttar Pradesh,Lakhimpur APMC,Onion,2024-03-12,70.0,2030.0
Uttar Pradesh,Lakhimpur APMC,Onion,2024-03-13,60.0,2050.0
Uttar Pradesh,Lakhimpur APMC,Onion,2024-03-14,50.0,2020.0
Uttar Pradesh,Lakhimpur APMC,Onion,2024-03-16,80.0,2020.0
Uttar Pradesh,Lakhimpur APMC,Onion,2024-03-17,60.0,2050.0
Uttar Pradesh,Lakhimpur APMC,Onion,2024-03-18,80.0,2030.0
Uttar Pradesh,Lakhimpur APMC,Onion,2024-03-19,90.0,1990.0
Uttar Pradesh,Lakhimpur APMC,Onion,2024-03-20,80.0,1970.0
Uttar Pradesh,Lakhimpur APMC,Onion,2024-03-21,70.0,1985.0
Uttar Pradesh,Lakhimpur APMC,Onion,2024-03-22,90.0,1980.0
Uttar Pradesh,Lakhimpur APMC,Onion,2024-03-23,100.0,1840.0
Uttar Pradesh,Lakhimpur APMC,Onion,2024-03-26,60.0,1800.0
Uttar Pradesh,Lakhimpur APMC,Onion,2024-03-27,60.0,1880.0
Uttar Pradesh,Lakhimpur APMC,Onion,2024-03-28,70.0,1860.0
Uttar Pradesh,Lakhimpur APMC,Onion,2024-03-29,80.0,1830.0
Uttar Pradesh,Lakhimpur APMC,Onion,2024-03-30,90.0,1870.0
Uttar Pradesh,Lakhimpur APMC,Onion,2024-03-31,50.0,1890.0
Uttar Pradesh,Lakhimpur APMC,Potato,2024-01-01,180.0,660.0
Uttar Pradesh,Lakhimpur APMC,Potato,2024-01-02,150.0,650.0
Uttar Pradesh,Lakhimpur APMC,Potato,2024-01-03,200.0,670.0
Uttar Pradesh,Lakhimpur APMC,Potato,2024-01-04,300.0,620.0
Uttar Pradesh,Lakhimpur APMC,Potato,2024-01-05,270.0,630.0
Uttar Pradesh,Lakhimpur APMC,Potato,2024-01-06,250.0,600.0
Uttar Pradesh,Lakhimpur APMC,Potato,2024-01-07,170.0,600.0
Uttar Pradesh,Lakhimpur APMC,Potato,2024-01-08,250.0,610.0
Uttar Pradesh,Lakhimpur APMC,Potato,2024-01-09,240.0,590.0
Uttar Pradesh,Lakhimpur APMC,Potato,2024-01-10,270.0,640.0
Uttar Pradesh,Lakhimpur APMC,Potato,2024-01-11,200.0,680.0
Uttar Pradesh,Lakhimpur APMC,Potato,2024-01-12,230.0,675.0
Uttar Pradesh,Lakhimpur APMC,Potato,2024-01-13,220.0,670.0
Uttar Pradesh,Lakhimpur APMC,Potato,2024-01-14,220.0,670.0
Uttar Pradesh,Lakhimpur APMC,Potato,2024-01-15,280.0,650.0
Uttar Pradesh,Lakhimpur APMC,Potato,2024-01-16,270.0,675.0
Uttar Pradesh,Lakhimpur APMC,Potato,2024-01-17,180.0,690.0
Uttar Pradesh,Lakhimpur APMC,Potato,2024-01-18,280.0,680.0
Uttar Pradesh,Lakhimpur APMC,Potato,2024-01-19,200.0,700.0
Uttar Pradesh,Lakhimpur APMC,Potato,2024-01-20,240.0,700.0
Uttar Pradesh,Lakhimpur APMC,Potato,2024-01-21,180.0,690.0
Uttar Pradesh,Lakhimpur APMC,Potato,2024-01-22,180.0,675.0
Uttar Pradesh,Lakhimpur APMC,Potato,2024-01-23,220.0,680.0
Uttar Pradesh,Lakhimpur APMC,Potato,2024-01-24,170.0,700.0
Uttar Pradesh,Lakhimpur APMC,Potato,2024-01-26,180.0,670.0
Uttar Pradesh,Lakhimpur APMC,Potato,2024-01-27,200.0,675.0
Uttar Pradesh,Lakhimpur APMC,Potato,2024-01-28,170.0,680.0
Uttar Pradesh,Lakhimpur APMC,Potato,2024-01-29,210.0,700.0
Uttar Pradesh,Lakhimpur APMC,Potato,2024-01-30,180.0,680.0
Uttar Pradesh,Lakhimpur APMC,Potato,2024-01-31,150.0,670.0
Uttar Pradesh,Lakhimpur APMC,Potato,2024-02-01,200.0,690.0
Uttar Pradesh,Lakhimpur APMC,Potato,2024-02-02,150.0,720.0
Uttar Pradesh,Lakhimpur APMC,Potato,2024-02-03,180.0,680.0
Uttar Pradesh,Lakhimpur APMC,Potato,2024-02-04,160.0,680.0
Uttar Pradesh,Lakhimpur APMC,Potato,2024-02-05,170.0,700.0
Uttar Pradesh,Lakhimpur APMC,Potato,2024-02-06,170.0,690.0
Uttar Pradesh,Lakhimpur APMC,Potato,2024-02-07,160.0,700.0
Uttar Pradesh,Lakhimpur APMC,Potato,2024-02-08,200.0,680.0
Uttar Pradesh,Lakhimpur APMC,Potato,2024-02-09,180.0,690.0
Uttar Pradesh,Lakhimpur APMC,Potato,2024-02-10,160.0,700.0
Uttar Pradesh,Lakhimpur APMC,Potato,2024-02-11,180.0,680.0
Uttar Pradesh,Lakhimpur APMC,Potato,2024-02-12,200.0,710.0
Uttar Pradesh,Lakhimpur APMC,Potato,2024-02-13,170.0,700.0
Uttar Pradesh,Lakhimpur APMC,Potato,2024-02-14,200.0,720.0
Uttar Pradesh,Lakhimpur APMC,Potato,2024-02-15,190.0,735.0
Uttar Pradesh,Lakhimpur APMC,Potato,2024-02-16,180.0,740.0
Uttar Pradesh,Lakhimpur APMC,Potato,2024-02-17,210.0,755.0
Uttar Pradesh,Lakhimpur APMC,Potato,2024-02-18,190.0,770.0
Uttar Pradesh,Lakhimpur APMC,Potato,2024-02-19,180.0,780.0
Uttar Pradesh,Lakhimpur APMC,Potato,2024-02-20,165.0,800.0
Uttar Pradesh,Lakhimpur APMC,Potato,2024-02-21,180.0,810.0
Uttar Pradesh,Lakhimpur APMC,Potato,2024-02-22,200.0,790.0
Uttar Pradesh,Lakhimpur APMC,Potato,2024-02-23,180.0,780.0
Uttar Pradesh,Lakhimpur APMC,Potato,2024-02-24,160.0,820.0
Uttar Pradesh,Lakhimpur APMC,Potato,2024-02-25,160.0,840.0
Uttar Pradesh,Lakhimpur APMC,Potato,2024-02-26,200.0,880.0
Uttar Pradesh,Lakhimpur APMC,Potato,2024-02-27,170.0,890.0
Uttar Pradesh,Lakhimpur APMC,Potato,2024-02-28,180.0,920.0
Uttar Pradesh,Lakhimpur APMC,Potato,2024-02-29,210.0,900.0
Uttar Pradesh,Lakhimpur APMC,Potato,2024-03-01,150.0,910.0
Uttar Pradesh,Lakhimpur APMC,Potato,2024-03-02,170.0,925.0
Uttar Pradesh,Lakhimpur APMC,Potato,2024-03-03,180.0,920.0
Uttar Pradesh,Lakhimpur APMC,Potato,2024-03-04,160.0,950.0
Uttar Pradesh,Lakhimpur APMC,Potato,2024-03-05,200.0,960.0
Uttar Pradesh,Lakhimpur APMC,Potato,2024-03-06,220.0,985.0
Uttar Pradesh,Lakhimpur APMC,Potato,2024-03-07,180.0,1010.0
Uttar Pradesh,Lakhimpur APMC,Potato,2024-03-08,170.0,1020.0
Uttar Pradesh,Lakhimpur APMC,Potato,2024-03-09,180.0,1050.0
Uttar Pradesh,Lakhimpur APMC,Potato,2024-03-10,160.0,1060.0
Uttar Pradesh,Lakhimpur APMC,Potato,2024-03-11,150.0,1120.0
Uttar Pradesh,Lakhimpur APMC,Potato,2024-03-12,200.0,1160.0
Uttar Pradesh,Lakhimpur APMC,Potato,2024-03-13,170.0,1180.0
Uttar Pradesh,Lakhimpur APMC,Potato,2024-03-14,150.0,1260.0
Uttar Pradesh,Lakhimpur APMC,Potato,2024-03-16,130.0,1400.0
Uttar Pradesh,Lakhimpur APMC,Potato,2024-03-17,140.0,1420.0
Uttar Pradesh,Lakhimpur APMC,Potato,2024-03-18,160.0,1460.0
Uttar Pradesh,Lakhimpur APMC,Potato,2024-03-19,200.0,1435.0
Uttar Pradesh,Lakhimpur APMC,Potato,2024-03-20,160.0,1410.0
Uttar Pradesh,Lakhimpur APMC,Potato,2024-03-21,180.0,1400.0
Uttar Pradesh,Lakhimpur APMC,Potato,2024-03-22,200.0,1395.0
Uttar Pradesh,Lakhimpur APMC,Potato,2024-03-23,180.0,1370.0
Uttar Pradesh,Lakhimpur APMC,Potato,2024-03-26,100.0,1320.0
Uttar Pradesh,Lakhimpur APMC,Potato,2024-03-27,170.0,1340.0
Uttar Pradesh,Lakhimpur APMC,Potato,2024-03-28,150.0,1310.0
Uttar Pradesh,Lakhimpur APMC,Potato,2024-03-29,100.0,1320.0
Uttar Pradesh,Lakhimpur APMC,Potato,2024-03-30,150.0,1340.0
Uttar Pradesh,Lakhimpur APMC,Potato,2024-03-31,130.0,1300.0
Uttar Pradesh,Lakhimpur APMC,Rice,2024-01-01,150.0,2660.0
Uttar Pradesh,Lakhimpur APMC,Rice,2024-01-02,170.0,2650.0
Uttar Pradesh,Lakhimpur APMC,Rice,2024-01-03,150.0,2660.0
Uttar Pradesh,Lakhimpur APMC,Rice,2024-01-04,180.0,2650.0
Uttar Pradesh,Lakhimpur APMC,Rice,2024-01-05,150.0,2660.0
Uttar Pradesh,Lakhimpur APMC,Rice,2024-01-06,120.0,2670.0
Uttar Pradesh,Lakhimpur APMC,Rice,2024-01-08,150.0,2680.0
Uttar Pradesh,Lakhimpur APMC,Rice,2024-01-09,120.0,2690.0
Uttar Pradesh,Lakhimpur APMC,Rice,2024-01-10,140.0,2680.0
Uttar Pradesh,Lakhimpur APMC,Rice,2024-01-11,120.0,2670.0
Uttar Pradesh,Lakhimpur APMC,Rice,2024-01-12,100.0,2665.0
Uttar Pradesh,Lakhimpur APMC,Rice,2024-01-13,120.0,2660.0
Uttar Pradesh,Lakhimpur APMC,Rice,2024-01-15,100.0,2650.0
Uttar Pradesh,Lakhimpur APMC,Rice,2024-01-16,90.0,2660.0
Uttar Pradesh,Lakhimpur APMC,Rice,2024-01-17,80.0,2650.0
Uttar Pradesh,Lakhimpur APMC,Rice,2024-01-18,100.0,2665.0
Uttar Pradesh,Lakhimpur APMC,Rice,2024-01-19,120.0,2670.0
Uttar Pradesh,Lakhimpur APMC,Rice,2024-01-20,150.0,2660.0
Uttar Pradesh,Lakhimpur APMC,Rice,2024-01-22,90.0,2650.0
Uttar Pradesh,Lakhimpur APMC,Rice,2024-01-23,90.0,2640.0
Uttar Pradesh,Lakhimpur APMC,Rice,2024-01-24,130.0,2650.0
Uttar Pradesh,Lakhimpur APMC,Rice,2024-01-27,110.0,2650.0
Uttar Pradesh,Lakhimpur APMC,Rice,2024-01-29,100.0,2660.0
Uttar Pradesh,Lakhimpur APMC,Rice,2024-01-30,80.0,2650.0
Uttar Pradesh,Lakhimpur APMC,Rice,2024-01-31,120.0,2660.0
Uttar Pradesh,Lakhimpur APMC,Rice,2024-02-01,130.0,2670.0
Uttar Pradesh,Lakhimpur APMC,Rice,2024-02-02,80.0,2650.0
Uttar Pradesh,Lakhimpur APMC,Rice,2024-02-03,110.0,2660.0
Uttar Pradesh,Lakhimpur APMC,Rice,2024-02-05,100.0,2670.0
Uttar Pradesh,Lakhimpur APMC,Rice,2024-02-06,80.0,2680.0
Uttar Pradesh,Lakhimpur APMC,Rice,2024-02-07,110.0,2660.0
Uttar Pradesh,Lakhimpur APMC,Rice,2024-02-08,100.0,2670.0
Uttar Pradesh,Lakhimpur APMC,Rice,2024-02-09,120.0,2680.0
Uttar Pradesh,Lakhimpur APMC,Rice,2024-02-10,100.0,2665.0
Uttar Pradesh,Lakhimpur APMC,Rice,2024-02-12,80.0,2675.0
Uttar Pradesh,Lakhimpur APMC,Rice,2024-02-13,80.0,2670.0
Uttar Pradesh,Lakhimpur APMC,Rice,2024-02-14,70.0,2660.0
Uttar Pradesh,Lakhimpur APMC,Rice,2024-02-15,60.0,2700.0
Uttar Pradesh,Lakhimpur APMC,Rice,2024-02-16,55.0,2690.0
Uttar Pradesh,Lakhimpur APMC,Rice,2024-02-17,50.0,2700.0
Uttar Pradesh,Lakhimpur APMC,Rice,2024-02-19,80.0,2720.0
Uttar Pradesh,Lakhimpur APMC,Rice,2024-02-20,60.0,2730.0
Uttar Pradesh,Lakhimpur APMC,Rice,2024-02-21,55.0,2725.0
Uttar Pradesh,Lakhimpur APMC,Rice,2024-02-22,50.0,2730.0
Uttar Pradesh,Lakhimpur APMC,Rice,2024-02-23,60.0,2740.0
Uttar Pradesh,Lakhimpur APMC,Rice,2024-02-24,80.0,2750.0
Uttar Pradesh,Lakhimpur APMC,Rice,2024-02-26,90.0,2760.0
Uttar Pradesh,Lakhimpur APMC,Rice,2024-02-27,80.0,2750.0
Uttar Pradesh,Lakhimpur APMC,Rice,2024-02-28,80.0,2760.0
Uttar Pradesh,Lakhimpur APMC,Rice,2024-02-29,70.0,2770.0
Uttar Pradesh,Lakhimpur APMC,Rice,2024-03-01,70.0,2765.0
Uttar Pradesh,Lakhimpur APMC,Rice,2024-03-02,60.0,2775.0
Uttar Pradesh,Lakhimpur APMC,Rice,2024-03-04,100.0,2780.0
Uttar Pradesh,Lakhimpur APMC,Rice,2024-03-05,90.0,2765.0
Uttar Pradesh,Lakhimpur APMC,Rice,2024-03-06,80.0,2770.0
Uttar Pradesh,Lakhimpur APMC,Rice,2024-03-07,70.0,2780.0
Uttar Pradesh,Lakhimpur APMC,Rice,2024-03-08,80.0,2760.0
Uttar Pradesh,Lakhimpur APMC,Rice,2024-03-09,90.0,2750.0
Uttar Pradesh,Lakhimpur APMC,Rice,2024-03-11,100.0,2740.0
Uttar Pradesh,Lakhimpur APMC,Rice,2024-03-12,120.0,2750.0
Uttar Pradesh,Lakhimpur APMC,Rice,2024-03-13,130.0,2760.0
Uttar Pradesh,Lakhimpur APMC,Rice,2024-03-14,160.0,2785.0
Uttar Pradesh,Lakhimpur APMC,Rice,2024-03-16,140.0,2790.0
Uttar Pradesh,Lakhimpur APMC,Rice,2024-03-18,100.0,2810.0
Uttar Pradesh,Lakhimpur APMC,Rice,2024-03-19,80.0,2820.0
Uttar Pradesh,Lakhimpur APMC,Rice,2024-03-20,110.0,2830.0
Uttar Pradesh,Lakhimpur APMC,Rice,2024-03-21,90.0,2845.0
Uttar Pradesh,Lakhimpur APMC,Rice,2024-03-22,100.0,2860.0
Uttar Pradesh,Lakhimpur APMC,Rice,2024-03-23,120.0,2870.0
Uttar Pradesh,Lakhimpur APMC,Rice,2024-03-26,130.0,2880.0
Uttar Pradesh,Lakhimpur APMC,Rice,2024-03-27,50.0,2865.0
Uttar Pradesh,Lakhimpur APMC,Rice,2024-03-28,120.0,2850.0
Uttar Pradesh,Lakhimpur APMC,Rice,2024-03-29,100.0,2860.0
Uttar Pradesh,Lakhimpur APMC,Rice,2024-03-30,80.0,2865.0
Uttar Pradesh,Lakhimpur APMC,Wheat,2024-01-01,120.0,2470.0
Uttar Pradesh,Lakhimpur APMC,Wheat,2024-01-02,80.0,2485.0
Uttar Pradesh,Lakhimpur APMC,Wheat,2024-01-03,60.0,2480.0
Uttar Pradesh,Lakhimpur APMC,Wheat,2024-01-04,80.0,2460.0
Uttar Pradesh,Lakhimpur APMC,Wheat,2024-01-05,70.0,2470.0
Uttar Pradesh,Lakhimpur APMC,Wheat,2024-01-06,60.0,2480.0
Uttar Pradesh,Lakhimpur APMC,Wheat,2024-01-08,50.0,2500.0
Uttar Pradesh,Lakhimpur APMC,Wheat,2024-01-09,60.0,2510.0
Uttar Pradesh,Lakhimpur APMC,Wheat,2024-01-10,50.0,2515.0
Uttar Pradesh,Lakhimpur APMC,Wheat,2024-01-11,60.0,2500.0
Uttar Pradesh,Lakhimpur APMC,Wheat,2024-01-12,8.0,2510.0
Uttar Pradesh,Lakhimpur APMC,Wheat,2024-01-13,70.0,2520.0
Uttar Pradesh,Lakhimpur APMC,Wheat,2024-01-15,50.0,2510.0
Uttar Pradesh,Lakhimpur APMC,Wheat,2024-01-16,70.0,2520.0
Uttar Pradesh,Lakhimpur APMC,Wheat,2024-01-17,60.0,2500.0
Uttar Pradesh,Lakhimpur APMC,Wheat,2024-01-18,80.0,2510.0
Uttar Pradesh,Lakhimpur APMC,Wheat,2024-01-19,90.0,2520.0
Uttar Pradesh,Lakhimpur APMC,Wheat,2024-01-20,110.0,2500.0
Uttar Pradesh,Lakhimpur APMC,Wheat,2024-01-22,50.0,2500.0
Uttar Pradesh,Lakhimpur APMC,Wheat,2024-01-23,75.0,2490.0
Uttar Pradesh,Lakhimpur APMC,Wheat,2024-01-24,130.0,2485.0
Uttar Pradesh,Lakhimpur APMC,Wheat,2024-01-27,60.0,2490.0
Uttar Pradesh,Lakhimpur APMC,Wheat,2024-01-29,50.0,2480.0
Uttar Pradesh,Lakhimpur APMC,Wheat,2024-01-30,70.0,2495.0
Uttar Pradesh,Lakhimpur APMC,Wheat,2024-01-31,60.0,2490.0
Uttar Pradesh,Lakhimpur APMC,Wheat,2024-02-01,70.0,2500.0
Uttar Pradesh,Lakhimpur APMC,Wheat,2024-02-02,50.0,2510.0
Uttar Pradesh,Lakhimpur APMC,Wheat,2024-02-03,70.0,2500.0
Uttar Pradesh,Lakhimpur APMC,Wheat,2024-02-05,80.0,2490.0
Uttar Pradesh,Lakhimpur APMC,Wheat,2024-02-06,70.0,2510.0
Uttar Pradesh,Lakhimpur APMC,Wheat,2024-02-07,60.0,2520.0
Uttar Pradesh,Lakhimpur APMC,Wheat,2024-02-08,50.0,2535.0
Uttar Pradesh,Lakhimpur APMC,Wheat,2024-02-09,60.0,2540.0
Uttar Pradesh,Lakhimpur APMC,Wheat,2024-02-10,50.0,2515.0
Uttar Pradesh,Lakhimpur APMC,Wheat,2024-02-12,40.0,2520.0
Uttar Pradesh,Lakhimpur APMC,Wheat,2024-02-13,50.0,2515.0
Uttar Pradesh,Lakhimpur APMC,Wheat,2024-02-14,60.0,2520.0
Uttar Pradesh,Lakhimpur APMC,Wheat,2024-02-15,50.0,2500.0
Uttar Pradesh,Lakhimpur APMC,Wheat,2024-02-16,55.0,2490.0
Uttar Pradesh,Lakhimpur APMC,Wheat,2024-02-17,60.0,2480.0
Uttar Pradesh,Lakhimpur APMC,Wheat,2024-02-19,50.0,2460.0
Uttar Pradesh,Lakhimpur APMC,Wheat,2024-02-20,60.0,2450.0
Uttar Pradesh,Lakhimpur APMC,Wheat,2024-02-21,50.0,2465.0
Uttar Pradesh,Lakhimpur APMC,Wheat,2024-02-22,70.0,2450.0
Uttar Pradesh,Lakhimpur APMC,Wheat,2024-02-23,70.0,2420.0
Uttar Pradesh,Lakhimpur APMC,Wheat,2024-02-24,60.0,2410.0
Uttar Pradesh,Lakhimpur APMC,Wheat,2024-02-26,80.0,2425.0
Uttar Pradesh,Lakhimpur APMC,Wheat,2024-02-27,60.0,2420.0
Uttar Pradesh,Lakhimpur APMC,Wheat,2024-02-28,70.0,2480.0
Uttar Pradesh,Lakhimpur APMC,Wheat,2024-02-29,90.0,2520.0
Uttar Pradesh,Lakhimpur APMC,Wheat,2024-03-01,80.0,2525.0
Uttar Pradesh,Lakhimpur APMC,Wheat,2024-03-02,60.0,2530.0
Uttar Pradesh,Lakhimpur APMC,Wheat,2024-03-04,90.0,2520.0
Uttar Pradesh,Lakhimpur APMC,Wheat,2024-03-05,100.0,2500.0
Uttar Pradesh,Lakhimpur APMC,Wheat,2024-03-06,90.0,2510.0
Uttar Pradesh,Lakhimpur APMC,Wheat,2024-03-07,80.0,2515.0
Uttar Pradesh,Lakhimpur APMC,Wheat,2024-03-08,90.0,2520.0
Uttar Pradesh,Lakhimpur APMC,Wheat,2024-03-09,80.0,2500.0
Uttar Pradesh,Lakhimpur APMC,Wheat,2024-03-11,75.0,2490.0
Uttar Pradesh,Lakhimpur APMC,Wheat,2024-03-12,80.0,2475.0
Uttar Pradesh,Lakhimpur APMC,Wheat,2024-03-13,110.0,2460.0
Uttar Pradesh,Lakhimpur APMC,Wheat,2024-03-14,180.0,2450.0
Uttar Pradesh,Lakhimpur APMC,Wheat,2024-03-16,180.0,2450.0
Uttar Pradesh,Lakhimpur APMC,Wheat,2024-03-18,200.0,2430.0
Uttar Pradesh,Lakhimpur APMC,Wheat,2024-03-19,220.0,2450.0
Uttar Pradesh,Lakhimpur APMC,Wheat,2024-03-20,230.0,2465.0
Uttar Pradesh,Lakhimpur APMC,Wheat,2024-03-21,240.0,2470.0
Uttar Pradesh,Lakhimpur APMC,Wheat,2024-03-22,230.0,2450.0
Uttar Pradesh,Lakhimpur APMC,Wheat,2024-03-23,270.0,2465.0
Uttar Pradesh,Lakhimpur APMC,Wheat,2024-03-26,200.0,2460.0
Uttar Pradesh,Lakhimpur APMC,Wheat,2024-03-27,100.0,2450.0
Uttar Pradesh,Lakhimpur APMC,Wheat,2024-03-28,260.0,2420.0
Uttar Pradesh,Lakhimpur APMC,Wheat,2024-03-29,250.0,2400.0
Uttar Pradesh,Lakhimpur APMC,Wheat,2024-03-30,180.0,2390.0
Uttar Pradesh,Lucknow APMC,Onion,2024-01-01,80.0,1850.0
Uttar Pradesh,Lucknow APMC,Onion,2024-01-02,180.0,1900.0
Uttar Pradesh,Lucknow APMC,Onion,2024-01-03,126.0,2150.0
Uttar Pradesh,Lucknow APMC,Onion,2024-01-04,180.0,2100.0
Uttar Pradesh,Lucknow APMC,Onion,2024-01-05,180.0,2050.0
Uttar Pradesh,Lucknow APMC,Onion,2024-01-06,190.0,2050.0
Uttar Pradesh,Lucknow APMC,Onion,2024-01-08,240.0,1950.0
Uttar Pradesh,Lucknow APMC,Onion,2024-01-09,270.0,1950.0
Uttar Pradesh,Lucknow APMC,Onion,2024-01-10,225.0,1950.0
Uttar Pradesh,Lucknow APMC,Onion,2024-01-11,270.0,1960.0
Uttar Pradesh,Lucknow APMC,Onion,2024-01-12,245.0,1960.0
Uttar Pradesh,Lucknow APMC,Onion,2024-01-13,235.0,1960.0
Uttar Pradesh,Lucknow APMC,Onion,2024-01-14,250.0,1965.0
Uttar Pradesh,Lucknow APMC,Onion,2024-01-15,280.0,1965.0
Uttar Pradesh,Lucknow APMC,Onion,2024-01-16,320.0,1970.0
Uttar Pradesh,Lucknow APMC,Onion,2024-01-17,280.0,1975.0
Uttar Pradesh,Lucknow APMC,Onion,2024-01-18,320.0,1975.0
Uttar Pradesh,Lucknow APMC,Onion,2024-01-19,290.0,1980.0
Uttar Pradesh,Lucknow APMC,Onion,2024-01-20,270.0,1980.0
Uttar Pradesh,Lucknow APMC,Onion,2024-01-22,220.0,1975.0
Uttar Pradesh,Lucknow APMC,Onion,2024-01-23,270.0,1980.0
Uttar Pradesh,Lucknow APMC,Onion,2024-01-24,240.0,1985.0
Uttar Pradesh,Lucknow APMC,Onion,2024-01-26,200.0,2000.0
Uttar Pradesh,Lucknow APMC,Onion,2024-01-27,270.0,2000.0
Uttar Pradesh,Lucknow APMC,Onion,2024-01-28,230.0,1875.0
Uttar Pradesh,Lucknow APMC,Onion,2024-01-29,270.0,1850.0
Uttar Pradesh,Lucknow APMC,Onion,2024-01-30,240.0,1850.0
Uttar Pradesh,Lucknow APMC,Onion,2024-01-31,270.0,1850.0
Uttar Pradesh,Lucknow APMC,Onion,2024-02-01,285.0,1850.0
Uttar Pradesh,Lucknow APMC,Onion,2024-02-02,280.0,1850.0
Uttar Pradesh,Lucknow APMC,Onion,2024-02-03,220.0,1800.0
Uttar Pradesh,Lucknow APMC,Onion,2024-02-05,190.0,1750.0
Uttar Pradesh,Lucknow APMC,Onion,2024-02-06,200.0,1700.0
Uttar Pradesh,Lucknow APMC,Onion,2024-02-07,175.0,1700.0
Uttar Pradesh,Lucknow APMC,Onion,2024-02-08,180.0,1700.0
Uttar Pradesh,Lucknow APMC,Onion,2024-02-09,170.0,1700.0
Uttar Pradesh,Lucknow APMC,Onion,2024-02-10,130.0,1650.0
Uttar Pradesh,Lucknow APMC,Onion,2024-02-12,150.0,1550.0
Uttar Pradesh,Lucknow APMC,Onion,2024-02-13,190.0,1500.0
Uttar Pradesh,Lucknow APMC,Onion,2024-02-14,270.0,1500.0
Uttar Pradesh,Lucknow APMC,Onion,2024-02-15,330.0,1550.0
Uttar Pradesh,Lucknow APMC,Onion,2024-02-16,350.0,1565.0
Uttar Pradesh,Lucknow APMC,Onion,2024-02-17,330.0,1580.0
Uttar Pradesh,Lucknow APMC,Onion,2024-02-18,270.0,1580.0
Uttar Pradesh,Lucknow APMC,Onion,2024-02-19,330.0,1580.0
Uttar Pradesh,Lucknow APMC,Onion,2024-02-20,280.0,1575.0
Uttar Pradesh,Lucknow APMC,Onion,2024-02-21,300.0,1775.0
Uttar Pradesh,Lucknow APMC,Onion,2024-02-22,310.0,1775.0
Uttar Pradesh,Lucknow APMC,Onion,2024-02-23,330.0,1780.0
Uttar Pradesh,Lucknow APMC,Onion,2024-02-24,280.0,1780.0
Uttar Pradesh,Lucknow APMC,Onion,2024-02-25,300.0,1770.0
Uttar Pradesh,Lucknow APMC,Onion,2024-02-26,350.0,1775.0
Uttar Pradesh,Lucknow APMC,Onion,2024-02-27,330.0,1800.0
Uttar Pradesh,Lucknow APMC,Onion,2024-02-28,300.0,1800.0
Uttar Pradesh,Lucknow APMC,Onion,2024-02-29,190.0,1750.0
Uttar Pradesh,Lucknow APMC,Onion,2024-03-01,90.0,1750.0
Uttar Pradesh,Lucknow APMC,Onion,2024-03-02,270.0,1850.0
Uttar Pradesh,Lucknow APMC,Onion,2024-03-03,150.0,1860.0
Uttar Pradesh,Lucknow APMC,Onion,2024-03-04,220.0,1920.0
Uttar Pradesh,Lucknow APMC,Onion,2024-03-05,150.0,1925.0
Uttar Pradesh,Lucknow APMC,Onion,2024-03-06,160.0,1930.0
Uttar Pradesh,Lucknow APMC,Onion,2024-03-07,100.0,1900.0
Uttar Pradesh,Lucknow APMC,Onion,2024-03-08,120.0,1850.0
Uttar Pradesh,Lucknow APMC,Onion,2024-03-09,115.0,1950.0
Uttar Pradesh,Lucknow APMC,Onion,2024-03-11,120.0,2000.0
Uttar Pradesh,Lucknow APMC,Onion,2024-03-12,110.0,2000.0
Uttar Pradesh,Lucknow APMC,Onion,2024-03-13,140.0,2000.0
Uttar Pradesh,Lucknow APMC,Onion,2024-03-14,130.0,2050.0
Uttar Pradesh,Lucknow APMC,Onion,2024-03-16,150.0,2030.0
Uttar Pradesh,Lucknow APMC,Onion,2024-03-17,135.0,2020.0
Uttar Pradesh,Lucknow APMC,Onion,2024-03-18,140.0,2000.0
Uttar Pradesh,Lucknow APMC,Onion,2024-03-19,120.0,2000.0
Uttar Pradesh,Lucknow APMC,Onion,2024-03-20,130.0,1980.0
Uttar Pradesh,Lucknow APMC,Onion,2024-03-21,130.0,1990.0
Uttar Pradesh,Lucknow APMC,Onion,2024-03-22,145.0,1950.0
Uttar Pradesh,Lucknow APMC,Onion,2024-03-23,150.0,2050.0
Uttar Pradesh,Lucknow APMC,Onion,2024-03-25,35.0,1970.0
Uttar Pradesh,Lucknow APMC,Onion,2024-03-26,200.0,1900.0
Uttar Pradesh,Lucknow APMC,Onion,2024-03-27,180.0,1920.0
Uttar Pradesh,Lucknow APMC,Onion,2024-03-28,120.0,1900.0
Uttar Pradesh,Lucknow APMC,Onion,2024-03-29,145.0,1900.0
Uttar Pradesh,Lucknow APMC,Onion,2024-03-30,120.0,1860.0
Uttar Pradesh,Lucknow APMC,Onion,2024-03-31,100.0,1800.0
Uttar Pradesh,Lucknow APMC,Potato,2024-01-01,270.0,720.0
Uttar Pradesh,Lucknow APMC,Potato,2024-01-02,440.0,740.0
Uttar Pradesh,Lucknow APMC,Potato,2024-01-03,200.0,900.0
Uttar Pradesh,Lucknow APMC,Potato,2024-01-04,400.0,850.0
Uttar Pradesh,Lucknow APMC,Potato,2024-01-05,450.0,850.0
Uttar Pradesh,Lucknow APMC,Potato,2024-01-06,450.0,800.0
Uttar Pradesh,Lucknow APMC,Potato,2024-01-08,500.0,750.0
Uttar Pradesh,Lucknow APMC,Potato,2024-01-09,450.0,750.0
Uttar Pradesh,Lucknow APMC,Potato,2024-01-10,500.0,750.0
Uttar Pradesh,Lucknow APMC,Potato,2024-01-11,460.0,730.0
Uttar Pradesh,Lucknow APMC,Potato,2024-01-12,420.0,720.0
Uttar Pradesh,Lucknow APMC,Potato,2024-01-13,400.0,720.0
Uttar Pradesh,Lucknow APMC,Potato,2024-01-14,450.0,720.0
Uttar Pradesh,Lucknow APMC,Potato,2024-01-15,500.0,725.0
Uttar Pradesh,Lucknow APMC,Potato,2024-01-16,480.0,750.0
Uttar Pradesh,Lucknow APMC,Potato,2024-01-17,450.0,750.0
Uttar Pradesh,Lucknow APMC,Potato,2024-01-18,500.0,750.0
Uttar Pradesh,Lucknow APMC,Potato,2024-01-19,425.0,775.0
Uttar Pradesh,Lucknow APMC,Potato,2024-01-20,450.0,800.0
Uttar Pradesh,Lucknow APMC,Potato,2024-01-22,450.0,800.0
Uttar Pradesh,Lucknow APMC,Potato,2024-01-23,500.0,810.0
Uttar Pradesh,Lucknow APMC,Potato,2024-01-24,550.0,810.0
Uttar Pradesh,Lucknow APMC,Potato,2024-01-26,420.0,810.0
Uttar Pradesh,Lucknow APMC,Potato,2024-01-27,450.0,820.0
Uttar Pradesh,Lucknow APMC,Potato,2024-01-28,420.0,820.0
Uttar Pradesh,Lucknow APMC,Potato,2024-01-29,550.0,810.0
Uttar Pradesh,Lucknow APMC,Potato,2024-01-30,500.0,810.0
Uttar Pradesh,Lucknow APMC,Potato,2024-01-31,550.0,800.0
Uttar Pradesh,Lucknow APMC,Potato,2024-02-01,500.0,800.0
Uttar Pradesh,Lucknow APMC,Potato,2024-02-02,560.0,800.0
Uttar Pradesh,Lucknow APMC,Potato,2024-02-03,570.0,780.0
Uttar Pradesh,Lucknow APMC,Potato,2024-02-05,450.0,760.0
Uttar Pradesh,Lucknow APMC,Potato,2024-02-06,500.0,760.0
Uttar Pradesh,Lucknow APMC,Potato,2024-02-07,490.0,760.0
Uttar Pradesh,Lucknow APMC,Potato,2024-02-08,550.0,750.0
Uttar Pradesh,Lucknow APMC,Potato,2024-02-09,560.0,750.0
Uttar Pradesh,Lucknow APMC,Potato,2024-02-10,450.0,750.0
Uttar Pradesh,Lucknow APMC,Potato,2024-02-12,600.0,730.0
Uttar Pradesh,Lucknow APMC,Potato,2024-02-13,560.0,750.0
Uttar Pradesh,Lucknow APMC,Potato,2024-02-14,600.0,750.0
Uttar Pradesh,Lucknow APMC,Potato,2024-02-15,580.0,775.0
Uttar Pradesh,Lucknow APMC,Potato,2024-02-16,600.0,770.0
Uttar Pradesh,Lucknow APMC,Potato,2024-02-17,620.0,775.0
Uttar Pradesh,Lucknow APMC,Potato,2024-02-18,600.0,775.0
Uttar Pradesh,Lucknow APMC,Potato,2024-02-19,650.0,820.0
Uttar Pradesh,Lucknow APMC,Potato,2024-02-20,620.0,825.0
Uttar Pradesh,Lucknow APMC,Potato,2024-02-21,650.0,825.0
Uttar Pradesh,Lucknow APMC,Potato,2024-02-22,700.0,850.0
Uttar Pradesh,Lucknow APMC,Potato,2024-02-23,650.0,875.0
Uttar Pradesh,Lucknow APMC,Potato,2024-02-24,680.0,875.0
Uttar Pradesh,Lucknow APMC,Potato,2024-02-25,650.0,875.0
Uttar Pradesh,Lucknow APMC,Potato,2024-02-26,680.0,900.0
Uttar Pradesh,Lucknow APMC,Potato,2024-02-27,650.0,900.0
Uttar Pradesh,Lucknow APMC,Potato,2024-02-28,620.0,920.0
Uttar Pradesh,Lucknow APMC,Potato,2024-02-29,560.0,920.0
Uttar Pradesh,Lucknow APMC,Potato,2024-03-01,120.0,1000.0
Uttar Pradesh,Lucknow APMC,Potato,2024-03-02,600.0,1050.0
Uttar Pradesh,Lucknow APMC,Potato,2024-03-03,480.0,1060.0
Uttar Pradesh,Lucknow APMC,Potato,2024-03-04,500.0,1100.0
Uttar Pradesh,Lucknow APMC,Potato,2024-03-05,550.0,1100.0
Uttar Pradesh,Lucknow APMC,Potato,2024-03-06,560.0,1100.0
Uttar Pradesh,Lucknow APMC,Potato,2024-03-07,540.0,1120.0
Uttar Pradesh,Lucknow APMC,Potato,2024-03-08,530.0,1120.0
Uttar Pradesh,Lucknow APMC,Potato,2024-03-09,500.0,1150.0
Uttar Pradesh,Lucknow APMC,Potato,2024-03-11,520.0,1200.0
Uttar Pradesh,Lucknow APMC,Potato,2024-03-12,530.0,1220.0
Uttar Pradesh,Lucknow APMC,Potato,2024-03-13,520.0,1300.0
Uttar Pradesh,Lucknow APMC,Potato,2024-03-14,490.0,1400.0
Uttar Pradesh,Lucknow APMC,Potato,2024-03-16,550.0,1450.0
Uttar Pradesh,Lucknow APMC,Potato,2024-03-17,500.0,1450.0
Uttar Pradesh,Lucknow APMC,Potato,2024-03-18,540.0,1420.0
Uttar Pradesh,Lucknow APMC,Potato,2024-03-19,600.0,1400.0
Uttar Pradesh,Lucknow APMC,Potato,2024-03-20,570.0,1390.0
Uttar Pradesh,Lucknow APMC,Potato,2024-03-21,550.0,1390.0
Uttar Pradesh,Lucknow APMC,Potato,2024-03-22,600.0,1400.0
Uttar Pradesh,Lucknow APMC,Potato,2024-03-23,520.0,1420.0
Uttar Pradesh,Lucknow APMC,Potato,2024-03-25,120.0,1420.0
Uttar Pradesh,Lucknow APMC,Potato,2024-03-26,550.0,1400.0
Uttar Pradesh,Lucknow APMC,Potato,2024-03-27,500.0,1400.0
Uttar Pradesh,Lucknow APMC,Potato,2024-03-28,530.0,1420.0
Uttar Pradesh,Lucknow APMC,Potato,2024-03-29,450.0,1420.0
Uttar Pradesh,Lucknow APMC,Potato,2024-03-30,570.0,1430.0
Uttar Pradesh,Lucknow APMC,Potato,2024-03-31,500.0,1400.0
Uttar Pradesh,Lucknow APMC,Rice,2024-01-01,390.0,2740.0
Uttar Pradesh,Lucknow APMC,Rice,2024-01-02,420.0,2740.0
Uttar Pradesh,Lucknow APMC,Rice,2024-01-03,300.0,2740.0
Uttar Pradesh,Lucknow APMC,Rice,2024-01-04,340.0,2740.0
Uttar Pradesh,Lucknow APMC,Rice,2024-01-05,350.0,2740.0
Uttar Pradesh,Lucknow APMC,Rice,2024-01-06,340.0,2750.0
Uttar Pradesh,Lucknow APMC,Rice,2024-01-08,355.0,2750.0
Uttar Pradesh,Lucknow APMC,Rice,2024-01-09,370.0,2750.0
Uttar Pradesh,Lucknow APMC,Rice,2024-01-10,450.0,2750.0
Uttar Pradesh,Lucknow APMC,Rice,2024-01-11,430.0,2750.0
Uttar Pradesh,Lucknow APMC,Rice,2024-01-12,400.0,2750.0
Uttar Pradesh,Lucknow APMC,Rice,2024-01-13,385.0,2750.0
Uttar Pradesh,Lucknow APMC,Rice,2024-01-15,450.0,2750.0
Uttar Pradesh,Lucknow APMC,Rice,2024-01-16,420.0,2760.0
Uttar Pradesh,Lucknow APMC,Rice,2024-01-17,400.0,2760.0
Uttar Pradesh,Lucknow APMC,Rice,2024-01-18,420.0,2750.0
Uttar Pradesh,Lucknow APMC,Rice,2024-01-19,440.0,2750.0
Uttar Pradesh,Lucknow APMC,Rice,2024-01-20,410.0,2750.0
Uttar Pradesh,Lucknow APMC,Rice,2024-01-22,270.0,2750.0
Uttar Pradesh,Lucknow APMC,Rice,2024-01-23,430.0,2765.0
Uttar Pradesh,Lucknow APMC,Rice,2024-01-24,380.0,2765.0
Uttar Pradesh,Lucknow APMC,Rice,2024-01-27,440.0,2765.0
Uttar Pradesh,Lucknow APMC,Rice,2024-01-29,420.0,2760.0
Uttar Pradesh,Lucknow APMC,Rice,2024-01-30,380.0,2760.0
Uttar Pradesh,Lucknow APMC,Rice,2024-01-31,420.0,2775.0
Uttar Pradesh,Lucknow APMC,Rice,2024-02-01,390.0,2775.0
Uttar Pradesh,Lucknow APMC,Rice,2024-02-02,390.0,2775.0
Uttar Pradesh,Lucknow APMC,Rice,2024-02-03,390.0,2775.0
Uttar Pradesh,Lucknow APMC,Rice,2024-02-05,370.0,2775.0
Uttar Pradesh,Lucknow APMC,Rice,2024-02-06,335.0,2800.0
Uttar Pradesh,Lucknow APMC,Rice,2024-02-07,390.0,2800.0
Uttar Pradesh,Lucknow APMC,Rice,2024-02-08,360.0,2800.0
Uttar Pradesh,Lucknow APMC,Rice,2024-02-09,400.0,2800.0
Uttar Pradesh,Lucknow APMC,Rice,2024-02-10,270.0,2800.0
Uttar Pradesh,Lucknow APMC,Rice,2024-02-12,310.0,2800.0
Uttar Pradesh,Lucknow APMC,Rice,2024-02-13,330.0,2800.0
Uttar Pradesh,Lucknow APMC,Rice,2024-02-14,320.0,2800.0
Uttar Pradesh,Lucknow APMC,Rice,2024-02-15,280.0,2800.0
Uttar Pradesh,Lucknow APMC,Rice,2024-02-16,350.0,2800.0
Uttar Pradesh,Lucknow APMC,Rice,2024-02-17,300.0,2800.0
Uttar Pradesh,Lucknow APMC,Rice,2024-02-19,290.0,2800.0
Uttar Pradesh,Lucknow APMC,Rice,2024-02-20,300.0,2800.0
Uttar Pradesh,Lucknow APMC,Rice,2024-02-21,350.0,2820.0
Uttar Pradesh,Lucknow APMC,Rice,2024-02-22,320.0,2820.0
Uttar Pradesh,Lucknow APMC,Rice,2024-02-23,350.0,2820.0
Uttar Pradesh,Lucknow APMC,Rice,2024-02-24,340.0,2820.0
Uttar Pradesh,Lucknow APMC,Rice,2024-02-26,280.0,2820.0
Uttar Pradesh,Lucknow APMC,Rice,2024-02-27,310.0,2825.0
Uttar Pradesh,Lucknow APMC,Rice,2024-02-28,280.0,2825.0
Uttar Pradesh,Lucknow APMC,Rice,2024-02-29,250.0,2825.0
Uttar Pradesh,Lucknow APMC,Rice,2024-03-01,180.0,2900.0
Uttar Pradesh,Lucknow APMC,Rice,2024-03-02,250.0,2900.0
Uttar Pradesh,Lucknow APMC,Rice,2024-03-04,230.0,2900.0
Uttar Pradesh,Lucknow APMC,Rice,2024-03-05,270.0,2900.0
Uttar Pradesh,Lucknow APMC,Rice,2024-03-06,300.0,2900.0
Uttar Pradesh,Lucknow APMC,Rice,2024-03-07,270.0,2950.0
Uttar Pradesh,Lucknow APMC,Rice,2024-03-08,260.0,2950.0
Uttar Pradesh,Lucknow APMC,Rice,2024-03-09,260.0,2950.0
Uttar Pradesh,Lucknow APMC,Rice,2024-03-11,270.0,2950.0
Uttar Pradesh,Lucknow APMC,Rice,2024-03-12,240.0,2950.0
Uttar Pradesh,Lucknow APMC,Rice,2024-03-13,230.0,3000.0
Uttar Pradesh,Lucknow APMC,Rice,2024-03-14,250.0,3000.0
Uttar Pradesh,Lucknow APMC,Rice,2024-03-16,200.0,3000.0
Uttar Pradesh,Lucknow APMC,Rice,2024-03-18,210.0,3000.0
Uttar Pradesh,Lucknow APMC,Rice,2024-03-19,200.0,3020.0
Uttar Pradesh,Lucknow APMC,Rice,2024-03-20,195.0,3020.0
Uttar Pradesh,Lucknow APMC,Rice,2024-03-21,200.0,3020.0
Uttar Pradesh,Lucknow APMC,Rice,2024-03-22,250.0,3000.0
Uttar Pradesh,Lucknow APMC,Rice,2024-03-23,260.0,3020.0
Uttar Pradesh,Lucknow APMC,Rice,2024-03-26,250.0,3020.0
Uttar Pradesh,Lucknow APMC,Rice,2024-03-27,240.0,3025.0
Uttar Pradesh,Lucknow APMC,Rice,2024-03-28,220.0,3030.0
Uttar Pradesh,Lucknow APMC,Rice,2024-03-29,200.0,3030.0
Uttar Pradesh,Lucknow APMC,Rice,2024-03-30,210.0,3030.0
Uttar Pradesh,Lucknow APMC,Wheat,2024-01-01,400.0,2550.0
Uttar Pradesh,Lucknow APMC,Wheat,2024-01-02,370.0,2540.0
Uttar Pradesh,Lucknow APMC,Wheat,2024-01-03,250.0,2540.0
Uttar Pradesh,Lucknow APMC,Wheat,2024-01-04,330.0,2540.0
Uttar Pradesh,Lucknow APMC,Wheat,2024-01-05,350.0,2540.0
Uttar Pradesh,Lucknow APMC,Wheat,2024-01-06,310.0,2520.0
Uttar Pradesh,Lucknow APMC,Wheat,2024-01-08,330.0,2520.0
Uttar Pradesh,Lucknow APMC,Wheat,2024-01-09,300.0,2520.0
Uttar Pradesh,Lucknow APMC,Wheat,2024-01-10,345.0,2520.0
Uttar Pradesh,Lucknow APMC,Wheat,2024-01-11,360.0,2520.0
Uttar Pradesh,Lucknow APMC,Wheat,2024-01-12,345.0,2530.0
Uttar Pradesh,Lucknow APMC,Wheat,2024-01-13,340.0,2530.0
Uttar Pradesh,Lucknow APMC,Wheat,2024-01-15,380.0,2530.0
Uttar Pradesh,Lucknow APMC,Wheat,2024-01-16,420.0,2550.0
Uttar Pradesh,Lucknow APMC,Wheat,2024-01-17,320.0,2550.0
Uttar Pradesh,Lucknow APMC,Wheat,2024-01-18,330.0,2550.0
Uttar Pradesh,Lucknow APMC,Wheat,2024-01-19,380.0,2550.0
Uttar Pradesh,Lucknow APMC,Wheat,2024-01-20,350.0,2550.0
Uttar Pradesh,Lucknow APMC,Wheat,2024-01-22,220.0,2550.0
Uttar Pradesh,Lucknow APMC,Wheat,2024-01-23,380.0,2560.0
Uttar Pradesh,Lucknow APMC,Wheat,2024-01-24,330.0,2560.0
Uttar Pradesh,Lucknow APMC,Wheat,2024-01-27,320.0,2560.0
Uttar Pradesh,Lucknow APMC,Wheat,2024-01-29,320.0,2560.0
Uttar Pradesh,Lucknow APMC,Wheat,2024-01-30,340.0,2560.0
Uttar Pradesh,Lucknow APMC,Wheat,2024-01-31,380.0,2565.0
Uttar Pradesh,Lucknow APMC,Wheat,2024-02-01,330.0,2565.0
Uttar Pradesh,Lucknow APMC,Wheat,2024-02-02,330.0,2565.0
Uttar Pradesh,Lucknow APMC,Wheat,2024-02-03,340.0,2565.0
Uttar Pradesh,Lucknow APMC,Wheat,2024-02-05,330.0,2565.0
Uttar Pradesh,Lucknow APMC,Wheat,2024-02-06,320.0,2580.0
Uttar Pradesh,Lucknow APMC,Wheat,2024-02-07,330.0,2580.0
Uttar Pradesh,Lucknow APMC,Wheat,2024-02-08,280.0,2580.0
Uttar Pradesh,Lucknow APMC,Wheat,2024-02-09,340.0,2580.0
Uttar Pradesh,Lucknow APMC,Wheat,2024-02-10,290.0,2580.0
Uttar Pradesh,Lucknow APMC,Wheat,2024-02-12,220.0,2580.0
Uttar Pradesh,Lucknow APMC,Wheat,2024-02-13,270.0,2580.0
Uttar Pradesh,Lucknow APMC,Wheat,2024-02-14,250.0,2580.0
Uttar Pradesh,Lucknow APMC,Wheat,2024-02-15,320.0,2580.0
Uttar Pradesh,Lucknow APMC,Wheat,2024-02-16,370.0,2580.0
Uttar Pradesh,Lucknow APMC,Wheat,2024-02-17,270.0,2580.0
Uttar Pradesh,Lucknow APMC,Wheat,2024-02-19,260.0,2575.0
Uttar Pradesh,Lucknow APMC,Wheat,2024-02-20,280.0,2575.0
Uttar Pradesh,Lucknow APMC,Wheat,2024-02-21,310.0,2580.0
Uttar Pradesh,Lucknow APMC,Wheat,2024-02-22,270.0,2580.0
Uttar Pradesh,Lucknow APMC,Wheat,2024-02-23,330.0,2580.0
Uttar Pradesh,Lucknow APMC,Wheat,2024-02-24,280.0,2580.0
Uttar Pradesh,Lucknow APMC,Wheat,2024-02-26,330.0,2580.0
Uttar Pradesh,Lucknow APMC,Wheat,2024-02-27,285.0,2580.0
Uttar Pradesh,Lucknow APMC,Wheat,2024-02-28,330.0,2580.0
Uttar Pradesh,Lucknow APMC,Wheat,2024-02-29,280.0,2580.0
Uttar Pradesh,Lucknow APMC,Wheat,2024-03-01,170.0,2580.0
Uttar Pradesh,Lucknow APMC,Wheat,2024-03-02,300.0,2580.0
Uttar Pradesh,Lucknow APMC,Wheat,2024-03-04,270.0,2580.0
Uttar Pradesh,Lucknow APMC,Wheat,2024-03-05,230.0,2580.0
Uttar Pradesh,Lucknow APMC,Wheat,2024-03-06,270.0,2580.0
Uttar Pradesh,Lucknow APMC,Wheat,2024-03-07,255.0,2570.0
Uttar Pradesh,Lucknow APMC,Wheat,2024-03-08,220.0,2570.0
Uttar Pradesh,Lucknow APMC,Wheat,2024-03-09,260.0,2570.0
Uttar Pradesh,Lucknow APMC,Wheat,2024-03-11,275.0,2570.0
Uttar Pradesh,Lucknow APMC,Wheat,2024-03-12,220.0,2570.0
Uttar Pradesh,Lucknow APMC,Wheat,2024-03-13,210.0,2550.0
Uttar Pradesh,Lucknow APMC,Wheat,2024-03-14,220.0,2550.0
Uttar Pradesh,Lucknow APMC,Wheat,2024-03-16,190.0,2550.0
Uttar Pradesh,Lucknow APMC,Wheat,2024-03-18,195.0,2550.0
Uttar Pradesh,Lucknow APMC,Wheat,2024-03-19,190.0,2550.0
Uttar Pradesh,Lucknow APMC,Wheat,2024-03-20,200.0,2550.0
Uttar Pradesh,Lucknow APMC,Wheat,2024-03-21,195.0,2550.0
Uttar Pradesh,Lucknow APMC,Wheat,2024-03-22,200.0,2550.0
Uttar Pradesh,Lucknow APMC,Wheat,2024-03-23,210.0,2550.0
Uttar Pradesh,Lucknow APMC,Wheat,2024-03-26,220.0,2550.0
Uttar Pradesh,Lucknow APMC,Wheat,2024-03-27,210.0,2560.0
Uttar Pradesh,Lucknow APMC,Wheat,2024-03-28,200.0,2520.0
Uttar Pradesh,Lucknow APMC,Wheat,2024-03-29,195.0,2520.0
Uttar Pradesh,Lucknow APMC,Wheat,2024-03-30,180.0,2520.0
Uttar Pradesh,Muradabad APMC,Onion,2024-01-01,115.0,1880.0
Uttar Pradesh,Muradabad APMC,Onion,2024-01-02,150.0,1860.0
Uttar Pradesh,Muradabad APMC,Onion,2024-01-03,90.0,2040.0
Uttar Pradesh,Muradabad APMC,Onion,2024-01-04,85.0,2060.0
Uttar Pradesh,Muradabad APMC,Onion,2024-01-05,60.0,2040.0
Uttar Pradesh,Muradabad APMC,Onion,2024-01-06,70.0,2000.0
Uttar Pradesh,Muradabad APMC,Onion,2024-01-07,105.0,1980.0
Uttar Pradesh,Muradabad APMC,Onion,2024-01-08,82.0,1950.0
Uttar Pradesh,Muradabad APMC,Onion,2024-01-09,75.0,1970.0
Uttar Pradesh,Muradabad APMC,Onion,2024-01-10,60.0,1940.0
Uttar Pradesh,Muradabad APMC,Onion,2024-01-11,70.0,1880.0
Uttar Pradesh,Muradabad APMC,Onion,2024-01-12,75.0,1860.0
Uttar Pradesh,Muradabad APMC,Onion,2024-01-13,80.0,1840.0
Uttar Pradesh,Muradabad APMC,Onion,2024-01-14,60.0,1850.0
Uttar Pradesh,Muradabad APMC,Onion,2024-01-15,70.0,1840.0
Uttar Pradesh,Muradabad APMC,Onion,2024-01-16,80.0,1820.0
Uttar Pradesh,Muradabad APMC,Onion,2024-01-17,70.0,1830.0
Uttar Pradesh,Muradabad APMC,Onion,2024-01-18,80.0,1825.0
Uttar Pradesh,Muradabad APMC,Onion,2024-01-19,120.0,1790.0
Uttar Pradesh,Muradabad APMC,Onion,2024-01-20,118.0,1740.0
Uttar Pradesh,Muradabad APMC,Onion,2024-01-22,75.0,1720.0
Uttar Pradesh,Muradabad APMC,Onion,2024-01-23,80.0,1730.0
Uttar Pradesh,Muradabad APMC,Onion,2024-01-24,75.0,1750.0
Uttar Pradesh,Muradabad APMC,Onion,2024-01-26,50.0,1670.0
Uttar Pradesh,Muradabad APMC,Onion,2024-01-27,80.0,1660.0
Uttar Pradesh,Muradabad APMC,Onion,2024-01-28,60.0,1640.0
Uttar Pradesh,Muradabad APMC,Onion,2024-01-29,80.0,1620.0
Uttar Pradesh,Muradabad APMC,Onion,2024-01-30,78.0,1640.0
Uttar Pradesh,Muradabad APMC,Onion,2024-01-31,60.0,1580.0
Uttar Pradesh,Muradabad APMC,Onion,2024-02-01,80.0,1590.0
Uttar Pradesh,Muradabad APMC,Onion,2024-02-02,98.0,1570.0
Uttar Pradesh,Muradabad APMC,Onion,2024-02-03,80.0,1560.0
Uttar Pradesh,Muradabad APMC,Onion,2024-02-04,60.0,1550.0
Uttar Pradesh,Muradabad APMC,Onion,2024-02-05,78.0,1540.0
Uttar Pradesh,Muradabad APMC,Onion,2024-02-06,80.0,1520.0
Uttar Pradesh,Muradabad APMC,Onion,2024-02-07,78.0,1500.0
Uttar Pradesh,Muradabad APMC,Onion,2024-02-08,70.0,1470.0
Uttar Pradesh,Muradabad APMC,Onion,2024-02-09,110.0,1460.0
Uttar Pradesh,Muradabad APMC,Onion,2024-02-10,60.0,1440.0
Uttar Pradesh,Muradabad APMC,Onion,2024-02-11,65.0,1410.0
Uttar Pradesh,Muradabad APMC,Onion,2024-02-12,70.0,1320.0
Uttar Pradesh,Muradabad APMC,Onion,2024-02-13,80.0,1360.0
Uttar Pradesh,Muradabad APMC,Onion,2024-02-14,70.0,1380.0
Uttar Pradesh,Muradabad APMC,Onion,2024-02-15,80.0,1340.0
Uttar Pradesh,Muradabad APMC,Onion,2024-02-16,143.0,1300.0
Uttar Pradesh,Muradabad APMC,Onion,2024-02-17,135.0,1310.0
Uttar Pradesh,Muradabad APMC,Onion,2024-02-18,110.0,1300.0
Uttar Pradesh,Muradabad APMC,Onion,2024-02-19,125.0,1350.0
Uttar Pradesh,Muradabad APMC,Onion,2024-02-20,90.0,1420.0
Uttar Pradesh,Muradabad APMC,Onion,2024-02-21,100.0,1430.0
Uttar Pradesh,Muradabad APMC,Onion,2024-02-22,150.0,1450.0
Uttar Pradesh,Muradabad APMC,Onion,2024-02-24,135.0,1450.0
Uttar Pradesh,Muradabad APMC,Onion,2024-02-25,125.0,1660.0
Uttar Pradesh,Muradabad APMC,Onion,2024-02-26,128.0,1440.0
Uttar Pradesh,Muradabad APMC,Onion,2024-02-27,135.0,1460.0
Uttar Pradesh,Muradabad APMC,Onion,2024-02-28,125.0,1500.0
Uttar Pradesh,Muradabad APMC,Onion,2024-02-29,118.0,1510.0
Uttar Pradesh,Muradabad APMC,Onion,2024-03-01,130.0,1520.0
Uttar Pradesh,Muradabad APMC,Onion,2024-03-02,118.0,1600.0
Uttar Pradesh,Muradabad APMC,Onion,2024-03-03,85.0,1580.0
Uttar Pradesh,Muradabad APMC,Onion,2024-03-04,80.0,1620.0
Uttar Pradesh,Muradabad APMC,Onion,2024-03-05,98.0,1630.0
Uttar Pradesh,Muradabad APMC,Onion,2024-03-06,120.0,1650.0
Uttar Pradesh,Muradabad APMC,Onion,2024-03-07,150.0,1700.0
Uttar Pradesh,Muradabad APMC,Onion,2024-03-08,120.0,1725.0
Uttar Pradesh,Muradabad APMC,Onion,2024-03-09,100.0,1780.0
Uttar Pradesh,Muradabad APMC,Onion,2024-03-10,90.0,1780.0
Uttar Pradesh,Muradabad APMC,Onion,2024-03-11,120.0,1800.0
Uttar Pradesh,Muradabad APMC,Onion,2024-03-12,100.0,1820.0
Uttar Pradesh,Muradabad APMC,Onion,2024-03-14,100.0,1840.0
Uttar Pradesh,Muradabad APMC,Onion,2024-03-15,90.0,1850.0
Uttar Pradesh,Muradabad APMC,Onion,2024-03-16,90.0,1850.0
Uttar Pradesh,Muradabad APMC,Onion,2024-03-17,120.0,1860.0
Uttar Pradesh,Muradabad APMC,Onion,2024-03-18,100.0,1850.0
Uttar Pradesh,Muradabad APMC,Onion,2024-03-19,120.0,1840.0
Uttar Pradesh,Muradabad APMC,Onion,2024-03-20,150.0,1850.0
Uttar Pradesh,Muradabad APMC,Onion,2024-03-21,140.0,1840.0
Uttar Pradesh,Muradabad APMC,Onion,2024-03-22,135.0,1850.0
Uttar Pradesh,Muradabad APMC,Onion,2024-03-23,120.0,1860.0
Uttar Pradesh,Muradabad APMC,Onion,2024-03-26,85.0,1760.0
Uttar Pradesh,Muradabad APMC,Onion,2024-03-27,125.0,1750.0
Uttar Pradesh,Muradabad APMC,Onion,2024-03-28,118.0,1740.0
Uttar Pradesh,Muradabad APMC,Onion,2024-03-29,120.0,1750.0
Uttar Pradesh,Muradabad APMC,Onion,2024-03-30,180.0,1700.0
Uttar Pradesh,Muradabad APMC,Potato,2024-01-01,140.0,680.0
Uttar Pradesh,Muradabad APMC,Potato,2024-01-02,200.0,740.0
Uttar Pradesh,Muradabad APMC,Potato,2024-01-03,100.0,760.0
Uttar Pradesh,Muradabad APMC,Potato,2024-01-04,110.0,750.0
Uttar Pradesh,Muradabad APMC,Potato,2024-01-05,120.0,740.0
Uttar Pradesh,Muradabad APMC,Potato,2024-01-06,145.0,720.0
Uttar Pradesh,Muradabad APMC,Potato,2024-01-07,130.0,700.0
Uttar Pradesh,Muradabad APMC,Potato,2024-01-08,145.0,690.0
Uttar Pradesh,Muradabad APMC,Potato,2024-01-09,130.0,720.0
Uttar Pradesh,Muradabad APMC,Potato,2024-01-10,145.0,680.0
Uttar Pradesh,Muradabad APMC,Potato,2024-01-11,150.0,670.0
Uttar Pradesh,Muradabad APMC,Potato,2024-01-12,140.0,660.0
Uttar Pradesh,Muradabad APMC,Potato,2024-01-13,135.0,650.0
Uttar Pradesh,Muradabad APMC,Potato,2024-01-14,120.0,660.0
Uttar Pradesh,Muradabad APMC,Potato,2024-01-15,140.0,650.0
Uttar Pradesh,Muradabad APMC,Potato,2024-01-16,150.0,660.0
Uttar Pradesh,Muradabad APMC,Potato,2024-01-17,140.0,640.0
Uttar Pradesh,Muradabad APMC,Potato,2024-01-18,150.0,650.0
Uttar Pradesh,Muradabad APMC,Potato,2024-01-19,180.0,645.0
Uttar Pradesh,Muradabad APMC,Potato,2024-01-20,160.0,650.0
Uttar Pradesh,Muradabad APMC,Potato,2024-01-22,100.0,650.0
Uttar Pradesh,Muradabad APMC,Potato,2024-01-23,120.0,640.0
Uttar Pradesh,Muradabad APMC,Potato,2024-01-24,140.0,660.0
Uttar Pradesh,Muradabad APMC,Potato,2024-01-26,80.0,640.0
Uttar Pradesh,Muradabad APMC,Potato,2024-01-27,120.0,650.0
Uttar Pradesh,Muradabad APMC,Potato,2024-01-28,110.0,660.0
Uttar Pradesh,Muradabad APMC,Potato,2024-01-29,140.0,650.0
Uttar Pradesh,Muradabad APMC,Potato,2024-01-30,130.0,660.0
Uttar Pradesh,Muradabad APMC,Potato,2024-01-31,120.0,670.0
Uttar Pradesh,Muradabad APMC,Potato,2024-02-01,110.0,675.0
Uttar Pradesh,Muradabad APMC,Potato,2024-02-02,120.0,680.0
Uttar Pradesh,Muradabad APMC,Potato,2024-02-03,128.0,690.0
Uttar Pradesh,Muradabad APMC,Potato,2024-02-04,100.0,680.0
Uttar Pradesh,Muradabad APMC,Potato,2024-02-05,130.0,670.0
Uttar Pradesh,Muradabad APMC,Potato,2024-02-06,120.0,700.0
Uttar Pradesh,Muradabad APMC,Potato,2024-02-07,140.0,680.0
Uttar Pradesh,Muradabad APMC,Potato,2024-02-08,135.0,690.0
Uttar Pradesh,Muradabad APMC,Potato,2024-02-09,180.0,680.0
Uttar Pradesh,Muradabad APMC,Potato,2024-02-10,120.0,670.0
Uttar Pradesh,Muradabad APMC,Potato,2024-02-11,100.0,660.0
Uttar Pradesh,Muradabad APMC,Potato,2024-02-12,120.0,650.0
Uttar Pradesh,Muradabad APMC,Potato,2024-02-13,140.0,640.0
Uttar Pradesh,Muradabad APMC,Potato,2024-02-14,128.0,650.0
Uttar Pradesh,Muradabad APMC,Potato,2024-02-15,120.0,660.0
Uttar Pradesh,Muradabad APMC,Potato,2024-02-16,160.0,650.0
Uttar Pradesh,Muradabad APMC,Potato,2024-02-17,150.0,660.0
Uttar Pradesh,Muradabad APMC,Potato,2024-02-18,120.0,670.0
Uttar Pradesh,Muradabad APMC,Potato,2024-02-19,140.0,680.0
Uttar Pradesh,Muradabad APMC,Potato,2024-02-20,135.0,700.0
Uttar Pradesh,Muradabad APMC,Potato,2024-02-21,160.0,740.0
Uttar Pradesh,Muradabad APMC,Potato,2024-02-22,180.0,780.0
Uttar Pradesh,Muradabad APMC,Potato,2024-02-24,160.0,820.0
Uttar Pradesh,Muradabad APMC,Potato,2024-02-25,148.0,810.0
Uttar Pradesh,Muradabad APMC,Potato,2024-02-26,180.0,830.0
Uttar Pradesh,Muradabad APMC,Potato,2024-02-27,175.0,860.0
Uttar Pradesh,Muradabad APMC,Potato,2024-02-28,190.0,875.0
Uttar Pradesh,Muradabad APMC,Potato,2024-02-29,180.0,880.0
Uttar Pradesh,Muradabad APMC,Potato,2024-03-01,185.0,880.0
Uttar Pradesh,Muradabad APMC,Potato,2024-03-02,178.0,910.0
Uttar Pradesh,Muradabad APMC,Potato,2024-03-03,160.0,940.0
Uttar Pradesh,Muradabad APMC,Potato,2024-03-04,188.0,960.0
Uttar Pradesh,Muradabad APMC,Potato,2024-03-05,200.0,990.0
Uttar Pradesh,Muradabad APMC,Potato,2024-03-06,180.0,1030.0
Uttar Pradesh,Muradabad APMC,Potato,2024-03-07,220.0,1040.0
Uttar Pradesh,Muradabad APMC,Potato,2024-03-08,200.0,1030.0
Uttar Pradesh,Muradabad APMC,Potato,2024-03-09,220.0,1040.0
Uttar Pradesh,Muradabad APMC,Potato,2024-03-10,180.0,1050.0
Uttar Pradesh,Muradabad APMC,Potato,2024-03-11,220.0,1060.0
Uttar Pradesh,Muradabad APMC,Potato,2024-03-12,320.0,1090.0
Uttar Pradesh,Muradabad APMC,Potato,2024-03-14,220.0,1150.0
Uttar Pradesh,Muradabad APMC,Potato,2024-03-15,200.0,1180.0
Uttar Pradesh,Muradabad APMC,Potato,2024-03-16,200.0,1200.0
Uttar Pradesh,Muradabad APMC,Potato,2024-03-17,250.0,1220.0
Uttar Pradesh,Muradabad APMC,Potato,2024-03-18,220.0,1250.0
Uttar Pradesh,Muradabad APMC,Potato,2024-03-19,200.0,1260.0
Uttar Pradesh,Muradabad APMC,Potato,2024-03-20,220.0,1270.0
Uttar Pradesh,Muradabad APMC,Potato,2024-03-21,200.0,1260.0
Uttar Pradesh,Muradabad APMC,Potato,2024-03-22,210.0,1280.0
Uttar Pradesh,Muradabad APMC,Potato,2024-03-23,220.0,1290.0
Uttar Pradesh,Muradabad APMC,Potato,2024-03-26,110.0,1300.0
Uttar Pradesh,Muradabad APMC,Potato,2024-03-27,160.0,1320.0
Uttar Pradesh,Muradabad APMC,Potato,2024-03-28,180.0,1330.0
Uttar Pradesh,Muradabad APMC,Potato,2024-03-29,200.0,1340.0
Uttar Pradesh,Muradabad APMC,Potato,2024-03-30,180.0,1330.0
Uttar Pradesh,Muradabad APMC,Rice,2024-01-01,45.0,2840.0
Uttar Pradesh,Muradabad APMC,Rice,2024-01-03,15.0,2850.0
Uttar Pradesh,Muradabad APMC,Rice,2024-01-04,14.0,2860.0
Uttar Pradesh,Muradabad APMC,Rice,2024-01-05,35.0,2850.0
Uttar Pradesh,Muradabad APMC,Rice,2024-01-06,40.0,2850.0
Uttar Pradesh,Muradabad APMC,Rice,2024-01-07,45.0,2840.0
Uttar Pradesh,Muradabad APMC,Rice,2024-01-08,50.0,2860.0
Uttar Pradesh,Muradabad APMC,Rice,2024-01-10,30.0,2870.0
Uttar Pradesh,Muradabad APMC,Rice,2024-01-11,35.0,2860.0
Uttar Pradesh,Muradabad APMC,Rice,2024-01-12,60.0,2870.0
Uttar Pradesh,Muradabad APMC,Rice,2024-01-13,50.0,2865.0
Uttar Pradesh,Muradabad APMC,Rice,2024-01-14,70.0,2865.0
Uttar Pradesh,Muradabad APMC,Rice,2024-01-15,65.0,2860.0
Uttar Pradesh,Muradabad APMC,Rice,2024-01-17,55.0,2870.0
Uttar Pradesh,Muradabad APMC,Rice,2024-01-18,60.0,2880.0
Uttar Pradesh,Muradabad APMC,Rice,2024-01-19,50.0,2870.0
Uttar Pradesh,Muradabad APMC,Rice,2024-01-20,60.0,2860.0
Uttar Pradesh,Muradabad APMC,Rice,2024-01-24,40.0,2880.0
Uttar Pradesh,Muradabad APMC,Rice,2024-01-26,20.0,2860.0
Uttar Pradesh,Muradabad APMC,Rice,2024-01-27,45.0,2870.0
Uttar Pradesh,Muradabad APMC,Rice,2024-01-28,30.0,2880.0
Uttar Pradesh,Muradabad APMC,Rice,2024-01-29,40.0,2875.0
Uttar Pradesh,Muradabad APMC,Rice,2024-01-31,50.0,2870.0
Uttar Pradesh,Muradabad APMC,Rice,2024-02-01,65.0,2875.0
Uttar Pradesh,Muradabad APMC,Rice,2024-02-02,80.0,2880.0
Uttar Pradesh,Muradabad APMC,Rice,2024-02-03,85.0,2870.0
Uttar Pradesh,Muradabad APMC,Rice,2024-02-04,95.0,2850.0
Uttar Pradesh,Muradabad APMC,Rice,2024-02-05,90.0,2860.0
Uttar Pradesh,Muradabad APMC,Rice,2024-02-07,85.0,2875.0
Uttar Pradesh,Muradabad APMC,Rice,2024-02-08,60.0,2560.0
Uttar Pradesh,Muradabad APMC,Rice,2024-02-09,75.0,2870.0
Uttar Pradesh,Muradabad APMC,Rice,2024-02-10,60.0,2860.0
Uttar Pradesh,Muradabad APMC,Rice,2024-02-11,65.0,2870.0
Uttar Pradesh,Muradabad APMC,Rice,2024-02-12,70.0,2860.0
Uttar Pradesh,Muradabad APMC,Rice,2024-02-14,50.0,2900.0
Uttar Pradesh,Muradabad APMC,Rice,2024-02-15,40.0,2890.0
Uttar Pradesh,Muradabad APMC,Rice,2024-02-16,50.0,2910.0
Uttar Pradesh,Muradabad APMC,Rice,2024-02-17,60.0,2900.0
Uttar Pradesh,Muradabad APMC,Rice,2024-02-18,55.0,2920.0
Uttar Pradesh,Muradabad APMC,Rice,2024-02-19,80.0,2910.0
Uttar Pradesh,Muradabad APMC,Rice,2024-02-21,85.0,2900.0
Uttar Pradesh,Muradabad APMC,Rice,2024-02-22,75.0,2900.0
Uttar Pradesh,Muradabad APMC,Rice,2024-02-24,80.0,2920.0
Uttar Pradesh,Muradabad APMC,Rice,2024-02-25,70.0,2900.0
Uttar Pradesh,Muradabad APMC,Rice,2024-02-26,60.0,2910.0
Uttar Pradesh,Muradabad APMC,Rice,2024-02-28,70.0,2900.0
Uttar Pradesh,Muradabad APMC,Rice,2024-02-29,60.0,2910.0
Uttar Pradesh,Muradabad APMC,Rice,2024-03-01,70.0,2900.0
Uttar Pradesh,Muradabad APMC,Rice,2024-03-02,80.0,2900.0
Uttar Pradesh,Muradabad APMC,Rice,2024-03-03,75.0,2900.0
Uttar Pradesh,Muradabad APMC,Rice,2024-03-04,70.0,2910.0
Uttar Pradesh,Muradabad APMC,Rice,2024-03-06,75.0,2900.0
Uttar Pradesh,Muradabad APMC,Rice,2024-03-07,70.0,2880.0
Uttar Pradesh,Muradabad APMC,Rice,2024-03-08,75.0,2890.0
Uttar Pradesh,Muradabad APMC,Rice,2024-03-09,80.0,2880.0
Uttar Pradesh,Muradabad APMC,Rice,2024-03-10,85.0,2900.0
Uttar Pradesh,Muradabad APMC,Rice,2024-03-11,80.0,2880.0
Uttar Pradesh,Muradabad APMC,Rice,2024-03-14,105.0,2880.0
Uttar Pradesh,Muradabad APMC,Rice,2024-03-15,100.0,2900.0
Uttar Pradesh,Muradabad APMC,Rice,2024-03-16,110.0,2880.0
Uttar Pradesh,Muradabad APMC,Rice,2024-03-17,115.0,2880.0
Uttar Pradesh,Muradabad APMC,Rice,2024-03-18,120.0,2890.0
Uttar Pradesh,Muradabad APMC,Rice,2024-03-20,125.0,2880.0
Uttar Pradesh,Muradabad APMC,Rice,2024-03-21,130.0,2890.0
Uttar Pradesh,Muradabad APMC,Rice,2024-03-22,110.0,2870.0
Uttar Pradesh,Muradabad APMC,Rice,2024-03-23,99.0,2860.0
Uttar Pradesh,Muradabad APMC,Rice,2024-03-27,75.0,2880.0
Uttar Pradesh,Muradabad APMC,Rice,2024-03-28,80.0,2870.0
Uttar Pradesh,Muradabad APMC,Rice,2024-03-29,90.0,2865.0
Uttar Pradesh,Muradabad APMC,Rice,2024-03-30,75.0,2870.0
Uttar Pradesh,Muradabad APMC,Wheat,2024-01-01,16.0,2540.0
Uttar Pradesh,Muradabad APMC,Wheat,2024-01-03,14.0,2550.0
Uttar Pradesh,Muradabad APMC,Wheat,2024-01-04,18.0,2560.0
Uttar Pradesh,Muradabad APMC,Wheat,2024-01-05,15.0,2560.0
Uttar Pradesh,Muradabad APMC,Wheat,2024-01-06,20.0,2550.0
Uttar Pradesh,Muradabad APMC,Wheat,2024-01-07,25.0,2540.0
Uttar Pradesh,Muradabad APMC,Wheat,2024-01-08,15.0,2550.0
Uttar Pradesh,Muradabad APMC,Wheat,2024-01-10,20.0,2540.0
Uttar Pradesh,Muradabad APMC,Wheat,2024-01-11,25.0,2550.0
Uttar Pradesh,Muradabad APMC,Wheat,2024-01-12,40.0,2565.0
Uttar Pradesh,Muradabad APMC,Wheat,2024-01-13,35.0,2560.0
Uttar Pradesh,Muradabad APMC,Wheat,2024-01-14,50.0,2550.0
Uttar Pradesh,Muradabad APMC,Wheat,2024-01-15,45.0,2560.0
Uttar Pradesh,Muradabad APMC,Wheat,2024-01-17,35.0,2540.0
Uttar Pradesh,Muradabad APMC,Wheat,2024-01-18,40.0,2550.0
Uttar Pradesh,Muradabad APMC,Wheat,2024-01-19,45.0,2550.0
Uttar Pradesh,Muradabad APMC,Wheat,2024-01-20,40.0,2540.0
Uttar Pradesh,Muradabad APMC,Wheat,2024-01-24,30.0,2560.0
Uttar Pradesh,Muradabad APMC,Wheat,2024-01-26,15.0,2540.0
Uttar Pradesh,Muradabad APMC,Wheat,2024-01-27,34.0,2550.0
Uttar Pradesh,Muradabad APMC,Wheat,2024-01-28,27.0,2555.0
Uttar Pradesh,Muradabad APMC,Wheat,2024-01-29,30.0,2560.0
Uttar Pradesh,Muradabad APMC,Wheat,2024-01-31,34.0,2550.0
Uttar Pradesh,Muradabad APMC,Wheat,2024-02-01,38.0,2560.0
Uttar Pradesh,Muradabad APMC,Wheat,2024-02-02,60.0,2565.0
Uttar Pradesh,Muradabad APMC,Wheat,2024-02-03,70.0,2560.0
Uttar Pradesh,Muradabad APMC,Wheat,2024-02-04,70.0,2540.0
Uttar Pradesh,Muradabad APMC,Wheat,2024-02-05,75.0,2550.0
Uttar Pradesh,Muradabad APMC,Wheat,2024-02-07,70.0,2570.0
Uttar Pradesh,Muradabad APMC,Wheat,2024-02-08,60.0,2560.0
Uttar Pradesh,Muradabad APMC,Wheat,2024-02-09,55.0,2570.0
Uttar Pradesh,Muradabad APMC,Wheat,2024-02-10,57.0,2560.0
Uttar Pradesh,Muradabad APMC,Wheat,2024-02-11,50.0,2560.0
Uttar Pradesh,Muradabad APMC,Wheat,2024-02-12,60.0,2770.0
Uttar Pradesh,Muradabad APMC,Wheat,2024-02-14,64.0,2560.0
Uttar Pradesh,Muradabad APMC,Wheat,2024-02-15,55.0,2570.0
Uttar Pradesh,Muradabad APMC,Wheat,2024-02-16,60.0,2560.0
Uttar Pradesh,Muradabad APMC,Wheat,2024-02-17,55.0,2570.0
Uttar Pradesh,Muradabad APMC,Wheat,2024-02-18,60.0,2560.0
Uttar Pradesh,Muradabad APMC,Wheat,2024-02-19,70.0,2580.0
Uttar Pradesh,Muradabad APMC,Wheat,2024-02-21,75.0,2570.0
Uttar Pradesh,Muradabad APMC,Wheat,2024-02-22,70.0,2560.0
Uttar Pradesh,Muradabad APMC,Wheat,2024-02-24,70.0,2575.0
Uttar Pradesh,Muradabad APMC,Wheat,2024-02-25,85.0,2580.0
Uttar Pradesh,Muradabad APMC,Wheat,2024-02-26,100.0,2570.0
Uttar Pradesh,Muradabad APMC,Wheat,2024-02-28,90.0,2580.0
Uttar Pradesh,Muradabad APMC,Wheat,2024-03-01,90.0,2560.0
Uttar Pradesh,Muradabad APMC,Wheat,2024-03-02,100.0,2550.0
Uttar Pradesh,Muradabad APMC,Wheat,2024-03-03,95.0,2570.0
Uttar Pradesh,Muradabad APMC,Wheat,2024-03-04,98.0,2560.0
Uttar Pradesh,Muradabad APMC,Wheat,2024-03-06,90.0,2510.0
Uttar Pradesh,Muradabad APMC,Wheat,2024-03-07,95.0,2500.0
Uttar Pradesh,Muradabad APMC,Wheat,2024-03-08,90.0,2510.0
Uttar Pradesh,Muradabad APMC,Wheat,2024-03-09,100.0,2500.0
Uttar Pradesh,Muradabad APMC,Wheat,2024-03-10,90.0,2490.0
Uttar Pradesh,Muradabad APMC,Wheat,2024-03-11,100.0,2500.0
Uttar Pradesh,Muradabad APMC,Wheat,2024-03-14,100.0,2470.0
Uttar Pradesh,Muradabad APMC,Wheat,2024-03-15,90.0,2480.0
Uttar Pradesh,Muradabad APMC,Wheat,2024-03-16,105.0,2460.0
Uttar Pradesh,Muradabad APMC,Wheat,2024-03-17,100.0,2480.0
Uttar Pradesh,Muradabad APMC,Wheat,2024-03-18,110.0,2470.0
Uttar Pradesh,Muradabad APMC,Wheat,2024-03-20,105.0,2460.0
Uttar Pradesh,Muradabad APMC,Wheat,2024-03-21,120.0,2450.0
Uttar Pradesh,Muradabad APMC,Wheat,2024-03-22,115.0,2460.0
Uttar Pradesh,Muradabad APMC,Wheat,2024-03-23,100.0,2470.0
Uttar Pradesh,Muradabad APMC,Wheat,2024-03-27,85.0,2490.0
Uttar Pradesh,Muradabad APMC,Wheat,2024-03-28,90.0,2480.0
Uttar Pradesh,Muradabad APMC,Wheat,2024-03-29,80.0,2470.0
Uttar Pradesh,Muradabad APMC,Wheat,2024-03-30,80.0,2480.0
Uttar Pradesh,Muzzafarnagar APMC,Onion,2024-01-01,30.0,1700.0
Uttar Pradesh,Muzzafarnagar APMC,Onion,2024-01-02,20.0,1700.0
Uttar Pradesh,Muzzafarnagar APMC,Onion,2024-01-03,15.0,2350.0
Uttar Pradesh,Muzzafarnagar APMC,Onion,2024-01-04,50.0,2250.0
Uttar Pradesh,Muzzafarnagar APMC,Onion,2024-01-05,40.0,2200.0
Uttar Pradesh,Muzzafarnagar APMC,Onion,2024-01-06,20.0,2200.0
Uttar Pradesh,Muzzafarnagar APMC,Onion,2024-01-07,25.0,2100.0
Uttar Pradesh,Muzzafarnagar APMC,Onion,2024-01-08,30.0,2100.0
Uttar Pradesh,Muzzafarnagar APMC,Onion,2024-01-09,20.0,2150.0
Uttar Pradesh,Muzzafarnagar APMC,Onion,2024-01-10,20.0,2100.0
Uttar Pradesh,Muzzafarnagar APMC,Onion,2024-01-11,20.0,2100.0
Uttar Pradesh,Muzzafarnagar APMC,Onion,2024-01-12,27.0,2100.0
Uttar Pradesh,Muzzafarnagar APMC,Onion,2024-01-13,10.0,2100.0
Uttar Pradesh,Muzzafarnagar APMC,Onion,2024-01-14,20.0,2000.0
Uttar Pradesh,Muzzafarnagar APMC,Onion,2024-01-15,15.0,2150.0
Uttar Pradesh,Muzzafarnagar APMC,Onion,2024-01-16,30.0,2100.0
Uttar Pradesh,Muzzafarnagar APMC,Onion,2024-01-17,25.0,2080.0
Uttar Pradesh,Muzzafarnagar APMC,Onion,2024-01-18,30.0,2000.0
Uttar Pradesh,Muzzafarnagar APMC,Onion,2024-01-19,30.0,2075.0
Uttar Pradesh,Muzzafarnagar APMC,Onion,2024-01-20,20.0,2075.0
Uttar Pradesh,Muzzafarnagar APMC,Onion,2024-01-21,10.0,2080.0
Uttar Pradesh,Muzzafarnagar APMC,Onion,2024-01-22,10.0,1980.0
Uttar Pradesh,Muzzafarnagar APMC,Onion,2024-01-23,15.0,1980.0
Uttar Pradesh,Muzzafarnagar APMC,Onion,2024-01-24,30.0,1975.0
Uttar Pradesh,Muzzafarnagar APMC,Onion,2024-01-25,15.0,1975.0
Uttar Pradesh,Muzzafarnagar APMC,Onion,2024-01-26,30.0,1900.0
Uttar Pradesh,Muzzafarnagar APMC,Onion,2024-01-27,20.0,1800.0
Uttar Pradesh,Muzzafarnagar APMC,Onion,2024-01-28,250.0,1800.0
Uttar Pradesh,Muzzafarnagar APMC,Onion,2024-01-29,35.0,1750.0
Uttar Pradesh,Muzzafarnagar APMC,Onion,2024-01-30,30.0,1730.0
Uttar Pradesh,Muzzafarnagar APMC,Onion,2024-02-01,30.0,1700.0
Uttar Pradesh,Muzzafarnagar APMC,Onion,2024-02-02,30.0,1700.0
Uttar Pradesh,Muzzafarnagar APMC,Onion,2024-02-03,25.0,1700.0
Uttar Pradesh,Muzzafarnagar APMC,Onion,2024-02-04,30.0,1700.0
Uttar Pradesh,Muzzafarnagar APMC,Onion,2024-02-05,30.0,1660.0
Uttar Pradesh,Muzzafarnagar APMC,Onion,2024-02-06,35.0,1650.0
Uttar Pradesh,Muzzafarnagar APMC,Onion,2024-02-07,35.0,1550.0
Uttar Pradesh,Muzzafarnagar APMC,Onion,2024-02-08,35.0,1550.0
Uttar Pradesh,Muzzafarnagar APMC,Onion,2024-02-09,36.0,1520.0
Uttar Pradesh,Muzzafarnagar APMC,Onion,2024-02-10,35.0,1500.0
Uttar Pradesh,Muzzafarnagar APMC,Onion,2024-02-11,35.0,1500.0
Uttar Pradesh,Muzzafarnagar APMC,Onion,2024-02-12,30.0,1500.0
Uttar Pradesh,Muzzafarnagar APMC,Onion,2024-02-13,30.0,1540.0
Uttar Pradesh,Muzzafarnagar APMC,Onion,2024-02-14,30.0,1530.0
Uttar Pradesh,Muzzafarnagar APMC,Onion,2024-02-15,35.0,1520.0
Uttar Pradesh,Muzzafarnagar APMC,Onion,2024-02-16,30.0,1580.0
Uttar Pradesh,Muzzafarnagar APMC,Onion,2024-02-17,30.0,1580.0
Uttar Pradesh,Muzzafarnagar APMC,Onion,2024-02-18,30.0,1585.0
Uttar Pradesh,Muzzafarnagar APMC,Onion,2024-02-19,25.0,1680.0
Uttar Pradesh,Muzzafarnagar APMC,Onion,2024-02-20,25.0,1750.0
Uttar Pradesh,Muzzafarnagar APMC,Onion,2024-02-21,30.0,1740.0
Uttar Pradesh,Muzzafarnagar APMC,Onion,2024-02-22,140.0,1770.0
Uttar Pradesh,Muzzafarnagar APMC,Onion,2024-02-23,120.0,1800.0
Uttar Pradesh,Muzzafarnagar APMC,Onion,2024-02-24,80.0,1800.0
Uttar Pradesh,Muzzafarnagar APMC,Onion,2024-02-25,80.0,1800.0
Uttar Pradesh,Muzzafarnagar APMC,Onion,2024-02-26,20.0,1800.0
Uttar Pradesh,Muzzafarnagar APMC,Onion,2024-02-27,80.0,1850.0
Uttar Pradesh,Muzzafarnagar APMC,Onion,2024-02-28,25.0,1800.0
Uttar Pradesh,Muzzafarnagar APMC,Onion,2024-03-01,100.0,1800.0
Uttar Pradesh,Muzzafarnagar APMC,Onion,2024-03-02,40.0,1870.0
Uttar Pradesh,Muzzafarnagar APMC,Onion,2024-03-03,30.0,1875.0
Uttar Pradesh,Muzzafarnagar APMC,Onion,2024-03-04,30.0,1875.0
Uttar Pradesh,Muzzafarnagar APMC,Onion,2024-03-05,25.0,1900.0
Uttar Pradesh,Muzzafarnagar APMC,Onion,2024-03-06,20.0,1900.0
Uttar Pradesh,Muzzafarnagar APMC,Onion,2024-03-07,20.0,1900.0
Uttar Pradesh,Muzzafarnagar APMC,Onion,2024-03-08,20.0,1900.0
Uttar Pradesh,Muzzafarnagar APMC,Onion,2024-03-09,20.0,1900.0
Uttar Pradesh,Muzzafarnagar APMC,Onion,2024-03-10,20.0,1920.0
Uttar Pradesh,Muzzafarnagar APMC,Onion,2024-03-11,20.0,2000.0
Uttar Pradesh,Muzzafarnagar APMC,Onion,2024-03-12,25.0,2000.0
Uttar Pradesh,Muzzafarnagar APMC,Onion,2024-03-13,25.0,2000.0
Uttar Pradesh,Muzzafarnagar APMC,Onion,2024-03-14,23.0,2030.0
Uttar Pradesh,Muzzafarnagar APMC,Onion,2024-03-15,20.0,2030.0
Uttar Pradesh,Muzzafarnagar APMC,Onion,2024-03-16,30.0,2040.0
Uttar Pradesh,Muzzafarnagar APMC,Onion,2024-03-17,15.0,2025.0
Uttar Pradesh,Muzzafarnagar APMC,Onion,2024-03-18,20.0,2020.0
Uttar Pradesh,Muzzafarnagar APMC,Onion,2024-03-19,20.0,2000.0
Uttar Pradesh,Muzzafarnagar APMC,Onion,2024-03-20,80.0,2000.0
Uttar Pradesh,Muzzafarnagar APMC,Onion,2024-03-21,80.0,1980.0
Uttar Pradesh,Muzzafarnagar APMC,Onion,2024-03-22,20.0,1960.0
Uttar Pradesh,Muzzafarnagar APMC,Onion,2024-03-23,20.0,1900.0
Uttar Pradesh,Muzzafarnagar APMC,Onion,2024-03-24,20.0,1875.0
Uttar Pradesh,Muzzafarnagar APMC,Onion,2024-03-26,20.0,1900.0
Uttar Pradesh,Muzzafarnagar APMC,Onion,2024-03-27,20.0,1850.0
Uttar Pradesh,Muzzafarnagar APMC,Onion,2024-03-28,22.0,1850.0
Uttar Pradesh,Muzzafarnagar APMC,Onion,2024-03-29,20.0,1800.0
Uttar Pradesh,Muzzafarnagar APMC,Onion,2024-03-30,20.0,1840.0
Uttar Pradesh,Muzzafarnagar APMC,Potato,2024-01-01,100.0,700.0
Uttar Pradesh,Muzzafarnagar APMC,Potato,2024-01-02,70.0,700.0
Uttar Pradesh,Muzzafarnagar APMC,Potato,2024-01-03,70.0,750.0
Uttar Pradesh,Muzzafarnagar APMC,Potato,2024-01-04,90.0,700.0
Uttar Pradesh,Muzzafarnagar APMC,Potato,2024-01-05,100.0,700.0
Uttar Pradesh,Muzzafarnagar APMC,Potato,2024-01-06,100.0,700.0
Uttar Pradesh,Muzzafarnagar APMC,Potato,2024-01-07,80.0,740.0
Uttar Pradesh,Muzzafarnagar APMC,Potato,2024-01-08,80.0,700.0
Uttar Pradesh,Muzzafarnagar APMC,Potato,2024-01-09,80.0,700.0
Uttar Pradesh,Muzzafarnagar APMC,Potato,2024-01-10,80.0,700.0
Uttar Pradesh,Muzzafarnagar APMC,Potato,2024-01-11,90.0,700.0
Uttar Pradesh,Muzzafarnagar APMC,Potato,2024-01-12,90.0,700.0
Uttar Pradesh,Muzzafarnagar APMC,Potato,2024-01-13,70.0,700.0
Uttar Pradesh,Muzzafarnagar APMC,Potato,2024-01-14,60.0,760.0
Uttar Pradesh,Muzzafarnagar APMC,Potato,2024-01-15,70.0,730.0
Uttar Pradesh,Muzzafarnagar APMC,Potato,2024-01-16,80.0,700.0
Uttar Pradesh,Muzzafarnagar APMC,Potato,2024-01-17,60.0,700.0
Uttar Pradesh,Muzzafarnagar APMC,Potato,2024-01-18,70.0,750.0
Uttar Pradesh,Muzzafarnagar APMC,Potato,2024-01-19,80.0,750.0
Uttar Pradesh,Muzzafarnagar APMC,Potato,2024-01-20,80.0,760.0
Uttar Pradesh,Muzzafarnagar APMC,Potato,2024-01-21,60.0,750.0
Uttar Pradesh,Muzzafarnagar APMC,Potato,2024-01-22,50.0,760.0
Uttar Pradesh,Muzzafarnagar APMC,Potato,2024-01-23,80.0,750.0
Uttar Pradesh,Muzzafarnagar APMC,Potato,2024-01-24,60.0,700.0
Uttar Pradesh,Muzzafarnagar APMC,Potato,2024-01-25,50.0,750.0
Uttar Pradesh,Muzzafarnagar APMC,Potato,2024-01-26,70.0,700.0
Uttar Pradesh,Muzzafarnagar APMC,Potato,2024-01-27,70.0,720.0
Uttar Pradesh,Muzzafarnagar APMC,Potato,2024-01-28,60.0,760.0
Uttar Pradesh,Muzzafarnagar APMC,Potato,2024-01-29,110.0,750.0
Uttar Pradesh,Muzzafarnagar APMC,Potato,2024-01-30,90.0,750.0
Uttar Pradesh,Muzzafarnagar APMC,Potato,2024-02-01,80.0,750.0
Uttar Pradesh,Muzzafarnagar APMC,Potato,2024-02-02,90.0,750.0
Uttar Pradesh,Muzzafarnagar APMC,Potato,2024-02-03,80.0,750.0
Uttar Pradesh,Muzzafarnagar APMC,Potato,2024-02-04,110.0,750.0
Uttar Pradesh,Muzzafarnagar APMC,Potato,2024-02-05,90.0,750.0
Uttar Pradesh,Muzzafarnagar APMC,Potato,2024-02-06,100.0,750.0
Uttar Pradesh,Muzzafarnagar APMC,Potato,2024-02-07,80.0,800.0
Uttar Pradesh,Muzzafarnagar APMC,Potato,2024-02-08,110.0,800.0
Uttar Pradesh,Muzzafarnagar APMC,Potato,2024-02-09,90.0,800.0
Uttar Pradesh,Muzzafarnagar APMC,Potato,2024-02-10,90.0,815.0
Uttar Pradesh,Muzzafarnagar APMC,Potato,2024-02-11,90.0,780.0
Uttar Pradesh,Muzzafarnagar APMC,Potato,2024-02-12,80.0,790.0
Uttar Pradesh,Muzzafarnagar APMC,Potato,2024-02-13,90.0,800.0
Uttar Pradesh,Muzzafarnagar APMC,Potato,2024-02-14,80.0,790.0
Uttar Pradesh,Muzzafarnagar APMC,Potato,2024-02-15,100.0,800.0
Uttar Pradesh,Muzzafarnagar APMC,Potato,2024-02-16,80.0,800.0
Uttar Pradesh,Muzzafarnagar APMC,Potato,2024-02-17,60.0,800.0
Uttar Pradesh,Muzzafarnagar APMC,Potato,2024-02-18,70.0,840.0
Uttar Pradesh,Muzzafarnagar APMC,Potato,2024-02-19,70.0,900.0
Uttar Pradesh,Muzzafarnagar APMC,Potato,2024-02-20,80.0,900.0
Uttar Pradesh,Muzzafarnagar APMC,Potato,2024-02-21,100.0,900.0
Uttar Pradesh,Muzzafarnagar APMC,Potato,2024-02-22,80.0,950.0
Uttar Pradesh,Muzzafarnagar APMC,Potato,2024-02-23,80.0,950.0
Uttar Pradesh,Muzzafarnagar APMC,Potato,2024-02-24,90.0,970.0
Uttar Pradesh,Muzzafarnagar APMC,Potato,2024-02-25,60.0,1000.0
Uttar Pradesh,Muzzafarnagar APMC,Potato,2024-02-26,80.0,980.0
Uttar Pradesh,Muzzafarnagar APMC,Potato,2024-02-27,80.0,1000.0
Uttar Pradesh,Muzzafarnagar APMC,Potato,2024-02-28,80.0,1000.0
Uttar Pradesh,Muzzafarnagar APMC,Potato,2024-03-01,90.0,1000.0
Uttar Pradesh,Muzzafarnagar APMC,Potato,2024-03-02,90.0,1000.0
Uttar Pradesh,Muzzafarnagar APMC,Potato,2024-03-03,70.0,1030.0
Uttar Pradesh,Muzzafarnagar APMC,Potato,2024-03-04,60.0,1100.0
Uttar Pradesh,Muzzafarnagar APMC,Potato,2024-03-05,55.0,1100.0
Uttar Pradesh,Muzzafarnagar APMC,Potato,2024-03-06,60.0,1100.0
Uttar Pradesh,Muzzafarnagar APMC,Potato,2024-03-07,60.0,1150.0
Uttar Pradesh,Muzzafarnagar APMC,Potato,2024-03-08,60.0,1150.0
Uttar Pradesh,Muzzafarnagar APMC,Potato,2024-03-09,50.0,1180.0
Uttar Pradesh,Muzzafarnagar APMC,Potato,2024-03-10,50.0,1180.0
Uttar Pradesh,Muzzafarnagar APMC,Potato,2024-03-11,70.0,1200.0
Uttar Pradesh,Muzzafarnagar APMC,Potato,2024-03-12,100.0,1200.0
Uttar Pradesh,Muzzafarnagar APMC,Potato,2024-03-13,80.0,1250.0
Uttar Pradesh,Muzzafarnagar APMC,Potato,2024-03-14,80.0,1300.0
Uttar Pradesh,Muzzafarnagar APMC,Potato,2024-03-15,120.0,1300.0
Uttar Pradesh,Muzzafarnagar APMC,Potato,2024-03-16,140.0,1320.0
Uttar Pradesh,Muzzafarnagar APMC,Potato,2024-03-17,14.0,1320.0
Uttar Pradesh,Muzzafarnagar APMC,Potato,2024-03-18,100.0,1330.0
Uttar Pradesh,Muzzafarnagar APMC,Potato,2024-03-19,140.0,1300.0
Uttar Pradesh,Muzzafarnagar APMC,Potato,2024-03-20,140.0,1300.0
Uttar Pradesh,Muzzafarnagar APMC,Potato,2024-03-21,140.0,1300.0
Uttar Pradesh,Muzzafarnagar APMC,Potato,2024-03-22,60.0,1300.0
Uttar Pradesh,Muzzafarnagar APMC,Potato,2024-03-23,60.0,1300.0
Uttar Pradesh,Muzzafarnagar APMC,Potato,2024-03-24,70.0,1300.0
Uttar Pradesh,Muzzafarnagar APMC,Potato,2024-03-26,50.0,1300.0
Uttar Pradesh,Muzzafarnagar APMC,Potato,2024-03-27,90.0,1300.0
Uttar Pradesh,Muzzafarnagar APMC,Potato,2024-03-28,75.0,1300.0
Uttar Pradesh,Muzzafarnagar APMC,Potato,2024-03-29,70.0,1300.0
Uttar Pradesh,Muzzafarnagar APMC,Potato,2024-03-30,70.0,1400.0
Uttar Pradesh,Muzzafarnagar APMC,Rice,2024-01-01,120.0,2975.0
Uttar Pradesh,Muzzafarnagar APMC,Rice,2024-01-02,200.0,2990.0
Uttar Pradesh,Muzzafarnagar APMC,Rice,2024-01-03,100.0,3000.0
Uttar Pradesh,Muzzafarnagar APMC,Rice,2024-01-04,160.0,3000.0
Uttar Pradesh,Muzzafarnagar APMC,Rice,2024-01-05,220.0,3000.0
Uttar Pradesh,Muzzafarnagar APMC,Rice,2024-01-06,450.0,3000.0
Uttar Pradesh,Muzzafarnagar APMC,Rice,2024-01-08,480.0,2990.0
Uttar Pradesh,Muzzafarnagar APMC,Rice,2024-01-09,350.0,2990.0
Uttar Pradesh,Muzzafarnagar APMC,Rice,2024-01-10,400.0,3000.0
Uttar Pradesh,Muzzafarnagar APMC,Rice,2024-01-11,350.0,3000.0
Uttar Pradesh,Muzzafarnagar APMC,Rice,2024-01-12,220.0,2980.0
Uttar Pradesh,Muzzafarnagar APMC,Rice,2024-01-13,350.0,2980.0
Uttar Pradesh,Muzzafarnagar APMC,Rice,2024-01-15,320.0,2980.0
Uttar Pradesh,Muzzafarnagar APMC,Rice,2024-01-16,350.0,2975.0
Uttar Pradesh,Muzzafarnagar APMC,Rice,2024-01-17,360.0,2980.0
Uttar Pradesh,Muzzafarnagar APMC,Rice,2024-01-18,370.0,2980.0
Uttar Pradesh,Muzzafarnagar APMC,Rice,2024-01-19,350.0,3000.0
Uttar Pradesh,Muzzafarnagar APMC,Rice,2024-01-20,320.0,3000.0
Uttar Pradesh,Muzzafarnagar APMC,Rice,2024-01-22,450.0,2985.0
Uttar Pradesh,Muzzafarnagar APMC,Rice,2024-01-23,350.0,2980.0
Uttar Pradesh,Muzzafarnagar APMC,Rice,2024-01-24,230.0,2980.0
Uttar Pradesh,Muzzafarnagar APMC,Rice,2024-01-25,320.0,2980.0
Uttar Pradesh,Muzzafarnagar APMC,Rice,2024-01-26,250.0,2980.0
Uttar Pradesh,Muzzafarnagar APMC,Rice,2024-01-27,170.0,2985.0
Uttar Pradesh,Muzzafarnagar APMC,Rice,2024-01-29,250.0,3000.0
Uttar Pradesh,Muzzafarnagar APMC,Rice,2024-01-30,210.0,2980.0
Uttar Pradesh,Muzzafarnagar APMC,Rice,2024-01-31,210.0,3000.0
Uttar Pradesh,Muzzafarnagar APMC,Rice,2024-02-01,150.0,3000.0
Uttar Pradesh,Muzzafarnagar APMC,Rice,2024-02-02,210.0,3000.0
Uttar Pradesh,Muzzafarnagar APMC,Rice,2024-02-03,250.0,2980.0
Uttar Pradesh,Muzzafarnagar APMC,Rice,2024-02-05,360.0,3000.0
Uttar Pradesh,Muzzafarnagar APMC,Rice,2024-02-06,200.0,2980.0
Uttar Pradesh,Muzzafarnagar APMC,Rice,2024-02-07,200.0,3000.0
Uttar Pradesh,Muzzafarnagar APMC,Rice,2024-02-08,320.0,3000.0
Uttar Pradesh,Muzzafarnagar APMC,Rice,2024-02-09,250.0,2990.0
Uttar Pradesh,Muzzafarnagar APMC,Rice,2024-02-10,250.0,2990.0
Uttar Pradesh,Muzzafarnagar APMC,Rice,2024-02-12,200.0,3000.0
Uttar Pradesh,Muzzafarnagar APMC,Rice,2024-02-13,250.0,3000.0
Uttar Pradesh,Muzzafarnagar APMC,Rice,2024-02-14,320.0,3000.0
Uttar Pradesh,Muzzafarnagar APMC,Rice,2024-02-15,150.0,3000.0
Uttar Pradesh,Muzzafarnagar APMC,Rice,2024-02-16,160.0,3000.0
Uttar Pradesh,Muzzafarnagar APMC,Rice,2024-02-17,150.0,3050.0
Uttar Pradesh,Muzzafarnagar APMC,Rice,2024-02-19,280.0,3050.0
Uttar Pradesh,Muzzafarnagar APMC,Rice,2024-02-20,270.0,3050.0
Uttar Pradesh,Muzzafarnagar APMC,Rice,2024-02-21,150.0,3060.0
Uttar Pradesh,Muzzafarnagar APMC,Rice,2024-02-22,100.0,3050.0
Uttar Pradesh,Muzzafarnagar APMC,Rice,2024-02-23,70.0,3050.0
Uttar Pradesh,Muzzafarnagar APMC,Rice,2024-02-24,130.0,3100.0
Uttar Pradesh,Muzzafarnagar APMC,Rice,2024-02-26,60.0,3100.0
Uttar Pradesh,Muzzafarnagar APMC,Rice,2024-02-27,160.0,3100.0
Uttar Pradesh,Muzzafarnagar APMC,Rice,2024-02-28,50.0,3100.0
Uttar Pradesh,Muzzafarnagar APMC,Rice,2024-02-29,150.0,3090.0
Uttar Pradesh,Muzzafarnagar APMC,Rice,2024-03-01,120.0,3100.0
Uttar Pradesh,Muzzafarnagar APMC,Rice,2024-03-02,90.0,3100.0
Uttar Pradesh,Muzzafarnagar APMC,Rice,2024-03-04,100.0,3100.0
Uttar Pradesh,Muzzafarnagar APMC,Rice,2024-03-05,120.0,3100.0
Uttar Pradesh,Muzzafarnagar APMC,Rice,2024-03-06,500.0,3100.0
Uttar Pradesh,Muzzafarnagar APMC,Rice,2024-03-07,120.0,3100.0
Uttar Pradesh,Muzzafarnagar APMC,Rice,2024-03-08,450.0,3100.0
Uttar Pradesh,Muzzafarnagar APMC,Rice,2024-03-09,150.0,3100.0
Uttar Pradesh,Muzzafarnagar APMC,Rice,2024-03-12,400.0,3150.0
Uttar Pradesh,Muzzafarnagar APMC,Rice,2024-03-13,450.0,3150.0
Uttar Pradesh,Muzzafarnagar APMC,Rice,2024-03-14,500.0,3140.0
Uttar Pradesh,Muzzafarnagar APMC,Rice,2024-03-15,120.0,3150.0
Uttar Pradesh,Muzzafarnagar APMC,Rice,2024-03-16,540.0,3150.0
Uttar Pradesh,Muzzafarnagar APMC,Rice,2024-03-18,150.0,3160.0
Uttar Pradesh,Muzzafarnagar APMC,Rice,2024-03-19,550.0,3150.0
Uttar Pradesh,Muzzafarnagar APMC,Rice,2024-03-20,300.0,3175.0
Uttar Pradesh,Muzzafarnagar APMC,Rice,2024-03-21,220.0,3175.0
Uttar Pradesh,Muzzafarnagar APMC,Rice,2024-03-22,200.0,3150.0
Uttar Pradesh,Muzzafarnagar APMC,Rice,2024-03-23,150.0,3170.0
Uttar Pradesh,Muzzafarnagar APMC,Rice,2024-03-26,520.0,3170.0
Uttar Pradesh,Muzzafarnagar APMC,Rice,2024-03-27,220.0,3170.0
Uttar Pradesh,Muzzafarnagar APMC,Rice,2024-03-28,60.0,3175.0
Uttar Pradesh,Muzzafarnagar APMC,Rice,2024-03-29,100.0,3175.0
Uttar Pradesh,Muzzafarnagar APMC,Rice,2024-03-30,100.0,3175.0
Uttar Pradesh,Muzzafarnagar APMC,Wheat,2024-01-01,50.0,2480.0
Uttar Pradesh,Muzzafarnagar APMC,Wheat,2024-01-02,80.0,2480.0
Uttar Pradesh,Muzzafarnagar APMC,Wheat,2024-01-03,50.0,2500.0
Uttar Pradesh,Muzzafarnagar APMC,Wheat,2024-01-04,80.0,2490.0
Uttar Pradesh,Muzzafarnagar APMC,Wheat,2024-01-05,120.0,2480.0
Uttar Pradesh,Muzzafarnagar APMC,Wheat,2024-01-06,250.0,2500.0
Uttar Pradesh,Muzzafarnagar APMC,Wheat,2024-01-08,220.0,2490.0
Uttar Pradesh,Muzzafarnagar APMC,Wheat,2024-01-09,210.0,2500.0
Uttar Pradesh,Muzzafarnagar APMC,Wheat,2024-01-10,250.0,2500.0
Uttar Pradesh,Muzzafarnagar APMC,Wheat,2024-01-11,230.0,2500.0
Uttar Pradesh,Muzzafarnagar APMC,Wheat,2024-01-12,150.0,2500.0
Uttar Pradesh,Muzzafarnagar APMC,Wheat,2024-01-13,150.0,2500.0
Uttar Pradesh,Muzzafarnagar APMC,Wheat,2024-01-15,120.0,2510.0
Uttar Pradesh,Muzzafarnagar APMC,Wheat,2024-01-16,150.0,2535.0
Uttar Pradesh,Muzzafarnagar APMC,Wheat,2024-01-17,120.0,2540.0
Uttar Pradesh,Muzzafarnagar APMC,Wheat,2024-01-18,160.0,2510.0
Uttar Pradesh,Muzzafarnagar APMC,Wheat,2024-01-19,150.0,2500.0
Uttar Pradesh,Muzzafarnagar APMC,Wheat,2024-01-20,180.0,2500.0
Uttar Pradesh,Muzzafarnagar APMC,Wheat,2024-01-22,190.0,2510.0
Uttar Pradesh,Muzzafarnagar APMC,Wheat,2024-01-23,120.0,2500.0
Uttar Pradesh,Muzzafarnagar APMC,Wheat,2024-01-24,400.0,2500.0
Uttar Pradesh,Muzzafarnagar APMC,Wheat,2024-01-25,480.0,2500.0
Uttar Pradesh,Muzzafarnagar APMC,Wheat,2024-01-26,450.0,2540.0
Uttar Pradesh,Muzzafarnagar APMC,Wheat,2024-01-27,450.0,2530.0
Uttar Pradesh,Muzzafarnagar APMC,Wheat,2024-01-29,450.0,2545.0
Uttar Pradesh,Muzzafarnagar APMC,Wheat,2024-01-30,480.0,2550.0
Uttar Pradesh,Muzzafarnagar APMC,Wheat,2024-01-31,480.0,2550.0
Uttar Pradesh,Muzzafarnagar APMC,Wheat,2024-02-01,200.0,2550.0
Uttar Pradesh,Muzzafarnagar APMC,Wheat,2024-02-02,150.0,2550.0
Uttar Pradesh,Muzzafarnagar APMC,Wheat,2024-02-03,180.0,2550.0
Uttar Pradesh,Muzzafarnagar APMC,Wheat,2024-02-05,250.0,2550.0
Uttar Pradesh,Muzzafarnagar APMC,Wheat,2024-02-06,300.0,2575.0
Uttar Pradesh,Muzzafarnagar APMC,Wheat,2024-02-07,350.0,2575.0
Uttar Pradesh,Muzzafarnagar APMC,Wheat,2024-02-08,300.0,2565.0
Uttar Pradesh,Muzzafarnagar APMC,Wheat,2024-02-09,260.0,2575.0
Uttar Pradesh,Muzzafarnagar APMC,Wheat,2024-02-10,280.0,2570.0
Uttar Pradesh,Muzzafarnagar APMC,Wheat,2024-02-12,220.0,2570.0
Uttar Pradesh,Muzzafarnagar APMC,Wheat,2024-02-13,215.0,2575.0
Uttar Pradesh,Muzzafarnagar APMC,Wheat,2024-02-14,250.0,2575.0
Uttar Pradesh,Muzzafarnagar APMC,Wheat,2024-02-15,260.0,2560.0
Uttar Pradesh,Muzzafarnagar APMC,Wheat,2024-02-16,250.0,2570.0
Uttar Pradesh,Muzzafarnagar APMC,Wheat,2024-02-17,200.0,2580.0
Uttar Pradesh,Muzzafarnagar APMC,Wheat,2024-02-19,180.0,2550.0
Uttar Pradesh,Muzzafarnagar APMC,Wheat,2024-02-20,150.0,2550.0
Uttar Pradesh,Muzzafarnagar APMC,Wheat,2024-02-21,20.0,2560.0
Uttar Pradesh,Muzzafarnagar APMC,Wheat,2024-02-22,30.0,2570.0
Uttar Pradesh,Muzzafarnagar APMC,Wheat,2024-02-23,360.0,2570.0
Uttar Pradesh,Muzzafarnagar APMC,Wheat,2024-02-24,40.0,2560.0
Uttar Pradesh,Muzzafarnagar APMC,Wheat,2024-02-26,320.0,2540.0
Uttar Pradesh,Muzzafarnagar APMC,Wheat,2024-02-27,330.0,2540.0
Uttar Pradesh,Muzzafarnagar APMC,Wheat,2024-02-28,350.0,2530.0
Uttar Pradesh,Muzzafarnagar APMC,Wheat,2024-02-29,140.0,2500.0
Uttar Pradesh,Muzzafarnagar APMC,Wheat,2024-03-01,120.0,2500.0
Uttar Pradesh,Muzzafarnagar APMC,Wheat,2024-03-02,50.0,2500.0
Uttar Pradesh,Muzzafarnagar APMC,Wheat,2024-03-04,20.0,2500.0
Uttar Pradesh,Muzzafarnagar APMC,Wheat,2024-03-05,30.0,2500.0
Uttar Pradesh,Muzzafarnagar APMC,Wheat,2024-03-06,40.0,2500.0
Uttar Pradesh,Muzzafarnagar APMC,Wheat,2024-03-07,80.0,2500.0
Uttar Pradesh,Muzzafarnagar APMC,Wheat,2024-03-08,220.0,2500.0
Uttar Pradesh,Muzzafarnagar APMC,Wheat,2024-03-09,150.0,2500.0
Uttar Pradesh,Muzzafarnagar APMC,Wheat,2024-03-11,90.0,2500.0
Uttar Pradesh,Muzzafarnagar APMC,Wheat,2024-03-12,100.0,2500.0
Uttar Pradesh,Muzzafarnagar APMC,Wheat,2024-03-13,80.0,2520.0
Uttar Pradesh,Muzzafarnagar APMC,Wheat,2024-03-14,60.0,2520.0
Uttar Pradesh,Muzzafarnagar APMC,Wheat,2024-03-15,10.0,2550.0
Uttar Pradesh,Muzzafarnagar APMC,Wheat,2024-03-16,70.0,2500.0
Uttar Pradesh,Muzzafarnagar APMC,Wheat,2024-03-18,100.0,2500.0
Uttar Pradesh,Muzzafarnagar APMC,Wheat,2024-03-19,60.0,2500.0
Uttar Pradesh,Muzzafarnagar APMC,Wheat,2024-03-20,80.0,2500.0
Uttar Pradesh,Muzzafarnagar APMC,Wheat,2024-03-21,100.0,2480.0
Uttar Pradesh,Muzzafarnagar APMC,Wheat,2024-03-22,50.0,2480.0
Uttar Pradesh,Muzzafarnagar APMC,Wheat,2024-03-23,50.0,2470.0
Uttar Pradesh,Muzzafarnagar APMC,Wheat,2024-03-26,50.0,2460.0
Uttar Pradesh,Muzzafarnagar APMC,Wheat,2024-03-27,70.0,2470.0
Uttar Pradesh,Muzzafarnagar APMC,Wheat,2024-03-28,50.0,2470.0
Uttar Pradesh,Muzzafarnagar APMC,Wheat,2024-03-29,60.0,2470.0
Uttar Pradesh,Muzzafarnagar APMC,Wheat,2024-03-30,50.0,2470.0
Uttar Pradesh,Saharanpur APMC,Onion,2024-01-01,168.0,1700.0
Uttar Pradesh,Saharanpur APMC,Onion,2024-01-02,174.0,1700.0
Uttar Pradesh,Saharanpur APMC,Onion,2024-01-03,115.0,2400.0
Uttar Pradesh,Saharanpur APMC,Onion,2024-01-04,120.0,2300.0
Uttar Pradesh,Saharanpur APMC,Onion,2024-01-05,132.0,2250.0
Uttar Pradesh,Saharanpur APMC,Onion,2024-01-06,140.0,2200.0
Uttar Pradesh,Saharanpur APMC,Onion,2024-01-07,135.0,2200.0
Uttar Pradesh,Saharanpur APMC,Onion,2024-01-08,120.0,2200.0
Uttar Pradesh,Saharanpur APMC,Onion,2024-01-09,125.0,2200.0
Uttar Pradesh,Saharanpur APMC,Onion,2024-01-10,130.0,2150.0
Uttar Pradesh,Saharanpur APMC,Onion,2024-01-11,120.0,2200.0
Uttar Pradesh,Saharanpur APMC,Onion,2024-01-12,140.0,2100.0
Uttar Pradesh,Saharanpur APMC,Onion,2024-01-13,130.0,2100.0
Uttar Pradesh,Saharanpur APMC,Onion,2024-01-14,120.0,2200.0
Uttar Pradesh,Saharanpur APMC,Onion,2024-01-16,135.0,2150.0
Uttar Pradesh,Saharanpur APMC,Onion,2024-01-17,142.0,2100.0
Uttar Pradesh,Saharanpur APMC,Onion,2024-01-18,145.0,2100.0
Uttar Pradesh,Saharanpur APMC,Onion,2024-01-19,130.0,2100.0
Uttar Pradesh,Saharanpur APMC,Onion,2024-01-20,140.0,2080.0
Uttar Pradesh,Saharanpur APMC,Onion,2024-01-21,150.0,2080.0
Uttar Pradesh,Saharanpur APMC,Onion,2024-01-22,160.0,2000.0
Uttar Pradesh,Saharanpur APMC,Onion,2024-01-23,145.0,2000.0
Uttar Pradesh,Saharanpur APMC,Onion,2024-01-24,150.0,1980.0
Uttar Pradesh,Saharanpur APMC,Onion,2024-01-25,156.0,1950.0
Uttar Pradesh,Saharanpur APMC,Onion,2024-01-26,158.0,1900.0
Uttar Pradesh,Saharanpur APMC,Onion,2024-01-27,160.0,1800.0
Uttar Pradesh,Saharanpur APMC,Onion,2024-01-28,150.0,1800.0
Uttar Pradesh,Saharanpur APMC,Onion,2024-01-29,157.0,1750.0
Uttar Pradesh,Saharanpur APMC,Onion,2024-01-30,135.0,1750.0
Uttar Pradesh,Saharanpur APMC,Onion,2024-02-01,148.0,1700.0
Uttar Pradesh,Saharanpur APMC,Onion,2024-02-02,140.0,1700.0
Uttar Pradesh,Saharanpur APMC,Onion,2024-02-03,138.0,1700.0
Uttar Pradesh,Saharanpur APMC,Onion,2024-02-04,120.0,1700.0
Uttar Pradesh,Saharanpur APMC,Onion,2024-02-05,126.0,1670.0
Uttar Pradesh,Saharanpur APMC,Onion,2024-02-06,130.0,1650.0
Uttar Pradesh,Saharanpur APMC,Onion,2024-02-07,138.0,1600.0
Uttar Pradesh,Saharanpur APMC,Onion,2024-02-08,125.0,1600.0
Uttar Pradesh,Saharanpur APMC,Onion,2024-02-09,140.0,1500.0
Uttar Pradesh,Saharanpur APMC,Onion,2024-02-10,130.0,1520.0
Uttar Pradesh,Saharanpur APMC,Onion,2024-02-11,135.0,1500.0
Uttar Pradesh,Saharanpur APMC,Onion,2024-02-12,140.0,1500.0
Uttar Pradesh,Saharanpur APMC,Onion,2024-02-13,130.0,1550.0
Uttar Pradesh,Saharanpur APMC,Onion,2024-02-14,136.0,1520.0
Uttar Pradesh,Saharanpur APMC,Onion,2024-02-16,140.0,1600.0
Uttar Pradesh,Saharanpur APMC,Onion,2024-02-17,130.0,1600.0
Uttar Pradesh,Saharanpur APMC,Onion,2024-02-18,125.0,1600.0
Uttar Pradesh,Saharanpur APMC,Onion,2024-02-19,120.0,1700.0
Uttar Pradesh,Saharanpur APMC,Onion,2024-02-20,118.0,1800.0
Uttar Pradesh,Saharanpur APMC,Onion,2024-02-21,150.0,1750.0
Uttar Pradesh,Saharanpur APMC,Onion,2024-02-22,140.0,1800.0
Uttar Pradesh,Saharanpur APMC,Onion,2024-02-23,160.0,1800.0
Uttar Pradesh,Saharanpur APMC,Onion,2024-02-24,150.0,1820.0
Uttar Pradesh,Saharanpur APMC,Onion,2024-02-25,140.0,1820.0
Uttar Pradesh,Saharanpur APMC,Onion,2024-02-26,136.0,1850.0
Uttar Pradesh,Saharanpur APMC,Onion,2024-02-27,142.0,1850.0
Uttar Pradesh,Saharanpur APMC,Onion,2024-02-28,140.0,1900.0
Uttar Pradesh,Saharanpur APMC,Onion,2024-03-01,150.0,1900.0
Uttar Pradesh,Saharanpur APMC,Onion,2024-03-02,130.0,1900.0
Uttar Pradesh,Saharanpur APMC,Onion,2024-03-03,120.0,1900.0
Uttar Pradesh,Saharanpur APMC,Onion,2024-03-04,127.0,1880.0
Uttar Pradesh,Saharanpur APMC,Onion,2024-03-05,125.0,1900.0
Uttar Pradesh,Saharanpur APMC,Onion,2024-03-06,150.0,1900.0
Uttar Pradesh,Saharanpur APMC,Onion,2024-03-07,130.0,1900.0
Uttar Pradesh,Saharanpur APMC,Onion,2024-03-08,155.0,1900.0
Uttar Pradesh,Saharanpur APMC,Onion,2024-03-09,150.0,1920.0
Uttar Pradesh,Saharanpur APMC,Onion,2024-03-10,140.0,1950.0
Uttar Pradesh,Saharanpur APMC,Onion,2024-03-11,135.0,2050.0
Uttar Pradesh,Saharanpur APMC,Onion,2024-03-12,140.0,2050.0
Uttar Pradesh,Saharanpur APMC,Onion,2024-03-13,130.0,2050.0
Uttar Pradesh,Saharanpur APMC,Onion,2024-03-14,140.0,2050.0
Uttar Pradesh,Saharanpur APMC,Onion,2024-03-16,200.0,2030.0
Uttar Pradesh,Saharanpur APMC,Onion,2024-03-17,195.0,2025.0
Uttar Pradesh,Saharanpur APMC,Onion,2024-03-18,203.0,2025.0
Uttar Pradesh,Saharanpur APMC,Onion,2024-03-19,205.0,2000.0
Uttar Pradesh,Saharanpur APMC,Onion,2024-03-20,196.0,2000.0
Uttar Pradesh,Saharanpur APMC,Onion,2024-03-21,190.0,2000.0
Uttar Pradesh,Saharanpur APMC,Onion,2024-03-22,200.0,1950.0
Uttar Pradesh,Saharanpur APMC,Onion,2024-03-23,170.0,1950.0
Uttar Pradesh,Saharanpur APMC,Onion,2024-03-26,200.0,1850.0
Uttar Pradesh,Saharanpur APMC,Onion,2024-03-27,170.0,1850.0
Uttar Pradesh,Saharanpur APMC,Onion,2024-03-28,130.0,1850.0
Uttar Pradesh,Saharanpur APMC,Onion,2024-03-29,150.0,1800.0
Uttar Pradesh,Saharanpur APMC,Onion,2024-03-30,100.0,1850.0
Uttar Pradesh,Saharanpur APMC,Potato,2024-01-01,340.0,720.0
Uttar Pradesh,Saharanpur APMC,Potato,2024-01-02,355.0,700.0
Uttar Pradesh,Saharanpur APMC,Potato,2024-01-03,280.0,750.0
Uttar Pradesh,Saharanpur APMC,Potato,2024-01-04,290.0,720.0
Uttar Pradesh,Saharanpur APMC,Potato,2024-01-05,260.0,750.0
Uttar Pradesh,Saharanpur APMC,Potato,2024-01-06,240.0,750.0
Uttar Pradesh,Saharanpur APMC,Potato,2024-01-07,220.0,750.0
Uttar Pradesh,Saharanpur APMC,Potato,2024-01-08,200.0,750.0
Uttar Pradesh,Saharanpur APMC,Potato,2024-01-09,190.0,760.0
Uttar Pradesh,Saharanpur APMC,Potato,2024-01-10,210.0,750.0
Uttar Pradesh,Saharanpur APMC,Potato,2024-01-11,220.0,750.0
Uttar Pradesh,Saharanpur APMC,Potato,2024-01-12,250.0,740.0
Uttar Pradesh,Saharanpur APMC,Potato,2024-01-13,230.0,740.0
Uttar Pradesh,Saharanpur APMC,Potato,2024-01-14,220.0,760.0
Uttar Pradesh,Saharanpur APMC,Potato,2024-01-16,240.0,750.0
Uttar Pradesh,Saharanpur APMC,Potato,2024-01-17,280.0,740.0
Uttar Pradesh,Saharanpur APMC,Potato,2024-01-18,260.0,750.0
Uttar Pradesh,Saharanpur APMC,Potato,2024-01-19,240.0,760.0
Uttar Pradesh,Saharanpur APMC,Potato,2024-01-20,220.0,760.0
Uttar Pradesh,Saharanpur APMC,Potato,2024-01-21,230.0,780.0
Uttar Pradesh,Saharanpur APMC,Potato,2024-01-22,250.0,760.0
Uttar Pradesh,Saharanpur APMC,Potato,2024-01-23,238.0,770.0
Uttar Pradesh,Saharanpur APMC,Potato,2024-01-24,245.0,750.0
Uttar Pradesh,Saharanpur APMC,Potato,2024-01-25,250.0,730.0
Uttar Pradesh,Saharanpur APMC,Potato,2024-01-26,200.0,740.0
Uttar Pradesh,Saharanpur APMC,Potato,2024-01-27,180.0,760.0
Uttar Pradesh,Saharanpur APMC,Potato,2024-01-28,210.0,750.0
Uttar Pradesh,Saharanpur APMC,Potato,2024-01-29,230.0,750.0
Uttar Pradesh,Saharanpur APMC,Potato,2024-01-30,210.0,760.0
Uttar Pradesh,Saharanpur APMC,Potato,2024-02-01,200.0,770.0
Uttar Pradesh,Saharanpur APMC,Potato,2024-02-02,215.0,760.0
Uttar Pradesh,Saharanpur APMC,Potato,2024-02-03,180.0,760.0
Uttar Pradesh,Saharanpur APMC,Potato,2024-02-04,160.0,780.0
Uttar Pradesh,Saharanpur APMC,Potato,2024-02-05,148.0,780.0
Uttar Pradesh,Saharanpur APMC,Potato,2024-02-06,155.0,760.0
Uttar Pradesh,Saharanpur APMC,Potato,2024-02-07,150.0,820.0
Uttar Pradesh,Saharanpur APMC,Potato,2024-02-08,160.0,820.0
Uttar Pradesh,Saharanpur APMC,Potato,2024-02-09,175.0,820.0
Uttar Pradesh,Saharanpur APMC,Potato,2024-02-10,180.0,810.0
Uttar Pradesh,Saharanpur APMC,Potato,2024-02-11,183.0,800.0
Uttar Pradesh,Saharanpur APMC,Potato,2024-02-12,175.0,800.0
Uttar Pradesh,Saharanpur APMC,Potato,2024-02-13,182.0,780.0
Uttar Pradesh,Saharanpur APMC,Potato,2024-02-14,160.0,800.0
Uttar Pradesh,Saharanpur APMC,Potato,2024-02-16,180.0,820.0
Uttar Pradesh,Saharanpur APMC,Potato,2024-02-17,170.0,830.0
Uttar Pradesh,Saharanpur APMC,Potato,2024-02-18,160.0,850.0
Uttar Pradesh,Saharanpur APMC,Potato,2024-02-19,150.0,920.0
Uttar Pradesh,Saharanpur APMC,Potato,2024-02-20,190.0,920.0
Uttar Pradesh,Saharanpur APMC,Potato,2024-02-21,230.0,900.0
Uttar Pradesh,Saharanpur APMC,Potato,2024-02-22,210.0,980.0
Uttar Pradesh,Saharanpur APMC,Potato,2024-02-23,220.0,980.0
Uttar Pradesh,Saharanpur APMC,Potato,2024-02-24,200.0,1000.0
Uttar Pradesh,Saharanpur APMC,Potato,2024-02-25,185.0,1000.0
Uttar Pradesh,Saharanpur APMC,Potato,2024-02-26,180.0,1000.0
Uttar Pradesh,Saharanpur APMC,Potato,2024-02-27,165.0,1020.0
Uttar Pradesh,Saharanpur APMC,Potato,2024-02-28,170.0,1020.0
Uttar Pradesh,Saharanpur APMC,Potato,2024-03-01,180.0,1020.0
Uttar Pradesh,Saharanpur APMC,Potato,2024-03-02,195.0,1000.0
Uttar Pradesh,Saharanpur APMC,Potato,2024-03-03,170.0,1000.0
Uttar Pradesh,Saharanpur APMC,Potato,2024-03-04,160.0,1100.0
Uttar Pradesh,Saharanpur APMC,Potato,2024-03-05,150.0,1100.0
Uttar Pradesh,Saharanpur APMC,Potato,2024-03-06,160.0,1100.0
Uttar Pradesh,Saharanpur APMC,Potato,2024-03-07,140.0,1150.0
Uttar Pradesh,Saharanpur APMC,Potato,2024-03-08,170.0,1150.0
Uttar Pradesh,Saharanpur APMC,Potato,2024-03-09,160.0,1160.0
Uttar Pradesh,Saharanpur APMC,Potato,2024-03-10,148.0,1160.0
Uttar Pradesh,Saharanpur APMC,Potato,2024-03-11,130.0,1200.0
Uttar Pradesh,Saharanpur APMC,Potato,2024-03-12,150.0,1220.0
Uttar Pradesh,Saharanpur APMC,Potato,2024-03-13,140.0,1250.0
Uttar Pradesh,Saharanpur APMC,Potato,2024-03-14,120.0,1300.0
Uttar Pradesh,Saharanpur APMC,Potato,2024-03-16,170.0,1300.0
Uttar Pradesh,Saharanpur APMC,Potato,2024-03-17,168.0,1300.0
Uttar Pradesh,Saharanpur APMC,Potato,2024-03-18,167.0,1300.0
Uttar Pradesh,Saharanpur APMC,Potato,2024-03-19,160.0,1300.0
Uttar Pradesh,Saharanpur APMC,Potato,2024-03-20,158.0,1300.0
Uttar Pradesh,Saharanpur APMC,Potato,2024-03-21,210.0,1300.0
Uttar Pradesh,Saharanpur APMC,Potato,2024-03-22,200.0,1320.0
Uttar Pradesh,Saharanpur APMC,Potato,2024-03-23,220.0,1300.0
Uttar Pradesh,Saharanpur APMC,Potato,2024-03-26,280.0,1250.0
Uttar Pradesh,Saharanpur APMC,Potato,2024-03-27,250.0,1270.0
Uttar Pradesh,Saharanpur APMC,Potato,2024-03-28,230.0,1300.0
Uttar Pradesh,Saharanpur APMC,Potato,2024-03-29,260.0,1300.0
Uttar Pradesh,Saharanpur APMC,Potato,2024-03-30,220.0,1400.0
Uttar Pradesh,Saharanpur APMC,Rice,2024-01-01,60.0,2980.0
Uttar Pradesh,Saharanpur APMC,Rice,2024-01-02,58.0,2980.0
Uttar Pradesh,Saharanpur APMC,Rice,2024-01-03,50.0,2980.0
Uttar Pradesh,Saharanpur APMC,Rice,2024-01-04,47.0,3000.0
Uttar Pradesh,Saharanpur APMC,Rice,2024-01-05,49.0,3000.0
Uttar Pradesh,Saharanpur APMC,Rice,2024-01-06,52.0,2980.0
Uttar Pradesh,Saharanpur APMC,Rice,2024-01-08,70.0,2980.0
Uttar Pradesh,Saharanpur APMC,Rice,2024-01-09,90.0,2980.0
Uttar Pradesh,Saharanpur APMC,Rice,2024-01-10,80.0,3000.0
Uttar Pradesh,Saharanpur APMC,Rice,2024-01-11,70.0,3000.0
Uttar Pradesh,Saharanpur APMC,Rice,2024-01-12,100.0,2980.0
Uttar Pradesh,Saharanpur APMC,Rice,2024-01-13,80.0,2980.0
Uttar Pradesh,Saharanpur APMC,Rice,2024-01-15,70.0,3000.0
Uttar Pradesh,Saharanpur APMC,Rice,2024-01-16,90.0,2980.0
Uttar Pradesh,Saharanpur APMC,Rice,2024-01-17,80.0,2980.0
Uttar Pradesh,Saharanpur APMC,Rice,2024-01-18,70.0,2980.0
Uttar Pradesh,Saharanpur APMC,Rice,2024-01-19,60.0,3000.0
Uttar Pradesh,Saharanpur APMC,Rice,2024-01-20,75.0,3000.0
Uttar Pradesh,Saharanpur APMC,Rice,2024-01-22,50.0,2980.0
Uttar Pradesh,Saharanpur APMC,Rice,2024-01-23,60.0,2980.0
Uttar Pradesh,Saharanpur APMC,Rice,2024-01-24,50.0,2980.0
Uttar Pradesh,Saharanpur APMC,Rice,2024-01-25,47.0,3000.0
Uttar Pradesh,Saharanpur APMC,Rice,2024-01-26,52.0,2980.0
Uttar Pradesh,Saharanpur APMC,Rice,2024-01-27,46.0,2980.0
Uttar Pradesh,Saharanpur APMC,Rice,2024-01-29,60.0,2980.0
Uttar Pradesh,Saharanpur APMC,Rice,2024-01-30,63.0,2980.0
Uttar Pradesh,Saharanpur APMC,Rice,2024-01-31,65.0,2980.0
Uttar Pradesh,Saharanpur APMC,Rice,2024-02-01,60.0,3000.0
Uttar Pradesh,Saharanpur APMC,Rice,2024-02-02,50.0,3000.0
Uttar Pradesh,Saharanpur APMC,Rice,2024-02-03,53.0,3000.0
Uttar Pradesh,Saharanpur APMC,Rice,2024-02-05,48.0,3000.0
Uttar Pradesh,Saharanpur APMC,Rice,2024-02-06,52.0,3000.0
Uttar Pradesh,Saharanpur APMC,Rice,2024-02-07,47.0,3020.0
Uttar Pradesh,Saharanpur APMC,Rice,2024-02-08,50.0,3000.0
Uttar Pradesh,Saharanpur APMC,Rice,2024-02-09,60.0,2980.0
Uttar Pradesh,Saharanpur APMC,Rice,2024-02-10,50.0,2980.0
Uttar Pradesh,Saharanpur APMC,Rice,2024-02-12,53.0,3000.0
Uttar Pradesh,Saharanpur APMC,Rice,2024-02-13,55.0,3000.0
Uttar Pradesh,Saharanpur APMC,Rice,2024-02-14,50.0,3020.0
Uttar Pradesh,Saharanpur APMC,Rice,2024-02-15,60.0,3020.0
Uttar Pradesh,Saharanpur APMC,Rice,2024-02-16,58.0,3050.0
Uttar Pradesh,Saharanpur APMC,Rice,2024-02-17,65.0,3050.0
Uttar Pradesh,Saharanpur APMC,Rice,2024-02-19,67.0,3050.0
Uttar Pradesh,Saharanpur APMC,Rice,2024-02-20,100.0,3050.0
Uttar Pradesh,Saharanpur APMC,Rice,2024-02-21,80.0,3070.0
Uttar Pradesh,Saharanpur APMC,Rice,2024-02-22,70.0,3070.0
Uttar Pradesh,Saharanpur APMC,Rice,2024-02-23,60.0,3080.0
Uttar Pradesh,Saharanpur APMC,Rice,2024-02-24,50.0,3100.0
Uttar Pradesh,Saharanpur APMC,Rice,2024-02-26,40.0,3100.0
Uttar Pradesh,Saharanpur APMC,Rice,2024-02-27,45.0,3100.0
Uttar Pradesh,Saharanpur APMC,Rice,2024-02-28,50.0,3100.0
Uttar Pradesh,Saharanpur APMC,Rice,2024-02-29,43.0,3100.0
Uttar Pradesh,Saharanpur APMC,Rice,2024-03-01,40.0,3100.0
Uttar Pradesh,Saharanpur APMC,Rice,2024-03-02,68.0,3100.0
Uttar Pradesh,Saharanpur APMC,Rice,2024-03-04,70.0,3100.0
Uttar Pradesh,Saharanpur APMC,Rice,2024-03-05,60.0,3100.0
Uttar Pradesh,Saharanpur APMC,Rice,2024-03-06,80.0,3100.0
Uttar Pradesh,Saharanpur APMC,Rice,2024-03-07,70.0,3120.0
Uttar Pradesh,Saharanpur APMC,Rice,2024-03-08,60.0,3140.0
Uttar Pradesh,Saharanpur APMC,Rice,2024-03-09,58.0,3150.0
Uttar Pradesh,Saharanpur APMC,Rice,2024-03-11,55.0,3150.0
Uttar Pradesh,Saharanpur APMC,Rice,2024-03-12,68.0,3150.0
Uttar Pradesh,Saharanpur APMC,Rice,2024-03-13,60.0,3150.0
Uttar Pradesh,Saharanpur APMC,Rice,2024-03-14,62.0,3150.0
Uttar Pradesh,Saharanpur APMC,Rice,2024-03-15,58.0,3150.0
Uttar Pradesh,Saharanpur APMC,Rice,2024-03-16,60.0,3150.0
Uttar Pradesh,Saharanpur APMC,Rice,2024-03-18,57.0,3160.0
Uttar Pradesh,Saharanpur APMC,Rice,2024-03-19,54.0,3160.0
Uttar Pradesh,Saharanpur APMC,Rice,2024-03-20,48.0,3180.0
Uttar Pradesh,Saharanpur APMC,Rice,2024-03-21,55.0,3180.0
Uttar Pradesh,Saharanpur APMC,Rice,2024-03-22,45.0,3180.0
Uttar Pradesh,Saharanpur APMC,Rice,2024-03-23,40.0,3180.0
Uttar Pradesh,Saharanpur APMC,Rice,2024-03-26,46.0,3180.0
Uttar Pradesh,Saharanpur APMC,Rice,2024-03-27,50.0,3170.0
Uttar Pradesh,Saharanpur APMC,Rice,2024-03-28,45.0,3180.0
Uttar Pradesh,Saharanpur APMC,Rice,2024-03-29,52.0,3180.0
Uttar Pradesh,Saharanpur APMC,Rice,2024-03-30,55.0,3170.0
Uttar Pradesh,Saharanpur APMC,Wheat,2024-01-01,278.0,2480.0
Uttar Pradesh,Saharanpur APMC,Wheat,2024-01-02,260.0,2480.0
Uttar Pradesh,Saharanpur APMC,Wheat,2024-01-03,220.0,2500.0
Uttar Pradesh,Saharanpur APMC,Wheat,2024-01-04,200.0,2500.0
Uttar Pradesh,Saharanpur APMC,Wheat,2024-01-05,180.0,2500.0
Uttar Pradesh,Saharanpur APMC,Wheat,2024-01-06,160.0,2480.0
Uttar Pradesh,Saharanpur APMC,Wheat,2024-01-08,175.0,2480.0
Uttar Pradesh,Saharanpur APMC,Wheat,2024-01-09,160.0,2500.0
Uttar Pradesh,Saharanpur APMC,Wheat,2024-01-10,170.0,2500.0
Uttar Pradesh,Saharanpur APMC,Wheat,2024-01-11,190.0,2500.0
Uttar Pradesh,Saharanpur APMC,Wheat,2024-01-12,180.0,2500.0
Uttar Pradesh,Saharanpur APMC,Wheat,2024-01-13,160.0,2500.0
Uttar Pradesh,Saharanpur APMC,Wheat,2024-01-15,150.0,2520.0
Uttar Pradesh,Saharanpur APMC,Wheat,2024-01-16,130.0,2540.0
Uttar Pradesh,Saharanpur APMC,Wheat,2024-01-17,140.0,2500.0
Uttar Pradesh,Saharanpur APMC,Wheat,2024-01-18,170.0,2500.0
Uttar Pradesh,Saharanpur APMC,Wheat,2024-01-19,160.0,2530.0
Uttar Pradesh,Saharanpur APMC,Wheat,2024-01-20,200.0,2500.0
Uttar Pradesh,Saharanpur APMC,Wheat,2024-01-22,220.0,2500.0
Uttar Pradesh,Saharanpur APMC,Wheat,2024-01-23,240.0,2500.0
Uttar Pradesh,Saharanpur APMC,Wheat,2024-01-24,260.0,2500.0
Uttar Pradesh,Saharanpur APMC,Wheat,2024-01-25,250.0,2540.0
Uttar Pradesh,Saharanpur APMC,Wheat,2024-01-26,230.0,2550.0
Uttar Pradesh,Saharanpur APMC,Wheat,2024-01-27,240.0,2530.0
Uttar Pradesh,Saharanpur APMC,Wheat,2024-01-29,220.0,2550.0
Uttar Pradesh,Saharanpur APMC,Wheat,2024-01-30,225.0,2550.0
Uttar Pradesh,Saharanpur APMC,Wheat,2024-01-31,230.0,2550.0
Uttar Pradesh,Saharanpur APMC,Wheat,2024-02-01,210.0,2550.0
Uttar Pradesh,Saharanpur APMC,Wheat,2024-02-02,200.0,2550.0
Uttar Pradesh,Saharanpur APMC,Wheat,2024-02-03,195.0,2550.0
Uttar Pradesh,Saharanpur APMC,Wheat,2024-02-05,180.0,2550.0
Uttar Pradesh,Saharanpur APMC,Wheat,2024-02-06,160.0,2580.0
Uttar Pradesh,Saharanpur APMC,Wheat,2024-02-07,175.0,2580.0
Uttar Pradesh,Saharanpur APMC,Wheat,2024-02-08,190.0,2560.0
Uttar Pradesh,Saharanpur APMC,Wheat,2024-02-09,200.0,2570.0
Uttar Pradesh,Saharanpur APMC,Wheat,2024-02-10,180.0,2570.0
Uttar Pradesh,Saharanpur APMC,Wheat,2024-02-12,190.0,2560.0
Uttar Pradesh,Saharanpur APMC,Wheat,2024-02-13,170.0,2580.0
Uttar Pradesh,Saharanpur APMC,Wheat,2024-02-14,175.0,2570.0
Uttar Pradesh,Saharanpur APMC,Wheat,2024-02-15,200.0,2550.0
Uttar Pradesh,Saharanpur APMC,Wheat,2024-02-16,260.0,2550.0
Uttar Pradesh,Saharanpur APMC,Wheat,2024-02-17,250.0,2580.0
Uttar Pradesh,Saharanpur APMC,Wheat,2024-02-19,245.0,2580.0
Uttar Pradesh,Saharanpur APMC,Wheat,2024-02-20,280.0,2560.0
Uttar Pradesh,Saharanpur APMC,Wheat,2024-02-21,250.0,2550.0
Uttar Pradesh,Saharanpur APMC,Wheat,2024-02-22,200.0,2570.0
Uttar Pradesh,Saharanpur APMC,Wheat,2024-02-23,180.0,2580.0
Uttar Pradesh,Saharanpur APMC,Wheat,2024-02-24,183.0,2560.0
Uttar Pradesh,Saharanpur APMC,Wheat,2024-02-26,200.0,2550.0
Uttar Pradesh,Saharanpur APMC,Wheat,2024-02-27,240.0,2540.0
Uttar Pradesh,Saharanpur APMC,Wheat,2024-02-28,220.0,2550.0
Uttar Pradesh,Saharanpur APMC,Wheat,2024-02-29,230.0,2500.0
Uttar Pradesh,Saharanpur APMC,Wheat,2024-03-01,200.0,2500.0
Uttar Pradesh,Saharanpur APMC,Wheat,2024-03-02,180.0,2500.0
Uttar Pradesh,Saharanpur APMC,Wheat,2024-03-04,150.0,2500.0
Uttar Pradesh,Saharanpur APMC,Wheat,2024-03-05,140.0,2550.0
Uttar Pradesh,Saharanpur APMC,Wheat,2024-03-06,130.0,2550.0
Uttar Pradesh,Saharanpur APMC,Wheat,2024-03-07,150.0,2500.0
Uttar Pradesh,Saharanpur APMC,Wheat,2024-03-08,160.0,2500.0
Uttar Pradesh,Saharanpur APMC,Wheat,2024-03-09,190.0,2500.0
Uttar Pradesh,Saharanpur APMC,Wheat,2024-03-11,200.0,2500.0
Uttar Pradesh,Saharanpur APMC,Wheat,2024-03-12,220.0,2500.0
Uttar Pradesh,Saharanpur APMC,Wheat,2024-03-13,210.0,2530.0
Uttar Pradesh,Saharanpur APMC,Wheat,2024-03-14,215.0,2530.0
Uttar Pradesh,Saharanpur APMC,Wheat,2024-03-15,200.0,2550.0
Uttar Pradesh,Saharanpur APMC,Wheat,2024-03-16,230.0,2500.0
Uttar Pradesh,Saharanpur APMC,Wheat,2024-03-18,240.0,2500.0
Uttar Pradesh,Saharanpur APMC,Wheat,2024-03-19,235.0,2500.0
Uttar Pradesh,Saharanpur APMC,Wheat,2024-03-20,250.0,2500.0
Uttar Pradesh,Saharanpur APMC,Wheat,2024-03-21,300.0,2470.0
Uttar Pradesh,Saharanpur APMC,Wheat,2024-03-22,280.0,2470.0
Uttar Pradesh,Saharanpur APMC,Wheat,2024-03-23,320.0,2470.0
Uttar Pradesh,Saharanpur APMC,Wheat,2024-03-26,350.0,2460.0
Uttar Pradesh,Saharanpur APMC,Wheat,2024-03-27,310.0,2480.0
Uttar Pradesh,Saharanpur APMC,Wheat,2024-03-28,320.0,2470.0
Uttar Pradesh,Saharanpur APMC,Wheat,2024-03-29,300.0,2480.0
Uttar Pradesh,Saharanpur APMC,Wheat,2024-03-30,280.0,2480.0
Uttar Pradesh,Unnao APMC,Onion,2024-01-01,12.9,1800.0
Uttar Pradesh,Unnao APMC,Onion,2024-01-02,12.5,1800.0
Uttar Pradesh,Unnao APMC,Onion,2024-01-03,4.0,1970.0
Uttar Pradesh,Unnao APMC,Onion,2024-01-04,5.5,1900.0
Uttar Pradesh,Unnao APMC,Onion,2024-01-05,7.0,1900.0
Uttar Pradesh,Unnao APMC,Onion,2024-01-06,8.5,1885.0
Uttar Pradesh,Unnao APMC,Onion,2024-01-07,9.5,1875.0
Uttar Pradesh,Unnao APMC,Onion,2024-01-08,16.0,1880.0
Uttar Pradesh,Unnao APMC,Onion,2024-01-09,18.5,1875.0
Uttar Pradesh,Unnao APMC,Onion,2024-01-11,18.5,1875.0
Uttar Pradesh,Unnao APMC,Onion,2024-01-12,7.5,1880.0
Uttar Pradesh,Unnao APMC,Onion,2024-01-13,9.0,1885.0
Uttar Pradesh,Unnao APMC,Onion,2024-01-14,8.2,1880.0
Uttar Pradesh,Unnao APMC,Onion,2024-01-15,7.0,1885.0
Uttar Pradesh,Unnao APMC,Onion,2024-01-16,9.0,1885.0
Uttar Pradesh,Unnao APMC,Onion,2024-01-17,9.5,1885.0
Uttar Pradesh,Unnao APMC,Onion,2024-01-18,6.5,1900.0
Uttar Pradesh,Unnao APMC,Onion,2024-01-19,9.5,1825.0
Uttar Pradesh,Unnao APMC,Onion,2024-01-20,7.0,1825.0
Uttar Pradesh,Unnao APMC,Onion,2024-01-22,6.5,1800.0
Uttar Pradesh,Unnao APMC,Onion,2024-01-23,4.5,1800.0
Uttar Pradesh,Unnao APMC,Onion,2024-01-24,7.0,1800.0
Uttar Pradesh,Unnao APMC,Onion,2024-01-25,6.5,1800.0
Uttar Pradesh,Unnao APMC,Onion,2024-01-26,6.0,1810.0
Uttar Pradesh,Unnao APMC,Onion,2024-01-27,7.5,1800.0
Uttar Pradesh,Unnao APMC,Onion,2024-01-28,6.5,1800.0
Uttar Pradesh,Unnao APMC,Onion,2024-01-29,5.8,1800.0
Uttar Pradesh,Unnao APMC,Onion,2024-01-30,5.5,1800.0
Uttar Pradesh,Unnao APMC,Onion,2024-01-31,6.0,1800.0
Uttar Pradesh,Unnao APMC,Onion,2024-02-01,6.9,1800.0
Uttar Pradesh,Unnao APMC,Onion,2024-02-02,11.7,1800.0
Uttar Pradesh,Unnao APMC,Onion,2024-02-03,5.0,1800.0
Uttar Pradesh,Unnao APMC,Onion,2024-02-04,7.0,1800.0
Uttar Pradesh,Unnao APMC,Onion,2024-02-05,8.0,1780.0
Uttar Pradesh,Unnao APMC,Onion,2024-02-06,6.5,1775.0
Uttar Pradesh,Unnao APMC,Onion,2024-02-07,8.2,1765.0
Uttar Pradesh,Unnao APMC,Onion,2024-02-08,9.0,1700.0
Uttar Pradesh,Unnao APMC,Onion,2024-02-09,8.5,1690.0
Uttar Pradesh,Unnao APMC,Onion,2024-02-10,11.7,1550.0
Uttar Pradesh,Unnao APMC,Onion,2024-02-11,7.5,1575.0
Uttar Pradesh,Unnao APMC,Onion,2024-02-13,11.8,1550.0
Uttar Pradesh,Unnao APMC,Onion,2024-02-14,9.4,1550.0
Uttar Pradesh,Unnao APMC,Onion,2024-02-15,9.6,1525.0
Uttar Pradesh,Unnao APMC,Onion,2024-02-16,11.9,1500.0
Uttar Pradesh,Unnao APMC,Onion,2024-02-17,8.5,1500.0
Uttar Pradesh,Unnao APMC,Onion,2024-02-18,12.8,1485.0
Uttar Pradesh,Unnao APMC,Onion,2024-02-19,8.6,1485.0
Uttar Pradesh,Unnao APMC,Onion,2024-02-20,9.5,1480.0
Uttar Pradesh,Unnao APMC,Onion,2024-02-21,6.6,1525.0
Uttar Pradesh,Unnao APMC,Onion,2024-02-22,5.5,1750.0
Uttar Pradesh,Unnao APMC,Onion,2024-02-23,6.0,1750.0
Uttar Pradesh,Unnao APMC,Onion,2024-02-24,8.8,1750.0
Uttar Pradesh,Unnao APMC,Onion,2024-02-25,6.6,1750.0
Uttar Pradesh,Unnao APMC,Onion,2024-02-26,9.2,1750.0
Uttar Pradesh,Unnao APMC,Onion,2024-02-27,8.0,1750.0
Uttar Pradesh,Unnao APMC,Onion,2024-02-28,9.2,1760.0
Uttar Pradesh,Unnao APMC,Onion,2024-02-29,8.5,1765.0
Uttar Pradesh,Unnao APMC,Onion,2024-03-01,9.5,1750.0
Uttar Pradesh,Unnao APMC,Onion,2024-03-03,8.5,1750.0
Uttar Pradesh,Unnao APMC,Onion,2024-03-04,7.8,1770.0
Uttar Pradesh,Unnao APMC,Onion,2024-03-05,5.5,1780.0
Uttar Pradesh,Unnao APMC,Onion,2024-03-06,5.9,1850.0
Uttar Pradesh,Unnao APMC,Onion,2024-03-07,5.5,1900.0
Uttar Pradesh,Unnao APMC,Onion,2024-03-08,4.5,1950.0
Uttar Pradesh,Unnao APMC,Onion,2024-03-09,6.0,2050.0
Uttar Pradesh,Unnao APMC,Onion,2024-03-10,6.5,2075.0
Uttar Pradesh,Unnao APMC,Onion,2024-03-11,6.9,2075.0
Uttar Pradesh,Unnao APMC,Onion,2024-03-12,7.0,2075.0
Uttar Pradesh,Unnao APMC,Onion,2024-03-13,6.0,2075.0
Uttar Pradesh,Unnao APMC,Onion,2024-03-15,4.0,2050.0
Uttar Pradesh,Unnao APMC,Onion,2024-03-16,5.6,2050.0
Uttar Pradesh,Unnao APMC,Onion,2024-03-17,4.5,2050.0
Uttar Pradesh,Unnao APMC,Onion,2024-03-18,5.8,2000.0
Uttar Pradesh,Unnao APMC,Onion,2024-03-19,5.5,2000.0
Uttar Pradesh,Unnao APMC,Onion,2024-03-20,6.5,1990.0
Uttar Pradesh,Unnao APMC,Onion,2024-03-21,7.5,1850.0
Uttar Pradesh,Unnao APMC,Onion,2024-03-22,6.6,1850.0
Uttar Pradesh,Unnao APMC,Onion,2024-03-23,7.7,1850.0
Uttar Pradesh,Unnao APMC,Onion,2024-03-25,6.5,1875.0
Uttar Pradesh,Unnao APMC,Onion,2024-03-26,5.5,1875.0
Uttar Pradesh,Unnao APMC,Onion,2024-03-27,4.5,1875.0
Uttar Pradesh,Unnao APMC,Onion,2024-03-28,5.5,1875.0
Uttar Pradesh,Unnao APMC,Onion,2024-03-29,6.0,1880.0
Uttar Pradesh,Unnao APMC,Onion,2024-03-30,7.2,1825.0
Uttar Pradesh,Unnao APMC,Onion,2024-03-31,7.2,1800.0
Uttar Pradesh,Unnao APMC,Potato,2024-01-01,57.0,730.0
Uttar Pradesh,Unnao APMC,Potato,2024-01-02,46.0,730.0
Uttar Pradesh,Unnao APMC,Potato,2024-01-03,16.0,800.0
Uttar Pradesh,Unnao APMC,Potato,2024-01-04,47.5,770.0
Uttar Pradesh,Unnao APMC,Potato,2024-01-05,58.0,725.0
Uttar Pradesh,Unnao APMC,Potato,2024-01-06,62.0,700.0
Uttar Pradesh,Unnao APMC,Potato,2024-01-07,65.0,685.0
Uttar Pradesh,Unnao APMC,Potato,2024-01-08,63.0,700.0
Uttar Pradesh,Unnao APMC,Potato,2024-01-09,66.2,685.0
Uttar Pradesh,Unnao APMC,Potato,2024-01-10,56.9,680.0
Uttar Pradesh,Unnao APMC,Potato,2024-01-11,58.5,675.0
Uttar Pradesh,Unnao APMC,Potato,2024-01-12,68.0,675.0
Uttar Pradesh,Unnao APMC,Potato,2024-01-13,71.0,675.0
Uttar Pradesh,Unnao APMC,Potato,2024-01-14,62.5,670.0
Uttar Pradesh,Unnao APMC,Potato,2024-01-15,52.5,675.0
Uttar Pradesh,Unnao APMC,Potato,2024-01-16,48.5,670.0
Uttar Pradesh,Unnao APMC,Potato,2024-01-17,52.1,665.0
Uttar Pradesh,Unnao APMC,Potato,2024-01-18,43.5,660.0
Uttar Pradesh,Unnao APMC,Potato,2024-01-19,38.9,670.0
Uttar Pradesh,Unnao APMC,Potato,2024-01-20,41.3,665.0
Uttar Pradesh,Unnao APMC,Potato,2024-01-22,36.0,660.0
Uttar Pradesh,Unnao APMC,Potato,2024-01-23,41.8,670.0
Uttar Pradesh,Unnao APMC,Potato,2024-01-24,36.5,700.0
Uttar Pradesh,Unnao APMC,Potato,2024-01-25,35.5,700.0
Uttar Pradesh,Unnao APMC,Potato,2024-01-26,36.9,715.0
Uttar Pradesh,Unnao APMC,Potato,2024-01-27,28.5,750.0
Uttar Pradesh,Unnao APMC,Potato,2024-01-28,26.7,745.0
Uttar Pradesh,Unnao APMC,Potato,2024-01-29,31.6,750.0
Uttar Pradesh,Unnao APMC,Potato,2024-01-30,30.9,760.0
Uttar Pradesh,Unnao APMC,Potato,2024-01-31,35.5,750.0
Uttar Pradesh,Unnao APMC,Potato,2024-02-01,37.6,760.0
Uttar Pradesh,Unnao APMC,Potato,2024-02-02,40.0,760.0
Uttar Pradesh,Unnao APMC,Potato,2024-02-03,36.6,760.0
Uttar Pradesh,Unnao APMC,Potato,2024-02-04,31.7,760.0
Uttar Pradesh,Unnao APMC,Potato,2024-02-05,28.5,760.0
Uttar Pradesh,Unnao APMC,Potato,2024-02-06,29.0,765.0
Uttar Pradesh,Unnao APMC,Potato,2024-02-07,31.7,760.0
Uttar Pradesh,Unnao APMC,Potato,2024-02-08,34.5,750.0
Uttar Pradesh,Unnao APMC,Potato,2024-02-09,33.7,740.0
Uttar Pradesh,Unnao APMC,Potato,2024-02-10,37.6,730.0
Uttar Pradesh,Unnao APMC,Potato,2024-02-11,38.8,750.0
Uttar Pradesh,Unnao APMC,Potato,2024-02-13,34.9,750.0
Uttar Pradesh,Unnao APMC,Potato,2024-02-14,36.5,750.0
Uttar Pradesh,Unnao APMC,Potato,2024-02-15,38.6,745.0
Uttar Pradesh,Unnao APMC,Potato,2024-02-16,35.2,755.0
Uttar Pradesh,Unnao APMC,Potato,2024-02-17,31.0,755.0
Uttar Pradesh,Unnao APMC,Potato,2024-02-18,32.9,750.0
Uttar Pradesh,Unnao APMC,Potato,2024-02-19,29.7,755.0
Uttar Pradesh,Unnao APMC,Potato,2024-02-20,27.5,755.0
Uttar Pradesh,Unnao APMC,Potato,2024-02-21,32.5,760.0
Uttar Pradesh,Unnao APMC,Potato,2024-02-22,29.5,770.0
Uttar Pradesh,Unnao APMC,Potato,2024-02-23,28.5,775.0
Uttar Pradesh,Unnao APMC,Potato,2024-02-24,31.7,850.0
Uttar Pradesh,Unnao APMC,Potato,2024-02-25,30.0,860.0
Uttar Pradesh,Unnao APMC,Potato,2024-02-26,31.7,870.0
Uttar Pradesh,Unnao APMC,Potato,2024-02-27,33.5,875.0
Uttar Pradesh,Unnao APMC,Potato,2024-02-28,31.6,880.0
Uttar Pradesh,Unnao APMC,Potato,2024-02-29,32.5,885.0
Uttar Pradesh,Unnao APMC,Potato,2024-03-01,28.5,925.0
Uttar Pradesh,Unnao APMC,Potato,2024-03-03,29.0,950.0
Uttar Pradesh,Unnao APMC,Potato,2024-03-04,28.5,960.0
Uttar Pradesh,Unnao APMC,Potato,2024-03-05,28.0,1025.0
Uttar Pradesh,Unnao APMC,Potato,2024-03-06,25.8,1070.0
Uttar Pradesh,Unnao APMC,Potato,2024-03-07,26.0,1100.0
Uttar Pradesh,Unnao APMC,Potato,2024-03-08,25.8,1125.0
Uttar Pradesh,Unnao APMC,Potato,2024-03-09,29.5,1160.0
Uttar Pradesh,Unnao APMC,Potato,2024-03-10,28.5,1175.0
Uttar Pradesh,Unnao APMC,Potato,2024-03-11,27.8,1180.0
Uttar Pradesh,Unnao APMC,Potato,2024-03-12,29.0,1200.0
Uttar Pradesh,Unnao APMC,Potato,2024-03-13,27.7,1250.0
Uttar Pradesh,Unnao APMC,Potato,2024-03-14,26.8,1375.0
Uttar Pradesh,Unnao APMC,Potato,2024-03-15,24.5,1450.0
Uttar Pradesh,Unnao APMC,Potato,2024-03-16,41.7,1450.0
Uttar Pradesh,Unnao APMC,Potato,2024-03-17,52.9,1450.0
Uttar Pradesh,Unnao APMC,Potato,2024-03-18,62.2,1450.0
Uttar Pradesh,Unnao APMC,Potato,2024-03-19,69.3,1450.0
Uttar Pradesh,Unnao APMC,Potato,2024-03-20,54.8,1300.0
Uttar Pradesh,Unnao APMC,Potato,2024-03-21,72.9,1275.0
Uttar Pradesh,Unnao APMC,Potato,2024-03-22,57.0,1250.0
Uttar Pradesh,Unnao APMC,Potato,2024-03-23,49.5,1275.0
Uttar Pradesh,Unnao APMC,Potato,2024-03-25,42.9,1280.0
Uttar Pradesh,Unnao APMC,Potato,2024-03-26,48.5,1285.0
Uttar Pradesh,Unnao APMC,Potato,2024-03-27,38.7,1280.0
Uttar Pradesh,Unnao APMC,Potato,2024-03-28,35.0,1315.0
Uttar Pradesh,Unnao APMC,Potato,2024-03-29,39.7,1325.0
Uttar Pradesh,Unnao APMC,Potato,2024-03-30,41.1,1300.0
Uttar Pradesh,Unnao APMC,Potato,2024-03-31,29.5,1310.0
Uttar Pradesh,Unnao APMC,Rice,2024-01-01,19.5,2645.0
Uttar Pradesh,Unnao APMC,Rice,2024-01-02,10.5,2650.0
Uttar Pradesh,Unnao APMC,Rice,2024-01-03,7.5,2650.0
Uttar Pradesh,Unnao APMC,Rice,2024-01-04,17.5,2650.0
Uttar Pradesh,Unnao APMC,Rice,2024-01-05,18.5,2650.0
Uttar Pradesh,Unnao APMC,Rice,2024-01-06,20.0,2650.0
Uttar Pradesh,Unnao APMC,Rice,2024-01-07,17.2,2655.0
Uttar Pradesh,Unnao APMC,Rice,2024-01-08,16.5,2650.0
Uttar Pradesh,Unnao APMC,Rice,2024-01-09,17.2,2650.0
Uttar Pradesh,Unnao APMC,Rice,2024-01-10,17.5,2650.0
Uttar Pradesh,Unnao APMC,Rice,2024-01-11,16.0,2650.0
Uttar Pradesh,Unnao APMC,Rice,2024-01-12,15.5,2650.0
Uttar Pradesh,Unnao APMC,Rice,2024-01-13,16.5,2645.0
Uttar Pradesh,Unnao APMC,Rice,2024-01-14,14.5,2645.0
Uttar Pradesh,Unnao APMC,Rice,2024-01-16,15.5,2650.0
Uttar Pradesh,Unnao APMC,Rice,2024-01-17,15.2,2650.0
Uttar Pradesh,Unnao APMC,Rice,2024-01-18,14.5,2650.0
Uttar Pradesh,Unnao APMC,Rice,2024-01-19,17.5,2650.0
Uttar Pradesh,Unnao APMC,Rice,2024-01-20,18.5,2650.0
Uttar Pradesh,Unnao APMC,Rice,2024-01-22,14.5,2655.0
Uttar Pradesh,Unnao APMC,Rice,2024-01-23,16.0,2655.0
Uttar Pradesh,Unnao APMC,Rice,2024-01-24,15.2,2650.0
Uttar Pradesh,Unnao APMC,Rice,2024-01-25,14.5,2650.0
Uttar Pradesh,Unnao APMC,Rice,2024-01-26,9.5,2650.0
Uttar Pradesh,Unnao APMC,Rice,2024-01-27,12.5,2650.0
Uttar Pradesh,Unnao APMC,Rice,2024-01-28,14.5,2650.0
Uttar Pradesh,Unnao APMC,Rice,2024-01-29,16.0,2650.0
Uttar Pradesh,Unnao APMC,Rice,2024-01-30,15.5,2650.0
Uttar Pradesh,Unnao APMC,Rice,2024-01-31,16.0,2650.0
Uttar Pradesh,Unnao APMC,Rice,2024-02-01,18.5,2650.0
Uttar Pradesh,Unnao APMC,Rice,2024-02-02,20.0,2665.0
Uttar Pradesh,Unnao APMC,Rice,2024-02-03,22.5,2655.0
Uttar Pradesh,Unnao APMC,Rice,2024-02-04,24.0,2655.0
Uttar Pradesh,Unnao APMC,Rice,2024-02-05,24.5,2655.0
Uttar Pradesh,Unnao APMC,Rice,2024-02-06,24.0,2655.0
Uttar Pradesh,Unnao APMC,Rice,2024-02-07,22.5,2650.0
Uttar Pradesh,Unnao APMC,Rice,2024-02-09,22.5,2650.0
Uttar Pradesh,Unnao APMC,Rice,2024-02-10,21.0,2655.0
Uttar Pradesh,Unnao APMC,Rice,2024-02-11,20.0,2660.0
Uttar Pradesh,Unnao APMC,Rice,2024-02-13,35.0,2640.0
Uttar Pradesh,Unnao APMC,Rice,2024-02-14,32.5,2645.0
Uttar Pradesh,Unnao APMC,Rice,2024-02-15,31.5,2650.0
Uttar Pradesh,Unnao APMC,Rice,2024-02-16,32.5,2650.0
Uttar Pradesh,Unnao APMC,Rice,2024-02-17,34.0,2650.0
Uttar Pradesh,Unnao APMC,Rice,2024-02-18,32.5,2660.0
Uttar Pradesh,Unnao APMC,Rice,2024-02-19,32.5,2665.0
Uttar Pradesh,Unnao APMC,Rice,2024-02-20,35.0,2665.0
Uttar Pradesh,Unnao APMC,Rice,2024-02-21,34.0,2665.0
Uttar Pradesh,Unnao APMC,Rice,2024-02-22,32.5,2665.0
Uttar Pradesh,Unnao APMC,Rice,2024-02-23,31.5,2670.0
Uttar Pradesh,Unnao APMC,Rice,2024-02-24,28.5,2680.0
Uttar Pradesh,Unnao APMC,Rice,2024-02-25,27.5,2700.0
Uttar Pradesh,Unnao APMC,Rice,2024-02-26,28.5,2700.0
Uttar Pradesh,Unnao APMC,Rice,2024-02-27,27.5,2700.0
Uttar Pradesh,Unnao APMC,Rice,2024-02-28,25.0,2700.0
Uttar Pradesh,Unnao APMC,Rice,2024-02-29,29.5,2700.0
Uttar Pradesh,Unnao APMC,Rice,2024-03-01,28.5,2710.0
Uttar Pradesh,Unnao APMC,Rice,2024-03-02,28.5,2710.0
Uttar Pradesh,Unnao APMC,Rice,2024-03-03,28.4,2715.0
Uttar Pradesh,Unnao APMC,Rice,2024-03-04,25.0,2725.0
Uttar Pradesh,Unnao APMC,Rice,2024-03-05,27.5,2735.0
Uttar Pradesh,Unnao APMC,Rice,2024-03-06,26.5,2735.0
Uttar Pradesh,Unnao APMC,Rice,2024-03-07,25.5,2750.0
Uttar Pradesh,Unnao APMC,Rice,2024-03-08,28.5,2750.0
Uttar Pradesh,Unnao APMC,Rice,2024-03-09,27.5,2750.0
Uttar Pradesh,Unnao APMC,Rice,2024-03-11,27.5,2750.0
Uttar Pradesh,Unnao APMC,Rice,2024-03-12,26.0,2775.0
Uttar Pradesh,Unnao APMC,Rice,2024-03-14,26.5,2780.0
Uttar Pradesh,Unnao APMC,Rice,2024-03-15,25.8,2780.0
Uttar Pradesh,Unnao APMC,Rice,2024-03-16,26.0,2780.0
Uttar Pradesh,Unnao APMC,Rice,2024-03-17,27.0,2785.0
Uttar Pradesh,Unnao APMC,Rice,2024-03-18,26.5,2790.0
Uttar Pradesh,Unnao APMC,Rice,2024-03-19,27.0,2790.0
Uttar Pradesh,Unnao APMC,Rice,2024-03-20,28.5,2790.0
Uttar Pradesh,Unnao APMC,Rice,2024-03-21,28.8,2790.0
Uttar Pradesh,Unnao APMC,Rice,2024-03-22,27.5,2785.0
Uttar Pradesh,Unnao APMC,Rice,2024-03-25,19.5,2785.0
Uttar Pradesh,Unnao APMC,Rice,2024-03-27,19.8,2790.0
Uttar Pradesh,Unnao APMC,Rice,2024-03-28,18.8,2825.0
Uttar Pradesh,Unnao APMC,Rice,2024-03-29,17.7,2825.0
Uttar Pradesh,Unnao APMC,Rice,2024-03-30,16.5,2830.0
Uttar Pradesh,Unnao APMC,Rice,2024-03-31,16.0,2835.0
Uttar Pradesh,Unnao APMC,Wheat,2024-01-01,24.5,2515.0
Uttar Pradesh,Unnao APMC,Wheat,2024-01-02,21.0,2515.0
Uttar Pradesh,Unnao APMC,Wheat,2024-01-03,11.5,2515.0
Uttar Pradesh,Unnao APMC,Wheat,2024-01-04,29.6,2515.0
Uttar Pradesh,Unnao APMC,Wheat,2024-01-05,25.0,2510.0
Uttar Pradesh,Unnao APMC,Wheat,2024-01-06,29.6,2515.0
Uttar Pradesh,Unnao APMC,Wheat,2024-01-07,26.0,2515.0
Uttar Pradesh,Unnao APMC,Wheat,2024-01-08,26.5,2515.0
Uttar Pradesh,Unnao APMC,Wheat,2024-01-09,27.0,2515.0
Uttar Pradesh,Unnao APMC,Wheat,2024-01-10,27.5,2515.0
Uttar Pradesh,Unnao APMC,Wheat,2024-01-11,26.0,2515.0
Uttar Pradesh,Unnao APMC,Wheat,2024-01-12,24.5,2510.0
Uttar Pradesh,Unnao APMC,Wheat,2024-01-13,31.0,2515.0
Uttar Pradesh,Unnao APMC,Wheat,2024-01-14,32.8,2515.0
Uttar Pradesh,Unnao APMC,Wheat,2024-01-16,31.0,2515.0
Uttar Pradesh,Unnao APMC,Wheat,2024-01-17,36.0,2510.0
Uttar Pradesh,Unnao APMC,Wheat,2024-01-18,37.5,2510.0
Uttar Pradesh,Unnao APMC,Wheat,2024-01-19,32.5,2515.0
Uttar Pradesh,Unnao APMC,Wheat,2024-01-20,28.5,2510.0
Uttar Pradesh,Unnao APMC,Wheat,2024-01-21,30.6,2510.0
Uttar Pradesh,Unnao APMC,Wheat,2024-01-22,22.8,2515.0
Uttar Pradesh,Unnao APMC,Wheat,2024-01-23,27.5,2515.0
Uttar Pradesh,Unnao APMC,Wheat,2024-01-24,30.8,2515.0
Uttar Pradesh,Unnao APMC,Wheat,2024-01-25,32.2,2515.0
Uttar Pradesh,Unnao APMC,Wheat,2024-01-26,15.0,2510.0
Uttar Pradesh,Unnao APMC,Wheat,2024-01-27,29.0,2515.0
Uttar Pradesh,Unnao APMC,Wheat,2024-01-28,34.2,2515.0
Uttar Pradesh,Unnao APMC,Wheat,2024-01-29,35.0,2515.0
Uttar Pradesh,Unnao APMC,Wheat,2024-01-30,32.4,2515.0
Uttar Pradesh,Unnao APMC,Wheat,2024-01-31,36.0,2515.0
Uttar Pradesh,Unnao APMC,Wheat,2024-02-01,34.5,2515.0
Uttar Pradesh,Unnao APMC,Wheat,2024-02-02,32.5,2525.0
Uttar Pradesh,Unnao APMC,Wheat,2024-02-03,32.7,2520.0
Uttar Pradesh,Unnao APMC,Wheat,2024-02-04,31.0,2520.0
Uttar Pradesh,Unnao APMC,Wheat,2024-02-05,28.5,2525.0
Uttar Pradesh,Unnao APMC,Wheat,2024-02-06,29.5,2525.0
Uttar Pradesh,Unnao APMC,Wheat,2024-02-07,30.0,2525.0
Uttar Pradesh,Unnao APMC,Wheat,2024-02-08,32.8,2525.0
Uttar Pradesh,Unnao APMC,Wheat,2024-02-09,29.5,2525.0
Uttar Pradesh,Unnao APMC,Wheat,2024-02-10,26.0,2525.0
Uttar Pradesh,Unnao APMC,Wheat,2024-02-11,19.5,2530.0
Uttar Pradesh,Unnao APMC,Wheat,2024-02-13,37.6,2525.0
Uttar Pradesh,Unnao APMC,Wheat,2024-02-14,38.5,2525.0
Uttar Pradesh,Unnao APMC,Wheat,2024-02-15,39.0,2515.0
Uttar Pradesh,Unnao APMC,Wheat,2024-02-16,39.7,2515.0
Uttar Pradesh,Unnao APMC,Wheat,2024-02-17,37.5,2515.0
Uttar Pradesh,Unnao APMC,Wheat,2024-02-18,37.0,2490.0
Uttar Pradesh,Unnao APMC,Wheat,2024-02-19,41.8,2450.0
Uttar Pradesh,Unnao APMC,Wheat,2024-02-20,42.7,2425.0
Uttar Pradesh,Unnao APMC,Wheat,2024-02-21,41.0,2425.0
Uttar Pradesh,Unnao APMC,Wheat,2024-02-22,41.5,2415.0
Uttar Pradesh,Unnao APMC,Wheat,2024-02-23,39.7,2415.0
Uttar Pradesh,Unnao APMC,Wheat,2024-02-24,32.5,2425.0
Uttar Pradesh,Unnao APMC,Wheat,2024-02-25,36.2,2425.0
Uttar Pradesh,Unnao APMC,Wheat,2024-02-26,35.0,2425.0
Uttar Pradesh,Unnao APMC,Wheat,2024-02-27,32.5,2425.0
Uttar Pradesh,Unnao APMC,Wheat,2024-02-28,31.6,2425.0
Uttar Pradesh,Unnao APMC,Wheat,2024-02-29,31.1,2420.0
Uttar Pradesh,Unnao APMC,Wheat,2024-03-01,29.5,2425.0
Uttar Pradesh,Unnao APMC,Wheat,2024-03-02,29.5,2425.0
Uttar Pradesh,Unnao APMC,Wheat,2024-03-03,24.5,2425.0
Uttar Pradesh,Unnao APMC,Wheat,2024-03-04,31.9,2420.0
Uttar Pradesh,Unnao APMC,Wheat,2024-03-05,32.5,2415.0
Uttar Pradesh,Unnao APMC,Wheat,2024-03-06,30.0,2415.0
Uttar Pradesh,Unnao APMC,Wheat,2024-03-07,35.0,2400.0
Uttar Pradesh,Unnao APMC,Wheat,2024-03-08,35.2,2390.0
Uttar Pradesh,Unnao APMC,Wheat,2024-03-09,32.5,2390.0
Uttar Pradesh,Unnao APMC,Wheat,2024-03-10,27.0,2385.0
Uttar Pradesh,Unnao APMC,Wheat,2024-03-11,29.0,2385.0
Uttar Pradesh,Unnao APMC,Wheat,2024-03-12,29.2,2400.0
Uttar Pradesh,Unnao APMC,Wheat,2024-03-13,29.2,2400.0
Uttar Pradesh,Unnao APMC,Wheat,2024-03-14,28.0,2415.0
Uttar Pradesh,Unnao APMC,Wheat,2024-03-15,26.5,2415.0
Uttar Pradesh,Unnao APMC,Wheat,2024-03-16,29.5,2415.0
Uttar Pradesh,Unnao APMC,Wheat,2024-03-17,28.5,2415.0
Uttar Pradesh,Unnao APMC,Wheat,2024-03-18,29.0,2415.0
Uttar Pradesh,Unnao APMC,Wheat,2024-03-19,29.5,2420.0
Uttar Pradesh,Unnao APMC,Wheat,2024-03-20,30.0,2415.0
Uttar Pradesh,Unnao APMC,Wheat,2024-03-21,29.5,2415.0
Uttar Pradesh,Unnao APMC,Wheat,2024-03-22,28.5,2415.0
Uttar Pradesh,Unnao APMC,Wheat,2024-03-25,15.0,2410.0
Uttar Pradesh,Unnao APMC,Wheat,2024-03-27,20.0,2415.0
Uttar Pradesh,Unnao APMC,Wheat,2024-03-28,22.9,2420.0
Uttar Pradesh,Unnao APMC,Wheat,2024-03-29,24.0,2425.0
Uttar Pradesh,Unnao APMC,Wheat,2024-03-30,23.5,2425.0
Uttar Pradesh,Unnao APMC,Wheat,2024-03-31,22.5,2425.0
