tree
version=v4
num_class=1
num_tree_per_iteration=1
label_index=0
max_feature_idx=33
objective=regression_l1
feature_names=lag_1 lag_2 lag_3 lag_7 lag_14 lag_21 lag_28 rolling_mean rolling_std price_lag mean_7 mean_14 mean_28 median_7 median_14 median_28 std_7 std_14 std_28 weekly_seasonal price_mean_7 price_mean_28 trend_ratio recent_ratio weekday month year_day weekday_sin weekday_cos season_sin season_cos state_code market_code commodity_code
feature_infos=[0.01:8600] [0.01:8600] [0.01:8600] [0.01:8600] [0.01:8600] [0.01:8600] [0.01:8600] [1.0333333333333334:6209.5238095238092] [0.076138698762687571:2368.4079442689313] [520:5500] [0.024999999999999998:7175] [0.042727272727272565:7100] [1.0333333333333334:6209.5238095238092] [0.01:7150] [0.01:7050] [0.01:6600] [0:3183.0844579851578] [0:2500.0497772822223] [0.076138698762687571:2368.4079442689313] [0.01:6433.333333333333] [519:4016.6666666666665] [562.60869565217388:3472.608695652174] [0.0097951914514692786:3.1623740201567752] [0.0013347439657519877:10.347510373443981] [0:6] [1:12] [1:365] [-0.97492791218182362:0.97492791218182362] [-0.90096886790241903:1] [-0.9999994220246925:0.99998555065071859] [-0.99997919295908233:0.9999907524084426] none -1:5:13:10:14:8:15:11:3:12:2:1:6:0:7:4:9 -1:1:0:3:2
tree_sizes=1405 1468 1500 1504 1505 1495 1505 1484 1498 1493 1510 1492 1476 1504 1509 1514 1506 1496 1509 1515 1513 1499 1502 1506 1492 1503 1519 1510 1501 1505 1513 1519 1499 1503 1491 1507 1503 1504 1497 1514 1498 1496 1495 1498 1493 1505 1509 1506 1497 1497 1519 1512 1517 1510 1503 1507 1515 1525 1520 1508 1499 1531 1519 1516 1524 1536 1529 1522 1520 1509 1507 1516 1509 1500 1505 1522 1503 1517 1527 1515 1527 1533 1512 1529 1522 1531 1538 1519 1531 1516 1537 1520 1536 1521 1529 1533 1497 1517 1519 1524 1508 1515 1503 1518 1523 1505 1513 1536 1505 1504 1536 1514 1537 1510 1527 1516 1521 1520 1539 1514 1530 1533 1527 1529 1533 1516 1521 1512 1536 1546 1511 1528 1517 1537 1541 1540 1525 1524 1527 1541 1532 1540 1544 1531 1529 1530 1522 1539 1530 1538 1539 1546 1553 1517 1541 1512 1530 1521 1527 1519 1535 1519 1510 1527 1520 1507 1516 1526 1508 1524 1515 1521 1524 1531 1530 1512 1521 1530 1529 1530 1505 1509 1539 1529 1518 1534 1549 1515 1518 1522 1527 1516 1526 1528 1520 1475 1519 1524 1516 1504 1511 1484 1505 1501 1524 1519 1510 1483 1498 1461 1495 1478 1511 1519 1531 1504 1523 1519 1519 1529 1510 1524 1488 1514 1520 1531 1492 1512 1528 1533 1536 1524 1547 1514 1491 1514 1514 1513 1542 1507 1502 1517 1534 1496 1531 1498 1519 1512 1518 1505 1537 1513 1503 1507 1497 1499 1523 1495 1505 1505 1507 1498 1530 1494 1524 1510 1514 1531 1504 1518 1508 1489 1483 1493 1511 1478 1496 1511 1480 1493 1488 1473 1520 1506 1493 1478 1468 1526 1467 1512 1494 1483 1524 1498 1498 1494 1491 1521 1515 1528 1485 1506 1512 1485 1520 1487 1512 1526 1491 1505 1530 1511 1528 1507 1518 1519 1516 1530 1515 1461 1500 1510 1481 1488 1507 1500 1530 1510 1469 1462 1474 1502 1502 1497 1512 1518 1518 1517 1490 1504 1519 1490 1513 1492 1507 1513 1532 1504 1464 1525 1488 1483 1476 1483 1482 1468 1467 1480 1497 1514 1510 1473 1464 1508 1478 1505 1475 1485 1460 1477 1479 1473 1494 1513 1492 1467 1465 1519 1472 1476 1475 1480 1480 1488 1486 1461 1498 1485 1532 1498 1491 1490 1463 1514 1487 1491 1478 1462 1482 1475

Tree=0
num_leaves=15
num_cat=1
split_feature=10 0 0 13 0 10 10 0 23 1 1 1 8 32
split_gain=31405.4 795.286 795.257 182.543 127.121 123.065 79.9087 65.7764 50.6585 46.7956 42.8002 35.3249 25.1978 24.1561
threshold=46.683333333333337 50.100000000000009 44.100000000000009 39.95000000000001 50.100000000000009 59.175000000000004 59.175000000000004 47.050000000000004 0.52947166646699428 47.050000000000004 49.100000000000009 45.050000000000004 8.9716967239330785 0
decision_type=10 8 10 8 10 10 10 10 10 10 10 10 2 1
left_child=2 6 3 11 13 8 7 -2 10 12 -3 -1 -5 -4
right_child=1 5 4 9 -6 -7 -8 -9 -10 -11 -12 -13 -14 -15
leaf_value=46.380000000000003 47.325000000000003 47.482500000000002 47.5 47.223499946594238 47.762500000000003 51.087499999999999 47.9375 47.587499999999999 47.850000000000001 47.412500000000001 47.762500000000003 47.237499999999997 47.237499999999997 47.237499999999997
leaf_weight=17097 463 157 309 425 295 16751 400 391 1022 188 210 106 505 395
leaf_count=17097 463 157 309 425 295 16751 400 391 1022 188 210 106 505 395
internal_value=47.4999 47.5314 47.4683 47.4667 47.4987 47.5332 47.5044 47.4983 47.523 47.4805 47.5117 47.4658 47.4773 47.4907
internal_weight=38714 19394 19320 18321 999 18140 1254 854 1389 1118 367 17203 930 704
internal_count=38714 19394 19320 18321 999 18140 1254 854 1389 1118 367 17203 930 704
cat_boundaries=0 1
cat_threshold=35045
is_linear=0
shrinkage=1


Tree=1
num_leaves=15
num_cat=1
split_feature=10 0 0 1 13 0 10 13 0 0 23 1 0 32
split_gain=30397.6 780.948 748.297 195.869 183.553 120.206 78.0707 66.0621 54.6178 52.1559 49.5453 43.6008 35.6913 23.8415
threshold=46.683333333333337 44.100000000000009 50.100000000000009 44.100000000000009 65.02500000000002 50.100000000000009 59.175000000000004 39.95000000000001 47.050000000000004 56.850000000000009 1.1970617575625606 47.050000000000004 60.150000000000006 0
decision_type=10 10 8 10 10 10 8 8 10 10 8 8 8 1
left_child=1 3 6 7 9 13 8 -1 -2 11 -5 -4 -6 -3
right_child=2 5 4 10 12 -7 -8 -9 -10 -11 -12 -13 -14 -15
leaf_value=-1.0843000133514407 -0.16887500000000011 0 0.026249946594238235 -0.25331249999999994 0.66193750000000007 0.25331249999999994 0.42218750000000005 -0.25331249999999994 0.084437500000000054 0.48693750000000008 0.0091875000000001001 0.25024999999999997 3.8119375 -0.25331249999999994
leaf_weight=17035 463 309 163 313 278 295 400 759 391 1395 214 820 15484 395
leaf_count=17035 463 309 163 313 278 295 400 759 391 1395 214 820 15484 395
internal_value=-0.000502596 -0.0315715 0.030448 -0.0332143 0.0322552 -0.00142928 0.00428118 -0.0338379 -0.00171129 0.0230885 -0.0120395 0.0167561 0.0336304 -0.00928068
internal_weight=38714 19320 19394 18321 18140 999 1254 17794 854 2378 527 983 15762 704
internal_count=38714 19320 19394 18321 18140 999 1254 17794 854 2378 527 983 15762 704
cat_boundaries=0 1
cat_threshold=35045
is_linear=0
shrinkage=0.035


Tree=2
num_leaves=15
num_cat=1
split_feature=10 0 0 13 10 0 32 0 13 1 1 0 0 1
split_gain=30185.4 773.204 746.844 209.046 193.794 106.42 76.1654 71.3102 51.5214 51.4383 47.3998 44.4733 31.5672 30.5968
threshold=46.683333333333337 44.100000000000009 50.100000000000009 39.025000000000006 75.70714285714287 50.100000000000009 0 56.850000000000009 72.575000000000003 50.100000000000009 47.050000000000004 39.800000000000004 39.050000000000004 45.050000000000004
decision_type=10 10 8 8 10 10 1 10 10 8 10 10 10 10
left_child=1 3 6 12 7 -3 -2 9 11 -4 -5 -8 13 -1
right_child=2 5 4 10 -6 -7 8 -9 -10 -11 -12 -13 -14 -15
leaf_value=-1.0603494995326999 0.40741093750000007 -0.080499973297119151 0.087193751869201502 -0.24444656249999994 4.0285196875000002 0.24444656249999994 -0.29602674545288093 0.52851968750000011 0.96741093750000007 0.30317875000000005 -0.075571562500000064 0.011482187500000053 -0.25534949953269981 -0.24444656249999994
leaf_weight=16677 261 704 343 984 14523 295 166 2404 143 870 191 684 381 88
leaf_count=16677 261 704 343 984 14523 295 166 2404 143 870 191 684 381 88
internal_value=-0.000531522 -0.0314918 0.0303108 -0.0331264 0.0321163 -0.001499 0.00416998 0.024786 -0.000381944 0.0177299 -0.0187161 -0.00368421 -0.0341082 -0.0343426
internal_weight=38714 19320 19394 18321 18140 999 1254 3617 993 1213 1175 850 17146 16765
internal_count=38714 19320 19394 18321 18140 999 1254 3617 993 1213 1175 850 17146 16765
cat_boundaries=0 1
cat_threshold=8448
is_linear=0
shrinkage=0.035


Tree=3
num_leaves=15
num_cat=1
split_feature=10 0 0 13 10 10 1 0 0 1 0 23 1 32
split_gain=29696.6 965.549 572.793 234.91 175.39 90.7674 89.3742 77.5848 75.1128 53.9578 48.9937 46.4765 31.8497 31.6427
threshold=45.008333333333333 50.100000000000009 44.100000000000009 77.52500000000002 36.908333333333339 59.175000000000004 49.100000000000009 50.100000000000009 46.100000000000009 45.050000000000004 61.70000000000001 2.1500351723444884 39.800000000000004 0
decision_type=10 8 10 10 8 10 8 10 10 10 10 8 10 1
left_child=2 5 4 6 12 8 11 13 -2 -6 -8 -3 -1 -4
right_child=1 3 7 -5 9 -7 10 -9 -10 -11 -12 -13 -14 -15
leaf_value=-1.0232372670490555 -0.16799718586082463 0.22093946868457789 -0.24162906343460064 4.0625214984375004 -0.24458843094329838 0.3931515546874999 0.30460699609374992 0.23589093281249984 0.067222804687499943 -0.070078432812499938 0.56470899843749989 -0.049698044666862562 -0.30698466946105946 -0.014682500934600712
leaf_weight=16282 570 189 252 14167 1342 400 1808 201 488 222 1942 180 322 349
leaf_count=16282 570 189 252 14167 1342 400 1808 201 488 222 1942 180 322 349
internal_value=-0.000471861 0.0295716 -0.0317407 0.0317566 -0.0330182 0.00215311 0.024332 -0.00277571 -0.00322672 -0.0216826 0.0259494 0.00776738 -0.0340791 -0.00906766
internal_weight=38714 19744 18970 18286 18168 1458 4119 802 1058 1564 3750 369 16604 601
internal_count=38714 19744 18970 18286 18168 1458 4119 802 1058 1564 3750 369 16604 601
cat_boundaries=0 1
cat_threshold=25362
is_linear=0
shrinkage=0.035


Tree=4
num_leaves=15
num_cat=1
split_feature=10 0 0 13 0 1 0 32 0 13 0 1 0 14
split_gain=29000.5 842.098 713.554 217.615 167.979 161.019 73.2233 70.2386 61.0813 45.7048 46.9878 42.0087 37.2745 35.8293
threshold=46.683333333333337 39.050000000000004 51.550000000000004 82.52500000000002 50.100000000000009 39.800000000000004 60.150000000000006 0 9.9000000000000021 72.575000000000003 39.800000000000004 39.800000000000004 45.100000000000009 38.050000000000004
decision_type=10 10 8 10 10 10 10 1 10 10 10 8 10 8
left_child=1 5 7 6 12 13 11 -2 -7 10 -9 -4 -3 -1
right_child=2 4 3 -5 -6 8 -8 9 -10 -11 -12 -13 -14 -15
leaf_value=-0.98742396270233845 0.37939125027343745 -0.19208533679488371 -0.1766185978828804 4.0953332459921885 0.22522968794921849 -0.052330337729484498 0.57775668349218745 -0.29598843082321175 -0.31249280361791826 0.90229125027343771 0.008727512773437418 0.30771874888671857 -0.058172046214389581 -0.31467667196603999
leaf_weight=16102 261 1092 53 13512 295 315 2538 166 462 146 724 1994 421 633
leaf_count=16102 261 1092 53 13512 295 315 2538 166 462 146 724 1994 421 633
internal_value=-0.00064542 -0.030992 0.0295855 0.0313824 -0.00822394 -0.0333396 0.0247288 0.00448925 -0.0175895 0.000266413 -0.00273743 0.0197003 -0.0129348 -0.0340654
internal_weight=38714 19320 19394 18097 1808 17512 4585 1297 777 1036 890 2047 1513 16735
internal_count=38714 19320 19394 18097 1808 17512 4585 1297 777 1036 890 2047 1513 16735
cat_boundaries=0 1
cat_threshold=8448
is_linear=0
shrinkage=0.035


Tree=5
num_leaves=15
num_cat=1
split_feature=10 0 0 13 1 0 0 1 0 13 9 32 10 0
split_gain=28513 814.94 736.571 225.445 144.61 140.307 137.804 93.6948 54.2828 46.747 44.649 41.6464 38.202 32.2219
threshold=45.841666666666676 56.850000000000009 39.050000000000004 87.550000000000011 39.800000000000004 50.100000000000009 49.050000000000004 49.100000000000009 9.9000000000000021 75.15000000000002 692.50000000000011 0 35.035714285714292 82.100000000000009
decision_type=10 8 10 10 10 10 10 8 10 10 10 1 8 8
left_child=2 6 4 7 12 -4 9 10 -6 -2 -3 -8 -1 -5
right_child=1 3 5 13 8 -7 11 -9 -10 -11 -12 -13 -14 -15
leaf_value=-0.98786412400775669 -0.081408189541918224 -0.051063754093915503 -0.13387597591451753 0.62699658238246114 -0.050498775908952465 0.21975171108583971 0.052776432938784062 0.5164101995699607 -0.30155555549129104 1.5532110565138675 0.24844213311131308 0.21700806761026131 -0.25286412400775665 4.6519965823824609
leaf_weight=15642 766 164 1428 412 292 249 271 4409 452 105 97 742 1072 12613
leaf_count=15642 766 164 1428 412 292 249 271 4409 452 105 97 742 1072 12613
internal_value=-0.000818978 0.0288718 -0.0311983 0.0312014 -0.0333265 -0.00901011 0.00696665 0.0245412 -0.0180374 -0.0032363 0.00407895 0.0157122 -0.0340014 0.033579
internal_weight=38714 19579 19135 17695 17458 1677 1884 4670 744 871 261 1013 16714 13025
internal_count=38714 19579 19135 17695 17458 1677 1884 4670 744 871 261 1013 16714 13025
cat_boundaries=0 1
cat_threshold=37395
is_linear=0
shrinkage=0.035


Tree=6
num_leaves=15
num_cat=1
split_feature=10 0 0 1 1 0 0 1 9 0 13 10 13 32
split_gain=28156.3 797.938 728.948 238.227 144.814 135.812 134.395 70.0322 66.8855 55.652 52.0093 41.3443 41.3359 40.6989
threshold=45.841666666666676 56.850000000000009 39.050000000000004 82.100000000000009 39.800000000000004 49.050000000000004 50.100000000000009 49.100000000000009 692.50000000000011 9.9000000000000021 110.10000000000001 35.035714285714292 75.15000000000002 0
decision_type=10 8 10 8 10 10 10 10 10 10 10 8 10 1
left_child=2 5 4 7 11 12 -4 8 -3 -6 -5 -1 -2 -7
right_child=1 3 6 10 9 13 -8 -9 -10 -11 -12 -13 -14 -15
leaf_value=-0.95328887966748521 -0.078558902907951103 -0.053441524569830111 -0.1291903167575093 0.9016767019990749 -0.048731318752139006 0.050929257785926586 0.21206040119783526 0.45196084258501218 0.59657953767142125 -0.29100111104909587 5.8891767019990757 -0.24401387966748511 1.4988486695358822 0.20941278524390225
leaf_weight=15642 766 179 1428 3187 292 271 249 3381 145 452 10803 1072 105 742
leaf_count=15642 766 179 1428 3187 292 271 249 3381 145 452 10803 1072 105 742
internal_value=-0.000936491 0.028568 -0.0311251 0.0308732 -0.0332423 0.00689254 -0.00905172 0.0229151 0.00723404 -0.0179439 0.0329718 -0.0339177 -0.0032363 0.0155747
internal_weight=38714 19579 19135 17695 17458 1884 1677 3705 324 744 13990 16714 871 1013
internal_count=38714 19579 19135 17695 17458 1884 1677 3705 324 744 13990 16714 871 1013
cat_boundaries=0 1
cat_threshold=37395
is_linear=0
shrinkage=0.035


Tree=7
num_leaves=15
num_cat=0
split_feature=13 10 0 0 0 0 1 1 1 16 23 0 11 0
split_gain=27740.4 871.003 721.467 234.504 162.174 154.649 142.38 65.4792 59.3796 53.114 50.8976 47.7749 42.1908 31.5582
threshold=45.025000000000006 65.035714285714292 39.050000000000004 49.050000000000004 50.100000000000009 85.050000000000011 39.800000000000004 48.050000000000004 82.100000000000009 8.8863190729723591 0.39351482997818593 39.800000000000004 32.172619047619058 60.150000000000006
decision_type=10 10 10 8 10 8 10 8 8 10 10 10 8 10
left_child=2 3 6 11 -4 9 12 -5 -7 -3 -8 -2 -1 -9
right_child=1 5 4 7 -6 8 10 13 -10 -11 -12 -13 -14 -15
leaf_value=-0.94442376220340307 -0.26689442466321023 0.43621877559453703 -0.14973749658657637 0.068199253852921346 0.24273400012522375 0.63758404370025956 -0.047025722595814126 0.20434995945777026 4.2830555174291076 0.54121877559453702 -0.28081607216237742 0.014020898062112402 -0.27047339387912317 0.40332971309453663
leaf_weight=14801 218 881 1401 391 272 920 292 1570 12697 1731 429 533 1897 681
leaf_count=14801 218 881 1401 391 272 920 292 1570 12697 1731 429 533 1897 681
internal_value=-0.00107028 0.0281505 -0.0311017 0.0119997 -0.00911502 0.0315224 -0.0332102 0.0168984 0.0330293 0.0236186 -0.0177893 -0.00523148 -0.0338706 0.019191
internal_weight=38714 19622 19092 3393 1673 16229 17419 2642 13617 2612 721 751 16698 2251
internal_count=38714 19622 19092 3393 1673 16229 17419 2642 13617 2612 721 751 16698 2251
is_linear=0
shrinkage=0.035


Tree=8
num_leaves=15
num_cat=1
split_feature=10 10 0 0 13 1 0 0 0 0 10 0 32 17
split_gain=26758.1 958.19 666.524 255.475 171.355 132.362 110.464 85.7086 79.8287 52.1576 49.1254 35.7055 32.0938 26.9846
threshold=45.008333333333333 64.041666666666671 38.100000000000009 47.550000000000004 120.12500000000001 38.100000000000009 50.100000000000009 51.550000000000004 65.100000000000009 9.9000000000000021 29.608333333333338 100.50000000000001 0 11.333367605265847
decision_type=10 10 10 8 10 10 10 10 8 10 8 8 1 8
left_child=2 3 5 -2 8 10 -4 -5 -3 13 -1 -6 -10 -7
right_child=1 4 6 7 11 9 -8 -9 12 -11 -12 -13 -14 -15
leaf_value=-0.94986894387772458 -0.10018369620087018 0.35717015262156065 -0.13680568953282582 0.083530166629938424 1.253717084619808 -0.1688143511606949 0.19614259715152804 0.27487161424476581 0.8077110743190884 -0.26484259043715708 -0.27680568953282586 6.2331485743190882 0.73342088368173575 0.10665542825516756
leaf_weight=14053 709 798 1447 1041 262 204 201 1567 1561 472 2503 9770 4036 90
leaf_count=14053 709 798 1447 1041 262 204 201 1567 1561 472 2503 9770 4036 90
internal_value=-0.0012366 0.0272819 -0.0309181 0.0101039 0.0307464 -0.0329417 -0.00961283 0.0151626 0.0262117 -0.0185214 -0.033603 0.0336226 0.0276964 -0.0067893
internal_weight=38714 19744 18970 3317 16427 17322 1648 2608 6395 766 16556 10032 5597 294
internal_count=38714 19744 18970 3317 16427 17322 1648 2608 6395 766 16556 10032 5597 294
cat_boundaries=0 1
cat_threshold=33035
is_linear=0
shrinkage=0.035


Tree=9
num_leaves=15
num_cat=0
split_feature=13 10 0 0 10 0 0 0 16 1 13 1 0 23
split_gain=26411.8 876.856 728.32 231.646 172.566 169.423 156.422 87.0869 60.0058 55.8521 54.7083 50.7809 40.2114 29.4454
threshold=45.025000000000006 65.035714285714292 38.100000000000009 51.550000000000004 31.591666666666672 100.50000000000001 50.100000000000009 39.800000000000004 18.649651410550053 54.050000000000004 99.250000000000014 57.100000000000009 34.100000000000009 1.3390805665483778
decision_type=10 10 10 10 8 8 10 8 10 10 10 10 10 8
left_child=2 3 4 7 12 8 -4 -2 -3 13 -7 -9 -1 -6
right_child=1 5 6 -5 9 10 -8 11 -10 -11 -12 -13 -14 -15
leaf_value=-0.88862352416628398 -0.25367596760095318 0.51318961326806789 -0.13970848507239728 0.26628016663766113 -0.24357133522340646 0.69454134339022777 0.22599556142140573 0.019425633660609877 0.52931812935443767 0.38687918919243564 4.9649883742179206 0.29104230178718932 -0.24718073806835525 -0.17977115616262135
leaf_weight=14632 218 2702 1497 1647 1706 1052 272 1153 1239 52 11236 375 242 691
leaf_count=14632 218 2702 1497 1647 1706 1052 272 1153 1239 52 11236 375 242 691
internal_value=-0.00117513 0.0273373 -0.0304786 0.0111345 -0.032663 0.0307204 -0.00905581 0.00223872 0.0243297 -0.0239466 0.0327593 0.00520548 -0.0340897 -0.0247273
internal_weight=38714 19622 19092 3393 17323 16229 1769 1746 3941 2449 12288 1528 14874 2397
internal_count=38714 19622 19092 3393 17323 16229 1769 1746 3941 2449 12288 1528 14874 2397
is_linear=0
shrinkage=0.035


Tree=10
num_leaves=15
num_cat=1
split_feature=13 10 0 13 10 0 0 0 0 1 1 32 0 9
split_gain=25779.4 891.977 735.992 216.991 201.685 189.048 146.486 85.9716 74.6751 59.6642 46.4735 43.1219 33.5012 29.082
threshold=45.025000000000006 64.041666666666671 38.100000000000009 130.25000000000003 31.161904761904761 50.100000000000009 50.100000000000009 65.100000000000009 39.800000000000004 50.100000000000009 57.100000000000009 0 34.100000000000009 1005.0000000000002
decision_type=10 10 10 10 8 10 10 8 8 10 10 1 10 10
left_child=2 5 4 7 12 8 -4 -3 -2 13 -10 -9 -1 -6
right_child=1 3 6 -5 9 -7 -8 11 10 -11 -12 -13 -14 -15
leaf_value=-0.85752170082046397 -0.24479730873491973 0.32861331477452577 -0.13481868809486339 6.3032136743087692 -0.19048916382772796 0.25593130191388075 0.2180857167716565 0.74899815028029504 0.016356698818847593 0.26483621228957288 0.28085582122463781 0.71370425029260054 -0.25151944573644625 -0.23754055448093905
leaf_weight=14520 215 809 1497 9286 827 1545 272 2168 1095 66 347 4157 216 1694
leaf_count=14520 215 809 1497 9286 827 1545 272 2168 1095 66 347 4157 216 1694
internal_value=-0.00136316 0.0268059 -0.0303137 0.0301011 -0.0325095 0.00988775 -0.00877959 0.0254644 0.00166366 -0.0234008 0.00454734 0.0268444 -0.0341001 -0.0242617
internal_weight=38714 19622 19092 16420 17323 3202 1769 7134 1657 2587 1442 6325 14736 2521
internal_count=38714 19622 19092 16420 17323 3202 1769 7134 1657 2587 1442 6325 14736 2521
cat_boundaries=0 1
cat_threshold=33115
is_linear=0
shrinkage=0.035


Tree=11
num_leaves=15
num_cat=2
split_feature=10 10 0 13 0 0 1 0 0 0 32 1 32 9
split_gain=25324.1 797.5 795.287 276.009 223.44 128.038 111.792 96.4737 90.6821 59.9067 57.9105 53.1234 39.5524 37.6395
threshold=46.683333333333337 31.591666666666672 61.70000000000001 100.25000000000001 45.100000000000009 49.050000000000004 57.100000000000009 34.100000000000009 38.100000000000009 104.20000000000002 0 45.050000000000004 1 932.50000000000011
decision_type=10 8 8 10 10 10 8 10 8 8 1 10 1 10
left_child=1 7 5 6 8 -2 13 -1 -3 -5 -8 -10 -7 -4
right_child=2 4 3 9 -6 12 10 -9 11 -11 -12 -13 -14 -15
leaf_value=-0.82750844129174772 -0.050082246929951148 -0.22302586499582319 0.01386492811611463 0.7385355601025817 0.027362887052661197 0.12433445440886627 0.53631526523835693 -0.22972623163518699 -0.16681204496295907 4.5706013025194867 0.47402597429329879 -0.007463266490052317 0.22116120634689493 0.33550276523835704
leaf_weight=14632 783 1813 334 639 685 381 1235 360 1550 11050 3351 280 1410 211
leaf_count=14632 783 1813 334 639 685 381 1235 360 1550 11050 3351 280 1410 211
internal_value=-0.00156202 -0.0299198 0.026688 0.0294603 -0.0166559 0.00854983 0.0226451 -0.0337421 -0.0201001 0.032441 0.0244261 -0.0145341 0.0136999 0.00757273
internal_weight=38714 19320 19394 16820 4328 2574 5131 14992 3643 11689 4586 1830 1791 545
internal_count=38714 19320 19394 16820 4328 2574 5131 14992 3643 11689 4586 1830 1791 545
cat_boundaries=0 1 2
cat_threshold=33035 37379
is_linear=0
shrinkage=0.035


Tree=12
num_leaves=15
num_cat=0
split_feature=13 10 10 0 0 0 0 1 0 0 23 1 1 16
split_gain=24533 898.717 707.468 252.644 217.668 197.28 98.9813 85.4396 83.033 77.1229 60.2801 39.0363 38.7298 38.7102
threshold=45.025000000000006 67.17333333333336 31.591666666666672 127.55000000000001 55.300000000000004 45.100000000000009 34.100000000000009 65.100000000000009 39.800000000000004 38.100000000000009 0.79336859457004116 57.100000000000009 45.050000000000004 24.387155050664024
decision_type=10 10 8 10 10 10 10 8 8 8 8 10 10 8
left_child=2 4 6 7 8 9 -1 -3 -2 -4 -9 -10 -11 -7
right_child=1 3 5 -5 -6 13 -8 10 11 12 -12 -13 -14 -15
leaf_value=-0.79854564584653664 -0.23447652428664925 0.24371936636272526 -0.2152199597209693 5.4606302569313048 0.29244802519258373 -0.0022229395323757118 -0.22168581352795533 0.58600908470972479 0.026323230171927749 -0.16349628068633903 0.77500913811548655 0.21849706794240237 -0.018581969422100324 1.2822769536561009
leaf_weight=14632 224 535 1777 8409 1482 517 360 1213 1469 1512 5764 526 233 61
leaf_count=14632 224 535 1777 8409 1482 517 360 1213 1469 1512 5764 526 233 61
internal_value=-0.00181151 0.0256682 -0.0300534 0.0292795 0.0101147 -0.0171376 -0.0335787 0.024575 0.00316322 -0.0202438 0.0256109 0.0054425 -0.01494 0.00180103
internal_weight=38714 19622 19092 15921 3701 4100 14992 7512 2219 3522 6977 1995 1745 578
internal_count=38714 19622 19092 15921 3701 4100 14992 7512 2219 3522 6977 1995 1745 578
is_linear=0
shrinkage=0.035


Tree=13
num_leaves=15
num_cat=1
split_feature=13 13 10 0 0 0 0 0 0 32 13 10 16 1
split_gain=23987.7 896.182 714.054 377.083 194.45 150.002 102.662 87.5181 77.1923 56.545 52.9299 43.8322 38.7102 37.8025
threshold=45.025000000000006 110.10000000000001 31.591666666666672 60.150000000000006 45.100000000000009 48.100000000000009 34.100000000000009 113.40000000000002 38.100000000000009 0 54.975000000000009 153.37500000000003 24.387155050664024 45.050000000000004
decision_type=10 10 8 10 10 8 10 8 8 1 10 10 8 10
left_child=2 3 6 5 8 -2 -1 -3 -4 -5 -7 -9 -6 -10
right_child=1 7 4 9 12 10 -8 11 13 -11 -12 -13 -14 -15
leaf_value=-0.77059654824190782 -0.062098082884089655 0.72913776693782784 -0.20768726113073538 0.53957087259805192 -0.0021451366487426427 0.063311751068736197 -0.21392681005447689 1.0695081979387082 -0.15777391086231721 0.45846090928973671 0.28374363208730602 7.3257581979387094 1.2373972602781373 -0.017931600492326789
leaf_weight=14632 799 688 1777 1679 517 971 360 2424 1512 2953 2194 7914 61 233
leaf_count=14632 799 688 1777 1679 517 971 360 2424 1512 2953 2194 7914 61 233
internal_value=-0.00205016 0.0251225 -0.0299764 0.0166353 -0.0170012 0.00869489 -0.033518 0.0317288 -0.0200851 0.0234138 0.012112 0.0325399 0.00180103 -0.01478
internal_weight=38714 19622 19092 8596 4100 3964 14992 11026 3522 4632 3165 10338 578 1745
internal_count=38714 19622 19092 8596 4100 3964 14992 11026 3522 4632 3165 10338 578 1745
cat_boundaries=0 1
cat_threshold=41243
is_linear=0
shrinkage=0.035


Tree=14
num_leaves=15
num_cat=1
split_feature=13 13 10 0 0 10 1 0 16 32 1 0 0 0
split_gain=22877.5 878.129 793.409 325.932 246.637 134.809 127.728 68.3183 65.6375 59.8902 56.9796 56.7429 53.3229 40.7758
threshold=45.025000000000006 100.25000000000001 28.25357142857143 55.300000000000004 39.800000000000004 153.37500000000003 57.100000000000009 29.900000000000002 16.431676725152741 0 50.100000000000009 45.100000000000009 100.50000000000001 139.15000000000003
decision_type=10 10 8 10 10 10 10 10 8 1 10 8 10 8
left_child=2 3 7 6 10 12 11 -1 -6 -5 -4 -2 -3 -7
right_child=1 5 4 9 8 13 -8 -9 -10 -11 -12 -13 -14 -15
leaf_value=-0.77862566905344111 -0.12992464998314646 0.74007986190283126 -0.18402830665458686 0.38013004343121048 -0.080201024081758415 1.0159230759311364 0.29744219336628247 -0.21862566905344105 0.58593004994548681 0.43407598542026754 0.25228541299381679 0.047990525245625519 1.0177082408514195 7.1131066610108533
leaf_weight=13030 512 1105 3866 2539 1459 254 1226 532 137 2241 68 1305 2660 7780
leaf_count=13030 512 1105 3866 2539 1459 254 1226 532 137 2241 68 1305 2660 7780
internal_value=-0.00180971 0.0247267 -0.0290821 0.0156177 -0.0178826 0.0307569 0.00664862 -0.0336405 -0.00625234 0.0213145 -0.022587 0.000749177 0.0252056 0.0333412
internal_weight=38714 19622 19092 7823 5530 11799 3043 13562 1596 4780 3934 1817 3765 8034
internal_count=38714 19622 19092 7823 5530 11799 3043 13562 1596 4780 3934 1817 3765 8034
cat_boundaries=0 1
cat_threshold=23716
is_linear=0
shrinkage=0.035


Tree=15
num_leaves=15
num_cat=1
split_feature=10 10 13 0 0 0 0 0 0 1 32 1 10 23
split_gain=22309 946.992 787.677 331.357 245.732 127.187 117.936 109.07 91.3325 55.4305 52.7246 46.4788 34.4243 32.0536
threshold=46.683333333333337 30.010000000000002 115.17500000000001 61.70000000000001 39.800000000000004 47.550000000000004 30.150000000000002 150.50000000000003 47.050000000000004 67.700000000000017 0 42.050000000000004 23.967857142857145 0.97403637695210932
decision_type=10 8 10 10 8 8 10 8 10 10 1 8 10 8
left_child=1 6 3 5 -3 -2 12 -4 11 -7 -5 13 -1 -6
right_child=2 4 7 10 8 9 -8 -9 -10 -11 -12 -13 -14 -15
leaf_value=-0.82137377063657069 -0.087890455535934692 -0.18790389263864574 0.86453295712454847 0.53573061176505066 -0.011267633607046044 0.12597692043551501 -0.16574189222260177 6.1641479278754741 0.046835543587263745 0.42631114348986821 0.45419662751570333 -0.046381905903213193 -0.25418470502341128 -0.17771436248724645
leaf_weight=11682 659 2402 2429 1785 170 2121 516 8247 600 1048 3105 830 2193 927
leaf_count=11682 659 2402 2429 1785 170 2121 516 8247 600 1048 3105 830 2193 927
internal_value=-0.00190552 -0.0285216 0.0246095 0.0167878 -0.0152584 0.00905818 -0.0330574 0.0309859 -0.00761651 0.0119644 0.0228233 -0.0113225 -0.0336711 -0.016039
internal_weight=38714 19320 19394 8718 4929 3828 14391 10676 2527 3169 4890 1927 13875 1097
internal_count=38714 19320 19394 8718 4929 3828 14391 10676 2527 3169 4890 1927 13875 1097
cat_boundaries=0 1
cat_threshold=41243
is_linear=0
shrinkage=0.035


Tree=16
num_leaves=15
num_cat=1
split_feature=13 10 10 0 0 0 0 0 1 0 19 32 22 21
split_gain=21884.6 893.157 839.084 437.079 234.09 126.948 77.7991 74.5586 66.1466 62.5452 61.0585 55.2979 30.9262 29.5206
threshold=45.025000000000006 28.25357142857143 136.69047619047623 61.70000000000001 39.800000000000004 48.100000000000009 29.900000000000002 52.550000000000004 65.100000000000009 159.50000000000003 40.841666666666676 0 1.1869580879589028 2870.0108225108229
decision_type=10 8 10 10 8 8 10 10 10 8 10 1 10 2
left_child=1 6 3 5 -3 -2 -1 10 -7 -4 12 -5 -6 -13
right_child=2 4 9 11 7 8 -8 -9 -10 -11 -12 13 -14 -15
leaf_value=-0.72262568866429078 -0.054979170019963247 -0.18086459610213265 0.96619696908169461 0.53366424560217207 -0.17380288013294673 0.11787013665603067 -0.2020773059607513 0.2615977349512707 0.43379304203865832 6.6484027503998329 -0.031478286826094687 0.58028847598407285 -0.07379192960022031 0.078667838630856191
leaf_weight=13030 815 3038 1126 3910 1080 2230 532 237 1284 7819 883 2202 292 236
leaf_count=13030 815 3038 1126 3910 1080 2230 532 237 1284 7819 883 2202 292 236
internal_value=-0.00201219 -0.0286862 0.023942 0.0173034 -0.0168076 0.00871366 -0.0335218 -0.0088306 0.011597 0.031852 -0.0107942 0.0231497 -0.0154031 0.0185487
internal_weight=38714 19092 19622 10677 5530 4329 13562 2492 3514 8945 2255 6348 1372 2438
internal_count=38714 19092 19622 10677 5530 4329 13562 2492 3514 8945 2255 6348 1372 2438
cat_boundaries=0 1
cat_threshold=31908
is_linear=0
shrinkage=0.035


Tree=17
num_leaves=15
num_cat=2
split_feature=13 10 13 0 0 10 0 0 1 0 1 32 17 32
split_gain=21367.9 921.195 848.557 335.631 234.112 151.835 118.204 78.7037 70.5681 55.1419 54.9082 54.6538 42.228 28.5961
threshold=45.025000000000006 28.25357142857143 115.17500000000001 61.70000000000001 38.100000000000009 185.00833333333335 49.050000000000004 27.100000000000005 42.050000000000004 113.40000000000002 65.100000000000009 0 14.182980721292305 1
decision_type=10 8 10 10 8 10 8 10 8 10 10 1 8 1
left_child=1 7 3 6 -3 9 -2 -1 -6 -4 -8 -5 13 -10
right_child=2 4 5 11 8 -7 10 -9 12 -11 -12 -13 -14 -15
leaf_value=-0.73233378956104056 -0.050376850339280001 -0.1764232580080243 0.63842202175707874 0.41962149695657747 -0.14283817548348862 7.8821633889394791 0.11866517315080721 -0.19265298295566458 0.0063424546123858512 1.0145858564819727 0.37614889614430924 0.44984565002042237 0.30236307874188412 -0.10063836274738783
leaf_weight=12728 852 2922 981 2750 1458 6766 2150 834 437 2929 1079 2115 193 520
leaf_count=12728 852 2922 981 2750 1458 6766 2150 834 437 2929 1079 2115 193 520
internal_value=-0.00203208 -0.0283893 0.0236139 0.0156485 -0.016327 0.0302781 0.00823177 -0.0332999 -0.00867968 0.0247101 0.0112879 0.0218552 -0.00218182 -0.0052027
internal_weight=38714 19092 19622 8946 5530 10676 4081 13562 2608 3910 3229 4865 1150 957
internal_count=38714 19092 19622 8946 5530 10676 4081 13562 2608 3910 3229 4865 1150 957
cat_boundaries=0 1 2
cat_threshold=23716 2789
is_linear=0
shrinkage=0.035


Tree=18
num_leaves=15
num_cat=1
split_feature=13 10 13 0 0 10 0 0 0 0 32 1 13 1
split_gain=20878.5 969.712 852.354 332.607 228.656 156.235 119.531 79.252 70.1954 60.806 52.8114 51.3457 46.8835 33.9842
threshold=45.025000000000006 27.520000000000003 115.17500000000001 65.100000000000009 38.100000000000009 215.77380952380955 49.050000000000004 28.100000000000005 50.100000000000009 113.40000000000002 0 39.800000000000004 55.050000000000004 135.50000000000003
decision_type=10 8 10 10 8 10 8 10 10 10 1 8 10 10
left_child=1 7 3 6 -3 9 -2 -1 11 13 -5 -6 -8 -4
right_child=2 4 5 10 8 -7 12 -9 -10 -11 -12 -13 -14 -15
leaf_value=-0.70320209357496377 -0.048613660577405085 -0.16958086794770919 0.41252948013488167 0.49018558914120652 -0.14771151685228484 9.1148329355229567 0.070434624603354201 -0.1882617458486768 0.19171150338431253 1.1160021873333095 0.44177126293345803 -0.070291109435209276 0.24543462460335422 1.307360622532894
leaf_weight=12736 852 3164 659 1898 1122 5942 1218 515 266 3614 2586 1289 2392 461
leaf_count=12736 852 3164 659 1898 1122 5942 1218 515 266 3614 2586 1289 2392 461
internal_value=-0.00207908 -0.0281327 0.0232715 0.0152888 -0.0162308 0.0299504 0.00850907 -0.0333709 -0.00867823 0.0251403 0.0220183 -0.0105608 0.0112891 0.0178578
internal_weight=38714 19092 19622 8946 5841 10676 4462 13251 2677 4734 4484 2411 3610 1120
internal_count=38714 19092 19622 8946 5841 10676 4462 13251 2677 4734 4484 2411 3610 1120
cat_boundaries=0 1
cat_threshold=41755
is_linear=0
shrinkage=0.035


Tree=19
num_leaves=15
num_cat=1
split_feature=13 10 13 0 0 1 0 32 0 0 0 1 21 17
split_gain=20369.8 998.646 866.637 451.523 225.549 125.136 86.7871 70.807 70.4057 69.8961 66.9434 45.6039 42.0471 29.8426
threshold=45.025000000000006 27.520000000000003 155.25000000000003 65.100000000000009 37.100000000000009 57.100000000000009 25.950000000000003 0 200.75000000000003 50.100000000000009 50.100000000000009 42.050000000000004 2870.0108225108229 4.0740624727917174
decision_type=10 8 10 10 8 10 10 1 8 10 10 10 2 10
left_child=1 6 3 5 13 10 -1 -5 -4 11 -2 -6 -9 -3
right_child=2 4 8 7 9 -7 -8 12 -10 -11 -12 -13 -14 -15
leaf_value=-0.69959003365128059 -0.011807417690949508 -0.14541401956810085 1.2007728589662894 0.55131577958487776 -0.12774552122773539 0.26478589709739447 -0.17694165094774111 0.57679558956428389 8.0848105219382056 0.18500160076586161 0.13932250641271193 -0.018446789864993571 0.043013370908119276 -0.19087474192191256
leaf_weight=12291 1548 1036 1524 4260 2034 2417 960 2402 6335 266 896 643 240 1862
leaf_count=12291 1548 1036 1524 4260 2034 2417 960 2402 6335 266 896 643 240 1862
internal_value=-0.00217852 -0.0279128 0.0228614 0.0168368 -0.0158356 0.0086529 -0.0332283 0.0225901 0.0318623 -0.00898745 0.00305839 -0.0106879 0.0177042 -0.0227627
internal_weight=38714 19092 19622 11763 5841 4861 13251 6902 7859 2943 2444 2677 2642 2898
internal_count=38714 19092 19622 11763 5841 4861 13251 6902 7859 2943 2444 2677 2642 2898
cat_boundaries=0 1
cat_threshold=31908
is_linear=0
shrinkage=0.035


Tree=20
num_leaves=15
num_cat=1
split_feature=13 10 13 0 0 1 0 32 1 0 0 17 21 1
split_gain=19586.7 1001.28 880.162 428.105 219.126 130.008 96.9035 94.6388 67.3404 61.0623 60.5228 42.8502 38.7354 31.2966
threshold=45.025000000000006 27.520000000000003 170.25000000000003 65.100000000000009 37.100000000000009 57.100000000000009 24.550000000000004 0 41.050000000000004 47.050000000000004 200.75000000000003 14.182980721292305 2870.0108225108229 27.550000000000004
decision_type=10 8 10 10 8 10 10 1 8 10 8 8 2 10
left_child=1 6 3 5 -3 9 13 -5 -6 -2 -4 -10 -9 -1
right_child=2 4 10 7 8 -7 -8 12 11 -11 -12 -13 -14 -15
leaf_value=-0.69260438247348577 -0.04649892283801265 -0.1659861128645356 1.3991110225384817 0.5592418700353059 -0.1224343272964593 0.26278394966086432 -0.1767345744515437 0.56991868600502293 -0.03979235037803612 0.099636993373212704 7.9878454145118152 0.27370364900410021 0.041507902926335064 -0.18745599976994631
leaf_weight=11641 1121 2898 977 4644 1662 2494 1362 2610 1080 1331 6205 201 240 248
leaf_count=11641 1121 2898 977 4644 1662 2494 1362 2610 1080 1331 6205 201 240 248
internal_value=-0.00223818 -0.0274729 0.0223157 0.0166718 -0.0153806 0.00866694 -0.0327953 0.0219456 -0.00863128 0.00293447 0.0320732 -0.00258554 0.0166143 -0.03382
internal_weight=38714 19092 19622 12440 5841 4946 13251 7494 2943 2452 7182 1281 2850 11889
internal_count=38714 19092 19622 12440 5841 4946 13251 7494 2943 2452 7182 1281 2850 11889
cat_boundaries=0 1
cat_threshold=31908
is_linear=0
shrinkage=0.035


Tree=21
num_leaves=15
num_cat=2
split_feature=13 10 13 0 0 1 32 0 0 32 1 0 0 21
split_gain=18950.6 1053.97 934.769 427.578 254.104 141.537 77.3471 68.525 60.2359 55.7553 43.9427 41.0752 38.9857 36.8829
threshold=45.025000000000006 25.025000000000002 190.15000000000003 70.250000000000014 37.100000000000009 50.100000000000009 0 50.100000000000009 24.550000000000004 1 41.050000000000004 31.050000000000004 200.75000000000003 2870.0108225108229
decision_type=10 8 10 10 8 8 1 10 10 1 10 10 8 2
left_child=1 8 3 5 11 -2 13 10 -1 -7 -6 -3 -4 -5
right_child=2 4 12 6 7 9 -8 -9 -10 -11 -12 -13 -14 -15
leaf_value=-0.6683632290869137 -0.0054463131535192845 -0.18089503977799823 1.5274595299316287 0.62399034908022755 -0.12187105375786436 0.21089944898562674 0.64993975099408041 0.17191095207005777 -0.19956298305876619 0.15267408386912537 -0.017805626867718232 -0.12334491743316414 8.0582708250039019 0.01117684302848744
leaf_weight=11490 1227 2347 544 2088 2168 2527 5003 269 768 2051 687 1363 5999 183
leaf_count=11490 1227 2347 544 2088 2168 2527 5003 269 768 2051 687 1363 5999 183
internal_value=-0.00231049 -0.027132 0.0218413 0.0164273 -0.0161003 0.00933133 0.02208 -0.00872483 -0.0332733 0.012158 -0.0103164 -0.0222907 0.0326428 0.0163364
internal_weight=38714 19092 19622 13079 6834 5805 7274 3124 12258 4578 2855 3710 6543 2271
internal_count=38714 19092 19622 13079 6834 5805 7274 3124 12258 4578 2855 3710 6543 2271
cat_boundaries=0 1 2
cat_threshold=33619 23968
is_linear=0
shrinkage=0.035


Tree=22
num_leaves=15
num_cat=1
split_feature=13 10 13 0 0 1 0 32 1 0 0 0 21 16
split_gain=18351.9 1115.84 972.953 414.877 243.917 130.146 90.3111 71.1138 54.3163 48.9254 40.6728 37.0976 34.9513 34.4873
threshold=45.025000000000006 23.50714285714286 190.15000000000003 70.250000000000014 32.050000000000004 50.100000000000009 45.100000000000009 0 97.100000000000009 49.050000000000004 24.550000000000004 200.75000000000003 2870.0108225108229 24.387155050664024
decision_type=10 8 10 10 8 8 10 1 10 8 10 8 2 8
left_child=1 10 3 5 -3 -2 -6 12 9 -7 -1 -4 -5 -8
right_child=2 4 11 7 6 8 13 -9 -10 -11 -12 -13 -14 -15
leaf_value=-0.65897050271743129 -0.0052556921931460826 -0.17071297579334191 1.4739984463840214 0.60215068686241946 -0.11336203955316269 -0.022215080176982378 -0.0047364686144858587 0.62719185970928759 0.72162687972934014 0.15908488194042084 -0.22661548958643693 7.7762313461287649 0.010785653522490401 1.0516927636823159
leaf_weight=11133 1227 3115 544 2088 3764 379 537 5003 820 3379 480 5999 183 63
leaf_count=11133 1227 3115 544 2088 3764 379 537 5003 820 3379 480 5999 183 63
internal_value=-0.0023575 -0.0267838 0.0214098 0.015887 -0.0162233 0.00889759 -0.0108629 0.0214549 0.0116081 0.00980335 -0.0335751 0.032429 0.0159383 0.00173554
internal_weight=38714 19092 19622 13079 7479 5805 4364 7274 4578 3758 11613 6543 2271 600
internal_count=38714 19092 19622 13079 7479 5805 4364 7274 4578 3758 11613 6543 2271 600
cat_boundaries=0 1
cat_threshold=33619
is_linear=0
shrinkage=0.035


Tree=23
num_leaves=15
num_cat=1
split_feature=13 10 13 0 0 1 0 32 1 0 0 17 0 0
split_gain=17761.6 1147.18 963.651 394.333 263.46 126.44 82.781 75.0056 57.2465 46.0997 44.5336 37.0938 36.075 34.2298
threshold=45.025000000000006 22.72666666666667 200.25000000000003 70.250000000000014 32.050000000000004 50.100000000000009 45.100000000000009 0 97.100000000000009 49.050000000000004 120.25000000000001 3.3843340787727727 21.050000000000004 229.75000000000003
decision_type=10 8 10 10 8 8 10 1 10 8 10 8 10 8
left_child=1 12 3 5 -3 -2 11 -5 9 -7 -9 -6 -1 -4
right_child=2 4 13 7 6 8 -8 10 -10 -11 -12 -13 -14 -15
leaf_value=-0.66390654179804143 -0.0050717429663859909 -0.16643070112423852 1.3790632490142576 0.55017608548217389 -0.11998168811748831 -0.019490879829142983 0.023242450679066665 0.42530634585936666 0.69698758218859813 0.15312281684568821 0.97323710867752977 -0.10819632789991938 -0.21868394745091166 8.3790632490142585
leaf_weight=10476 1227 3369 699 2390 673 380 601 2802 852 3388 2327 3140 833 5557
leaf_count=10476 1227 3369 699 2390 673 380 601 2802 852 3388 2327 3140 833 5557
internal_value=-0.00247501 -0.0265052 0.0209069 0.0155905 -0.0161473 0.00876196 -0.0105024 0.0208911 0.0114119 0.00953618 0.0233447 -0.0124031 -0.0336234 0.0322441
internal_weight=38714 19092 19622 13366 7783 5847 4414 7519 4620 3768 5129 3813 11309 6256
internal_count=38714 19092 19622 13366 7783 5847 4414 7519 4620 3768 5129 3813 11309 6256
cat_boundaries=0 1
cat_threshold=33619
is_linear=0
shrinkage=0.035


Tree=24
num_leaves=15
num_cat=3
split_feature=10 10 13 0 0 1 0 0 32 0 32 0 1 32
split_gain=17311.9 1146.79 996.841 420.648 238.734 180.378 60.8274 57.4153 49.9315 48.4973 46.005 35.7921 35.655 35.0288
threshold=45.008333333333333 23.50714285714286 217.25000000000003 82.100000000000009 34.900000000000006 50.100000000000009 39.800000000000004 55.300000000000004 0 21.050000000000004 1 120.25000000000001 200.75000000000003 2
decision_type=10 8 10 10 8 8 10 8 1 10 1 10 8 1
left_child=1 9 3 5 -3 -2 -6 13 -5 -1 -8 -10 -4 -7
right_child=2 4 12 8 6 7 10 -9 11 -11 -12 -13 -14 -15
leaf_value=-0.63366981951083023 -0.018341311073685952 -0.15390871909695841 1.6564586802270751 0.66344511265738404 -0.10502086955369312 0.15497597075704356 -0.12315593708133869 0.22089422238450054 0.49252142960574424 -0.19425261031297966 0.018996767240918689 0.95077465190891497 7.9107960352987599 -0.010604911294695896
leaf_weight=10608 1344 3481 231 1976 2369 515 819 4774 2051 1005 688 2544 5701 608
leaf_count=10608 1344 3481 231 1976 2369 515 819 4774 2051 1005 688 2544 5701 608
internal_value=-0.00256179 -0.0264358 0.0203772 0.0152139 -0.0156079 0.00938518 -0.0096135 0.0120205 0.0216248 -0.0332858 -0.00409722 0.0237256 0.0323766 0.00487145
internal_weight=38714 18970 19744 13812 7357 7241 3876 5897 6571 11613 1507 4595 5932 1123
internal_count=38714 18970 19744 13812 7357 7241 3876 5897 6571 11613 1507 4595 5932 1123
cat_boundaries=0 1 2 3
cat_threshold=33618 30466 11560
is_linear=0
shrinkage=0.035


Tree=25
num_leaves=15
num_cat=1
split_feature=13 10 13 0 1 13 0 0 0 23 32 0 8 16
split_gain=16823.7 1206.54 926.722 289.91 251.163 184.384 90.2183 77.9497 65.4936 56.9955 54.4785 39.7107 36.0393 31.7616
threshold=45.025000000000006 22.341666666666669 138.25000000000003 32.050000000000004 65.100000000000009 250.75000000000003 100.50000000000001 45.100000000000009 46.100000000000009 0.86277558050036973 0 20.100000000000005 3.2492027992275845 25.47602772420565
decision_type=10 8 10 8 8 10 10 10 8 10 1 10 2 8
left_child=1 11 4 -3 8 9 10 12 -2 -4 -6 -1 -5 -9
right_child=2 3 5 7 6 -7 -8 13 -10 -11 -12 -13 -14 -15
leaf_value=-0.62899137582795106 -0.10058203260905046 -0.15553982749473996 0.79791491322185626 -0.11292250180712686 0.24950793409357461 9.383918174063302 0.66369733145224952 -0.0019345279871647494 0.091370536467163893 1.143203436633675 0.2326231137810745 -0.20495376895202538 -0.10016360671589887 1.0968724811358661
leaf_weight=10300 456 3485 1395 321 2625 4995 2419 547 2629 2526 2577 859 3525 55
leaf_count=10300 456 3485 1395 321 2625 4995 2419 547 2629 2526 2577 859 3525 55
internal_value=-0.00262326 -0.0260104 0.020133 -0.01556 0.0131818 0.0284677 0.0165913 -0.00962048 0.00474595 0.0227241 0.0139677 -0.0334293 -0.0114516 0.00207578
internal_weight=38714 19092 19622 7933 10706 8916 7621 4448 3085 3921 5202 11159 3846 602
internal_count=38714 19092 19622 7933 10706 8916 7621 4448 3085 3921 5202 11159 3846 602
cat_boundaries=0 1
cat_threshold=31904
is_linear=0
shrinkage=0.035


Tree=26
num_leaves=15
num_cat=1
split_feature=10 13 10 10 0 13 0 0 0 1 0 23 1 32
split_gain=16178.3 1093.08 1028.06 379.639 191.19 159.086 136.023 85.4366 54.2893 52.6651 46.4119 45.4475 45.1427 42.6931
threshold=42.341666666666676 150.02500000000003 22.341666666666669 55.033333333333339 31.050000000000004 279.50000000000006 90.300000000000011 50.100000000000009 37.100000000000009 65.100000000000009 39.800000000000004 0.86621026338103879 20.100000000000005 0
decision_type=10 10 8 10 8 10 10 10 10 10 8 10 10 1
left_child=2 3 12 7 -4 11 9 10 -6 -5 -2 -3 -1 -8
right_child=1 5 4 6 8 -7 13 -9 -10 -11 -12 -13 -14 -15
leaf_value=-0.60347666432253233 -0.19221336770470443 0.89525454544749783 -0.15193298556294363 0.12521921629089894 -0.10756721499997267 10.105481037971087 0.63223306887691277 0.10923275308929108 -0.069437755214091956 0.25829796703637847 -0.0092141411209292028 1.2618491451323415 -0.20447667767397273 0.62054504550198186
leaf_weight=10399 322 1243 3181 2409 2503 4562 2316 825 1474 3290 1484 2271 760 1675
leaf_count=10399 322 1243 3181 2409 2503 4562 2316 825 1474 3290 1484 2271 760 1675
internal_value=-0.00272089 0.018718 -0.0265929 0.0121503 -0.0162223 0.0287242 0.0153502 0.000358498 -0.0110836 0.011861 -0.00390392 0.0230548 -0.033235 0.0203116
internal_weight=38714 20397 18317 12321 7158 8076 9690 2631 3977 5699 1806 3514 11159 3991
internal_count=38714 20397 18317 12321 7158 8076 9690 2631 3977 5699 1806 3514 11159 3991
cat_boundaries=0 1
cat_threshold=23716
is_linear=0
shrinkage=0.035


Tree=27
num_leaves=15
num_cat=1
split_feature=10 13 10 13 0 0 0 0 17 32 1 0 1 0
split_gain=15689.2 1110.44 1050.79 394.211 183.184 170.435 139.276 80.7846 55.6811 48.4961 45.8989 44.4498 44.1825 41.8794
threshold=41.690476190476197 150.02500000000003 21.516666666666669 54.975000000000009 30.150000000000002 250.75000000000003 90.300000000000011 39.800000000000004 3.4410622038709557 0 65.100000000000009 60.150000000000006 300.80000000000007 51.550000000000004
decision_type=10 10 8 10 8 10 10 8 8 1 10 10 10 10
left_child=2 3 -1 7 -4 12 10 -2 -6 -8 -5 -9 -3 -10
right_child=1 5 4 6 8 -7 9 11 13 -11 -12 -13 -14 -15
leaf_value=-0.56835499442268411 -0.18476036663865217 1.0042912607012773 -0.14917210258019667 0.11854438039393472 -0.10471557955145096 8.7017892016420983 0.61039595388316292 0.0014291721934936597 -0.095115779325358044 0.56586130885752894 0.24603905389139277 0.33660764791362807 9.915785940800653 0.25083517382636522
leaf_weight=10830 324 3186 3367 2640 815 4275 2501 2022 3045 1470 3298 215 615 111
leaf_count=10830 324 3186 3367 2640 815 4275 2501 2022 3045 1470 3298 215 615 111
internal_value=-0.00276789 0.0181821 -0.0264585 0.0116265 -0.0162154 0.0282911 0.0147887 -0.000613796 -0.0111004 0.019868 0.0113781 0.00176405 0.0228337 -0.00896868
internal_weight=38714 20546 18168 12470 7338 8076 9909 2561 3971 3971 5938 2237 3801 3156
internal_count=38714 20546 18168 12470 7338 8076 9909 2561 3971 3971 5938 2237 3801 3156
cat_boundaries=0 1
cat_threshold=23732
is_linear=0
shrinkage=0.035


Tree=28
num_leaves=15
num_cat=1
split_feature=10 13 10 0 0 13 0 32 0 1 0 0 0 17
split_gain=15166.6 1091.49 1054.27 442.319 209.528 163.658 93.1513 81.3433 63.2953 63.2852 58.8812 53.117 42.336 36.366
threshold=42.341666666666676 217.25000000000003 20.75357142857143 70.250000000000014 30.150000000000002 53.800000000000004 250.75000000000003 0 39.800000000000004 97.100000000000009 37.100000000000009 18.550000000000004 170.70000000000002 4.0740624727917174
decision_type=10 10 8 10 8 10 8 1 8 10 10 10 10 8
left_child=2 3 11 5 -4 8 -3 -5 -2 -7 13 -1 -9 -6
right_child=1 6 4 7 10 9 -8 12 -10 -11 -12 -13 -14 -15
leaf_value=-0.58346256961789023 -0.18434420459832684 1.109591139576946 -0.14946465763289365 0.50190203293481905 -0.10117097455464064 0.1169208214020425 8.2222265795846248 0.41470242302793447 0.010826763100828352 0.63783282781416006 -0.066050534267150102 -0.18823127851532143 1.3672663910737695 -0.095099621861911982
leaf_weight=9510 287 940 3633 3829 931 3474 4992 3290 1977 890 1477 991 718 1775
leaf_count=9510 287 940 3633 3829 931 3474 4992 3290 1977 890 1477 991 718 1775
internal_value=-0.00271908 0.0180387 -0.0258326 0.0128462 -0.0160836 0.00618423 0.0306788 0.018473 -0.00144998 0.0101419 -0.0107223 -0.0330778 0.01479 -0.0137883
internal_weight=38714 20397 18317 14465 7816 6628 5932 7837 2264 4364 4183 10501 4008 2706
internal_count=38714 20397 18317 14465 7816 6628 5932 7837 2264 4364 4183 10501 4008 2706
cat_boundaries=0 1
cat_threshold=23712
is_linear=0
shrinkage=0.035


Tree=29
num_leaves=15
num_cat=2
split_feature=10 10 13 0 0 0 0 1 10 32 0 32 21 9
split_gain=14630.7 1114.13 1100.49 440.654 187.505 177.11 92.8862 73.2544 70.7454 59.0544 53.2493 38.7525 35.1367 34.4863
threshold=42.341666666666676 20.75357142857143 217.25000000000003 82.100000000000009 30.150000000000002 47.050000000000004 260.40000000000003 65.100000000000009 15.964285714285717 0 37.100000000000009 1 2985.4257246376815 1032.5000000000002
decision_type=10 8 10 10 8 8 8 10 10 1 10 1 2 10
left_child=1 8 3 5 -3 -2 -4 13 -1 -5 11 -6 -11 -7
right_child=2 4 6 9 10 7 -8 -9 -10 12 -12 -13 -14 -15
leaf_value=-0.59804137968126414 -0.077918960950340302 -0.1442333946157425 1.0707554496917533 0.57978830794129621 -0.056805122898472046 0.020368562920384862 8.4594486492991638 0.23933546178210025 -0.21304137968126405 0.60169303167940891 -0.063738765567799907 -0.10600287736200448 -0.20978095740959657 0.10179884803072548
leaf_weight=8395 1145 3633 1073 3278 957 1333 4859 2955 2106 3228 1477 1749 70 2456
leaf_count=8395 1145 3633 1073 3278 957 1333 4859 2955 2106 3228 1477 1749 70 2456
internal_value=-0.00269558 -0.0253971 0.0176921 0.0124786 -0.0153766 0.00689448 0.030384 0.00905467 -0.0328446 0.0191673 -0.0103044 -0.0132202 0.0155931 0.00582103
internal_weight=38714 18317 20397 14465 7816 7889 5932 6744 10501 6576 4183 2706 3298 3789
internal_count=38714 18317 20397 14465 7816 7889 5932 6744 10501 6576 4183 2706 3298 3789
cat_boundaries=0 1 2
cat_threshold=23712 1206
is_linear=0
shrinkage=0.035


Tree=30
num_leaves=15
num_cat=1
split_feature=10 13 10 0 10 0 10 1 0 0 32 17 0 0
split_gain=14244.5 1099.59 1070.72 496.032 179.933 174.227 83.8007 68.7154 67.3595 64.0734 62.0592 49.9016 42.758 37.7948
threshold=41.690476190476197 250.75000000000003 20.75357142857143 82.100000000000009 52.516666666666673 30.150000000000002 15.964285714285717 118.15000000000002 250.75000000000003 39.800000000000004 0 4.0740624727917174 49.050000000000004 51.550000000000004
decision_type=10 10 8 10 10 8 10 10 8 8 1 8 8 10
left_child=2 3 6 4 9 -4 -1 12 -3 -2 -5 -7 -6 -13
right_child=1 8 5 10 7 11 -8 -9 -10 -11 -12 13 -14 -15
leaf_value=-0.57710993139241984 -0.1657336584853846 1.0800904350178278 -0.13918522580419163 0.58546661800984179 -0.049588093441311869 -0.093820589284782749 -0.20558493139241979 0.79717329102746393 8.8633679465736925 0.0061904791262537631 0.61923738438586806 -0.088303014805105232 0.13456761680501977 0.24659856823666554
leaf_weight=8395 327 304 3627 3659 345 1126 2106 824 4691 1938 3737 2803 4721 111
leaf_count=8395 327 304 3627 3659 345 1126 2106 824 4691 1938 3737 2803 4721 111
internal_value=-0.00273716 0.017225 -0.0253106 0.0126289 0.00666973 -0.0153513 -0.0325714 0.00989143 0.031507 -0.00171145 0.0191906 -0.0103313 0.00835141 -0.00788969
internal_weight=38714 20546 18168 15551 8155 7667 10501 5890 4995 2265 7396 4040 5066 2914
internal_count=38714 20546 18168 15551 8155 7667 10501 5890 4995 2265 7396 4040 5066 2914
cat_boundaries=0 1
cat_threshold=23712
is_linear=0
shrinkage=0.035


Tree=31
num_leaves=15
num_cat=1
split_feature=10 10 13 0 10 0 16 32 0 0 1 17 0 13
split_gain=13781.8 1093.06 1015.75 508.467 187.493 175.132 87.5502 84.6327 61.4225 61.2154 56.744 52.4078 50.3587 44.1588
threshold=41.690476190476197 20.75357142857143 290.20000000000005 90.300000000000011 52.516666666666673 30.150000000000002 3.4022051672407625 0 39.800000000000004 300.80000000000007 97.100000000000009 4.0740624727917174 49.050000000000004 92.625000000000014
decision_type=10 8 10 10 10 8 10 1 8 8 10 8 8 10
left_child=1 6 3 4 8 -3 -1 -5 -2 -4 12 -7 -6 -14
right_child=2 5 9 7 10 11 -8 -9 -10 -11 -12 -13 13 -15
leaf_value=-0.53591108713154523 -0.15993298043839607 -0.13431374290104495 1.2265943129438051 0.67006765726666417 -0.077902267993877783 -0.090536868659815389 -0.27691108379368512 0.68792226079902796 0.0080613991697498655 11.003150068443615 0.57412341641219455 -0.075544914353662479 0.14107486389434956 -0.014917106995213703
leaf_weight=8596 327 3627 372 3614 332 1126 1905 3632 1946 3941 1423 2914 4460 499
leaf_count=8596 327 3627 372 3614 332 1126 1905 3632 1946 3941 1423 2914 4460 499
internal_value=-0.00294507 -0.0251488 0.0166902 0.0126718 0.00710354 -0.0150867 -0.0324848 0.0195683 -0.00158253 0.0317821 0.0100432 -0.0100544 0.00836008 0.00924355
internal_weight=38714 18168 20546 16233 8987 7667 10501 7246 2273 4313 6714 4040 5291 4959
internal_count=38714 18168 20546 16233 8987 7667 10501 7246 2273 4313 6714 4040 5291 4959
cat_boundaries=0 1
cat_threshold=23712
is_linear=0
shrinkage=0.035


Tree=32
num_leaves=15
num_cat=2
split_feature=10 10 13 0 0 1 32 1 17 0 0 0 32 0
split_gain=13273 1144.54 1044 503.608 216.248 193.171 69.3509 62.2896 61.8834 50.3479 50.135 49.5897 46.8329 46.1811
threshold=41.690476190476197 17.930952380952387 309.50000000000006 100.50000000000001 30.150000000000002 50.100000000000009 0 72.050000000000011 4.0740624727917174 19.550000000000004 39.800000000000004 49.050000000000004 1 300.80000000000007
decision_type=10 8 10 10 8 8 1 10 8 10 8 8 1 8
left_child=1 9 3 5 12 10 -5 11 -6 -1 -2 -7 -3 -4
right_child=2 4 13 6 8 7 -8 -9 -10 -11 -12 -13 -14 -15
leaf_value=-0.52065419574408112 -0.15370037065012637 -0.136348291423419 1.7688235294768391 0.71383011712552957 -0.090395952346369463 -0.042861722485282923 0.74739639697169513 0.30259062296014277 -0.077972243089476881 -0.12346566593267093 -0.0040031583938070631 0.11123916638020416 -0.14047321803963156 11.668039816048088
leaf_weight=8901 261 1808 231 3316 1245 495 3329 3704 3037 310 1677 3735 2867 3798
leaf_count=8901 261 1808 231 3316 1245 495 3329 3704 3037 310 1677 3735 2867 3798
internal_value=-0.00303908 -0.0248291 0.0162304 0.0123269 -0.0159066 0.00730687 0.0197737 0.00972541 -0.0102053 -0.0334923 -0.00259393 0.00680992 -0.0211122 0.0321976
internal_weight=38714 18168 20546 16517 8957 9872 6645 7934 4282 9211 1938 4230 4675 4029
internal_count=38714 18168 20546 16517 8957 9872 6645 7934 4282 9211 1938 4230 4675 4029
cat_boundaries=0 1 2
cat_threshold=23712 18190
is_linear=0
shrinkage=0.035


Tree=33
num_leaves=15
num_cat=2
split_feature=10 10 13 0 0 10 32 17 0 0 0 1 32 24
split_gain=12792.8 1201.64 1087.89 480.089 199.747 178.573 64.1692 62.1648 60.0027 51.9983 51.27 46.4497 46.017 37.0622
threshold=41.690476190476197 17.930952380952387 309.50000000000006 105.30000000000001 30.150000000000002 52.516666666666673 0 4.0740624727917174 37.550000000000004 19.050000000000004 300.80000000000007 57.600000000000009 1 5.5000000000000009
decision_type=10 8 10 10 8 10 1 8 8 10 8 8 1 2
left_child=1 9 3 5 12 8 -5 -6 -2 -1 -4 -7 -3 -8
right_child=2 4 10 6 7 11 13 -9 -10 -11 -12 -13 -14 -15
leaf_value=-0.50243129889303817 -0.17509677907495472 -0.13157610122359936 1.7069147059451499 0.69059950438514739 -0.087232094014246517 0.025804117839865592 0.75012172630843155 -0.075243214581345197 0.0049835202234422846 -0.11914436762502746 11.259658422486405 0.19118692521188607 -0.13555665540824446 0.25819664730890318
leaf_weight=8879 269 1808 231 2239 1245 969 3938 3037 2011 332 3798 6771 2867 320
leaf_count=8879 269 1808 231 2239 1245 969 3938 3037 2011 332 3798 6771 2867 320
internal_value=-0.00314032 -0.0245325 0.0157773 0.0117931 -0.0153911 0.00698254 0.019201 -0.00991136 -0.00162363 -0.0334087 0.0320761 0.00951711 -0.0203942 0.0164638
internal_weight=38714 18168 20546 16517 8957 10020 6497 4282 2280 9211 4029 7740 4675 4258
internal_count=38714 18168 20546 16517 8957 10020 6497 4282 2280 9211 4029 7740 4675 4258
cat_boundaries=0 1 2
cat_threshold=22560 18190
is_linear=0
shrinkage=0.035


Tree=34
num_leaves=15
num_cat=3
split_feature=10 10 13 0 0 0 0 1 17 32 0 32 32 0
split_gain=12446.9 1225.22 1062.97 439.85 187.788 170.95 74.439 70.1563 61.2171 58.5088 52.7267 43.2303 39.3239 36.4523
threshold=41.690476190476197 17.930952380952387 290.20000000000005 105.30000000000001 30.150000000000002 47.050000000000004 300.80000000000007 57.100000000000009 3.4410622038709557 0 19.050000000000004 1 2 51.550000000000004
decision_type=10 8 10 10 8 8 8 8 8 1 10 1 1 10
left_child=1 10 3 5 11 -2 -4 -7 -6 -5 -1 -3 -9 -10
right_child=2 4 6 9 8 7 -8 12 13 -11 -12 -13 -14 -15
leaf_value=-0.48484620343178181 -0.058521198841006455 -0.1269709376807733 1.1186312807365377 0.64867404192202149 -0.085383523998735708 0.023843116539882171 9.8155703776993821 0.1900831240276398 -0.080414193545984045 0.68786032629856686 -0.11497431475815156 -0.13081217246895591 0.13936481904339582 0.24597423136923943
leaf_weight=8879 1253 1808 372 2152 910 1725 3941 4110 3261 4106 332 2867 2887 111
leaf_count=8879 1253 1808 372 2152 910 1725 3941 4110 3261 4106 332 2867 2887 111
internal_value=-0.00322348 -0.0243245 0.0154367 0.0113268 -0.0150943 0.00675802 0.0308742 0.00849433 -0.00978073 0.0185981 -0.0332872 -0.0199455 0.0100521 -0.00758662
internal_weight=38714 18168 20546 16233 8957 9975 4313 8722 4282 6258 9211 4675 6997 3372
internal_count=38714 18168 20546 16233 8957 9975 4313 8722 4282 6258 9211 4675 6997 3372
cat_boundaries=0 1 2 3
cat_threshold=22560 18190 23968
is_linear=0
shrinkage=0.035


Tree=35
num_leaves=15
num_cat=2
split_feature=10 10 13 0 0 10 32 0 0 17 1 0 32 0
split_gain=12053.1 1255.59 1074.43 456.278 187.34 162.922 70.5174 60.6661 57.7892 54.3192 52.9517 51.4318 45.2068 35.5313
threshold=41.690476190476197 17.930952380952387 330.25000000000006 105.30000000000001 30.150000000000002 52.516666666666673 0 18.050000000000004 37.550000000000004 3.4410622038709557 72.050000000000011 321.00000000000006 1 51.550000000000004
decision_type=10 8 10 10 8 10 1 10 8 8 10 8 1 10
left_child=1 7 3 5 12 8 -5 -1 -2 -6 -7 -4 -3 -11
right_child=2 4 11 6 9 10 -8 -9 -10 13 -12 -13 -14 -15
leaf_value=-0.4678765863116694 -0.16692014984789602 -0.12252695486194623 1.6994163344250286 0.64450901482026146 -0.082395100658779946 0.085230383579589175 0.68227542663283869 -0.1109502137416163 0.0039741639116605406 -0.077599696771874602 0.28418740205926318 11.222025414479903 -0.12623374643254243 0.23736513327131606
leaf_weight=8818 269 1808 212 2371 910 3950 4391 393 2011 3261 3832 3510 2867 111
leaf_count=8818 269 1808 212 2371 910 3950 4391 393 2011 3261 3832 3510 2867 111
internal_value=-0.00329037 -0.0240549 0.0150723 0.0113013 -0.0147116 0.00657097 0.0183301 -0.0331277 -0.00165427 -0.00940518 0.00898035 0.0320794 -0.0195566 -0.00733787
internal_weight=38714 18168 20546 16824 8957 10062 6762 9211 2280 4282 7782 3722 4675 3372
internal_count=38714 18168 20546 16824 8957 10062 6762 9211 2280 4282 7782 3722 4675 3372
cat_boundaries=0 1 2
cat_threshold=22560 18190
is_linear=0
shrinkage=0.035


Tree=36
num_leaves=15
num_cat=2
split_feature=10 10 13 0 0 1 32 1 0 0 17 0 32 0
split_gain=11455.1 1315.41 1010.86 405.923 169.4 156.159 72.1021 67.8298 63.095 60.3481 52.648 42.6163 42.0962 31.7957
threshold=41.690476190476197 17.930952380952387 340.40000000000003 105.30000000000001 31.050000000000004 47.050000000000004 0 72.050000000000011 18.050000000000004 341.00000000000006 3.4410622038709557 39.800000000000004 1 23.850000000000005
decision_type=10 8 10 10 8 8 1 10 10 8 8 8 1 10
left_child=1 8 3 5 12 -2 -5 11 -1 -4 -6 -7 -3 -14
right_child=2 4 9 6 10 7 -8 -9 -10 -11 -12 -13 13 -15
leaf_value=-0.45150090579076102 -0.060227341001076524 -0.11596214042923983 1.3792545249731061 0.62195119930155196 -0.080362119340304683 -0.15115885406831403 0.66385714590758771 0.27457769502565105 -0.10706695626065969 11.879254524973106 -0.067967037181664677 0.075631631374484851 -0.15358942189946312 -0.086552702293088007
leaf_weight=8818 1161 1839 247 2401 881 197 4435 3875 393 3391 3316 4839 1380 1541
leaf_count=8818 1161 1839 247 2401 881 197 4435 3875 393 3391 3316 4839 1380 1541
internal_value=-0.00350009 -0.0237429 0.0144012 0.0107941 -0.0141804 0.00632133 0.0173747 0.00789424 -0.033029 0.0311282 -0.00903736 0.0052073 -0.0187009 -0.021422
internal_weight=38714 18168 20546 16908 8957 10072 6836 8911 9211 3638 4197 5036 4760 2921
internal_count=38714 18168 20546 16908 8957 10072 6836 8911 9211 3638 4197 5036 4760 2921
cat_boundaries=0 1 2
cat_threshold=22560 18190
is_linear=0
shrinkage=0.035


Tree=37
num_leaves=15
num_cat=2
split_feature=10 10 13 0 0 10 10 32 0 8 0 1 32 0
split_gain=11038 1282.58 1004.97 386.623 172.099 166.832 76.1023 68.7452 53.9394 50.5482 49.44 48.3855 41.3856 35.9126
threshold=41.690476190476197 17.930952380952387 350.25000000000006 120.25000000000001 31.050000000000004 52.516666666666673 13.008333333333335 0 37.550000000000004 3.1787554144084171 361.00000000000006 72.050000000000011 1 47.050000000000004
decision_type=10 8 10 10 8 10 10 1 8 2 8 10 1 10
left_child=1 6 3 5 12 8 -1 -5 -2 -6 -4 -7 -3 -11
right_child=2 4 10 7 9 11 -8 -9 -10 13 -12 -13 -14 -15
leaf_value=-0.48819837408808431 -0.15896998766818204 -0.11190346551421645 1.6634806165990486 0.65946254295679851 -0.079061100935597345 0.087071054889871755 -0.1737417492049094 0.76893957706085247 0.0027110863968404435 -0.072459335928754948 11.813480616599049 0.27703694669963541 -0.11551836240154248 0.035384860384509449
leaf_weight=7141 269 1839 283 2116 413 4179 2070 3558 2011 3528 3213 4917 2921 256
leaf_count=7141 269 1839 283 2116 413 4179 2070 3558 2011 3528 3213 4917 2921 256
internal_value=-0.0035254 -0.0233962 0.014047 0.0105359 -0.0139539 0.00680872 -0.0325656 0.0179961 -0.00165427 -0.00877082 0.0311311 0.00892979 -0.01851 -0.00748219
internal_weight=38714 18168 20546 17050 8957 11376 9211 5674 2280 4197 3496 9096 4760 3784
internal_count=38714 18168 20546 17050 8957 11376 9211 5674 2280 4197 3496 9096 4760 3784
cat_boundaries=0 1 2
cat_threshold=22560 18190
is_linear=0
shrinkage=0.035


Tree=38
num_leaves=15
num_cat=2
split_feature=10 10 13 0 0 1 0 32 1 0 0 0 32 1
split_gain=10720 1310.2 1003.08 376.653 176.507 140.85 82.2196 81.3128 62.9265 54.5931 49.4327 47.0449 38.925 33.8673
threshold=41.690476190476197 17.930952380952387 350.25000000000006 108.10000000000001 25.950000000000003 47.050000000000004 16.550000000000004 0 97.100000000000009 37.100000000000009 41.050000000000004 361.00000000000006 1 16.550000000000004
decision_type=10 8 10 10 8 8 10 1 10 10 8 8 1 10
left_child=1 6 3 5 -3 -2 13 -5 10 12 -7 -4 -6 -1
right_child=2 4 11 7 9 8 -8 -9 -10 -11 -12 -13 -14 -15
leaf_value=-0.43611143099500133 -0.053928687470121826 -0.14030295759917247 1.6052587950180823 0.58970252963564584 -0.049196379893720124 -0.088684561813155177 -0.12359578786591238 0.63037454189262765 0.42812672755882675 -0.044095918465283011 0.090369028997800138 11.400008795018081 -0.083856212631885696 -0.1496174128659124
leaf_weight=8223 1162 2934 283 2421 1560 384 639 4461 1981 1373 6641 3213 3090 349
leaf_count=8223 1162 2934 283 2421 1560 384 639 4461 1981 1373 6641 3213 3090 349
internal_value=-0.0035941 -0.0231767 0.0137234 0.0102158 -0.0136337 0.00593139 -0.0324441 0.016537 0.00741094 -0.0101899 0.00584993 0.0307912 -0.012 -0.0333555
internal_weight=38714 18168 20546 17050 8957 10168 9211 6882 9006 6023 7025 3496 4650 8572
internal_count=38714 18168 20546 17050 8957 10168 9211 6882 9006 6023 7025 3496 4650 8572
cat_boundaries=0 1 2
cat_threshold=22560 3510
is_linear=0
shrinkage=0.035


Tree=39
num_leaves=15
num_cat=1
split_feature=10 10 13 0 0 10 0 32 0 0 0 1 19 1
split_gain=10391.4 1347.17 994.772 357.635 171.032 153.319 93.8701 69.7443 56.2147 51.8418 51.1078 44.2127 41.6432 38.6416
threshold=41.690476190476197 17.930952380952387 360.50000000000006 120.25000000000001 25.950000000000003 52.516666666666673 16.550000000000004 0 32.050000000000004 37.550000000000004 391.00000000000006 159.50000000000003 167.58333333333334 16.550000000000004
decision_type=10 8 10 10 8 10 10 1 10 8 8 10 8 10
left_child=1 6 3 5 -3 9 13 -5 -6 -2 -4 12 -7 -1
right_child=2 4 10 7 8 11 -8 -9 -10 -11 -12 -13 -14 -15
leaf_value=-0.42084753091017624 -0.15151853403834162 -0.13539235408320147 1.385861236925759 0.72019482487170128 -0.078845292790195295 0.13502842808645069 -0.11926993529060544 0.62931930343349229 -0.047030782683235836 0.0025611922795589596 12.401008487192449 0.92715630709497887 -0.062719798470299473 -0.1443808034156055
leaf_weight=8223 269 2934 369 2775 3570 7978 639 2985 2453 2011 3023 648 488 349
leaf_count=8223 269 2934 369 2775 3570 7978 639 2985 2453 2011 3023 648 488 349
internal_value=-0.00359229 -0.0228724 0.0134577 0.0100274 -0.0131963 0.00642951 -0.0322694 0.0171327 -0.00980674 -0.0016849 0.0307654 0.00845926 0.00777594 -0.0332412
internal_weight=38714 18168 20546 17154 8957 11394 9211 5760 6023 2280 3392 9114 8466 8572
internal_count=38714 18168 20546 17154 8957 11394 9211 5760 6023 2280 3392 9114 8466 8572
cat_boundaries=0 1
cat_threshold=41882
is_linear=0
shrinkage=0.035


Tree=40
num_leaves=15
num_cat=3
split_feature=10 10 13 0 0 1 32 0 0 0 0 32 23 32
split_gain=9929.36 1397.8 950.338 347.339 191.514 148.019 66.4418 63.4218 58.3014 58.0731 46.9431 42.6979 39.3196 36.1742
threshold=41.690476190476197 15.964285714285717 360.50000000000006 120.25000000000001 25.950000000000003 57.600000000000009 0 16.550000000000004 32.050000000000004 400.50000000000006 39.800000000000004 1 1.5262117642049531 2
decision_type=10 8 10 10 8 8 1 10 10 8 8 1 10 1
left_child=1 7 3 5 13 10 12 -1 -6 -4 -2 -7 -5 -3
right_child=2 4 9 6 8 11 -8 -9 -10 -11 -12 -13 -14 -15
leaf_value=-0.40611786732832006 -0.13226795908474864 -0.13812780625137924 1.4287518316470946 0.56804898231917222 -0.077475960527856075 0.053909314252674714 0.60729312781331957 -0.1236171125554342 -0.045587334923725326 11.966973190140713 0.0042142345098256234 0.17275693476400514 1.4292866632615038 -0.13065362169028941
leaf_weight=8098 292 1264 463 2284 3718 1485 2985 297 2457 2929 2364 7253 491 2334
leaf_count=8098 292 1264 463 2284 3718 1485 2985 297 2457 2929 2364 7253 491 2334
internal_value=-0.00355975 -0.0224063 0.0131069 0.00975406 -0.0133979 0.00620844 0.0167563 -0.0328792 -0.00964482 0.0300236 -0.00102593 0.00840673 0.0126326 -0.0198168
internal_weight=38714 18168 20546 17154 9773 11394 5760 8395 6175 3392 2656 8738 2775 3598
internal_count=38714 18168 20546 17154 9773 11394 5760 8395 6175 3392 2656 8738 2775 3598
cat_boundaries=0 1 2 3
cat_threshold=41882 33347 18190
is_linear=0
shrinkage=0.035


Tree=41
num_leaves=15
num_cat=3
split_feature=10 10 0 1 0 0 0 13 0 32 0 0 32 32
split_gain=9648.2 1410.25 935.622 220.196 206.211 185.947 126.603 95.7758 76.2828 60.4167 56.4451 39.4325 36.4437 31.7779
threshold=41.690476190476197 15.964285714285717 170.70000000000002 97.100000000000009 431.50000000000006 25.950000000000003 45.100000000000009 465.75000000000006 16.550000000000004 0 32.050000000000004 84.100000000000009 1 2
decision_type=10 8 10 10 10 8 8 10 10 1 10 10 1 1
left_child=1 8 3 6 9 12 -2 13 -1 -4 -7 -8 -3 -5
right_child=2 5 4 7 -6 10 11 -9 -10 -11 -12 -13 -14 -15
leaf_value=-0.39190374197182887 -0.078599396110795583 -0.13329333303258095 0.91988696821260185 0.35932411006723236 12.598129128485789 -0.074764301909381117 0.059405067050972073 13.769635981773792 -0.11929051361599405 0.94069709435126536 -0.043991778201395 0.24251203716187264 -0.12608074493112931 0.36478412530260212
leaf_weight=8098 1107 1264 1665 2445 2382 3718 6018 329 297 2179 2457 1927 2334 2494
leaf_count=8098 1107 1264 1665 2445 2382 3718 6018 329 297 2179 2457 1927 2334 2494
internal_value=-0.00363207 -0.0222099 0.0127969 0.00786736 0.0241197 -0.0131617 0.00455228 0.013554 -0.0327292 0.0190595 -0.00946359 0.00609748 -0.0194865 0.0123109
internal_weight=38714 18168 20546 14320 6226 9773 9052 5268 8395 3844 6175 7945 3598 4939
internal_count=38714 18168 20546 14320 6226 9773 9052 5268 8395 3844 6175 7945 3598 4939
cat_boundaries=0 1 2 3
cat_threshold=41754 18190 23712
is_linear=0
shrinkage=0.035


Tree=42
num_leaves=15
num_cat=3
split_feature=10 10 13 0 0 1 0 32 0 0 32 0 23 32
split_gain=9247.78 1451.53 948.102 342.018 180.165 141.488 80.3076 63.0874 61.3822 60.6281 47.8236 41.7158 40.1736 37.7807
threshold=41.690476190476197 15.964285714285717 370.25000000000006 140.50000000000003 23.850000000000005 57.600000000000009 15.050000000000002 0 32.050000000000004 400.50000000000006 1 46.100000000000009 1.5262117642049531 2
decision_type=10 8 10 10 8 8 10 1 10 8 1 10 10 1
left_child=1 6 3 5 13 11 -1 12 -6 -4 -7 -2 -5 -3
right_child=2 4 9 7 8 10 -8 -9 -10 -11 -12 -13 -14 -15
leaf_value=-0.37818711100281494 -0.066208326102975695 -0.12701292265820771 1.3840424777307698 0.60836853303608651 -0.075321680930297799 0.046318334177498428 -0.10919309287372601 0.73277269604897111 -0.04245206596434617 11.107194608988786 0.17502655340645526 0.031799984256639553 1.5970647385507888 -0.12571236363822
leaf_weight=7927 1283 871 405 1835 4549 1587 468 2411 2457 2898 8299 1380 448 1896
leaf_count=7927 1283 871 405 1835 4549 1587 468 2411 2457 2898 8299 1380 448 1896
internal_value=-0.0035941 -0.0217823 0.0124904 0.0091944 -0.0126033 0.00617532 -0.0324542 0.0172505 -0.00960491 0.0296569 0.00810333 -0.000983883 0.012809 -0.0201641
internal_weight=38714 18168 20546 17243 9773 12549 8395 4694 7006 3303 9886 2663 2283 2767
internal_count=38714 18168 20546 17243 9773 12549 8395 4694 7006 3303 9886 2663 2283 2767
cat_boundaries=0 1 2 3
cat_threshold=41882 33347 18188
is_linear=0
shrinkage=0.035


Tree=43
num_leaves=15
num_cat=3
split_feature=10 10 13 0 0 1 32 0 0 0 32 32 0 23
split_gain=8866.19 1501.03 959.297 365.652 211.64 136.951 68.5409 59.5501 49.5964 47.5242 54.676 47.4057 44.1095 40.4431
threshold=41.690476190476197 14.012500000000003 420.37500000000006 140.50000000000003 23.850000000000005 57.600000000000009 0 32.050000000000004 15.050000000000002 72.050000000000011 1 2 431.50000000000006 1.5262117642049531
decision_type=10 8 10 10 8 8 1 10 10 8 1 1 8 10
left_child=1 8 3 5 11 -2 13 -6 -1 -7 -11 -3 -4 -5
right_child=2 4 12 6 7 9 -8 -9 -10 10 -12 -13 -14 -15
leaf_value=-0.38245056211771639 -0.0084354615297615263 -0.12226961016113076 2.1059241058779148 0.62044535096976783 -0.073504781263677113 0.049639381768205169 0.75249282761345815 -0.040865201719750922 -0.10537133462314555 0.17123441847995927 0.23648598092565423 -0.12201199468891533 12.468442797674181 1.5966598532082974
leaf_weight=7398 2663 993 220 1970 4700 2684 2668 2458 210 2534 4745 2409 2585 477
leaf_count=7398 2663 993 220 1970 4700 2684 2668 2458 210 2534 4745 2409 2585 477
internal_value=-0.00362664 -0.0214356 0.0121225 0.00910994 -0.0128869 0.00590769 0.017001 -0.00945972 -0.0332852 0.00779143 0.00925934 -0.0200734 0.0311263 0.0125244
internal_weight=38714 18168 20546 17741 10560 12626 5115 7158 7608 9963 7279 3402 2805 2447
internal_count=38714 18168 20546 17741 10560 12626 5115 7158 7608 9963 7279 3402 2805 2447
cat_boundaries=0 1 2 3
cat_threshold=41882 33607 18188
is_linear=0
shrinkage=0.035


Tree=44
num_leaves=15
num_cat=3
split_feature=10 10 0 0 0 1 13 0 32 0 0 32 32 24
split_gain=8478.63 1583.73 902.639 223.555 193.835 189.25 107.396 83.9824 54.5177 53.4531 49.103 46.4811 33.4903 33.1851
threshold=41.690476190476197 14.012500000000003 170.70000000000002 461.50000000000006 23.850000000000005 75.15000000000002 465.75000000000006 45.100000000000009 0 32.050000000000004 15.050000000000002 1 2 4.5000000000000009
decision_type=10 8 10 10 8 10 10 8 1 10 10 1 1 2
left_child=1 10 5 8 11 7 -7 -2 -4 -6 -1 -3 -11 -9
right_child=2 4 3 -5 9 6 -8 13 -10 12 -12 -13 -14 -15
leaf_value=-0.36906479244359625 -0.074815859142294397 -0.11799017380549122 0.83881449571155808 12.382047299755584 -0.070932113919448453 0.26538389506201288 12.112551413178505 0.07440312939479006 1.0055307630959123 0.0014127793694355974 -0.10168333791133541 -0.1177415748748033 -0.07756902665069948 -0.010021765959076633
leaf_weight=7398 1080 993 1763 2190 4700 6845 331 4890 2273 989 210 2409 1469 1174
leaf_count=7398 1080 993 1763 2190 4700 6845 331 4890 2273 989 210 2409 1469 1174
internal_value=-0.0036158 -0.0210312 0.0117853 0.0229064 -0.0122508 0.0069438 0.0109567 0.0029081 0.0179807 -0.0089711 -0.0332024 -0.0191283 -0.00477467 0.0045098
internal_weight=38714 18168 20546 6226 10560 14320 7176 7144 4036 7158 7608 3402 2458 6064
internal_count=38714 18168 20546 6226 10560 14320 7176 7144 4036 7158 7608 3402 2458 6064
cat_boundaries=0 1 2 3
cat_threshold=22596 18188 35057
is_linear=0
shrinkage=0.035


Tree=45
num_leaves=15
num_cat=2
split_feature=10 10 13 0 0 13 32 0 0 0 1 32 0 23
split_gain=8150.93 1532.46 944.155 366.724 183.231 158.839 72.2942 55.8727 55.0659 50.4767 48.68 44.0322 39.542 38.3203
threshold=39.638095238095239 14.012500000000003 420.37500000000006 140.50000000000003 23.850000000000005 53.800000000000004 0 15.050000000000002 39.800000000000004 496.15000000000003 104.10000000000001 1 32.050000000000004 1.5262117642049531
decision_type=10 8 10 10 8 10 1 10 8 8 10 1 10 10
left_child=1 7 3 5 11 8 13 -1 -2 -4 -7 -3 -6 -5
right_child=2 4 9 6 12 10 -8 -9 -10 -11 -12 -13 -14 -15
leaf_value=-0.35614752470807043 -0.12032193082525376 -0.1141124516666208 1.9299817824827612 0.56483325004965035 -0.068614095024715216 0.08533658574712509 0.69756314419917653 -0.098124421084438654 0.0010658716074669174 12.878612113717258 0.3237252737179534 -0.11356579088535904 -0.042370427582853629 1.4889723132386967
leaf_weight=7398 490 989 428 1970 4580 6874 2668 210 2527 2377 3262 2399 2065 477
leaf_count=7398 490 989 428 1970 4580 6874 2668 210 2527 2377 3262 2399 2065 477
internal_value=-0.00355252 -0.0211019 0.0111403 0.00823236 -0.0121095 0.00513642 0.0161807 -0.032945 -0.00191099 0.0300302 0.007234 -0.0187327 -0.00872105 0.0116145
internal_weight=38714 17641 21073 18268 10033 13153 5115 7608 3017 2805 10136 3388 6645 2447
internal_count=38714 17641 21073 18268 10033 13153 5115 7608 3017 2805 10136 3388 6645 2447
cat_boundaries=0 1 2
cat_threshold=41882 18188
is_linear=0
shrinkage=0.035


Tree=46
num_leaves=15
num_cat=2
split_feature=10 10 0 10 0 0 13 0 0 1 32 23 32 1
split_gain=7883.65 1485.26 973.784 244.655 236.72 176.664 142.595 61.535 61.2123 59.2453 52.0714 41.0637 40.5887 35.7779
threshold=37.81666666666667 14.012500000000003 170.70000000000002 52.516666666666673 496.15000000000003 23.850000000000005 465.75000000000006 39.800000000000004 12.100000000000001 104.10000000000001 0 1.5262117642049531 1 20.100000000000005
decision_type=10 8 10 10 10 8 10 8 10 10 1 10 1 8
left_child=1 8 3 7 10 12 9 -2 -1 11 -4 -5 -3 -7
right_child=2 5 4 6 -6 13 -8 -9 -10 -11 -12 -13 -14 -15
leaf_value=-0.36118236134328791 -0.093389184327326846 -0.11014147898814802 0.86034763591389896 0.074153792910203617 12.547924220284033 -0.12224577164091818 11.657860689737154 -0.0012383093111625245 -0.11271897533449181 0.32994633203119106 0.83782884306313754 0.39852296848594176 -0.10959098820437142 -0.053977825519375071
leaf_weight=6857 715 986 1812 6941 2072 843 375 2591 751 4345 2342 378 2393 5313
leaf_count=6857 715 986 1812 6941 2072 843 375 2591 751 4345 2342 378 2393 5313
internal_value=-0.00357241 -0.0212862 0.0105068 0.00576645 0.0221762 -0.0120739 0.00808162 -0.00266385 -0.0328162 0.00739052 0.0173191 0.00546218 -0.0185033 -0.00853271
internal_weight=38714 17143 21571 15345 6226 9535 12039 3306 7608 11664 4154 7319 3379 6156
internal_count=38714 17143 21571 15345 6226 9535 12039 3306 7608 11664 4154 7319 3379 6156
cat_boundaries=0 1 2
cat_threshold=41754 18188
is_linear=0
shrinkage=0.035


Tree=47
num_leaves=15
num_cat=2
split_feature=10 10 13 0 0 0 32 0 1 0 32 0 23 9
split_gain=7649.7 1517.79 975.12 358.783 182.411 178.696 76.8605 60.8845 57.0736 51.7938 51.0026 39.6503 36.9877 34.8279
threshold=37.81666666666667 14.012500000000003 420.37500000000006 140.50000000000003 49.050000000000004 21.050000000000004 0 12.100000000000001 75.15000000000002 496.15000000000003 1 32.050000000000004 1.5262117642049531 1042.5000000000002
decision_type=10 8 10 10 8 8 1 10 10 8 1 10 10 10
left_child=1 7 3 4 -2 10 12 -1 13 -4 -3 -7 -5 -6
right_child=2 5 9 6 8 11 -8 -9 -10 -11 -12 -13 -14 -15
leaf_value=-0.34854097869627287 -0.045202908942007042 -0.095104348491670168 1.8327143317137664 0.51764640959680475 0.00078464250963712352 -0.065127839119794473 0.64844573957321405 -0.10877381119778461 0.21824269751526135 12.019835565596352 -0.1123193118904766 -0.03644911882619209 1.3977500068498774 0.074515222209620383
leaf_weight=6857 2198 828 428 1970 2012 5035 2669 751 5653 2377 1961 1711 477 3787
leaf_count=6857 2198 828 428 1970 2012 5035 2669 751 5653 2377 1961 1711 477 3787
internal_value=-0.00359229 -0.0210412 0.0102765 0.00739492 0.00442915 -0.011729 0.0152958 -0.0326967 0.00620145 0.0295071 -0.0191786 -0.00863724 0.0106194 0.00375689
internal_weight=38714 17143 21571 18766 13650 9535 5116 7608 11452 2805 2789 6746 2447 5799
internal_count=38714 17143 21571 18766 13650 9535 5116 7608 11452 2805 2789 6746 2447 5799
cat_boundaries=0 1 2
cat_threshold=41882 1804
is_linear=0
shrinkage=0.035


Tree=48
num_leaves=15
num_cat=3
split_feature=10 10 10 0 0 0 32 1 13 0 0 32 32 23
split_gain=7375.89 1555.25 903.414 350.691 178.396 166.841 73.4044 58.5301 56.2484 54.9218 45.7211 36.2744 36.0761 35.1088
threshold=37.81666666666667 13.683333333333335 441.90476190476198 140.50000000000003 19.550000000000004 45.100000000000009 0 75.15000000000002 601.00000000000011 12.100000000000001 32.050000000000004 1 2 1.5262117642049531
decision_type=10 8 10 10 8 8 1 10 10 10 10 1 1 10
left_child=1 9 3 5 12 -2 13 -7 -4 -1 -6 -12 -3 -5
right_child=2 4 8 6 10 7 -8 -9 -10 -11 11 -13 -14 -15
leaf_value=-0.33634204444190335 -0.061028095610896629 -0.092866334268603135 2.8110478576864435 0.51314775969964843 -0.063264429574018136 0.043429351500990025 0.62594316386071847 0.2105477343041853 15.538052627778221 -0.10843011381465821 0.021480251300041876 -0.064207633570515663 -0.11082350586959006 1.3753894349335138
leaf_weight=6792 1854 411 864 1993 5809 6143 2707 5665 1863 654 468 1243 1766 482
leaf_count=6792 1854 411 864 1993 5809 6143 2707 5665 1863 654 468 1243 1766 482
internal_value=-0.0036176 -0.0207514 0.0100007 0.00727147 -0.0115043 0.00432794 0.0150202 0.00586049 0.0288122 -0.0327782 -0.00893953 -0.00389569 -0.0203231 0.0104719
internal_weight=38714 17143 21571 18844 9697 13662 5182 11808 2727 7446 7520 1711 2177 2475
internal_count=38714 17143 21571 18844 9697 13662 5182 11808 2727 7446 7520 1711 2177 2475
cat_boundaries=0 1 2 3
cat_threshold=41882 224 1292
is_linear=0
shrinkage=0.035


Tree=49
num_leaves=15
num_cat=3
split_feature=10 10 10 1 0 0 1 0 0 1 32 0 32 32
split_gain=7161.9 1541.34 908.106 334.71 172.037 147.524 71.3467 71.2249 67.6209 57.8701 45.9181 42.7372 35.4151 32.2712
threshold=37.341666666666676 13.683333333333335 441.90476190476198 97.100000000000009 18.550000000000004 45.100000000000009 150.50000000000003 85.050000000000011 12.100000000000001 601.00000000000011 0 32.050000000000004 1 2
decision_type=10 8 10 10 8 8 10 10 10 8 1 10 1 1
left_child=1 8 3 5 13 -2 -5 -7 -1 -4 -8 -6 -13 -3
right_child=2 4 9 6 11 7 10 -9 -10 -11 -12 12 -14 -15
leaf_value=-0.32457007288643674 -0.066308021135361744 -0.099558623224933446 2.5892705957410227 0.22940380162617702 -0.061076486106222995 0.037891186111008258 0.71760670222786693 0.28373430614269113 -0.1046350598311452 14.101720785805984 0.67330216231522222 0.021242002752992983 -0.062467926897987282 -0.10694468316415441
leaf_weight=6792 1924 350 761 3672 5988 6464 1697 2384 654 1966 2853 427 1173 1609
leaf_count=6792 1924 350 761 3672 5988 6464 1697 2384 654 1966 2853 427 1173 1609
internal_value=-0.00367907 -0.0206957 0.00963523 0.00691931 -0.0113772 0.00285794 0.0122353 0.00476788 -0.0326278 0.0285048 0.0151679 -0.00897932 -0.00388162 -0.0206186
internal_weight=38714 16993 21721 18994 9547 10772 8222 8848 7446 2727 4550 7588 1600 1959
internal_count=38714 16993 21721 18994 9547 10772 8222 8848 7446 2727 4550 7588 1600 1959
cat_boundaries=0 1 2 3
cat_threshold=41626 224 1292
is_linear=0
shrinkage=0.035


Tree=50
num_leaves=15
num_cat=1
split_feature=10 13 10 10 13 0 0 23 32 24 1 0 24 17
split_gain=6859.64 1314.66 772.375 521.34 339.355 128.055 71.7248 64.841 62.9642 48.5575 50.838 47.6035 44.0872 42.4849
threshold=25.449999999999999 165.40000000000003 12.341666666666669 51.673333333333339 536.25000000000011 17.050000000000004 45.100000000000009 1.5262117642049531 0 5.5000000000000009 97.100000000000009 361.00000000000006 5.5000000000000009 2.5943726083137317
decision_type=8 10 10 10 10 8 10 10 1 2 10 10 2 8
left_child=2 3 -1 6 8 -4 12 9 -3 10 -5 -10 -2 -7
right_child=1 4 5 7 -6 13 -8 -9 11 -11 -12 -13 -14 -15
leaf_value=-0.31321012033541146 -0.046013543927344469 0.73216086419059856 -0.10320161925340898 0.063024112362403961 12.050660558302773 -0.076203118320089525 0.02288099684218324 0.52352006169649545 0.51753063928390364 -0.035757716176622698 0.25952493246795377 1.9919707856258995 -0.11760295884161939 -0.068014307065925095
leaf_weight=6806 6098 2629 1895 5936 2130 751 1273 725 2159 857 3502 471 526 2956
leaf_count=6806 6098 2629 1895 5936 2130 751 1273 725 2159 857 3502 471 526 2956
internal_value=-0.00369354 0.00642507 -0.0251398 0.0015334 0.018939 -0.0154931 -0.0053284 0.00645079 0.0141423 0.00573252 0.00645663 0.0101361 -0.00678986 -0.0116824
internal_weight=38714 26306 12408 18917 7389 5602 7897 11020 5259 10295 9438 2630 6624 3707
internal_count=38714 26306 12408 18917 7389 5602 7897 11020 5259 10295 9438 2630 6624 3707
cat_boundaries=0 1
cat_threshold=23556
is_linear=0
shrinkage=0.035


Tree=51
num_leaves=15
num_cat=2
split_feature=10 13 10 10 13 0 0 0 23 32 0 24 1 32
split_gain=6692.92 1256.66 785.821 486.144 347.801 134.423 77.4056 71.3802 63.1939 58.877 45.4039 43.719 47.8688 43.4792
threshold=25.449999999999999 165.40000000000003 12.341666666666669 51.673333333333339 590.50000000000011 18.550000000000004 341.00000000000006 37.100000000000009 1.5262117642049531 0 14.050000000000002 5.5000000000000009 104.10000000000001 1
decision_type=8 10 10 10 10 8 10 10 10 1 10 2 10 1
left_child=2 3 10 7 6 -4 9 -2 11 -3 -1 12 -5 -7
right_child=1 4 5 8 -6 13 -8 -9 -10 -11 -12 -13 -14 -15
leaf_value=-0.3022477661236721 -0.052609102918338348 0.6075351789573803 -0.099132390978552795 0.066482290023957696 13.95880172421494 -0.010305207533104783 1.6929018513510776 -0.0097931312286703345 0.5051968595371179 0.39644819159030864 -0.094577208450145181 -0.034506196110441041 0.2639223296975533 -0.07627391147904812
leaf_weight=6671 4989 2008 2330 6436 1926 625 1494 2908 725 1961 135 857 3002 2647
leaf_count=6671 4989 2008 2330 6436 1926 625 1494 2908 725 1961 135 857 3002 2647
internal_value=-0.00376404 0.00623085 -0.024948 0.00144831 0.0184656 -0.0152185 0.0139347 -0.0051778 0.00619683 0.0113525 -0.0329394 0.00548786 0.00617494 -0.0106164
internal_weight=38714 26306 12408 18917 7389 5602 5463 7897 11020 3969 6806 10295 9438 3272
internal_count=38714 26306 12408 18917 7389 5602 5463 7897 11020 3969 6806 10295 9438 3272
cat_boundaries=0 1 2
cat_threshold=19716 21920
is_linear=0
shrinkage=0.035


Tree=52
num_leaves=15
num_cat=2
split_feature=10 10 13 10 0 0 0 0 0 17 32 32 1 1
split_gain=6527.49 1443.57 656.862 540.166 176.627 125.317 104.566 68.5486 55.2772 50.3093 43.5261 41.7602 37.0825 34.1925
threshold=21.516666666666669 58.125000000000007 495.40000000000003 11.336666666666668 170.70000000000002 45.100000000000009 14.050000000000002 620.25000000000011 25.950000000000003 2.4863262420322392 0 1 104.10000000000001 49.100000000000009
decision_type=8 10 10 10 10 10 8 8 8 8 1 1 10 10
left_child=3 5 4 -1 12 8 -5 -4 -2 -8 -6 -7 -3 -10
right_child=1 2 7 6 10 11 9 -9 13 -11 -12 -13 -14 -15
leaf_value=-0.30916909430934358 -0.090395830212382816 0.077512673650260142 2.6641642868643007 -0.11339450492659674 0.71094702860112913 -0.056262055998917412 -0.071210022142183499 13.590329378414655 -0.046133585258426923 -0.073102896713147722 0.6958927182408674 0.042493137601059279 0.26982369347992191 0.032070855933124497
leaf_weight=6345 1771 6383 561 1306 2407 409 888 1811 6174 2291 1796 1653 4362 557
leaf_count=6345 1771 6383 561 1306 2407 409 888 1811 6174 2291 1796 1653 4362 557
internal_value=-0.0038219 0.00513536 0.0113535 -0.0268759 0.00863238 -0.00506008 -0.0175468 0.0284476 -0.00693664 -0.0140813 0.0147136 0.00267537 0.00624791 -0.00548174
internal_weight=38714 27884 17320 10830 14948 10564 4485 2372 8502 3179 4203 2062 10745 6731
internal_count=38714 27884 17320 10830 14948 10564 4485 2372 8502 3179 4203 2062 10745 6731
cat_boundaries=0 1 2
cat_threshold=31812 8706
is_linear=0
shrinkage=0.035


Tree=53
num_leaves=15
num_cat=2
split_feature=10 10 13 10 0 0 0 0 32 0 32 1 0 16
split_gain=6379.67 1373.27 658.435 561.645 179.486 115.78 103.111 56.7593 56.0007 52.0342 44.1428 42.1104 35.3452 34.425
threshold=21.516666666666669 58.125000000000007 536.25000000000011 11.336666666666668 170.70000000000002 37.100000000000009 14.050000000000002 620.25000000000011 0 60.150000000000006 1 49.100000000000009 12.100000000000001 3.5023801430836108
decision_type=8 10 10 10 10 10 8 8 1 10 1 10 10 10
left_child=3 5 4 12 -3 11 -5 -4 -8 -7 -6 -2 -1 -10
right_child=1 2 7 6 10 9 8 -9 13 -11 -12 -13 -14 -15
leaf_value=-0.29834817600851654 -0.05277387967001481 0.12999369282172829 2.8748952162784001 -0.10942569725416587 0.73763620243627948 -0.014275546449082627 -0.022357513541611827 13.235756543192403 -0.073835616682035546 0.19896161110881713 0.7069082189955157 0.047348469627206478 -0.11087935792873366 -0.078754854840869665
leaf_weight=6167 6389 10780 378 1306 2561 3419 556 1752 1678 382 1849 374 178 945
leaf_count=6167 6389 10780 378 1306 2561 3419 556 1752 1678 382 1849 374 178 945
internal_value=-0.0038454 0.00500986 0.0110747 -0.0266368 0.00851333 -0.00493424 -0.0171258 0.0292787 -0.0136856 -4.598e-05 0.0144598 -0.00767952 -0.0333409 -0.0158017
internal_weight=38714 27884 17320 10830 15190 10564 4485 2130 3179 3801 4410 6763 6345 2623
internal_count=38714 27884 17320 10830 15190 10564 4485 2130 3179 3801 4410 6763 6345 2623
cat_boundaries=0 1 2
cat_threshold=2184 31812
is_linear=0
shrinkage=0.035


Tree=54
num_leaves=15
num_cat=3
split_feature=10 10 13 10 0 0 0 0 32 0 32 32 16 1
split_gain=6174.59 1297.47 658.477 557.013 166.852 143.801 111.261 61.4021 53.7753 50.4186 43.4661 42.669 36.4025 34.2266
threshold=21.516666666666669 58.125000000000007 536.25000000000011 10.336666666666668 170.70000000000002 14.050000000000002 45.100000000000009 620.25000000000011 0 32.050000000000004 1 2 3.5023801430836108 150.50000000000003
decision_type=8 10 10 10 10 8 10 8 1 8 1 1 10 10
left_child=3 6 4 -1 13 -5 9 -4 -7 -2 -8 -6 -10 -3
right_child=1 2 7 5 11 8 10 -9 12 -11 -12 -13 -14 -15
leaf_value=-0.30540598984821848 -0.054856525583360537 0.098413384726641698 2.7742738837086565 -0.10663309963466057 0.61253434678292518 -0.019159062330723703 -0.057373695108790139 12.772505064180667 -0.071233802086868386 -0.0364235280264842 0.041227801565578773 0.72635013364448053 -0.074300797198430982 0.45003542909815702
leaf_weight=5833 3855 9300 378 1684 1579 536 409 1752 1786 4647 1653 2831 991 1480
leaf_count=5833 3855 9300 378 1684 1579 536 409 1752 1786 4647 1653 2831 991 1480
internal_value=-0.00379478 0.00491699 0.0108121 -0.0262169 0.00825074 -0.017612 -0.00474879 0.0290164 -0.0133439 -0.00651699 0.00253991 0.0139841 -0.0152812 0.00589986
internal_weight=38714 27884 17320 10830 15190 4997 10564 2130 3313 8502 2062 4410 2777 10780
internal_count=38714 27884 17320 10830 15190 4997 10564 2130 3313 8502 2062 4410 2777 10780
cat_boundaries=0 1 2 3
cat_threshold=136 8706 794
is_linear=0
shrinkage=0.035


Tree=55
num_leaves=15
num_cat=3
split_feature=10 10 13 10 0 0 0 0 32 0 32 1 32 16
split_gain=6044.9 1238.39 647.938 578.816 183.378 128.234 108.682 64.19 52.9216 49.1419 36.6522 35.7055 32.1042 31.9346
threshold=21.516666666666669 58.125000000000007 640.75000000000011 10.675000000000001 177.10000000000002 14.050000000000002 32.050000000000004 60.150000000000006 0 350.75000000000006 1 104.10000000000001 2 3.5023801430836108
decision_type=8 10 10 10 10 8 8 10 1 10 1 10 1 10
left_child=3 6 4 -1 11 -5 -2 12 -7 10 -6 -3 -8 -10
right_child=1 2 -4 5 9 8 7 -9 13 -11 -12 -13 -14 -15
leaf_value=-0.29471678020353081 -0.052936547187942905 0.067022826696627652 13.276870701893468 -0.10243125880313275 0.4681909565509913 -0.019081817494615037 -0.0041590285894413277 0.19055498166521351 -0.06907283012376654 1.7936411024465673 0.54559610082529153 0.25370983763694355 -0.04200363800853657 -0.072269862772054938
leaf_weight=5985 3855 6404 1734 1571 1370 565 3325 382 1735 1512 1815 4485 3002 974
leaf_count=5985 3855 6404 1734 1571 1370 565 3325 382 1735 1512 1815 4485 3002 974
internal_value=-0.00377308 0.00484671 0.0106061 -0.0259585 0.00834199 -0.0169371 -0.00459646 -0.00190274 -0.0129582 0.0141206 0.0116191 0.00584404 -0.00274716 -0.0149688
internal_weight=38714 27884 17320 10830 15586 4845 10564 6709 3274 4697 3185 10889 6327 2709
internal_count=38714 27884 17320 10830 15586 4845 10564 6709 3274 4697 3185 10889 6327 2709
cat_boundaries=0 1 2 3
cat_threshold=2184 8986 3572
is_linear=0
shrinkage=0.035


Tree=56
num_leaves=15
num_cat=2
split_feature=13 10 0 10 1 0 0 0 23 1 32 17 24 32
split_gain=5934.36 1215.07 648.324 552.108 165.424 118.021 101.554 55.5209 48.8019 46.8162 46.936 43.9067 35.1875 30.833
threshold=20.025000000000002 58.125000000000007 520.50000000000011 10.336666666666668 165.40000000000003 14.050000000000002 32.050000000000004 57.600000000000009 1.5262117642049531 702.50000000000011 0 2.2343733444578926 5.5000000000000009 1
decision_type=8 10 10 10 10 8 8 10 10 10 1 10 2 1
left_child=3 6 4 -1 8 -5 -2 -8 12 10 -6 -7 13 -3
right_child=1 2 -4 5 9 11 7 -9 -10 -11 -12 -13 -14 -15
leaf_value=-0.28440169289640727 -0.052682063045840097 -0.015530400975626045 9.2896882193458108 -0.098550607167129628 0.58841593502604195 -0.061664584925079216 -0.023455779590209468 0.13389331442479646 0.47071521256759991 13.785776912368071 0.60494872586846005 -0.064637850366416533 -0.035029452124662942 0.12340122325429641
leaf_weight=5833 4140 875 1900 1648 1354 694 6097 645 665 212 3231 2338 795 8287
leaf_count=5833 4140 875 1900 1648 1354 694 6097 645 665 212 3231 2338 795 8287
internal_value=-0.00377489 0.00459246 0.0103501 -0.0262117 0.00796713 -0.0172273 -0.00457151 -0.00191937 0.00552649 0.0133601 0.0125893 -0.0130919 0.00490815 0.00552089
internal_weight=38714 28201 17319 10513 15419 4680 10882 6742 10622 4797 4585 3032 9957 9162
internal_count=38714 28201 17319 10513 15419 4680 10882 6742 10622 4797 4585 3032 9957 9162
cat_boundaries=0 1 2
cat_threshold=33338 32835
is_linear=0
shrinkage=0.035


Tree=57
num_leaves=15
num_cat=1
split_feature=13 10 13 10 0 1 0 1 0 17 23 32 24 0
split_gain=5778.16 1156.29 604.867 572.569 161.08 137.353 109.976 51.2101 48.2626 45.9459 42.0613 39.4741 37.1247 35.2892
threshold=20.025000000000002 70.010000000000019 640.75000000000011 10.675000000000001 45.100000000000009 165.40000000000003 14.050000000000002 44.100000000000009 341.00000000000006 2.28021795487463 1.5262117642049531 0 1.0000000180025095e-35 11.050000000000002
decision_type=8 10 10 10 10 10 8 10 10 10 10 1 2 10
left_child=3 4 5 13 7 10 -5 -2 11 -8 -3 -7 -9 -1
right_child=1 2 -4 6 -6 8 9 12 -10 -11 -12 -13 -14 -15
leaf_value=-0.274447633645033 -0.046344280172646274 0.12277244740132007 12.464549131668706 -0.095054698022791304 0.031672026888457376 0.43692137458784364 -0.060088651884956254 0.10511074976541569 1.5458886277035502 -0.061850109698220225 0.54508670384312985 0.49169215692497126 -0.023250472789113578 -0.099447633645032951
leaf_weight=5745 7876 8173 1734 1535 3553 1131 707 415 1377 2286 594 2406 942 240
leaf_count=5745 7876 8173 1734 1535 3553 1131 707 415 1377 2286 594 2406 942 240
internal_value=-0.00372608 0.00453042 0.0109835 -0.0258657 -0.00325072 0.00850833 -0.0164461 -0.00568684 0.0131917 -0.0125033 0.00587722 0.010998 0.000591043 -0.0329725
internal_weight=38714 28201 15415 10513 12786 13681 4528 9233 4914 2993 8767 3537 1357 5985
internal_count=38714 28201 15415 10513 12786 13681 4528 9233 4914 2993 8767 3537 1357 5985
cat_boundaries=0 1
cat_threshold=8762
is_linear=0
shrinkage=0.035


Tree=58
num_leaves=15
num_cat=1
split_feature=13 10 13 10 0 0 0 23 32 1 0 17 0 1
split_gain=5712.08 1072.31 599.342 578.702 142.76 132.651 121.483 64.5966 50.0399 47.5252 43.1317 42.0342 37.3768 35.7661
threshold=20.025000000000002 70.010000000000019 640.75000000000011 10.336666666666668 45.100000000000009 341.00000000000006 14.050000000000002 1.5262117642049531 0 49.100000000000009 601.00000000000011 2.28021795487463 21.550000000000004 165.40000000000003
decision_type=8 10 10 10 10 10 8 10 1 10 8 10 8 10
left_child=3 4 5 -1 9 7 -5 8 13 12 -4 -8 -2 -3
right_child=1 2 10 6 -6 -7 11 -9 -10 -11 -12 -13 -14 -15
leaf_value=-0.26484196646745678 -0.095669031118497408 0.18807009055832688 2.3262096846753479 -0.091727783591993572 0.030563505947361347 1.4991469548037484 -0.057985549068982754 0.66627198092102402 0.12393083260057484 0.031800615943081284 13.078289912060301 -0.059685355858782527 -0.039067481760717719 0.53190769661278381
leaf_weight=5833 931 2129 123 1648 3553 1671 726 826 8140 890 1611 2306 7412 915
leaf_count=5833 931 2129 123 1648 3553 1671 726 826 8140 890 1611 2306 7412 915
internal_value=-0.0037532 0.00445597 0.0106702 -0.0257658 -0.00303729 0.00820656 -0.0165699 0.00691552 0.00621235 -0.0053307 0.0300288 -0.0123773 -0.00615057 0.0100458
internal_weight=38714 28201 15415 10513 12786 13681 4680 12010 11184 9233 1734 3032 8343 3044
internal_count=38714 28201 15415 10513 12786 13681 4680 12010 11184 9233 1734 3032 8343 3044
cat_boundaries=0 1
cat_threshold=3200
is_linear=0
shrinkage=0.035


Tree=59
num_leaves=15
num_cat=2
split_feature=13 13 10 10 10 0 0 0 1 32 32 0 7 23
split_gain=5565.29 1044.27 601.886 379.564 362.712 126.717 74.3659 62.6867 51.1694 44.9254 44.315 38.8642 34.107 32.4566
threshold=20.025000000000002 165.40000000000003 9.6733333333333338 681.58333333333337 51.673333333333339 14.050000000000002 381.00000000000006 25.950000000000003 75.15000000000002 0 1 51.550000000000004 300.88932806324118 1.3977600057252253
decision_type=8 10 10 10 10 8 10 8 8 1 1 10 2 10
left_child=2 4 -1 6 7 -4 9 -2 -6 -3 -7 -9 -11 -10
right_child=1 3 5 -5 8 10 -8 11 13 12 -12 -13 -14 -15
leaf_value=-0.25557249764109585 -0.073910781613801532 0.60664802966499731 -0.086288524649919998 14.02054976513819 0.012530391063076626 -0.017776701548565879 1.8325573573800897 -0.029941341691740446 0.11891628587200281 0.40014535229157705 -0.063810327393283378 0.080355588457398375 0.095465071537497448 0.40865913514720215
leaf_weight=5510 2021 1238 1913 1545 3244 599 1439 7196 6958 2338 2491 576 829 817
leaf_count=5510 2021 1238 1913 1545 3244 599 1439 7196 6958 2338 2491 576 829 817
internal_value=-0.00367184 0.00443115 -0.0253998 0.0157296 0.000416967 -0.0165845 0.0116328 -0.00448306 0.00477186 0.00935714 -0.012168 -0.00305131 0.0070506 0.0063117
internal_weight=38714 28201 10513 7389 20812 5003 5844 9793 11019 4405 3090 7772 3167 7775
internal_count=38714 28201 10513 7389 20812 5003 5844 9793 11019 4405 3090 7772 3167 7775
cat_boundaries=0 1 2
cat_threshold=3076 2472
is_linear=0
shrinkage=0.035


Tree=60
num_leaves=15
num_cat=4
split_feature=13 13 10 0 10 0 32 0 0 32 32 23 24 32
split_gain=5435.7 957.788 623.615 348.273 339.696 109.716 66.6784 62.6614 48.9396 50.0122 43.8508 39.7452 39.2815 37.7576
threshold=20.025000000000002 165.40000000000003 9.6733333333333338 702.50000000000011 51.673333333333339 14.050000000000002 0 25.950000000000003 94.750000000000014 1 2 0.8260514039546023 5.5000000000000009 3
decision_type=8 10 10 10 10 8 1 8 8 1 1 8 2 1
left_child=2 4 -1 6 7 -4 -3 -2 -6 -10 -7 -8 -11 -9
right_child=1 3 5 -5 8 10 11 13 9 12 -12 -13 -14 -15
leaf_value=-0.2466274602236575 -0.071323904257318493 0.83418221439505524 -0.083268426287172806 13.529830523358353 0.024490518039652846 -0.017154516994366056 0.094572916692670234 -0.044307111239416365 0.053232219685371798 0.20273406496418489 -0.061576965934518425 0.53070891259002451 -0.03867825105202144 -0.0041138464696613489
leaf_weight=5510 2021 2515 1913 1261 4938 599 765 3534 1565 4133 2491 2848 383 4238
leaf_count=5510 2021 2515 1913 1261 4938 599 765 3534 1565 4133 2491 2848 383 4238
internal_value=-0.00373331 0.0042748 -0.0252068 0.0150953 0.000430417 -0.016235 0.0116305 -0.00431159 0.00464487 0.00674581 -0.0121228 0.00847988 0.00860516 -0.00288029
internal_weight=38714 28201 10513 7389 20812 5003 6128 9793 11019 6081 3090 3613 4516 7772
internal_count=38714 28201 10513 7389 20812 5003 6128 9793 11019 6081 3090 3613 4516 7772
cat_boundaries=0 1 2 3 4
cat_threshold=7172 33603 2472 53771
is_linear=0
shrinkage=0.035


Tree=61
num_leaves=15
num_cat=1
split_feature=13 13 10 10 0 0 1 0 0 23 17 26 24 32
split_gain=5164.27 934.11 597.692 514.996 131.152 128.392 95.5506 68.5417 48.5033 47.5681 43.0894 38.8361 33.8137 39.1151
threshold=20.025000000000002 434.25000000000006 8.6083333333333361 58.125000000000007 14.050000000000002 702.50000000000011 150.50000000000003 25.950000000000003 57.600000000000009 1.3298980476839481 2.2343733444578926 283.50000000000006 5.5000000000000009 0
decision_type=8 10 10 10 8 10 10 8 10 8 10 2 2 1
left_child=2 3 -1 7 -4 -3 -5 -2 12 11 -6 -8 13 -9
right_child=1 5 4 6 10 -7 9 8 -10 -11 -12 -13 -14 -15
leaf_value=-0.23799549911582951 -0.068827567608312323 2.2951395106355279 -0.083394695699172558 0.085094712951083062 -0.055517816741551554 13.056286455040812 0.20992825065016321 0.0034215405245740095 0.12573307295207933 0.81436611322790364 -0.055211399977344797 0.50669653841560247 -0.085324709217733927 -0.038234779750209322
leaf_weight=4998 2035 1496 2326 10043 775 1242 2366 2747 645 1421 2414 751 646 4809
leaf_count=4998 2035 1496 2326 10043 775 1242 2366 2747 645 1421 2414 751 646 4809
internal_value=-0.00365738 0.00414823 -0.0245878 0.00205729 -0.0166187 0.0235545 0.00635644 -0.0037035 -0.00236839 0.0105701 -0.0119771 0.0081278 -0.00309614 -0.00243486
internal_weight=38714 28201 10513 25463 5515 2738 14581 10882 8847 4538 3189 3117 8202 7556
internal_count=38714 28201 10513 25463 5515 2738 14581 10882 8847 4538 3189 3117 8202 7556
cat_boundaries=0 1
cat_threshold=11440
is_linear=0
shrinkage=0.035


Tree=62
num_leaves=15
num_cat=3
split_feature=13 13 10 10 0 0 1 1 23 32 23 32 32 0
split_gain=5073.89 922.682 619.222 461.001 125.251 115.443 87.3923 60.2498 50.0044 46.5325 45.1906 37.3912 35.2861 34.5208
threshold=20.025000000000002 434.25000000000006 9.0083333333333346 58.125000000000007 702.50000000000011 14.050000000000002 150.50000000000003 42.050000000000004 0.85340597550748176 0 0.87869454109910572 1 2 9.9000000000000021
decision_type=8 10 10 10 10 8 10 10 10 1 8 1 1 10
left_child=2 3 13 7 -3 -4 -5 8 12 -7 -8 -10 -2 -1
right_child=1 4 5 6 -6 9 10 -9 11 -11 -12 -13 -14 -15
leaf_value=-0.22966565664677549 -0.08460482696049608 2.2148096277632843 -0.07784419000882653 0.08211639799779516 12.599316429114385 -0.013430723466439752 0.14518888051740647 0.012915291707595814 0.00059352787912263954 -0.056603027470782552 0.45917939268910757 -0.041883043824869196 -0.031364853818386024 -0.078290656646775494
leaf_weight=5014 1812 1496 2171 10043 1242 473 950 2577 2606 2686 3588 2369 1518 169
leaf_count=5014 1812 1496 2171 10043 1242 473 950 2577 2606 2686 3588 2369 1518 169
internal_value=-0.00364834 0.00408867 -0.0243948 0.00201056 0.0233759 -0.0159944 0.00607809 -0.00343988 -0.00488989 -0.0116925 0.0101079 -0.00266365 -0.0082069 -0.0330098
internal_weight=38714 28201 10513 25463 2738 5330 14581 10882 8305 3159 4538 4975 3330 5183
internal_count=38714 28201 10513 25463 2738 5330 14581 10882 8305 3159 4538 4975 3330 5183
cat_boundaries=0 1 2 3
cat_threshold=392 13808 37097
is_linear=0
shrinkage=0.035


Tree=63
num_leaves=15
num_cat=2
split_feature=11 13 10 10 13 1 0 0 0 32 23 32 26 0
split_gain=4878.77 929.851 532.027 518.654 124.563 83.4545 83.124 79.0973 49.6643 48.5108 47.3618 41.3366 34.7663 32.5675
threshold=18.704166666666669 434.25000000000006 8.6083333333333361 58.125000000000007 779.75000000000011 150.50000000000003 13.050000000000002 25.950000000000003 57.600000000000009 0 1.3230140306461911 1 283.50000000000006 94.750000000000014
decision_type=8 10 10 10 10 10 8 8 10 1 8 1 2 10
left_child=2 3 -1 7 -3 13 -4 11 -9 -8 12 -2 -7 -5
right_child=1 4 6 5 -6 10 9 8 -10 -11 -12 -13 -14 -15
leaf_value=-0.22162735866413835 -0.022025648261939514 2.0849200883669119 -0.079988622297748876 0.031494703811742332 19.15834035409538 0.18548077000738042 -0.007789677401938074 -0.024477225848741464 0.12246697056615027 -0.057210670367341739 0.76819160992943825 -0.069114907348965429 0.47375979543205576 0.16976495729008648
leaf_weight=4999 867 1530 1881 5431 1208 2349 414 8392 654 2188 1440 1999 750 4612
leaf_count=4999 867 1530 1881 5431 1208 2349 414 8392 654 2188 1440 1999 750 4612
internal_value=-0.00361037 0.00346684 -0.025419 0.00145817 0.0228655 0.00588332 -0.0166344 -0.00395905 -0.00235112 -0.0125393 0.00982064 -0.00902125 0.00736308 0.00409982
internal_weight=38714 29232 9482 26494 2738 14582 4483 11912 9046 2602 4539 2866 3099 10043
internal_count=38714 29232 9482 26494 2738 14582 4483 11912 9046 2602 4539 2866 3099 10043
cat_boundaries=0 1 2
cat_threshold=168 17816
is_linear=0
shrinkage=0.035


Tree=64
num_leaves=15
num_cat=2
split_feature=11 13 10 10 0 0 0 0 17 0 32 32 1 23
split_gain=4757.06 888.427 571.076 484.874 112.044 87.9793 84.0371 68.7024 48.1084 46.7488 38.1104 37.6582 36.017 35.654
threshold=18.704166666666669 465.75000000000006 8.6083333333333361 58.125000000000007 769.50000000000011 177.10000000000002 10.100000000000001 25.950000000000003 2.3873512766003526 60.150000000000006 0 1 752.00000000000011 0.85340597550748176
decision_type=8 10 10 10 10 10 8 8 10 10 1 1 10 10
left_child=2 3 -1 7 12 -5 -4 10 -8 11 -2 -9 -3 -13
right_child=1 4 6 5 -6 -7 8 9 -10 -11 -12 13 -14 -15
leaf_value=-0.21387040111089353 -0.021254750572771573 1.8584010494311596 -0.099220243458912755 0.082768562932718281 16.737798441702044 0.45166744763731909 -0.056639855103274364 -0.046598353474965701 -0.052846595606047646 0.16503789969409691 -0.066695885591751658 -0.03385885850658376 7.9877984417020427 0.0051859955391455872
leaf_weight=4999 867 1174 926 10773 1078 4024 1404 3101 2153 381 1999 2114 271 3450
leaf_count=4999 867 1174 926 10773 1078 4024 1404 3101 2153 381 1999 2114 271 3450
internal_value=-0.00357421 0.00341417 -0.0251091 0.00153683 0.0232456 0.00576713 -0.0160105 -0.00371822 -0.0135303 -0.00221964 -0.00843608 -0.00274913 0.0167759 -0.00101631
internal_weight=38714 29232 9482 26709 2523 14797 4483 11912 3557 9046 2866 8665 1445 5564
internal_count=38714 29232 9482 26709 2523 14797 4483 11912 3557 9046 2866 8665 1445 5564
cat_boundaries=0 1 2
cat_threshold=17816 49675
is_linear=0
shrinkage=0.035


Tree=65
num_leaves=15
num_cat=1
split_feature=11 13 10 10 13 0 0 0 17 0 24 1 23 32
split_gain=4650.7 858.878 580.775 449.746 119.581 95.5374 83.4303 63.1713 48.3906 45.4244 37.6853 35.4117 33.2784 34.9529
threshold=18.704166666666669 465.75000000000006 8.3366666666666678 58.125000000000007 779.75000000000011 10.100000000000001 177.10000000000002 21.550000000000004 2.3873512766003526 51.550000000000004 4.5000000000000009 98.300000000000011 1.5422963716391982 0
decision_type=8 10 10 10 10 8 10 8 10 10 2 10 10 1
left_child=2 3 -1 7 -3 -4 11 -2 -7 10 -9 -5 13 -8
right_child=1 4 5 6 -6 8 12 9 -10 -11 -12 -13 -14 -15
leaf_value=-0.20638493707201225 -0.064333240008334736 2.1433570127010686 -0.096243155264234381 0.031546883084336806 17.901975496242471 -0.054657460174659771 0.4610405930018131 -0.016552651660813125 -0.050991532535858988 0.049463991798535896 -0.061707663130349838 0.16897217127919228 1.2700055463169657 0.21684649788628207
leaf_weight=4845 1662 1315 1035 5858 1208 1440 1615 7023 2162 1177 2050 4915 629 1780
leaf_count=4845 1662 1315 1035 5858 1208 1440 1615 7023 2162 1177 2050 4915 629 1780
internal_value=-0.00355071 0.0033591 -0.0248435 0.00151325 0.022858 -0.0159619 0.00558742 -0.00354787 -0.0132354 -0.00251877 -0.00335812 0.00397801 0.00988583 0.00849265
internal_weight=38714 29232 9482 26709 2523 4637 14797 11912 3602 10250 9073 10773 4024 3395
internal_count=38714 29232 9482 26709 2523 4637 14797 11912 3602 10250 9073 10773 4024 3395
cat_boundaries=0 1
cat_threshold=15492
is_linear=0
shrinkage=0.035


Tree=66
num_leaves=15
num_cat=1
split_feature=11 10 10 10 0 0 1 8 0 17 24 32 23 23
split_gain=4532.11 794.125 510.596 422.202 149.858 82.6679 81.349 60.9551 52.9385 45.6977 43.8209 45.8801 43.2927 36.8029
threshold=17.348076923076928 95.016666666666694 8.3366666666666678 681.58333333333337 35.100000000000009 10.100000000000001 260.40000000000003 12.204593653439337 832.50000000000011 2.3873512766003526 5.5000000000000009 0 0.87869454109910572 0.84410467485007945
decision_type=8 10 10 10 8 8 10 2 8 10 2 1 10 10
left_child=2 4 -1 6 13 -4 10 -6 -5 -7 12 -12 -3 -2
right_child=1 3 5 8 7 9 -8 -9 -10 -11 11 -13 -14 -15
leaf_value=-0.1991614642744918 -0.073092544393708311 0.10468421668141077 -0.091883404177219047 2.6931041451629771 -0.012842594825005877 -0.052748699609547908 0.766854717150948 0.057625294024895093 18.740449080118832 -0.044164893686372261 -0.79773855285466677 0.025998780488443889 0.24104389440933177 -0.026896635915292164
leaf_weight=4843 2349 2787 1019 432 5899 1350 2814 5004 1113 1657 103 604 4647 4093
leaf_count=4843 2349 2787 1019 432 5899 1350 2814 5004 1113 1657 103 604 4647 4093
internal_value=-0.00364111 0.00288794 -0.0256012 0.00961136 -0.00195879 -0.0163582 0.00718841 0.000542263 0.0267129 -0.0133981 0.0054094 -0.00290028 0.0062011 -0.00618893
internal_weight=38714 29845 8869 12500 17345 4026 10955 10903 1545 3007 8141 707 7434 6442
internal_count=38714 29845 8869 12500 17345 4026 10955 10903 1545 3007 8141 707 7434 6442
cat_boundaries=0 1
cat_threshold=33824
is_linear=0
shrinkage=0.035


Tree=67
num_leaves=15
num_cat=1
split_feature=11 13 10 10 0 0 23 0 1 17 0 32 0 1
split_gain=4445.97 763.912 520.359 427.769 118.883 85.1108 76.6749 72.4533 55.0519 45.5694 42.0472 40.8524 35.2185 34.32
threshold=17.348076923076928 465.75000000000006 8.3366666666666678 58.125000000000007 832.50000000000011 10.100000000000001 1.5262117642049531 25.950000000000003 115.50000000000001 2.3873512766003526 64.100000000000009 0 341.00000000000006 752.00000000000011
decision_type=8 10 10 10 10 8 10 8 10 10 10 1 8 10
left_child=2 3 -1 7 13 -4 8 11 -5 -7 -9 -2 -10 -3
right_child=1 4 5 6 -6 9 -8 10 12 -11 -12 -13 -14 -15
leaf_value=-0.19219081302488461 -0.018204954527273574 1.7280618426603618 -0.088667485031016374 0.038554768206647626 20.119490636069827 -0.050902495123213723 0.62507003304164366 -0.021726541374187305 0.15970757287567311 -0.042619122407349261 0.2552048024648419 -0.061757737156871211 0.5164592320933975 5.8345333623146693
leaf_weight=4843 949 1264 1019 7133 912 1350 1159 8899 4850 1657 297 2380 1655 347
leaf_count=4843 949 1264 1019 7133 912 1350 1159 8899 4850 1657 297 2380 1655 347
internal_value=-0.00367726 0.00278945 -0.0254277 0.00108611 0.0211966 -0.0160977 0.00511451 -0.00367318 0.0043766 -0.0130959 -0.00206934 -0.00809388 0.0067043 0.0153991
internal_weight=38714 29845 8869 27322 2523 4026 14797 12525 13638 3007 9196 3329 6505 1611
internal_count=38714 29845 8869 27322 2523 4026 14797 12525 13638 3007 9196 3329 6505 1611
cat_boundaries=0 1
cat_threshold=17816
is_linear=0
shrinkage=0.035


Tree=68
num_leaves=15
num_cat=2
split_feature=11 10 0 10 0 1 0 0 32 23 1 24 32 13
split_gain=4376.03 913.433 490.017 241.588 157.561 86.1288 70.5514 63.1341 53.7037 53.1982 51.7205 50.9757 40.8521 40.7097
threshold=12.668333333333335 58.125000000000007 551.00000000000011 7.6833333333333345 18.550000000000004 260.40000000000003 10.100000000000001 881.00000000000011 0 1.5422963716391982 23.050000000000004 5.5000000000000009 1 831.75000000000011
decision_type=8 10 10 10 8 10 8 10 1 10 8 2 1 10
left_child=3 4 5 -1 -2 9 -5 -4 11 12 -10 -6 -3 -7
right_child=1 2 7 6 8 13 -8 -9 10 -11 -12 -13 -14 -15
leaf_value=-0.20296413456901363 -0.056772349657524014 -0.077771802139140409 2.6407595298098379 -0.080464134569013621 0.013556171962894476 0.59721525438531964 -0.049545698255166505 22.915308463807381 -0.056573788435586969 0.50302381504284743 -0.02438258076973062 -0.18483914368536458 0.088636967625545265 19.630324694633657
leaf_weight=4510 2490 1084 926 1102 2699 2491 1261 864 1843 852 7335 154 10957 146
leaf_count=4510 2490 1084 926 1102 2699 2491 1261 864 1843 852 7335 154 10957 146
internal_value=-0.00364291 0.0018255 0.00725253 -0.0289597 -0.00464787 0.00524944 -0.0198205 0.0245682 -0.00298646 0.00406768 -0.00428696 0.00120816 0.0034663 0.0110087
internal_weight=38714 31841 17320 6873 14521 15530 2363 1790 12031 12893 9178 2853 12041 2637
internal_count=38714 31841 17320 6873 14521 15530 2363 1790 12031 12893 9178 2853 12041 2637
cat_boundaries=0 1 2
cat_threshold=3488 32835
is_linear=0
shrinkage=0.035


Tree=69
num_leaves=15
num_cat=4
split_feature=11 10 0 10 0 1 0 0 23 32 32 32 32 24
split_gain=4283.57 843.802 452.267 265.056 164.159 89.6068 71.8625 65.4175 43.832 41.7273 39.0193 38.8982 38.6818 34.7951
threshold=12.668333333333335 70.010000000000019 702.50000000000011 7.6833333333333345 20.100000000000005 260.40000000000003 9.0500000000000025 45.100000000000009 1.5262117642049531 0 1 2 3 5.5000000000000009
decision_type=8 10 10 10 8 10 8 10 10 1 1 1 1 2
left_child=3 4 5 -1 9 8 -5 10 12 -2 -6 -8 -3 -12
right_child=1 2 -4 6 7 -7 11 -9 -10 -11 13 -13 -14 -15
leaf_value=-0.19586038985909818 -0.024000823869665056 0.020984488641759429 9.1632726675741232 -0.090945907598105558 -0.051708629069534336 0.75092465640584383 -0.026950611921156026 0.020262731592422159 0.49694209544615198 -0.055862240877488291 -0.0088344314487707014 -0.055338283191722452 0.14328335581717414 -0.080541067438150718
leaf_weight=4510 741 3821 1269 709 3302 3061 512 3572 807 2581 5783 1142 6457 447
leaf_count=4510 741 3821 1269 709 3302 3061 512 3572 807 2581 5783 1142 6457 447
internal_value=-0.00365738 0.00175297 0.00763327 -0.0287053 -0.00376605 0.0058321 -0.0191406 -0.00200244 0.00436474 -0.0107093 -0.00351578 -0.0150633 0.00374404 -0.0018719
internal_weight=38714 31841 15415 6873 16426 14146 2363 13104 11085 3322 9532 1654 10278 6230
internal_count=38714 31841 15415 6873 16426 14146 2363 13104 11085 3322 9532 1654 10278 6230
cat_boundaries=0 1 2 3 4
cat_threshold=1800 33353 37052 53834
is_linear=0
shrinkage=0.035


Tree=70
num_leaves=15
num_cat=4
split_feature=11 10 0 10 0 1 0 23 0 32 32 32 32 24
split_gain=4172.06 792.998 441.866 255.792 158.293 81.9432 72.661 59.098 58.1899 42.118 39.3779 37.2824 36.7221 36.1733
threshold=12.668333333333335 70.010000000000019 702.50000000000011 7.6833333333333345 20.100000000000005 391.00000000000006 9.0500000000000025 1.7765680908728891 45.100000000000009 0 1 2 3 5.5000000000000009
decision_type=8 10 10 10 8 10 8 10 10 1 1 1 1 2
left_child=3 4 5 -1 10 7 -5 9 12 -3 -2 -8 13 -6
right_child=1 2 -4 6 8 -7 11 -9 -10 -11 -12 -13 -14 -15
leaf_value=-0.18900527621402974 -0.023160795034226783 0.20621432439280621 8.8425581242090292 -0.087762800832171889 -0.0032745757149675652 1.4606892996590553 -0.026007340503915545 0.84763595541988013 0.019553535986687295 0.061283325506701382 -0.053907062446776205 -0.053401443280012131 -0.043783379721165958 -0.094934401361508755
leaf_weight=4510 741 4900 1269 709 4272 1608 512 520 3572 7118 2581 1142 5039 221
leaf_count=4510 741 4900 1269 709 4272 1608 512 520 3572 7118 2581 1142 5039 221
internal_value=-0.00367003 0.00166944 0.00736997 -0.0283898 -0.00368085 0.00558971 -0.0189928 0.00463207 -0.00194904 0.00412792 -0.0104989 -0.0148945 -0.00337632 -0.00106366
internal_weight=38714 31841 15415 6873 16426 14146 2363 12538 13104 12018 3322 1654 9532 4493
internal_count=38714 31841 15415 6873 16426 14146 2363 12538 13104 12018 3322 1654 9532 4493
cat_boundaries=0 1 2 3 4
cat_threshold=3220 1800 37052 28066
is_linear=0
shrinkage=0.035


Tree=71
num_leaves=15
num_cat=2
split_feature=11 10 13 10 0 0 0 8 1 23 32 32 17 23
split_gain=4121.84 751.297 394.674 263.84 183.385 107.234 75.358 65.9765 43.7171 40.2053 40.0939 37.4828 34.3604 33.8041
threshold=12.668333333333335 95.016666666666694 902.50000000000011 7.6833333333333345 20.100000000000005 381.00000000000006 9.0500000000000025 10.418052353338771 43.050000000000004 1.7765680908728891 0 1 3.0883456393153659 0.7360028761459646
decision_type=8 10 10 10 8 10 8 2 8 10 1 1 10 8
left_child=3 4 5 -1 11 9 -5 10 -9 -3 -6 -2 -8 -12
right_child=1 2 -4 6 7 -7 12 8 -10 -11 13 -13 -14 -15
leaf_value=-0.18239009154653874 -0.021893852924217864 0.15606299131565921 24.983068589861713 -0.08469110280304587 -0.05754254046598966 1.5507922705916137 -0.048441693506161877 -0.049867876743931776 0.051031216571266129 0.81378794733064963 -0.13718873277401014 -0.051873390905367869 -0.026983255816260789 -0.0082368782363653106
leaf_weight=4510 747 9229 892 709 2508 2000 1242 1409 5424 379 154 2590 412 6509
leaf_count=4510 747 9229 892 709 2508 2000 1242 1409 5424 379 154 2590 412 6509
internal_value=-0.00369715 0.00161009 0.00829588 -0.0282677 -0.00271193 0.0065642 -0.0187268 -0.00115435 0.00144852 0.00502445 -0.0030934 -0.0101691 -0.014557 -0.00166143
internal_weight=38714 31841 12500 6873 19341 11608 2363 16004 6833 9608 9171 3337 1654 6663
internal_count=38714 31841 12500 6873 19341 11608 2363 16004 6833 9608 9171 3337 1654 6663
cat_boundaries=0 1 2
cat_threshold=33307 1800
is_linear=0
shrinkage=0.035


Tree=72
num_leaves=15
num_cat=3
split_feature=10 13 10 10 0 0 23 1 0 24 32 32 24 32
split_gain=4028.06 700.299 423.424 271.667 122.755 105.14 83.3208 63.5286 55.4394 41.9233 49.2391 36.6312 36.4623 36.1449
threshold=12.341666666666669 536.25000000000011 51.673333333333339 7.6833333333333345 18.550000000000004 946.50000000000011 1.5964005134584014 98.300000000000011 9.0500000000000025 5.5000000000000009 0 1 5.5000000000000009 2
decision_type=8 10 10 10 8 10 10 8 8 2 1 1 2 1
left_child=3 2 4 -1 -2 -3 7 -4 -5 -9 -11 12 -6 -10
right_child=1 5 6 8 11 -7 -8 9 13 10 -12 -13 -14 -15
leaf_value=-0.17600643834240987 -0.047863177928642517 2.4001704106920108 0.00030191165833089786 -0.081791856179943695 0.012762674722001767 24.928790860391008 0.58174665513807344 0.16947143522588989 -0.014116569310604864 -0.52572969080019805 0.084652328076429001 -0.028133566284063518 -0.17227257714872807 -0.0489659761439976
leaf_weight=4515 2489 1382 5008 748 2264 748 1040 9320 335 267 644 8623 123 1208
leaf_count=4515 2489 1382 5008 748 2264 748 1040 9320 335 267 644 8623 123 1208
internal_value=-0.00372608 0.00148936 0.000101064 -0.0281603 -0.00448126 0.0208525 0.00390107 0.00324423 -0.0182774 0.00482464 -0.00233079 -0.00289151 0.000947127 -0.0144025
internal_weight=38714 31908 29778 6806 13499 2130 16279 15239 2291 10231 911 11010 2387 1543
internal_count=38714 31908 29778 6806 13499 2130 16279 15239 2291 10231 911 11010 2387 1543
cat_boundaries=0 1 2 3
cat_threshold=33832 3488 188
is_linear=0
shrinkage=0.035


Tree=73
num_leaves=15
num_cat=3
split_feature=10 13 10 10 0 1 23 1 0 32 32 24 32 24
split_gain=4000.19 679.117 385.131 269.37 120.131 106.412 81.3629 57.8802 56.3285 39.0907 38.585 38.5357 47.8557 36.4712
threshold=12.341666666666669 536.25000000000011 51.673333333333339 7.6833333333333345 18.550000000000004 946.50000000000011 1.5964005134584014 98.300000000000011 9.0500000000000025 0 1 5.5000000000000009 2 5.5000000000000009
decision_type=8 10 10 10 8 10 10 8 8 1 1 2 1 2
left_child=3 2 4 -1 -2 10 7 -4 -5 13 -3 -9 -13 -6
right_child=1 5 6 8 9 -7 -8 11 -10 -11 -12 12 -14 -15
leaf_value=-0.16984621300042549 -0.046187966701139983 3.0559136393361084 0.0002913447502892375 -0.078929141213645665 0.004354630507538571 24.896821911276657 0.56138552220824134 0.16353993499298386 -0.043003137926316104 -0.031502830528216168 1.1172812753472483 -0.50732915162219094 0.081689496593753935 -0.10371679901879849
leaf_weight=4515 2489 856 5008 748 3258 745 1040 9320 1543 7538 529 267 644 214
leaf_count=4515 2489 856 5008 748 3258 745 1040 9320 1543 7538 529 267 644 214
internal_value=-0.003708 0.00148936 0.000122217 -0.0280576 -0.004248 0.0205574 0.00374632 0.00309728 -0.0182165 -0.00267544 0.0147302 0.0046058 -0.00225437 0.000401491
internal_weight=38714 31908 29778 6806 13499 2130 16279 15239 2291 11010 1385 10231 911 3472
internal_count=38714 31908 29778 6806 13499 2130 16279 15239 2291 11010 1385 10231 911 3472
cat_boundaries=0 1 2 3
cat_threshold=11680 3084 33832
is_linear=0
shrinkage=0.035


Tree=74
num_leaves=15
num_cat=3
split_feature=10 0 10 10 0 0 0 1 0 23 32 32 23 32
split_gain=3947.42 640.23 390.381 251.273 117.105 81.1866 77.0033 52.99 50.888 49.8517 46.2035 43.3626 36.3569 35.9516
threshold=12.075714285714287 551.00000000000011 51.673333333333339 7.6833333333333345 14.550000000000002 140.50000000000003 946.50000000000011 720.50000000000011 9.0500000000000025 1.8168083000463571 0 1 1.2020374982703752 2
decision_type=8 10 10 10 8 8 10 10 8 10 1 1 10 1
left_child=3 2 4 -1 -2 10 -3 9 -5 13 -4 -6 -12 -7
right_child=1 6 5 8 11 7 -8 -9 -10 -11 12 -13 -14 -15
leaf_value=-0.16390159554541059 -0.054069485407231131 2.0599376379419749 0.10689758486116763 -0.074764780055671845 -0.0032672315261938682 0.097566362018394845 23.064764742208187 8.5872838281517847 -0.041498028098895037 1.1700343122146823 -0.028526622686909565 -0.035897802056928954 0.083396816880733235 0.22415539000988546
leaf_weight=4515 1254 1025 3928 735 4709 2469 767 199 1399 393 3495 7691 902 5233
leaf_count=4515 1254 1025 3928 735 4709 2469 767 199 1399 393 3495 7691 902 5233
internal_value=-0.00372969 0.00136093 0.000156054 -0.0282619 -0.00422798 0.00375812 0.0216583 0.00620798 -0.0182936 0.00575988 0.00131513 -0.00319387 -0.00115027 0.0051317
internal_weight=38714 32065 30273 6649 13654 16619 1792 8294 2134 8095 8325 12400 4397 7702
internal_count=38714 32065 30273 6649 13654 16619 1792 8294 2134 8095 8325 12400 4397 7702
cat_boundaries=0 1 2 3
cat_threshold=11656 28064 33611
is_linear=0
shrinkage=0.035


Tree=75
num_leaves=15
num_cat=1
split_feature=10 13 10 10 0 1 1 23 0 0 32 0 1 0
split_gain=3913.43 620.706 348.667 258.767 110.627 97.8145 76.2343 53.094 50.1577 39.2013 39.3617 39.1322 32.7454 30.3179
threshold=12.075714285714287 565.37500000000011 51.673333333333339 7.6833333333333345 14.550000000000002 783.00000000000011 115.50000000000001 1.3977600057252253 9.0500000000000025 51.550000000000004 0 946.50000000000011 29.900000000000002 94.750000000000014
decision_type=8 10 10 10 8 8 10 10 8 10 1 8 10 10
left_child=3 2 4 -1 12 -3 13 -8 -5 10 -6 -7 -2 -4
right_child=1 5 6 8 9 11 7 -9 -10 -11 -12 -13 -14 -15
leaf_value=-0.15816503970132118 -0.055081734948725626 1.4161747359514838 -0.00080873311009071363 -0.072148012753723331 -0.0053118390334586877 2.5955949590293592 0.18303938022233499 0.65695900479076508 -0.040045597115433727 0.076648842581101315 -0.037071464236709685 21.557497976230898 0.11041988994614198 0.13725545653404425
leaf_weight=4515 1200 670 6007 735 4496 418 6633 983 1399 589 7317 903 54 2795
leaf_count=4515 1200 670 6007 735 4496 418 6633 983 1399 589 7317 903 54 2795
internal_value=-0.00375139 0.00131727 6.28345e-05 -0.0281778 -0.00406852 0.0202179 0.00349936 0.0060622 -0.0180645 -0.00306359 -0.00350355 0.0257353 -0.0139555 0.00127966
internal_weight=38714 32065 30074 6649 13656 1991 16418 7616 2134 12402 11813 1321 1254 8802
internal_count=38714 32065 30074 6649 13656 1991 16418 7616 2134 12402 11813 1321 1254 8802
cat_boundaries=0 1
cat_threshold=28064
is_linear=0
shrinkage=0.035


Tree=76
num_leaves=15
num_cat=3
split_feature=10 13 10 10 0 0 1 0 32 23 32 24 32 17
split_gain=3732.25 597.039 312.69 241.91 130.437 99.2518 80.4608 60.156 49.0851 45.5917 37.9019 36.4258 36.8501 30.4991
threshold=11.715476190476192 465.75000000000006 39.638095238095239 6.9342857142857151 1103.5000000000002 14.550000000000002 115.50000000000001 8.5500000000000025 0 1.3977600057252253 1 4.5000000000000009 2 3.027425136074243
decision_type=8 10 10 10 10 8 10 8 1 10 1 2 1 10
left_child=3 2 5 -1 8 -2 11 -5 -3 -8 -7 -4 -13 -9
right_child=1 4 6 7 -6 10 9 13 -10 -11 -12 12 -14 -15
leaf_value=-0.17012926331177491 -0.049387555883147596 2.302498298153429 0.02816556284394647 -0.065129263311774918 29.967417336580734 -0.0034362333817999696 0.15938606722665663 -0.045363448714602232 1.295152356941528 0.59776770075759478 -0.034771396503143051 -0.091560978374501764 0.015940567281492887 -0.0205373685246262
leaf_weight=3998 1350 1057 8957 972 563 3305 6251 1181 903 914 6489 1148 1280 346
leaf_count=3998 1350 1057 8957 972 563 3305 6251 1181 903 914 6489 1148 1280 346
internal_value=-0.00366822 0.0012133 -0.000176774 -0.0278568 0.0175415 -0.0048094 0.00260684 -0.0192472 0.0132163 0.00551116 -0.00357894 0.000777436 -0.00302096 -0.014827
internal_weight=38714 32217 29694 6497 2523 11144 18550 2499 1960 7165 9794 11385 2428 1527
internal_count=38714 32217 29694 6497 2523 11144 18550 2499 1960 7165 9794 11385 2428 1527
cat_boundaries=0 1 2 3
cat_threshold=7176 25760 54311
is_linear=0
shrinkage=0.035


Tree=77
num_leaves=15
num_cat=2
split_feature=10 13 10 10 0 0 0 0 32 23 23 30 32 22
split_gain=3638.3 574.436 307.231 271.411 111.085 91.1882 76.5204 71.1056 45.6331 43.7124 38.7877 37.5142 35.6023 32.4279
threshold=11.715476190476192 536.25000000000011 41.690476190476197 6.9342857142857151 1103.5000000000002 14.550000000000002 140.50000000000003 8.5500000000000025 0 1.6201432633933599 1.2106820255181365 0.44312301391210612 1 1.5236325238862833
decision_type=8 10 10 10 10 8 10 8 1 10 8 2 1 10
left_child=3 2 5 -1 11 -2 8 -5 -4 13 -10 -3 -7 -8
right_child=1 4 6 7 -6 12 9 -9 10 -11 -12 -13 -14 -15
leaf_value=-0.1641747390958628 -0.045875009771661264 1.5097959046207485 0.08697211203310444 -0.062849739095862792 29.268557729800406 -0.0047898813588953719 0.2283027220769929 -0.039094019236922427 -0.023476341635355599 0.89955529692457692 0.04382841454559909 2.7376833196065893 -0.033536837276393734 -0.85258212798542765
leaf_weight=3998 1355 901 5494 972 561 3868 4920 1527 4642 673 2593 668 6448 94
leaf_count=3998 1355 901 5494 972 561 3868 4920 1527 4642 673 2593 668 6448 94
internal_value=-0.00360856 0.00121113 -3.37299e-05 -0.0274908 0.0187541 -0.00447542 0.00278161 -0.0183806 0.00127258 0.00615513 -0.000555172 0.0138977 -0.00335045 0.00502092
internal_weight=38714 32217 30087 6497 2130 11671 18416 2499 12729 5687 7235 1569 10316 5014
internal_count=38714 32217 30087 6497 2130 11671 18416 2499 12729 5687 7235 1569 10316 5014
cat_boundaries=0 1 2
cat_threshold=3480 28064
is_linear=0
shrinkage=0.035


Tree=78
num_leaves=15
num_cat=2
split_feature=10 13 10 10 0 0 0 23 32 23 32 24 24 0
split_gain=3608.29 546.155 294.818 277.436 117.931 92.8367 74.9851 67.5998 47.593 37.3891 34.6837 32.2709 31.2555 31.2086
threshold=11.715476190476192 536.25000000000011 51.673333333333339 6.9342857142857151 1165.0000000000002 18.550000000000004 8.5500000000000025 1.5099903268591459 0 0.92038792116003032 1 5.5000000000000009 5.5000000000000009 64.100000000000009
decision_type=8 10 10 10 10 8 8 10 1 8 1 2 2 10
left_child=3 2 5 -1 9 -2 -5 8 -4 -3 11 -7 -10 -12
right_child=1 4 7 6 -6 10 -8 -9 12 -11 13 -13 -14 -15
leaf_value=-0.15842862322750759 -0.03767202204388783 0.89410515059062823 -0.0096275819003767363 -0.060649998227507572 29.229726419739475 0.0042821473113802801 -0.037725728563630163 0.43536412949996672 0.11097348844299355 2.3615159614493075 -0.028942297847784161 -0.097641414432187337 -0.045544267412289376 0.34148589107648003
leaf_weight=3998 2741 385 4252 972 541 3266 1527 1316 9694 1204 7473 214 1017 114
leaf_count=3998 2741 385 4252 972 541 3266 1527 1316 9694 1204 7473 214 1017 114
internal_value=-0.00361037 0.0011894 -2.44251e-05 -0.0273939 0.0182951 -0.00378556 -0.0181849 0.00316599 0.00249499 0.0134159 -0.00235504 0.000540773 0.00373625 -0.00367864
internal_weight=38714 32217 30087 6497 2130 13808 2499 16279 14963 1589 11067 3480 10711 7587
internal_count=38714 32217 30087 6497 2130 13808 2499 16279 14963 1589 11067 3480 10711 7587
cat_boundaries=0 1 2
cat_threshold=49763 11680
is_linear=0
shrinkage=0.035


Tree=79
num_leaves=15
num_cat=2
split_feature=10 14 13 0 0 0 0 10 23 23 0 32 32 23
split_gain=3527.32 583.613 363.897 192.372 115.524 81.5236 54.548 48.2189 42.3098 40.1434 39.3933 37.4362 32.919 41.9834
threshold=9.3416666666666686 73.375000000000014 902.50000000000011 14.550000000000002 8.5500000000000025 341.00000000000006 45.100000000000009 5.9226190476190483 0.27873528245353024 1.1327480000609451 1165.0000000000002 0 1 1.0158162444832251
decision_type=8 10 8 8 10 10 10 10 10 10 8 1 1 8
left_child=4 3 5 8 7 12 11 -1 -2 -7 -4 -5 -3 -14
right_child=1 2 10 6 -6 9 -8 -9 -10 -11 -12 -13 13 -15
leaf_value=-0.15288362141454484 0.062858251619223468 0.1623919285496431 3.043926131790486 -0.0083343351913222462 -0.030383621414544815 0.57943470690118093 0.015513129578664577 -0.058527248289544809 -0.047212036836571866 1.4968687214002572 28.206685995048595 -0.033139214721494351 -0.031962454625202814 0.12402480762810382
leaf_weight=3328 93 5391 233 5268 389 1192 4086 1622 2176 1179 659 6903 2879 3316
leaf_count=3328 93 5391 233 5268 389 1192 4086 1622 2176 1179 659 6903 2879 3316
internal_value=-0.0036158 0.000611294 0.00577992 -0.00353192 -0.0300159 0.00438941 -0.00219745 -0.0314612 -0.0130673 0.0102967 0.0273913 -0.0033718 0.0031766 0.00142593
internal_weight=38714 33375 14849 18526 5339 13957 16257 4950 2269 2371 892 12171 11586 6195
internal_count=38714 33375 14849 18526 5339 13957 16257 4950 2269 2371 892 12171 11586 6195
cat_boundaries=0 1 2
cat_threshold=28066 3460
is_linear=0
shrinkage=0.035


Tree=80
num_leaves=15
num_cat=2
split_feature=10 10 10 0 0 0 1 10 23 32 32 0 23 23
split_gain=3500.92 548.108 329.036 188.389 121.971 71.8391 51.1117 48.2189 46.3087 42.5655 40.8271 37.6735 37.4424 35.6327
threshold=9.3416666666666686 71.077380952380963 907.7380952380953 14.550000000000002 8.5500000000000025 341.00000000000006 42.050000000000004 5.9226190476190483 0.78890864595290078 0 1 1052.5000000000002 0.27873528245353024 1.1327480000609451
decision_type=8 10 10 8 10 10 10 10 10 1 1 8 10 10
left_child=4 3 5 12 7 -3 8 -1 10 -10 -5 -4 -2 -7
right_child=1 2 11 6 -6 13 -8 -9 9 -11 -12 -13 -14 -15
leaf_value=-0.14753269466503574 0.057768991279359951 0.085098641050851367 1.9656218846447373 -0.058646528530076875 -0.029320194665035732 0.55107592831071317 0.011860926474563698 -0.056478794599410728 -0.048067860920180588 -0.00054059869410268753 -0.02890276751379009 25.177072953457312 -0.045559615547291876 1.4440171223574079
leaf_weight=3328 99 12002 197 1249 389 1184 4223 1622 2339 5315 2702 702 2175 1188
leaf_count=3328 99 12002 197 1249 389 1184 4223 1622 2339 5315 2702 702 2175 1188
internal_value=-0.00367546 0.0005358 0.00541792 -0.0035837 -0.0299766 0.00412824 -0.00222826 -0.0314612 -0.00342765 -0.00183705 -0.00650278 0.0259015 -0.0129925 0.00968868
internal_weight=38714 33375 15273 18102 5339 14374 15828 4950 11605 7654 3951 899 2274 2372
internal_count=38714 33375 15273 18102 5339 14374 15828 4950 11605 7654 3951 899 2274 2372
cat_boundaries=0 1 2
cat_threshold=2575 32865
is_linear=0
shrinkage=0.035


Tree=81
num_leaves=15
num_cat=1
split_feature=10 14 10 0 0 23 32 10 0 23 23 2 24 10
split_gain=3482.31 523.743 324.36 185.787 121.462 74.0664 61.8371 49.1219 47.5841 41.3534 38.6641 36.1288 42.1746 35.0707
threshold=9.3416666666666686 74.975000000000009 907.7380952380953 14.550000000000002 8.5500000000000025 1.5099903268591459 0 5.9226190476190483 45.100000000000009 1.0158162444832251 0.27873528245353024 180.25000000000003 5.5000000000000009 1363.0952380952383
decision_type=8 10 10 8 10 10 1 10 10 8 10 10 2 10
left_child=4 3 5 10 7 6 11 -1 -5 -8 -2 -3 -13 -4
right_child=1 2 13 8 -6 -7 9 -9 -10 -11 -12 12 -14 -15
leaf_value=-0.14236905035175945 0.058636298117773045 0.096070259266243033 4.0505267715440363 -0.022156955038668606 -0.028293987851759461 0.65516902823816769 -0.054472535597730035 -0.054502036788431359 0.015123180105539157 0.099989345873304394 -0.043965029003136646 0.65324890500896127 -0.13081125391814796 33.338254431850892
leaf_weight=3328 93 4958 384 12180 389 1097 2510 1622 4134 2527 2176 2500 309 507
leaf_count=3328 93 4958 384 12180 389 1097 2510 1622 4134 2527 2176 2500 309 507
internal_value=-0.00370619 0.000493859 0.00540718 -0.00341753 -0.0299373 0.00408996 0.00333906 -0.0314188 -0.00211042 0.000311758 -0.0127902 0.00529363 0.00847015 0.0258203
internal_weight=38714 33375 14792 18583 5339 13901 12804 4950 16314 5037 2269 7767 2809 891
internal_count=38714 33375 14792 18583 5339 13901 12804 4950 16314 5037 2269 7767 2809 891
cat_boundaries=0 1
cat_threshold=11668
is_linear=0
shrinkage=0.035


Tree=82
num_leaves=15
num_cat=3
split_feature=10 10 13 0 0 23 32 17 0 0 24 32 32 24
split_gain=3343.2 478.048 284.664 157.724 112.817 61.2219 50.2292 49.8001 46.006 43.9435 43.4813 48.9427 48.2442 40.2319
threshold=9.3416666666666686 95.016666666666694 902.50000000000011 18.550000000000004 8.5500000000000025 1.3977600057252253 0 1.3045084525713044 1165.0000000000002 100.50000000000001 5.5000000000000009 1 2 4.5000000000000009
decision_type=8 10 10 8 10 10 1 10 8 10 2 1 1 2
left_child=4 3 5 -2 7 10 -5 -1 -4 13 11 -3 -12 -8
right_child=1 2 8 6 -6 -7 9 -9 -10 -11 12 -13 -14 -15
leaf_value=-0.13738613358944785 -0.034771926093081586 0.36413139510399656 2.3738455919474437 0.026123890778249292 -0.027303698276947889 0.59209519635208974 -0.011127379759526415 -0.084886133589447854 25.171415526736112 0.44841734925014703 -0.70283268889321382 0.091549753315166113 0.052631801887870332 -0.049269056849601083
leaf_weight=3468 3713 2292 237 3464 389 1486 10406 1482 655 211 277 6890 663 3081
leaf_count=3468 3713 2292 237 3464 389 1486 10406 1482 655 211 277 6890 663 3081
internal_value=-0.00355433 0.000560965 0.00597281 -0.00268032 -0.0292562 0.00450271 -0.00126405 -0.0306842 0.0249721 -0.00221542 0.00352523 0.00425928 -0.00362963 -0.00246702
internal_weight=38714 33375 12500 20875 5339 11608 17162 4950 892 13698 10122 9182 940 13487
internal_count=38714 33375 12500 20875 5339 11608 17162 4950 892 13698 10122 9182 940 13487
cat_boundaries=0 1 2 3
cat_threshold=3456 3072 33832
is_linear=0
shrinkage=0.035


Tree=83
num_leaves=15
num_cat=2
split_feature=10 13 10 13 10 0 23 32 30 23 1 32 23 24
split_gain=3246.97 463.334 268.789 136.94 125.594 100.419 65.7813 52.316 47.7085 46.2659 41.8836 37.5783 46.5464 28.1058
threshold=9.3416666666666686 465.75000000000006 39.638095238095239 1352.5000000000002 6.9342857142857151 14.550000000000002 1.8549067072839038 0 0.41202506375868281 0.78890864595290078 9.0500000000000025 1 0.71416782942536139 5.5000000000000009
decision_type=8 10 10 10 10 8 10 1 2 8 10 1 8 2
left_child=4 2 5 8 -1 -2 7 13 -3 -9 -6 12 -7 -4
right_child=1 3 6 -5 10 11 -8 9 -10 -11 -12 -13 -14 -15
leaf_value=-0.13257761891381717 -0.039687528572835445 1.1158489399779223 0.09028944617856724 31.290415983300345 -0.047785950825205578 -0.09068863184970137 0.54103308547765272 -0.11318213456862446 2.1557283878819096 0.0056203847848642326 -0.018689531518604998 -0.02877984388678357 0.0036308838570250496 -0.057423648157555296
leaf_weight=3998 2243 1187 9731 499 1124 156 640 1154 837 6064 217 6943 2960 961
leaf_count=3998 2243 1187 9731 499 1124 156 640 1154 837 6064 217 6943 2960 961
internal_value=-0.00349467 0.000560965 -0.000619308 0.0149664 -0.0288239 -0.00462989 0.00204096 0.00164499 0.0108674 -0.000658095 -0.0194242 -0.00313345 6.70712e-05 0.00319697
internal_weight=38714 33375 30852 2523 5339 12302 18550 17910 2024 7218 1341 10059 3116 10692
internal_count=38714 33375 30852 2523 5339 12302 18550 17910 2024 7218 1341 10059 3116 10692
cat_boundaries=0 1 2
cat_threshold=11676 24736
is_linear=0
shrinkage=0.035


Tree=84
num_leaves=15
num_cat=2
split_feature=10 0 7 10 0 0 0 13 23 0 32 32 23 24
split_gain=2985.22 456.924 280.326 187.277 103.217 96.8427 71.1586 48.4539 42.3055 40.6461 40.5076 39.4517 30.3266 29.0312
threshold=9.3416666666666686 551.00000000000011 42.040064102564109 5.9226190476190483 13.050000000000002 1165.0000000000002 140.50000000000003 1247.5000000000002 1.9759737635989685 8.5500000000000025 0 1 0.78112397765001229 5.5000000000000009
decision_type=8 10 2 10 8 10 8 8 10 8 1 1 10 2
left_child=3 2 4 -1 -2 -3 10 8 -8 -5 -4 13 -12 -6
right_child=1 5 6 9 11 -7 7 -9 -10 -11 12 -13 -14 -15
leaf_value=-0.12793740225183356 -0.040780060264617383 1.7491038114264372 0.054230321119401063 -0.047950942546323365 0.0024229523895171216 23.195251423884834 0.12279414437817822 32.031191476940116 1.1374079160897463 -0.032502107288221976 -0.08018593141947078 -0.028597321418005299 -0.0030325932899687305 -0.074670878979512953
leaf_weight=3346 1803 1241 4925 1321 3356 551 8276 94 282 672 1252 7389 4009 197
leaf_count=3346 1803 1241 4925 1321 3356 551 8276 94 282 672 1252 7389 4009 197
internal_value=-0.00333196 0.000556771 -0.000419938 -0.0276188 -0.00442784 0.017724 0.0022921 0.00462516 0.00434077 -0.0190415 0.000309096 -0.00314607 -0.0018243 -0.000107904
internal_weight=38714 33375 31583 5339 12745 1792 18838 8652 8558 1993 10186 10942 5261 3553
internal_count=38714 33375 31583 5339 12745 1792 18838 8652 8558 1993 10186 10942 5261 3553
cat_boundaries=0 1 2
cat_threshold=11672 25760
is_linear=0
shrinkage=0.035


Tree=85
num_leaves=15
num_cat=2
split_feature=10 0 19 10 0 0 1 23 16 32 23 24 0 32
split_gain=2963.05 435.098 261.919 189.645 107.381 93.7245 63.1701 45.3958 40.8182 37.5247 60.3561 36.008 34.038 29.2809
threshold=9.3416666666666686 551.00000000000011 44.087500000000006 5.9226190476190483 14.550000000000002 1255.0000000000002 169.50000000000003 1.5099903268591459 1.2649110640673664 0 0.73064407069907578 3.5000000000000004 7.1000000000000005 1
decision_type=8 10 10 10 8 10 10 8 10 1 8 2 8 1
left_child=3 2 4 -1 -2 -3 11 -8 -5 10 -6 -4 -10 -13
right_child=1 5 6 8 9 -7 7 -9 12 -11 -12 13 -14 -15
leaf_value=-0.12345959317301937 -0.038168433604499792 1.7048207177596966 0.037107051741914983 -0.044435159557202029 -0.083877784735692101 25.883417624048864 0.17606500846209516 0.66567017124364658 -0.079370113508939702 -0.037828199646969519 -0.00031240890013753745 0.033913522751833604 -0.023860196388058218 -0.049293582701417628
leaf_weight=3346 2234 1302 8520 1030 289 490 3487 1342 375 5213 5643 2544 588 2311
leaf_count=3346 2234 1302 8520 1030 289 490 3487 1342 375 5213 5643 2544 588 2311
internal_value=-0.00336992 0.000504344 -0.000448746 -0.0275664 -0.00416579 0.0172565 0.00228349 0.00571266 -0.0189364 -0.00275919 -0.000847486 0.00104372 -0.0136312 -0.00136111
internal_weight=38714 33375 31583 5339 13379 1792 18204 4829 1993 11145 5932 13375 963 4855
internal_count=38714 33375 31583 5339 13379 1792 18204 4829 1993 11145 5932 13375 963 4855
cat_boundaries=0 1 2
cat_threshold=31200 11162
is_linear=0
shrinkage=0.035


Tree=86
num_leaves=15
num_cat=2
split_feature=10 0 19 10 0 0 1 23 23 32 1 23 32 22
split_gain=2908.66 426.172 251.785 184.692 97.6555 91.9086 61.0341 42.6712 41.5453 51.0791 41.5022 32.7733 57.7905 33.6337
threshold=9.3416666666666686 560.75000000000011 44.087500000000006 5.9226190476190483 13.050000000000002 1255.0000000000002 169.50000000000003 1.5099903268591459 0.78890864595290078 0 9.9500000000000011 0.61501053389950788 1 0.97026308981968956
decision_type=8 10 10 10 8 10 10 8 8 1 10 8 1 10
left_child=3 2 4 -1 -2 -3 11 -8 -6 -10 -5 12 -4 -13
right_child=1 5 6 10 8 -7 7 -9 9 -11 -12 13 -14 -15
leaf_value=-0.11913850741196369 -0.038049641685667511 1.6773392190552716 0.084436555976684008 -0.043381651318423919 -0.051997361546436069 24.977498007207153 0.17286542063289873 0.64737646232854018 0.00097745114313168473 -0.034940820120917572 -0.013020085449991258 0.057024034142962074 -0.12878764942964363 0.00035772426336322388
leaf_weight=3346 1799 1266 574 1810 1129 490 3513 1348 5348 5103 183 5050 694 7061
leaf_count=3346 1799 1266 574 1810 1129 490 3513 1348 5348 5103 183 5050 694 7061
internal_value=-0.00330484 0.000533703 -0.000399538 -0.0272783 -0.0040455 0.0172913 0.00227514 0.00563194 -0.00286405 -0.00217244 -0.0187613 0.00105387 -0.00428908 0.00161481
internal_weight=38714 33375 31619 5339 13379 1756 18240 4861 11580 10451 1993 13379 1268 12111
internal_count=38714 33375 31619 5339 13379 1756 18240 4861 11580 10451 1993 13379 1268 12111
cat_boundaries=0 1 2
cat_threshold=30944 1306
is_linear=0
shrinkage=0.035


Tree=87
num_leaves=15
num_cat=2
split_feature=11 16 13 10 0 23 32 32 1 24 5 0 0 23
split_gain=2840.1 415.517 251.206 161.396 156.921 88.6103 76.8253 55.9949 49.7567 49.6359 41.9231 41.7894 36.1971 36.126
threshold=8.7625000000000011 15.879756505269816 1507.5000000000002 5.9226190476190483 14.550000000000002 1.2020374982703752 0 1 21.050000000000004 4.5000000000000009 260.40000000000003 7.5500000000000007 9.5500000000000025 0.86621026338103879
decision_type=8 10 10 10 8 10 1 1 8 2 8 8 10 8
left_child=3 4 5 -1 12 7 -7 -3 -6 -10 -8 -5 -2 -9
right_child=1 2 -4 11 8 6 10 13 9 -11 -12 -13 -14 -15
leaf_value=-0.11496865965254496 -0.062065795741215721 0.28982219347884797 31.143906410628045 -0.051394021673607682 -0.026280205408686814 -0.13538230564011786 0.3701779442303314 -0.096633066789864885 0.0030176856214670172 -0.036304815234900333 1.708056307187416 -0.030023818351051175 -0.022880789832093539 0.12136332418536186
leaf_weight=3338 669 3041 444 811 2960 524 1757 2003 12982 3885 816 856 1828 2800
leaf_count=3338 669 3041 444 811 2960 524 1757 2003 12982 3885 816 856 1828 2800
internal_value=-0.00326506 0.000389304 0.00582924 -0.0278533 -0.00238569 0.00477389 0.0097824 0.00279144 -0.00134303 -0.000607812 0.0122392 -0.0188606 -0.0106455 0.000428601
internal_weight=38714 33709 11385 5005 22324 10941 3097 7844 19827 16867 2573 1667 2497 4803
internal_count=38714 33709 11385 5005 22324 10941 3097 7844 19827 16867 2573 1667 2497 4803
cat_boundaries=0 1 2
cat_threshold=258 3360
is_linear=0
shrinkage=0.035


Tree=88
num_leaves=15
num_cat=2
split_feature=11 0 11 10 0 1 0 23 24 0 23 32 22 32
split_gain=2808.64 398.93 236.142 164.512 89.6943 89.2052 69.5096 50.9786 46.8535 45.0042 42.5338 77.7524 52.5885 35.0168
threshold=8.7625000000000011 560.75000000000011 24.788690476190478 5.9226190476190483 1305.0000000000002 118.15000000000002 9.5500000000000025 1.3977600057252253 5.5000000000000009 7.5500000000000007 0.76888623769051667 0 0.95261715913436085 1
decision_type=8 10 10 10 10 10 8 8 2 8 8 1 8 1
left_child=3 2 6 -1 -3 8 -2 -7 10 -5 11 -4 13 -12
right_child=1 4 5 9 -6 7 -8 -9 -10 -11 12 -13 -14 -15
leaf_value=-0.11094475656470588 -0.059855470814851486 1.5958832757698738 -0.085046583255469141 -0.04959523091503143 25.877680642100831 0.097530892420343074 -0.020941185524318409 0.42545742963142691 -0.063190530188578412 -0.028972984708764395 0.001673996610688553 0.022886157764044911 -0.0035153527350002371 0.068397417618378045
leaf_weight=3338 656 1301 1045 811 455 5573 6527 2181 1289 856 1484 1563 9306 2329
leaf_count=3338 656 1301 1045 811 455 5573 6527 2181 1289 856 1484 1563 9306 2329
internal_value=-0.00327591 0.00035816 -0.000535547 -0.0277275 0.0165758 0.00108496 -0.00612062 0.00419513 -0.000333118 -0.0186513 0.000193555 -0.00388442 0.00100541 0.00446438
internal_weight=38714 33709 31953 5005 1756 24770 7183 7754 17016 1667 15727 2608 13119 3813
internal_count=38714 33709 31953 5005 1756 24770 7183 7754 17016 1667 15727 2608 13119 3813
cat_boundaries=0 1 2
cat_threshold=53473 33387
is_linear=0
shrinkage=0.035


Tree=89
num_leaves=15
num_cat=3
split_feature=11 1 10 10 0 0 13 0 24 32 23 32 24 32
split_gain=2795.7 383.547 242.99 166.076 79.8475 75.0181 47.7409 46.3217 39.9253 40.0297 33.0181 36.4859 30.1646 39.7677
threshold=8.7625000000000011 752.00000000000011 41.690476190476197 5.9226190476190483 14.550000000000002 177.10000000000002 1507.5000000000002 7.5500000000000007 5.5000000000000009 0 0.78890864595290078 1 5.5000000000000009 2
decision_type=8 10 10 10 8 10 8 8 2 1 10 1 2 1
left_child=3 2 4 -1 -2 12 -3 -5 9 -7 -6 -12 -4 -14
right_child=1 6 5 7 10 8 -8 -9 -10 -11 11 -13 13 -15
leaf_value=-0.10706169008494118 -0.032101424902729284 2.765831993779007 0.022194747099960176 -0.047859397833005343 -0.030287915829649452 0.59255174266947541 29.107530030109388 -0.027958930243957646 -0.12062739174956137 0.21539787692639112 0.0053025799581869221 -0.027083914481559151 -0.19354158267406399 0.0045142855868854784
leaf_weight=3338 2525 727 12990 811 3589 2264 377 856 447 2533 3473 3573 455 756
leaf_count=3338 2525 727 12990 811 3589 2264 377 856 447 2533 3473 3573 455 756
internal_value=-0.00329037 0.000335321 -0.000353113 -0.0276856 -0.00402507 0.00213239 0.0205771 -0.0185676 0.00570775 0.00663994 -0.00269408 -0.00130052 0.000810573 -0.00446135
internal_weight=38714 33709 32605 5005 13160 19445 1104 1667 5244 4797 10635 7046 14201 1211
internal_count=38714 33709 32605 5005 13160 19445 1104 1667 5244 4797 10635 7046 14201 1211
cat_boundaries=0 1 2 3
cat_threshold=44164 41200 37928
is_linear=0
shrinkage=0.035


Tree=90
num_leaves=15
num_cat=2
split_feature=11 0 19 10 0 0 13 0 23 32 23 23 32 30
split_gain=2664.69 363.577 208.417 172.851 95.4398 81.1994 53.5758 50.7578 43.9241 40.4196 41.4322 36.1427 43.1379 33.8343
threshold=8.7625000000000011 551.00000000000011 44.087500000000006 5.2816666666666681 1305.0000000000002 14.550000000000002 1178.7500000000002 7.5500000000000007 1.9759737635989685 0 0.78890864595290078 0.80061118922177854 1 -0.9292178835113839
decision_type=8 10 10 10 10 8 8 8 10 1 8 10 1 2
left_child=3 2 5 -1 -3 -2 8 -5 9 13 -11 -7 -13 -4
right_child=1 4 6 7 -6 11 -8 -9 -10 10 -12 12 -14 -15
leaf_value=-0.12081453093196824 -0.031576798163108988 1.4432232413356629 -0.041555020251490854 -0.050814530931968235 24.588766479055565 -0.031295202603923995 26.659132175461643 -0.027811616016489096 0.77708087272758819 -0.084052989721786403 0.0093610303766393701 -0.051041588584490136 0.0022279317454118445 0.097808730771173635
leaf_weight=2836 2510 1337 1400 1199 455 3378 111 970 282 1358 5509 2139 5684 9546
leaf_count=2836 2510 1337 1400 1199 455 3378 111 970 282 1358 5509 2139 5684 9546
internal_value=-0.00319817 0.00034155 -0.000520801 -0.027015 0.0156594 -0.00377916 0.00193345 -0.0194963 0.00178094 0.00156162 -0.000544173 -0.00250178 -0.00119379 0.00288021
internal_weight=38714 33709 31917 5005 1792 13711 18206 2169 18095 17813 6867 11201 7823 10946
internal_count=38714 33709 31917 5005 1792 13711 18206 2169 18095 17813 6867 11201 7823 10946
cat_boundaries=0 1 2
cat_threshold=11676 1550
is_linear=0
shrinkage=0.035


Tree=91
num_leaves=15
num_cat=2
split_feature=13 0 10 11 0 1 0 24 32 0 32 23 23 23
split_gain=2446.25 343.349 213.517 197.859 94.3818 77.764 60.9004 53.2668 47.2057 43.1498 41.3847 38.152 38.0865 36.54
threshold=8.0250000000000021 551.00000000000011 5.0916666666666677 24.788690476190478 1655.0000000000002 169.50000000000003 9.5500000000000025 5.5000000000000009 0 6.5500000000000007 1 0.70230110753210095 1.5099903268591459 0.76888623769051667
decision_type=10 10 8 10 10 10 8 2 1 8 1 8 8 8
left_child=2 3 -1 6 -3 7 -2 13 -9 -4 11 -8 -7 -5
right_child=1 4 9 5 -6 12 10 8 -10 -11 -12 -13 -14 -15
leaf_value=-0.11658602234934937 -0.05068223265914306 1.6301425416372815 -0.058091753781687072 -0.036057668675840593 31.292696178190848 0.14224529407149178 -0.072765571777933982 -0.27846099656604595 -0.041851335872609516 -0.032902344336986203 -0.020973705181820342 0.018347504642843335 0.59762545080640539 0.012660440693248313
leaf_weight=2685 650 1459 973 2957 331 3492 70 203 1363 1371 5789 672 1367 15332
leaf_count=2685 650 1459 973 2957 331 3492 70 203 1363 1371 5789 672 1367 15332
internal_value=-0.00308608 0.000314782 -0.0258433 -0.000523354 0.0152089 0.000962822 -0.00563526 -8.81168e-06 -0.00619351 -0.0180587 -0.00461062 0.00314399 0.00492907 0.000522302
internal_weight=38714 33685 5029 31895 1790 24714 7181 19855 1566 2344 6531 742 4859 18289
internal_count=38714 33685 5029 31895 1790 24714 7181 19855 1566 2344 6531 742 4859 18289
cat_boundaries=0 1 2
cat_threshold=1056 17824
is_linear=0
shrinkage=0.035


Tree=92
num_leaves=15
num_cat=1
split_feature=13 13 10 17 13 0 24 32 0 1 0 23 26 23
split_gain=2442.22 334.611 213.635 198.565 81.9105 79.5088 58.5137 70.5829 55.2611 45.5155 43.6189 35.0954 34.6278 42.8788
threshold=8.0250000000000021 721.25000000000011 5.0916666666666677 8.9311915105371451 1507.5000000000002 9.5500000000000025 5.5000000000000009 0 177.10000000000002 21.550000000000004 6.5500000000000007 0.81231315763477352 284.50000000000006 1.8168083000463571
decision_type=10 10 8 10 10 8 2 1 10 10 8 8 2 10
left_child=2 3 -1 5 -3 -2 8 -8 -5 -7 -4 -11 13 -10
right_child=1 4 10 6 -6 9 7 -9 12 11 -12 -13 -14 -15
leaf_value=-0.11250551156712212 -0.046551123522298309 2.1183225801187096 -0.056058542399328025 0.030571744364308276 27.192482749258161 -0.019661895071303122 -0.79559927648281736 -0.018835485991155497 0.14479390312090118 -0.047789038265949046 -0.031750762285191705 -0.0011002414138984841 0.5606289468619533 1.4904557172386388
leaf_weight=2685 626 943 973 11377 444 6622 247 1255 3007 811 1371 6827 1188 338
leaf_count=2685 626 943 973 11377 444 6622 247 1255 3007 811 1371 6827 1188 338
internal_value=-0.00307704 0.000321015 -0.0258155 -0.000403059 0.0171228 -0.00337049 0.00213412 -0.00445919 0.00275778 -0.00283141 -0.0180289 -0.00098914 0.00602358 0.00418955
internal_weight=38714 33685 5029 32298 1387 14886 17412 1502 15910 14260 2344 7638 4533 3345
internal_count=38714 33685 5029 32298 1387 14886 17412 1502 15910 14260 2344 7638 4533 3345
cat_boundaries=0 1
cat_threshold=33824
is_linear=0
shrinkage=0.035


Tree=93
num_leaves=15
num_cat=3
split_feature=13 1 10 17 0 24 32 0 1 23 32 0 30 32
split_gain=2398.1 327.633 228.239 192.115 72.9518 57.8504 63.4314 61.5214 52.7825 42.8026 45.9266 39.1517 34.3018 36.8197
threshold=8.0250000000000021 752.00000000000011 5.2816666666666681 8.9311915105371451 9.5500000000000025 5.5000000000000009 0 341.00000000000006 1410.0000000000002 0.78890864595290078 1 8.5500000000000025 -0.91595872546125101 2
decision_type=10 10 8 10 8 2 1 10 10 8 1 10 2 1
left_child=2 3 -1 4 -2 7 -7 12 -3 -6 -11 -4 -5 -14
right_child=1 8 11 5 9 6 -8 -9 -10 10 -12 -13 13 -15
leaf_value=-0.10856781866227283 -0.044921834199017838 2.2273055109749422 -0.037639478929489774 -0.0410231568692873 -0.038259002688439729 -0.79724665054732569 -0.0201003846739593 0.82191711732434847 24.070702156100101 0.0021379839904394696 -0.019232647521549143 -0.010374036194772193 0.10862403516878598 0.02241685703834978
leaf_weight=2839 626 681 1966 1831 1650 254 1259 2043 420 5140 7473 224 4906 7402
leaf_count=2839 626 681 1966 1831 1650 254 1259 2043 420 5140 7473 224 4906 7402
internal_value=-0.00301919 0.000348026 -0.0255513 -0.000287827 -0.00321707 0.00217712 -0.00435771 0.00278928 0.0190823 -0.0027008 -0.00200547 -0.0169977 0.00196727 0.00263218
internal_weight=38714 33685 5029 32584 14889 17695 1513 16182 1101 14263 12613 2190 14139 12308
internal_count=38714 33685 5029 32584 14889 17695 1513 16182 1101 14263 12613 2190 14139 12308
cat_boundaries=0 1 2 3
cat_threshold=33824 7648 11432
is_linear=0
shrinkage=0.035


Tree=94
num_leaves=15
num_cat=3
split_feature=13 16 13 0 17 0 1 1 24 30 32 23 32 32
split_gain=2303.64 339.656 238.076 138.583 93.2839 81.3647 44.4545 42.6175 38.6827 40.0973 41.9713 36.7065 42.7511 37.8516
threshold=6.5250000000000012 8.9566079955937585 1507.5000000000002 9.5500000000000025 1.0028368851322715 551.00000000000011 43.050000000000004 9.5500000000000025 5.5000000000000009 -0.6588389295471534 0 0.7360028761459646 1 2
decision_type=10 10 10 8 8 10 8 8 2 2 1 8 1 1
left_child=4 3 5 -2 -1 6 -3 -5 9 -8 -11 12 -9 -13
right_child=1 2 -4 7 -6 -7 8 11 -10 10 -12 13 -14 -15
leaf_value=-0.10476794500909328 -0.033201473966162111 -0.058680908804505959 25.551617813153399 -0.039391650384846301 -0.068564159053898815 1.4816775842047374 0.00070316713541263465 -0.063857838583506854 -0.079122262049397429 0.25415808354305769 0.084682448270677863 0.02140850630246547 -0.0076225260384549919 -0.012666195343514578
leaf_weight=2397 1472 1200 444 510 1511 1412 3478 716 1233 2554 6521 1065 694 13507
leaf_count=2397 1472 1200 444 510 1511 1412 3478 716 1233 2554 6521 1065 694 13507
internal_value=-0.00289264 -3.01629e-05 0.0035401 -0.00337748 -0.0283542 0.0028507 0.00209192 -0.00245681 0.00265463 0.00323579 0.0044598 -0.00213674 -0.00751943 -0.0016135
internal_weight=38714 34806 16842 17964 3908 16398 14986 16492 13786 12553 9075 15982 1410 14572
internal_count=38714 34806 16842 17964 3908 16398 14986 16492 13786 12553 9075 15982 1410 14572
cat_boundaries=0 1 2 3
cat_threshold=3112 37088 128
is_linear=0
shrinkage=0.035


Tree=95
num_leaves=15
num_cat=2
split_feature=13 14 13 1 17 0 23 32 22 0 32 23 0 23
split_gain=2264.7 314.887 222.203 123.011 103.366 65.149 45.124 57.6973 45.2621 41.0892 39.7588 45.3098 39.4048 35.3899
threshold=6.5250000000000012 73.375000000000014 1507.5000000000002 10.900000000000002 1.0028368851322715 541.25000000000011 0.7360028761459646 0 0.95261715913436085 18.550000000000004 1 0.92038792116003032 5.0500000000000007 1.23066761808036
decision_type=10 10 10 8 8 10 8 1 10 8 1 8 8 10
left_child=4 3 5 -2 -1 -3 7 -5 -8 -10 11 -11 -6 -7
right_child=1 2 -4 6 12 13 8 -9 9 10 -12 -13 -14 -15
leaf_value=-0.10110106693377502 -0.029631067746054708 0.068081507473884251 25.194397190904027 -0.0053867093488303127 -0.084868199442206804 0.72942393388749571 0.0080786674966633418 -0.066392703891338264 -0.026298732626700246 -0.080268674076492075 -0.034855467702297617 0.008598307864087348 -0.049868199442206801 2.4273580609140235
leaf_weight=2397 2018 12925 441 1054 741 836 4704 1125 1609 384 4775 4294 770 641
leaf_count=2397 2018 12925 441 1054 741 836 4704 1125 1609 384 4775 4294 770 641
internal_value=-0.00285829 -2.01086e-05 0.00383991 -0.00289037 -0.0281038 0.00308531 -0.00196741 -0.00668269 -0.0013138 -0.00253637 -0.00165416 0.000641381 -0.0208015 0.0100371
internal_weight=38714 34806 14843 19963 3908 14402 17945 2179 15766 11062 9453 4678 1511 1477
internal_count=38714 34806 14843 19963 3908 14402 17945 2179 15766 11062 9453 4678 1511 1477
cat_boundaries=0 1 2
cat_threshold=10011 47328
is_linear=0
shrinkage=0.035


Tree=96
num_leaves=15
num_cat=2
split_feature=13 1 11 17 0 0 0 26 23 24 32 0 32 23
split_gain=2259.29 304.465 214.987 103.177 79.2969 73.148 54.618 39.131 38.2425 37.5599 49.7356 36.5537 33.5469 34.7439
threshold=6.5250000000000012 752.00000000000011 24.788690476190478 1.0464604547619893 177.10000000000002 9.5500000000000025 1606.1000000000001 284.50000000000006 1.8168083000463571 5.5000000000000009 0 5.0500000000000007 1 0.70230110753210095
decision_type=10 10 10 8 10 8 8 2 10 2 1 8 1 8
left_child=3 2 5 -1 9 -2 -3 8 -6 -4 -11 -5 13 -7
right_child=1 6 4 11 7 12 -8 -9 -10 10 -12 -13 -14 -15
leaf_value=-0.09056252792216285 -0.031565334496110063 2.0102358921159253 0.0047839029696758401 -0.083735312461729564 0.097523693269737213 -0.06481375484623339 19.062593289222384 0.5058955330781354 1.2941679880379289 -0.2105963858890344 -0.025771984282123274 -0.048122812461729565 -0.018851273956391863 0.018002136062974697
leaf_weight=2488 1500 650 18474 681 3483 70 451 1389 365 376 1313 739 6053 682
leaf_count=2488 1500 650 18474 681 3483 70 451 1389 365 376 1313 739 6053 682
internal_value=-0.00283478 0 -0.000592851 -0.0280501 0.00100571 -0.00547954 0.0180696 0.00484071 0.00301583 8.67711e-06 -0.00497934 -0.020386 -0.00393172 0.00301173
internal_weight=38714 34806 33705 3908 25400 8305 1101 5237 3848 20163 1689 1420 6805 752
internal_count=38714 34806 33705 3908 25400 8305 1101 5237 3848 20163 1689 1420 6805 752
cat_boundaries=0 1 2
cat_threshold=1064 17824
is_linear=0
shrinkage=0.035


Tree=97
num_leaves=15
num_cat=2
split_feature=13 13 11 17 0 2 0 23 0 23 32 22 24 32
split_gain=2225.81 293.957 193.712 102.728 86.9229 67.4452 64.8425 41.4926 39.1399 36.325 68.7847 42.0118 33.1681 43.2334
threshold=6.5250000000000012 721.25000000000011 24.788690476190478 1.0464604547619893 1655.0000000000002 89.90000000000002 9.5500000000000025 1.235608611777675 5.0500000000000007 0.78890864595290078 0 0.95261715913436085 5.5000000000000009 1
decision_type=10 10 10 8 10 10 8 8 8 8 1 10 2 1
left_child=3 2 6 -1 7 9 -2 -3 -5 10 -4 -11 -7 -14
right_child=1 4 5 8 -6 12 -8 -9 -10 11 -12 -13 13 -15
leaf_value=-0.087392839444887141 -0.030460547788746201 0.86512128988823866 0.051045088711687212 -0.08080457652556905 27.540372994996503 0.12489197201609174 -0.015183913797803027 3.7745937747093401 -0.04643851402556904 0.033100414604831312 -0.068628724601554392 -0.011312253266339171 -1.9198938609853879 -0.006851015698827752
leaf_weight=2488 1500 577 1011 681 330 8997 6802 480 739 3538 1744 8833 100 894
leaf_count=2488 1500 577 1011 681 330 8997 6802 480 739 3538 1744 8833 100 894
internal_value=-0.00280767 6.03258e-06 -0.000650281 -0.0278354 0.0157651 0.000881896 -0.0052835 0.0107768 -0.0201895 -0.000592162 -0.00422283 0.00021776 0.00311275 -0.00294294
internal_weight=38714 34806 33419 3908 1387 25117 8302 1057 1420 15126 2755 12371 9991 994
internal_count=38714 34806 33419 3908 1387 25117 8302 1057 1420 15126 2755 12371 9991 994
cat_boundaries=0 1 2
cat_threshold=11530 1024
is_linear=0
shrinkage=0.035


Tree=98
num_leaves=15
num_cat=2
split_feature=13 14 11 10 0 0 0 23 26 23 24 32 0 32
split_gain=2181.84 275.302 187.35 117.581 79.6915 68.3455 65.9922 53.8403 38.6855 38.5094 34.2211 47.9642 33.0057 31.4465
threshold=6.5250000000000012 721.25000000000011 24.788690476190478 5.0916666666666677 1780.7500000000002 177.10000000000002 9.5500000000000025 0.92927361569809008 284.50000000000006 1.9759737635989685 5.5000000000000009 0 5.5500000000000007 1
decision_type=10 10 10 8 10 10 8 8 2 10 2 1 10 1
left_child=3 2 6 12 7 10 -2 -3 9 -7 -4 -12 -1 -8
right_child=1 4 5 -5 -6 8 13 -9 -10 -11 11 -13 -14 -15
leaf_value=-0.10183409006431608 -0.029394428616140073 -0.08109043685044072 0.0040892806696055401 -0.038806104902663591 29.681489469274727 0.081431501458842148 0.011754319437332832 3.0837886910091128 0.46791906195897381 1.5073756235891298 0.027972427341627991 -0.10745560185557157 -0.038834091733246132 -0.017610741489737368
leaf_weight=2575 1500 321 18442 1223 293 3390 752 714 1344 304 752 938 110 6056
leaf_count=2575 1500 321 18442 1223 293 3390 752 714 1344 304 752 938 110 6056
internal_value=-0.00278778 -2.01086e-06 -0.000623003 -0.0275671 0.0155964 0.00088143 -0.00517864 0.0109375 0.00452508 0.00266829 -3.12857e-05 -0.00479056 -0.0316822 -0.00370909
internal_weight=38714 34806 33478 3908 1328 25170 8308 1035 5038 3694 20132 1690 2685 6808
internal_count=38714 34806 33478 3908 1328 25170 8308 1035 5038 3694 20132 1690 2685 6808
cat_boundaries=0 1 2
cat_threshold=2512 17824
is_linear=0
shrinkage=0.035


Tree=99
num_leaves=15
num_cat=2
split_feature=13 14 11 10 0 2 0 23 0 24 26 32 32 23
split_gain=2173.7 269.067 174.574 120.254 81.2964 63.2634 62.3292 52.0314 32.9134 29.915 29.6049 42.6655 29.2874 34.4643
threshold=6.5250000000000012 721.25000000000011 24.788690476190478 5.0916666666666677 1780.7500000000002 89.90000000000002 9.5500000000000025 0.92927361569809008 5.5500000000000007 5.5000000000000009 232.50000000000003 0 1 0.70230110753210095
decision_type=10 10 10 8 10 10 8 8 10 2 2 1 1 8
left_child=3 2 6 8 7 9 -2 -3 -1 -4 -7 -12 13 -8
right_child=1 4 5 -5 -6 10 12 -9 -10 -11 11 -13 -14 -15
leaf_value=-0.098269896912065016 -0.028365623614575178 -0.07825227156067513 -0.00090321366865365083 -0.037447891231070361 28.642637337850108 0.053854295711549587 -0.062425237623998799 2.9758560868237947 -0.037474898522582512 -0.05544801401116424 0.47176952666905908 0.098618251942971899 -0.016994365537596586 0.017492097103386978
leaf_weight=2575 1500 321 13992 1223 293 5810 70 714 110 1132 1108 3128 6056 682
leaf_count=2575 1500 321 13992 1223 293 5810 70 714 110 1132 1108 3128 6056 682
internal_value=-0.00276247 1.80977e-05 -0.000595825 -0.0274955 0.0154389 0.000856405 -0.00499338 0.0107356 -0.0316561 -0.000573733 0.00300866 0.00523226 -0.00356524 0.00292047
internal_weight=38714 34806 33478 3908 1328 25170 8308 1035 2685 15124 10046 4236 6808 752
internal_count=38714 34806 33478 3908 1328 25170 8308 1035 2685 15124 10046 4236 6808 752
cat_boundaries=0 1 2
cat_threshold=3584 17824
is_linear=0
shrinkage=0.035


Tree=100
num_leaves=15
num_cat=3
split_feature=13 13 16 10 0 0 24 23 32 32 32 16 22 16
split_gain=1972.22 260.695 187.485 136.046 92.2498 57.1755 51.5263 58.4732 79.8717 68.8956 55.7817 42.3148 35.0408 34.2927
threshold=6.5250000000000012 1247.5000000000002 8.9566079955937585 4.4633333333333338 9.5500000000000025 1780.7500000000002 5.5000000000000009 0.87869454109910572 0 1 2 44.007575105504095 0.95261715913436085 0.78740078740117869
decision_type=10 10 10 8 8 8 2 8 1 1 1 10 10 8
left_child=3 2 4 -1 -2 -3 7 8 -4 11 -8 -9 -11 -5
right_child=1 5 6 13 -6 -7 10 9 -10 12 -12 -13 -14 -15
leaf_value=-0.11583045552693291 -0.02680982729818954 3.5031524543979757 0.16331606127527512 -0.031830452189072794 -0.011806173900107587 27.517714671499032 -0.8443382367294906 0.11848278158607178 -0.097756175306406623 0.19367787858392627 -0.020465216911749878 1.1303390853719053 0.00073738687415884744 -0.0408279618107069
leaf_weight=2039 1472 195 1508 698 16492 357 253 3944 2670 1167 1169 1313 4266 1171
leaf_count=2039 1472 195 1508 698 16492 357 253 3944 2670 1167 1169 1313 4266 1171
internal_value=-0.00264857 0 -0.000386176 -0.0262075 -0.00285158 0.0237522 0.00233262 0.00294157 -0.00056897 0.00431323 -0.00402242 0.00716332 0.00153543 -0.019293
internal_weight=38714 34806 34254 3908 17964 552 16290 14868 4178 10690 1422 5257 5433 1869
internal_count=38714 34806 34254 3908 17964 552 16290 14868 4178 10690 1422 5257 5433 1869
cat_boundaries=0 1 2 3
cat_threshold=9480 40168 33824
is_linear=0
shrinkage=0.035


Tree=101
num_leaves=15
num_cat=2
split_feature=13 13 16 10 0 23 32 1 30 5 16 24 32 0
split_gain=1912.83 254.501 181.609 149.203 94.3217 58.3971 58.689 49.7717 40.0813 36.8032 36.3893 35.1377 40.0094 29.9982
threshold=6.5250000000000012 1642.5000000000002 8.9566079955937585 4.4633333333333338 9.5500000000000025 1.3977600057252253 0 43.050000000000004 -0.6588389295471534 210.70000000000002 0.75277265270911198 5.5000000000000009 1 1780.7500000000002
decision_type=10 10 10 8 8 10 1 8 2 10 8 2 1 8
left_child=3 2 4 -1 -2 7 -7 -4 -9 -8 -5 12 -10 -3
right_child=1 13 5 10 -6 6 9 8 11 -11 -12 -13 -14 -15
leaf_value=-0.11177638958349027 -0.02587148334275292 4.0159380575566423 -0.079011855880364912 -0.030716386362455238 -0.011392957813603789 -0.027307933693615855 0.23671383283183833 -0.03403206968058662 0.26457154178157188 2.7220956928478528 -0.03821804782712606 -0.095141754696546427 0.065663349413004043 28.427025017522883
leaf_weight=2039 1472 70 1029 659 16492 739 1328 3751 2602 329 1210 843 5829 322
leaf_count=2039 1472 70 1029 659 16492 739 1328 3751 2602 329 1210 843 5829 322
internal_value=-0.00261241 -4.02172e-06 -0.000325402 -0.025814 -0.00275808 0.00233121 0.00737609 0.00146881 0.00205487 0.0109898 -0.0185832 0.00328915 0.00397048 0.0278589
internal_weight=38714 34806 34414 3908 17964 16450 2396 14054 13025 1657 1869 9274 8431 392
internal_count=38714 34806 34414 3908 17964 16450 2396 14054 13025 1657 1869 9274 8431 392
cat_boundaries=0 1 2
cat_threshold=278 3112
is_linear=0
shrinkage=0.035


Tree=102
num_leaves=15
num_cat=4
split_feature=11 1 19 10 0 2 0 0 24 32 32 32 23 32
split_gain=1876.26 236.866 168.011 139.892 63.7189 63.0409 40.5974 40.5915 34.1761 36.313 35.9047 32.5936 41.9338 32.1192
threshold=6.5683333333333342 902.00000000000011 29.262500000000006 4.4633333333333338 9.5500000000000025 139.15000000000003 1780.7500000000002 6.0500000000000007 5.5000000000000009 0 1 2 0.80485880345389471 3
decision_type=8 10 10 10 8 10 8 10 2 1 1 1 8 1
left_child=3 2 4 -1 -2 11 -3 -5 9 -7 -10 -4 -13 -6
right_child=1 6 5 7 13 8 -8 -9 10 -11 -12 12 -14 -15
leaf_value=-0.10818537575163702 -0.025528980915632077 2.8320748126456787 0.022498148834669395 -0.036852455053647211 0.0019628452656814854 0.60392766341726134 20.432079141909579 -0.015226305027162065 -2.2370341387316897 0.14014591552602171 0.0038137275424918473 -0.059113423104435285 -0.0026680467822261548 -0.019067427475482606
leaf_weight=2034 1561 422 8011 1342 2253 1201 362 384 100 5183 605 1862 6746 6648
leaf_count=2034 1561 422 8011 1342 2253 1201 362 384 100 5183 605 1862 6746 6648
internal_value=-0.00259072 -6.20727e-05 -0.000499781 -0.0260664 -0.00419318 0.0011306 0.0188973 -0.0186424 0.00389273 0.00470027 -0.00340141 -4.8424e-05 -0.00154239 -0.0030457
internal_weight=38714 34954 34170 3760 10462 23708 784 1726 7089 6384 705 16619 8608 8901
internal_count=38714 34954 34170 3760 10462 23708 784 1726 7089 6384 705 16619 8608 8901
cat_boundaries=0 1 2 3 4
cat_threshold=1568 1024 11660 16608
is_linear=0
shrinkage=0.035


Tree=103
num_leaves=15
num_cat=2
split_feature=11 0 19 10 0 2 0 0 13 23 32 32 23 24
split_gain=1851.62 235.816 164.426 146.03 63.4831 61.6393 44.9188 36.7384 32.5465 30.787 43.5269 30.2628 33.4523 28.6432
threshold=6.5683333333333342 1005.0000000000001 29.262500000000006 4.4633333333333338 9.5500000000000025 139.15000000000003 6.0500000000000007 1780.7500000000002 1507.5000000000002 0.61501053389950788 0 1 0.66903496178853394 5.5000000000000009
decision_type=8 10 10 10 8 10 8 10 8 8 1 1 8 2
left_child=3 2 4 -1 -2 9 -5 -3 13 10 -4 12 -6 -7
right_child=1 7 5 6 11 8 -8 -9 -10 -11 -12 -13 -14 -15
leaf_value=-0.10439888760032973 -0.024635466583584963 4.0220031560179672 -0.11134472017649175 -0.036709169913125318 -0.072832472014303665 0.18954277446809742 -0.023180320362445321 24.977666492973345 26.266353497112149 0.0051140654711290525 -0.0054959788393547813 -0.018380197616299807 0.005169936828771907 -0.11339899708937133
leaf_weight=2034 1561 341 503 1079 95 6414 647 295 69 15233 912 6649 2158 724
leaf_count=2034 1561 341 503 1079 95 6414 647 295 69 15233 912 6649 2158 724
internal_value=-0.00257806 -6.60774e-05 -0.000458876 -0.0258991 -0.00411588 0.00114564 -0.0183189 0.0209672 0.00384845 -2.52207e-05 -0.00495423 -0.0029707 0.000540123 0.00360633
internal_weight=38714 34954 34318 3760 10463 23855 1726 636 7207 16648 1415 8902 2253 7138
internal_count=38714 34954 34318 3760 10463 23855 1726 636 7207 16648 1415 8902 2253 7138
cat_boundaries=0 1 2
cat_threshold=14561 16608
is_linear=0
shrinkage=0.035


Tree=104
num_leaves=15
num_cat=3
split_feature=13 16 13 0 10 23 32 32 24 2 17 0 32 30
split_gain=1811.76 234.367 167.653 153.898 106.496 57.5178 51.2201 42.6743 41.2677 40.1892 37.153 35.6783 32.7887 29.2572
threshold=5.9750000000000005 15.879756505269816 1642.5000000000002 9.5500000000000025 4.2250000000000005 1.2106820255181365 0 1 4.5000000000000009 21.550000000000004 0.80209743248421295 901.00000000000011 2 -0.92272482904738262
decision_type=10 10 10 8 8 10 1 1 2 10 8 10 1 2
left_child=4 3 5 -2 -1 7 -7 -3 9 -5 -6 -8 -10 -9
right_child=1 2 -4 8 10 6 11 13 12 -11 -12 -13 -14 -15
leaf_value=-0.10392376339288917 -0.023889856982336876 -0.2426148988195044 22.342738044688677 -0.012133796047432269 -0.027066655965932284 -0.15187472970709484 0.34705793189524581 -0.12174939459908417 -0.0087087251196107662 0.0067656764290016727 -0.039779369868792665 5.4813868798566245 -0.049065749812010687 0.13335151645728191
leaf_weight=1885 1944 635 392 6717 543 504 2257 1049 2662 10273 953 271 2354 6275
leaf_count=1885 1944 635 392 6717 543 504 2257 1049 2662 10273 953 271 2354 6275
internal_value=-0.00255275 -0.000208982 0.00392475 -0.00217408 -0.0270097 0.00311613 0.00721436 0.00155136 -0.00133888 -0.000514857 -0.0199134 0.00922139 -0.00412667 0.00230822
internal_weight=38714 35333 11383 23950 3381 10991 3032 7959 22006 16990 1496 2528 5016 7324
internal_count=38714 35333 11383 23950 3381 10991 3032 7959 22006 16990 1496 2528 5016 7324
cat_boundaries=0 1 2 3
cat_threshold=258 49216 27092
is_linear=0
shrinkage=0.035


Tree=105
num_leaves=15
num_cat=3
split_feature=13 0 0 10 2 0 24 32 32 23 32 23 17 23
split_gain=1761.04 224.318 175.713 114.161 106.305 37.5637 36.6818 40.6291 39.9148 38.5218 42.8421 36.3527 31.1017 27.2298
threshold=5.9750000000000005 1005.0000000000001 9.5500000000000025 4.2250000000000005 72.050000000000011 1780.7500000000002 5.5000000000000009 0 1 0.86621026338103879 2 0.20471716005236418 0.76106828469667431 0.94470300851616118
decision_type=10 10 8 8 10 10 2 1 1 8 1 10 8 10
left_child=3 2 11 -1 -4 13 8 -8 -6 10 -10 -2 -5 -3
right_child=1 5 4 12 6 -7 7 -9 9 -11 -12 -13 -14 -15
leaf_value=-0.10028643167413803 0.10508066633217265 -1.1479955340326968 -0.0094252982826790455 -0.026592832741398457 0.38611599882634334 24.097744962774218 -1.8512045704682398 -0.017692103357524334 -0.15829753857265536 0.096373527811154255 0.081262119148300518 -0.023674198749913201 -0.038387091923384915 5.4343451736648234
leaf_weight=1885 79 81 20579 504 1361 294 123 1053 780 7449 1359 1916 992 259
leaf_count=1885 79 81 20579 504 1361 294 123 1053 780 7449 1359 1916 992 259
internal_value=-0.00248405 -0.000173326 -0.000551666 -0.0265963 6.42025e-05 0.0203756 0.00266323 -0.00320068 0.00329423 0.00248568 -0.00164879 -0.0106225 -0.0192605 0.0121739
internal_weight=38714 35333 34699 3381 32704 634 12125 1176 10949 9588 2139 1995 1496 340
internal_count=38714 35333 34699 3381 32704 634 12125 1176 10949 9588 2139 1995 1496 340
cat_boundaries=0 1 2 3
cat_threshold=1024 1024 22752
is_linear=0
shrinkage=0.035


Tree=106
num_leaves=15
num_cat=4
split_feature=13 16 0 0 10 23 32 24 32 32 24 32 17 30
split_gain=1737.87 208.651 150.429 137.092 120.102 46.2385 63.2919 40.0664 49.4885 40.5237 37.2506 35.4973 34.2255 32.9433
threshold=5.9750000000000005 15.879756505269816 1655.0000000000002 9.5500000000000025 4.2250000000000005 0.87869454109910572 0 5.5000000000000009 1 2 4.5000000000000009 3 0.80209743248421295 -0.70900320270980455
decision_type=10 10 10 8 8 8 1 2 1 1 2 1 8 2
left_child=4 3 5 -2 -1 6 -3 8 -7 -9 11 -5 -6 -10
right_child=1 2 -4 10 12 7 -8 9 13 -11 -12 -13 -14 -15
leaf_value=-0.096776406565543205 -0.022272403852968175 -0.24357791198794915 19.067479744144698 0.016891011652499757 -0.025188573861175696 0.10736745057903747 0.060173465632225254 -2.0569612337234684 0.079314773339864725 0.0075949927520599664 -0.025060256710277357 -0.0088458150492752557 -0.037043543706066454 0.41818542763127853
leaf_weight=1885 1944 500 331 3976 543 3542 2636 105 767 657 5016 13014 953 2845
leaf_count=1885 1944 500 331 3976 543 3542 2636 105 767 657 5016 13014 953 2845
internal_value=-0.00249851 -0.000203039 0.00369731 -0.00205719 -0.0264516 0.00299448 -0.000601719 0.00441863 0.00523118 -0.00319426 -0.00126891 -0.000486025 -0.018934 0.00810587
internal_weight=38714 35333 11383 23950 3381 11052 3136 7916 7154 762 22006 16990 1496 3612
internal_count=38714 35333 11383 23950 3381 11052 3136 7916 7154 762 22006 16990 1496 3612
cat_boundaries=0 1 2 3 4
cat_threshold=20672 25367 1024 3232
is_linear=0
shrinkage=0.035


Tree=107
num_leaves=15
num_cat=2
split_feature=13 13 4 10 0 0 23 26 23 24 23 32 32 24
split_gain=1707.27 196.355 168.542 116.119 68.2397 63.6323 56.6271 40.295 36.7488 36.3733 34.047 37.9596 34.9879 34.6892
threshold=5.5250000000000012 1247.5000000000002 19.050000000000004 4.2250000000000005 177.10000000000002 7.5500000000000007 0.91056314522089521 284.50000000000006 1.9759737635989685 1.0000000180025095e-35 0.63162713007725302 0 1 5.5000000000000009
decision_type=10 10 8 8 10 8 8 2 10 2 8 1 1 2
left_child=3 2 5 -1 9 -2 -3 8 -6 -4 11 -11 -12 -14
right_child=1 6 4 -5 7 -7 -8 -9 -10 10 12 -13 13 -15
leaf_value=-0.093389232335749195 -0.024734152730163276 1.2587392039342684 0.030141973935813131 -0.032664666776268191 0.067909925118043488 -0.013062793174734867 16.785994942728351 0.46369187671666884 1.4768294826240973 -0.005613579517410928 0.012912748940640385 -0.090378061803626147 -0.010858525574870539 -0.061002725528614236
leaf_weight=1885 1068 144 3791 1398 3781 5494 408 1597 306 912 6733 812 9562 823
leaf_count=1885 1068 144 3791 1398 3781 5494 408 1597 306 912 6733 812 9562 823
internal_value=-0.00249671 -0.000257789 -0.000586945 -0.0266226 0.000584528 -0.0056388 0.0203591 0.00401125 0.00216398 -0.000276747 -0.000906245 -0.00558704 -0.000433335 -0.00170625
internal_weight=38714 35431 34879 3283 28317 6562 552 5684 4087 22633 18842 1724 17118 10385
internal_count=38714 35431 34879 3283 28317 6562 552 5684 4087 22633 18842 1724 17118 10385
cat_boundaries=0 1 2
cat_threshold=1823 10704
is_linear=0
shrinkage=0.035


Tree=108
num_leaves=15
num_cat=3
split_feature=13 13 4 10 16 23 0 23 32 17 32 23 32 23
split_gain=1694.84 193.37 154.073 118.666 65.7316 55.8765 53.6746 49.1202 45.9264 37.0604 35.5448 33.7769 35.9111 29.6444
threshold=5.5250000000000012 1247.5000000000002 19.050000000000004 4.0071428571428589 15.879756505269816 0.91056314522089521 6.0500000000000007 1.3977600057252253 0 0.80209743248421295 1 0.67598175863788146 2 1.096674049298098
decision_type=10 10 8 8 10 8 8 10 1 8 1 8 1 8
left_child=3 2 6 -1 11 -3 -2 10 -9 -5 13 12 -4 -6
right_child=1 5 4 9 7 -7 -8 8 -10 -11 -12 -13 -14 -15
leaf_value=-0.097120610872928032 -0.036329261596928675 1.2146833317965684 -0.076085902589902235 -0.029586232775124278 -0.27403474547964268 16.198485119732858 -0.01340420190361365 -0.52674316754842676 0.44223221664648527 -0.035181227327205397 0.089317517361878707 -0.0018469869176364463 -0.01681733775500904 0.284765102000963
leaf_weight=1727 517 144 522 589 477 408 6045 120 1627 967 8226 16140 958 247
leaf_count=1727 517 144 522 589 477 408 6045 120 1627 967 8226 16140 958 247
internal_value=-0.00245693 -0.000226182 -0.000552832 -0.0264948 0.000567227 0.0202334 -0.00538298 0.0027308 0.00809075 -0.0193722 0.00168063 -0.000746667 -0.00579798 -0.00568336
internal_weight=38714 35431 34879 3283 28317 552 6562 10697 1747 1556 8950 17620 1480 724
internal_count=38714 35431 34879 3283 28317 552 6562 10697 1747 1556 8950 17620 1480 724
cat_boundaries=0 1 2 3
cat_threshold=256 49217 4320
is_linear=0
shrinkage=0.035


Tree=109
num_leaves=15
num_cat=4
split_feature=10 16 0 0 10 23 32 24 32 32 17 0 32 6
split_gain=1594.96 186.848 128.893 127.682 86.0169 48.1339 47.0027 34.4669 35.711 34.1113 33.2804 29.732 29.4773 28.7019
threshold=5.4733333333333336 15.879756505269816 8.5500000000000025 1907.9000000000003 3.5775000000000001 1.3977600057252253 0 4.5000000000000009 1 2 0.80209743248421295 4.9500000000000011 3 118.15000000000002
decision_type=10 10 8 10 8 10 1 2 1 1 8 8 1 8
left_child=4 2 -2 5 -1 9 -7 8 -4 -3 -6 -12 -9 -11
right_child=1 3 7 -5 10 6 -8 12 -10 13 11 -13 -14 -15
leaf_value=-0.10422138782344552 -0.0210008879596165 -0.22334696969966375 0.015439661573157555 25.895502546196266 -0.030721391161305615 -0.015012975130661311 0.5494329375972361 -0.06359423792112745 -0.0088058783270835422 -0.027653917495928156 -0.043526214106303543 -0.02840611700981922 -0.012540632764237253 0.17978519039584989
leaf_weight=1405 1909 429 4014 238 722 582 1283 1256 13267 2342 404 520 3831 6512
leaf_count=1405 1909 429 4014 238 722 582 1283 1256 13267 2342 404 520 3831 6512
internal_value=-0.00236111 -0.000281625 -0.00201651 0.00341673 -0.0266279 0.00286829 0.00799198 -0.00127028 -0.000524413 0.00183516 -0.0210721 -0.0165016 -0.00380106 0.00230466
internal_weight=38714 35663 24277 11386 3051 11148 1865 22368 17281 9283 1646 924 5087 8854
internal_count=38714 35663 24277 11386 3051 11148 1865 22368 17281 9283 1646 924 5087 8854
cat_boundaries=0 1 2 3 4
cat_threshold=278 3232 16448 1067
is_linear=0
shrinkage=0.035


Tree=110
num_leaves=15
num_cat=2
split_feature=10 4 13 10 0 0 23 23 23 32 22 32 26 22
split_gain=1546.98 185.556 157.765 62.4715 60.6942 59.0722 50.6344 41.5209 32.5648 82.142 33.396 54.8008 30.1852 28.4583
threshold=5.0916666666666677 19.050000000000004 1247.5000000000002 3.3071428571428574 230.50000000000003 6.5500000000000007 0.91056314522089521 1.23066761808036 0.78890864595290078 0 0.97026308981968956 1 314.50000000000006 0.84480325865580463
decision_type=10 8 10 8 10 8 8 10 8 1 10 1 2 10
left_child=3 5 4 -1 8 -2 -4 -6 9 -3 11 -10 -12 -11
right_child=1 2 6 -5 7 -7 -8 -9 10 13 12 -13 -14 -15
leaf_value=-0.10757364091855498 -0.030328002998690106 0.055643784704711624 1.1658769335198316 -0.034339167112913356 0.10335753509826646 -0.012200023758400623 15.603003909953792 0.76143625927801029 -0.029465496066958183 -0.024374162957802092 -0.015184870239906091 0.037525993094459503 0.028018484023677303 -0.11273644372495416
leaf_weight=1252 985 1526 144 1491 2817 6072 407 1462 1475 1862 10658 5213 2293 1057
leaf_count=1252 985 1526 144 1491 2817 6072 407 1462 1475 1862 10658 5213 2293 1057
internal_value=-0.00231411 -0.000380392 0.000861717 -0.0276255 0.000499683 -0.00546658 0.0193255 0.00433824 -0.000183071 -0.00288652 0.000429393 0.00243687 -0.000607826 -0.0063105
internal_weight=38714 35971 28914 2743 28363 7057 551 4279 24084 4445 19639 6688 12951 2919
internal_count=38714 35971 28914 2743 28363 7057 551 4279 24084 4445 19639 6688 12951 2919
cat_boundaries=0 1 2
cat_threshold=11529 553
is_linear=0
shrinkage=0.035


Tree=111
num_leaves=15
num_cat=4
split_feature=10 15 0 16 10 23 0 23 24 32 32 32 8 32
split_gain=1512.94 182.202 150.954 83.8498 53.1847 45.379 42.4831 39.6926 32.1408 44.4474 29.4448 28.8048 28.0997 25.623
threshold=4.9535714285714301 12.975000000000001 2025.0000000000002 42.653643129910044 3.3071428571428574 1.3717171323236954 8.5500000000000025 0.59005765602997073 4.5000000000000009 0 1 2 9.8506488261647451 3
decision_type=10 2 10 10 8 10 10 8 2 1 1 1 2 1
left_child=4 6 3 7 -1 -5 -2 10 12 -10 -3 -8 -9 -7
right_child=1 2 -4 5 -6 13 11 8 9 -11 -12 -13 -14 -15
leaf_value=-0.10380856348640556 -0.020160909239931673 0.11449215483724839 27.285987615392987 0.31210915593163246 -0.034307971517270955 0.28014519624815792 0.036855302652443585 -0.0047028933787465468 -0.061657433532469282 -0.0022751657750173493 -0.066142565343522211 -0.010929788449953454 0.033458119324535365 1.7247322212069527
leaf_weight=1252 2922 169 208 3481 1324 307 132 8751 1804 4061 1312 1599 10705 687
leaf_count=1252 2922 169 208 3481 1324 307 132 8751 1804 4061 1312 1599 10705 687
internal_value=-0.00226349 -0.000414465 0.000541283 0.000341251 -0.0281519 0.00477344 -0.00687527 -0.000399523 -7.32449e-05 -0.00234327 -0.00595895 -0.00252016 0.000611479 0.0113514
internal_weight=38714 36138 31485 31277 2576 4475 4653 26802 25321 5865 1481 1731 19456 994
internal_count=38714 36138 31485 31277 2576 4475 4653 26802 25321 5865 1481 1731 19456 994
cat_boundaries=0 1 2 3 4
cat_threshold=33835 1280 160 5010
is_linear=0
shrinkage=0.035


Tree=112
num_leaves=15
num_cat=2
split_feature=10 15 0 16 10 23 0 23 30 8 32 22 32 24
split_gain=1473.47 176.343 150.954 79.7185 61.6019 40.8795 39.3987 35.8826 31.5178 29.3214 27.1267 26.1863 25.6908 28.9733
threshold=4.9535714285714301 12.975000000000001 2025.0000000000002 47.254924047083655 3.3071428571428574 0.91549525538221188 8.5500000000000025 0.59005765602997073 -0.70900320270980455 9.8506488261647451 0 0.77798942527735704 1 5.5000000000000009
decision_type=10 2 10 10 8 8 10 8 2 2 1 10 1 2
left_child=4 6 3 7 -1 -5 -2 -3 -7 11 -8 -9 -10 -14
right_child=1 2 -4 5 -6 8 10 9 12 -11 -12 -13 13 -15
leaf_value=-0.10017526376438135 -0.019455277416534054 -0.054587054405710073 26.330978048854231 -0.032680342583816469 -0.033107192514166467 0.040654049057864447 0.03556536705960809 0.025666296179566443 0.44186967875972999 0.02044210478996359 -0.010547245854205089 -0.0092303536826368639 1.6823057323208763 -0.36876144255584792
leaf_weight=1252 2922 1520 208 1253 1324 632 132 531 880 14316 1599 10890 1143 112
leaf_count=1252 2922 1520 208 1253 1324 632 132 531 880 14316 1599 10890 1143 112
internal_value=-0.00222371 -0.000398971 0.000541283 0.000341251 -0.0277722 0.00493913 -0.00675505 -0.000337649 0.00731061 -2.85526e-05 -0.00256048 -0.00135087 0.00933879 0.0125394
internal_weight=38714 36138 31485 31277 2576 4020 4653 27257 2767 25737 1731 11421 2135 1255
internal_count=38714 36138 31485 31277 2576 4020 4653 27257 2767 25737 1731 11421 2135 1255
cat_boundaries=0 1 2
cat_threshold=160 5014
is_linear=0
shrinkage=0.035


Tree=113
num_leaves=15
num_cat=3
split_feature=10 16 1 0 10 23 32 24 32 0 32 6 23 0
split_gain=1413.76 161.273 117.651 100.947 91.9113 40.8634 37.1136 34.2293 55.8648 30.2098 29.4019 28.6939 28.2103 27.1314
threshold=5.0916666666666677 47.254924047083655 9.9500000000000011 2025.0000000000002 3.3071428571428574 1.468132341055328 0 5.5000000000000009 1 6.0500000000000007 2 12.550000000000002 0.63162713007725302 4.9500000000000011
decision_type=10 10 8 10 8 10 1 2 1 10 1 8 8 10
left_child=4 2 9 5 -1 -3 7 -4 -9 -2 -7 -8 -13 -6
right_child=1 3 6 -5 13 10 11 8 -10 -11 -12 12 -14 -15
leaf_value=-0.096669129532628018 -0.029883201953174628 0.35120761701511838 0.020185819488159212 25.409393817144338 -0.033278893353600604 0.25846861786327019 -0.017291006406952213 0.053604104455080591 -0.2014108301333076 -0.010386456393880233 2.1634781459611458 -0.05370153750612755 -0.0041020798668736274 -0.01846450621916183
leaf_weight=1252 1135 3264 8427 208 1065 266 2191 455 240 1365 490 1390 16540 426
leaf_count=1252 1135 3264 8427 208 1065 266 2191 455 240 1365 490 1390 16540 426
internal_value=-0.00218032 -0.000331749 -0.00118732 0.00608552 -0.0263774 0.00483478 -0.000563628 0.00128707 -0.00615 -0.00846707 0.0121419 -0.00140271 -0.000940619 -0.0203777
internal_weight=38714 35971 31743 4228 2743 4020 29243 9122 695 2500 756 20121 17930 1491
internal_count=38714 35971 31743 4228 2743 4020 29243 9122 695 2500 756 20121 17930 1491
cat_boundaries=0 1 2 3
cat_threshold=3488 2432 4502
is_linear=0
shrinkage=0.035


Tree=114
num_leaves=15
num_cat=1
split_feature=10 13 15 10 2 0 0 1 3 30 32 5 23 30
split_gain=1362.2 159.605 143.921 72.9757 58.5017 55.1265 36.0517 27.1439 26.7928 26.7567 25.6073 25.2487 23.3836 22.7646
threshold=4.9535714285714301 1247.5000000000002 12.975000000000001 3.3071428571428574 73.100000000000009 2025.0000000000002 6.0500000000000007 281.00000000000006 250.75000000000003 -0.99864786094873803 0 1330.0000000000002 1.8549067072839038 -0.25206183926700709
decision_type=10 10 2 8 10 8 8 8 8 2 1 10 10 2
left_child=3 2 6 -1 9 13 -2 8 -6 -4 -8 -9 -11 -3
right_child=1 5 4 -5 7 -7 10 11 -10 12 -12 -13 -14 -15
leaf_value=-0.093285709998986041 -0.025916677895032148 -1.2871810337815695 -0.087682288277450129 -0.030783679508794601 0.037367077467678027 23.234629623989235 0.010151012332626049 0.21138806285455275 -0.13258042713612733 -0.0067532673134173844 -0.013217794654053325 -1.6831582049093106 0.19451848024880236 4.4141682633422601
leaf_weight=1252 982 82 303 1324 6474 272 286 4495 1087 18118 3385 82 374 198
leaf_count=1252 982 82 303 1324 6474 272 286 4495 1087 18118 3385 82 374 198
internal_value=-0.00212247 -0.000367983 -0.000658874 -0.0266873 0.000204764 0.0182226 -0.00639438 0.00209833 0.000809543 -0.00101835 -0.00478917 0.00422414 -0.000847705 0.00712281
internal_weight=38714 36138 35586 2576 30933 552 4653 12138 7561 18795 3671 4577 18492 280
internal_count=38714 36138 35586 2576 30933 552 4653 12138 7561 18795 3671 4577 18492 280
cat_boundaries=0 1
cat_threshold=168
is_linear=0
shrinkage=0.035


Tree=115
num_leaves=15
num_cat=3
split_feature=10 15 0 10 16 23 23 32 22 23 32 24 32 24
split_gain=1336.45 153.515 138.113 75.2468 69.6114 40.3123 32.9589 38.8373 38.7867 32.3947 29.4102 27.4009 38.229 25.5495
threshold=4.9535714285714301 12.975000000000001 2025.0000000000002 3.5775000000000001 47.254924047083655 1.468132341055328 1.2810717498058628 0 1.0942983743410191 0.59005765602997073 1 4.5000000000000009 2 1.0000000180025095e-35
decision_type=10 2 10 8 10 10 10 1 10 8 1 2 1 2
left_child=3 6 4 -1 9 13 8 -8 -2 -3 -7 -11 -13 -6
right_child=1 2 -4 -5 5 10 7 -9 -10 11 -12 12 -14 -15
leaf_value=-0.083020708480091493 -0.013274430051654844 -0.051002088849962414 23.706852996704662 -0.029706250725986788 1.1772834989075078 0.24231885173374668 -0.035046161167246473 0.01222849232898339 -0.034395313431668503 0.0050680397519635807 2.0803578286525961 -0.076384837225487542 -0.0039361739245916639 0.17438516205986276
leaf_weight=1405 2926 1520 208 1171 577 266 341 529 857 19788 490 1508 4441 2687
leaf_count=1405 2926 1520 208 1171 577 266 341 529 857 19788 490 1508 4441 2687
internal_value=-0.00211162 -0.000373793 0.000503493 -0.0264432 0.00031216 0.0046087 -0.00630421 -0.00016 -0.00771515 -0.000322243 0.011866 -2.85526e-05 -0.00211035 0.00291221
internal_weight=38714 36138 31485 2576 31277 4020 4653 870 3783 27257 756 25737 5949 3264
internal_count=38714 36138 31485 2576 31277 4020 4653 870 3783 27257 756 25737 5949 3264
cat_boundaries=0 1 2 3
cat_threshold=12295 4502 1067
is_linear=0
shrinkage=0.035


Tree=116
num_leaves=15
num_cat=3
split_feature=10 13 15 10 16 23 0 32 30 0 32 1 23 32
split_gain=1320.02 149.043 130.683 76.4318 57.6734 48.822 40.161 37.1556 34.5948 33.4834 29.392 28.2635 27.7855 42.6114
threshold=4.9535714285714301 1642.5000000000002 12.975000000000001 3.5775000000000001 22.02763400036045 1.3717171323236954 2025.0000000000002 0 -0.89404254237865755 6.0500000000000007 1 9.9500000000000011 0.67598175863788146 2
decision_type=10 10 2 8 10 10 8 1 2 10 1 10 8 1
left_child=3 2 9 -1 12 8 -3 -7 -6 11 -10 -2 13 -4
right_child=1 6 4 -5 5 7 -8 -9 10 -11 -12 -13 -14 -15
leaf_value=-0.080114983683288274 -0.024544989116898105 2.6272307232696734 -0.071790693849023923 -0.028666531950577258 -0.19683568985141833 -0.10610568323491293 22.837549953080703 0.71215802554807228 -0.054283376725873758 -0.0082422283900981351 0.27476049614320192 -0.0034814747252296476 -0.002132028280988543 -0.010647415828232171
leaf_weight=1405 1448 143 649 1171 1149 368 249 1245 1749 2897 3726 308 20880 1327
leaf_count=1405 1448 143 649 1171 1149 368 249 1245 1749 2897 3726 308 20880 1327
internal_value=-0.00207185 -0.000344742 -0.000581522 -0.0262534 0.000237475 0.00274751 0.0209824 0.00819839 0.00141499 -0.00604873 0.00257391 -0.00985804 -0.000667512 -0.00462898
internal_weight=38714 36138 35746 2576 31093 8237 392 1613 6624 4653 5475 1756 22856 1976
internal_count=38714 36138 35746 2576 31093 8237 392 1613 6624 4653 5475 1756 22856 1976
cat_boundaries=0 1 2 3
cat_threshold=274 53395 4320
is_linear=0
shrinkage=0.035


Tree=117
num_leaves=15
num_cat=3
split_feature=10 0 15 10 1 23 24 0 32 0 24 32 32 30
split_gain=1311.94 149.001 126.125 75.2076 53.0948 37.3083 43.5241 34.4848 31.3668 29.6129 29.1215 32.5668 24.8194 24.269
threshold=4.9535714285714301 1410.0000000000002 12.975000000000001 2.9309523809523816 140.50000000000003 1.5099903268591459 1.0000000180025095e-35 6.0500000000000007 0 4.9500000000000011 4.5000000000000009 1 2 -0.8611288361322974
decision_type=10 10 2 8 10 8 2 8 1 10 2 1 1 2
left_child=3 2 7 -1 10 6 8 -2 -6 -5 13 -12 -9 -4
right_child=1 -3 4 9 5 -7 -8 12 -10 -11 11 -13 -14 -15
leaf_value=-0.093615783033836136 -0.023685914497806666 10.325662727169249 -0.025321471161305741 -0.030293505495804722 1.7621235858730235 0.38274488461421852 0.016327091815948196 0.010185030009793612 0.1781769321112352 -0.016901401648481737 0.0068151481059802246 -0.040796157187046968 -0.012052249818594742 0.0053934253544933959
leaf_weight=1095 982 420 3225 1149 144 1812 4789 286 338 332 1990 3332 3385 15435
leaf_count=1095 982 420 3225 1149 144 1812 4789 286 338 332 1990 3332 3385 15435
internal_value=-0.00206462 -0.000342805 -0.000587857 -0.026172 0.000217412 0.00287881 0.00138647 -0.00595857 0.0113552 -0.0208917 -0.000569058 -0.00285151 -0.00438928 8.25074e-05
internal_weight=38714 36138 35718 2576 31065 7083 5271 4653 482 1481 23982 5322 3671 18660
internal_count=38714 36138 35718 2576 31065 7083 5271 4653 482 1481 23982 5322 3671 18660
cat_boundaries=0 1 2 3
cat_threshold=5120 10688 168
is_linear=0
shrinkage=0.035


Tree=118
num_leaves=15
num_cat=2
split_feature=10 0 15 10 16 23 23 22 32 30 23 22 32 26
split_gain=1297.22 146.255 125.354 77.7645 63.3586 37.7618 33.302 36.3878 31.8593 30.811 29.117 25.6038 37.5717 33.0163
threshold=4.9535714285714301 2025.0000000000002 12.975000000000001 3.5775000000000001 47.254924047083655 0.91549525538221188 1.2810717498058628 1.0942983743410191 0 -0.70900320270980455 0.59005765602997073 0.97171089779785447 1 312.50000000000006
decision_type=10 10 2 8 10 8 10 10 1 2 8 10 1 2
left_child=3 2 6 -1 10 -6 7 -2 -8 -7 -4 12 -12 -13
right_child=1 -3 4 -5 5 9 8 -9 -10 -11 11 13 -14 -15
leaf_value=-0.075869689718825586 -0.011980232075642482 21.716400698011256 -0.048286008812183409 -0.026602930639953889 -0.049975369366072761 -0.028798031580918395 -0.033648469788573651 -0.031974015309644339 0.011383216980833756 0.94500849133063269 -0.0083850443114550904 -0.017744425597369027 0.02888553090308878 0.024315028375562132
leaf_weight=1405 2926 208 1520 1171 1253 632 323 857 547 2135 3593 12803 6506 2835
leaf_count=1405 2926 208 1520 1171 1253 632 323 857 547 2135 3593 12803 6506 2835
internal_value=-0.0020375 -0.000325374 -0.00049673 -0.0260093 0.000300972 0.0044 -0.00585337 -0.00727165 0.00032 0.00667929 -0.00030427 -2.58333e-05 0.00134749 -0.000912868
internal_weight=38714 36138 35930 2576 31277 4020 4653 3783 870 2767 27257 25737 10099 15638
internal_count=38714 36138 35930 2576 31277 4020 4653 3783 870 2767 27257 25737 10099 15638
cat_boundaries=0 1 2
cat_threshold=8199 33385
is_linear=0
shrinkage=0.035


Tree=119
num_leaves=15
num_cat=3
split_feature=10 0 4 10 16 0 23 30 32 32 32 0 23 1
split_gain=1280.05 142.756 115.712 82.4129 52.3327 39.7773 36.0918 28.9919 27.2731 25.561 25.1165 23.4563 21.4463 20.3235
threshold=4.9535714285714301 2025.0000000000002 19.050000000000004 3.3071428571428574 47.254924047083655 6.0500000000000007 0.91549525538221188 -0.41399101439218416 0 1 2 4.4500000000000011 1.5422963716391982 159.50000000000003
decision_type=10 10 8 8 10 8 8 2 1 1 1 8 10 8
left_child=3 2 5 -1 8 -2 10 -8 12 -7 -6 -5 -4 -9
right_child=1 -3 4 11 6 9 7 13 -10 -11 -12 -13 -14 -15
leaf_value=-0.078378969376960067 -0.022437599367735938 20.956326673580861 -0.017148187085693607 -0.028714929302422684 0.25585600239931527 -0.028488820338200535 0.18048775856146679 -0.20860895909400265 0.008583013161924509 -0.0054483794607609621 -0.47427337004520842 -0.019808128171992501 0.10123156269903764 1.1577983647253907
leaf_weight=1252 961 208 9125 624 943 1126 954 128 15080 5126 306 700 516 1665
leaf_count=1252 961 208 9125 624 943 1126 954 128 15080 5126 306 700 516 1665
internal_value=-0.00200677 -0.000306007 -0.000475303 -0.0258194 0.000520333 -0.00443682 0.00423394 0.00647347 -8.06843e-05 -0.00341218 -0.000697767 -0.0195937 -0.00153324 0.00909066
internal_weight=38714 36138 35930 2576 28717 7213 3996 2747 24721 6252 1249 1324 9641 1793
internal_count=38714 36138 35930 2576 28717 7213 3996 2747 24721 6252 1249 1324 9641 1793
cat_boundaries=0 1 2 3
cat_threshold=49739 5382 9502
is_linear=0
shrinkage=0.035


Tree=120
num_leaves=15
num_cat=3
split_feature=10 14 15 0 23 24 32 32 23 23 22 32 23 22
split_gain=1151.28 122.775 95.3505 84.8037 59.7858 33.5015 61.7328 38.0059 34.0664 29.5793 34.8988 31.9773 28.3587 38.5626
threshold=4.9535714285714301 650.25000000000011 12.975000000000001 3.0500000000000003 1.3230140306461911 5.5000000000000009 0 1 2.1500351723444884 1.2810717498058628 1.0942983743410191 2 0.61501053389950788 0.95261715913436085
decision_type=10 10 2 8 8 2 1 1 10 10 10 1 8 10
left_child=3 2 9 -1 -3 7 -7 -4 12 10 -2 -11 -9 -14
right_child=1 4 5 -5 -6 6 -8 8 -10 11 -12 -13 13 -15
leaf_value=-0.077470988319403133 -0.011069554251425051 0.74739974292275269 0.073734336362298064 -0.025997258119400683 5.1408875472995028 -0.94975402289070365 -0.024288438273731575 -0.046169237654631351 0.57100540329226679 -0.031539719225535549 -0.030664231492680129 0.012303082521570714 0.016757662484562775 -0.010426674417792256
leaf_weight=1091 2926 972 3126 1485 618 150 2375 1744 373 341 857 529 7627 14500
leaf_count=1091 2926 972 3126 1485 618 150 2375 1744 373 341 857 529 7627 14500
internal_value=-0.00193445 -0.000321501 -0.000759702 -0.0245176 0.00917241 -3.39465e-05 -0.00388735 0.000322192 -0.000147162 -0.00541756 -0.00675422 0.0004 -0.000312238 2.68841e-05
internal_weight=38714 36138 34548 2576 1590 29895 2525 27370 24244 4653 3783 870 23871 22127
internal_count=38714 36138 34548 2576 1590 29895 2525 27370 24244 4653 3783 870 23871 22127
cat_boundaries=0 1 2 3
cat_threshold=1024 3072 12295
is_linear=0
shrinkage=0.035


Tree=121
num_leaves=15
num_cat=2
split_feature=10 13 4 10 0 23 32 0 0 23 32 26 6 22
split_gain=1062.19 118.361 96.8404 93.9272 43.4543 39.5728 37.9818 36.0969 33.7198 30.0507 31.9521 30.2396 26.7578 34.277
threshold=4.9535714285714301 1247.5000000000002 19.050000000000004 2.5366666666666675 2105.0000000000005 2.0540025711777257 0 6.0500000000000007 4.4500000000000011 0.78890864595290078 1 301.50000000000006 150.50000000000003 0.9896478177730148
decision_type=10 10 8 8 8 10 1 8 8 8 1 2 10 10
left_child=3 2 7 -1 -3 6 12 -2 -5 10 -8 -11 13 -4
right_child=1 4 5 8 -6 -7 9 -9 -10 11 -12 -13 -14 -15
leaf_value=-0.083424219188657306 -0.021264848991065299 2.6361342472998439 0.036326738633966849 -0.029128079434394518 20.853763453841268 0.50832158537041938 -0.057877113689314828 -0.0086200975034004135 -0.020741399699889702 -0.0095756898595367995 -0.010751841075129605 0.02912829815189202 0.22327115883638074 -0.024172204905016596
leaf_weight=942 961 298 3485 865 254 497 1267 6251 769 10400 1609 2740 3705 4671
leaf_count=942 961 298 3485 865 254 497 1267 6251 769 10400 1609 2740 3705 4671
internal_value=-0.00184948 -0.000300196 -0.000550701 -0.0235413 0.0157092 0.000369992 0.00019457 -0.00417071 -0.0183649 -0.000916973 -0.00415481 -0.000207684 0.00169459 0.000574684
internal_weight=38714 36138 35586 2576 552 28374 27877 7212 1634 16016 2876 13140 11861 8156
internal_count=38714 36138 35586 2576 552 28374 27877 7212 1634 16016 2876 13140 11861 8156
cat_boundaries=0 1 2
cat_threshold=3476 53312
is_linear=0
shrinkage=0.035


Tree=122
num_leaves=15
num_cat=2
split_feature=10 13 10 1 2 0 0 0 24 32 23 22 23 32
split_gain=1041.4 116.965 96.06 93.1245 44.066 40.3333 31.0479 30.0117 23.9614 23.8564 22.9518 35.7454 31.1985 38.0796
threshold=4.9535714285714301 1352.5000000000002 2.5366666666666675 10.900000000000002 73.100000000000009 2105.0000000000005 6.0500000000000007 4.4500000000000011 4.5000000000000009 0 1.468132341055328 0.99573390638366666 0.7360028761459646 1
decision_type=10 10 8 8 10 8 10 8 2 1 10 8 8 1
left_child=2 3 -1 6 10 -3 -2 -4 9 -6 11 12 13 -5
right_child=1 5 7 4 8 -7 -8 -9 -10 -11 -12 -13 -14 -15
leaf_value=-0.080504371517054293 -0.021024471621158475 3.108745506291763 -0.028108596654190719 -0.042762319467653395 0.33063184082556663 20.670109659803625 -0.006798929567962882 -0.020015450710393578 -0.03049997009304118 0.049897672174035006 0.033183546472250573 -0.018248370777302257 0.0073644415217020949 0.010894527817608132
leaf_weight=942 1355 254 865 1322 1121 245 1767 769 3136 7914 1483 8851 7551 1139
leaf_count=942 1355 254 865 1322 1121 245 1767 769 3136 7914 1483 8851 7551 1139
internal_value=-0.00181875 -0.000284702 -0.0232972 -0.000521406 3.3362e-05 0.0164583 -0.00629037 -0.0180659 0.00169883 0.00261338 -0.000963098 -0.00129293 0.000139762 -0.00327859
internal_weight=38714 36138 2576 35639 32517 499 3122 1634 12171 9035 20346 18863 10012 2461
internal_count=38714 36138 2576 35639 32517 499 3122 1634 12171 9035 20346 18863 10012 2461
cat_boundaries=0 1 2
cat_threshold=1024 37108
is_linear=0
shrinkage=0.035


Tree=123
num_leaves=15
num_cat=2
split_feature=10 0 10 4 24 32 23 0 0 32 0 22 23 6
split_gain=1020.29 112.466 96.5854 90.8652 37.2233 51.3443 39.8389 35.6118 33.8791 33.5213 31.3628 28.7996 35.9773 32.1195
threshold=4.9535714285714301 1410.0000000000002 2.5366666666666675 19.050000000000004 1.0000000180025095e-35 0 1.5099903268591459 6.0500000000000007 17.550000000000004 1 4.4500000000000011 0.9896478177730148 0.56849446083308608 239.50000000000003
decision_type=10 10 8 8 2 1 10 8 10 1 8 10 8 10
left_child=2 3 -1 7 5 8 9 -2 -5 11 -4 12 -6 -13
right_child=1 -3 10 4 6 -7 -8 -9 -10 -11 -12 13 -14 -15
leaf_value=-0.077686718513957392 -0.019784722769637456 9.0082548472101909 -0.02712479577129405 0.17389835091940836 -0.098403011421105871 0.022611526205405675 0.1387998200847364 -0.0078589027492867915 1.5308845575223213 -0.017004524562930501 -0.019314909935529812 -0.025792723322379418 0.04573927790541945 0.36806888774423102
leaf_weight=942 961 420 865 221 576 3991 1707 6251 151 11425 769 4847 4502 1086
leaf_count=942 961 420 865 221 576 3991 1707 6251 151 11425 769 4847 4502 1086
internal_value=-0.00179343 -0.000275019 -0.0230531 -0.000487921 0.000400196 0.0033734 -0.000137693 -0.00399612 0.0155556 -0.000530279 -0.0178096 0.000847542 0.00278182 -0.000807511
internal_weight=38714 36138 2576 35718 28506 4363 24143 7212 372 22436 1634 11011 5078 5933
internal_count=38714 36138 2576 35718 28506 4363 24143 7212 372 22436 1634 11011 5078 5933
cat_boundaries=0 1 2
cat_threshold=1024 11668
is_linear=0
shrinkage=0.035


Tree=124
num_leaves=15
num_cat=2
split_feature=10 13 10 1 0 0 0 30 0 30 32 32 0 22
split_gain=992.883 111.166 100.569 87.863 46.7511 35.0541 32.1499 31.5682 29.5235 24.6181 34.1029 30.4984 28.2924 28.0992
threshold=4.9535714285714301 1642.5000000000002 2.5366666666666675 10.900000000000002 341.00000000000006 2325.0000000000005 6.0500000000000007 -0.6391983530350368 4.4500000000000011 -0.91595872546125101 0 1 97.100000000000009 0.99573390638366666
decision_type=10 10 8 8 10 8 10 2 8 2 1 1 8 10
left_child=2 3 -1 6 9 -3 -2 -6 -4 11 -11 -5 13 -12
right_child=1 5 8 4 7 -7 -8 -9 -10 10 12 -13 -14 -15
leaf_value=-0.074967683365968887 -0.020013553518192888 3.1185767374602338 -0.026175427919298763 0.0073921532387509542 -0.17294399053177686 25.931366902058151 -0.00628590543685915 0.65473412557541955 -0.018638888087786257 0.01095791177683637 -0.0027619826199742816 -0.04438613925357375 0.011143134374454605 -0.027686873403621939
leaf_weight=942 1355 193 865 1529 742 199 1767 2054 769 11584 4428 2421 5711 4155
leaf_count=942 1355 193 865 1529 742 199 1767 2054 769 11584 4428 2421 5711 4155
internal_value=-0.00175547 -0.000257588 -0.0227276 -0.000462085 7.50866e-05 0.0181612 -0.00606652 0.00439843 -0.0173826 -0.000330842 6.2203e-05 -0.00290265 -0.00108114 -0.00235154
internal_weight=38714 36138 2576 35746 32624 392 3122 2796 1634 29828 25878 3950 14294 8583
internal_count=38714 36138 2576 35746 32624 392 3122 2796 1634 29828 25878 3950 14294 8583
cat_boundaries=0 1 2
cat_threshold=11744 21777
is_linear=0
shrinkage=0.035


Tree=125
num_leaves=15
num_cat=3
split_feature=10 10 13 4 23 0 32 0 32 23 26 6 0 32
split_gain=973.869 127.151 109.688 69.479 40.4043 38.9892 37.4352 35.0541 34.7599 29.2607 32.0697 30.101 28.632 27.7522
threshold=5.2816666666666681 2.5366666666666675 1642.5000000000002 19.050000000000004 2.0540025711777257 4.4500000000000011 0 2325.0000000000005 1 0.78890864595290078 301.50000000000006 13.050000000000002 1305.0000000000002 2
decision_type=10 8 10 8 10 8 1 8 1 8 2 8 10 1
left_child=1 -1 3 8 6 -3 12 -4 -2 13 11 -11 -5 -8
right_child=2 5 7 4 -6 -7 9 -9 -10 10 -12 -13 -14 -15
leaf_value=-0.072343814448159974 -0.030239264647104743 -0.02457940326135644 3.0094265516491263 0.033475980680062085 0.52332880000918702 -0.014632433197403366 -0.055344537082874727 25.023769060486121 -0.0059904024521226437 -0.045563067107706266 0.030702621039612521 -0.0043589868924965814 7.7815138071226713 -0.017969978245229896
leaf_weight=942 989 911 193 8336 502 1044 1265 199 5926 418 3326 12227 65 2371
leaf_count=942 989 911 193 8336 502 1044 1265 199 5926 418 3326 12227 65 2371
internal_value=-0.00171389 -0.0212147 -0.000133856 -0.000338837 0.000424689 -0.0160536 0.000247385 0.0181612 -0.00348483 -0.000590409 5.47697e-05 -0.000749802 0.00219998 -0.00342214
internal_weight=38714 2897 35817 35425 28510 1955 28008 392 6915 19607 15971 12645 8401 3636
internal_count=38714 2897 35817 35425 28510 1955 28008 392 6915 19607 15971 12645 8401 3636
cat_boundaries=0 1 2 3
cat_threshold=3456 1030 53312
is_linear=0
shrinkage=0.035


Tree=126
num_leaves=15
num_cat=3
split_feature=10 10 13 4 0 0 0 32 24 13 30 32 23 32
split_gain=920.529 129.319 107.376 64.2007 39.2026 33.9039 31.8662 31.6422 29.9207 29.7633 29.7621 25.0132 23.7506 22.7319
threshold=5.2816666666666681 2.5366666666666675 1642.5000000000002 19.050000000000004 341.00000000000006 2325.0000000000005 4.4500000000000011 0 1.0000000180025095e-35 340.40000000000003 -0.6391983530350368 1 2.0540025711777257 2
decision_type=10 8 10 8 10 8 10 1 2 10 2 1 10 1
left_child=1 -1 3 7 8 -4 -3 -2 11 -6 -11 -5 13 -10
right_child=2 6 5 4 9 -7 -8 -9 12 10 -12 -13 -14 -15
leaf_value=-0.069811780942474366 -0.029180890384456065 -0.02388788678756909 2.9040966223414082 -0.0092737434236908022 1.6078983654102215 24.147937143369099 -0.0097812185441133216 -0.0057807383662983576 0.0054102883843370371 -0.238090118779093 0.52699033728329825 0.049961475221241537 0.20667722543126643 -0.017287076224354971
leaf_weight=942 989 1252 193 1542 262 199 703 5926 9697 688 1848 2568 318 11587
leaf_count=942 989 1252 193 1542 262 199 703 5926 9697 688 1848 2568 318 11587
internal_value=-0.00165242 -0.0206116 -0.000116269 -0.00031908 0.000414869 0.0179849 -0.0154107 -0.00334321 -1.36097e-05 0.00434534 0.00316804 0.00272175 -0.000534549 -0.000677345
internal_weight=38714 2897 35817 35425 28510 392 1955 6915 25712 2798 2536 4110 21602 21284
internal_count=38714 2897 35817 35425 28510 392 1955 6915 25712 2798 2536 4110 21602 21284
cat_boundaries=0 1 2 3
cat_threshold=1030 9049 11728
is_linear=0
shrinkage=0.035


Tree=127
num_leaves=15
num_cat=2
split_feature=10 10 13 4 0 0 0 32 13 30 24 32 9 23
split_gain=914.39 129.29 105.248 61.4754 38.4062 32.7728 31.1036 30.895 28.6375 28.5386 27.1309 25.3307 26.5775 23.6528
threshold=5.2816666666666681 2.5366666666666675 1642.5000000000002 19.050000000000004 341.00000000000006 2325.0000000000005 4.4500000000000011 0 340.40000000000003 -0.6391983530350368 1.0000000180025095e-35 1 2852.5000000000005 2.0540025711777257
decision_type=10 8 10 8 10 8 10 1 10 2 2 1 8 10
left_child=1 -1 3 7 10 -4 -3 -2 -6 -10 11 12 -5 -12
right_child=2 6 5 4 8 -7 -8 -9 9 -11 13 -13 -14 -15
leaf_value=-0.067368368609487778 -0.028159559221000101 -0.023051810750004176 2.8024532405594553 0.56368271744978682 1.5516219226208638 23.302759343351173 -0.0094388758950693409 -0.0055784125234779273 -0.22975696462182457 0.50854567547838148 -0.0072135154398755138 0.018037029912202948 0.068615540189973984 0.19944352254117217
leaf_weight=942 989 1252 193 125 262 199 703 5926 688 1848 21284 3801 184 318
leaf_count=942 989 1252 193 125 262 199 703 5926 688 1848 21284 3801 184 318
internal_value=-0.00164338 -0.0205393 -0.000112361 -0.000313153 0.00040505 0.0178086 -0.0153393 -0.0032724 0.0042954 0.0031405 -1.90535e-05 0.00258566 0.0119907 -0.000515111
internal_weight=38714 2897 35817 35425 28510 392 1955 6915 2798 2536 25712 4110 309 21602
internal_count=38714 2897 35817 35425 28510 392 1955 6915 2798 2536 25712 4110 309 21602
cat_boundaries=0 1 2
cat_threshold=1030 1024
is_linear=0
shrinkage=0.035


Tree=128
num_leaves=15
num_cat=2
split_feature=10 10 13 1 1 0 30 32 32 0 23 0 0 22
split_gain=886.837 126.488 101.809 62.8029 39.4506 32.8577 25.4165 33.4201 27.8561 25.1195 24.317 23.6105 23.3159 24.4967
threshold=5.0916666666666677 2.5366666666666675 1642.5000000000002 10.900000000000002 461.50000000000006 2325.0000000000005 -0.91595872546125101 0 1 4.4500000000000011 1.468132341055328 6.0500000000000007 97.100000000000009 0.99573390638366666
decision_type=10 8 10 8 10 8 2 1 1 8 10 10 8 10
left_child=1 -1 3 11 6 -4 8 -8 -5 -3 -6 -2 13 -9
right_child=2 9 5 4 10 -7 7 12 -10 -11 -12 -13 -14 -15
leaf_value=-0.065010475708155699 -0.020387867328634953 -0.022277549025395294 2.7043673771398713 0.0067421668195776626 0.44416823326567967 22.487162766333881 0.011778810944994526 -0.0015386425963268737 -0.043794779455533589 -0.012577843085943995 2.2931398734355981 -0.0054586643796026299 0.010018303743591483 -0.026457863690282725
leaf_weight=942 1229 891 193 1573 1498 199 12002 4413 2492 910 325 1755 6145 4147
leaf_count=942 1229 891 193 1573 1498 199 12002 4413 2492 910 325 1755 6145 4147
internal_value=-0.00163434 -0.0207988 -0.000170252 -0.000366878 7.83742e-05 0.0174559 -0.000218345 0.000174266 -0.00279484 -0.0152907 0.00507385 -0.00522248 -0.000943954 -0.00212493
internal_weight=38714 2743 35971 35579 32595 392 30772 26707 4065 1801 1823 2984 14705 8560
internal_count=38714 2743 35971 35579 32595 392 30772 26707 4065 1801 1823 2984 14705 8560
cat_boundaries=0 1 2
cat_threshold=11744 21777
is_linear=0
shrinkage=0.035


Tree=129
num_leaves=15
num_cat=1
split_feature=10 11 13 1 0 0 30 32 26 23 0 16 23 24
split_gain=862.563 129.349 101.562 61.5515 38.1312 32.8577 26.2491 25.1681 24.4376 23.5842 23.0644 22.9805 22.9481 22.3724
threshold=5.0916666666666677 2.5510000000000006 1642.5000000000002 10.900000000000002 560.75000000000011 2325.0000000000005 -0.99465740988130902 0 10.500000000000002 0.65560419440740336 6.0500000000000007 0.78740078740117869 1.2749722838137474 5.5000000000000009
decision_type=10 8 10 8 10 8 2 1 2 10 10 10 10 2
left_child=1 11 3 10 6 -4 -5 13 -9 -6 -2 -1 -3 -8
right_child=2 12 5 4 9 -7 7 8 -10 -11 -12 -13 -14 -15
leaf_value=-0.066235109892835278 -0.019674291972132725 -0.019648328506536285 2.6097145189399797 -0.057103761903232853 -1.6025720547359277 21.700112069512198 0.013404578172160805 -0.11762806317776511 -0.0046504237391625488 0.98886668160260749 -0.0052676111263165295 -0.036536691284300385 -0.0080741255095347856 -0.041300322608376738
leaf_weight=818 1229 1639 193 983 71 199 12184 263 16573 1351 1755 103 183 1170
leaf_count=818 1229 1639 193 983 71 199 12184 263 16573 1351 1755 103 183 1170
internal_value=-0.00159276 -0.0204931 -0.000148849 -0.000345239 9.55521e-05 0.0174559 -0.00016053 2.31826e-05 -0.000876506 0.00569026 -0.00515222 -0.0311825 -0.0150192 0.00115715
internal_weight=38714 2743 35971 35579 32595 392 31173 30190 16836 1422 2984 921 1822 13354
internal_count=38714 2743 35971 35579 32595 392 31173 30190 16836 1422 2984 921 1822 13354
cat_boundaries=0 1
cat_threshold=11696
is_linear=0
shrinkage=0.035


Tree=130
num_leaves=15
num_cat=3
split_feature=10 11 13 19 32 0 23 26 32 22 32 16 0 0
split_gain=839.129 134.43 97.5121 55.5739 41.7215 32.9416 32.5953 30.9173 34.5807 27.206 26.2464 25.9076 24.5559 22.8827
threshold=5.0916666666666677 2.5510000000000006 1642.5000000000002 26.404166666666672 0 2325.0000000000005 2.0540025711777257 232.50000000000003 1 0.97627192016171749 2 44.007575105504095 4.4500000000000011 6.5500000000000007
decision_type=10 8 10 10 1 8 10 2 1 10 1 10 8 8
left_child=1 -1 3 4 9 -4 7 10 11 -2 -5 -9 -3 -6
right_child=2 12 5 6 13 -7 -8 8 -10 -11 -12 -13 -14 -15
leaf_value=-0.062218460769121103 -0.0076722670793021941 -0.021288713700543176 2.5183745107770839 -0.026881020323160493 -0.015804769056755995 20.940608147079271 0.70585846842213062 0.03244125822009862 0.0034299869458435596 -0.044539437688182963 0.007244234882907926 0.97323313173990222 -0.011360181838332553 -0.0031618560899278774
leaf_weight=921 498 916 193 5693 790 199 445 2806 5935 836 9583 844 906 8149
leaf_count=921 498 916 193 5693 790 199 445 2806 5935 836 9583 844 906 8149
internal_value=-0.00157106 -0.0202129 -0.000146903 -0.000339338 -0.00250973 0.0171033 0.000542057 0.000372999 0.00193066 -0.00825056 -0.000604672 0.004603 -0.014636 -0.00163782
internal_weight=38714 2743 35971 35579 10273 392 25306 24861 9585 1334 15276 3650 1822 8939
internal_count=38714 2743 35971 35579 10273 392 25306 24861 9585 1334 15276 3650 1822 8939
cat_boundaries=0 1 2 3
cat_threshold=1286 3784 17003
is_linear=0
shrinkage=0.035


Tree=131
num_leaves=15
num_cat=3
split_feature=10 11 0 16 0 16 30 6 22 32 32 26 32 23
split_gain=832.588 134.46 96.449 54.6749 41.4425 33.9723 32.4024 31.4013 26.8999 34.6097 26.8084 26.6671 27.4478 29.9519
threshold=5.0916666666666677 2.5510000000000006 2025.0000000000002 17.616280247342026 9.5500000000000025 1.7888543819990159 -0.70900320270980455 149.75000000000003 0.97026308981968956 0 1 260.50000000000006 2 0.92038792116003032
decision_type=10 8 10 10 8 10 2 10 10 1 1 2 1 8
left_child=1 -1 3 4 5 -2 10 -8 9 -6 -5 -10 13 -13
right_child=2 -3 -4 6 8 -7 7 -9 11 -11 -12 12 -14 -15
leaf_value=-0.060040814642201859 -0.0052599068086825176 -0.016773541561992341 13.36145893508469 -0.20208211572920001 -0.0082001246701471787 -0.046220181479378307 0.02494377747240897 0.33515412740764838 -0.018712861251385073 0.017073786150032234 0.01559171396547953 -0.11155097960180346 -0.0069012086184673657 0.043934930688373036
leaf_weight=921 1743 1822 208 636 4498 714 3573 4040 9149 4914 2015 54 3387 1040
leaf_count=921 1743 1822 208 636 4498 714 3573 4040 9149 4914 2015 54 3387 1040
internal_value=-0.00156745 -0.0201365 -0.000148849 -0.000288666 -0.00115688 -0.00547319 0.00186776 0.0030277 -0.000695535 0.000743337 -0.00146273 -0.00168904 0.000522737 0.00530207
internal_weight=38714 2743 35971 35763 25499 2457 10264 7613 23042 9412 2651 13630 4481 1094
internal_count=38714 2743 35971 35763 25499 2457 10264 7613 23042 9412 2651 13630 4481 1094
cat_boundaries=0 1 2 3
cat_threshold=39528 26816 168
is_linear=0
shrinkage=0.035


Tree=132
num_leaves=15
num_cat=2
split_feature=10 10 0 2 1 32 23 23 16 0 24 32 2 22
split_gain=803.779 143.07 93.7052 51.8805 31.3753 27.817 34.7414 21.7378 20.7904 20.6405 20.6099 44.2089 20.3616 29.114
threshold=5.0916666666666677 2.5366666666666675 2025.0000000000002 72.050000000000011 9.9500000000000011 0 0.88744414507660496 1.5964005134584014 0.78740078740117869 6.0500000000000007 5.5000000000000009 1 380.50000000000006 0.66324781253567877
decision_type=10 8 10 10 8 1 8 10 10 10 2 1 10 10
left_child=1 8 3 4 9 6 -5 -3 -1 -2 12 -12 -7 -14
right_child=2 7 -4 5 -6 10 -8 -9 -10 -11 11 -13 13 -15
leaf_value=-0.059637806407189735 -0.018293021901514023 -0.016720890606392709 12.89380787235673 -0.15561098792274722 -0.0042033800985513195 0.053967870459230613 0.016410402163759844 0.0082576292675257401 -0.039677250224023422 -0.0042057077057504151 -1.943546277267594 0.06476247352583539 -1.4356116434058539 0.9465246782818395
leaf_weight=842 1137 1743 208 1012 20754 5602 3270 58 100 1366 132 632 79 1779
leaf_count=842 1137 1743 208 1012 20754 5602 3270 58 100 1366 132 632 79 1779
internal_value=-0.00153491 -0.0197798 -0.000141066 -0.000278881 -0.00125634 0.00153865 -0.00074936 -0.0139341 -0.0308237 -0.00495415 0.00272727 -0.00273082 0.00329136 0.00646269
internal_weight=38714 2743 35971 35763 23257 12506 4282 1801 942 2503 8224 764 7460 1858
internal_count=38714 2743 35971 35763 23257 12506 4282 1801 942 2503 8224 764 7460 1858
cat_boundaries=0 1 2
cat_threshold=20587 1024
is_linear=0
shrinkage=0.035


Tree=133
num_leaves=15
num_cat=2
split_feature=10 5 0 10 16 23 23 32 0 22 26 23 23 32
split_gain=776.185 105.306 86.7002 73.3233 40.687 39.6991 31.7003 32.5412 31.4542 30.7508 32.7845 27.4012 27.021 38.8377
threshold=4.0071428571428589 7.0500000000000007 2215.0000000000005 1.8708333333333333 47.254924047083655 1.3298980476839481 0.63162713007725302 0 3.0500000000000003 0.95261715913436085 314.50000000000006 0.91549525538221188 0.84724289579104695 1
decision_type=10 8 10 8 10 10 8 1 8 10 2 8 10 1
left_child=3 5 4 -1 6 -2 7 -3 -5 12 -11 -6 -8 -14
right_child=1 2 -4 8 11 -7 9 -9 -10 10 -12 -13 13 -15
leaf_value=-0.061050484017403116 -0.014000125668527832 0.028559469543810272 19.28875252367105 -0.03346710354031382 -0.088887361220592861 0.006234541546047306 -0.0014978735111461818 -0.046021166564047429 -0.014178246142363619 -0.012198705732523152 0.017431921817554808 0.54349977268971261 0.046099736223188421 0.014970839363958649
leaf_weight=626 2229 638 169 512 1257 510 5163 1558 647 15333 3104 2793 632 3543
leaf_count=626 2229 638 169 512 1257 510 5163 1558 647 15333 3104 2793 632 3543
internal_value=-0.00152225 -0.000431175 9.826e-05 -0.0240307 -2.77729e-05 -0.00702806 -0.000472878 -0.00451613 -0.0186727 -0.000152448 -0.000981184 0.00326264 0.00148346 0.00357536
internal_weight=38714 36929 34190 1785 34021 2739 29971 2196 1159 27775 18437 4050 9338 4175
internal_count=38714 36929 34190 1785 34021 2739 29971 2196 1159 27775 18437 4050 9338 4175
cat_boundaries=0 1 2
cat_threshold=18184 192
is_linear=0
shrinkage=0.035


Tree=134
num_leaves=15
num_cat=2
split_feature=10 5 0 10 23 16 23 32 22 26 32 23 14 3
split_gain=756.973 101.068 81.0754 68.5702 38.3315 38.2837 27.7464 29.83 28.0866 31.5118 26.5892 26.2762 25.7518 25.3913
threshold=4.0071428571428589 7.0500000000000007 2215.0000000000005 2.5366666666666675 1.3298980476839481 47.254924047083655 0.63162713007725302 0 0.95261715913436085 314.50000000000006 1 1.3230140306461911 721.25000000000011 11.025000000000002
decision_type=10 8 10 8 10 10 8 1 10 2 1 8 10 10
left_child=3 4 5 -1 -2 6 7 -3 10 13 -8 -7 -13 -10
right_child=1 2 -4 -5 -6 11 8 -9 9 -11 -12 12 -14 -15
leaf_value=-0.053715295964864032 -0.013510121270129344 0.027559888109776998 18.613646185342564 -0.019996094725482444 0.0060163325919356074 0.070074043860165539 0.030542205307238047 -0.044410425734305793 -0.015835612622168951 0.016821804553940292 0.0025993437892668329 0.44329249592277969 3.8705084419528708 -0.0093603753953399958
leaf_weight=942 2229 638 169 843 510 2406 1829 1558 1735 3104 7509 1240 404 13598
leaf_count=942 2229 638 169 843 510 2406 1829 1558 1735 3104 7509 1240 404 13598
internal_value=-0.00148971 -0.000412222 0.000106448 -0.0237179 -0.006875 -1.54294e-05 -0.000447191 -0.0042299 -0.000147408 -0.000939432 0.00141603 0.00317633 0.00657975 -0.00159049
internal_weight=38714 36929 34190 1785 2739 34021 29971 2196 27775 18437 9338 4050 1644 15333
internal_count=38714 36929 34190 1785 2739 34021 29971 2196 27775 18437 9338 4050 1644 15333
cat_boundaries=0 1 2
cat_threshold=18184 8576
is_linear=0
shrinkage=0.035


Tree=135
num_leaves=15
num_cat=3
split_feature=10 5 0 11 2 23 23 23 22 32 23 32 32 23
split_gain=697.04 96.6582 80.9083 78.8808 36.543 35.5874 27.4439 26.5768 30.9846 33.9979 33.7236 110.977 34.3296 38.8461
threshold=4.0071428571428589 7.0500000000000007 2215.0000000000005 1.9190909090909092 520.50000000000011 1.3298980476839481 1.2406174491792894 0.56849446083308608 0.95261715913436085 0 0.86944013733843184 1 2 1.0723791479413485
decision_type=10 8 10 8 10 10 10 8 10 1 8 1 1 10
left_child=3 5 4 -1 7 -2 -5 -3 9 -9 11 -10 13 -12
right_child=1 2 -4 6 -6 -7 -8 8 10 -11 12 -13 -14 -15
leaf_value=-0.057033681718023754 -0.013037267025674823 -0.041312750110049951 17.962168568855574 -0.023921973048410677 0.81395371978719955 0.0058057609512178936 -0.0063128545470516788 0.033166916162795872 -0.10025007667898443 -0.00012286582884865285 0.0008927697211601783 0.026289723937142927 0.0069975351027210982 -0.035896674460044777
leaf_weight=615 2229 1785 169 999 1704 510 171 3946 831 6688 4315 934 9881 3937
leaf_count=615 2229 1785 169 999 1704 510 171 3946 831 6688 4315 934 9881 3937
internal_value=-0.00141016 -0.000376212 0.000131013 -0.0227402 9.25763e-06 -0.00669643 -0.0172766 -0.000254471 -1.14615e-05 0.0015133 -0.000826509 -0.00543785 -0.000376282 -0.00204064
internal_weight=38714 36929 34190 1785 34021 2739 1170 32317 30532 10634 19898 1765 18133 8252
internal_count=38714 36929 34190 1785 34021 2739 1170 32317 30532 10634 19898 1765 18133 8252
cat_boundaries=0 1 2 3
cat_threshold=9606 53478 25351
is_linear=0
shrinkage=0.035


Tree=136
num_leaves=15
num_cat=3
split_feature=10 5 11 13 23 0 26 23 32 24 32 32 23 23
split_gain=673.34 89.9869 85.2419 77.0248 33.6552 33.2013 30.1395 33.267 30.6512 29.4428 52.3795 30.4348 27.4629 24.9756
threshold=4.0071428571428589 7.0500000000000007 1.9190909090909092 1642.5000000000002 1.3298980476839481 2412.5000000000005 301.50000000000006 0.92313015704019175 0 5.5000000000000009 1 2 2.1500351723444884 1.2406174491792894
decision_type=10 8 8 10 10 8 2 10 1 2 1 1 10 10
left_child=2 4 -1 6 -2 -5 9 -8 -9 11 -11 -3 -13 -4
right_child=1 3 13 5 -6 -7 7 8 -10 10 -12 12 -14 -15
leaf_value=-0.055037502857892918 -0.012580962679776195 0.01986694437561869 -0.023084703991716301 1.9601251938058013 0.0056025593179252443 20.354432720699776 -0.0078767907930233083 0.0040681812643653011 0.054273243142852146 -0.32333028207576464 -0.020347227661275682 -0.0064584153185685451 0.58220683075172375 -0.0060919046379048552
leaf_weight=615 2229 6772 999 209 510 182 2445 1636 2150 244 2056 18166 330 171
leaf_count=615 2229 6772 999 209 510 182 2445 1636 2150 244 2056 18166 330 171
internal_value=-0.00138485 -0.000368631 -0.0223492 0.000120778 -0.00646684 0.0154672 -5.90167e-05 0.00213839 0.00419151 -0.000555979 -0.00434273 -0.000210501 -0.000945384 -0.0166809
internal_weight=38714 36929 1785 34190 2739 391 33799 6231 3786 27568 2300 25268 18496 1170
internal_count=38714 36929 1785 34190 2739 391 33799 6231 3786 27568 2300 25268 18496 1170
cat_boundaries=0 1 2 3
cat_threshold=28950 1056 3456
is_linear=0
shrinkage=0.035


Tree=137
num_leaves=15
num_cat=2
split_feature=10 11 0 13 0 14 23 32 32 5 23 29 22 2
split_gain=652.864 91.1669 89.0965 78.6321 32.8156 32.4128 32.2468 39.4791 30.4354 29.878 22.8533 22.8152 22.4516 32.2299
threshold=4.0071428571428589 1.9190909090909092 6.0500000000000007 1642.5000000000002 2412.5000000000005 15.025000000000002 1.468132341055328 0 1 210.70000000000002 1.2406174491792894 -0.65882179392489248 1.0285849183866185 18.550000000000004
decision_type=10 8 8 10 8 10 10 1 1 10 10 2 10 10
left_child=1 -1 5 6 -5 -2 8 -8 11 -9 -3 -4 -10 -14
right_child=2 10 3 4 -6 -7 7 9 12 -11 -12 -13 13 -15
leaf_value=-0.053111190257866661 -0.012140628985984014 -0.022276739352006227 0.047922462628472384 2.0126552036175562 19.642027575475286 0.20011378596434357 -0.085702149072212783 0.037191230420925599 -0.0013240406048026523 2.1444226655830136 -0.0058786879755781925 0.0026042239732472707 -0.022306604843537595 -0.012359766259383209
leaf_weight=615 1669 999 2376 210 182 58 529 2104 14446 299 171 6065 2755 6236
leaf_count=615 1669 999 2376 210 182 58 529 2104 14446 299 171 6065 2755 6236
internal_value=-0.00135412 -0.0219972 -0.000353468 2.78354e-05 0.0155164 -0.00810335 -0.000148786 0.00336057 -0.000472038 0.00525434 -0.0161447 0.00132864 -0.0011208 -0.00249389
internal_weight=38714 1785 36929 35202 392 1727 34810 2932 31878 2403 1170 8441 23437 8991
internal_count=38714 1785 36929 35202 392 1727 34810 2932 31878 2403 1170 8441 23437 8991
cat_boundaries=0 1 2
cat_threshold=262 3456
is_linear=0
shrinkage=0.035


Tree=138
num_leaves=15
num_cat=3
split_feature=10 11 0 13 0 26 23 32 32 23 16 0 24 32
split_gain=639.464 95.2222 84.8775 77.3403 32.8156 28.7051 29.0942 31.0115 25.0087 24.0895 25.4877 30.1113 23.1465 47.167
threshold=4.0071428571428589 1.9190909090909092 8.5500000000000025 1642.5000000000002 2412.5000000000005 301.50000000000006 0.92313015704019175 0 1 0.20471716005236418 2.8789506651175709 6.0500000000000007 5.5000000000000009 2
decision_type=10 8 8 10 8 2 10 1 1 10 10 10 2 1
left_child=1 -1 9 5 -5 12 8 -8 -7 -2 11 -11 -4 -14
right_child=2 -3 3 4 -6 6 7 -9 -10 10 -12 -13 13 -15
leaf_value=-0.051252298598841325 0.090606372635097451 -0.018545284003159246 -0.0014423504690127054 1.9422122714909378 18.954556610333647 -0.025691598278267495 0.00080554269605197964 0.051056959736643051 0.026822025933845674 -0.010852891128346412 -0.080539173668037436 -0.0016842498464878731 -0.85483082189913873 -0.020438346938457422
leaf_weight=615 89 1170 24943 210 182 1006 1526 2333 1426 1533 289 1108 146 2138
leaf_count=615 89 1170 24943 210 182 1006 1526 2333 1426 1533 289 1108 146 2138
internal_value=-0.00133242 -0.0217626 -0.000342097 0.000158927 0.0155164 -2.29693e-05 0.00210689 0.00399457 -0.000890439 -0.00596065 -0.00651107 -0.00541005 -0.000515386 -0.00388379
internal_weight=38714 1785 36929 33910 392 33518 6291 3859 2432 3019 2930 2641 27227 2284
internal_count=38714 1785 36929 33910 392 33518 6291 3859 2432 3019 2930 2641 27227 2284
cat_boundaries=0 1 2 3
cat_threshold=28934 51905 1024
is_linear=0
shrinkage=0.035


Tree=139
num_leaves=15
num_cat=2
split_feature=10 11 0 0 14 2 24 32 23 3 23 22 32 23
split_gain=614.371 102.876 82.1936 75.1547 31.5878 30.4708 24.0267 27.4378 31.8938 24.8367 22.9441 45.0253 32.4975 30.6261
threshold=4.0071428571428589 1.9190909090909092 6.0500000000000007 1410.0000000000002 15.025000000000002 72.050000000000011 1.0000000180025095e-35 0 0.12511141722712912 8.9000000000000021 0.80061118922177854 0.95261715913436085 1 1.3011257019552089
decision_type=10 8 8 10 10 10 2 1 10 10 10 10 1 10
left_child=1 -1 4 5 -2 10 7 8 -7 -8 -4 -12 -13 -14
right_child=2 -3 3 -5 -6 6 9 -9 -10 -11 11 12 13 -15
leaf_value=-0.049458468147881872 -0.011335855781982467 -0.017896199063048672 -0.013959441509697931 5.9802620015998311 0.18993858041336312 0.21294823990212425 -0.13172439896802049 0.079351493191042136 2.4398490627748357 0.025270873974269394 0.016019347308477275 -0.031531892691014314 -0.0054663270325796993 0.020909750508055967
leaf_weight=615 1669 1170 7688 420 58 161 608 1811 115 9619 3916 2588 6197 2079
leaf_count=615 1669 1170 7688 420 58 161 608 1811 115 9619 3916 2588 6197 2079
internal_value=-0.00130711 -0.0213324 -0.000336411 2.98236e-05 -0.00778002 -0.000148906 0.0012501 0.00466778 0.0146735 0.000550723 -0.000915766 -0.000108894 -0.00126875 -0.000194186
internal_weight=38714 1785 36929 35202 1727 34782 12314 2087 276 10227 22468 14780 10864 8276
internal_count=38714 1785 36929 35202 1727 34782 12314 2087 276 10227 22468 14780 10864 8276
cat_boundaries=0 1 2
cat_threshold=1024 774
is_linear=0
shrinkage=0.035


Tree=140
num_leaves=15
num_cat=2
split_feature=10 10 0 0 30 6 33 32 0 1 16 0 26 22
split_gain=591.956 108.28 76.7416 64.9515 25.9222 32.8215 24.2785 24.9705 22.0573 20.946 29.386 21.5461 20.5586 20.7187
threshold=4.0071428571428589 1.8708333333333333 1410.0000000000002 9.5500000000000025 -0.91595872546125101 133.25000000000003 0 1 3.0500000000000003 20.100000000000005 3.4022051672407625 6.0500000000000007 69.500000000000014 0.99573390638366666
decision_type=10 8 10 8 2 10 1 1 8 10 10 10 2 10
left_child=1 -1 3 9 6 12 7 -5 -3 10 11 -2 -6 -14
right_child=2 8 -4 4 5 -7 -8 -9 -10 -11 -12 -13 13 -15
leaf_value=-0.047727421762706009 -0.010047894735315879 -0.024388281274699931 5.7709528315438368 -0.16187149900398767 -0.01448046143603449 0.10689110477391979 -0.0086655836329010867 -0.034626096817375968 -0.0092817727309470674 0.25826775537766927 -0.081794785458102717 -0.0016861516993897309 0.010274189650073949 -0.0058810206538200396
leaf_weight=626 1560 512 420 448 4494 6488 3249 755 647 52 317 1388 7318 10440
leaf_count=626 1560 512 420 448 4494 6488 3249 755 647 52 317 1388 7318 10440
internal_value=-0.00124564 -0.0209022 -0.00029282 -0.00046489 2.10862e-06 0.000387198 -0.00248149 -0.0066954 -0.0144631 -0.00513095 -0.00549083 -0.00438537 -0.000251606 0.000283736
internal_weight=38714 1785 36929 36509 33192 28740 4452 1203 1159 3317 3265 2948 22252 17758
internal_count=38714 1785 36929 36509 33192 28740 4452 1203 1159 3317 3265 2948 22252 17758
cat_boundaries=0 1 2
cat_threshold=8 24684
is_linear=0
shrinkage=0.035


Tree=141
num_leaves=15
num_cat=2
split_feature=13 10 1 11 6 23 1 30 23 32 23 32 26 23
split_gain=567.331 125.523 72.1217 45.2683 32.6586 35.0587 25.0593 25.0331 24.0319 39.958 46.0726 37.5884 26.359 25.0074
threshold=2.5250000000000004 5.4733333333333336 1910.0000000000002 1.9190909090909092 115.50000000000001 1.5262117642049531 4.4500000000000011 -0.6523320455745395 0.81231315763477352 0 0.9641897337808415 1 314.50000000000006 0.9717414305963149
decision_type=10 10 10 8 10 10 10 2 8 1 10 1 2 10
left_child=3 6 4 -1 8 7 -2 -6 11 13 -11 -3 -12 -10
right_child=1 2 -4 -5 5 -7 -8 -9 9 10 12 -13 -14 -15
leaf_value=-0.046056962001011295 -0.012946130330171378 0.02751965997240241 9.0250560665621293 -0.028945137040135387 -0.054741063095599438 1.3483839258278558 -0.0030536180263987592 0.088021219788526117 -0.0040546602948809164 0.0055048526037660356 -0.029559565828859952 -0.023889035044379343 0.013810609459152492 0.01209050412826832
leaf_weight=615 1255 619 235 434 2807 477 748 6077 4555 4242 5146 3816 940 6748
leaf_count=615 1255 619 235 434 2807 477 748 6077 4555 4242 5146 3816 940 6748
internal_value=-0.00120587 -0.00049708 -1.76634e-05 -0.0265323 -0.000147183 0.00162556 -0.00901145 0.00112611 -0.000784013 -0.000302505 -0.0018747 -0.0031295 -0.00382696 0.00113492
internal_weight=38714 37665 35662 1049 35427 9361 2003 8884 26066 21631 10328 4435 6086 11303
internal_count=38714 37665 35662 1049 35427 9361 2003 8884 26066 21631 10328 4435 6086 11303
cat_boundaries=0 1 2
cat_threshold=47344 16641
is_linear=0
shrinkage=0.035


Tree=142
num_leaves=15
num_cat=2
split_feature=10 11 1 0 0 23 1 16 0 30 32 32 24 6
split_gain=551.829 120.754 73.9482 57.3473 26.0775 20.4877 20.2524 26.5071 20.1272 19.9766 24.7085 22.2014 24.1208 20.3187
threshold=4.0071428571428589 1.9190909090909092 1910.0000000000002 9.5500000000000025 560.75000000000011 1.3717171323236954 20.100000000000005 3.4022051672407625 6.0500000000000007 -0.91595872546125101 0 1 1.0000000180025095e-35 220.30000000000004
decision_type=10 8 10 8 10 10 10 10 10 2 1 1 2 8
left_child=1 -1 3 6 9 -6 7 8 -2 10 -5 -11 -13 -12
right_child=2 -3 -4 4 5 -7 -8 -9 -10 11 13 12 -14 -15
leaf_value=-0.044444968330975894 -0.0095101503963430159 -0.016391170586427486 8.7091791042324509 0.0075895457497379944 0.25030540174423921 1.832974055045884 0.24916484800321043 -0.078095851740515879 -0.0014124334785509075 0.0092122150623867513 -0.022298017306691068 0.01492356753455374 -0.013437337902426681 -0.28860316146152781
leaf_weight=615 1560 1170 235 1378 1048 505 52 317 1388 13912 2368 2252 11400 514
leaf_count=615 1560 1170 235 1378 1048 505 52 317 1388 13912 2368 2252 11400 514
internal_value=-0.00118056 -0.0201592 -0.0002606 -0.000387204 4.92781e-05 0.00447047 -0.00477273 -0.00512691 -0.00407721 -0.000167143 -0.00239625 0.000177736 -0.000824614 -0.00422851
internal_weight=38714 1785 36929 36694 33377 1553 3317 3265 2948 31824 4260 27564 13652 2882
internal_count=38714 1785 36929 36694 33377 1553 3317 3265 2948 31824 4260 27564 13652 2882
cat_boundaries=0 1 2
cat_threshold=20753 11760
is_linear=0
shrinkage=0.035


Tree=143
num_leaves=15
num_cat=3
split_feature=13 0 1 10 14 23 32 24 32 32 22 23 2 30
split_gain=550.597 104.23 71.5905 52.0812 30.8292 28.0978 35.4447 28.6009 36.6538 34.0619 32.2374 37.4933 29.8592 28.132
threshold=2.5250000000000004 6.0500000000000007 1910.0000000000002 1.8708333333333333 15.025000000000002 1.468132341055328 0 4.5000000000000009 1 2 1.0268846274539483 0.74587800598883691 19.050000000000004 -0.99864786094873803
decision_type=10 8 10 8 10 10 1 2 1 1 10 8 10 2
left_child=3 4 5 -1 -2 7 -7 9 -9 13 11 -11 -12 -3
right_child=1 2 -4 -5 -6 6 -8 8 -10 10 12 -13 -14 -15
leaf_value=-0.042889394439391743 -0.010574816585465868 -0.16842847093770283 8.4043578355843103 -0.020358364604275623 0.1815659428831794 -0.080916960291457701 0.053797062320124954 -0.046168348506359966 -0.0036294728708277349 -0.025518213786859673 -0.023940527218443978 0.0078168362017682069 -0.0095687128202185095 0.026469169342575278
leaf_weight=626 2265 119 235 423 58 531 2437 2405 4840 2196 2295 8382 4457 7445
leaf_count=626 2265 119 235 423 58 531 2437 2405 4840 2196 2295 8382 4457 7445
internal_value=-0.00111728 -0.000419034 5.34699e-05 -0.0260674 -0.00759235 -7.67544e-05 0.00317861 -0.000377831 -0.00231241 0.00018555 -0.000669934 0.000535765 -0.00255883 0.00214276
internal_weight=38714 37665 35342 1049 2323 35107 2968 32139 7245 24894 17330 10578 6752 7564
internal_count=38714 37665 35342 1049 2323 35107 2968 32139 7245 24894 17330 10578 6752 7564
cat_boundaries=0 1 2 3
cat_threshold=262 33835 3368
is_linear=0
shrinkage=0.035


Tree=144
num_leaves=15
num_cat=3
split_feature=13 10 0 10 16 30 32 24 33 26 22 23 32 0
split_gain=549.024 93.0892 69.1184 51.3481 31.2205 27.8211 28.4616 30.6959 26.8847 40.3772 30.0022 36.6559 26.2756 25.1808
threshold=2.5250000000000004 5.4733333333333336 2505.0000000000005 1.8708333333333333 24.952335514397532 -0.92272482904738262 0 5.5000000000000009 1 321.50000000000006 0.99573390638366666 0.67598175863788146 2 4.4500000000000011
decision_type=10 10 10 8 10 2 1 2 1 2 10 8 1 10
left_child=3 13 4 -1 8 -6 7 -7 9 -3 11 -10 -13 -2
right_child=1 2 -4 -5 5 6 -8 -9 10 -11 -12 12 -14 -15
leaf_value=-0.041388265634013037 -0.012018164534462855 0.0023449709371546313 24.444063802834503 -0.01964582184312598 -0.17499640220789561 0.47398470085850242 0.062228399891664739 -0.81456025819749112 -0.027081545876001409 0.058439549576850824 -0.014659557358787146 -0.0070313046613622553 0.012046015049221348 -0.0021881361128319467
leaf_weight=626 1220 6677 115 423 1023 2125 4303 165 1676 877 10566 2899 5236 783
leaf_count=626 1220 6677 115 423 1023 2125 4303 165 1676 877 10566 2899 5236 783
internal_value=-0.00108655 -0.000389302 2.35512e-05 -0.0260009 -6.59597e-05 0.0019197 0.00275311 0.00589154 -0.000607639 0.00117453 -0.00126839 0.000124796 0.00109644 -0.00772161
internal_weight=38714 37665 35662 1049 35547 7616 6593 2290 27931 7554 20377 9811 8135 2003
internal_count=38714 37665 35662 1049 35547 7616 6593 2290 27931 7554 20377 9811 8135 2003
cat_boundaries=0 1 2 3
cat_threshold=11361 2 35432
is_linear=0
shrinkage=0.035


Tree=145
num_leaves=15
num_cat=3
split_feature=13 10 0 14 16 0 23 30 32 23 22 32 26 32
split_gain=540.12 87.625 66.2211 51.2715 30.9505 24.8398 24.464 29.2401 23.9196 23.4581 32.9477 29.6207 27.2549 31.3579
threshold=2.5250000000000004 5.4733333333333336 2505.0000000000005 1.7250000000000003 42.653643129910044 3.9500000000000006 0.91549525538221188 -0.70900320270980455 0 0.63162713007725302 0.97026308981968956 1 314.50000000000006 2
decision_type=10 10 10 8 10 8 8 2 1 8 10 1 2 1
left_child=3 5 4 -1 9 -2 8 -8 -6 11 -11 -3 13 -12
right_child=1 2 -4 -5 6 -7 7 -9 -10 10 12 -13 -14 -15
leaf_value=-0.039939676336822584 -0.01745556638470757 0.044569626954445156 23.588521569735295 -0.022458223085406726 -0.34976150996501304 -0.0057880967402039237 -0.15082597557769076 0.60986850732750109 0.10904384054676208 0.0074559467105095589 -0.039327051197885765 -0.040120369255645279 0.012517043912908685 -0.0086890898581169652
leaf_weight=594 491 456 115 455 228 1512 704 2462 1174 10674 821 1701 3083 14244
leaf_count=594 491 456 115 455 228 1512 704 2462 1174 10674 821 1701 3083 14244
internal_value=-0.00109016 -0.000398593 1.9626e-06 -0.0258017 -8.56492e-05 -0.00751245 0.00260223 0.00430464 -0.00124378 -0.000482346 -0.000218545 -0.00399861 -0.00112598 -0.00173955
internal_weight=38714 37665 35662 1049 35547 2003 4568 3166 1402 30979 28822 2157 18148 15065
internal_count=38714 37665 35662 1049 35547 2003 4568 3166 1402 30979 28822 2157 18148 15065
cat_boundaries=0 1 2 3
cat_threshold=22656 1288 2
is_linear=0
shrinkage=0.035


Tree=146
num_leaves=15
num_cat=2
split_feature=13 10 0 10 16 23 0 22 1 33 26 23 32 22
split_gain=535.745 85.7907 66.091 53.2368 28.8425 25.8667 25.0598 23.6107 23.4561 22.6303 37.4069 27.386 32.4952 37.3689
threshold=2.5250000000000004 5.4733333333333336 2505.0000000000005 1.8708333333333333 47.254924047083655 1.3230140306461911 3.0500000000000003 1.4267885601278545 881.00000000000011 0 319.50000000000006 0.67598175863788146 1 0.77252381074995646
decision_type=10 10 10 8 10 8 8 10 8 1 2 8 1 10
left_child=3 6 4 -1 9 7 -2 -6 -7 10 -3 12 -11 -14
right_child=1 2 -4 -5 5 8 -8 -9 -10 11 -12 -13 13 -15
leaf_value=-0.0385417876650338 -0.026768981802230474 0.002548169074723479 22.762923314794556 -0.018172180270627322 0.13658391214960405 0.25134058299335088 -0.0060162627030179881 -0.60004716588539175 2.4508915358631311 0.10256616009083308 0.060909399721020233 -0.0034704779702959113 -0.015566080472884122 -0.076934607778672115
leaf_weight=626 296 7663 115 423 2284 1086 1707 151 592 252 1076 20544 1160 739
leaf_count=626 296 7663 115 423 2284 1086 1707 151 592 252 1076 20544 1160 739
internal_value=-0.00105762 -0.000368861 2.74764e-05 -0.0256689 -6.00529e-05 0.00269427 -0.00740787 0.000387295 0.0060309 -0.000420815 0.0010915 -0.0010033 -0.00475649 -0.00630878
internal_weight=38714 37665 35662 1049 35547 4113 2003 2435 1678 31434 8739 22695 2151 1899
internal_count=38714 37665 35662 1049 35547 4113 2003 2435 1678 31434 8739 22695 2151 1899
cat_boundaries=0 1 2
cat_threshold=2 1280
is_linear=0
shrinkage=0.035


Tree=147
num_leaves=15
num_cat=2
split_feature=13 10 0 10 6 23 0 22 23 32 32 23 23 22
split_gain=527.809 79.3886 66.111 56.6763 27.6384 30.2665 24.0759 21.496 31.8666 56.6377 46.4024 35.1944 27.3531 22.851
threshold=2.5250000000000004 5.4733333333333336 2505.0000000000005 1.8708333333333333 115.50000000000001 1.5262117642049531 3.0500000000000003 0.98221220009835319 0.87589696601566935 0 1 1.0510278439181069 0.56849446083308608 1.0710102049566934
decision_type=10 10 10 8 10 10 8 10 8 1 1 8 8 10
left_child=3 6 4 -1 7 -6 -2 12 9 -9 11 13 -3 -10
right_child=1 2 -4 -5 5 -7 -8 8 10 -11 -12 -13 -14 -15
leaf_value=-0.037192825096757622 -0.025832067439152413 -0.031724642214504488 21.966220998776748 -0.017536153961155373 0.030920946317971175 1.2134730525118866 -0.0058056935084123493 0.013005551106880456 -0.0011515341083911947 -0.085206719310774628 -0.017234139158187171 0.014178954731544168 0.0050021853091493989 -0.050720335185468007
leaf_weight=626 296 887 115 423 8984 489 1707 603 806 767 7824 5079 9654 454
leaf_count=626 296 887 115 423 8984 489 1707 603 806 767 7824 5079 9654 454
internal_value=-0.00104135 -0.000357712 2.35512e-05 -0.0254696 -6.39908e-05 0.00155465 -0.00712898 -0.000652249 -0.00147992 -0.00656727 -0.000985672 0.00123938 0.000567514 -0.00398419
internal_weight=38714 37665 35662 1049 35547 9473 2003 26074 15533 1370 14163 6339 10541 1260
internal_count=38714 37665 35662 1049 35547 9473 2003 26074 15533 1370 14163 6339 10541 1260
cat_boundaries=0 1 2
cat_threshold=10025 39144
is_linear=0
shrinkage=0.035


Tree=148
num_leaves=15
num_cat=3
split_feature=13 13 13 13 24 32 32 24 9 23 23 22 32 23
split_gain=520.397 74.1507 64.9248 59.0089 28.1627 67.1808 37.5334 25.3527 36.8394 23.8631 30.35 28.6032 34.7812 53.8394
threshold=2.5250000000000004 4.5250000000000012 2467.5000000000005 1.6250000000000002 5.5000000000000009 0 1 1.0000000180025095e-35 1617.5000000000002 0.63162713007725302 0.12511141722712912 0.92933181675757115 2 0.92038792116003032
decision_type=10 10 10 8 2 1 1 2 8 8 10 10 1 8
left_child=3 -2 4 -1 6 -6 7 8 -3 10 -8 -11 13 -13
right_child=1 2 -4 -5 5 -7 9 -9 -10 11 -12 12 -14 -15
leaf_value=-0.0358910762183711 -0.0094895534668707586 1.9064975220174054 21.19740326381956 -0.016735704972479344 -0.20523997768501398 -0.013101709083245844 0.38872116722653149 0.065151422800738587 0.14411261536020495 0.01057949238299708 -0.036658872600294733 -0.034825719166900422 -0.011997019792896479 0.010282249100363077
leaf_weight=578 1307 115 138 471 342 2614 84 1872 252 7622 2254 1448 10175 9442
leaf_count=578 1307 115 138 471 342 2614 84 1872 252 7622 2254 1448 10175 9442
internal_value=-0.00101423 -0.000335413 -4.04257e-05 -0.0252704 -0.000133333 -0.00340426 0.000157805 0.00451863 0.0128898 -0.000158988 -0.00355527 0.000118326 -0.000546512 0.000828061
internal_weight=38714 37665 36358 1049 36220 2956 33264 2239 367 31025 2338 28687 21065 10890
internal_count=38714 37665 36358 1049 36220 2956 33264 2239 367 31025 2338 28687 21065 10890
cat_boundaries=0 1 2 3
cat_threshold=1056 1024 47288
is_linear=0
shrinkage=0.035


Tree=149
num_leaves=15
num_cat=3
split_feature=13 14 13 0 16 23 0 33 26 23 22 22 32 32
split_gain=520.94 63.8207 59.0089 55.0183 27.6488 24.3845 22.8007 22.5746 38.7063 22.6185 30.8268 30.3129 31.6957 29.1108
threshold=2.5250000000000004 4.9500000000000011 1.6250000000000002 2505.0000000000005 47.254924047083655 1.3230140306461911 4.9500000000000011 0 314.50000000000006 0.67598175863788146 0.77252381074995646 0.98221220009835319 1 2
decision_type=10 10 8 10 10 8 10 1 2 8 10 10 1 1
left_child=2 6 -1 4 7 -6 -2 8 -3 10 -9 13 -13 -11
right_child=1 3 -4 -5 5 -7 -8 9 -10 11 -12 12 -14 -15
leaf_value=-0.034634888550728112 -0.010970100531119683 0.000908125805632416 -0.016149955298442573 20.861265424854235 0.037369224347768723 0.68867409939810431 0.0014304380823261266 -0.0067648722636156587 0.059587514910872733 -0.015661075600003124 -0.057667252748280745 -0.01603083100796078 -0.0071740577732213855 0.0094655373756481302
leaf_weight=578 1147 7682 471 115 2428 1676 292 1339 1194 1992 865 1304 11297 6334
leaf_count=578 1147 7682 471 115 2428 1676 292 1339 1194 1992 865 1304 11297 6334
internal_value=-0.00100158 -0.000322405 -0.0252704 -3.47768e-05 -0.000113385 0.00258944 -0.00753809 -0.000460296 0.00103925 -0.00103582 -0.00440471 -0.000680537 -0.00176305 0.000957868
internal_weight=38714 37665 1049 36226 36111 4104 1439 32007 8876 23131 2204 20927 12601 8326
internal_count=38714 37665 1049 36226 36111 4104 1439 32007 8876 23131 2204 20927 12601 8326
cat_boundaries=0 1 2 3
cat_threshold=2 3 33320
is_linear=0
shrinkage=0.035


Tree=150
num_leaves=15
num_cat=2
split_feature=13 10 1 13 6 23 30 0 22 23 32 32 23 23
split_gain=510.519 63.0462 60.1148 54.5911 24.7563 28.2437 23.6646 21.6253 21.2118 29.2225 58.5198 42.2022 28.8732 25.5248
threshold=2.5250000000000004 1.8708333333333333 4.9500000000000011 2467.5000000000005 115.50000000000001 1.5262117642049531 -0.6523320455745395 4.9500000000000011 0.97026308981968956 0.87274330136510581 0 1 0.96641475382099162 0.56849446083308608
decision_type=10 8 8 10 10 10 2 10 10 8 1 1 8 8
left_child=1 -1 7 4 8 6 -6 -2 13 10 -10 12 -11 -4
right_child=2 -3 3 -5 5 -7 -8 -9 9 11 -12 -13 -14 -15
leaf_value=-0.033422667451452628 -0.013292172199534366 -0.015771390463032678 -0.0265672475939439 19.72534985971598 -0.05759085258836507 1.2153455006495593 0.075334742456223444 0.0002155220436115535 0.0031490916971181762 0.021265063493947134 -0.079923663434910128 0.0022495113476194996 -0.021994886165365383 0.0040405327875525469
leaf_weight=626 962 423 891 138 2817 503 6129 323 782 721 740 8887 5623 9149
leaf_count=626 962 423 891 138 2817 503 6129 323 782 721 740 8887 5623 9149
internal_value=-0.000979881 -0.0250047 -0.000307539 -4.4249e-05 -0.00012939 0.00141051 0.000954083 -0.00773256 -0.000672625 -0.00143484 -0.00605108 -0.000971712 -0.00314829 0.000599303
internal_weight=38714 1049 37665 36380 36242 9449 8946 1285 26793 16753 1522 15231 6344 10040
internal_count=38714 1049 37665 36380 36242 9449 8946 1285 26793 16753 1522 15231 6344 10040
cat_boundaries=0 1 2
cat_threshold=10041 18183
is_linear=0
shrinkage=0.035


Tree=151
num_leaves=15
num_cat=2
split_feature=13 13 1 13 24 32 32 30 16 4 22 2 23 26
split_gain=507.547 62.5225 58.2814 49.7972 23.9634 36.1086 32.4702 40.6363 36.673 31.8548 22.6134 27.4136 27.1753 22.0038
threshold=2.5250000000000004 1.6250000000000002 4.9500000000000011 2467.5000000000005 4.5000000000000009 0 1 -0.71502926860092908 44.007575105504095 2215.0000000000005 0.97026308981968956 8.5500000000000025 0.78890864595290078 280.50000000000006
decision_type=10 8 8 10 2 1 1 2 10 10 10 10 8 2
left_child=1 -1 -2 4 6 13 7 -4 -9 -10 12 -12 -8 -6
right_child=2 -3 3 -5 5 -7 10 8 9 -11 11 -13 -14 -15
leaf_value=-0.032252874090651786 -0.010120920985546783 -0.015032708196790943 -0.025896504596582447 19.034962614625918 -0.052189126013701521 -0.0011863190690989357 -0.0092964223139967161 0.015196250045841856 1.1152206764185586 -2.0579383417904227 -0.013230914770123016 -0.0029550067733615749 0.013991950834340391 0.00022722472047043143
leaf_weight=578 1285 471 1657 138 1940 5575 3008 4032 1032 52 3145 9361 5741 699
leaf_count=578 1285 471 1657 138 1940 5575 3008 4032 1032 52 3145 9361 5741 699
internal_value=-0.000983496 -0.0249383 -0.000313114 -5.38684e-05 -0.000135184 -0.00179706 0.000352085 0.00245949 0.00400508 0.00970615 -0.000320874 -0.00127568 0.00104352 -0.00515637
internal_weight=38714 1049 37665 36380 36242 8214 28028 6773 5116 1084 21255 12506 8749 2639
internal_count=38714 1049 37665 36380 36242 8214 28028 6773 5116 1084 21255 12506 8749 2639
cat_boundaries=0 1 2
cat_threshold=33834 3112
is_linear=0
shrinkage=0.035


Tree=152
num_leaves=15
num_cat=2
split_feature=13 13 1 0 2 0 23 22 32 32 3 23 23 23
split_gain=504.813 61.6433 57.4195 47.0257 23.553 20.7367 20.321 30.115 28.4536 23.8988 25.5591 23.6587 23.1346 20.0084
threshold=2.5250000000000004 1.6250000000000002 4.9500000000000011 2610.0000000000005 500.50000000000006 4.9500000000000011 0.56849446083308608 0.95261715913436085 0 1 1.2500000000000002 0.86277558050036973 1.5964005134584014 0.12511141722712912
decision_type=10 8 8 10 10 10 8 10 1 1 10 10 10 10
left_child=1 -1 5 4 6 -2 13 8 -8 -9 -11 -10 -12 -4
right_child=2 -3 3 -5 -6 -7 7 9 11 10 12 -13 -14 -15
leaf_value=-0.031124023497478982 -0.012472713938056511 -0.014506563409903254 0.24733612050796158 23.302960577266752 0.64929202201774738 0.00056221100657928959 0.026858649005519909 -0.014303390423907821 -0.0081560876590475676 -0.037456042439482647 -0.0024659046557368217 0.013323989078043727 0.053823328845804784 -0.040956864321791679
leaf_weight=578 962 471 92 100 1828 323 4065 3786 4317 1015 15511 2612 1353 1701
leaf_count=578 962 471 92 100 1828 323 4065 3786 4317 1015 15511 2612 1353 1701
internal_value=-0.000981689 -0.0248719 -0.000313114 -5.57922e-05 -0.000123467 -0.00756977 -0.000329106 -0.000129653 0.00136194 -0.00088671 -0.000350117 -5.04032e-06 -2.48977e-05 -0.00395161
internal_weight=38714 1049 37665 36380 36280 1285 34452 32659 10994 21665 17879 6929 16864 1793
internal_count=38714 1049 37665 36380 36280 1285 34452 32659 10994 21665 17879 6929 16864 1793
cat_boundaries=0 1 2
cat_threshold=9606 7
is_linear=0
shrinkage=0.035


Tree=153
num_leaves=15
num_cat=4
split_feature=13 13 1 0 30 16 32 23 24 32 22 33 0 32
split_gain=497.111 64.9938 55.0448 47.0025 23.7766 30.3009 22.1969 27.0532 21.3893 26.7842 21.3512 20.7828 19.8667 16.6875
threshold=2.5250000000000004 1.6250000000000002 4.9500000000000011 2610.0000000000005 -0.91595872546125101 20.886456080398627 0 1.0853072730149143 5.5000000000000009 1 0.87227302871728007 2 4.9500000000000011 3
decision_type=10 8 8 10 2 10 1 8 2 1 10 1 10 1
left_child=1 -1 12 4 11 13 7 10 -8 -10 -7 -4 -2 -6
right_child=2 -3 3 -5 5 6 8 -9 9 -11 -12 -13 -14 -15
leaf_value=-0.030034682675067224 -0.012036168950224519 -0.013998833690556645 -0.00042676907005302801 22.487356957062417 0.0025155648612828221 0.045718035774480303 0.24393271734204464 0.15061157255549867 -2.3094600688582698 0.072200184635341932 -0.27136413339398696 -0.03026744357324658 0.00054253362134899959 -0.0062449113817905702
leaf_weight=578 962 471 2424 100 11378 368 4983 1167 103 414 644 2441 323 12358
leaf_count=578 962 471 2424 100 11378 368 4983 1167 103 414 644 2441 323 12358
internal_value=-0.000965417 -0.0246727 -0.000301964 -5.00206e-05 -0.000117679 0.000235041 0.00214537 -0.000845488 0.00332548 -0.00341954 -0.00502458 -0.00239322 -0.00740698 -0.000383303
internal_weight=38714 1049 37665 36380 36280 31415 7679 2179 5500 517 1012 4865 1285 23736
internal_count=38714 1049 37665 36380 36280 31415 7679 2179 5500 517 1012 4865 1285 23736
cat_boundaries=0 1 2 3 4
cat_threshold=20626 1024 6 11760
is_linear=0
shrinkage=0.035


Tree=154
num_leaves=15
num_cat=2
split_feature=10 13 0 0 13 24 32 32 4 24 2 26 30 30
split_gain=496.038 91.9418 39.9941 29.5669 26.3795 26.1916 40.6835 33.0224 25.9563 31.7855 23.3179 21.2522 16.7984 16.614
threshold=1.8708333333333333 4.0250000000000012 2805.0000000000005 2.5500000000000003 1.6250000000000002 4.5000000000000009 0 1 150.50000000000003 1.0000000180025095e-35 8.5500000000000025 294.50000000000006 0.97461712852231652 0.92843842216862604
decision_type=10 10 10 8 8 2 1 1 8 2 10 2 2 2
left_child=4 3 5 -2 -1 7 11 8 -3 -10 -9 -7 13 -12
right_child=1 2 -4 -5 -6 6 -8 10 9 -11 12 -13 -14 -15
leaf_value=-0.028983468781439869 -0.020695559780352816 0.0067363155869449107 39.080166502754565 -0.0060092951837338411 -0.021546448559289139 -0.046354292480546122 -0.0010763839233787033 -0.0060972500673047098 1.6380301619821309 0.17304295313424989 0.0041635127254232886 0.0039967965823298496 -0.032457517441683063 0.043723698549473625
leaf_weight=557 338 2312 77 971 127 2114 5610 6561 236 920 16257 590 1167 877
leaf_count=557 338 2312 77 971 127 2114 5610 6561 236 920 16257 590 1167 877
internal_value=-0.000945531 -0.000412252 -8.67233e-05 -0.00950913 -0.0303774 -0.000141341 -0.00186801 0.000365626 0.00355728 0.00783807 -8.16015e-05 -0.00538065 0.000560199 0.000837272
internal_weight=38714 38030 36721 1309 684 36644 8314 28330 3468 1156 24862 2704 18301 17134
internal_count=38714 38030 36721 1309 684 36644 8314 28330 3468 1156 24862 2704 18301 17134
cat_boundaries=0 1 2
cat_threshold=33834 1056
is_linear=0
shrinkage=0.035


Tree=155
num_leaves=15
num_cat=4
split_feature=10 13 0 0 13 24 32 32 24 0 32 23 16 32
split_gain=495.489 90.7682 39.9128 34.7785 26.3795 24.4363 61.9982 31.2008 26.3941 34.1331 22.6277 21.5029 23.9567 31.8311
threshold=1.8708333333333333 4.5250000000000012 2805.0000000000005 3.0500000000000003 1.6250000000000002 5.5000000000000009 0 1 1.0000000180025095e-35 49.050000000000004 2 0.63162713007725302 3.4022051672407625 3
decision_type=10 10 10 8 8 2 1 1 2 10 1 8 10 1
left_child=4 3 5 -2 -1 7 -7 8 9 -3 -8 12 -9 -14
right_child=1 2 -4 -5 -6 6 10 11 -10 -11 -12 -13 13 -15
leaf_value=-0.027969047374089468 -0.016828318034634755 0.09506375387402842 37.712360675158145 -0.0053823046744586427 -0.020792322859714021 -0.92867190189073068 -0.029164191264547515 0.0091455682779610827 0.048277304116626431 2.1367411361834328 0.0066029807334581402 0.00071311755321378466 -0.1108517686537033 -0.027747791992471821
leaf_weight=557 554 251 77 1118 127 189 1300 385 1895 128 1475 28704 581 1373
leaf_count=557 554 251 77 1118 127 189 1300 385 1895 128 1475 28704 581 1373
internal_value=-0.000961802 -0.000428816 -6.16011e-05 -0.00838998 -0.0303774 -0.000116712 -0.00315931 0.000154402 0.00409786 0.012487 -0.00176882 -0.000136358 -0.00335964 -0.00493109
internal_weight=38714 38030 36358 1672 684 36281 2964 33317 2274 379 2775 31043 2339 1954
internal_count=38714 38030 36358 1672 684 36281 2964 33317 2274 379 2775 31043 2339 1954
cat_boundaries=0 1 2 3 4
cat_threshold=1024 1024 45096 22752
is_linear=0
shrinkage=0.035


Tree=156
num_leaves=15
num_cat=2
split_feature=10 11 0 13 0 24 32 2 30 26 2 24 32 0
split_gain=492.558 88.4722 40.0497 28.1484 25.4478 23.4297 37.826 30.003 21.1719 20.223 19.8905 19.1023 21.1788 18.7361
threshold=1.8708333333333333 4.2381118881118889 2805.0000000000005 1.6250000000000002 2.5500000000000003 4.5000000000000009 0 461.50000000000006 -0.99864786094873803 280.50000000000006 18.550000000000004 5.5000000000000009 1 851.50000000000011
decision_type=10 10 10 8 8 2 1 10 2 2 10 2 1 10
left_child=3 4 5 -1 -2 7 9 8 -3 11 13 -7 -13 -10
right_child=1 2 -4 -5 -6 6 -8 -9 10 -11 -12 12 -14 -15
leaf_value=-0.026990130715996329 -0.01938222405682825 -0.046586069631614789 36.392428051527617 -0.020064591559624024 -0.0058022721502757803 -0.023941307298792028 -0.0010505808496703618 0.75323802158077013 -0.0043035069723100609 -0.0011975063927215192 0.0091623815980200717 -0.94188663293859376 -0.041491544475132064 2.4217532969378701
leaf_weight=557 328 406 77 127 925 1241 5620 1533 9901 704 16422 142 613 118
leaf_count=557 328 406 77 127 925 1241 5620 1533 9901 704 16422 142 613 118
internal_value=-0.000947339 -0.000415933 -0.000103719 -0.0302758 -0.00954293 -0.000158289 -0.00179099 0.000320592 4.82273e-05 -0.00518232 0.000170725 -0.0069965 -0.011375 -0.00105796
internal_weight=38714 38030 36777 684 1253 36700 8320 28380 26847 2700 26441 1996 755 10019
internal_count=38714 38030 36777 684 1253 36700 8320 28380 26847 2700 26441 1996 755 10019
cat_boundaries=0 1 2
cat_threshold=33834 1024
is_linear=0
shrinkage=0.035


Tree=157
num_leaves=15
num_cat=2
split_feature=10 11 0 13 0 24 32 2 2 26 24 32 15 22
split_gain=492.619 87.4322 40.0497 28.1484 24.5052 22.9496 37.0548 28.3649 20.3175 19.8148 18.9108 19.8494 17.1345 17.31
threshold=1.8708333333333333 4.2381118881118889 2805.0000000000005 1.6250000000000002 2.5500000000000003 4.5000000000000009 0 461.50000000000006 8.5500000000000025 280.50000000000006 5.5000000000000009 1 235.50000000000003 0.66324781253567877
decision_type=10 10 10 8 8 2 1 10 10 2 2 1 2 10
left_child=3 4 5 -1 -2 7 9 8 -3 10 -7 -12 -9 -14
right_child=1 2 -4 -5 -6 6 -8 12 -10 -11 11 -13 13 -15
leaf_value=-0.026045476140936458 -0.018703846214839257 -0.0049771397296063261 35.118693069724152 -0.01936233085503718 -0.0055991926250161302 -0.023103361543334294 -0.0010138105199318838 -1.0411778564850274 0.0043121355850660415 -0.0011555936689764091 -0.90892060078574277 -0.040039340418502441 -1.9508181960278095 0.93521585851505828
leaf_weight=557 328 7292 77 127 925 1241 5620 64 19555 704 142 613 56 1413
leaf_count=557 328 7292 77 127 925 1241 5620 64 19555 704 142 613 56 1413
internal_value=-0.000945531 -0.000414092 -0.000103719 -0.0302758 -0.00948728 -0.000158289 -0.00177417 0.00031566 5.08342e-05 -0.00513076 -0.00692654 -0.0112829 0.00493823 0.00572252
internal_weight=38714 38030 36777 684 1253 36700 8320 28380 26847 2700 1996 755 1533 1469
internal_count=38714 38030 36777 684 1253 36700 8320 28380 26847 2700 1996 755 1533 1469
cat_boundaries=0 1 2
cat_threshold=33834 1024
is_linear=0
shrinkage=0.035


Tree=158
num_leaves=15
num_cat=3
split_feature=10 0 0 13 13 6 23 32 24 32 32 30 22 23
split_gain=492.255 83.2788 37.6344 28.2801 28.1484 25.7234 22.9119 28.5899 21.9767 30.8506 25.6544 25.2726 23.864 25.2826
threshold=1.8708333333333333 3.0500000000000003 2805.0000000000005 6.8250000000000011 1.6250000000000002 4.0500000000000007 1.468132341055328 0 4.5000000000000009 1 2 -0.99864786094873803 1.0354350557469056 0.81970323824929248
decision_type=10 8 10 10 8 8 10 1 2 1 1 2 10 8
left_child=4 3 5 -2 -1 -3 8 -8 10 -10 11 -7 13 -12
right_child=1 2 -4 -5 -6 6 7 -9 9 -11 12 -13 -14 -15
leaf_value=-0.025133884476003687 -0.016890188614927241 -0.0071379888066586275 33.889538812283817 0.06354491233281899 -0.01868464927511088 -0.14704333475485892 -0.072738845122223159 0.053187695978503653 -0.052945989860442785 -0.0044837188832108415 -0.010572282043151731 0.017096895052240629 -0.015170342930962449 0.0065399904487666131
leaf_weight=557 590 1146 77 52 127 124 514 2350 1863 5643 3523 7695 6457 7996
leaf_count=557 590 1146 77 52 127 124 514 2350 1863 5643 3523 7695 6457 7996
internal_value=-0.000956378 -0.000425135 -0.000209665 -0.0128748 -0.0302758 -0.000261684 -9.77329e-05 0.00290345 -0.000356242 -0.00202237 0.000128876 0.00180049 -0.000599188 0.000355345
internal_weight=38714 38030 37388 642 684 37311 36165 2864 33301 7506 25795 7819 17976 11519
internal_count=38714 38030 37388 642 684 37311 36165 2864 33301 7506 25795 7819 17976 11519
cat_boundaries=0 1 2 3
cat_threshold=262 1066 3368
is_linear=0
shrinkage=0.035


Tree=159
num_leaves=15
num_cat=2
split_feature=10 1 0 16 0 30 16 33 32 23 22 23 24 4
split_gain=441.021 69.9074 37.2339 26.7103 22.9767 22.2868 27.318 20.0482 19.6178 31.5083 21.5592 19.3609 17.8881 16.8598
threshold=1.8708333333333333 4.9500000000000011 2805.0000000000005 0.382316935368824 3.0500000000000003 -0.91595872546125101 20.886456080398627 0 1 1.0750512650066124 0.87227302871728007 0.9055181771972961 4.5000000000000009 2215.0000000000005
decision_type=10 8 10 8 10 2 10 1 1 8 10 10 2 10
left_child=3 4 5 -1 -2 7 -7 -3 9 10 11 -8 13 -10
right_child=1 2 -4 -5 -6 6 8 -9 12 -11 -12 -13 -14 -15
leaf_value=-0.024254198519343559 -0.015170205789357365 -0.00075294248162032678 32.703404953853884 -0.02865498545998349 -0.0042491489413018398 -0.001817550388758811 -0.020594267546036209 -0.028849376733005166 0.28326228914303625 0.18604299656525997 -0.23799747019693465 0.58622192872326184 -0.023760854491892761 -1.3393997985363468
leaf_weight=522 736 2431 77 162 846 23789 448 2451 3358 1703 865 52 1194 80
leaf_count=522 736 2431 77 162 846 23789 448 2451 3358 1703 865 52 1194 80
internal_value=-0.000898525 -0.000395688 -8.25721e-05 -0.0286502 -0.00758664 -0.000135666 0.000205595 -0.00233477 0.00201687 -0.000158936 -0.00411314 0.00166337 0.00344954 0.00473715
internal_weight=38714 38030 36448 684 1582 36371 31489 4882 7700 3068 1365 500 4632 3438
internal_count=38714 38030 36448 684 1582 36371 31489 4882 7700 3068 1365 500 4632 3438
cat_boundaries=0 1 2
cat_threshold=6 53398
is_linear=0
shrinkage=0.035


Tree=160
num_leaves=15
num_cat=2
split_feature=10 1 0 16 0 16 23 24 23 32 22 32 0 22
split_gain=435.557 63.7264 34.9289 29.7866 22.7311 20.9396 21.0627 19.532 17.9083 24.4839 22.8292 20.5331 21.1331 20.055
threshold=1.8708333333333333 4.9500000000000011 3075.0000000000005 0.382316935368824 3.0500000000000003 55.853525850896865 1.3298980476839481 1.5000000000000002 0.56849446083308608 0 0.95261715913436085 1 4.4500000000000011 0.66324781253567877
decision_type=10 8 10 8 10 10 10 2 8 1 10 1 10 10
left_child=3 4 5 -1 -2 8 7 -7 9 -3 11 -10 -13 -11
right_child=1 2 -4 -5 -6 6 -8 -9 10 13 -12 12 -14 -15
leaf_value=-0.023405301571166531 -0.014639248586729853 0.020896686070765613 41.695676352508912 -0.027652060968884066 -0.0041004287283562804 0.62956545797152108 1.0124536746106607 -0.16478583050402265 0.019916964090870029 -0.015759613220700176 -0.0049208268773546539 -0.017600267116034182 0.0032364637928967801 -0.083480750226182523
leaf_weight=522 736 423 56 162 846 850 943 1769 4482 627 20754 1158 4873 513
leaf_count=522 736 423 56 162 846 850 943 1769 4482 627 20754 1158 4873 513
internal_value=-0.000867791 -0.000368082 -6.91301e-05 -0.028447 -0.00723377 -0.000113471 0.00243342 0.000813643 -0.000390132 -0.00404018 -0.000207054 0.00112141 -0.000214191 -0.00666667
internal_weight=38714 38030 36448 684 1582 36392 3562 2619 32830 1563 31267 10513 6031 1140
internal_count=38714 38030 36448 684 1582 36392 3562 2619 32830 1563 31267 10513 6031 1140
cat_boundaries=0 1 2
cat_threshold=50433 25990
is_linear=0
shrinkage=0.035


Tree=161
num_leaves=15
num_cat=3
split_feature=10 1 16 0 0 30 32 5 30 33 22 32 26 1
split_gain=423.153 60.5598 34.1722 32.0045 21.6587 20.5623 25.4322 23.1012 19.5036 19.3203 18.468 18.3845 17.9304 15.5277
threshold=1.8708333333333333 4.9500000000000011 0.382316935368824 2805.0000000000005 3.0500000000000003 -0.91595872546125101 0 321.00000000000006 0.91511078773075516 1 0.98815008285596539 2 13.500000000000002 741.00000000000011
decision_type=10 8 8 10 10 2 1 10 2 1 10 1 2 10
left_child=2 4 -1 5 -2 9 7 -7 -9 11 -11 -3 -8 -14
right_child=1 3 -4 -5 -6 6 12 8 -10 10 -12 -13 13 -15
leaf_value=-0.0225861160161757 -0.014126874886194313 -0.019406510333678267 -0.026684238834973121 30.099437108131184 -0.003956913722863816 0.0041914547997712152 -0.079088605948276602 0.8046965895800684 -0.24235169520989305 0.0077200352383531056 -0.016951136116064396 -0.13793651790787886 -0.003757603045171596 1.4444060701511616
leaf_weight=522 736 642 162 77 846 12565 382 1204 323 1714 1912 614 16722 293
leaf_count=522 736 642 162 77 846 12565 382 1204 323 1714 1912 614 16722 293
internal_value=-0.000856944 -0.000364401 -0.0280406 -7.29707e-05 -0.00705734 -0.000122196 0.000205595 0.00130999 0.0053688 -0.0022345 -0.000922823 -0.00594807 -0.000689467 -0.00052027
internal_weight=38714 38030 684 36448 1582 36371 31489 14092 1527 4882 3626 1256 17397 17015
internal_count=38714 38030 684 36448 1582 36371 31489 14092 1527 4882 3626 1256 17397 17015
cat_boundaries=0 1 2 3
cat_threshold=11744 8 37779
is_linear=0
shrinkage=0.035


Tree=162
num_leaves=15
num_cat=4
split_feature=10 1 16 0 0 30 16 32 4 32 24 33 22 32
split_gain=423.885 58.614 34.1722 31.9264 21.1027 19.9487 24.9651 22.2601 19.8318 19.682 17.6801 16.0467 18.6194 15.8731
threshold=1.8708333333333333 4.9500000000000011 0.382316935368824 3075.0000000000005 3.0500000000000003 -0.91595872546125101 41.102731302586243 0 2215.0000000000005 1 5.5000000000000009 2 0.9988538587848933 3
decision_type=10 8 8 10 10 2 8 1 10 1 2 1 10 1
left_child=2 4 -1 5 -2 9 13 -8 10 -3 -9 -11 -13 -7
right_child=1 3 -4 -5 -6 6 7 8 -10 11 -12 12 -14 -15
leaf_value=-0.021795601955609548 -0.013632434265177514 0.0034338395289955771 -0.025750290475749064 39.182847381386509 -0.0038184217425635716 0.0040204805330248889 -0.038213504300715045 0.62664647686094643 -1.5889878141362512 -0.10573984493797428 -0.7321484647137857 0.0014492458458448267 -0.030164982204305659 -0.0050508705977887845
leaf_weight=522 736 1848 162 56 846 12051 1527 2236 109 778 198 1288 970 15387
leaf_count=522 736 1848 162 56 846 12051 1527 2236 109 778 198 1288 970 15387
internal_value=-0.000833441 -0.000340476 -0.0280406 -5.37679e-05 -0.00692502 -9.61618e-05 0.000226573 0.00278282 0.00477522 -0.00217631 0.00545305 -0.00390036 -0.00237132 -0.000153044
internal_weight=38714 38030 684 36448 1582 36392 31508 4070 2543 4884 2434 3036 2258 27438
internal_count=38714 38030 684 36448 1582 36392 31508 4070 2543 4884 2434 3036 2258 27438
cat_boundaries=0 1 2 3 4
cat_threshold=21394 21265 8 11744
is_linear=0
shrinkage=0.035


Tree=163
num_leaves=15
num_cat=3
split_feature=10 1 16 0 30 4 23 32 16 0 33 21 22 32
split_gain=418.64 52.4605 37.5882 32.1438 20.1179 24.5937 21.6928 18.3298 17.5676 16.4682 15.5498 21.1592 17.4906 24.2103
threshold=1.8708333333333333 3.0500000000000003 0.382316935368824 3075.0000000000005 -0.91595872546125101 219.00000000000003 1.3717171323236954 0 174.91494531697296 5.0500000000000007 1 1037.643633540373 0.98221220009835319 2
decision_type=10 8 8 10 2 10 10 1 10 10 1 2 10 1
left_child=2 9 -1 4 7 8 -7 -3 10 -2 11 -6 13 -12
right_child=1 3 -4 -5 5 6 -8 -9 -10 -11 12 -13 -14 -15
leaf_value=-0.021032755887163211 -0.013116379118451284 0.0022942208349007133 -0.024849030309097842 37.811447723037972 -0.011593232069822755 0.093413492253924924 1.0580875775050749 -0.020643918283153546 -0.96079846255628631 0.017353732493564689 0.010838184602665068 0.0086393544282861983 -0.0086109539257954049 -0.0061177120605890875
leaf_weight=522 575 1895 162 56 3595 4034 628 3162 149 51 2623 9305 8510 3447
leaf_count=522 575 1895 162 56 3595 4034 628 3162 149 51 2623 9305 8510 3447
internal_value=-0.000799091 -0.000309189 -0.0278374 -0.000140341 -0.000181779 0.000139801 0.00248982 -0.00223331 -0.000257111 -0.010317 -0.000191013 0.000693767 -0.000973621 0.000460905
internal_weight=38714 38030 684 37404 37348 32291 4662 5057 27629 626 27480 12900 14580 6070
internal_count=38714 38030 684 37404 37348 32291 4662 5057 27629 626 27480 12900 14580 6070
cat_boundaries=0 1 2 3
cat_threshold=21265 10 25987
is_linear=0
shrinkage=0.035


Tree=164
num_leaves=15
num_cat=2
split_feature=13 1 16 0 0 23 14 22 32 23 23 23 29 32
split_gain=407.871 56.1655 33.9854 31.9555 21.4709 18.7819 25.9038 25.2319 24.5532 23.1615 22.9228 21.4698 21.3602 20.4377
threshold=1.6250000000000002 4.9500000000000011 0.382316935368824 3075.0000000000005 3.0500000000000003 0.56849446083308608 742.00000000000011 0.95261715913436085 0 0.12511141722712912 1.3717171323236954 0.86277558050036973 -0.73866753694953124 1
decision_type=10 8 8 10 10 8 10 10 1 10 8 10 2 1
left_child=2 4 -1 5 -2 9 7 8 12 -3 -8 -10 -7 -11
right_child=1 3 -4 -5 -6 6 10 -9 11 13 -12 -13 -14 -15
leaf_value=-0.0202966094311125 -0.010513357015914018 0.32022209688508407 -0.030078525638709434 36.488047052731652 -0.0035325528639680286 0.073023847423364707 0.18386949206698036 -0.004701978644866274 -0.0076651902200086889 -0.014139878016856004 3.3570079232863486 0.012291499547090667 0.015856748489134233 -0.064025383972813502
leaf_weight=489 780 104 147 56 842 920 674 22268 4360 949 440 2638 3200 847
leaf_count=489 780 104 147 56 842 920 674 22268 4360 949 440 2638 3200 847
internal_value=-0.000815362 -0.000349237 -0.0285023 -6.52752e-05 -0.00671174 -0.000107678 7.9119e-05 -9.64332e-05 0.00126495 -0.00349081 0.00531725 0 0.00340266 -0.00443087
internal_weight=38714 38078 636 36456 1622 36400 34500 33386 11118 1900 1114 6998 4120 1796
internal_count=38714 38078 636 36456 1622 36400 34500 33386 11118 1900 1114 6998 4120 1796
cat_boundaries=0 1 2
cat_threshold=9606 54539
is_linear=0
shrinkage=0.035


Tree=165
num_leaves=15
num_cat=3
split_feature=13 1 16 13 0 26 30 16 4 13 32 33 16 32
split_gain=408.51 54.292 33.9854 29.1119 20.9673 18.1583 19.0939 22.9684 20.7584 24.5452 18.8933 17.6165 16.097 25.7691
threshold=1.6250000000000002 4.9500000000000011 0.382316935368824 2775.0000000000005 3.0500000000000003 13.500000000000002 -0.91595872546125101 22.02763400036045 2215.0000000000005 1178.7500000000002 0 1 2.289078591975525 2
decision_type=10 8 8 10 10 2 2 10 10 10 1 1 10 1
left_child=2 4 -1 5 -2 10 11 -8 9 -9 -3 -7 -13 -14
right_child=1 3 -4 -5 -6 6 7 8 -10 -11 -12 12 13 -15
leaf_value=-0.019586228101023558 -0.010145389520357026 -0.086826344588130502 -0.029025777241354602 30.759986140504065 -0.0034089135137291551 0.0003453146033467558 -0.00088409740522973576 0.10370940281171859 -1.9124841814072102 3.627301720861722 -0.022955122403608998 0.0029727913795446173 -0.074706291531426147 -0.042578672042876298
leaf_weight=489 780 256 147 85 842 2431 23666 6660 93 370 444 450 433 1568
leaf_count=489 780 256 147 85 842 2431 23666 6660 93 370 444 450 433 1568
internal_value=-0.000793667 -0.00032718 -0.0285023 -4.79965e-05 -0.00658267 -9.71795e-05 1.27537e-05 0.000335293 0.00207702 0.00229851 -0.00565957 -0.00201964 -0.00410178 -0.00546112
internal_weight=38714 38078 636 36456 1622 36371 35671 30789 7123 7030 700 4882 2451 2001
internal_count=38714 38078 636 36456 1622 36371 35671 30789 7123 7030 700 4882 2451 2001
cat_boundaries=0 1 2 3
cat_threshold=55809 6 8416
is_linear=0
shrinkage=0.035


Tree=166
num_leaves=15
num_cat=2
split_feature=13 1 16 13 26 32 30 16 4 32 23 23 6 11
split_gain=408.99 46.6536 33.9854 29.1231 18.1332 18.8933 18.2229 22.5097 21.0813 22.5414 17.9835 17.6383 21.7668 18.2104
threshold=1.6250000000000002 4.9500000000000011 0.382316935368824 2775.0000000000005 13.500000000000002 0 -0.91595872546125101 42.653643129910044 2215.0000000000005 1 1.3792563008520036 1.5262117642049531 230.50000000000003 495.12142857142868
decision_type=10 8 8 10 2 1 2 10 10 1 10 10 8 8
left_child=2 10 -1 4 5 -3 -6 -8 9 -9 -2 12 13 -11
right_child=1 3 -4 -5 6 -7 7 8 -10 11 -12 -13 -14 -15
leaf_value=-0.018900710117487736 -0.0066118590690784698 -0.083787422527545868 -0.028009875037907188 29.683386625586415 -0.01073025104774359 -0.022151693119482695 -0.00025377245908984826 -0.04900051825125374 -1.8455472350579545 -0.028815086749260106 0.0091078592206280309 1.3134700787607507 0.61881516050154595 -2.8141834821319098
leaf_weight=489 1502 256 147 85 4882 444 26944 1203 93 381 120 498 1616 54
leaf_count=489 1502 256 147 85 4882 444 26944 1203 93 381 120 498 1616 54
internal_value=-0.000777396 -0.000310637 -0.0285023 -5.18362e-05 -0.000101028 -0.00565957 8.82947e-06 0.000323927 0.00282727 0.00324195 -0.0061094 0.00509165 0.00366002 -0.00326136
internal_weight=38714 38078 636 36456 36371 700 35671 30789 3845 3752 1622 2549 2051 435
internal_count=38714 38078 636 36456 36371 700 35671 30789 3845 3752 1622 2549 2051 435
cat_boundaries=0 1 2
cat_threshold=55809 4498
is_linear=0
shrinkage=0.035


Tree=167
num_leaves=15
num_cat=3
split_feature=13 1 16 13 0 26 29 0 23 32 24 32 33 22
split_gain=409.577 40.2892 33.9854 29.1175 18.4533 17.8641 22.4534 17.7199 26.2241 16.1401 15.7798 37.5168 27.5993 20.5408
threshold=1.6250000000000002 4.9500000000000011 0.382316935368824 2775.0000000000005 3.0500000000000003 10.500000000000002 0.1169228398841501 769.50000000000011 0.95190443347657216 0 1.0000000180025095e-35 1 2 0.99573390638366666
decision_type=10 8 8 10 10 2 2 10 10 1 2 1 1 8
left_child=2 4 -1 5 -2 6 9 10 -9 -3 11 12 -7 -12
right_child=1 3 -4 -5 -6 7 -8 8 -10 -11 13 -13 -14 -15
leaf_value=-0.018239185263375663 -0.0095588858197267878 -0.084476503391305288 -0.027029529411580433 28.644468093690886 -0.0030581864733308954 0.077474127513124699 -0.21143727857156605 -0.6133341984388051 1.6589604322533451 0.050441364860404153 0.0021683935598983254 -0.0048714274479322132 0.0061840645245635536 -0.0081684947306344836
leaf_weight=489 780 108 147 85 842 1190 204 227 798 212 14030 2921 1227 15454
leaf_count=489 780 108 147 85 842 1190 204 227 798 212 14030 2921 1227 15454
internal_value=-0.000757509 -0.000290418 -0.0285023 -4.99163e-05 -0.00567916 -9.91038e-05 -0.00648393 -4.88118e-06 0.00451942 -0.000646154 -0.000138686 0.00161145 0.00482113 -0.000455763
internal_weight=38714 38078 636 36456 1622 36371 524 35847 1025 320 34822 5338 2417 29484
internal_count=38714 38078 636 36456 1622 36371 524 35847 1025 320 34822 5338 2417 29484
cat_boundaries=0 1 2 3
cat_threshold=23048 23590 3
is_linear=0
shrinkage=0.035


Tree=168
num_leaves=15
num_cat=3
split_feature=13 16 1 13 0 24 32 32 24 9 16 2 24 32
split_gain=410.218 33.9854 32.6561 29.1231 17.9416 17.4207 28.9688 24.5245 19.8683 33.6555 17.9619 17.8083 17.664 36.497
threshold=1.6250000000000002 0.382316935368824 4.9500000000000011 2775.0000000000005 1.8500000000000003 4.5000000000000009 0 1 1.0000000180025095e-35 1532.5000000000002 2.041241452319317 12.100000000000001 5.5000000000000009 2
decision_type=10 8 8 10 8 2 1 1 2 8 10 8 2 1
left_child=1 -1 4 5 -2 7 12 8 9 -4 11 -8 -7 -14
right_child=2 -3 3 -5 -6 6 10 -9 -10 -11 -12 -13 13 -15
leaf_value=-0.017600813779157513 -0.013695042803312893 -0.026083495882175123 1.8609348390686915 27.641911710411698 -0.0045465502690624771 -0.017044729825896426 -0.00038712745045060842 0.00015982996875968383 0.040978948415952635 0.12361983823386283 -0.0064930433929368727 0.021657873575291923 -0.86105465241746093 -0.02673274843185142
leaf_weight=489 87 147 105 85 1535 2414 444 26242 1524 265 3627 445 189 1116
leaf_count=489 87 147 105 85 1535 2414 444 26242 1524 265 3627 445 189 1116
internal_value=-0.000735814 -0.0285023 -0.000268361 -5.18362e-05 -0.00511985 -0.000101028 -0.00151638 0.000313422 0.00414353 0.0113867 0.000370779 0.00481544 -0.0037962 -0.00708015
internal_weight=38714 636 38078 36456 1622 36371 8235 28136 1894 370 4516 889 3719 1305
internal_count=38714 636 38078 36456 1622 36371 8235 28136 1894 370 4516 889 3719 1305
cat_boundaries=0 1 2 3
cat_threshold=37934 1024 1024
is_linear=0
shrinkage=0.035


Tree=169
num_leaves=15
num_cat=4
split_feature=13 16 1 13 23 0 22 32 23 32 32 32 23 16
split_gain=385.172 34.451 32.6313 29.1287 18.4679 21.8273 23.1705 25.2564 44.3149 58.6887 23.7123 21.8268 20.4082 22.1953
threshold=1.6250000000000002 0.382316935368824 4.9500000000000011 2775.0000000000005 0.56849446083308608 741.00000000000011 0.98662155032868115 0 1.0007559119059246 1 2 3 0.12511141722712912 3.4448028487374165
decision_type=10 8 8 10 8 10 10 1 8 1 1 1 10 10
left_child=1 -1 -2 4 12 6 10 -8 9 -9 -6 -10 -4 -14
right_child=2 -3 3 -5 5 -7 7 8 11 -11 -12 -13 13 -15
leaf_value=-0.016984785296887003 -0.0054357354251971506 -0.025170573526298992 0.28361576857536597 26.674444800547295 0.018939343172335261 0.90014108779177382 -0.01705590370556373 -0.061408421835742931 0.012521007522777242 -0.00018283475675855867 -0.0011997933841441722 -0.0065887477258743934 0.011091076286770396 -0.075113480920450781
leaf_weight=489 1622 147 103 85 6399 1080 6111 905 5844 1563 7857 4716 272 1521
leaf_count=489 1622 147 103 85 6399 1080 6111 905 5844 1563 7857 4716 272 1521
internal_value=-0.000723159 -0.0276287 -0.000270199 -5.37561e-05 -0.000102952 8.22216e-05 -7.6497e-05 -0.000872075 0 -0.00421755 0.000991515 0.000987222 -0.00346134 -0.00434093
internal_weight=38714 636 38078 36456 36371 34475 33395 19139 13028 2468 14256 10560 1896 1793
internal_count=38714 636 38078 36456 36371 34475 33395 19139 13028 2468 14256 10560 1896 1793
cat_boundaries=0 1 2 3 4
cat_threshold=16647 37056 25990 39136
is_linear=0
shrinkage=0.035


Tree=170
num_leaves=15
num_cat=3
split_feature=13 16 0 0 24 32 32 24 0 26 24 32 2 23
split_gain=382.362 36.2339 35.9625 29.2425 20.0061 33.9034 22.9896 22.4965 33.5765 21.1698 18.7943 19.3739 18.5506 16.8635
threshold=1.6250000000000002 0.382316935368824 3.0500000000000003 3075.0000000000005 4.5000000000000009 0 1 1.0000000180025095e-35 34.900000000000006 280.50000000000006 5.5000000000000009 2 8.5500000000000025 0.66903496178853394
decision_type=10 8 8 10 2 1 1 2 10 2 2 1 10 8
left_child=1 -1 -2 4 6 9 7 8 -4 10 -6 -12 -8 -7
right_child=2 -3 3 -5 5 13 12 -9 -10 -11 11 -13 -14 -15
leaf_value=-0.016390317811495959 -0.0080813897486076217 -0.024289603452878526 0.059307734956876093 30.191818497910106 -0.022170986900320717 -0.053846816947702367 -0.0036692694602318459 0.035766419199217095 1.7984310915335036 0.0044195435612437934 -0.8895503028226911 -0.032381791517651803 0.0040926976695881126 0.0034060638515963863
leaf_weight=489 683 147 244 56 1553 438 7511 1534 135 808 143 638 19470 4865
leaf_count=489 683 147 244 56 1553 438 7511 1534 135 808 143 638 19470 4865
internal_value=-0.000712312 -0.0275195 -0.000261009 -0.000115107 -0.000154643 -0.00165266 0.000283401 0.00397562 0.0115755 -0.00452328 -0.00622488 -0.0106425 1.94473e-05 5.92328e-05
internal_weight=38714 636 38078 37395 37339 8445 28894 1913 379 3142 2334 781 26981 5303
internal_count=38714 636 38078 37395 37339 8445 28894 1913 379 3142 2334 781 26981 5303
cat_boundaries=0 1 2 3
cat_threshold=33838 1024 1024
is_linear=0
shrinkage=0.035


Tree=171
num_leaves=15
num_cat=3
split_feature=13 16 0 0 24 32 1 26 2 22 23 32 24 32
split_gain=382.465 36.2339 31.5273 29.2561 18.7693 33.3131 22.0244 19.8614 18.919 16.8637 18.4558 20.7248 16.8289 19.159
threshold=1.6250000000000002 0.382316935368824 3.0500000000000003 3075.0000000000005 4.5000000000000009 0 902.00000000000011 280.50000000000006 8.5500000000000025 0.98369346495744725 0.80485880345389471 1 5.5000000000000009 2
decision_type=10 8 8 10 2 1 10 2 10 10 10 1 2 1
left_child=1 -1 -2 4 6 7 8 12 9 10 11 -4 -6 -14
right_child=2 -3 3 -5 5 -7 -8 -9 -10 -11 -12 -13 13 -15
leaf_value=-0.015816656688093601 -0.0077985411074063477 -0.023439467332027775 0.003933146710181426 29.135104850483259 -0.021395002358809496 0.00036321019021056338 1.9002223807083298 0.0042648595366003008 0.0052360529364952422 -0.0074719261156582705 0.0048438810189132793 -0.017190748198437064 -0.85841604222389722 -0.031248428814534022
leaf_weight=489 683 147 844 56 1553 5303 534 808 20667 4013 1896 940 143 638
leaf_count=489 683 147 844 56 1553 5303 534 808 20667 4013 1896 940 143 638
internal_value=-0.000708696 -0.0275195 -0.000257333 -0.000120722 -0.000160267 -0.00161124 0.000264023 -0.00445676 0.000130795 -0.00135035 0.000360923 -0.00219117 -0.00610517 -0.0102863
internal_weight=38714 636 38078 37395 37339 8445 28894 3142 28360 7693 3680 1784 2334 781
internal_count=38714 636 38078 37395 37339 8445 28894 3142 28360 7693 3680 1784 2334 781
cat_boundaries=0 1 2 3
cat_threshold=33838 13327 1024
is_linear=0
shrinkage=0.035


Tree=172
num_leaves=15
num_cat=3
split_feature=13 16 10 23 0 19 26 33 32 22 23 32 4 16
split_gain=370.763 41.265 25.6483 39.7265 24.2314 18.9194 15.7575 25.2461 21.8921 21.1298 27.7827 21.4784 18.9947 18.7453
threshold=1.6250000000000002 0.382316935368824 1120.2500000000002 1.1573015228033516 3.0500000000000003 1233.7500000000002 227.50000000000003 0 1 0.87470702856986027 0.80061118922177854 2 411.00000000000006 4.7222875812469924
decision_type=10 8 10 8 8 8 2 1 1 10 10 1 8 8
left_child=1 -1 4 -4 -2 6 9 -8 -9 10 11 -6 -10 -13
right_child=2 -3 3 -5 5 -7 7 8 12 -11 -12 13 -14 -15
leaf_value=-0.015263073704010329 -0.0075255921686471312 -0.022619085975406805 -0.68843424348419047 5.3926778241808533 0.020658564497446002 -0.19211616288399264 0.024816488865364906 -0.0088123244420319994 0.0019404473287726277 -0.0067367460598561028 0.022230612528603491 0.0041558698451142732 0.14842466988910749 -0.061407181490051678
leaf_weight=489 683 147 252 387 1051 144 3777 4471 5295 16849 1678 975 845 1671
leaf_count=489 683 147 252 387 1051 144 3777 4471 5295 16849 1678 975 845 1671
internal_value=-0.000685193 -0.0270827 -0.00024079 0.00668478 -0.000359871 -0.000238024 -0.000187345 0.000714931 -0.000161397 -0.000771515 0.00113848 -0.000557807 0.00119415 -0.002236
internal_weight=38714 636 38078 639 37439 36756 36612 14388 10611 22224 5375 3697 6140 2646
internal_count=38714 636 38078 639 37439 36756 36612 14388 10611 22224 5375 3697 6140 2646
cat_boundaries=0 1 2 3
cat_threshold=2 53779 391
is_linear=0
shrinkage=0.035


Tree=173
num_leaves=15
num_cat=2
split_feature=13 16 23 5 14 24 32 30 32 24 0 16 4 0
split_gain=371.119 41.265 25.0411 30.5908 26.2357 20.1934 31.7156 18.1267 19.9788 18.8107 27.643 17.9919 21.0636 17.8092
threshold=1.6250000000000002 0.382316935368824 1.5422963716391982 4.4500000000000011 632.75000000000011 4.5000000000000009 0 -0.99864786094873803 1 1.0000000180025095e-35 29.900000000000002 2.041241452319317 17.550000000000004 27.100000000000005
decision_type=10 8 10 8 10 2 1 2 1 2 10 10 10 8
left_child=1 -1 3 -2 -4 7 -7 -5 9 10 -9 12 -8 -13
right_child=2 -3 4 5 -6 6 11 8 -10 -11 -12 13 -14 -15
leaf_value=-0.014728866124369971 -0.0066355156003290545 -0.021827417966267568 0.019106126434175811 -0.053898177103254882 4.3254871440251899 -0.031421820888598517 0.00058628394564815619 0.049904921995988782 0.00026069835346373085 0.033759291179761425 1.3665583387006377 -0.022864110548384914 0.031873096812981561 -0.0037252886984394354
leaf_weight=489 1450 147 2305 414 201 2430 659 232 24217 1421 141 700 304 3604
leaf_count=489 1450 147 2305 414 201 2430 659 232 24217 1421 141 700 304 3604
internal_value=-0.000672538 -0.0270827 -0.000227923 -0.000466313 0.00315014 -0.000254344 -0.00183134 0.000205259 0.000321533 0.00386954 0.0108333 -0.000298183 0.00401343 -0.00126712
internal_weight=38714 636 38078 35572 2506 34122 7697 26425 26011 1794 373 5267 963 4304
internal_count=38714 636 38078 35572 2506 34122 7697 26425 26011 1794 373 5267 963 4304
cat_boundaries=0 1 2
cat_threshold=33834 1024
is_linear=0
shrinkage=0.035


Tree=174
num_leaves=15
num_cat=3
split_feature=13 16 0 5 23 22 23 32 16 23 32 32 23 23
split_gain=371.17 41.265 24.2041 22.389 19.6793 22.5498 32.1664 24.902 20.3125 20.2681 101.758 37.7225 36.2955 27.4563
threshold=1.6250000000000002 0.382316935368824 3075.0000000000005 4.4500000000000011 0.56849446083308608 0.86983061520290039 0.85340597550748176 0 22.02763400036045 0.87274330136510581 1 2 1.1932233253255116 1.0388652842740893
decision_type=10 8 10 8 8 10 10 1 10 8 1 1 10 10
left_child=1 -1 3 -2 -5 6 -6 -8 -9 10 -7 12 -11 -13
right_child=2 -3 -4 4 5 9 7 8 -10 11 -12 13 -14 -15
leaf_value=-0.014213355810017017 -0.0050994511742707086 -0.021063458337448202 27.956765105438059 -0.025121694684795783 0.0028869609179259228 -0.052419405773914213 0.071668119529769245 0.00086441329884826338 0.39694465571463661 0.00062607773771752536 0.010167845356961146 0.001871412926968379 0.036346420454342977 -0.017927514398955451
leaf_weight=489 1640 147 56 1985 4544 1575 526 843 245 8090 2243 6029 3829 6473
leaf_count=489 1640 147 56 1985 4544 1575 526 843 245 8090 2243 6029 3829 6473
internal_value=-0.00067073 -0.0270827 -0.000226085 -0.000261393 -8.07981e-05 0.000114964 0.0020331 0.0062693 0.0031097 -0.000303604 -0.00267329 6.73463e-05 0.0014752 -0.00127507
internal_weight=38714 636 38078 38022 36382 34397 6158 1614 1088 28239 3818 24421 11919 12502
internal_count=38714 636 38078 38022 36382 34397 6158 1614 1088 28239 3818 24421 11919 12502
cat_boundaries=0 1 2 3
cat_threshold=21696 53476 40176
is_linear=0
shrinkage=0.035


Tree=175
num_leaves=15
num_cat=0
split_feature=10 1 0 10 23 16 5 26 29 23 24 23 6 22
split_gain=337.786 33.9899 22.906 22.3266 37.3707 18.4423 17.9528 15.7661 21.6224 15.8272 15.0713 14.2856 16.5698 14.5221
threshold=1.4690476190476194 3.0500000000000003 1.8500000000000003 1120.2500000000002 1.1573015228033516 0.28252191040659963 1330.0000000000002 10.500000000000002 0.1169228398841501 0.85929333515175055 3.5000000000000004 2.4478827479413598 3.8500000000000001 0.99573390638366666
decision_type=10 8 10 10 8 8 10 2 2 10 2 10 8 10
left_child=5 2 -2 6 -5 -1 7 8 9 -3 -10 12 -9 -14
right_child=1 3 -4 4 -6 -7 -8 11 10 -11 -12 -13 13 -15
leaf_value=-0.013715888356666421 -0.010697569742886345 0.051649661960784458 -0.0023825178916479129 -0.66495630749989465 5.126603574701897 -0.020326237295637511 -1.4409917387430884 -0.0079405362379526123 0.0059021138142354799 -0.040159360931013389 -0.2862562077274145 0.11876339903750305 0.0027119287544349114 -0.0042559082491708464
leaf_weight=418 266 128 484 252 387 105 100 737 57 196 151 350 16943 18140
leaf_count=418 266 128 484 252 387 105 100 737 57 196 151 350 16943 18140
internal_value=-0.000634572 -0.000250157 -0.00760265 -0.00010188 0.0063587 -0.0284375 -0.000214905 -0.000173536 -0.00612663 -0.000425532 -0.0147887 -8.51417e-05 -0.000154361 -4.48871e-05
internal_weight=38714 38191 750 37441 639 523 36802 36702 532 324 208 36170 35820 35083
internal_count=38714 38191 750 37441 639 523 36802 36702 532 324 208 36170 35820 35083
is_linear=0
shrinkage=0.035


Tree=176
num_leaves=15
num_cat=4
split_feature=10 1 0 0 16 23 32 22 32 10 22 32 23 32
split_gain=338.094 29.9501 21.4832 19.95 18.4423 17.584 44.9914 37.6932 28.0733 21.286 21.214 27.6519 30.4396 29.8769
threshold=1.4690476190476194 3.0500000000000003 3075.0000000000005 1.8500000000000003 0.28252191040659963 0.78890864595290078 0 0.78756749210265853 1 1120.2500000000002 0.98662155032868115 2 0.99338477696414518 3
decision_type=10 8 10 8 8 8 1 10 1 10 10 1 8 1
left_child=4 3 5 -2 -1 6 -3 -8 -9 10 -7 -12 13 -13
right_child=1 2 -4 -5 -6 9 7 8 -10 -11 11 12 -14 -15
leaf_value=-0.013235832264183098 -0.0098414725812003712 0.01453498582577736 26.900199499571691 -0.0048456722658663217 -0.019614818990290203 0.0054713581370502175 -0.0036941225022411577 -0.11270339175374887 -0.031739420595804362 2.8190056448830583 -0.013988897138064121 -0.043143799707141287 0.0054914648223168437 -0.0026777020588113622
leaf_weight=418 131 2406 56 619 105 11246 1915 240 1810 464 7262 557 10167 1318
leaf_count=418 131 2406 56 619 105 11246 1915 240 1810 464 7262 557 10167 1318
internal_value=-0.000621917 -0.000237329 -9.81413e-05 -0.00713907 -0.0284375 -0.000131987 -0.00180599 -0.0040892 -0.00739173 0.000212128 9.85109e-05 -0.000605417 0.00042382 -0.00366755
internal_weight=38714 38191 37441 750 523 37385 6371 3965 2050 31014 30550 19304 12042 1875
internal_count=38714 38191 37441 750 523 37385 6371 3965 2050 31014 30550 19304 12042 1875
cat_boundaries=0 1 2 3 4
cat_threshold=9993 128 17671 32960
is_linear=0
shrinkage=0.035


Tree=177
num_leaves=15
num_cat=3
split_feature=10 1 0 0 16 23 32 22 32 23 16 32 23 22
split_gain=338.006 28.3314 21.4987 19.6645 18.4423 16.0766 42.3539 32.2981 26.3254 23.5713 22.3036 18.9362 38.9812 24.5848
threshold=1.4690476190476194 3.0500000000000003 3075.0000000000005 1.5500000000000003 0.28252191040659963 0.78890864595290078 0 0.77798942527735704 1 0.50008336112037355 3.5590260840104384 2 0.95891931339607439 1.0254938120521404
decision_type=10 8 10 8 8 8 1 10 1 10 10 1 10 10
left_child=4 3 5 -2 -1 6 -3 9 10 -8 -9 12 -7 -13
right_child=1 2 -4 -5 -6 11 7 8 -10 -11 -12 13 -14 -15
leaf_value=-0.012772578134936693 -0.011076681940997885 0.018503974748577512 25.958692517086689 -0.004676073736560993 -0.018928300325630042 -0.0058002918297160736 -0.032655447066329127 -0.00059662520735162875 -0.021901840875811287 0.011509386397876025 -0.12215051710102029 0.0033731468859588758 0.015788926020852578 -0.010780341963606574
leaf_weight=418 89 2012 56 661 105 4690 660 175 1609 1337 578 9324 7179 9821
leaf_count=418 89 2012 56 661 105 4690 660 175 1609 1337 578 9324 7179 9821
internal_value=-0.000625533 -0.000240994 -0.000105619 -0.00695364 -0.0284375 -0.000139476 -0.00174012 -0.00367284 -0.00644698 -0.000402098 -0.0118034 0.000189561 0.00128702 -0.000491388
internal_weight=38714 38191 37441 750 523 37385 6371 4359 2362 1997 753 31014 11869 19145
internal_count=38714 38191 37441 750 523 37385 6371 4359 2362 1997 753 31014 11869 19145
cat_boundaries=0 1 2 3
cat_threshold=9481 20672 7392
is_linear=0
shrinkage=0.035


Tree=178
num_leaves=15
num_cat=2
split_feature=13 16 23 5 14 24 32 16 4 0 2 33 20 2
split_gain=342.379 36.2177 21.0329 22.8938 22.3226 18.9296 29.3038 16.1221 21.0106 16.2161 14.5644 14.2736 13.7428 14.3601
threshold=1.6250000000000002 0.28252191040659963 1.5422963716391982 4.4500000000000011 671.25000000000011 4.5000000000000009 0 2.041241452319317 17.550000000000004 27.100000000000005 1656.5000000000002 1 850.41666666666686 33.100000000000009
decision_type=10 8 10 8 10 2 1 10 10 8 10 1 10 10
left_child=1 -1 3 -2 11 10 -7 8 -8 -9 -5 -4 -11 -14
right_child=2 -3 4 5 -6 6 7 9 -10 12 -12 -13 13 -15
leaf_value=-0.012325537900213911 -0.0055985897093232756 -0.015532291365918076 0.067875575445599814 0.00070488825231631582 4.2706634375443775 -0.029353444343103333 0.00066778156877219004 -0.021425212711643129 0.03053306347350206 -0.088199513130290827 4.3438158818079886 -0.0079527945062665834 0.031375128558083172 -0.013263023803521784
leaf_weight=475 1450 161 1240 26237 192 2430 659 700 304 260 188 1074 592 2752
leaf_count=475 1450 161 1240 26237 192 2430 659 700 304 260 188 1074 592 2752
internal_value=-0.000623725 -0.0259906 -0.000196676 -0.000415156 0.00289924 -0.000231781 -0.00175863 -0.00028493 0.00379649 -0.00120214 0.000213205 0.00193187 -0.000252147 0.00035533
internal_weight=38714 636 38078 35572 2506 34122 7697 5267 963 4304 26425 2314 3604 3344
internal_count=38714 636 38078 35572 2506 34122 7697 5267 963 4304 26425 2314 3604 3344
cat_boundaries=0 1 2
cat_threshold=33834 10
is_linear=0
shrinkage=0.035


Tree=179
num_leaves=15
num_cat=2
split_feature=10 1 0 0 16 24 32 2 32 2 26 0 24 23
split_gain=338.182 26.0915 19.1841 18.4638 18.4423 15.2015 25.8512 18.4592 14.3894 17.4104 20.1119 19.7143 16.9405 15.9012
threshold=1.4690476190476194 3.0500000000000003 3075.0000000000005 1.5500000000000003 0.28252191040659963 4.5000000000000009 0 8.5500000000000025 1 380.50000000000006 341.50000000000006 105.30000000000001 1.0000000180025095e-35 0.86944013733843184
decision_type=10 8 10 8 8 2 1 10 1 10 2 8 2 8
left_child=4 3 5 -2 -1 7 -7 -3 9 11 12 -9 -11 -10
right_child=1 2 -4 -5 -6 6 -8 8 13 10 -12 -13 -14 -15
leaf_value=-0.011894144073706427 -0.010493047433236645 -0.0032789718020085081 24.899384890899992 -0.0043002804981494913 -0.017722179616425859 -0.021805379145272259 0.0016053791738000014 0.019870195981969253 -0.015434332128977456 2.0783735120682256 -0.53029415470674457 -0.0070309770320379182 0.68435986379810687 0.0054719240460249811
leaf_weight=418 89 7852 56 661 105 3827 4613 3366 3276 228 155 2757 722 10589
leaf_count=418 89 7852 56 661 105 3827 4613 3366 3276 228 155 2757 722 10589
internal_value=-0.000618301 -0.000233663 -0.000103749 -0.0066755 -0.0284375 -0.000135731 -0.00144227 0.000245423 0.000784672 0.00204887 0.00608559 0.00131935 0.00798953 0.000123559
internal_weight=38714 38191 37441 750 523 37385 8440 28945 21093 7228 1105 6123 950 13865
internal_count=38714 38191 37441 750 523 37385 8440 28945 21093 7228 1105 6123 950 13865
cat_boundaries=0 1 2
cat_threshold=37934 36129
is_linear=0
shrinkage=0.035


Tree=180
num_leaves=15
num_cat=4
split_feature=10 1 16 0 0 24 32 33 26 23 21 32 0 32
split_gain=335.01 23.887 20.0848 19.6572 19.1951 14.4556 56.1307 20.7815 26.9559 24.1753 18.4354 17.4867 18.7957 17.0825
threshold=1.4690476190476194 3.0500000000000003 0.28252191040659963 1.8500000000000003 3075.0000000000005 5.5000000000000009 0 1 313.50000000000006 2.1500351723444884 1069.1833333333336 2 40.250000000000007 3
decision_type=10 8 8 10 10 2 1 1 2 10 2 1 10 1
left_child=2 3 -1 -2 5 7 -7 8 11 -9 -8 12 -3 -12
right_child=1 4 -4 -5 -6 6 10 9 -10 -11 13 -13 -14 -15
leaf_value=-0.011477849031126704 -0.0094181200535508342 0.0060523796571251695 -0.01710190332985095 -0.0016885204784759047 24.027906419718494 -0.82662893669587745 -0.053475428975380698 -0.0026927718674528123 0.065400592056531759 0.12810802593682449 0.019369653366442263 0.012969230249704956 -0.098730377021039276 -0.0095976351435533101
leaf_weight=418 266 1383 105 484 56 190 458 24935 1322 490 496 5218 1008 1885
leaf_count=418 266 1383 105 484 56 190 458 24935 1322 490 496 5218 1008 1885
internal_value=-0.000616493 -0.000233663 -0.0283049 -0.00639735 -0.000109357 -0.000141348 -0.00245715 6.3153e-05 0.00151408 -0.000447131 -0.00116503 0.000712503 -0.00176018 7.33445e-05
internal_weight=38714 38191 523 750 37441 37385 3029 34356 8931 25425 2839 7609 2391 2381
internal_count=38714 38191 523 750 37441 37385 3029 34356 8931 25425 2839 7609 2391 2381
cat_boundaries=0 1 2 3 4
cat_threshold=1024 2 535 2112
is_linear=0
shrinkage=0.035


Tree=181
num_leaves=15
num_cat=0
split_feature=10 1 16 0 0 26 29 23 30 19 1 16 17 22
split_gain=335.272 22.5541 20.0848 19.6835 19.1804 13.956 18.7545 15.8272 14.5912 18.4503 20.485 17.6328 17.0886 19.3727
threshold=1.4690476190476194 3.0500000000000003 0.28252191040659963 1.5500000000000003 3075.0000000000005 10.500000000000002 0.1169228398841501 0.85929333515175055 -0.91595872546125101 215.87500000000003 159.50000000000003 22.02763400036045 30.230663115524855 1.0727995663340493
decision_type=10 8 8 8 10 2 2 10 2 8 10 10 10 10
left_child=2 3 -1 -2 5 6 7 -3 9 10 12 -10 13 -7
right_child=1 4 -4 -5 -6 8 -8 -9 11 -11 -12 -13 -14 -15
leaf_value=-0.01107612431503727 -0.0097961565711990797 0.049723748689143345 -0.016503336713306165 -0.004090672463967604 23.186929695028351 0.0013102897646065472 -0.19079021642188823 -0.038422071247205307 -0.00070956496572411438 -0.37110377648226522 0.12744564849900783 0.10932725348204281 -0.1901214121077964 -0.02478129320248211
leaf_weight=418 89 128 105 661 56 2882 208 196 24591 846 281 7204 277 772
leaf_count=418 89 128 105 661 56 2882 208 196 24591 846 281 7204 277 772
internal_value=-0.000605646 -0.000222667 -0.0283049 -0.00621192 -0.00010188 -0.000133859 -0.00573557 -0.000425532 -5.22275e-05 -0.00179735 -0.000846573 0.000225629 -0.00150279 -0.000860891
internal_weight=38714 38191 523 750 37441 37385 532 324 36853 5058 4212 31795 3931 3654
internal_count=38714 38191 523 750 37441 37385 532 324 36853 5058 4212 31795 3931 3654
is_linear=0
shrinkage=0.035


Tree=182
num_leaves=15
num_cat=1
split_feature=10 1 16 0 0 23 22 23 0 32 16 3 23 6
split_gain=335.754 22.011 20.0848 19.9316 19.1439 14.1237 21.0867 27.0751 22.7414 18.006 18.2464 17.3862 18.5996 17.1413
threshold=1.4690476190476194 3.0500000000000003 0.28252191040659963 1.5500000000000003 3075.0000000000005 0.56849446083308608 0.86983061520290039 0.86277558050036973 76.800000000000011 0 1.2649110640673664 3550.0000000000005 1.5422963716391982 149.75000000000003
decision_type=10 8 8 8 10 8 10 10 10 1 10 8 10 10
left_child=2 3 -1 -2 5 9 7 -7 -9 -3 -11 12 -8 -14
right_child=1 4 -4 -5 -6 6 11 8 -10 10 -12 -13 13 -15
leaf_value=-0.010688459964010967 -0.0094532910912071069 0.0067203573095348289 -0.015925719928340454 -0.0039474989277287322 22.375387155702349 0.0034577580670482381 -0.0018854621590072497 0.010046073606026185 0.29071616235986009 0.0094097960692803989 -0.058256200052460197 -0.020819800249667397 0.015092997026538451 1.3957358283752901
leaf_weight=418 89 750 105 661 56 4657 25420 977 540 93 1126 1509 1943 370
leaf_count=418 89 750 105 661 56 4657 25420 977 540 93 1126 1509 1943 370
internal_value=-0.000585759 -0.000202508 -0.0283049 -0.00611921 -8.31865e-05 -0.000115138 4.54533e-05 0.00190322 0.00595598 -0.00299645 -0.00558752 -0.000347044 -0.000147631 0.00285375
internal_weight=38714 38191 523 750 37441 37385 35416 6174 1517 1969 1219 29242 27733 2313
internal_count=38714 38191 523 750 37441 37385 35416 6174 1517 1969 1219 29242 27733 2313
cat_boundaries=0 1
cat_threshold=34057
is_linear=0
shrinkage=0.035


Tree=183
num_leaves=15
num_cat=3
split_feature=13 16 0 23 32 22 23 4 3 32 22 23 26 32
split_gain=282.19 27.3372 19.3152 17.4779 22.8463 20.5699 21.3739 20.9786 21.4112 22.1926 18.595 17.9016 17.4093 17.2545
threshold=1.6250000000000002 0.382316935368824 3075.0000000000005 0.61501053389950788 0 0.92933181675757115 1.0253190829747101 751.00000000000011 832.50000000000011 1 0.78756749210265853 2.4478827479413598 330.50000000000006 2
decision_type=10 8 10 8 1 10 10 10 8 1 10 10 2 1
left_child=1 -1 3 4 10 6 13 8 9 12 -2 -11 -7 -5
right_child=2 -3 -4 5 -6 7 -8 -9 -10 11 -12 -13 -14 -15
leaf_value=-0.010314363865270584 -0.02220497919458931 -0.015368319730848536 21.592248605252767 0.012011036256731823 -0.0012443667313858887 -0.0099139575661479108 0.031683790483439604 1.2587025169056367 -0.022954862160163025 0.00081904295465466963 -0.11545873150807395 0.1940771170898897 0.017089669018937742 -0.0040751131308843737
leaf_weight=489 771 147 56 4166 1656 6191 1149 648 1473 16331 268 221 836 4312
leaf_count=489 771 147 56 4166 1656 6191 1149 648 1473 16331 268 221 836 4312
internal_value=-0.00055864 -0.0235881 -0.000170942 -0.000202488 -0.00291667 4.95302e-06 0.00138445 -0.000511963 -0.000673265 -0.00041702 -0.00694023 0.000283093 -0.00206262 0.000775669
internal_weight=38714 636 38078 38022 2695 35327 9627 25700 25052 23579 1039 16552 7027 8478
internal_count=38714 636 38078 38022 2695 35327 9627 25700 25052 23579 1039 16552 7027 8478
cat_boundaries=0 1 2 3
cat_threshold=6864 33287 29063
is_linear=0
shrinkage=0.035


Tree=184
num_leaves=15
num_cat=4
split_feature=10 1 0 26 24 32 33 23 32 32 22 23 26 8
split_gain=278.7 19.479 19.1184 17.5609 14.2562 34.3732 24.7748 20.3466 41.8251 34.5976 28.8604 43.2028 22.2989 27.3597
threshold=1.4690476190476194 3.0500000000000003 3075.0000000000005 237.50000000000003 1.0000000180025095e-35 0 1 0.83341372435526406 2 3 0.9153584040122037 0.9960766088449472 280.50000000000006 3.4665728336232831
decision_type=10 8 10 2 2 1 1 10 1 1 10 10 2 2
left_child=3 -2 4 -1 5 6 -3 9 10 -6 -9 -12 13 -10
right_child=1 2 -4 -5 7 -7 -8 8 12 -11 11 -13 -14 -15
leaf_value=-0.011896964718732878 -0.0048872632944101119 0.062337826925738651 20.836519904068922 -0.007141893583429937 0.0035123998239201628 -0.0040360578576353673 0.005865572696379784 0.052139432750882037 0.001615802603399399 -0.020505461783027003 -0.035384853936841557 0.029206966955647611 0.011309983613563265 -0.021950394020127783
leaf_weight=443 750 1288 56 80 4423 3115 1303 432 3649 5284 503 1541 4970 10877
leaf_count=443 750 1288 56 80 4423 3115 1303 432 3649 5284 503 1541 4970 10877
internal_value=-0.000531522 -0.000182349 -7.01009e-05 -0.025786 -0.000102033 0.00150762 0.00447237 -0.000392154 0.000197479 -0.00172621 0.00446809 0.00273304 -0.000348009 -0.00104053
internal_weight=38714 38191 37441 523 37385 5706 2591 31679 21972 9707 2476 2044 19496 14526
internal_count=38714 38191 37441 523 37385 5706 2591 31679 21972 9707 2476 2044 19496 14526
cat_boundaries=0 1 2 3 4
cat_threshold=23590 3 192 24859
is_linear=0
shrinkage=0.035


Tree=185
num_leaves=15
num_cat=3
split_feature=10 0 1 26 30 26 32 17 16 0 0 32 24 32
split_gain=278.979 19.3123 18.7081 17.5609 13.8239 16.6025 19.5947 17.6945 14.4413 36.291 27.4008 24.1429 22.0422 22.0748
threshold=1.4690476190476194 3075.0000000000005 3.0500000000000003 237.50000000000003 0.97461712852231652 301.50000000000006 0 0.80209743248421295 3.4022051672407625 29.900000000000002 44.100000000000009 1 1.0000000180025095e-35 2
decision_type=10 10 8 2 2 2 1 10 10 8 8 1 2 1
left_child=3 2 -2 -1 5 8 7 -7 10 11 -4 -10 -11 -14
right_child=1 -3 4 -5 -6 6 -8 -9 9 12 -12 -13 13 -15
leaf_value=-0.01148057095357723 -0.0047162090791057617 20.107241707426503 0.0030845539398579548 -0.0068919273080098875 -0.021721904163166859 -0.015108105823364954 0.0018959357311813198 0.057922486693721055 -0.046648915141513078 0.047578730669570107 -0.0057764028171192819 -0.01498736897871635 0.01078488028465131 -0.034453157370016078
leaf_weight=443 750 56 7203 80 2172 72 3391 1875 1103 2871 2034 1812 7097 7755
leaf_count=443 750 56 7203 80 2172 72 3391 1875 1103 2871 2034 1812 7097 7755
internal_value=-0.000518867 -0.00016952 -0.00020097 -0.025786 -9.07997e-05 7.65234e-05 0.00187348 0.00465596 -0.000244813 -0.00075958 0.000905107 -0.004375 -0.000163865 -0.000706738
internal_weight=38714 38191 38135 523 37385 35213 5338 1947 29875 20638 9237 2915 17723 14852
internal_count=38714 38191 38135 523 37385 35213 5338 1947 29875 20638 9237 2915 17723 14852
cat_boundaries=0 1 2 3
cat_threshold=36488 14546 43504
is_linear=0
shrinkage=0.035


Tree=186
num_leaves=15
num_cat=2
split_feature=10 0 26 1 23 22 23 23 32 22 23 32 22 24
split_gain=278.78 19.3303 17.5609 17.3969 13.483 19.1028 26.8256 18.7679 19.7297 15.2188 24.4007 30.3391 23.7448 20.3517
threshold=1.4690476190476194 3075.0000000000005 237.50000000000003 3.0500000000000003 2.4478827479413598 1.6556622003351549 2.1500351723444884 1.5422963716391982 0 0.98369346495744725 0.63162713007725302 1 0.70138769421246783 1.0000000180025095e-35
decision_type=10 10 2 8 10 10 8 10 1 10 10 1 10 2
left_child=2 3 -1 -2 5 7 -7 9 -9 10 11 -5 -12 -11
right_child=1 -3 -4 4 -6 6 -8 8 -10 13 12 -13 -14 -15
leaf_value=-0.011078750970202026 -0.0045511417613370601 19.403488247666576 -0.0066507098522295407 -0.031377810059582109 0.11209545617352078 -0.15716167078619364 0.051006105347315554 -0.017044574417453065 0.063256309643690597 0.010537257592155354 0.066967063266463928 -3.5280654620439833e-05 0.0039992057291159096 -0.0070597765369713279
leaf_weight=443 750 56 80 1150 363 459 309 660 998 2912 618 3950 10725 15241
leaf_count=443 750 56 80 1150 363 459 309 660 998 2912 618 3950 10725 15241
internal_value=-0.000527906 -0.000178684 -0.025786 -0.000210147 -0.000103905 -0.000170146 -0.00561449 -5.40555e-05 0.00357787 -0.000228606 0.000542619 -0.00146719 0.00144651 -0.00092714
internal_weight=38714 38191 523 38135 37385 37022 768 36254 1658 34596 16443 5100 11343 18153
internal_count=38714 38191 523 38135 37385 37022 768 36254 1658 34596 16443 5100 11343 18153
cat_boundaries=0 1 2
cat_threshold=12567 6240
is_linear=0
shrinkage=0.035


Tree=187
num_leaves=15
num_cat=4
split_feature=10 0 26 6 23 32 22 23 17 32 22 26 33 32
split_gain=279.299 19.2835 17.5609 17.4073 14.3735 24.3197 17.3338 24.756 21.2787 19.6147 16.3752 15.259 21.9278 19.4775
threshold=1.4690476190476194 3075.0000000000005 237.50000000000003 3.8500000000000001 0.63162713007725302 0 0.86983061520290039 0.86277558050036973 21.219552516768697 1 0.76800471255358482 227.50000000000003 2 3
decision_type=10 10 2 8 8 1 10 10 10 1 10 2 1 1
left_child=2 3 -1 -2 5 10 7 -6 9 -9 -5 -8 -13 -14
right_child=1 -3 -4 4 6 -7 11 8 -10 -11 -12 12 13 -15
leaf_value=-0.010690994686244959 -0.0041933184053649965 18.72436615899824 -0.0064179350074015087 -0.019424574122689726 0.0023803605259631413 0.0016747619872147326 -0.0044569832240906231 -0.036653052268807593 0.34613444759300621 0.016822408289307964 -0.082100128556979471 0.026716597066420048 0.0092877228920261248 -0.0087326158721857464
leaf_weight=443 1201 56 80 831 4081 1687 16630 216 418 888 370 3305 3919 4589
leaf_count=443 1201 56 80 831 4081 1687 16630 216 418 888 370 3305 3919 4589
internal_value=-0.000504404 -0.000154859 -0.025786 -0.000186287 -5.11654e-05 -0.00241963 0.000150069 0.0019285 0.00573019 0.003156 -0.00618832 -0.000200541 0.000761127 -0.000180688
internal_weight=38714 38191 523 38135 36934 2888 34046 5603 1522 1104 1201 28443 11813 8508
internal_count=38714 38191 523 38135 36934 2888 34046 5603 1522 1104 1201 28443 11813 8508
cat_boundaries=0 1 2 3 4
cat_threshold=6354 2824 2 44200
is_linear=0
shrinkage=0.035


Tree=188
num_leaves=15
num_cat=5
split_feature=10 26 14 23 22 23 32 32 32 23 32 22 23 32
split_gain=276.974 17.2503 16.0189 24.6484 14.4571 26.3586 34.0424 21.4141 20.5659 43.3191 45.1519 27.6159 27.0804 22.1304
threshold=1.4690476190476194 237.50000000000003 742.00000000000011 1.3717171323236954 0.98662155032868115 0.78890864595290078 0 1 2 1.0158162444832251 3 1.1189094646024376 1.0723791479413485 4
decision_type=10 2 10 8 10 10 1 1 1 8 1 10 8 1
left_child=1 -1 4 -4 5 6 -2 -7 12 10 11 -10 13 -6
right_child=2 -3 3 -5 8 7 -8 -9 9 -11 -12 -13 -14 -15
leaf_value=-0.010316809872226383 -0.014249952023721982 -0.0061933072821424599 -0.0099964663023621378 2.9876282963186025 0.17105737402153529 0.019195971919387669 0.0029722069538827946 0.00017458636821477747 -0.031723017527074356 0.0032124340388265085 -0.00020283412595181407 -0.098179692475823768 -0.025273282829056699 -0.00873924087963995
leaf_weight=443 3091 80 792 482 560 4481 4953 4239 1223 11659 1880 288 3323 1220
leaf_count=443 3091 80 792 482 560 4481 4953 4239 1223 11659 1880 288 3323 1220
internal_value=-0.000477285 -0.0256534 -0.000129202 0.00372166 -0.000262581 0.00049675 -0.000947944 0.00182923 -0.000894186 -0.00024162 -0.00372055 -0.00818807 -0.00281067 0.000666667
internal_weight=38714 523 38191 1274 36917 16764 8044 8720 20153 15050 3391 1511 5103 1780
internal_count=38714 523 38191 1274 36917 16764 8044 8720 20153 15050 3391 1511 5103 1780
cat_boundaries=0 1 2 3 4 5
cat_threshold=39136 53716 263 53440 256
is_linear=0
shrinkage=0.035


Tree=189
num_leaves=15
num_cat=4
split_feature=10 26 1 0 16 24 32 33 23 22 32 22 32 23
split_gain=276.934 17.2503 16.1049 14.828 12.4511 12.827 31.367 23.3295 16.2774 39.8294 33.7889 64.8734 27.0095 35.6404
threshold=1.4690476190476194 237.50000000000003 3.0500000000000003 3075.0000000000005 1.0000000180025095e-35 1.0000000180025095e-35 0 1 0.83341372435526406 0.86983061520290039 2 0.84480325865580463 3 1.1932233253255116
decision_type=10 2 8 10 10 2 1 1 10 10 1 8 1 10
left_child=1 -1 -2 4 -4 6 7 -6 10 -10 11 -7 13 -11
right_child=2 -3 3 -5 5 8 -8 -9 9 12 -12 -13 -14 -15
leaf_value=-0.0099557215266984599 -0.003895844429021788 -0.0059765415272674711 0.012176608925442737 18.016904786408016 0.12361719365899461 0.015488428370015442 -0.0039256447248108466 0.01284161880524003 0.024104988487388217 -0.0015493480125698868 -0.0063478370412330424 -0.13800774310600603 -0.0076132918464785256 0.028973625906234306
leaf_weight=443 750 80 68 56 666 262 3107 1922 1722 4345 9135 306 13209 2643
leaf_count=443 750 80 68 56 666 262 3107 1922 1722 4345 9135 306 13209 2643
internal_value=-0.000479093 -0.0256534 -0.000131035 -2.89751e-05 -5.71008e-05 -8.53384e-05 0.00144298 0.00427584 -0.000360768 0.000167625 -0.00155387 -0.00972556 -0.000268538 0.00148936
internal_weight=38714 523 38191 37441 37385 37317 5695 2588 31622 21919 9703 568 20197 6988
internal_count=38714 523 38191 37441 37385 37317 5695 2588 31622 21919 9703 568 20197 6988
cat_boundaries=0 1 2 3 4
cat_threshold=23590 2 128 35056
is_linear=0
shrinkage=0.035


Tree=190
num_leaves=15
num_cat=0
split_feature=10 26 3 23 5 16 9 0 30 16 11 4 20 24
split_gain=277.332 17.2503 15.8411 15.1441 25.1145 14.7444 26.7736 21.7521 20.4018 20.3959 24.3554 19.0067 15.9756 15.725
threshold=1.4690476190476194 237.50000000000003 4.9500000000000011 1.5422963716391982 210.70000000000002 2.041241452319317 2622.5000000000005 28.100000000000005 -0.99273797715557011 4.8795003647419763 74.599358974358992 19.550000000000004 1370.3571428571431 1.0000000180025095e-35
decision_type=10 2 10 10 10 10 8 8 2 10 10 10 10 2
left_child=1 -1 -2 5 -5 6 11 9 12 -7 -11 -4 -9 -10
right_child=2 -3 3 4 -6 7 -8 8 13 10 -12 -13 -14 -15
leaf_value=-0.0096072712732640109 -0.0037580814015475044 -0.0057673625738131106 0.002121825739359822 0.017565517885170839 2.1805631374101533 -0.0054860336443836926 -0.0062455771347222338 0.02334819110945181 0.029012293592924385 -0.050338099744169494 1.3876822765848571 0.020306484776309058 -0.12239599748478973 -0.0023206666278883861
leaf_weight=443 3993 80 3125 1916 333 3161 1275 260 3600 1489 58 808 620 17553
leaf_count=443 3993 80 3125 1916 333 3161 1275 260 3600 1489 58 808 620 17553
internal_value=-0.000461014 -0.0256534 -0.000112708 0.000130983 0.00290373 -6.46241e-05 0.00163821 -0.000396508 6.51148e-05 -0.00255464 -0.00584085 0.00306628 -0.00514124 0.000282872
internal_weight=38714 523 38191 34198 2249 31949 5208 26741 22033 4708 1547 3933 880 21153
internal_count=38714 523 38191 34198 2249 31949 5208 26741 22033 4708 1547 3933 880 21153
is_linear=0
shrinkage=0.035


Tree=191
num_leaves=15
num_cat=3
split_feature=10 26 0 3 23 23 23 16 32 20 22 32 23 32
split_gain=277.332 17.2503 14.9718 14.0187 13.1945 12.5762 15.9353 28.4441 17.6848 15.6773 14.646 19.9174 15.882 19.9121
threshold=1.4690476190476194 237.50000000000003 3075.0000000000005 4.9500000000000011 2.4478827479413598 0.12511141722712912 0.56849446083308608 3.4448028487374165 0 1669.5833333333337 0.75768321199875743 1 0.61501053389950788 2
decision_type=10 2 10 10 10 8 8 10 1 10 10 1 8 1
left_child=1 -1 3 -2 5 -5 7 -7 -9 -10 11 -8 13 -12
right_child=2 -3 -4 4 -6 6 10 8 9 -11 12 -13 -14 -15
leaf_value=-0.0092710167786997713 -0.0036416314314408221 -0.0055655048837296535 17.348193875645052 0.40334760382841472 0.18052424261232186 0.018750864390116462 0.067132486354079687 -0.14560624791422749 0.032185751489520166 -0.074968768957365733 0.032490836854212467 0.0050633205080987415 0.00025568341340852289 -0.08396844707945994
leaf_weight=443 3992 80 56 98 320 259 611 247 444 764 115 1480 29625 180
leaf_count=443 3992 80 56 98 320 259 611 247 444 764 115 1480 29625 180
internal_value=-0.000461014 -0.0256534 -0.000112708 -0.000140404 8.91707e-05 2.17276e-05 -1.55648e-05 -0.00329843 -0.00520205 -0.00331971 0.000160701 0.00298903 -3.74269e-05 -0.00805
internal_weight=38714 523 38191 38135 34143 33823 33725 1714 1455 1208 32011 2091 29920 295
internal_count=38714 523 38191 38135 34143 33823 33725 1714 1455 1208 32011 2091 29920 295
cat_boundaries=0 1 2 3
cat_threshold=2272 24710 1306
is_linear=0
shrinkage=0.035


Tree=192
num_leaves=15
num_cat=4
split_feature=10 26 0 23 32 16 22 4 32 0 23 32 32 23
split_gain=277.491 17.2503 14.9591 12.6748 21.4376 21.3803 16.6681 23.2716 21.3195 23.7628 19.7923 51.6239 23.7207 23.8661
threshold=1.4690476190476194 237.50000000000003 3075.0000000000005 0.61501053389950788 0 2.289078591975525 0.98221220009835319 751.00000000000011 1 200.75000000000003 0.89339168408480141 2 3 1.0437766577283478
decision_type=10 2 10 8 1 10 10 10 1 8 8 1 1 8
left_child=1 -1 3 4 5 -2 8 10 9 -5 11 -8 -12 -14
right_child=2 -3 -4 6 -6 -7 7 -9 -10 -11 12 -13 13 -15
leaf_value=-0.0089465311914452787 0.0073799486743696017 -0.0053707122127991122 16.741007089997481 0.0013936018780539429 0.0016423461467385803 -0.069913356675903066 0.011021973829205852 1.5080470913765727 0.013698262589825837 -0.019578001219202303 0.0035299129611415683 -0.053178203995943939 0.005891778913422803 -0.015597881458655103
leaf_weight=443 183 80 56 4683 1489 1035 897 551 8161 1485 8330 912 2303 8106
leaf_count=443 183 80 56 4683 1489 1035 897 551 8161 1485 8330 912 2303 8106
internal_value=-0.000453782 -0.0256534 -0.000105378 -0.000133062 -0.00243916 -0.00584753 4.34623e-05 -0.000582117 0.00096449 -0.000588711 -0.000773123 -0.00426406 -0.000435073 -0.00154787
internal_weight=38714 523 38191 38135 2707 1218 35428 21099 14329 6168 20548 1809 18739 10409
internal_count=38714 523 38191 38135 2707 1218 35428 21099 14329 6168 20548 1809 18739 10409
cat_boundaries=0 1 2 3 4
cat_threshold=6868 35433 10009 39144
is_linear=0
shrinkage=0.035


Tree=193
num_leaves=15
num_cat=3
split_feature=13 23 14 5 33 22 32 23 32 19 23 24 16 23
split_gain=218.966 14.0167 21.5181 16.1077 14.0357 13.9557 26.9365 42.4765 22.2202 18.5551 17.5531 17.4871 20.5874 18.3804
threshold=1.425 1.5422963716391982 671.25000000000011 3.8500000000000001 0 1.0789290043554225 1 1.1645766176586212 2 337.75000000000006 0.36060633846256446 1.0000000180025095e-35 20.10389680302481 0.91795083711363112
decision_type=10 10 10 8 1 10 1 8 1 10 8 2 10 10
left_child=-1 3 4 -2 -3 8 -7 11 -5 10 -10 12 -8 -13
right_child=1 2 -4 5 -6 6 7 -9 9 -11 -12 13 -14 -15
leaf_value=-0.0086334025997446967 -0.0048210036774993439 0.058300904555919748 3.9556236216071849 0.0054540111965179078 -0.0079926080504909083 -0.030601342202662456 -0.016655207500375788 0.01545765758957794 -0.062463710554650761 -0.32759916051254667 -0.00063035568359727685 -0.10070251157455695 0.60099599576783824 -0.022320118859557321
leaf_weight=513 1054 1240 192 12841 1076 2946 174 4357 256 950 11014 385 114 1602
leaf_count=513 1054 1240 192 12841 1076 2946 174 4357 256 950 11014 385 114 1602
internal_value=-0.000437511 -0.000131 0.00239554 -0.000308841 0.00144765 -0.000178819 -0.00131483 -7.37175e-05 0.000255525 -0.000812423 -0.000415965 -0.00394518 0.00406143 -0.00511295
internal_weight=38714 38201 2508 35693 2316 34639 9578 6632 25061 12220 11270 2275 288 1987
internal_count=38714 38201 2508 35693 2316 34639 9578 6632 25061 12220 11270 2275 288 1987
cat_boundaries=0 1 2 3
cat_threshold=10 8455 13703
is_linear=0
shrinkage=0.035


Tree=194
num_leaves=15
num_cat=1
split_feature=13 10 30 0 6 29 24 21 8 32 22 26 16 4
split_gain=216.669 14.3562 13.7053 15.7328 13.4882 12.3547 20.7436 13.8268 20.917 14.5165 12.4167 11.7844 18.4077 31.1421
threshold=1.425 1.3366666666666669 0.97461712852231652 3075.0000000000005 3.8500000000000001 0.082691702092476851 3.5000000000000004 1344.0562678062681 32.364935436206039 0 1.1612535545383329 301.50000000000006 3.4022051672407625 26.100000000000005
decision_type=10 8 2 10 8 2 2 2 2 1 10 2 10 8
left_child=1 -1 3 4 -2 7 -7 8 10 -9 -4 12 -6 -14
right_child=2 -3 5 -5 11 6 -8 9 -10 -11 -12 -13 13 -15
leaf_value=-0.0098876265821467614 -0.003679948181633546 -0.0063876299200068681 0.17736235617586588 19.943390021019976 0.0020215365981682389 -0.022189100569228494 -0.25653775540033086 0.017480486740764384 -0.10598340591272731 -0.033569814699437532 0.028963433076850582 0.011903133894459909 -0.028662621130957008 -0.0025292842825044206
leaf_weight=309 1186 204 129 52 8934 364 154 512 169 764 106 5255 2897 17679
leaf_count=309 1186 204 129 52 8934 364 154 512 169 764 106 5255 2897 17679
internal_value=-0.00042124 -0.0229054 -0.000116343 4.76283e-05 1.84948e-05 -0.00279619 -0.00749522 -0.00132938 0.00427873 -0.00311475 0.0109375 0.000143946 -0.00012807 -0.000704047
internal_weight=38714 513 38201 36003 35951 2198 518 1680 404 1276 235 34765 29510 20576
internal_count=38714 513 38201 36003 35951 2198 518 1680 404 1276 235 34765 29510 20576
cat_boundaries=0 1
cat_threshold=25652
is_linear=0
shrinkage=0.035


Tree=195
num_leaves=15
num_cat=4
split_feature=13 10 3 0 4 28 24 32 32 33 29 23 16 32
split_gain=216.913 14.3562 13.6204 23.7265 13.0379 16.5515 12.556 49.8882 17.6287 16.3028 22.7004 22.6637 18.0994 16.6314
threshold=1.425 1.3366666666666669 1606.2500000000002 3850.5000000000005 2215.0000000000005 -0.22252093395631442 5.5000000000000009 0 1 2 0.48314048284850658 2.1500351723444884 23.401261667249148 3
decision_type=10 8 10 8 10 2 2 1 1 1 2 10 10 1
left_child=1 -1 6 4 5 -4 9 -8 -9 10 -2 -11 -13 -12
right_child=2 -3 3 -5 -6 -7 7 8 -10 11 13 12 -14 -15
leaf_value=-0.0095415596517716226 0.018997203749264016 -0.0061640628728066244 -0.46705051546166265 15.384140781963429 -2.5534983720222253 4.2863310776160075 -0.80539932641348488 0.015774129288908905 -0.015184691826772807 -0.0022241854117999375 0.020586011339056028 -0.0073640627540482936 1.0437319540997569 -0.023792283900255024
leaf_weight=309 5830 204 111 82 101 87 189 960 1912 25408 1451 196 306 1568
leaf_count=309 5830 204 111 82 101 87 189 960 1912 25408 1451 196 306 1568
internal_value=-0.000408585 -0.0229054 -0.000103518 0.00643782 0.00172697 0.00689655 -0.000170258 -0.00231735 -0.00111534 1.9129e-05 0.00131487 -0.000423915 0.00690335 -0.00114583
internal_weight=38714 513 38201 381 299 198 37820 3061 2872 34759 8849 25910 502 3019
internal_count=38714 513 38201 381 299 198 37820 3061 2872 34759 8849 25910 502 3019
cat_boundaries=0 1 2 3 4
cat_threshold=1024 2496 2 40344
is_linear=0
shrinkage=0.035


Tree=196
num_leaves=15
num_cat=3
split_feature=10 10 14 23 1 15 22 32 23 23 32 32 23 9
split_gain=215.135 14.6959 13.2504 19.551 13.6861 12.3994 12.0353 22.5889 27.7336 16.9279 53.1068 22.322 23.7474 18.9946
threshold=1.4690476190476194 1.3366666666666669 742.00000000000011 1.3717171323236954 1052.5000000000002 802.50000000000011 0.98369346495744725 0 0.46169292554834723 0.87274330136510581 1 2 1.0723791479413485 2652.5000000000005
decision_type=10 8 10 8 8 2 10 1 10 8 1 1 8 10
left_child=1 -1 6 -4 5 -5 7 8 -2 10 -8 12 -11 -14
right_child=2 -3 3 4 -6 -7 9 -9 -10 11 -12 -13 13 -15
leaf_value=-0.009207605063959616 -0.021655608631887605 -0.0059483206722583939 -0.011918804645395653 0.55114941977313869 4.2829136378896111 -1.5839670781847877 0.010438804824564444 0.0071219399364794095 0.00071359995640752575 0.0089054932009268589 -0.056643740867213931 0.0011491879969154617 -0.019090553119628696 -0.18240069635047618
leaf_weight=310 1606 213 792 70 358 54 875 9232 5627 1399 863 13210 3891 214
leaf_count=310 1606 213 792 70 358 54 875 9232 5627 1399 863 13210 3891 214
internal_value=-0.000415817 -0.0226042 -0.000109043 0.00339328 0.0089117 -0.00108527 -0.00023035 0.000473892 -0.000989928 -0.000797282 -0.00409639 -0.000489877 -0.00235912 -0.00370438
internal_weight=38714 523 38191 1274 482 124 36917 16465 7233 20452 1738 18714 5504 4105
internal_count=38714 523 38191 1274 482 124 36917 16465 7233 20452 1738 18714 5504 4105
cat_boundaries=0 1 2 3
cat_threshold=35448 10009 1287
is_linear=0
shrinkage=0.035


Tree=197
num_leaves=15
num_cat=3
split_feature=10 10 0 23 32 16 0 22 23 7 3 32 23 32
split_gain=215.415 14.6959 13.0247 11.9748 20.3429 24.7338 19.435 15.865 18.2272 21.3479 17.7203 17.4634 35.4903 46.0204
threshold=1.4690476190476194 1.3366666666666669 3075.0000000000005 0.61501053389950788 0 2.289078591975525 3.9500000000000006 0.92933181675757115 1.0363368721563033 52.63068181818182 3550.0000000000005 1 0.92038792116003032 2
decision_type=10 8 10 8 1 10 10 10 10 2 8 1 8 1
left_child=1 -1 3 4 -2 6 -6 8 -5 -10 11 -9 13 -13
right_child=2 -3 -4 7 5 -7 -8 10 9 -11 -12 12 -14 -15
leaf_value=-0.0088853388867210312 0.0018478838735259064 -0.0057401294487293515 14.774546995587308 0.0029733841938386621 -0.01116845433784645 -0.064029926150885749 0.023833733011999939 -0.0062093701689722438 0.0035766025517488579 0.2560063318804382 -0.017546295668665005 -0.13422249314555973 0.0059360886160523532 -0.0086080860007524875
leaf_weight=310 1409 213 56 8599 64 1089 145 10673 602 449 1344 208 11962 1591
leaf_count=310 1409 213 56 8599 64 1089 145 10673 602 449 1344 208 11962 1591
internal_value=-0.000401353 -0.0226042 -9.43816e-05 -0.000120215 -0.00236173 -0.00549124 0.0053972 5.13645e-05 0.00126152 0.00560133 -0.000401815 -0.000186178 0.000637703 -0.00393847
internal_weight=38714 523 38191 38135 2707 1298 209 35428 9650 1051 25778 24434 13761 1799
internal_count=38714 523 38191 38135 2707 1298 209 35428 9650 1051 25778 24434 13761 1799
cat_boundaries=0 1 2 3
cat_threshold=58635 49927 128
is_linear=0
shrinkage=0.035


Tree=198
num_leaves=15
num_cat=2
split_feature=10 29 9 0 30 30 19 32 16 32 23 24 22 29
split_gain=196.029 16.2031 14.4789 12.9863 11.7358 12.7517 21.1648 17.9073 15.8205 14.9924 23.3601 19.141 18.7155 15.7473
threshold=1.4690476190476194 -0.71504373327588355 1782.5000000000002 3075.0000000000005 0.97461712852231652 -0.91595872546125101 220.12500000000003 0 42.653643129910044 1 1.5262117642049531 5.5000000000000009 1.0354350557469056 0.9053161325100999
decision_type=10 2 8 10 2 2 10 1 10 1 8 2 10 2
left_child=1 -1 -3 4 5 6 7 -2 -7 12 11 -11 -10 -14
right_child=3 2 -4 -5 -6 8 -8 -9 9 10 -12 -13 13 -15
leaf_value=-0.0020392240835587962 0.012708806610552454 -0.0020392240835587962 -0.0085743520256857976 14.257437850741759 -0.018773597824490725 7.6630204690424376e-05 -0.36256609090044889 -0.008186911768909063 0.25592835331473157 0.33064025879715303 0.9753815762709469 -1.1473114877192647 -0.43906864724709649 0.50319102052985965
leaf_weight=87 872 60 376 56 2194 27167 822 3449 741 1225 686 127 669 183
leaf_count=87 872 60 376 56 2194 27167 822 3449 741 1225 686 127 669 183
internal_value=-0.000363387 -0.0215436 -0.0242857 -7.05571e-05 -9.63555e-05 5.54999e-05 -0.00155692 -0.000574434 0.000324968 0.00249312 0.00446663 0.00180545 -6.52985e-05 -0.00359393
internal_weight=38714 523 436 38191 38135 35941 5143 4321 30798 3631 2038 1352 1593 852
internal_count=38714 523 436 38191 38135 35941 5143 4321 30798 3631 2038 1352 1593 852
cat_boundaries=0 1 2
cat_threshold=20481 5014
is_linear=0
shrinkage=0.035


Tree=199
num_leaves=15
num_cat=2
split_feature=10 29 9 23 4 22 23 20 23 32 16 6 17 32
split_gain=195.928 16.2031 14.4789 12.0572 24.1884 19.4858 26.4628 15.7598 12.4581 18.6718 21.4382 25.8106 16.0573 17.3125
threshold=1.4690476190476194 -0.71504373327588355 1782.5000000000002 2.0540025711777257 149.50000000000003 1.6556622003351549 0.63162713007725302 1277.0833333333337 0.61501053389950788 0 2.289078591975525 13.050000000000002 172.7364775561272 1
decision_type=10 2 8 10 10 10 10 10 8 1 10 8 10 1
left_child=1 -1 -3 5 7 8 -7 -5 9 -2 11 -11 -10 -14
right_child=3 2 -4 4 -6 6 -8 -9 12 10 -12 -13 13 -15
leaf_value=-0.0019678512406342409 0.0042694399372811345 -0.0019678512406342409 -0.0082742497047867958 -0.13758644830529998 3.3559623995085688 0.10574891227553168 -0.1758919745138175 0.034368362395500451 -0.00010094849945584628 -0.014457404302098097 -0.058602664343945648 0.01913033825397939 1.911454056765715 -0.12439627246696092
leaf_weight=87 1205 60 376 83 125 203 402 545 33263 104 1225 151 524 361
leaf_count=87 1205 60 376 83 125 203 402 545 33263 104 1225 151 524 361
internal_value=-0.000368811 -0.0215436 -0.0242857 -7.60551e-05 0.0042942 -0.000164517 -0.00636885 0.0014376 -6.17569e-05 -0.00235502 -0.00496321 0.00417308 0.000118877 0.00475843
internal_weight=38714 523 436 38191 753 37438 605 628 36833 2685 1480 255 34148 885
internal_count=38714 523 436 38191 753 37438 605 628 36833 2685 1480 255 34148 885
cat_boundaries=0 1 2
cat_threshold=58633 3078
is_linear=0
shrinkage=0.035


Tree=200
num_leaves=15
num_cat=4
split_feature=10 14 23 5 22 23 32 32 23 22 23 32 32 23
split_gain=191.251 16.3683 11.7079 17.3514 15.8394 27.3251 26.8275 24.9526 21.791 23.6697 21.1365 31.6522 21.0812 28.7611
threshold=1.4690476190476194 1.3250000000000004 1.5422963716391982 210.70000000000002 1.0789290043554225 0.8998734555149831 0 1 1.1932233253255116 1.4267885601278545 0.78890864595290078 2 3 0.8966121142581075
decision_type=10 8 10 10 10 8 1 1 8 10 10 1 1 10
left_child=1 -1 4 -4 10 6 -6 -7 9 -9 11 -2 13 -12
right_child=2 -3 3 -5 5 7 -8 8 -10 -11 12 -13 -14 -15
leaf_value=-0.0079846509651192599 0.0040857498232449536 -0.0049495238574572848 0.01054670857391159 1.7827980429221106 0.014894983866958658 -0.021106728482679245 -0.070661901615570913 -0.0089528792041470243 0.012646896639523677 -0.2993597385464396 -0.017825642305731935 -0.010820604564238138 0.0024314211545381518 0.053269242871367452
leaf_weight=333 4957 190 2166 347 308 2754 520 2190 4227 68 215 5130 14664 645
leaf_count=333 4957 190 2166 347 308 2754 520 2190 4227 68 215 5130 14664 645
internal_value=-0.000357964 -0.0212784 -6.87245e-05 0.00223789 -0.000231483 -0.00140737 -0.00747899 -0.000859476 0.000328462 -0.00244366 0.00023091 -0.00101615 0.00104128 0.00632
internal_weight=38714 523 38191 2513 35678 10067 828 9239 6485 2258 25611 10087 15524 860
internal_count=38714 523 38191 2513 35678 10067 828 9239 6485 2258 25611 10087 15524 860
cat_boundaries=0 1 2 3 4
cat_threshold=10000 8455 26390 128
is_linear=0
shrinkage=0.035


Tree=201
num_leaves=15
num_cat=3
split_feature=13 29 23 4 22 0 32 21 20 32 33 26 24 9
split_gain=190.01 17.9751 11.8876 24.2856 16.8188 28.1614 16.1093 20.3266 15.6794 13.2283 11.5152 27.5147 17.9357 17.7685
threshold=1.425 -0.71504373327588355 2.0540025711777257 149.50000000000003 1.6556622003351549 47.050000000000004 0 2067.0238095238101 1277.0833333333337 1 2 313.50000000000006 5.5000000000000009 2327.5000000000005
decision_type=10 2 10 10 10 10 1 2 10 1 1 2 2 10
left_child=1 -1 4 8 10 6 -6 -8 -4 -10 11 12 -2 -12
right_child=2 -3 3 -5 5 -7 7 -9 9 -11 13 -13 -14 -15
leaf_value=-0.0016195136634328646 0.0052393941501631619 -0.0077051881813400818 -0.13314005741470142 3.2381345807256836 -0.12742100660967673 -0.44139236340978732 0.25964623867606945 -0.021152359816129927 -0.25482135849988091 0.061150664032102398 -0.0048385948007062755 0.057229516271735649 -0.04117895527675134 0.0024513265198045178
leaf_weight=73 7522 440 83 125 100 299 101 101 112 428 18023 1394 842 9071
leaf_count=73 7522 440 83 125 100 299 101 101 112 428 18023 1394 842 9071
internal_value=-0.000363387 -0.0214189 -7.78674e-05 0.00427623 -0.000165385 -0.00594884 0.00159609 0.00709677 0.00139331 0.00359633 -7.02716e-05 0.000959787 0.000200741 -0.000441551
internal_weight=38714 513 38201 748 37453 601 302 202 623 540 36852 9758 8364 27094
internal_count=38714 513 38201 748 37453 601 302 202 623 540 36852 9758 8364 27094
cat_boundaries=0 1 2 3
cat_threshold=6166 1940 2
is_linear=0
shrinkage=0.035


Tree=202
num_leaves=15
num_cat=2
split_feature=13 29 23 15 20 22 23 10 32 2 23 22 32 23
split_gain=189.846 17.9751 11.9377 23.4705 17.5718 16.7645 22.434 11.0668 10.9443 10.799 21.1125 11.0098 21.1616 22.8796
threshold=1.425 -0.71504373327588355 2.0540025711777257 180.50000000000003 1277.0833333333337 1.6556622003351549 0.63162713007725302 1.3366666666666669 0 1180.6000000000001 0.94922188168091937 0.98369346495744725 1 0.52947166646699428
decision_type=10 2 10 2 10 8 10 10 1 10 8 10 1 10
left_child=1 -1 5 4 -4 9 -7 -3 -6 11 -11 12 13 -2
right_child=2 7 3 -5 8 6 -8 -9 -10 10 -12 -13 -14 -15
leaf_value=-0.0015628306852127117 -0.019112822811409927 -0.0074355065949931768 -0.12865060940176548 4.6886348341361579 -0.32212213803783096 0.10499991685773069 -0.16148575509019067 -0.0045066089360993747 0.059195729685172623 -1.3612034724000726 3.5268830838049339 -0.0034567539768069369 0.0067859803513031962 0.0010963621920894529
leaf_weight=73 1888 334 80 107 104 199 402 106 457 134 349 19597 9427 5457
leaf_count=73 1888 334 80 107 104 199 402 106 457 134 349 19597 9427 5457
internal_value=-0.000372427 -0.0214189 -8.70282e-05 0.00427623 0.00167957 -0.000174729 -0.00594884 -0.0240674 0.00389576 -7.97678e-05 0.00509221 -0.000149145 0.00050903 -0.000898777
internal_weight=38714 513 38201 748 641 37453 601 440 561 36852 483 36369 16772 7345
internal_count=38714 513 38201 748 641 37453 601 440 561 36852 483 36369 16772 7345
cat_boundaries=0 1 2
cat_threshold=1428 35448
is_linear=0
shrinkage=0.035


Tree=203
num_leaves=15
num_cat=5
split_feature=13 29 23 0 24 32 22 23 32 23 22 32 32 33
split_gain=190.238 17.9751 12.4069 16.8932 14.0456 26.364 25.8572 34.8952 23.651 22.6857 22.8573 22.4893 22.1671 20.8625
threshold=1.425 -0.71504373327588355 1.5422963716391982 769.50000000000011 1.0000000180025095e-35 0 1.1304773819286853 1.1000354861603976 1 0.61501053389950788 0.70138769421246783 2 3 4
decision_type=10 2 10 10 2 1 10 8 1 10 10 1 1 1
left_child=1 -1 4 -4 5 13 9 12 -9 11 -11 -6 -8 -2
right_child=2 -3 3 -5 6 -7 7 8 -10 10 -12 -13 -14 -15
leaf_value=-0.001508131611230268 0.23361852764037522 -0.0071752638641684168 0.010993449449917155 2.5804072092589054 0.00202447242520188 -0.00078476463543303515 0.017837920433560413 -0.034615196885304934 0.0042889787530057122 0.051498968279323327 0.00085453476989337366 -0.022558920296262174 -0.069133760990559817 0.011494437973391726
leaf_weight=73 459 440 2223 285 1639 3790 230 1367 3021 660 19336 2700 1091 1400
leaf_count=73 459 440 2223 285 1639 3790 230 1367 3021 660 19336 2700 1091 1400
internal_value=-0.000350732 -0.0214189 -6.50421e-05 0.00231198 -0.000232366 0.00136806 -0.000533462 -0.00265226 -0.00114728 -3.59491e-05 0.000461977 -0.0023285 -0.00762821 0.00476254
internal_weight=38714 513 38201 2508 35693 5649 30044 5709 4388 24335 19996 4339 1321 1859
internal_count=38714 513 38201 2508 35693 5649 30044 5709 4388 24335 19996 4339 1321 1859
cat_boundaries=0 1 2 3 4 5
cat_threshold=23554 12551 57616 800 2
is_linear=0
shrinkage=0.035


Tree=204
num_leaves=15
num_cat=1
split_feature=13 10 3 0 5 24 1 22 32 23 22 22 29 26
split_gain=124.755 12.8301 12.0297 20.1911 12.9467 12.1674 11.8007 12.2852 21.0644 17.2645 15.2589 15.1956 18.3579 14.5832
threshold=1.425 1.2183333333333337 1606.2500000000002 3850.5000000000005 1204.0000000000002 2.5000000000000004 902.00000000000011 0.98369346495744725 0 0.46169292554834723 0.61137382330452705 0.76311693367632205 -0.99940763397299126 13.500000000000002
decision_type=10 8 10 8 10 2 10 10 1 10 10 10 2 2
left_child=1 -1 4 5 6 -4 7 8 11 -10 -11 -2 -13 -9
right_child=2 -3 3 -5 -6 -7 -8 13 9 10 -12 12 -14 -15
leaf_value=-0.010424130463387549 0.040272800968308403 -0.0039856648895462057 2.6874110306373704 14.529597923657558 -1.0063762795943048 -1.6729284199650194 1.3831588298202366 -0.063367227921761485 -0.014642156215588804 0.03358425612089138 -0.00023928350663510403 0.25378650509125705 0.0063739758092226945 -0.0030143286309674503
leaf_weight=153 1364 360 118 82 191 181 391 328 2068 326 7153 58 5639 20302
leaf_count=153 1364 360 118 82 191 181 391 328 2068 326 7153 58 5639 20302
internal_value=-0.000303727 -0.0173649 -7.23708e-05 0.00607513 -0.000135096 0.00172697 -8.8351e-05 -0.000152243 0.000556191 -0.000516105 0.000266569 0.00200325 0.00120922 -0.000722559
internal_weight=38714 513 38201 381 37820 299 37629 37238 16608 9547 7479 7061 5697 20630
internal_count=38714 513 38201 381 37820 299 37629 37238 16608 9547 7479 7061 5697 20630
cat_boundaries=0 1
cat_threshold=25990
is_linear=0
shrinkage=0.035


Tree=205
num_leaves=15
num_cat=2
split_feature=13 10 30 0 30 19 32 6 29 9 32 30 22 23
split_gain=118.923 14.2102 11.9059 15.6829 11.9942 20.1178 17.7781 14.6987 13.8858 14.2792 13.8085 17.24 14.0459 20.597
threshold=1.425 1.2183333333333337 0.97461712852231652 3075.0000000000005 -0.91595872546125101 220.12500000000003 0 78.200000000000017 -0.28519255817492867 1105.0000000000002 1 0.91511078773075516 0.87470702856986027 1.0179794652340566
decision_type=10 8 2 10 2 10 1 8 2 8 1 2 10 10
left_child=1 -1 3 4 5 6 7 -2 9 -8 12 -12 13 -6
right_child=2 -3 -4 -5 10 -7 8 -9 -10 -11 11 -13 -14 -15
leaf_value=-0.010059285897168981 0.0023332828890288318 -0.0038461666184120883 -0.018072968667556571 17.573190444170752 0.011854264063988059 -0.35410503978472208 0.020536447355829986 0.080615297932375332 -0.0029884635786483586 -0.034033493081810084 -0.0023828477529835813 0.021119023182919659 0.0033466834688314997 0.092285933566194647
leaf_weight=153 656 360 2198 52 1865 822 68 216 2920 461 17586 1384 9829 144
leaf_count=153 656 360 2198 52 1865 822 68 216 2920 461 17586 1384 9829 144
internal_value=-0.000301919 -0.0169595 -7.60352e-05 7.67885e-05 4.76972e-05 -0.00151612 -0.000558252 0.00386697 -0.00168736 -0.00688202 0.000308961 -0.000276534 0.0012461 0.00391013
internal_weight=38714 513 38201 36003 35951 5143 4321 872 3449 529 30808 18970 11838 2009
internal_count=38714 513 38201 36003 35951 5143 4321 872 3449 529 30808 18970 11838 2009
cat_boundaries=0 1 2
cat_threshold=20481 11712
is_linear=0
shrinkage=0.035


Tree=206
num_leaves=15
num_cat=3
split_feature=13 10 23 32 22 0 32 15 22 22 24 32 23 22
split_gain=116.95 13.204 11.5465 52.1626 17.5928 26.163 16.5822 22.788 14.4757 14.2813 26.4165 28.5796 34.4302 20.9152
threshold=1.425 1.2183333333333337 1.2406174491792894 0 0.95261715913436085 75.15000000000002 1 5.0250000000000012 1.6556622003351549 0.99573390638366666 1.5000000000000002 2 0.90250199556834776 1.1015569153481872
decision_type=10 8 10 1 10 10 1 2 10 10 2 1 8 10
left_child=1 -1 9 8 5 -5 7 -6 -4 -2 -11 12 -12 -14
right_child=2 -3 3 4 6 -7 -8 -9 -10 10 11 -13 13 -15
leaf_value=-0.0097072108907680626 0.0011082409237139945 -0.0037115507867676615 0.033031126399231094 -0.0018492018840802517 0.028402817379458996 0.74603791401199282 -0.0041453449233262692 -0.084673481660905395 -0.029394055367625412 0.0041272320773252692 -0.09426284379798501 -0.0032960601718818698 -0.0052849027128858955 -0.037668234377685864
leaf_weight=153 17678 360 2976 119 82 65 2073 1003 379 4573 578 5911 1700 1064
leaf_count=153 17678 360 2976 119 82 65 2073 1003 379 4573 578 5911 1700 1064
internal_value=-0.000305535 -0.0168243 -8.15317e-05 0.00123769 -0.00185582 0.00851852 -0.00247866 -0.00595 0.00431009 -0.000362119 -0.00120454 -0.00227965 -0.0048585 -0.00323583
internal_weight=38714 513 38201 6697 3342 184 3158 1085 3355 31504 13826 9253 3342 2764
internal_count=38714 513 38201 6697 3342 184 3158 1085 3355 31504 13826 9253 3342 2764
cat_boundaries=0 1 2 3
cat_threshold=52464 8450 50310
is_linear=0
shrinkage=0.035


Tree=207
num_leaves=15
num_cat=3
split_feature=13 10 23 15 20 22 0 32 32 23 32 16 6 17
split_gain=116.95 13.204 11.405 23.7681 17.3194 15.4915 23.2347 14.851 10.6876 10.4668 17.9434 22.7136 19.5829 15.0555
threshold=1.425 1.2183333333333337 2.0540025711777257 180.50000000000003 1277.0833333333337 1.6556622003351549 47.050000000000004 0 1 0.63162713007725302 2 3.1091263510348432 8.0500000000000025 172.7364775561272
decision_type=10 8 10 2 10 10 10 1 1 8 1 10 8 10
left_child=1 -1 5 4 -4 9 7 -7 -6 10 -2 12 -12 -11
right_child=2 -3 3 -5 8 6 -8 -9 -10 13 11 -13 -14 -15
leaf_value=-0.0093674585095911804 0.0051877676514843745 -0.0035816465092307894 -0.12234752573201324 4.3869199951828461 -0.31164950073602576 0.24770412337221331 -0.41438384692125035 -0.024056625277171603 0.057977998080647776 -0.00010885285124638601 -0.015197163930743699 -0.063034160022909957 0.012088236290054111 0.75923212081960634
leaf_weight=153 1315 360 80 107 104 101 299 201 457 33031 94 1286 252 874
leaf_count=153 1315 360 80 107 104 101 299 201 457 33031 94 1286 252 874
internal_value=-0.000305535 -0.0168243 -8.15317e-05 0.00418327 0.00157121 -0.000167254 -0.00571782 0.00114007 0.00377208 -7.59693e-05 -0.00207486 -0.00450516 0.00339031 9.80537e-05
internal_weight=38714 513 38201 748 641 37453 601 302 561 36852 2947 1632 346 33905
internal_count=38714 513 38201 748 641 37453 601 302 561 36852 2947 1632 346 33905
cat_boundaries=0 1 2 3
cat_threshold=34376 1428 50953
is_linear=0
shrinkage=0.035


Tree=208
num_leaves=15
num_cat=2
split_feature=13 23 23 6 30 17 32 22 3 6 8 15 30 32
split_gain=113.23 12.0734 11.7627 24.0418 11.5265 12.7593 11.2978 12.0297 10.9079 11.5575 12.6089 10.7834 10.6234 17.331
threshold=1.425 0.87589696601566935 1.8549067072839038 149.75000000000003 0.97461712852231652 1.5275252316527654 0 1.5792953538877237 2325.0000000000005 47.050000000000004 16.234226186411089 16.025000000000002 0.94066717844141279 1
decision_type=10 10 10 10 2 10 1 10 8 10 2 2 2 1
left_child=1 -1 4 6 12 -6 11 -8 9 10 -7 -4 -2 -14
right_child=2 -3 3 -5 5 8 7 -9 -10 -11 -12 -13 13 -15
leaf_value=-0.0079103477662415458 -0.00067867467203854394 -0.0028947569586441316 -0.1531978763046481 3.5656772927697293 0.0067670362851311745 -0.015838004573343448 0.11756075525788492 0.0018344511762892115 -0.4313544918043703 -0.014790644821335148 -0.23857712582685225 -0.011649961756908987 -0.016010126602942609 0.036000281516109831
leaf_weight=221 33571 292 65 131 149 622 274 456 58 1196 113 199 356 1011
leaf_count=221 33571 292 65 131 149 622 274 456 58 1196 113 199 356 1011
internal_value=-0.000300111 -0.0165541 -7.96995e-05 0.00343805 -0.000186888 -0.00267849 0.00154154 0.00375839 -0.00342277 -0.0029468 -0.00638514 -0.00451613 -3.40555e-05 0.00298469
internal_weight=38714 513 38201 1125 37076 2138 994 730 1989 1931 735 264 34938 1367
internal_count=38714 513 38201 1125 37076 2138 994 730 1989 1931 735 264 34938 1367
cat_boundaries=0 1 2
cat_threshold=8582 35844
is_linear=0
shrinkage=0.035


Tree=209
num_leaves=15
num_cat=5
split_feature=13 10 23 22 23 23 1 32 33 32 32 5 24 32
split_gain=107.701 12.5965 11.2761 13.2596 16.7786 12.125 19.0342 19.9563 11.9584 10.6204 10.1433 10.1763 10.0669 28.8783
threshold=1.425 1.2183333333333337 2.4478827479413598 1.6556622003351549 2.1500351723444884 1.8549067072839038 149.75000000000003 0 1 2 3 90.300000000000011 1.5000000000000002 4
decision_type=10 8 10 10 8 10 10 1 1 1 1 8 2 1
left_child=1 -1 3 5 10 12 7 -7 -4 -6 -5 -12 13 -2
right_child=2 -3 8 4 9 6 -8 -9 -10 -11 11 -13 -14 -15
leaf_value=-0.0087627352899370403 0.20293252479069537 -0.0032325414339733445 -0.036107348682566626 -0.02660837081546729 0.33298874289461888 -0.1641734615367457 1.3614971248154013 0.093695655141525044 0.32353228701251174 -0.043474968856678273 -0.075433862746283525 -1.5622240266295713 -0.0023113384627654024 0.00099265967465320256
leaf_weight=153 759 360 111 220 115 106 114 240 261 194 165 84 25421 10411
leaf_count=153 759 360 111 220 115 106 114 240 261 194 165 84 25421 10411
internal_value=-0.000296495 -0.0161486 -8.15317e-05 -0.000141539 -0.00464879 -4.62813e-05 0.00556989 0.00139601 0.00594164 0.00167197 -0.00878692 -0.0133902 -0.000117636 0.000757942
internal_weight=38714 513 38201 37829 778 37051 460 346 372 309 469 249 36591 11170
internal_count=38714 513 38201 37829 778 37051 460 346 372 309 469 249 36591 11170
cat_boundaries=0 1 2 3 4 5
cat_threshold=8462 3 34376 42787 1024
is_linear=0
shrinkage=0.035


Tree=210
num_leaves=15
num_cat=5
split_feature=13 0 10 23 32 16 33 19 32 22 26 22 32 32
split_gain=103.939 11.2405 10.7377 9.9518 32.7719 30.9217 23.1669 20.3961 20.0057 28.0016 13.2849 12.8353 18.2612 14.1797
threshold=1.425 3075.0000000000005 1.2183333333333337 0.78890864595290078 0 3.5590260840104384 1 11.762500000000001 2 0.87227302871728007 73.500000000000014 0.92933181675757115 3 4
decision_type=10 10 8 8 1 10 1 8 1 10 2 10 1 1
left_child=2 3 -1 4 6 7 -2 -6 -7 -10 -5 12 -12 -13
right_child=1 -3 -4 10 5 8 -8 -9 9 -11 11 13 -14 -15
leaf_value=-0.0084560395547892426 0.035809387235307182 12.426514174326153 -0.0031194024837842781 -0.004859447217317037 -0.0047250534203054691 -0.033878416058702294 -0.0095736736040868617 0.013648393977797345 -0.043583711144762068 -0.14695776930013646 0.026516673616772613 -0.008590440819368975 -0.00034668108167923878 0.00250149274835792
leaf_weight=153 1307 56 360 5591 430 1538 1611 623 719 345 2854 8825 2566 11736
leaf_count=153 1307 56 360 5591 430 1538 1611 623 719 345 2854 8825 2566 11736
internal_value=-0.000305535 -9.43569e-05 -0.0158784 -0.000118349 -0.0013568 -0.00355722 0.00140811 0.00148866 -0.00561181 -0.00927711 0.000139659 0.000472755 0.0019871 7.3179e-05
internal_weight=38714 38201 513 38145 6573 3655 2918 1053 2602 1064 31572 25981 5420 20561
internal_count=38714 38201 513 38145 6573 3655 2918 1053 2602 1064 31572 25981 5420 20561
cat_boundaries=0 1 2 3 4 5
cat_threshold=9995 6 34868 20950 17182
is_linear=0
shrinkage=0.035


Tree=211
num_leaves=15
num_cat=5
split_feature=13 0 10 23 22 32 23 32 32 22 33 8 4 32
split_gain=103.939 11.2405 10.7377 9.95403 16.2582 25.2174 17.0497 46.7556 19.2064 17.1108 18.3226 15.9006 15.111 14.6321
threshold=1.425 3075.0000000000005 1.2183333333333337 0.52947166646699428 0.75768321199875743 0 0.78890864595290078 1 2 0.90889444564061417 3 3.6163698321145943 642.50000000000011 4
decision_type=10 10 8 8 10 1 8 1 1 10 1 2 8 1
left_child=2 3 -1 13 5 -5 7 9 -9 10 -6 -11 -10 -2
right_child=1 -3 -4 4 6 -7 -8 8 12 11 -12 -13 -14 -15
leaf_value=-0.008160078170371619 -0.059530771922128002 11.991586178224734 -0.003010223396851832 0.054737054136401453 0.0048269162956823845 0.0032702328525426329 0.00029450472184857192 0.12533168382419868 -0.0015138263948895061 0.0027945369573085092 -0.047090318001617074 -0.15392611252701213 -0.056111905093713159 -0.0075288332998995162
leaf_weight=153 209 56 360 625 287 2017 30412 423 1777 55 334 352 191 1463
leaf_count=153 209 56 360 625 287 2017 30412 423 1777 55 334 352 191 1463
internal_value=-0.000305535 -9.43569e-05 -0.0158784 -0.000118349 2.87845e-06 0.0026445 -0.000203777 -0.00254527 0.000160017 -0.00872483 -0.00508786 -0.0143568 -0.0013061 -0.00275492
internal_weight=38714 38201 513 38145 36473 2642 33831 3419 2391 1028 621 407 1968 1672
internal_count=38714 38201 513 38145 36473 2642 33831 3419 2391 1028 621 407 1968 1672
cat_boundaries=0 1 2 3 4 5
cat_threshold=16518 20676 1280 6 2112
is_linear=0
shrinkage=0.035


Tree=212
num_leaves=15
num_cat=3
split_feature=13 10 0 24 32 9 23 32 23 22 22 23 32 24
split_gain=98.7624 12.0027 11.2295 10.5616 25.4051 33.9895 13.9683 26.0774 31.6433 28.684 24.0876 23.0817 21.813 19.0502
threshold=1.425 1.2183333333333337 3075.0000000000005 1.0000000180025095e-35 0 1422.5000000000002 0.78890864595290078 1 0.8966121142581075 0.87470702856986027 0.98369346495744725 1.1298258518676245 2 5.5000000000000009
decision_type=10 8 10 2 1 8 10 1 10 10 10 10 1 2
left_child=1 -1 3 4 5 -2 12 8 9 -8 -10 -12 -5 -9
right_child=2 -3 -4 6 -6 -7 7 13 10 -11 11 -13 -14 -15
leaf_value=-0.0078744754344086103 0.5637731976135405 -0.0029048655779620168 11.571880661986871 0.0052269954167604342 0.00032940144612945478 0.021484516922323373 0.023195376763426079 -5.9833153504922357e-05 0.044139771724755909 -0.038592826352523188 -0.013746437830966036 0.037228736420055489 -0.012725051387087093 -0.022965218657611815
leaf_weight=153 159 360 56 3027 4680 993 170 19384 636 294 611 954 5521 1716
leaf_count=153 159 360 56 3027 4680 993 170 19384 636 294 611 954 5521 1716
internal_value=-0.000292879 -0.015473 -8.70282e-05 -0.000111009 0.00125921 0.00587832 -0.000358469 7.80395e-05 0.00333022 -0.00492537 0.00509293 0.00274204 -0.00157138 -0.000334833
internal_weight=38714 513 38201 38145 5832 1152 32313 23765 2665 464 2201 1565 8548 21100
internal_count=38714 513 38201 38145 5832 1152 32313 23765 2665 464 2201 1565 8548 21100
cat_boundaries=0 1 2 3
cat_threshold=5122 192 24856
is_linear=0
shrinkage=0.035


Tree=213
num_leaves=15
num_cat=2
split_feature=14 1 19 16 0 0 22 30 32 8 20 24 32 23
split_gain=92.3918 17.2458 11.2085 11.7911 26.0625 17.7574 16.389 16.1407 15.2287 15.3263 14.8715 14.4656 18.7437 25.3721
threshold=1.3250000000000004 1.4500000000000002 1.3291666666666668 2.041241452319317 6.0500000000000007 26.550000000000004 0.61137382330452705 -0.99273797715557011 0 4.9321427350810252 1370.3571428571431 1.0000000180025095e-35 1 0.88139855886206264
decision_type=10 10 8 8 10 8 10 2 1 2 10 2 1 8
left_child=1 -1 -2 4 -4 8 -6 10 9 -5 -7 12 13 -9
right_child=2 -3 3 5 6 7 -8 11 -10 -11 -12 -13 -14 -15
leaf_value=-0.005864090975991481 -0.0034995290549026704 0.001135906520613439 -0.00076324513851022354 0.020623752962120573 0.028949356645071138 0.026710871143565705 0.0054909328739880265 1.396377331334101 -0.012706175281902855 -0.022792974046423959 -0.111920838886851 -0.0029572980123926309 0.014830109012383243 0.12729364788241981
leaf_weight=371 69 55 3754 608 84 292 3643 99 3752 646 671 20756 3686 228
leaf_count=371 69 55 3754 608 84 292 3643 99 3752 646 671 20756 3686 228
internal_value=-0.000289264 -0.0164037 -0.000107853 -8.14933e-05 0.00116417 -0.000384803 0.00323553 -1.35991e-05 -0.00229096 0.00104807 -0.00444731 0.000159643 0.00208188 0.0099269
internal_weight=38714 426 38288 38219 7481 30738 3727 25732 5006 1254 963 24769 4013 327
internal_count=38714 426 38288 38219 7481 30738 3727 25732 5006 1254 963 24769 4013 327
cat_boundaries=0 1 2
cat_threshold=16681 1024
is_linear=0
shrinkage=0.035


Tree=214
num_leaves=15
num_cat=3
split_feature=14 1 19 16 0 1 13 22 30 33 32 24 32 3
split_gain=92.5162 17.2458 11.2266 11.2358 24.6645 17.601 17.0625 16.5571 14.8919 22.955 18.5582 16.1086 18.2316 17.7965
threshold=1.3250000000000004 1.4500000000000002 1.3291666666666668 2.041241452319317 6.0500000000000007 21.550000000000004 49.975000000000009 0.61137382330452705 -0.91595872546125101 0 1 1.0000000180025095e-35 2 6.0500000000000007
decision_type=10 10 8 8 10 8 10 10 2 1 1 2 1 10
left_child=1 -1 -2 4 -4 6 -5 -6 9 10 -7 -10 -13 -14
right_child=2 -3 3 5 7 8 -8 -9 11 -11 -12 12 13 -15
leaf_value=-0.0056588477918317788 -0.0033770455379810763 0.0010961497923919717 -0.00073653155866236562 -0.012246796859426576 0.027936129162493648 -0.15697797075012221 0.41626515184331764 0.0052987502233984522 0.032548486099985577 -0.0042640736344831077 -0.037411102315144842 -0.016328481285078633 -0.045455339016850199 0.012177331323428558
leaf_weight=371 69 55 3754 3459 84 580 79 3643 3557 2554 524 6939 757 12289
leaf_count=371 69 55 3754 3459 84 580 79 3643 3557 2554 524 6939 757 12289
internal_value=-0.000278416 -0.0164037 -9.68845e-05 -7.05054e-05 0.00114547 -0.000366588 -0.00268699 0.0031605 -6.43264e-05 -0.00214032 -0.00631814 0.000258632 -0.000127814 0.000643136
internal_weight=38714 426 38288 38219 7481 30738 3538 3727 27200 3658 1104 23542 19985 13046
internal_count=38714 426 38288 38219 7481 30738 3538 3727 27200 3658 1104 23542 19985 13046
cat_boundaries=0 1 2 3
cat_threshold=8 25836 20999
is_linear=0
shrinkage=0.035


Tree=215
num_leaves=15
num_cat=1
split_feature=10 19 30 0 17 21 21 8 17 10 5 13 17 32
split_gain=90.7842 16.6286 10.5624 13.6458 11.2672 12.274 16.1584 13.1005 21.4169 11.8837 11.7726 13.2986 11.678 11.9788
threshold=1.3366666666666669 1.3291666666666668 0.97461712852231652 3075.0000000000005 308.40477314294503 1626.1324786324788 828.08035714285722 31.75967024976315 38.69436359991996 9.3416666666666686 281.00000000000006 135.05000000000004 14.182980721292305 0
decision_type=10 8 2 10 10 2 2 2 10 10 10 10 10 1
left_child=-1 -2 3 -3 5 6 -4 12 -9 -7 11 -11 13 -8
right_child=1 2 4 -5 -6 9 7 8 -10 10 -12 -13 -14 -15
leaf_value=-0.0052667119850629803 -0.0038671448408574114 0.00017643079463308122 -0.42944574025371102 15.584722608859062 -1.6492014541149753 0.0058016670462706175 -0.022641850896615027 -0.36251489420262234 0.32644698594657429 -0.027701981094055108 0.1961662304699428 -0.4449019129034833 0.36807892723247126 0.049755215565488196
leaf_weight=368 110 35986 59 52 67 134 105 84 111 1026 167 140 103 202
leaf_count=368 110 35986 59 52 67 134 105 84 111 1026 167 140 103 202
internal_value=-0.000269377 -0.000102214 -6.22369e-05 8.15692e-05 -0.00241489 -0.00194991 0.00198804 0.00372951 -0.003675 -0.00373302 -0.00473468 -0.0059778 0.00725301 0.00370192
internal_weight=38714 38346 38236 36038 2198 2131 664 605 195 1467 1333 1166 410 307
internal_count=38714 38346 38236 36038 2198 2131 664 605 195 1467 1333 1166 410 307
cat_boundaries=0 1
cat_threshold=12866
is_linear=0
shrinkage=0.035


Tree=216
num_leaves=15
num_cat=0
split_feature=10 19 16 0 22 0 16 10 10 0 22 30 3 22
split_gain=85.0437 16.6423 10.6297 24.1975 16.645 15.3934 21.3128 18.0627 16.436 17.4838 17.7453 14.2922 14.7714 17.828
threshold=1.3366666666666669 1.3291666666666668 2.041241452319317 6.0500000000000007 0.61137382330452705 28.100000000000005 4.8795003647419763 67.17333333333336 30.767857142857146 18.050000000000004 1.1136866528269633 -0.99273797715557011 4.9500000000000011 0.9576954503516365
decision_type=10 8 10 10 10 8 10 10 10 10 10 2 10 10
left_child=-1 -2 3 -3 -5 6 -4 8 9 10 -8 -7 13 -13
right_child=1 2 5 4 -6 11 7 -9 -10 -11 -12 12 -14 -15
leaf_value=-0.0050823770655857789 -0.0037317947714274034 -0.00080792027440592783 -0.0020892290588630227 0.026952189563994217 0.0050983832099082624 -0.066347802732860214 -0.032475462348804184 1.3756642615813792 -0.12407421109171683 -0.0017378415288973239 -0.088481021229117801 0.016386332162073663 0.0057650299985890999 -0.066644526820406808
leaf_weight=368 110 3766 3633 84 3645 948 463 58 375 730 171 508 23023 832
leaf_count=368 110 3766 3633 84 3645 948 463 58 375 730 171 508 23023 832
internal_value=-0.000258529 -9.6738e-05 -5.67454e-05 0.00112467 0.00312132 -0.000344923 -0.00203496 -0.00514706 -0.00579989 -0.00398831 -0.00821596 1.79728e-05 0.000182411 -0.0033829
internal_weight=38714 38346 38236 7495 3729 30741 5430 1797 1739 1364 634 25311 24363 1340
internal_count=38714 38346 38236 7495 3729 30741 5430 1797 1739 1364 634 25311 24363 1340
is_linear=0
shrinkage=0.035


Tree=217
num_leaves=15
num_cat=2
split_feature=10 19 16 0 24 2 32 6 2 5 0 24 32 30
split_gain=77.7343 15.1838 10.2672 23.074 15.1084 20.9052 17.1134 14.7724 14.5418 15.2528 14.929 14.0831 25.2719 13.95
threshold=1.3366666666666669 1.3291666666666668 2.041241452319317 6.0500000000000007 4.5000000000000009 18.550000000000004 0 10.100000000000001 1656.5000000000002 1330.0000000000002 3850.5000000000005 5.5000000000000009 1 -0.95242240592625282
decision_type=10 8 10 10 2 10 1 8 10 10 8 2 1 2
left_child=-1 -2 3 -3 5 -4 11 -8 9 -7 -10 -6 13 -13
right_child=1 2 4 -5 6 8 7 -9 10 -11 -12 12 -14 -15
leaf_value=-0.0049044938682902802 -0.0036011819544274413 -0.00077964306480171727 -0.01095429292143054 0.0056117269752715563 -0.028731386474308247 0.0083492661814601032 -0.029849842957837505 -0.0033242680961380702 1.515430209388851 -1.6735555920921714 13.70437825935522 0.13568823258776894 -0.76744952409498701 -0.071254382051440662
leaf_weight=368 110 3766 6270 3729 1405 17097 157 4771 175 124 63 50 191 438
leaf_count=368 110 3766 6270 3729 1405 17097 157 4771 175 124 63 50 191 438
internal_value=-0.000238643 -8.39613e-05 -4.57624e-05 0.00111533 -0.000328986 9.29047e-05 -0.00175574 -0.000623103 0.000715472 0.000595321 0.00921811 -0.0044021 -0.00854532 -0.00389662
internal_weight=38714 38346 38236 7495 30741 23729 7012 4928 17459 17221 238 2084 679 488
internal_count=38714 38346 38236 7495 30741 23729 7012 4928 17459 17221 238 2084 679 488
cat_boundaries=0 1 2
cat_threshold=1067 40
is_linear=0
shrinkage=0.035


Tree=218
num_leaves=15
num_cat=4
split_feature=10 19 16 0 0 32 33 16 30 32 24 32 22 30
split_gain=62.3345 15.21 10.2321 32.0011 20.4513 17.7956 15.5432 14.7783 13.8675 17.4055 21.7391 23.9506 20.4078 19.3483
threshold=1.3366666666666669 1.3291666666666668 3.4448028487374165 30.150000000000002 65.100000000000009 0 1 1.0000000180025095e-35 -0.6523320455745395 2 5.5000000000000009 3 1.0354350557469056 0.96177147954086928
decision_type=10 8 10 8 8 1 1 10 2 1 2 1 10 2
left_child=-1 -2 4 5 7 6 -4 -3 -5 10 13 -12 -11 -10
right_child=1 2 3 8 -6 -7 -8 -9 9 12 11 -13 -14 -15
leaf_value=-0.0047328365829001203 -0.0034751405860224791 0.024068608904115937 -0.045747042698568739 -0.02453429205716038 -0.0045516081845554494 -0.010844620986859779 -0.030163881513963278 0.0020782037441886073 0.05325938096246207 0.023443411851640294 -0.74058879075166151 -0.0069802810683091115 -0.047355592896045955 -0.044816045477262326
leaf_weight=368 110 54 357 6099 2257 2623 896 9621 6502 4406 135 541 3835 910
leaf_count=368 110 54 357 6099 2257 2623 896 9621 6502 4406 135 541 3835 910
internal_value=-0.000211524 -7.30098e-05 -3.47794e-05 -0.000420388 0.000815113 -0.00335481 -0.00676262 0.00151498 8.73713e-05 0.00061926 0.00177095 -0.00421439 -0.00051296 0.00232169
internal_weight=38714 38346 38236 26304 11932 3876 1253 9675 22428 16329 8088 676 8241 7412
internal_count=38714 38346 38236 26304 11932 3876 1253 9675 22428 16329 8088 676 8241 7412
cat_boundaries=0 1 2 3 4
cat_threshold=6354 1 36584 1024
is_linear=0
shrinkage=0.035


Tree=219
num_leaves=15
num_cat=1
split_feature=10 19 10 0 4 2 16 0 0 22 11 32 23 6
split_gain=59.1069 12.5842 10.6049 20.4111 10.5061 10.1781 9.45621 27.1119 21.3355 16.9366 14.9957 14.7774 15.2015 18.2333
threshold=1.3366666666666669 1.3291666666666668 1972.3250000000003 3850.5000000000005 2215.0000000000005 1.2500000000000002 3.4448028487374165 30.150000000000002 6.0500000000000007 0.61137382330452705 91.035714285714292 0 1.111151223425592 44.100000000000009
decision_type=10 10 10 8 10 10 10 8 10 10 8 1 10 8
left_child=5 -2 6 4 -4 -1 8 10 -3 -10 11 12 13 -8
right_child=1 2 3 -5 -6 -7 7 -9 9 -11 -12 -13 -14 -15
leaf_value=-0.0047794422069272419 -0.0039006559652701648 -0.0011808630512982177 1.9893854008328142 26.212380845935773 -3.6001615168879479 -0.0012612667744134121 -0.049964405426772218 0.00023027107612218602 0.030767626898854105 0.0040461210219531023 1.2599915563421014 -0.011651809234638773 0.00089699887326494482 0.0064582402410482236
leaf_weight=258 176 4575 118 64 72 110 750 22132 154 7190 59 2574 275 207
leaf_count=258 176 4575 118 64 72 110 750 22132 154 7190 59 2574 275 207
internal_value=-0.000209716 -7.48351e-05 -3.11722e-05 0.00702703 0.00107692 -0.0140751 -7.93755e-05 -0.000453619 0.000736749 0.00190502 -0.00315633 -0.00343479 -0.00656776 -0.00869543
internal_weight=38714 38346 38170 254 190 368 37916 25997 11919 7344 3865 3806 1232 957
internal_count=38714 38346 38170 254 190 368 37916 25997 11919 7344 3865 3806 1232 957
cat_boundaries=0 1
cat_threshold=6354
is_linear=0
shrinkage=0.035


Tree=220
num_leaves=15
num_cat=2
split_feature=10 19 2 10 0 4 23 22 23 5 33 23 22 32
split_gain=59.184 12.6092 10.1781 9.78183 18.5901 10.5061 9.29027 13.5919 17.3044 11.342 10.7684 10.0611 14.2286 24.1249
threshold=1.3366666666666669 1.3291666666666668 1.2500000000000002 1972.3250000000003 3850.5000000000005 2215.0000000000005 2.4478827479413598 1.6556622003351549 2.1500351723444884 89.90000000000002 0 0.52947166646699428 0.75768321199875743 1
decision_type=10 10 10 10 8 10 10 10 8 8 1 8 10 1
left_child=2 -2 -1 6 5 -5 7 11 9 -9 -8 -3 13 -13
right_child=1 3 -4 4 -6 -7 10 8 -10 -11 -12 12 -14 -15
leaf_value=-0.0046121617296847909 -0.0037641330064857067 -0.013763927894233674 -0.0012171224373089429 1.9197569118036655 25.294947516328012 -3.4741558637968692 -0.035912376439278283 -0.055115244455865992 0.027769495604974461 -1.0888805776330293 0.29044753851039762 0.056807103299174287 -0.00042086435950832059 0.0052903064897655474
leaf_weight=258 176 1639 110 118 64 72 111 320 301 130 259 362 32514 2280
leaf_count=258 176 1639 110 118 64 72 111 320 301 130 259 362 32514 2280
internal_value=-0.000200677 -6.57088e-05 -0.0140751 -2.20039e-05 0.00675676 0.00107692 -6.82999e-05 -0.000123033 -0.00476852 -0.00907692 0.00541333 -2.75815e-05 9.75513e-05 0.00256517
internal_weight=38714 38346 368 38170 254 190 37916 37546 751 450 370 36795 35156 2642
internal_count=38714 38346 368 38170 254 190 37916 37546 751 450 370 36795 35156 2642
cat_boundaries=0 1 2
cat_threshold=3 132
is_linear=0
shrinkage=0.035


Tree=221
num_leaves=15
num_cat=1
split_feature=10 19 2 10 0 4 23 22 23 0 32 1 10 26
split_gain=59.1995 12.6142 10.1781 9.77654 18.5901 10.5061 8.91472 14.1633 19.236 23.7035 17.6031 16.9559 17.6804 14.3173
threshold=1.3366666666666669 1.3291666666666668 1.2500000000000002 1972.3250000000003 3850.5000000000005 2215.0000000000005 0.52947166646699428 0.86983061520290039 0.86277558050036973 76.800000000000011 0 9.0500000000000025 14.012500000000003 27.500000000000004
decision_type=10 10 10 10 8 10 8 10 10 10 1 10 10 2
left_child=2 -2 -1 6 5 -5 -3 8 11 10 -10 13 -13 -8
right_child=1 3 -4 4 -6 -7 7 -9 9 -11 -12 12 -14 -15
leaf_value=-0.0044507360691458222 -0.0036323883512587073 -0.012827090144579669 -0.0011745231520031286 1.8525654198905366 24.409624353256525 -3.3525604085639813 0.025085116729893556 -0.00114889319953726 -0.028586841786860051 0.27896072196634031 0.010493546804993805 0.023542671400962806 0.01009024526044339 -0.0081162946911106822
leaf_weight=258 176 1652 110 118 64 72 77 29591 287 540 745 297 3338 1389
leaf_count=258 176 1652 110 118 64 72 77 29591 287 540 745 297 3338 1389
internal_value=-0.000198869 -6.38836e-05 -0.0140751 -2.01703e-05 0.00675676 0.00107692 -6.64539e-05 4.82506e-05 0.00150419 0.00488269 0.00175506 0.000459264 0.00174038 -0.00271244
internal_weight=38714 38346 368 38170 254 190 37916 36264 6673 1572 1032 5101 3635 1466
internal_count=38714 38346 368 38170 254 190 37916 36264 6673 1572 1032 5101 3635 1466
cat_boundaries=0 1
cat_threshold=17162
is_linear=0
shrinkage=0.035


Tree=222
num_leaves=15
num_cat=0
split_feature=10 19 2 30 0 29 24 5 21 8 17 6 5 13
split_gain=59.292 11.6067 10.1781 9.49555 13.5758 9.65955 18.0257 12.3018 14.3715 14.0854 16.265 13.3095 12.2625 16.1245
threshold=1.3366666666666669 1.3291666666666668 1.2500000000000002 0.97461712852231652 3075.0000000000005 0.099822040462190967 3.5000000000000004 1770.7500000000002 1344.0562678062681 32.364935436206039 38.69436359991996 84.100000000000009 281.00000000000006 135.05000000000004
decision_type=10 10 10 2 10 2 2 8 2 2 10 10 10 10
left_child=2 -2 -1 4 -3 7 -7 8 9 11 -11 -5 13 -10
right_child=1 3 -4 5 -6 6 -8 -9 12 10 -12 -13 -14 -15
leaf_value=-0.0042949603067257147 -0.0035052547589646496 0.00032288428855402178 -0.0011334148416830216 0.063197387822731488 13.609559694854601 -0.017079978076702897 -0.23524893395462995 -0.20724634684620072 -0.0077353563490102145 -0.25698206201163659 0.32569849703380926 0.28929722984969802 0.31401905623951226 -0.41460247433231451
leaf_weight=258 176 35923 110 157 52 303 154 117 937 62 80 73 173 139
leaf_count=258 176 35923 110 157 52 303 154 117 937 62 80 73 173 139
internal_value=-0.000188021 -5.29321e-05 -0.0140751 -1.1002e-05 0.000125486 -0.00224318 -0.00674242 -0.00104418 -0.000236777 0.00575597 -0.00285714 0.0110213 -0.00203748 -0.00343201
internal_weight=38714 38346 368 38170 35975 2195 457 1738 1621 372 142 230 1249 1076
internal_count=38714 38346 368 38170 35975 2195 457 1738 1621 372 142 230 1249 1076
is_linear=0
shrinkage=0.035


Tree=223
num_leaves=15
num_cat=2
split_feature=10 19 2 1 23 16 0 0 11 10 0 32 29 33
split_gain=59.3693 11.6306 10.1781 9.40303 17.8123 9.86772 24.5699 17.9541 14.7106 15.0731 18.7302 14.6233 17.8925 14.0744
threshold=1.3366666666666669 1.3291666666666668 1.2500000000000002 2215.0000000000005 1.6476866022543961 3.4448028487374165 30.150000000000002 65.100000000000009 91.035714285714292 31.591666666666672 9.5500000000000025 0 0.878110924644389 1
decision_type=10 10 10 10 8 10 8 8 8 10 10 1 2 1
left_child=2 -2 -1 5 -5 7 8 -3 9 10 -7 -11 -13 -12
right_child=1 3 -4 4 -6 6 -8 -9 -10 11 13 12 -14 -15
leaf_value=-0.004144636695990315 -0.0033825708424008857 0.0022112026191328038 -0.0010937453222241145 1.1272275786694037 14.202168249425352 -0.035969862197665674 0.0008692402595315941 -0.0043235084903717738 1.216811236551387 -0.11459472762121857 0.0075947604974750289 -0.05886630623374331 0.14109189256979848 -0.018512783221852153
leaf_weight=258 176 9667 110 115 51 321 22220 2252 59 287 1246 315 57 1580
leaf_count=258 176 9667 110 115 51 321 22220 2252 59 287 1246 315 57 1580
internal_value=-0.000178982 -4.38059e-05 -0.0140751 -1.83366e-06 0.00818713 -3.86751e-05 -0.000419893 0.000795455 -0.00299354 -0.00326948 -0.00225412 -0.00806476 -0.00307494 -0.00133522
internal_weight=38714 38346 368 38170 166 38004 26085 11919 3865 3806 3147 659 372 2826
internal_count=38714 38346 368 38170 166 38004 26085 11919 3865 3806 3147 659 372 2826
cat_boundaries=0 1 2
cat_threshold=37068 6
is_linear=0
shrinkage=0.035


Tree=224
num_leaves=15
num_cat=2
split_feature=10 19 2 23 32 22 3 16 22 21 32 23 22 22
split_gain=59.2303 11.5875 10.1781 9.25399 46.1844 15.5662 15.0299 20.5159 26.4864 19.1353 18.1419 14.0299 15.4786 13.8951
threshold=1.3366666666666669 1.3291666666666668 1.2500000000000002 1.2062694680747199 0 1.2843083096366799 7.0500000000000007 17.989646477160218 0.98522687119369801 1558.7750000000003 1 2.2756703402186025 1.5792953538877237 1.0369089782509866
decision_type=10 10 10 10 1 10 8 10 10 2 1 10 10 10
left_child=2 -2 -1 13 6 -6 9 -8 -9 -5 -10 12 -12 -3
right_child=1 3 -4 4 5 -7 7 8 10 -11 11 -13 -14 -15
leaf_value=-0.0039995744116306546 -0.003264180862916858 0.00067456514957951578 -0.0010554642359462685 -0.014443467238592581 0.03404692122302206 0.01000251572012245 -0.034042588852367613 0.59608887525583643 -0.28181343366939171 0.016184859737253688 0.12414762403394919 0.90395427352143054 -0.80626337353188637 -0.0068199598946383864
leaf_weight=258 176 21243 110 90 2398 1912 1607 97 412 260 549 132 106 9364
leaf_count=258 176 21243 110 90 2398 1912 1607 97 412 260 549 132 106 9364
internal_value=-0.000195253 -6.02331e-05 -0.0140751 -1.83366e-05 0.00107756 0.0034474 -0.00206701 -0.00290062 0.000376633 0.00473239 -0.00107558 0.00205112 -5.30303e-05 -0.000289266
internal_weight=38714 38346 368 38170 7563 4310 3253 2903 1296 350 1199 787 655 30607
internal_count=38714 38346 368 38170 7563 4310 3253 2903 1296 350 1199 787 655 30607
cat_boundaries=0 1 2
cat_threshold=13067 258
is_linear=0
shrinkage=0.035


Tree=225
num_leaves=15
num_cat=3
split_feature=10 19 2 23 4 3 22 24 23 32 32 23 32 22
split_gain=59.4002 11.6402 10.1781 9.46452 16.3308 12.5853 10.9882 22.8978 27.8899 26.2358 22.691 18.397 21.5855 21.3
threshold=1.3366666666666669 1.3291666666666668 1.2500000000000002 1.6476866022543961 155.30000000000004 197.25000000000003 1.0598062670044095 1.5000000000000002 0.85044372889342668 0 1 0.63162713007725302 2 0.65288483205628467
decision_type=10 10 10 10 10 8 10 2 8 1 1 10 1 10
left_child=2 -2 -1 6 5 -5 11 9 -9 -8 -10 12 -3 -13
right_child=1 3 -4 4 -6 -7 7 8 10 -11 -12 13 -14 -15
leaf_value=-0.0038595893072235848 -0.0031499345327147704 0.011190613429740584 -0.0010185229876881531 0.015137398308987865 1.2767637429481009 -0.13153021337367407 0.08098211208407044 -0.072447230240967914 0.0023730418260965495 0.00039449132754115551 -0.018837524244509414 0.098317669240103114 -0.010596072861366979 0.0026712053956753005
leaf_weight=258 176 1873 110 1308 370 192 503 505 3453 3298 4295 283 4612 17478
leaf_count=258 176 1873 110 1308 370 192 503 505 3453 3298 4295 283 4612 17478
internal_value=-0.000175366 -4.01554e-05 -0.0140751 1.83366e-06 0.00242667 0.000790698 -0.000123399 -0.000986815 -0.00202168 0.00125985 -0.00149877 0.000305967 -0.00128891 0.000888495
internal_weight=38714 38346 368 38170 1870 1500 36300 12054 8253 3801 7748 24246 6485 17761
internal_count=38714 38346 368 38170 1870 1500 36300 12054 8253 3801 7748 24246 6485 17761
cat_boundaries=0 1 2 3
cat_threshold=1056 6896 24838
is_linear=0
shrinkage=0.035


Tree=226
num_leaves=15
num_cat=4
split_feature=10 15 2 23 4 23 3 22 23 32 32 23 32 33
split_gain=59.3384 10.7468 10.1781 8.93269 13.9939 12.1004 11.108 10.5509 26.1534 23.1962 22.0413 15.2116 23.8694 21.7888
threshold=1.3366666666666669 1.425 1.2500000000000002 1.6476866022543961 155.30000000000004 2.0540025711777257 197.25000000000003 1.0789290043554225 0.89054632637707576 0 1 0.67598175863788146 2 3
decision_type=10 2 10 10 10 10 8 10 8 1 1 10 1 1
left_child=2 -2 -1 7 6 -6 -5 11 9 -9 -10 12 -3 -14
right_child=1 3 -4 4 5 -7 -8 8 10 -11 -12 -13 13 -15
leaf_value=-0.0037245036814707614 -0.0026264049318062191 -0.013313102140138332 -0.0009828746831190649 0.014763990823867987 0.54880247813157434 2.9929408323051425 -0.12561777015435099 0.13307760243586825 -0.025813169941106707 -0.059705542400774241 0.0019033331971422742 0.0030299298519749309 0.072645364214787414 -0.0037896438591813113
leaf_weight=258 208 3208 110 1307 256 114 193 155 2887 620 6903 18246 928 3321
leaf_count=258 208 3208 110 1307 256 114 193 155 2887 620 6903 18246 928 3321
internal_value=-0.000182598 -4.74564e-05 -0.0140751 -3.6704e-06 0.002352 0.0084 0.000837209 -0.000125438 -0.00105629 -0.00722436 -0.000564574 0.000257313 -0.00107411 0.000648452
internal_weight=38714 38346 368 38138 1870 370 1500 36268 10565 775 9790 25703 7457 4249
internal_count=38714 38346 368 38138 1870 370 1500 36268 10565 775 9790 25703 7457 4249
cat_boundaries=0 1 2 3 4
cat_threshold=1280 24838 6377 2
is_linear=0
shrinkage=0.035


Tree=227
num_leaves=15
num_cat=3
split_feature=10 19 2 1 23 20 33 30 20 29 33 30 16 32
split_gain=57.6547 10.5952 9.75318 8.52648 16.0103 9.12546 12.8849 24.4383 16.9296 26.4017 45.3989 21.9168 14.8566 15.145
threshold=1.3366666666666669 1.3291666666666668 1.2500000000000002 2215.0000000000005 1.6476866022543961 821.13095238095252 0 0.63755505330306683 1870.4166666666667 0.92922379131507438 1 -0.013976481981245173 3.4448028487374165 2
decision_type=10 10 10 10 8 10 1 2 10 2 1 2 10 1
left_child=2 -2 -1 5 -5 -3 7 -7 -8 -10 11 -11 -13 -14
right_child=1 3 -4 4 -6 6 8 -9 9 10 -12 12 13 -15
leaf_value=-0.0035941460526192829 -0.0029477626514565333 -0.024525428708360494 -0.00094847406920989708 1.0845235347809012 13.705181386165961 0.0021366192468748402 -0.0063639931025339189 0.049415976764255486 -0.0007385129025651605 0.21622576145883921 -0.0029312605490521885 0.037981725270518421 0.096403846927948622 -0.051664660672396938
leaf_weight=258 176 1628 110 115 51 6430 8130 1821 17646 460 1139 258 232 260
leaf_count=258 176 1628 110 115 51 6430 8130 1821 17646 460 1139 258 232 260
internal_value=-0.000193445 -6.02331e-05 -0.0138874 -2.01703e-05 0.00777778 -5.52501e-05 5.96465e-05 0.0012745 -0.000297264 0.00025025 0.00373195 0.0084 0.00472848 0.00112676
internal_weight=38714 38346 368 38170 166 38004 36376 8251 28125 19995 2349 1210 750 492
internal_count=38714 38346 368 38170 166 38004 36376 8251 28125 19995 2349 1210 750 492
cat_boundaries=0 1 2 3
cat_threshold=2 9 1150
is_linear=0
shrinkage=0.035


Tree=228
num_leaves=15
num_cat=1
split_feature=10 19 23 29 9 1 23 30 17 30 0 32 9 30
split_gain=48.4329 11.9413 8.75797 8.52719 10.6667 9.43367 15.0552 8.81196 11.3685 10.4945 19.6533 12.1521 9.7447 15.448
threshold=1.2183333333333337 1.3291666666666668 0.86944013733843184 0.99966190462023474 2305.0000000000005 2215.0000000000005 1.6476866022543961 0.97461712852231652 1.1677484162422715 0.94353349168649059 18.050000000000004 0 2387.5000000000005 0.78724360164103002
decision_type=10 10 10 2 8 10 8 2 10 2 8 1 10 2
left_child=2 -2 -1 5 -5 7 -7 9 -9 12 -11 -12 -3 -14
right_child=1 3 -4 4 -6 6 -8 8 -10 10 11 -13 13 -15
leaf_value=-0.0086849508230815269 -0.0016215992076066379 -0.001131341405835743 -0.0018604948324173777 -0.007692612285172303 -0.034318455666377513 1.1815327386377488 13.22550003765015 0.010302974799490617 -0.022226170454543458 -0.0094507522941929701 -0.0188937993947354 0.073497847550989426 0.0066855239290535256 -0.015792960939489727
leaf_weight=126 283 27778 85 217 121 113 51 97 2086 191 260 813 5644 849
leaf_count=126 283 27778 85 217 121 113 51 97 2086 191 260 813 5644 849
internal_value=-0.000162711 -6.99855e-05 -0.0166898 -1.64814e-05 -0.0055102 3.32568e-05 0.00828402 -3.71126e-06 -0.00215951 0.00012901 0.00325453 0.0050974 1.32746e-05 0.00123346
internal_weight=38714 38503 211 38220 338 37882 164 37718 2183 35535 1264 1073 34271 6493
internal_count=38714 38503 211 38220 338 37882 164 37718 2183 35535 1264 1073 34271 6493
cat_boundaries=0 1
cat_threshold=35844
is_linear=0
shrinkage=0.035


Tree=229
num_leaves=15
num_cat=3
split_feature=10 19 23 16 0 0 26 2 32 33 32 30 22 22
split_gain=48.4647 11.1555 8.75797 8.69381 25.5732 16.8289 15.9703 15.6343 14.8942 14.1891 13.5025 16.6953 18.8694 17.437
threshold=1.2183333333333337 1.3291666666666668 0.86944013733843184 3.4448028487374165 29.900000000000002 6.0500000000000007 41.500000000000007 39.050000000000004 0 1 2 -0.91595872546125101 0.70934112093859092 0.95261715913436085
decision_type=10 10 10 10 8 10 2 10 1 1 1 2 10 10
left_child=2 -2 -1 5 6 -3 -5 -7 9 -8 -6 12 -12 -13
right_child=1 3 -4 4 10 7 8 -9 -10 -11 11 13 -14 -15
leaf_value=-0.0083809775442736743 -0.0015648432353404019 -0.0010532220956303107 -0.0017953775132827667 -0.063129733944075964 -0.014712154471213027 0.0054843553582542984 -0.03616601058397443 -0.015117570449887411 -0.0042048687598373394 -0.017152771143718833 -0.17318027394079441 0.046748322786023304 -0.016046025328164435 0.0048616394971132239
leaf_weight=126 283 4625 85 323 9543 6588 312 756 2045 671 240 3548 1505 8064
leaf_count=126 283 4625 85 323 9543 6588 312 756 2045 671 240 3548 1505 8064
internal_value=-0.000157287 -6.4532e-05 -0.0166898 -1.28188e-05 -0.000369249 0.000768749 -0.00322259 0.00180977 -0.00242334 -0.00592685 4.88976e-05 0.000766901 -0.00242 0.00124731
internal_weight=38714 38503 211 38220 26251 11969 3351 7344 3028 983 22900 13357 1745 11612
internal_count=38714 38503 211 38220 26251 11969 3351 7344 3028 983 22900 13357 1745 11612
cat_boundaries=0 1 2 3
cat_threshold=6354 1 21007
is_linear=0
shrinkage=0.035


Tree=230
num_leaves=15
num_cat=2
split_feature=10 19 23 1 23 20 33 30 20 29 33 30 3 16
split_gain=48.4965 11.1732 8.75797 8.49837 16.0103 8.61334 11.8035 21.9394 14.3857 23.4271 44.2307 21.8074 13.2547 27.1007
threshold=1.2183333333333337 1.3291666666666668 0.86944013733843184 2215.0000000000005 1.6476866022543961 821.13095238095252 0 0.63755505330306683 1870.4166666666667 0.93237596376505805 1 -0.013976481981245173 229.75000000000003 55.853525850896865
decision_type=10 10 10 10 8 10 1 2 10 2 1 2 8 10
left_child=2 -2 -1 5 -5 -3 7 -7 -8 12 11 -11 13 -10
right_child=1 3 -4 4 -6 6 8 -9 9 10 -12 -13 -14 -15
leaf_value=-0.0080876433302240983 -0.0015100737221034901 -0.024427106016445495 -0.0017325393003178671 1.0050414078288554 12.762437378949993 0.0021891674476551826 -0.0057183810767320112 0.047644777668609618 0.00011684074449948569 0.23576328975541436 -0.003281445771643297 0.029116601903875796 -0.028556483756581538 0.88592332253851958
leaf_weight=126 283 1628 85 115 51 6430 8144 1821 13816 431 1121 750 3575 338
leaf_count=126 283 1628 85 115 51 6430 8144 1821 13816 431 1121 750 3575 338
internal_value=-0.000151863 -5.90786e-05 -0.0166898 -7.32505e-06 0.00777778 -4.23027e-05 6.91719e-05 0.00123216 -0.000271905 0.000232332 0.00355007 0.00822324 -0.000199335 0.0002818
internal_weight=38714 38503 211 38220 166 38054 36426 8251 28175 20031 2302 1181 17729 14154
internal_count=38714 38503 211 38220 166 38054 36426 8251 28175 20031 2302 1181 17729 14154
cat_boundaries=0 1 2
cat_threshold=2 9
is_linear=0
shrinkage=0.035


Tree=231
num_leaves=15
num_cat=3
split_feature=10 19 16 0 0 2 22 1 10 0 33 32 24 32
split_gain=48.4541 11.1496 8.86544 24.0298 15.1448 15.3231 13.5889 13 18.1523 16.7466 13.5865 12.3622 12.2975 17.3769
threshold=1.2183333333333337 1.3291666666666668 3.4448028487374165 30.150000000000002 6.0500000000000007 39.050000000000004 0.61137382330452705 77.100000000000009 31.591666666666672 9.5500000000000025 0 1 1.0000000180025095e-35 2
decision_type=10 10 10 8 10 10 10 10 10 10 1 1 2 1
left_child=-1 -2 4 7 -3 6 -6 8 9 -4 -11 -12 13 -5
right_child=1 2 3 12 5 -7 -8 -9 -10 10 11 -13 -14 -15
leaf_value=-0.0078045758136662535 -0.0014572211418298698 -0.00094363930029806487 -0.032881334608062085 0.14518433086308768 0.029872745897442154 -0.014650087344633855 0.0047135549544568269 1.2016474781544138 -0.06953199972663815 0.0072044369943066143 -0.045727096812553207 -0.012904713615168843 -0.0048390701216634736 0.0094457833904066039
leaf_weight=211 283 4625 321 822 152 756 6436 50 667 1246 133 1448 18770 2794
leaf_count=211 283 4625 321 822 152 756 6436 50 667 1246 133 1448 18770 2794
internal_value=-0.000159095 -6.63498e-05 -1.46501e-05 -0.000374581 0.000774595 0.00176214 0.00230396 -0.00292119 -0.00316099 -0.0020425 -0.00117408 -0.0033114 6.56514e-05 0.00193317
internal_weight=38714 38503 38220 26251 11969 7344 6588 3865 3815 3148 2827 1581 22386 3616
internal_count=38714 38503 38220 26251 11969 7344 6588 3865 3815 3148 2827 1581 22386 3616
cat_boundaries=0 1 2 3
cat_threshold=6 130 5122
is_linear=0
shrinkage=0.035


Tree=232
num_leaves=15
num_cat=1
split_feature=10 19 23 1 23 16 0 26 0 2 30 3 16 32
split_gain=48.4647 11.1555 8.75797 8.51036 16.0103 8.57955 20.406 15.4155 13.6942 14.7101 12.2406 18.9441 15.7595 14.6831
threshold=1.2183333333333337 1.3291666666666668 0.86944013733843184 2215.0000000000005 1.6476866022543961 3.4448028487374165 29.900000000000002 57.500000000000007 6.0500000000000007 39.050000000000004 -0.6523320455745395 281.00000000000006 60.875555738615127 0
decision_type=10 10 10 10 8 10 8 2 10 10 2 8 10 1
left_child=2 -2 -1 5 -5 8 7 -7 -3 -10 11 12 -8 -12
right_child=1 3 -4 4 -6 6 10 -9 9 -11 13 -13 -14 -15
leaf_value=-0.0075314156601879352 -0.0014062184018658276 -0.00091061192478762102 -0.001398740271328426 0.97003432600911321 12.315921438141007 -0.053155613381604468 -0.010111442705482379 -0.0093965477255679459 0.005178283101782007 -0.014137334287571655 -0.01417276207934073 -0.26431558878290684 0.5927246293911268 0.01981012686392063
leaf_weight=126 283 4625 85 115 51 507 4628 2844 6588 756 5901 1376 202 10627
leaf_count=126 283 4625 85 115 51 507 4628 2844 6588 756 5901 1376 202 10627
internal_value=-0.000157287 -6.4532e-05 -0.0166898 -1.28188e-05 0.00777778 -4.78205e-05 -0.000403795 -0.00295143 0.000727827 0.00166689 -2.77057e-05 -0.00135244 -0.000318511 0.000469969
internal_weight=38714 38503 211 38220 166 38054 26085 3351 11969 7344 22734 6206 4830 16528
internal_count=38714 38503 211 38220 166 38054 26085 3351 11969 7344 22734 6206 4830 16528
cat_boundaries=0 1
cat_threshold=20503
is_linear=0
shrinkage=0.035


Tree=233
num_leaves=15
num_cat=4
split_feature=10 19 16 23 23 23 22 32 23 32 26 32 33 9
split_gain=48.5071 11.1791 9.87895 8.75797 8.54534 10.9453 14.411 28.6104 20.3565 46.4731 18.5533 13.6358 17.7103 12.8107
threshold=1.2183333333333337 1.3291666666666668 1.0000000180025095e-35 0.86944013733843184 0.12511141722712912 0.46169292554834723 0.76311693367632205 0 0.67598175863788146 1 335.50000000000006 2 3 2662.5000000000005
decision_type=10 10 10 10 8 8 10 1 8 1 2 1 1 8
left_child=3 -2 -3 -1 -4 11 7 -7 9 -8 -11 -6 -13 -9
right_child=1 2 4 -5 5 6 8 13 -10 10 -12 12 -14 -15
leaf_value=-0.0072678161120813553 -0.0013570007578005273 0.0086572211789104226 0.20588240412786588 -0.0013497843618319296 -0.033747282789072526 0.036696809665111803 -0.052221200689139297 0.0078446127731529296 2.7298660318941793e-06 0.0086331836445594813 -0.13950631347442144 -0.016876272029929255 0.097134290755783448 -0.022788237209163217
leaf_weight=126 283 69 116 85 392 749 449 1785 32554 788 76 455 188 599
leaf_count=126 283 69 116 85 392 749 449 1785 32554 788 76 455 188 599
internal_value=-0.000150056 -5.72608e-05 -5.49379e-06 -0.0166898 -3.02705e-05 -5.98055e-05 3.97244e-05 0.0023088 -0.000170495 -0.00443475 0.00039818 -0.00360096 -0.00037234 0.000408504
internal_weight=38714 38503 38220 211 38151 38035 37000 3133 33867 1313 864 1035 643 2384
internal_count=38714 38503 38220 211 38151 38035 37000 3133 33867 1313 864 1035 643 2384
cat_boundaries=0 1 2 3 4
cat_threshold=24709 20677 35024 9
is_linear=0
shrinkage=0.035


Tree=234
num_leaves=15
num_cat=3
split_feature=10 19 23 29 9 13 5 29 20 33 32 20 5 33
split_gain=48.4011 11.12 8.75797 8.50447 10.6667 8.9908 8.71332 8.39975 29.632 35.2328 14.8958 14.4726 13.5234 12.9071
threshold=1.2183333333333337 1.3291666666666668 0.86944013733843184 0.99966190462023474 2305.0000000000005 2775.0000000000005 14.550000000000002 0.94704596667653973 1860.3571428571431 0 1 2387.678571428572 851.00000000000011 2
decision_type=10 10 10 2 8 10 10 2 10 1 1 10 8 1
left_child=2 -2 -1 5 6 7 -5 13 12 10 -10 -11 -9 -3
right_child=1 3 -4 4 -6 -7 -8 8 9 11 -12 -13 -14 -15
leaf_value=-0.0070134425481585064 -0.0013095057312775085 0.0022697521836485901 -0.0013025419091678104 0.037581441248267559 -0.03138820617468209 7.784898368783904 -0.070672039679763599 -0.013066680926725766 0.012099479682041706 -0.0082034891893150077 0.096725367164419498 0.016507869366442777 0.06950305307953393 -0.0034761851611905749
leaf_weight=126 283 17164 85 65 121 82 152 1653 236 409 718 480 177 16963
leaf_count=126 283 17164 85 65 121 82 152 1653 236 409 718 480 177 16963
internal_value=-0.000168135 -7.54389e-05 -0.0166898 -2.38064e-05 -0.0055102 2.58664e-05 -0.000788288 0 0.00158918 0.00471591 0.00931889 -0.000348451 -0.00156403 -0.000171247
internal_weight=38714 38503 211 38220 338 37882 217 37800 3673 1843 954 889 1830 34127
internal_count=38714 38503 211 38220 338 37882 217 37800 3673 1843 954 889 1830 34127
cat_boundaries=0 1 2 3
cat_threshold=9 35073 6
is_linear=0
shrinkage=0.035


Tree=235
num_leaves=15
num_cat=3
split_feature=13 19 16 1 10 24 32 2 32 8 30 0 24 32
split_gain=30.2294 13.943 8.59182 13.6663 13.1753 12.5987 18.0487 17.4826 12.7069 13.3221 13.2558 12.528 12.4189 24.3418
threshold=1.1250000000000002 1.3291666666666668 2.041241452319317 13.65 14.408333333333335 4.5000000000000009 0 18.550000000000004 1 3.1787554144084171 -0.69676771491221523 651.00000000000011 5.5000000000000009 2
decision_type=10 10 10 10 10 2 1 10 1 2 2 10 2 1
left_child=-1 -2 3 -3 -5 7 12 8 9 -4 -10 -11 -7 -14
right_child=1 2 5 4 -6 6 -8 -9 10 11 -12 -13 13 -15
leaf_value=-0.006767972058972959 -0.001256952942346934 0.00014566303025562388 0.020749731144182354 0.019314090146518397 0.006550897814838948 -0.025084152074112975 -0.0043107344681864394 0.0082178145151728908 -0.026621246112447639 -0.0091747803997606087 -0.0089583557722847131 1.8267372066157339 -0.043321809381621938 -0.73584782727482212
leaf_weight=174 315 5871 257 194 1485 1405 4899 17444 1137 1709 3007 142 486 189
leaf_count=174 315 5871 257 194 1485 1405 4899 17444 1137 1709 3007 142 486 189
internal_value=-0.000119321 -5.26657e-05 8.2396e-06 0.00106552 0.00384501 -0.000252119 -0.00155856 0.000132906 -0.00145437 0.000758361 -0.00257514 -0.000282866 -0.00427685 -0.00818382
internal_weight=38714 38540 38225 7550 1679 30675 6979 23696 6252 2108 4144 1851 2080 675
internal_count=38714 38540 38225 7550 1679 30675 6979 23696 6252 2108 4144 1851 2080 675
cat_boundaries=0 1 2 3
cat_threshold=1067 5133 40
is_linear=0
shrinkage=0.035


Tree=236
num_leaves=15
num_cat=2
split_feature=13 19 23 16 0 5 23 24 32 13 0 24 32 30
split_gain=28.5821 13.9151 8.39513 8.0927 13.5245 13.1717 12.7401 12.1832 16.68 13.564 17.4078 11.9283 25.6658 17.0588
threshold=1.1250000000000002 1.3291666666666668 0.92927361569809008 2.1172702547820594 6.0500000000000007 6.0500000000000007 1.2515165719463772 4.5000000000000009 0 1855.0000000000002 3850.5000000000005 5.5000000000000009 1 -0.94703994556331683
decision_type=10 10 10 10 10 8 8 2 1 10 8 2 1 2
left_child=2 -2 -1 4 -3 6 -5 9 11 -7 -11 -9 13 -13
right_child=1 3 -4 5 -6 7 -8 8 -10 10 -12 12 -14 -15
leaf_value=-0.0080200755892129317 -0.0012129595893647905 -0.0005635449955613775 -0.0010200739202828768 -0.035535851207421872 0.00455355274954826 0.0014936700687742601 -0.004197796335321336 -0.027618919307438861 -0.0041543045862395371 0.86028687190131803 20.714305729822108 0.13238090260710159 -0.71009315332020317 -0.072774135753007174
leaf_weight=123 315 3878 51 190 3977 22864 269 1357 4796 164 61 52 189 428
leaf_count=123 315 3878 51 190 3977 22864 269 1357 4796 164 61 52 189 428
internal_value=-0.000124745 -5.993e-05 -0.0140782 9.15511e-07 0.00100191 -0.000258107 -0.00610991 -0.000167302 -0.00146624 0.000216723 0.00867391 -0.00411563 -0.0079451 -0.00325253
internal_weight=38714 38540 174 38225 7855 30370 459 29911 6822 23089 225 2026 669 480
internal_count=38714 38540 174 38225 7855 30370 459 29911 6822 23089 225 2026 669 480
cat_boundaries=0 1 2
cat_threshold=1067 40
is_linear=0
shrinkage=0.035


Tree=237
num_leaves=15
num_cat=2
split_feature=13 19 23 30 17 0 30 29 24 21 8 32 22 32
split_gain=28.5746 12.2838 8.39513 7.74375 12.4858 9.95912 9.64295 9.44046 18.5744 11.862 15.7972 11.6691 11.4034 10.0143
threshold=1.1250000000000002 1.3291666666666668 0.92927361569809008 0.97461712852231652 1.1677484162422715 3075.0000000000005 0.97062204580664158 0.082691702092476851 3.5000000000000004 1344.0562678062681 32.364935436206039 0 1.0401000550995216 1
decision_type=10 10 10 2 10 10 2 2 2 2 2 1 10 1
left_child=2 -2 -1 5 -5 6 -3 9 13 10 -6 12 -11 -9
right_child=1 3 -4 4 7 -7 -8 8 -10 11 -12 -13 -14 -15
leaf_value=-0.0077393729435904753 -0.0011705060037370209 0.00017889419456721846 -0.00098437133307297865 0.0096730659364744221 0.11729840879930981 9.9795503658773423 0.053385026103265933 0.10476493717326918 -0.33388724918385471 0.045835346715754482 -0.094023461950954484 -0.034841781669150078 -0.045598096663741434 -0.074104699515514225
leaf_weight=123 315 35820 51 97 234 52 158 115 140 315 169 716 187 222
leaf_count=123 315 35820 51 97 234 52 158 115 140 315 169 716 187 222
internal_value=-0.000126553 -6.1746e-05 -0.0140782 -4.57756e-06 -0.00202045 0.000118496 9.53228e-05 -0.00259629 -0.00689834 -0.00131304 0.00386029 -0.00303352 0.00108317 -0.0023538
internal_weight=38714 38540 174 38225 2195 36030 35978 2098 477 1621 403 1218 502 337
internal_count=38714 38540 174 38225 2195 36030 35978 2098 477 1621 403 1218 502 337
cat_boundaries=0 1 2
cat_threshold=25652 1070
is_linear=0
shrinkage=0.035


Tree=238
num_leaves=15
num_cat=1
split_feature=13 19 23 16 0 26 21 26 32 26 3 0 16 15
split_gain=28.5969 11.5284 8.39513 7.61486 20.3596 15.0475 13.9529 14.1085 13.0232 16.0526 19.7246 27.9755 18.8325 14.6713
threshold=1.1250000000000002 1.3291666666666668 0.92927361569809008 3.4448028487374165 29.900000000000002 57.500000000000007 2985.4257246376815 61.500000000000007 0 302.50000000000006 270.75000000000006 139.15000000000003 58.327377914583387 33.07500000000001
decision_type=10 10 10 10 8 2 2 2 1 2 8 8 10 2
left_child=2 -2 -1 6 5 -5 -3 -8 9 10 11 13 -13 -6
right_child=1 3 -4 4 8 -7 7 -9 -10 -11 -12 12 -14 -15
leaf_value=-0.0074684948905648111 -0.0011295382936062249 0.00083950873667963839 -0.0009499183364154219 -0.050330508259643796 -0.063668591285976198 -0.0082872979456571731 -0.0033573078574121265 0.035988742282300847 0.010243640134619467 0.040155540457453329 -0.19487442039263983 0.014903604939409265 1.117189718690909 -0.0234764696878694
leaf_weight=123 315 11725 51 507 449 2839 80 175 13356 1949 1461 2333 274 3077
leaf_count=123 315 11725 51 507 449 2839 80 175 13356 1949 1461 2333 274 3077
internal_value=-0.000121129 -5.62978e-05 -0.0140782 -9.15511e-07 -0.000334667 -0.00288272 0.000730079 0.00875 3.82029e-05 -0.00094842 -0.00167654 -0.000804008 0.00194296 -0.00283489
internal_weight=38714 38540 174 38225 26245 3346 11980 255 22899 9543 7594 6133 2607 3526
internal_count=38714 38540 174 38225 26245 3346 11980 255 22899 9543 7594 6133 2607 3526
cat_boundaries=0 1
cat_threshold=21007
is_linear=0
shrinkage=0.035


Tree=239
num_leaves=15
num_cat=2
split_feature=13 19 23 29 29 20 33 5 32 26 20 5 5 22
split_gain=28.6339 11.5601 8.39513 7.37838 9.55732 26.3655 30.8488 16.1584 15.2393 13.0273 12.3592 11.8364 11.3169 12.5961
threshold=1.1250000000000002 1.3291666666666668 0.92927361569809008 0.99966190462023474 0.94704596667653973 1860.3571428571431 0 851.00000000000011 1 93.500000000000014 2387.678571428572 27.100000000000005 125.25000000000001 0.76311693367632205
decision_type=10 10 10 2 2 10 1 8 1 2 10 10 10 10
left_child=2 -2 -1 4 -3 7 8 12 -7 -10 -8 -11 13 -6
right_child=1 3 -4 -5 5 6 10 -9 9 11 -12 -13 -14 -15
leaf_value=-0.0072070975693950441 -0.0010900044533300047 -0.0004884577229652277 -0.0009166711946408813 -0.021883553268896312 0.031557121464621078 0.010922536985946644 -0.0076557348033781036 0.079345084741382785 0.042305826856589415 0.10350507423040245 0.015932116461049178 1.1084827657352292 -0.15936592142177661 -0.008061983019099668
leaf_weight=123 315 34209 51 338 117 233 409 186 436 122 480 160 411 1124
leaf_count=123 315 34209 51 338 117 233 409 186 436 122 480 160 411 1124
internal_value=-0.00011209 -4.72175e-05 -0.0140782 8.2396e-06 5.4497e-05 0.00174857 0.00470461 -0.00121541 0.00902174 0.0115553 -3.87168e-05 0.017561 -0.00232348 -0.000646067
internal_weight=38714 38540 174 38225 37887 3678 1840 1838 951 718 889 282 1652 1241
internal_count=38714 38540 174 38225 37887 3678 1840 1838 951 718 889 282 1652 1241
cat_boundaries=0 1 2
cat_threshold=9 35073
is_linear=0
shrinkage=0.035


Tree=240
num_leaves=15
num_cat=3
split_feature=10 9 19 22 32 23 32 24 23 22 32 11 0 17
split_gain=29.9925 9.52988 8.96371 7.18787 24.1289 38.4429 24.8192 17.5952 15.887 18.316 18.1529 15.6239 15.5271 15.3847
threshold=1.2183333333333337 2705.0000000000005 1.3291666666666668 1.0598062670044095 0 1.0158162444832251 1 1.0000000180025095e-35 0.63162713007725302 0.70138769421246783 2 1536.4935064935069 4150.0000000000009 2.28021795487463
decision_type=10 8 10 10 1 8 1 2 10 10 1 10 8 10
left_child=1 -1 -2 8 13 6 -6 -8 10 -10 -4 -7 -13 -5
right_child=2 -3 3 4 5 11 7 -9 9 -11 -12 12 -14 -15
leaf_value=-0.0010518542974634561 -0.001058574385799317 -0.007836617741113272 -0.021281495309597304 0.0074314954653507577 -0.042801169761385413 0.0038772837653458674 0.27552771322739306 -0.0095522360520708116 0.051283639278375905 0.0022351073999831565 -0.0010264267357266378 1.4305672193282226 35.339630631860068 -0.053378721568255398
leaf_weight=95 283 116 1285 337 692 8690 89 545 637 17233 5211 152 53 3296
leaf_count=95 283 116 1285 337 692 8690 89 545 637 17233 5211 152 53 3296
internal_value=-0.000119321 -0.013125 -4.6354e-05 0 -0.00063641 0.000235932 -0.0053118 -0.000215716 0.000361906 0.000900699 -0.00111983 0.00106573 0.0105 -0.00307977
internal_weight=38714 211 38503 38220 13854 10221 1326 634 24366 17870 6496 8895 205 3633
internal_count=38714 211 38503 38220 13854 10221 1326 634 24366 17870 6496 8895 205 3633
cat_boundaries=0 1 2 3
cat_threshold=8454 53456 2120
is_linear=0
shrinkage=0.035


Tree=241
num_leaves=15
num_cat=3
split_feature=10 8 19 16 24 32 21 32 22 32 22 17 5 29
split_gain=25.7301 10.1568 8.98491 7.15287 6.87164 50.0697 18.2177 18.2657 13.1023 10.9436 15.1479 18.7989 11.9798 10.1674
threshold=1.2183333333333337 0.33882726099651672 1.3291666666666668 1.0000000180025095e-35 5.5000000000000009 0 1069.1833333333336 1 1.5236325238862833 2 0.62726747645885117 186.8636617734185 1204.0000000000002 -0.8041866928211282
decision_type=10 2 10 10 2 1 2 1 10 1 10 10 10 2
left_child=1 -1 -2 -4 9 -6 -7 13 -9 10 -5 -12 -11 -8
right_child=2 -3 3 4 5 6 7 8 -10 12 11 -13 -14 -15
leaf_value=-0.00089630603678836416 -0.0010215242822963389 -0.0076103077508195378 0.0081351499659296066 -0.25999955639902922 -0.68566581439421304 -0.047230493518873262 0.0377686664606392 -0.00054723653059000736 -0.21006496942391312 4.6616065672837606e-05 0.03576818878582682 3.325531452188708 -1.3718616773353431 0.014563635030379177
leaf_weight=96 283 115 69 113 189 453 130 1802 98 32562 1942 272 220 370
leaf_count=96 283 115 69 113 189 453 130 1802 98 32562 1942 272 220 370
internal_value=-0.000106666 -0.0121528 -3.90828e-05 7.32505e-06 -1.37593e-05 -0.00160814 -0.00040272 0.000814969 -0.000767624 0.000124594 0.00243595 0.00309148 -4.05525e-05 0.00666019
internal_weight=38714 211 38503 38220 38151 3042 2853 2400 1900 35109 2327 2214 32782 500
internal_count=38714 211 38503 38220 38151 3042 2853 2400 1900 35109 2327 2214 32782 500
cat_boundaries=0 1 2 3
cat_threshold=1024 2112 1024
is_linear=0
shrinkage=0.035


Tree=242
num_leaves=15
num_cat=2
split_feature=10 9 19 29 32 13 32 4 8 22 15 26 1 22
split_gain=23.0357 9.24063 8.9743 6.97277 19.676 19.1402 15.4456 13.7961 13.5035 15.0641 12.9486 12.756 11.8567 10.3542
threshold=1.2183333333333337 2705.0000000000005 1.3291666666666668 -0.46801505794253101 0 299.27500000000003 1 361.00000000000006 0.95047481452384452 1.0727995663340493 205.25000000000003 285.50000000000006 2660.0000000000005 1.0690151186118177
decision_type=10 8 10 2 1 10 1 8 2 10 2 2 10 10
left_child=1 -1 -2 4 5 8 12 13 9 -4 -10 -9 -5 -6
right_child=2 -3 3 6 7 -7 -8 11 10 -11 -12 -13 -14 -15
leaf_value=-0.00098366868576464607 -0.00098577093241596471 -0.0072959753488956195 0.0086866294284086779 0.0020141342312868819 0.0086463203191193203 -0.42690100291740013 -0.0047685121429703031 0.0070103800805540488 -0.0045989670777898933 -0.0036215089737299459 0.24154013555715212 0.39857330547554887 9.8666661544062766 -0.0022034022487691421
leaf_weight=95 283 116 166 12363 3822 420 12337 542 4631 87 354 603 66 2829
leaf_count=95 283 116 166 12363 3822 420 12337 542 4631 87 354 603 66 2829
internal_value=-0.000106666 -0.0115046 -4.27184e-05 3.66252e-06 0.000644922 -0.000925436 -0.000344758 0.00178338 -0.00034713 0.00746124 -0.000750501 0.00532609 0.000525956 0.00117263
internal_weight=38714 211 38503 38220 13454 5658 24766 7796 5238 253 4985 1145 12429 6651
internal_count=38714 211 38503 38220 13454 5658 24766 7796 5238 253 4985 1145 12429 6651
cat_boundaries=0 1 2
cat_threshold=53779 54673
is_linear=0
shrinkage=0.035


Tree=243
num_leaves=15
num_cat=5
split_feature=10 9 19 23 32 22 3 1 32 32 21 22 32 33
split_gain=23.0357 9.24063 8.9743 6.91623 38.6588 24.8996 16.3313 19.4375 16.1206 15.1124 15.0102 13.3376 20.5527 22.5645
threshold=1.2183333333333337 2705.0000000000005 1.3291666666666668 1.2163079451974377 0 1.2843083096366799 8.0500000000000025 100.50000000000001 1 2 1558.7750000000003 1.0690151186118177 3 4
decision_type=10 8 10 10 1 10 8 8 1 1 2 10 1 1
left_child=1 -1 -2 11 6 9 10 -8 -7 -6 -5 -4 13 -13
right_child=2 -3 3 4 5 8 7 -9 -10 -11 -12 12 -14 -15
leaf_value=-0.000949240281762881 -0.00095126894978140762 -0.0070406162116842703 0.00048062367632478292 -0.012781959169975644 0.053884187849053397 -0.087456261397094975 -0.046631159529739383 -0.012076890688224099 0.013283548069415724 0.02300173133647701 0.011968670444302562 0.05511949755981526 -0.014007894004444098 -0.011598356721688942
leaf_weight=95 283 116 23858 108 713 468 1102 1206 1631 1785 294 721 4261 2073
leaf_count=95 283 116 23858 108 713 468 1102 1206 1631 1785 294 721 4261 2073
internal_value=-0.000106666 -0.0115046 -4.27184e-05 3.66252e-06 0.00097169 0.00292173 -0.00233761 -0.00348033 0.000116445 0.00528566 0.00412776 -0.000225273 -0.00156161 0.000772517
internal_weight=38714 211 38503 38220 7307 4597 2710 2308 2099 2498 402 30913 7055 2794
internal_count=38714 211 38503 38220 7307 4597 2710 2308 2099 2498 402 30913 7055 2794
cat_boundaries=0 1 2 3 4 5
cat_threshold=8971 20484 16608 3912 8
is_linear=0
shrinkage=0.035


Tree=244
num_leaves=15
num_cat=2
split_feature=10 19 9 23 32 22 32 5 3 30 1 22 9 1
split_gain=20.5179 8.98491 7.82925 7.13926 33.4471 22.461 18.2875 17.1761 13.5978 14.7898 14.0754 13.3376 22.6113 25.2334
threshold=1.2183333333333337 1.3291666666666668 2705.0000000000005 1.2163079451974377 0 1.2772158459727891 1 520.50000000000011 7.0500000000000007 -0.30164489695395946 82.100000000000009 1.0690151186118177 2362.5000000000005 120.25000000000001
decision_type=10 10 8 10 1 10 1 10 8 2 8 10 8 8
left_child=2 -2 -1 11 8 6 -6 -7 9 -5 -10 -3 -13 -14
right_child=1 3 -4 4 5 7 -8 -9 10 -11 -12 12 13 -15
leaf_value=-0.00091601687190118305 -0.00091797453653905581 0.00046380184765342121 -0.0067941946442753205 -0.0052025031587298355 0.054307659033615743 -0.0062315681374542466 0.01494615844375078 2.5361988601646956 -0.046037918579615103 0.024501872446497968 -0.026943469747692961 -0.01691581574440686 -0.0074448003094452816 0.08383999343693635
leaf_weight=95 283 23858 116 124 938 2134 1770 192 828 180 1141 3680 2107 1268
leaf_count=95 283 23858 116 124 938 2134 1770 192 828 180 1141 3680 2107 1268
internal_value=-9.94344e-05 -3.90828e-05 -0.0108565 7.32505e-06 0.000990837 0.00257873 0.00474751 6.00601e-05 -0.00252404 0.00430421 -0.00359929 -0.000225273 -0.00156161 0.000507396
internal_weight=38714 38503 211 38220 7307 5034 2708 2326 2273 304 1969 30913 7055 3375
internal_count=38714 38503 211 38220 7307 5034 2708 2326 2273 304 1969 30913 7055 3375
cat_boundaries=0 1 2
cat_threshold=8459 20704
is_linear=0
shrinkage=0.035


Tree=245
num_leaves=15
num_cat=3
split_feature=14 22 30 23 32 32 8 8 19 23 23 22 32 23
split_gain=16.111 9.6788 19.0522 12.5738 10.731 9.99782 9.61856 9.40001 9.09195 8.06191 11.0638 13.5151 27.1218 16.9913
threshold=1.3250000000000004 2.0577088934636776 -0.49065906150552346 2.4478827479413598 0 1 0.60480531882929756 4.9321427350810252 33.51250000000001 0.12511141722712912 0.46169292554834723 0.76311693367632205 2 0.6960629539951575
decision_type=10 8 2 10 1 1 2 2 10 8 8 10 1 8
left_child=6 3 -3 9 -5 -4 -1 -8 -6 -2 -11 12 -12 -13
right_child=1 2 5 4 8 -7 7 -9 -10 10 11 13 -14 -15
leaf_value=-0.00017952369694110296 0.1819539184104188 -0.71279369840493478 0.065848888689570159 0.26240811353618115 -0.24810992216969602 -0.15895728966094072 -0.0059872272497746761 -0.051869135570321231 0.6121311806789822 -0.015950749364222434 0.049910683958615809 -0.017011267093644627 0.0040657760345289163 7.5178868901948362e-05
leaf_weight=293 115 76 128 110 57 116 81 52 68 1033 421 1581 2713 31870
leaf_count=293 115 76 128 110 57 116 81 52 68 1033 421 1581 2713 31870
internal_value=-9.22028e-05 -1.64521e-05 -0.00603077 3.50249e-05 0.00802083 -0.0011245 -0.00682135 -0.0144565 0.00025 -1.57666e-05 -4.46535e-05 5.64362e-05 0.00225231 -0.000149599
internal_weight=38714 38288 320 37968 235 244 426 133 125 37733 37618 36585 3134 33451
internal_count=38714 38288 320 37968 235 244 426 133 125 37733 37618 36585 3134 33451
cat_boundaries=0 1 2 3
cat_threshold=16505 12332 132
is_linear=0
shrinkage=0.035


Tree=246
num_leaves=15
num_cat=3
split_feature=13 8 19 23 23 16 33 22 32 23 32 14 0 30
split_gain=16.0816 11.3512 10.0955 7.13549 9.03207 12.5372 12.2011 10.697 24.7291 17.2731 48.3487 15.0077 14.505 12.4958
threshold=1.1250000000000002 0.53416053327738489 1.3291666666666668 0.12511141722712912 0.44442876849761731 3.6191159035938045 0 0.76311693367632205 1 0.67598175863788146 2 8.0250000000000021 752.00000000000011 -0.88620506325989179
decision_type=10 2 10 8 8 10 1 10 1 8 1 10 8 2
left_child=1 -1 -2 -4 5 -5 -7 8 11 10 -9 -6 -10 -13
right_child=2 -3 3 4 7 6 -8 9 12 -11 -12 13 -14 -15
leaf_value=0.00016692547596098284 -0.00087767295199170597 -0.0063948165086287999 0.20942657076661061 0.0082535789289437996 -0.0076528725482984993 0.092762756311940017 -0.087310422634056792 -0.047480418654569929 0.0057964813995257823 0.00016390053562477248 0.00049326591441202884 0.0046048794814988981 -0.029466711078500265 0.085506200361626206
leaf_weight=51 315 123 113 163 142 167 574 354 1733 32630 988 229 513 619
leaf_count=51 315 123 113 163 142 167 574 354 1733 32630 988 229 513 619
internal_value=-9.22028e-05 -0.0105587 -4.35854e-05 8.2396e-06 -1.83645e-05 -0.00346535 -0.00539544 6.58372e-05 0.00198704 -0.000117432 -0.00400148 0.00654726 -6.19195e-05 0.00837046
internal_weight=38714 174 38540 38225 38112 904 741 37208 3236 33972 1342 990 2246 848
internal_count=38714 174 38540 38225 38112 904 741 37208 3236 33972 1342 990 2246 848
cat_boundaries=0 1 2 3
cat_threshold=2 24711 20673
is_linear=0
shrinkage=0.035


Tree=247
num_leaves=15
num_cat=2
split_feature=13 8 19 1 23 5 0 1 22 23 32 22 19 32
split_gain=16.0816 11.3512 9.39463 6.7781 12.6945 8.07061 10.0851 13.965 9.21809 17.6705 30.4687 23.6549 19.2383 17.4062
threshold=1.1250000000000002 0.53416053327738489 1.3291666666666668 2215.0000000000005 1.6476866022543961 1204.0000000000002 1410.0000000000002 1795.0000000000002 1.0598062670044095 1.2062694680747199 0 1.3595491179587584 5.0125000000000011 1
decision_type=10 2 10 10 8 10 10 10 10 8 1 10 10 1
left_child=1 -1 -2 5 -5 8 -7 -8 -4 11 12 13 -11 -10
right_child=2 -3 3 4 -6 6 7 -9 9 10 -12 -13 -14 -15
leaf_value=0.00016108308430234477 -0.00084695439867199637 -0.0061709979308267942 0.0012691539911812535 0.76792282743691209 9.9059741475751402 -1.1562676436201031 3.4870895243313047 -2.5416890648635198 0.005377471611260792 0.025424547875683712 0.0077343951321063161 -0.12717763823038145 -0.060351957688093441 -0.013364841874515773
leaf_weight=51 315 123 24062 115 51 214 79 50 2003 74 6890 347 1314 3026
leaf_count=51 315 123 24062 115 51 214 79 50 2003 74 6890 347 1314 3026
internal_value=-9.22028e-05 -0.0105587 -4.35854e-05 6.40858e-06 0.00695906 -2.48266e-05 -0.00533046 0.00235075 2.41245e-05 -0.000702101 0.000312689 -0.00226352 -0.00439059 -0.00164779
internal_weight=38714 174 38540 38225 166 38059 343 129 37716 13654 8278 5376 1388 5029
internal_count=38714 174 38540 38225 166 38059 343 129 37716 13654 8278 5376 1388 5029
cat_boundaries=0 1 2
cat_threshold=8450 9993
is_linear=0
shrinkage=0.035


Tree=248
num_leaves=15
num_cat=3
split_feature=13 8 19 26 22 32 32 23 23 32 3 1 1 29
split_gain=16.0538 11.3512 9.36609 6.52459 14.8778 14.4092 12.6123 12.0716 12.0394 17.7561 11.5931 10.7637 10.2966 11.0077
threshold=1.1250000000000002 0.53416053327738489 1.3291666666666668 91.500000000000014 0.88255278219130506 0 1 0.36060633846256446 0.82977524047110751 2 431.50000000000006 36.100000000000009 33.100000000000009 0.52766072109828632
decision_type=10 2 10 2 10 1 1 10 8 1 8 8 10 2
left_child=1 -1 -2 4 5 10 12 11 9 -8 -4 -7 -6 -14
right_child=2 -3 3 -5 6 7 8 -9 -10 -11 -12 -13 13 -15
leaf_value=0.0001554451763517606 -0.00081731099471847655 -0.0059550130032478537 0.013635977409430381 0.00085380438417149941 0.0044425710219314742 -0.042686800037335028 -0.13313302698242227 0.0040479436003962024 -0.0080444065205911974 -0.013395371285099537 0.1757795693184146 0.00054892292188683637 0.036122316054196878 -0.04408130252755104
leaf_weight=51 315 123 695 29422 1451 167 118 1165 2848 264 90 159 577 1269
leaf_count=51 315 123 695 29422 1451 167 118 1165 2848 264 90 159 577 1269
internal_value=-0.000101242 -0.0105587 -5.26657e-05 -2.74653e-06 -0.000838442 0.00159579 -0.00168784 -0.000441567 -0.00323575 -0.00904393 0.00538125 -0.00634441 -0.000158514 -0.00189087
internal_weight=38714 174 38540 38225 8803 2276 6527 1491 3230 382 785 326 3297 1846
internal_count=38714 174 38540 38225 8803 2276 6527 1491 3230 382 785 326 3297 1846
cat_boundaries=0 1 2 3
cat_threshold=50561 13688 132
is_linear=0
shrinkage=0.035


Tree=249
num_leaves=15
num_cat=3
split_feature=13 8 19 20 6 33 30 3 29 6 32 20 33 16
split_gain=16.0372 11.3512 9.34898 7.0608 12.1533 11.6217 23.1082 13.665 13.4524 21.6866 16.497 15.5607 29.1895 22.7919
threshold=1.1250000000000002 0.53416053327738489 1.3291666666666668 837.32142857142867 560.75000000000011 0 0.63755505330306683 2325.0000000000005 0.92922379131507438 299.70000000000005 1 1833.4523809523812 2 5.4650404085118165
decision_type=10 2 10 10 10 1 2 8 2 10 1 10 1 10
left_child=1 -1 -2 4 -4 6 -5 -8 -7 10 -10 13 -13 -12
right_child=2 -3 3 5 -6 8 7 -9 9 -11 11 12 -14 -15
leaf_value=0.00015000459517945154 -0.00078870510990332939 -0.0057465875481341831 -0.026065770938687317 0.0018612953725247829 0.9626964553799281 -0.0020755246391465578 0.055392226816957178 -0.056062349805565723 -0.010903632226637632 1.4132034933959792 0.0043588052229524546 0.060396850569774056 -0.0013399954250343682 -0.12060611969699558
leaf_weight=51 315 123 1680 6341 133 24801 1678 117 624 130 548 960 924 289
leaf_count=51 315 123 1680 6341 133 24801 1678 117 624 130 548 960 924 289
internal_value=-0.000106666 -0.0105587 -5.81139e-05 -8.2396e-06 -0.00213696 9.80311e-05 0.00126242 0.00476389 -0.000237531 0.00180029 0.00124328 0.00241776 0.0041874 -0.001538
internal_weight=38714 174 38540 38225 1813 36412 8136 1795 28276 3475 3345 2721 1884 837
internal_count=38714 174 38540 38225 1813 36412 8136 1795 28276 3475 3345 2721 1884 837
cat_boundaries=0 1 2 3
cat_threshold=2 35072 9
is_linear=0
shrinkage=0.035


Tree=250
num_leaves=15
num_cat=1
split_feature=13 8 19 20 33 30 16 22 0 29 16 9 16 9
split_gain=16.0261 11.3512 9.33758 7.03653 10.6893 21.2603 12.7033 12.5488 12.3741 12.2266 15.9035 14.3317 14.1117 20.6788
threshold=1.1250000000000002 0.53416053327738489 1.3291666666666668 837.32142857142867 0 0.63755505330306683 174.91494531697296 1.5236325238862833 1305.0000000000002 0.94704596667653973 32.513733362117186 2322.5000000000005 4.6445052020032662 1862.5000000000002
decision_type=10 2 10 10 1 2 10 10 8 2 10 10 10 8
left_child=1 -1 -2 -4 5 7 8 -5 -7 11 12 -6 -11 -14
right_child=2 -3 3 4 9 6 -8 -9 -10 10 -12 -13 13 -15
leaf_value=0.00014475443434817104 -0.00076110043105671161 -0.0055454569839494868 -0.019310604213250572 0.0033369267330830435 -0.0043715368880617913 0.036449029233848552 -0.6487142377143551 -0.1476227899044478 0.2488282358311798 0.0058278793606552498 0.66542865691333242 0.0019150281718250995 -0.11665476157935652 0.017475513677899103
leaf_weight=51 315 123 1813 6209 16522 1531 62 132 202 1428 359 8787 351 829
leaf_count=51 315 123 1813 6209 16522 1531 62 132 202 1428 359 8787 351 829
internal_value=-0.000110282 -0.0105587 -6.1746e-05 -1.19016e-05 9.41868e-05 0.00121089 0.00456944 0.000259218 0.00513521 -0.000227634 0.00189603 -0.000477009 0.00093762 -0.0018903
internal_weight=38714 174 38540 38225 36412 8136 1795 6341 1733 28276 2967 25309 2608 1180
internal_count=38714 174 38540 38225 36412 8136 1795 6341 1733 28276 2967 25309 2608 1180
cat_boundaries=0 1
cat_threshold=2
is_linear=0
shrinkage=0.035


Tree=251
num_leaves=15
num_cat=0
split_feature=13 8 19 16 0 21 1 10 4 26 30 21 7 24
split_gain=16.0205 11.3512 9.33189 7.27727 17.2517 14.0548 12.3684 18.9698 12.7766 12.1791 11.4963 16.0171 13.7592 12.691
threshold=1.1250000000000002 0.53416053327738489 1.3291666666666668 3.4448028487374165 30.150000000000002 2985.4257246376815 77.100000000000009 31.591666666666672 23.050000000000004 61.500000000000007 -0.99273797715557011 1945.1086956521742 218.49002849002849 1.0000000180025095e-35
decision_type=10 2 10 10 8 2 10 10 10 2 2 2 2 2
left_child=1 -1 -2 5 6 -4 7 8 -5 -7 11 12 -6 -12
right_child=2 -3 3 4 10 9 -8 -9 -10 -11 13 -13 -14 -15
leaf_value=0.00013968802914598235 -0.00073446191596972308 -0.0053513659895112545 0.00076172834053323652 -0.012886591029982918 0.054116187900153892 -0.0032395721979318966 1.1490215574393046 -0.061753927194204798 0.0069573823665483201 0.034830367755334102 0.033543987245127325 -0.20757691685412533 -0.55348523928771953 -0.00296356147219365
leaf_weight=51 315 123 11725 1913 349 80 50 667 1230 175 3463 391 102 18080
leaf_count=51 315 123 11725 1913 349 80 50 667 1230 175 3463 391 102 18080
internal_value=-0.00011209 -0.0105587 -6.35621e-05 -1.37327e-05 -0.00034 0.000700876 -0.00249935 -0.00273394 -0.0015899 0.00875 3.28272e-05 -0.00396694 0.000537281 0.000190041
internal_weight=38714 174 38540 38225 26245 11980 3860 3810 3143 255 22385 842 451 21543
internal_count=38714 174 38540 38225 26245 11980 3860 3810 3143 255 22385 842 451 21543
is_linear=0
shrinkage=0.035


Tree=252
num_leaves=15
num_cat=1
split_feature=13 8 19 22 23 32 23 3 0 26 26 1 29 21
split_gain=16.0372 11.3512 9.34898 7.02109 22.6897 15.0484 14.6913 22.5199 12.6428 12.3664 9.99603 9.90275 14.2623 8.30698
threshold=1.1250000000000002 0.53416053327738489 1.3291666666666668 1.6556622003351549 2.1500351723444884 0 1.8549067072839038 31.550000000000004 47.050000000000004 249.50000000000003 265.50000000000006 361.00000000000006 -0.8781231054254196 3208.3333333333335
decision_type=10 2 10 10 8 1 10 10 10 2 2 8 2 2
left_child=1 -1 -2 6 8 11 13 9 -5 -8 -9 12 -6 -4
right_child=2 -3 3 4 5 -7 7 10 -10 -11 -12 -13 -14 -15
leaf_value=0.0001347989481258727 -0.00070875574891078325 -0.0051640681798783613 -0.00013951970227767785 0.0016605205271842218 0.02391616177478393 0.11640114135027579 -0.0461619276386354 0.80569714620151711 -0.35443150413599295 0.073933118566982634 0.098674406354269453 0.25600810030663967 -0.31164114923122854 0.017752716838672532
leaf_weight=51 315 123 36498 129 50 349 156 194 338 114 89 92 89 127
leaf_count=51 315 123 36498 129 50 349 156 194 338 114 89 92 89 127
internal_value=-0.000106666 -0.0105587 -5.81139e-05 -8.2396e-06 -0.00282795 0.00179487 7.15381e-05 0.00570789 -0.00852754 -0.00152727 0.0125174 -0.00497967 -0.0109375 -1.43325e-05
internal_weight=38714 174 38540 38225 1047 580 37178 553 467 270 283 231 139 36625
internal_count=38714 174 38540 38225 1047 580 37178 553 467 270 283 231 139 36625
cat_boundaries=0 1
cat_threshold=16694
is_linear=0
shrinkage=0.035


Tree=253
num_leaves=15
num_cat=4
split_feature=13 8 24 32 21 32 29 23 32 22 22 6 17 32
split_gain=16.1706 11.3512 8.04516 44.8308 16.0127 16.9114 11.4983 10.4798 14.5637 14.6194 12.8495 20.1231 19.459 16.5371
threshold=1.1250000000000002 0.53416053327738489 5.5000000000000009 0 1069.1833333333336 1 -0.8041866928211282 1.6767197175332178 2 1.9319513931328725 1.0789290043554225 300.80000000000007 90.778617742588395 3
decision_type=10 2 2 1 2 1 2 10 1 10 10 10 8 1
left_child=1 -1 7 -4 -5 6 -6 10 -9 -10 13 12 -12 -2
right_child=2 -3 3 4 5 -7 -8 8 9 -11 11 -13 -14 -15
leaf_value=0.00013008098494146416 0.010576095050870187 -0.0049833257935826183 -0.66151947680958678 -0.04125414691529166 0.035551438470765431 -0.0038311629871420048 0.013229450949220905 -0.033780523573752858 0.06538788601777358 -0.016605236503143717 -0.0056910226329100312 0.52611336841427203 -0.52003492194259815 -0.00068394929769890816
leaf_weight=51 9072 123 191 459 130 1954 373 437 959 230 8628 891 368 14848
leaf_count=51 9072 123 191 459 130 1954 373 437 959 230 8628 891 368 14848
internal_value=-6.32764e-05 -0.0105587 -1.45285e-05 -0.00172076 -0.000597066 0.000525995 0.00614865 0.000135307 0.00287554 0.00485465 3.10541e-06 -0.00105793 -0.00155538 0.000441797
internal_weight=38714 174 38540 3107 2916 2457 503 35433 1626 1189 33807 9887 8996 23920
internal_count=38714 174 38540 3107 2916 2457 503 35433 1626 1189 33807 9887 8996 23920
cat_boundaries=0 1 2 3 4
cat_threshold=1024 2112 4486 13700
is_linear=0
shrinkage=0.035


Tree=254
num_leaves=15
num_cat=3
split_feature=13 8 24 32 21 32 29 22 17 32 24 9 2 3
split_gain=16.1817 11.3512 7.86827 44.9593 15.3384 16.1087 10.5717 10.3979 10.6005 9.98934 14.1085 24.41 24.4163 13.4072
threshold=1.1250000000000002 0.53416053327738489 5.5000000000000009 0 1069.1833333333336 1 -0.73866753694953124 1.5498138080093782 1.0852420013132842 2 1.5000000000000002 1672.5000000000002 170.50000000000003 270.75000000000006
decision_type=10 2 2 1 2 1 2 10 10 1 2 8 8 8
left_child=1 -1 9 -4 -5 6 -6 8 -7 10 11 12 -2 -11
right_child=2 -3 3 4 5 7 -8 -9 -10 13 -12 -13 -14 -15
leaf_value=0.00012552815046851573 -0.006049994250168709 -0.0048089093908072304 -0.6383662951212512 -0.039810251773256415 0.03181618791970435 -0.00556901309075589 0.012894031641887606 -0.19541276328332566 0.0031838679616177949 0.00062372601826335536 0.0086843157369844819 0.046638368695001452 1.798002349268401 -0.01504337763653712
leaf_weight=51 81 123 191 459 146 139 357 89 1726 28462 1553 511 182 4644
leaf_count=51 81 123 191 459 146 139 357 89 1726 28462 1553 511 182 4644
internal_value=-5.96606e-05 -0.0105587 -1.08964e-05 -0.00169826 -0.000573183 0.000525995 0.00601351 -0.000924327 -0.000355615 0.000137282 0.00234629 0.00620026 0.0147575 -1.90212e-05
internal_weight=38714 174 38540 3107 2916 2457 503 1954 1865 35433 2327 774 263 33106
internal_count=38714 174 38540 3107 2916 2457 503 1954 1865 35433 2327 774 263 33106
cat_boundaries=0 1 2 3
cat_threshold=1024 2112 1024
is_linear=0
shrinkage=0.035


Tree=255
num_leaves=15
num_cat=3
split_feature=13 8 24 32 21 32 22 23 17 32 13 24 9 22
split_gain=16.204 11.3512 7.11581 41.6672 14.0334 15.3256 10.4635 10.1709 9.58348 9.19484 13.6984 19.5708 20.9148 13.3517
threshold=1.1250000000000002 0.53416053327738489 5.5000000000000009 0 1069.1833333333336 1 1.5498138080093782 1.0487012613097524 1.0852420013132842 2 165.40000000000003 1.0000000180025095e-35 1692.5000000000002 0.61137382330452705
decision_type=10 2 2 1 2 1 10 8 10 1 10 2 8 10
left_child=1 -1 9 -4 -5 7 8 -6 -7 10 -2 12 -12 -13
right_child=2 -3 3 4 5 6 -8 -9 -10 -11 11 13 -14 -15
leaf_value=0.00012113466520211393 -0.0061120683473109066 -0.0046405975621289768 -0.6160234747920077 -0.038416892961192529 0.0034998873801795585 -0.0053740976325794311 -0.18857331656840914 0.044627512306709326 0.0030724325829610691 -4.4711316184480324e-05 2.7945086095821381 -1.1019819178716643 0.61321927115300534 0.349800089121585
leaf_weight=51 1100 123 191 459 268 139 89 235 1726 33106 91 50 109 977
leaf_count=51 1100 123 191 459 268 139 89 235 1726 33106 91 50 109 977
internal_value=-5.2429e-05 -0.0105587 -3.63212e-06 -0.00160829 -0.000525418 0.000525995 -0.000888776 0.00587838 -0.000318182 0.000137282 0.00225662 0.00480114 0.0146829 0.00281492
internal_weight=38714 174 38540 3107 2916 2457 1954 503 1865 35433 2327 1227 200 1027
internal_count=38714 174 38540 3107 2916 2457 1954 503 1865 35433 2327 1227 200 1027
cat_boundaries=0 1 2 3
cat_threshold=1024 2112 1024
is_linear=0
shrinkage=0.035


Tree=256
num_leaves=15
num_cat=3
split_feature=10 8 22 32 16 19 32 23 33 6 16 29 21 30
split_gain=16.0106 10.9989 7.48993 18.3305 22.0312 15.8289 14.9963 14.9886 18.0866 14.8691 16.7665 13.9719 13.9629 13.509
threshold=1.2183333333333337 0.33882726099651672 1.0369089782509866 0 3.4448028487374165 29.262500000000006 1 1.2568379596720429 2 220.30000000000004 58.327377914583387 -0.98523971305672675 2451.1437908496737 -0.90161545992537195
decision_type=10 2 10 1 10 10 1 8 1 10 10 2 2 2
left_child=1 -1 6 4 -4 11 9 -5 -9 10 -2 -6 -8 -11
right_child=2 -3 3 7 5 -7 12 8 -10 13 -12 -13 -14 -15
leaf_value=-0.00030062574930161127 -0.0027156516696583925 -0.0051067257207402907 0.0052021769411886611 -0.0034549003210275946 0.047932314114405315 -0.049778644817788931 0.00098925796611510817 0.031888925248510606 -0.0016643450986448729 -0.32872930669681472 1.4698241060490618 -0.069816979279883132 0.014012431521237927 -0.10512614323052519
leaf_weight=96 4265 115 959 5126 50 3606 14508 2960 2765 269 60 629 2730 576
leaf_count=96 4265 115 959 5126 50 3606 14508 2960 2765 269 60 629 2730 576
internal_value=-5.78527e-05 -0.00956019 -4.54451e-06 -0.000580435 -0.0022761 -0.00335315 0.000409138 0.000241579 0.00147208 -0.00124204 -0.00041224 -0.0082383 0.00090477 -0.00547647
internal_weight=38714 211 38503 16095 5244 4285 22408 10851 5725 5170 4325 679 17238 845
internal_count=38714 211 38503 16095 5244 4285 22408 10851 5725 5170 4325 679 17238 845
cat_boundaries=0 1 2 3
cat_threshold=8582 2632 10
is_linear=0
shrinkage=0.035


Tree=257
num_leaves=15
num_cat=4
split_feature=13 8 24 32 21 32 22 17 23 6 33 29 32 23
split_gain=16.1595 11.3512 7.5932 39.4633 13.556 13.6977 10.3979 9.50107 9.1077 9.45687 8.97775 15.4218 15.78 20.5838
threshold=1.1250000000000002 0.53416053327738489 5.5000000000000009 0 1069.1833333333336 1 1.5498138080093782 1.0852420013132842 1.0487012613097524 281.00000000000006 2 0.48314048284850658 3 0.71416782942536139
decision_type=10 2 2 1 2 1 10 10 10 8 1 2 1 8
left_child=1 -1 10 -4 -5 8 7 -7 9 -6 11 -2 -13 -14
right_child=2 -3 3 4 5 6 -8 -9 -10 -11 -12 12 13 -15
leaf_value=0.00012741685314559772 0.013762484380455629 -0.0042994412472285581 -0.59449727720310153 -0.037106925736364864 0.012624383974407955 -0.0054306945606470407 -0.1819149984100622 0.0027801406465537064 0.046839862249317923 -0.19647530629693166 -0.00065787843312978386 0.018742001340459089 0.071339757262601097 -0.033541380255711739
leaf_weight=51 5875 123 191 459 239 139 89 1726 205 59 26471 1327 226 1534
leaf_count=51 5875 123 191 459 239 139 89 1726 205 59 26471 1327 226 1534
internal_value=-6.68922e-05 -0.0105587 -1.81606e-05 -0.00167577 -0.000620948 0.000412266 -0.000924327 -0.000355615 0.00547297 0.00161716 0.000127406 0.00108388 -0.000916882 -0.00307606
internal_weight=38714 174 38540 3107 2916 2457 1954 1865 503 298 35433 8962 3087 1760
internal_count=38714 174 38540 3107 2916 2457 1954 1865 503 298 35433 8962 3087 1760
cat_boundaries=0 1 2 3 4
cat_threshold=1024 2112 2 40336
is_linear=0
shrinkage=0.035


Tree=258
num_leaves=15
num_cat=3
split_feature=10 8 24 32 21 32 32 13 24 9 5 0 22 22
split_gain=16.0228 10.9989 7.25149 37.9573 13.7335 10.7268 8.64966 13.1251 18.6789 22.1523 13.0356 10.5785 9.514 8.78655
threshold=1.2183333333333337 0.33882726099651672 5.5000000000000009 0 1069.1833333333336 1 2 165.40000000000003 1.0000000180025095e-35 1692.5000000000002 1204.0000000000002 124.25000000000001 0.61137382330452705 1.0598062670044095
decision_type=10 2 2 1 2 1 1 10 2 8 10 10 10 10
left_child=1 -1 6 -4 -5 -6 7 11 9 -9 13 -2 -10 -8
right_child=2 -3 3 4 5 -7 10 8 12 -11 -12 -13 -14 -15
leaf_value=-0.00028082077042632992 0.010055958921802617 -0.0049324499103744774 -0.5736898725009929 -0.035808183335592006 0.016885613823043058 -0.0028224294481697856 0.0010122138875006393 2.6961844972646341 -1.0634241490298106 0.59066351002411355 -1.2912700761724638 -0.16441262631900747 0.33741623731598908 -0.0030148406274405474
leaf_weight=96 914 115 191 459 503 1949 21008 91 50 109 220 186 977 11846
leaf_count=96 914 115 191 459 503 1949 21008 91 50 109 220 186 977 11846
internal_value=-5.42369e-05 -0.00956019 -9.08902e-07 -0.00162214 -0.000586124 0.00045584 0.00014136 0.00219684 0.0046875 0.0143415 -4.23101e-06 -0.000570136 0.00274709 5.32579e-05
internal_weight=38714 211 38503 3102 2911 2452 35401 2327 1227 200 33074 1100 1027 32854
internal_count=38714 211 38503 3102 2911 2452 35401 2327 1227 200 33074 1100 1027 32854
cat_boundaries=0 1 2 3
cat_threshold=1024 2112 1024
is_linear=0
shrinkage=0.035


Tree=259
num_leaves=15
num_cat=5
split_feature=10 8 22 23 32 32 21 6 6 33 16 26 32 32
split_gain=16.0045 10.9989 7.09843 17.5446 31.5779 19.7579 16.3376 17.3121 13.0801 12.7994 13.1031 16.5544 13.9613 12.5138
threshold=1.2183333333333337 0.33882726099651672 0.97026308981968956 0.96899056461474664 0 1 1261.9751082251084 73.100000000000009 1103.5000000000002 2 1.7888543819990159 263.50000000000006 3 4
decision_type=10 2 10 10 1 1 2 10 10 1 10 2 1 1
left_child=1 -1 3 5 -5 -2 7 -6 -4 13 11 -11 -12 -7
right_child=2 -3 8 4 6 9 -8 -9 -10 10 12 -13 -14 -15
leaf_value=-0.00027099204346140771 0.1281248992744039 -0.0047598141635113713 -0.0016574159093486697 0.043777120262992832 -0.038133384612757733 -0.0037680840085756811 0.0097341665870323817 0.07923973095942928 3.0833132309906661 0.0041028715292361542 -0.0027377366103638148 -0.010505809197018906 -0.021620873488411199 0.0089681604884192159
leaf_weight=96 647 115 22660 538 355 2305 1983 240 181 1014 2326 329 2632 3293
leaf_count=96 647 115 22660 538 355 2305 1983 240 181 1014 2326 329 2632 3293
internal_value=-5.96606e-05 -0.00956019 -6.36231e-06 0.000567435 0.00291573 -1.67317e-05 0.0012688 -0.00379167 -0.000399851 -0.000343713 -0.00142416 0.00163576 -0.0022567 0.000872973
internal_weight=38714 211 38503 15662 3116 12546 2578 595 22841 11899 6301 1343 4958 5598
internal_count=38714 211 38503 15662 3116 12546 2578 595 22841 11899 6301 1343 4958 5598
cat_boundaries=0 1 2 3 4 5
cat_threshold=4288 256 6 21526 6768
is_linear=0
shrinkage=0.035


Tree=260
num_leaves=15
num_cat=1
split_feature=13 8 29 9 30 8 26 26 23 20 6 1 22 32
split_gain=16.165 11.3512 7.26477 9.24635 7.38809 10.3489 9.06896 13.732 10.6788 10.8352 13.8865 13.1417 12.9578 10.6665
threshold=1.1250000000000002 0.53416053327738489 0.99966190462023474 2382.5000000000005 0.97461712852231652 4.9321427350810252 4.5000000000000009 10.500000000000002 0.8998734555149831 1252.9285714285718 210.70000000000002 133.25000000000003 1.0789290043554225 0
decision_type=10 2 2 8 2 2 2 2 10 10 8 8 10 1
left_child=1 -1 4 -4 -2 -6 -7 -8 13 12 11 -11 -10 -9
right_child=2 -3 3 -5 5 6 7 8 9 10 -12 -13 -14 -15
leaf_value=0.00014227071177157381 0.0003617866858780339 -0.0038097315609895515 -0.0073500107993003825 -0.038457220182468894 0.0054900109747903075 0.063681266553716379 -0.22672993626023052 -0.0020585082720365393 0.37484924080149445 -0.028769869948609306 0.16014680378933577 -0.097284240611313993 0.0319675620352265 -0.14022984116336618
leaf_weight=51 36002 123 241 99 458 160 259 261 57 214 147 108 227 307
leaf_count=51 36002 123 241 99 458 160 259 261 57 214 147 108 227 307
internal_value=-6.50843e-05 -0.0105587 -1.63445e-05 -0.00507246 2.93155e-05 -0.00193827 -0.00316905 -0.00397476 -0.00250754 0.000230871 -0.00302743 -0.00706422 0.00557093 -0.0061082
internal_weight=38714 174 38540 340 38200 2198 1740 1580 1321 753 469 322 284 568
internal_count=38714 174 38540 340 38200 2198 1740 1580 1321 753 469 322 284 568
cat_boundaries=0 1
cat_threshold=29742
is_linear=0
shrinkage=0.035


Tree=261
num_leaves=15
num_cat=3
split_feature=13 8 26 22 23 2 22 32 3 23 32 8 33 4
split_gain=16.1873 11.3512 6.8157 14.1909 11.9651 12.0256 11.2881 10.8837 14.2574 13.5685 18.1709 13.8738 10.6664 10.0713
threshold=1.1250000000000002 0.53416053327738489 91.500000000000014 0.88255278219130506 0.42182824474726605 51.550000000000004 0.61137382330452705 0 6.0500000000000007 0.9641897337808415 1 3.6956763453431538 2 12.100000000000001
decision_type=10 2 2 10 10 10 10 1 10 8 1 2 1 8
left_child=1 -1 3 4 5 13 -6 8 -5 10 12 -12 -9 -2
right_child=2 -3 -4 7 6 -7 -8 9 -10 -11 11 -13 -14 -15
leaf_value=0.00013729123685957026 0.0056772983054591865 -0.0036763909563549183 0.00074474460808603431 -0.0059332586389757051 0.043183444081069014 0.17542913487264125 0.0063740794293555688 0.0033860428435348601 0.005496613135070323 -0.0053519817928695274 0.0019027390497607579 -0.10451330444954325 -0.017902430555890858 -0.056519366132300734
leaf_weight=51 83 123 29680 387 151 137 1609 320 2595 2601 84 350 238 305
leaf_count=51 83 123 29680 387 151 137 1609 320 2595 2601 84 350 238 305
internal_value=-5.78527e-05 -0.0105587 -9.0803e-06 -0.000860688 0.0015131 -0.00310377 0.00289518 -0.00168617 -0.000116783 -0.0029781 -0.00645938 -0.0116927 -0.00207679 -0.0062341
internal_weight=38714 174 38540 8860 2285 525 1760 6575 2982 3593 992 434 558 388
internal_count=38714 174 38540 8860 2285 525 1760 6575 2982 3593 992 434 558 388
cat_boundaries=0 1 2 3
cat_threshold=13624 35331 6
is_linear=0
shrinkage=0.035


Tree=262
num_leaves=15
num_cat=2
split_feature=13 8 16 17 26 22 23 6 32 3 23 32 8 23
split_gain=14.9612 10.7231 8.49861 7.60644 6.88738 11.5877 12.4413 12.0956 10.457 13.49 12.9276 18.2944 13.53 10.306
threshold=1.1250000000000002 0.53416053327738489 1.0000000180025095e-35 0.11677484162423386 91.500000000000014 0.88255278219130506 0.42182824474726605 201.00000000000003 0 6.0500000000000007 0.9641897337808415 1 3.6956763453431538 1.1082391749691443
decision_type=10 2 10 10 2 10 10 10 1 10 8 1 2 8
left_child=1 -1 -2 -4 5 6 7 -5 9 -7 11 -10 -13 -11
right_child=2 -3 3 4 -6 8 -8 -9 10 13 -12 12 -14 -15
leaf_value=0.00013248604356948525 0.0072313260991602674 -0.0035477172728824984 -0.0009450588107210834 -0.023236366909149951 0.00076963644925012178 -0.0057254379291741958 0.008193939381909222 0.64523057989417176 -0.0050899677486233854 0.016704005927181634 -0.0056591523065146034 0.0018361431830191146 -0.10085533879380935 -0.0070146452990001691
leaf_weight=51 69 123 137 464 29505 378 1757 60 557 1323 2588 84 350 1268
leaf_count=51 69 123 137 464 29505 378 1757 60 557 1323 2588 84 350 1268
internal_value=-7.23159e-05 -0.0101676 -2.54248e-05 -4.82119e-05 -1.82582e-05 -0.000875594 0.00127078 -0.00344045 -0.00162368 -8.21046e-05 -0.00289232 -0.00629016 -0.0115367 0.000822419
internal_weight=38714 174 38540 38471 38334 8829 2281 524 6548 2969 3579 991 434 2591
internal_count=38714 174 38540 38471 38334 8829 2281 524 6548 2969 3579 991 434 2591
cat_boundaries=0 1 2
cat_threshold=13624 35331
is_linear=0
shrinkage=0.035


Tree=263
num_leaves=15
num_cat=3
split_feature=13 8 24 32 21 32 32 5 24 9 13 23 29 1
split_gain=15.0041 10.7231 6.65994 34.7766 13.052 10.7932 8.53202 12.9896 12.823 23.4923 20.3854 10.0029 8.65021 8.49903
threshold=1.1250000000000002 0.53416053327738489 5.5000000000000009 0 1069.1833333333336 1 2 1204.0000000000002 1.5000000000000002 1672.5000000000002 165.40000000000003 1.8168083000463571 0.91596454896554913 881.00000000000011
decision_type=10 2 2 1 2 1 1 10 2 8 10 10 2 10
left_child=1 -1 6 -4 -5 -6 8 13 9 10 -2 -10 -11 -8
right_child=2 -3 3 4 5 -7 7 -9 11 12 -12 -13 -14 -15
leaf_value=0.00012784903204455579 -0.0068721430917567982 -0.0034235471683316146 -0.55358057205310729 -0.035286571563203785 0.015932438856788994 -0.0026843397029276432 -6.4494679553165349e-05 -1.2480051098286946 -0.0056822183488369231 -0.0038460939542431308 1.6652438352785413 0.6232957765009548 0.26088804330580428 1.1888872610732621
leaf_weight=51 81 123 191 459 503 1954 32598 220 1496 450 182 57 61 288
leaf_count=51 81 123 191 459 503 1954 32598 220 1496 450 182 57 61 288
internal_value=-5.78527e-05 -0.0101676 -1.08964e-05 -0.0015633 -0.000573183 0.000440699 0.00012543 -1.90212e-05 0.00216695 0.00584082 0.0142351 0.00033697 0.00142442 3.83084e-05
internal_weight=38714 174 38540 3107 2916 2457 35433 33106 2327 774 263 1553 511 32886
internal_count=38714 174 38540 3107 2916 2457 35433 33106 2327 774 263 1553 511 32886
cat_boundaries=0 1 2 3
cat_threshold=1024 2112 1024
is_linear=0
shrinkage=0.035


Tree=264
num_leaves=15
num_cat=1
split_feature=13 8 26 22 6 23 22 32 23 6 22 23 23 8
split_gain=15.0041 10.7231 6.29155 11.7362 11.9979 12.2814 11.9752 11.8456 10.1085 15.0677 12.8104 21.7712 12.9287 9.81776
threshold=1.1250000000000002 0.53416053327738489 91.500000000000014 0.88255278219130506 461.50000000000006 0.44442876849761731 0.61137382330452705 0 2.1500351723444884 149.75000000000003 1.6556622003351549 0.68279227408310328 1.5964005134584014 3.5446380191685538
decision_type=10 2 2 10 10 10 10 1 10 10 10 10 10 2
left_child=1 -1 3 4 5 7 -7 -2 10 -10 -4 -12 -13 -5
right_child=2 -3 8 13 -6 6 -8 -9 9 -11 11 12 -14 -15
leaf_value=0.00012337431592299275 -0.056258139711468973 -0.0033037230174400049 0.00071411374341137093 0.00061010261508761328 0.96507173013814995 0.045379072376755196 0.0051042262795137003 0.002173034890410886 0.030278514242114949 5.1034826785584402 0.11100834276514085 -0.36443529005268976 -0.062033771480525732 -0.025977148925069787
leaf_weight=51 223 123 28637 1763 60 137 1561 304 466 58 163 121 235 4812
leaf_count=51 223 123 28637 1763 60 137 1561 304 466 58 163 121 235 4812
internal_value=-5.78527e-05 -0.0101676 -1.08964e-05 -0.000829103 0.00132969 0.000894619 0.00234292 -0.00375 0.000233451 0.00502836 0.000146428 -0.00527672 -0.0100831 -0.00157979
internal_weight=38714 174 38540 8860 2285 2225 1698 527 29680 524 29156 519 356 6575
internal_count=38714 174 38540 8860 2285 2225 1698 527 29680 524 29156 519 356 6575
cat_boundaries=0 1
cat_threshold=4681
is_linear=0
shrinkage=0.035


Tree=265
num_leaves=15
num_cat=3
split_feature=13 8 23 32 22 22 24 23 32 6 23 20 17 32
split_gain=15.0148 10.7231 6.17865 11.1654 12.7534 10.969 20.2306 20.9712 19.0968 17.1028 16.4538 17.4753 12.3211 12.1463
threshold=1.1250000000000002 0.53416053327738489 1.5422963716391982 0 1.9319513931328725 1.0789290043554225 1.5000000000000002 0.89054632637707576 1 500.50000000000006 1.0463147053708146 1685.7738095238099 266.19868782395434 2
decision_type=10 2 10 1 10 10 2 8 1 10 8 8 8 1
left_child=1 -1 5 -4 -5 13 9 -8 10 12 11 -9 -7 -2
right_child=2 -3 3 4 -6 6 7 8 -10 -11 -12 -13 -14 -15
leaf_value=0.00011905621486568708 0.0073202496566127989 -0.0031880927118296057 -0.16104897303333146 0.025451270463968289 -0.043887154751608516 0.0040926364787576388 -0.052613375863553954 -0.028904870282002195 -0.00122333904013741 2.8030592064382622 -0.050405866610199447 0.05356575502158966 -2.0790075741524183 -0.00071581803022857334
leaf_weight=51 9788 123 224 1997 289 3036 550 121 4307 132 1678 199 51 16168
leaf_count=51 9788 123 224 1997 289 3036 550 121 4307 132 1678 199 51 16168
internal_value=-5.42369e-05 -0.0101676 -7.26424e-06 0.00166998 0.0024033 -0.000124324 -0.00110428 -0.00217857 -0.00160301 0.00118331 -0.00441629 0.0028 0.000645213 0.000256153
internal_weight=38714 174 38540 2510 2286 36030 10074 6855 6305 3219 1998 320 3087 25956
internal_count=38714 174 38540 2510 2286 36030 10074 6855 6305 3219 1998 320 3087 25956
cat_boundaries=0 1 2 3
cat_threshold=260 1291 13700
is_linear=0
shrinkage=0.035


Tree=266
num_leaves=15
num_cat=3
split_feature=13 8 23 33 32 22 22 24 23 32 6 23 8 23
split_gain=15.0148 10.7231 6.17865 11.382 17.9188 9.95232 9.76046 19.2603 18.34 18.2917 17.1028 14.7225 12.0782 11.8601
threshold=1.1250000000000002 0.53416053327738489 1.5422963716391982 0 1 1.7126898000579542 1.0789290043554225 1.5000000000000002 0.89054632637707576 2 500.50000000000006 0.98405687042574075 221.0583295554413 1.2062694680747199
decision_type=10 2 10 1 1 10 10 2 8 1 10 8 2 10
left_child=1 -1 6 5 -5 -4 13 10 -9 11 12 -10 -8 -2
right_child=2 -3 3 4 -6 -7 7 8 9 -11 -12 -13 -14 -15
leaf_value=0.00011488924734538998 6.7306836873659573e-05 -0.0030765094669155725 0.089173859092746929 -0.058326539062401046 0.0091809877668753443 -0.014095122965283801 0.004239933925351185 -0.050771907708329622 0.040261393653541692 -0.00118052217373259 2.704952134212923 -0.040108493177566644 -1.7529379654043045 0.013941189834292976
leaf_weight=51 24616 123 1019 305 818 368 3019 550 167 4307 132 1831 68 1340
leaf_count=51 24616 123 1019 305 818 368 3019 550 167 4307 132 1831 68 1340
internal_value=-5.42369e-05 -0.0101676 -7.26424e-06 0.00166998 -0.000953427 0.00376961 -0.000124324 -0.00104872 -0.00209694 -0.00155864 0.00118331 -0.00431197 0.000645213 0.000234583
internal_weight=38714 174 38540 2510 1123 1387 36030 10074 6855 6305 3219 1998 3087 25956
internal_count=38714 174 38540 2510 1123 1387 36030 10074 6855 6305 3219 1998 3087 25956
cat_boundaries=0 1 2 3
cat_threshold=10 41236 1291
is_linear=0
shrinkage=0.035


Tree=267
num_leaves=15
num_cat=0
split_feature=10 8 16 0 22 5 30 3 26 23 23 22 23 5
split_gain=14.9548 11.5308 6.54027 11.9555 12.1652 11.0008 10.3748 15.2665 9.91304 9.70925 10.1886 16.7351 16.245 15.952
threshold=1.2183333333333337 0.53416053327738489 2.1172702547820594 6.0500000000000007 0.61137382330452705 6.0500000000000007 -0.15950993297387572 2.0500000000000003 225.50000000000003 0.12511141722712912 0.52947166646699428 0.86983061520290039 1.0639757651150066 28.050000000000004
decision_type=10 2 10 10 10 8 2 10 2 8 8 10 10 10
left_child=1 -1 3 6 -5 -4 8 -8 -2 -7 -11 12 -12 -14
right_child=2 -3 5 4 -6 9 7 -9 -10 10 11 -13 13 -15
leaf_value=-0.00031006093922195837 -7.3505860495550203e-05 -0.0047224405619283689 -0.019817952483626094 0.022129538872906064 0.0031634973431703675 0.33118615623895031 0.0014046000106723246 -0.0038780563839823871 0.0025227127619620207 -0.029635380921402492 0.010268809381056202 -0.0045214564895073297 -0.01291470793917565 0.24544900448668666
leaf_weight=102 1482 109 471 87 3891 104 421 1618 561 1325 4935 23311 101 196
leaf_count=102 1482 109 471 87 3891 104 421 1618 561 1325 4935 23311 101 196
internal_value=-5.2429e-05 -0.00923611 -9.08902e-07 0.000885307 0.00224956 -0.000235648 -0.000445314 -0.0022089 0.00131592 -0.000151783 -0.000189804 -5.02662e-05 0.00173764 0.00961921
internal_weight=38714 211 38503 8060 3978 30443 4082 2039 2043 29972 29868 28543 5232 297
internal_count=38714 211 38503 8060 3978 30443 4082 2039 2043 29972 29868 28543 5232 297
is_linear=0
shrinkage=0.035


Tree=268
num_leaves=15
num_cat=3
split_feature=10 8 20 32 24 0 17 33 16 30 20 21 29 33
split_gain=14.943 11.5308 6.42643 11.4503 9.1623 8.95368 8.76647 8.1731 20.95 18.1519 12.3712 15.4242 12.0425 24.9667
threshold=1.2183333333333337 0.53416053327738489 808.86904761904771 0 5.5000000000000009 16.050000000000004 37.553380809940471 1 285.77380332469983 0.63755505330306683 1940.4166666666667 1907.5543478260872 0.92922379131507438 2
decision_type=10 2 10 1 2 8 10 1 10 2 10 2 2 1
left_child=1 -1 3 4 6 -5 -2 8 9 -4 -9 -12 -13 -14
right_child=2 -3 7 5 -6 -7 -8 10 -10 -11 11 12 13 -15
leaf_value=-0.00029920880634919106 0.0021482009258212155 -0.0045571551422608752 0.0018829660205216749 0.063139251523814263 -0.051616837162959013 -0.093612913815417406 0.77462294043324853 -0.0038999733693711571 -1.5061216544710421 0.043225528501841588 0.03228703332431998 -0.00040320743304632871 0.043163891740584923 -0.0021458414667431271
leaf_weight=102 441 109 6510 52 70 805 145 9787 69 1867 400 16136 1066 1155
leaf_count=102 441 109 6510 52 70 805 145 9787 69 1867 400 16136 1066 1155
internal_value=-5.60448e-05 -0.00923611 -4.54451e-06 -0.0022365 0.00125186 -0.00485665 0.0027242 8.70388e-05 0.00104243 0.00120675 -0.000196085 0.000330189 0.00018108 0.00259434
internal_weight=38714 211 38503 1513 656 857 586 36990 8446 8377 28544 18757 18357 2221
internal_count=38714 211 38503 1513 656 857 586 36990 8446 8377 28544 18757 18357 2221
cat_boundaries=0 1 2 3
cat_threshold=33970 2 9
is_linear=0
shrinkage=0.035


Tree=269
num_leaves=15
num_cat=2
split_feature=13 8 16 29 9 29 20 20 32 5 22 32 9 5
split_gain=15.0256 10.7231 8.46739 6.11905 8.69085 6.57248 20.4187 22.3065 17.3852 14.1501 11.0387 13.5274 13.7685 9.52072
threshold=1.1250000000000002 0.53416053327738489 1.0000000180025095e-35 0.99966190462023474 2382.5000000000005 0.94704596667653973 1860.3571428571431 2123.4523809523812 0 851.00000000000011 0.81926690089955412 1 2312.5000000000005 123.75000000000001
decision_type=10 2 10 2 8 2 10 10 1 8 10 1 10 10
left_child=1 -1 -2 5 -5 -4 9 8 -8 13 -9 -12 -13 -7
right_child=2 -3 3 4 -6 6 7 10 -10 -11 11 12 -14 -15
leaf_value=0.00013219256478328557 0.0067840801132220468 -0.0026440457859268989 -0.00048098859730238535 -0.0071814204894742606 -0.035096771808094 -0.0019003498659622426 0.0082335477396133974 0.027818416675640271 0.18106306155100307 0.072820918049538094 0.033088571014079964 -0.016224579693163519 0.003036962433776567 -0.14620093655657806
leaf_weight=51 69 123 34427 241 99 1236 248 193 421 189 255 316 426 420
leaf_count=51 69 123 34427 241 99 1236 248 193 421 189 255 316 426 420
internal_value=-5.06211e-05 -0.0101676 -3.63212e-06 -2.63801e-05 -0.00466667 1.56021e-05 0.00141548 0.00399946 0.00908754 -0.00119189 0.00111297 -0.000384232 -0.00277411 -0.00223359
internal_weight=38714 174 38540 38471 340 38131 3704 1859 669 1845 1190 997 742 1656
internal_count=38714 174 38540 38471 340 38131 3704 1859 669 1845 1190 997 742 1656
cat_boundaries=0 1 2
cat_threshold=35169 24656
is_linear=0
shrinkage=0.035


Tree=270
num_leaves=15
num_cat=1
split_feature=13 8 15 4 1 30 3 32 0 16 26 25 3 22
split_gain=15.0202 10.7231 5.97747 7.94589 6.95135 15.1308 10.2617 21.6762 18.1488 16.9416 18.1028 16.1613 12.5281 12.5277
threshold=1.1250000000000002 0.53416053327738489 2507.9000000000005 2215.0000000000005 902.00000000000011 -0.9292178835113839 270.75000000000006 0 1005.0000000000001 60.875555738615127 338.50000000000006 10.500000000000002 751.00000000000011 1.0992584826476737
decision_type=10 2 2 10 10 2 8 1 10 10 2 2 10 10
left_child=1 -1 3 4 6 -6 9 8 -8 -2 13 12 -9 -11
right_child=2 -3 -4 -5 5 -7 7 11 -10 10 -12 -13 -14 -15
leaf_value=0.00012756582501587178 6.8217032665618407e-05 -0.0025515041834194567 5.9081652035474441 -1.9530121016595172 -1.7287270172957681 1.3080719079133003 0.0024182891109376216 -0.035486647625860575 5.1751494494163452 1.0185446879015128 -0.52207848794599876 0.027144832973699233 -2.2764855569006688 0.15710850186774311
leaf_weight=51 31447 123 69 108 68 583 2783 2080 59 271 58 574 115 325
leaf_count=51 31447 123 69 108 68 583 2783 2080 59 271 58 574 115 325
internal_value=-5.2429e-05 -0.0101676 -5.44818e-06 -2.45608e-05 2.73666e-06 0.0035747 -5.93897e-05 -0.00143964 0.000710536 0.000182053 0.00573596 -0.00363326 -0.00501136 0.00757072
internal_weight=38714 174 38540 38471 38363 651 37712 5611 2842 32101 654 2769 2195 596
internal_count=38714 174 38540 38471 38363 651 37712 5611 2842 32101 654 2769 2195 596
cat_boundaries=0 1
cat_threshold=36101
is_linear=0
shrinkage=0.035


Tree=271
num_leaves=15
num_cat=2
split_feature=13 8 24 32 21 1 32 29 10 4 3 22 4 22
split_gain=15.0524 10.7231 5.86071 31.9972 10.6019 9.67044 9.66212 8.86129 7.22468 7.70808 8.23485 7.06124 9.57322 7.02895
threshold=1.1250000000000002 0.53416053327738489 5.5000000000000009 0 1069.1833333333336 104.10000000000001 1 -0.8041866928211282 22.72666666666667 37.050000000000004 140.50000000000003 1.1573473443446636 281.00000000000006 1.5498138080093782
decision_type=10 2 2 1 2 10 1 2 10 8 8 10 8 10
left_child=1 -1 -2 5 8 -4 7 -6 -5 -10 -11 12 -9 -8
right_child=2 -3 3 4 6 -7 13 11 9 10 -12 -13 -14 -15
leaf_value=0.00012310102114031386 0.00026650131436887662 -0.0024622015369997765 -0.046234433262731141 0.0095458633998928497 0.029181130096371178 -1.6562329342478983 -0.001001287511806197 0.010075663325450181 -0.090020418058216409 0.00061376096260246983 -0.20508230301516847 0.099883780826603319 -0.28683444529024027 -0.16534367438038183
leaf_weight=51 35433 123 67 74 130 124 1865 243 69 179 137 78 52 89
leaf_count=51 35433 123 67 74 130 124 1865 243 69 179 137 78 52 89
internal_value=-4.15817e-05 -0.0101676 5.44818e-06 -0.00145084 -0.000501535 -0.0147816 0.000412266 0.00466216 -0.0053556 -0.00726923 -0.00479751 0.00194444 -0.000583333 -0.000711021
internal_weight=38714 174 38540 3107 2916 191 2457 503 459 385 316 373 295 1954
internal_count=38714 174 38540 3107 2916 191 2457 503 459 385 316 373 295 1954
cat_boundaries=0 1 2
cat_threshold=1024 2112
is_linear=0
shrinkage=0.035


Tree=272
num_leaves=15
num_cat=4
split_feature=22 30 32 23 32 21 30 9 22 32 23 32 30 22
split_gain=12.697 22.3337 9.83861 9.00795 8.76124 7.71823 5.74179 5.72588 15.6387 13.1637 12.401 30.342 22.0521 19.301
threshold=2.0577088934636776 -0.49065906150552346 0 2.4478827479413598 1 1930.5902777777781 0.080547328232315238 2322.5000000000005 1.1277556826516684 2 1.2062694680747199 3 -0.24372464231556024 1.2566803561753748
decision_type=8 2 1 10 1 2 2 10 10 1 10 1 2 10
left_child=3 -2 5 7 -5 -3 -6 10 -9 -10 -1 13 -13 -12
right_child=1 2 -4 4 6 -7 -8 8 9 -11 11 12 -14 -15
leaf_value=-0.0019469171568658795 -0.62909844695323336 -0.01714116848390564 -0.16947595715108432 0.4694246355307396 0.21298582408468658 0.17078339682191962 -0.18159368814756582 0.0030212921135628437 0.0043354811028072284 -0.017862234603931149 0.047397478866325088 -0.032755777300179562 0.0086176592618306524 0.0049167884301861706
leaf_weight=23527 89 53 143 109 76 75 54 7373 1222 922 1335 1044 1389 1303
leaf_count=23527 89 53 143 109 76 75 54 7373 1222 922 1335 1044 1389 1303
internal_value=-2.35027e-05 -0.00652055 -0.00139493 3.83222e-05 0.0067418 0.00538462 0 -4.59077e-06 0.000738815 -0.00188925 -0.000252071 0.00131698 -0.00150123 0.00390501
internal_weight=38714 360 271 38354 239 128 130 38115 9517 2144 28598 5071 2433 2638
internal_count=38714 360 271 38354 239 128 130 38115 9517 2144 28598 5071 2433 2638
cat_boundaries=0 1 2 3 4
cat_threshold=12332 24665 3772 56544
is_linear=0
shrinkage=0.035


Tree=273
num_leaves=15
num_cat=3
split_feature=10 8 9 32 3 33 30 32 7 23 1 22 21 26
split_gain=13.9919 10.6731 5.81273 16.1397 9.55852 8.86498 11.9526 13.1203 10.8915 10.9125 10.2872 9.79421 9.96977 15.5501
threshold=1.2183333333333337 0.53416053327738489 942.50000000000011 0 14.550000000000002 1 0.63755505330306683 2 184.68518518518522 1.3631538148230875 620.25000000000011 1.4759638536354489 1569.9038461538464 274.50000000000006
decision_type=10 2 8 1 10 1 2 1 2 10 8 10 2 2
left_child=1 -1 3 4 -2 6 11 -8 -9 10 -10 12 13 -4
right_child=2 -3 5 -5 -6 -7 7 8 9 -11 -12 -13 -14 -15
leaf_value=-0.00037349915118549908 -0.089170358908939817 -0.0024817697071794855 0.0044661857692533044 0.0042531734679087576 -0.045527692959257571 -0.00041298521238201382 0.0012224027533645754 0.16419770398869443 0.097420683473060959 -0.41953388168919609 1.6191642186930086 -0.092670612119208906 0.033369184536761937 -0.030705120047164844
leaf_weight=102 97 109 4040 1709 830 28500 670 508 226 88 53 157 1002 623
leaf_count=102 97 109 4040 1709 830 28500 670 508 226 88 53 157 1002 623
internal_value=-2.89264e-05 -0.00891204 2.09047e-05 -0.0015638 -0.00523885 0.000137572 0.0012185 0.00395161 0.00672472 0.00216398 0.00554577 0.000492535 0.000734568 5.2485e-05
internal_weight=38714 211 38503 2636 927 35867 7367 1545 875 367 279 5822 5665 4663
internal_count=38714 211 38503 2636 927 35867 7367 1545 875 367 279 5822 5665 4663
cat_boundaries=0 1 2 3
cat_threshold=26694 2 10357
is_linear=0
shrinkage=0.035


Tree=274
num_leaves=15
num_cat=1
split_feature=22 30 23 32 20 2 16 1 10 6 9 26 22 29
split_gain=11.2355 21.2524 9.02267 8.76124 8.65615 7.24045 6.09207 9.47256 12.6123 9.31102 9.65047 14.1641 12.6995 15.7282
threshold=2.0577088934636776 -0.49065906150552346 2.4478827479413598 0 1958.4523809523812 25.050000000000004 2.041241452319317 13.65 14.408333333333335 5.0500000000000007 2387.5000000000005 336.50000000000006 0.9190896529864826 0.9962888416657264
decision_type=8 2 10 1 10 10 10 10 10 8 10 2 10 2
left_child=2 -2 6 -4 -3 -6 7 -1 -9 -8 -11 12 -12 -14
right_child=1 4 3 -5 5 -7 9 8 -10 10 11 -13 13 -15
leaf_value=4.9417536680420595e-05 -0.60699313937011878 -0.24111774174252484 0.45300922776959712 -0.0013582988558988075 0.0762351244940873 -0.028024561663042253 -0.023926883313190189 0.019368180215084945 0.0039847921969501689 -0.0040886945828151515 0.040588213520398722 -0.042589687432693715 0.0070271214236122329 -0.06506249648982107
leaf_weight=6214 89 86 109 130 71 114 310 193 1482 24415 1258 653 3517 73
leaf_count=6214 89 86 109 130 71 114 310 193 1482 24415 1258 653 3517 73
internal_value=-2.53106e-05 -0.00613699 3.28476e-05 0.0067418 -0.0011413 0.00313158 -1.00997e-05 0.000855713 0.0031875 -0.000236181 -0.000173123 0.00115056 0.00180301 0.000739917
internal_weight=38714 360 38354 239 271 185 38115 7889 1675 30226 29916 5501 4848 3590
internal_count=38714 360 38354 239 271 185 38115 7889 1675 30226 29916 5501 4848 3590
cat_boundaries=0 1
cat_threshold=24665
is_linear=0
shrinkage=0.035


Tree=275
num_leaves=15
num_cat=1
split_feature=22 30 32 23 6 26 0 11 21 1 1 0 5 26
split_gain=9.85701 22.4084 7.90796 7.56333 9.74765 6.50781 6.17425 5.78227 5.77992 7.03421 5.6387 15.5127 7.60222 8.172
threshold=2.0577088934636776 -0.49065906150552346 0 2.4478827479413598 47.050000000000004 155.50000000000003 200.75000000000003 19.711309523809529 3208.3333333333335 28.050000000000004 2115.0000000000005 3850.5000000000005 1204.0000000000002 111.50000000000001
decision_type=8 2 1 10 10 2 8 10 2 8 10 8 10 2
left_child=3 -2 6 8 5 -5 -3 -4 10 -10 12 -12 -1 -14
right_child=1 2 7 4 -6 -7 -8 -9 9 -11 11 -13 13 -15
leaf_value=-6.5817890825848889e-05 -0.58574837949216463 -0.0024452802826158762 0.0058961233346621362 -0.057684850041735992 1.5948750192530567 0.062937505120119128 1.0778558232937288 -0.3234041835191232 0.0060645294973012192 -0.0065355619260917585 -0.31260465022029849 19.433344893720914 2.2887673430436295 -1.0343375961080927
leaf_weight=37452 89 74 56 76 75 88 54 87 102 50 130 50 65 266
leaf_count=37452 89 74 56 76 75 88 54 87 102 50 130 50 65 266
internal_value=-2.89264e-05 -0.00575342 -0.000634058 2.55481e-05 0.00616803 0.0012426 0.00538462 -0.00598101 -1.37723e-05 0.0066879 -4.14823e-05 0.00605405 -7.13189e-05 -0.0053125
internal_weight=38714 360 271 38354 239 164 128 143 38115 152 37963 180 37783 331
internal_count=38714 360 271 38354 239 164 128 143 38115 152 37963 180 37783 331
cat_boundaries=0 1
cat_threshold=12332
is_linear=0
shrinkage=0.035


Tree=276
num_leaves=15
num_cat=2
split_feature=22 30 32 23 6 0 26 29 20 19 9 23 32 30
split_gain=9.2016 22.997 7.3077 6.88191 10.3178 6.17425 5.80895 5.62331 8.38926 6.75873 6.23578 10.5287 26.7861 17.7506
threshold=2.0577088934636776 -0.49065906150552346 0 2.4478827479413598 47.050000000000004 200.75000000000003 155.50000000000003 0.99966190462023474 2383.5416666666674 14.512500000000001 2322.5000000000005 1.2062694680747199 1 -0.24372464231556024
decision_type=8 2 1 10 10 8 2 2 10 10 10 10 1 2
left_child=3 -2 5 7 6 -3 -5 10 9 -9 11 -1 13 -13
right_child=1 2 -4 4 -6 -7 -8 8 -10 -11 -12 12 -14 -15
leaf_value=-0.00178604798067877 -0.56524718620993875 -0.0023596954727243616 -0.149048227712542 -0.055665880290275256 1.5390543935791994 1.0401308694784486 0.060734692440914985 0.012361133748684775 -0.07115058143388199 -0.047870193563440168 0.0017641273814481286 -0.033957742469930455 0.027537484049817675 0.0057358019694525812
leaf_weight=23299 89 74 143 76 75 54 88 63 51 226 9449 915 2907 1205
leaf_count=23299 89 74 143 76 75 54 88 63 51 226 9449 915 2907 1205
internal_value=-3.07343e-05 -0.00556164 -0.000380435 2.18984e-05 0.00588115 0.00538462 0.000828402 -1.56086e-05 -0.00446377 -0.00202381 2.50132e-05 -0.000234725 0.00121721 -0.00177049
internal_weight=38714 360 271 38354 239 128 164 38115 340 289 37775 28326 5027 2120
internal_count=38714 360 271 38354 239 128 164 38115 340 289 37775 28326 5027 2120
cat_boundaries=0 1 2
cat_threshold=12332 8975
is_linear=0
shrinkage=0.035


Tree=277
num_leaves=15
num_cat=3
split_feature=13 16 16 22 32 23 32 22 26 26 32 23 23 15
split_gain=16.2096 8.36413 5.9731 5.91161 15.7524 15.5225 16.4484 24.5309 20.5235 11.5545 12.9275 11.7731 11.3677 34.7057
threshold=1.1250000000000002 0.10327955589886324 1.0000000180025095e-35 0.97026308981968956 0 0.83739134411479765 1 0.78756749210265853 182.50000000000003 13.500000000000002 2 0.96641475382099162 1.07776500276239 44.57500000000001
decision_type=10 10 10 10 1 10 1 10 2 2 1 10 10 2
left_child=1 -1 -2 4 5 6 -4 8 -8 10 11 -5 -6 -14
right_child=2 -3 3 9 12 -7 7 -9 -10 -11 -12 -13 13 -15
leaf_value=-0.0070350523831684527 0.0065428663286463268 -3.3496216536431647e-05 0.11069879951374173 0.23623935236356219 -0.00072265749645093811 0.042969266426219836 0.047365860039341789 -0.037086841070169074 -0.02652151780027704 -0.00086736289630462546 -0.077024697358934413 -0.11167404941416116 -0.0030212813729393992 0.21268707909398743
leaf_weight=109 69 65 491 52 12672 797 131 371 106 22432 228 76 672 443
leaf_count=109 69 65 491 52 12672 797 131 371 106 22432 228 76 672 443
internal_value=-5.06211e-05 -0.0105587 -1.81606e-06 -2.09221e-05 0.000501976 0.00347985 0.000792572 -0.00303371 0.0056405 -0.000380819 -0.0065928 0.00244755 8.87553e-05 0.00346875
internal_weight=38714 174 38540 38471 15683 1896 1099 608 237 22788 356 128 13787 1115
internal_count=38714 174 38540 38471 15683 1896 1099 608 237 22788 356 128 13787 1115
cat_boundaries=0 1 2 3
cat_threshold=384 256 8588
is_linear=0
shrinkage=0.035


Tree=278
num_leaves=15
num_cat=4
split_feature=20 6 10 10 0 19 32 29 33 16 24 32 14 32
split_gain=9.15004 13.1137 12.6904 9.8938 10.4775 8.05667 6.69305 9.59013 6.66167 14.8382 13.5679 23.2528 12.1959 11.0999
threshold=808.86904761904771 520.50000000000011 525.357142857143 24.308333333333337 28.100000000000005 18.670833333333338 0 0.49812943072827093 1 285.77380332469983 1.0000000180025095e-35 2 4.9500000000000011 3
decision_type=10 10 8 10 8 10 1 2 1 10 2 1 10 1
left_child=1 2 3 5 -5 -1 -6 -8 9 10 11 -2 -12 -14
right_child=8 -3 -4 4 6 -7 7 -9 -10 -11 12 -13 13 -15
leaf_value=-0.0073146324820542981 0.26794523714964874 1.0955876977311694 -0.50387680925510903 -0.12175759255819919 -0.010377445052016619 0.038011914761570301 0.086610877406448031 -0.12127885178343649 -0.0003703169815548291 -1.3720768076285914 0.0083904373851376324 0.0084205578106100604 -0.066992265586917774 0.0058341484410567553
leaf_weight=108 305 128 100 86 685 104 88 272 28697 69 56 972 843 6201
leaf_count=108 305 128 100 86 685 104 88 272 28697 69 56 972 843 6201
internal_value=-3.07343e-05 -0.00264277 -0.00360152 -0.00267433 -0.00397447 0.00419355 -0.00296667 -0.00672 8.00851e-05 0.000943151 0.00108148 0.00439548 0.000482759 0.000347567
internal_weight=38714 1571 1443 1343 1131 212 1045 360 37143 8446 8377 1277 7100 7044
internal_count=38714 1571 1443 1343 1131 212 1045 360 37143 8446 8377 1277 7100 7044
cat_boundaries=0 1 2 3 4
cat_threshold=47746 2 1542 1026
is_linear=0
shrinkage=0.035


Tree=279
num_leaves=15
num_cat=2
split_feature=10 24 32 21 32 23 1 6 22 26 9 26 1 26
split_gain=9.10568 5.77329 31.9445 11.8955 10.4736 10.3583 9.67044 8.97671 7.6271 7.91935 8.97907 9.09256 8.37497 8.04856
threshold=1.0000000180025095e-35 5.5000000000000009 0 1056.0064412238328 1 1.061776449535589 104.10000000000001 281.00000000000006 1.6556622003351549 204.50000000000003 1397.5000000000002 281.50000000000006 19.100000000000005 330.50000000000006
decision_type=10 2 1 2 1 10 10 8 10 2 10 2 8 2
left_child=-1 -2 6 -4 5 7 -3 -5 9 12 -11 -12 -6 -13
right_child=1 2 3 4 8 -7 -8 -9 -10 10 11 13 -14 -15
leaf_value=-0.37313606171125679 0.00024025496672135051 -0.044287457792980482 -0.029736538006340043 0.010414073739048516 -0.00421424980407855 0.048266746819170127 -1.5973587827691853 -0.19031684254468195 -0.23402175884362694 0.012939251997488983 -0.041595945631892027 0.023085865108332229 0.030584453362338809 -0.047237446277640073
leaf_weight=58 35548 67 433 253 243 191 124 62 64 331 287 231 680 142
leaf_count=58 35548 67 433 253 243 191 124 62 64 331 287 231 680 142
internal_value=-3.79659e-05 -1.62955e-05 -0.00146161 -0.000513302 0.000421856 0.00483685 -0.0147816 0.000984375 -0.000737582 -0.000328296 -0.00249498 -0.00484211 0.00199892 -0.0012037
internal_weight=38714 38656 3108 2917 2484 506 191 315 1978 1914 991 660 923 373
internal_count=38714 38656 3108 2917 2484 506 191 315 1978 1914 991 660 923 373
cat_boundaries=0 1 2
cat_threshold=1024 2112
is_linear=0
shrinkage=0.035


Tree=280
num_leaves=15
num_cat=2
split_feature=20 5 10 6 2 22 32 30 19 29 21 33 16 30
split_gain=7.40095 12.4036 11.4674 14.5618 8.78174 8.61977 9.74649 8.81455 8.05667 7.29351 6.5655 6.27297 14.7756 13.2776
threshold=808.86904761904771 620.25000000000011 24.308333333333337 47.550000000000004 28.550000000000004 0.61137382330452705 0 0.04621408538533487 18.670833333333338 0.79383249484937135 726.06431159420299 1 285.77380332469983 0.63755505330306683
decision_type=10 10 8 8 10 10 1 2 10 2 2 1 10 2
left_child=1 2 8 4 -4 -5 10 -8 -1 -3 -7 12 13 -2
right_child=11 9 3 5 -6 6 7 -9 -10 -11 -12 -13 -14 -15
leaf_value=-0.006542435391989075 0.0019680203413369227 1.6690054532617071 -0.16322943240175014 0.24776698913810574 -0.060132520697333339 -0.02041654326886324 -0.19939379345679747 0.01534927290653677 0.036673088821080085 -0.14448545841492547 -0.30383800340821482 -0.00036576481103565821 -1.3240625282854257 0.038287334507281195
leaf_weight=108 6510 58 126 56 161 103 72 547 104 57 179 28697 69 1867
leaf_count=108 6510 58 126 56 161 103 72 547 104 57 179 28697 69 1867
internal_value=-2.71185e-05 -0.00237627 -0.00325804 -0.00453963 -0.011387 -0.00243763 -0.00328366 -0.000717666 0.00419355 0.00845833 -0.00848485 7.25476e-05 0.000910058 0.00104808
internal_weight=38714 1571 1456 1244 287 957 901 619 212 115 282 37143 8446 8377
internal_count=38714 1571 1456 1244 287 957 901 619 212 115 282 37143 8446 8377
cat_boundaries=0 1 2
cat_threshold=18060 2
is_linear=0
shrinkage=0.035


Tree=281
num_leaves=15
num_cat=3
split_feature=22 30 32 23 32 16 23 22 30 30 10 3 32 28
split_gain=7.98081 19.7138 7.3077 7.11379 12.8792 11.9165 9.39304 12.3209 10.768 9.1437 8.70122 8.71259 13.1055 7.47785
threshold=2.0577088934636776 -0.49065906150552346 0 1.5422963716391982 1 21.297216451342603 2.0540025711777257 1.6556622003351549 0.1318557721318592 0.63755505330306683 16.675000000000004 22.550000000000004 2 1.0000000180025095e-35
decision_type=8 2 1 10 1 10 10 10 2 2 10 10 1 2
left_child=3 -2 -3 -1 -5 9 7 -7 -8 10 -6 13 -13 -12
right_child=1 2 -4 4 5 6 8 -9 -10 -11 11 12 -14 -15
leaf_value=-0.00025630697077348778 -0.51241721915095073 0.057564577043057383 -0.1443046551142021 -0.17950489899657371 0.0060981662589733084 0.26993920601373472 1.1209248684852797 -0.50049915966089487 0.065874211648272549 0.028370402710532597 -0.029437444269036245 0.10939129525809575 -0.066840169363610577 -0.11606547396740449
leaf_weight=36038 89 128 143 205 286 568 202 89 97 353 93 121 242 60
leaf_count=36038 89 128 143 205 286 568 202 89 97 353 93 121 242 60
internal_value=-2.71185e-05 -0.00517808 -0.000380435 2.18984e-05 0.00190004 0.00271637 0.00560874 0.00322508 0.0107072 0.000331897 -0.00173482 -0.00443378 -0.00142663 -0.0112975
internal_weight=38714 360 271 38354 2316 2111 956 657 299 1155 802 516 363 153
internal_count=38714 360 271 38354 2316 2111 956 657 299 1155 802 516 363 153
cat_boundaries=0 1 2 3
cat_threshold=12332 260 8400
is_linear=0
shrinkage=0.035


Tree=282
num_leaves=15
num_cat=2
split_feature=22 30 23 6 32 22 16 1 22 23 24 32 3 25
split_gain=7.3922 18.1669 6.89049 10.3178 6.23533 6.48005 5.84066 25.3164 21.6779 15.6098 14.1101 16.1809 15.4073 15.434
threshold=2.0577088934636776 -0.49065906150552346 2.4478827479413598 47.050000000000004 0 2.27460889988676 4.6445052020032662 41.050000000000004 1.1162911444371999 1.0939273177907827 1.0000000180025095e-35 1 10.750000000000002 2.5000000000000004
decision_type=8 2 10 10 1 8 10 8 10 8 2 1 10 2
left_child=2 -2 6 -4 -3 -6 -1 8 -8 -10 11 -9 13 -12
right_child=1 4 3 -5 5 -7 7 10 9 -11 12 -13 -14 -15
leaf_value=0.00053338113415085436 -0.49448261648066755 0.24228681852818026 0.0062944821423437164 1.4486585735630351 0.012385013743215528 -0.17963458607334853 -0.013231930341452928 0.098047798254952565 -0.086037164802118815 -0.042751661830163122 -0.24695507995857283 -0.0089355253735291743 0.00015604443479972475 -0.034704874720461701
leaf_weight=15361 89 104 164 75 71 96 2922 1570 240 588 157 1256 15268 753
leaf_count=15361 89 104 164 75 71 96 2922 1570 240 588 157 1256 15268 753
internal_value=-2.89264e-05 -0.0049863 1.82487e-05 0.00588115 -0.000380435 -0.00442308 -1.92812e-05 -0.000375236 -0.00300133 -0.00798319 0.000143616 0.00242317 -0.000255206 -0.00466667
internal_weight=38714 360 38354 239 271 167 38115 22754 3750 828 19004 2826 16178 910
internal_count=38714 360 38354 239 271 167 38115 22754 3750 828 19004 2826 16178 910
cat_boundaries=0 1 2
cat_threshold=45068 56358
is_linear=0
shrinkage=0.035


Tree=283
num_leaves=15
num_cat=5
split_feature=10 23 23 16 22 23 32 19 32 33 23 32 22 32
split_gain=7.01649 11.9663 8.16434 6.04814 9.16793 20.4299 21.6045 20.5733 17.8811 17.9845 14.0288 43.4874 17.8609 16.3873
threshold=1.2183333333333337 0.79336859457004116 0.93659239474239142 2.041241452319317 0.97026308981968956 1.0084329923788982 0 48.354166666666679 1 2 1.2062694680747199 3 1.4267885601278545 4
decision_type=10 10 10 10 10 10 1 10 1 1 8 1 10 1
left_child=1 -1 -3 -2 5 8 -7 -8 -5 -10 12 -12 13 -6
right_child=3 2 -4 4 10 6 7 -9 9 -11 11 -13 -14 -15
leaf_value=-0.0041831424438631094 0.00065698209053557618 0.0011539751881230226 -0.00070832700989546761 0.12023037773182625 0.0043915916179295689 0.059543768888524091 -0.020291094103984747 0.10989259508961394 0.0092487692971526068 -0.013096034741463232 -0.053108957605581167 0.016641837144906132 -0.19835267042974658 -0.019070504983862549
leaf_weight=98 7755 50 63 693 3680 766 533 582 4674 5031 1861 7126 241 5561
leaf_count=98 7755 50 63 693 3680 766 533 582 4674 5031 1861 7126 241 5561
internal_value=-2.89264e-05 -0.00631944 0.00148305 6.36231e-06 -0.000213963 0.000527108 0.00387858 0.000712389 -8.07459e-05 -0.000471708 -0.000706669 0.000284141 -0.00164541 -0.00139682
internal_weight=38714 211 113 38503 30748 12279 1881 1115 10398 9705 18469 8987 9482 9241
internal_count=38714 211 113 38503 30748 12279 1881 1115 10398 9705 18469 8987 9482 9241
cat_boundaries=0 1 2 3 4 5
cat_threshold=40160 256 6 8451 9993
is_linear=0
shrinkage=0.035


Tree=284
num_leaves=15
num_cat=1
split_feature=20 10 15 5 29 29 30 19 11 30 32 1 4 6
split_gain=7.12618 9.46684 16.0721 9.37329 8.67628 8.55922 9.54689 7.54642 7.14257 8.27805 10.2733 9.70974 8.51544 8.26855
threshold=821.13095238095252 24.308333333333337 28.075000000000003 620.25000000000011 0.79383249484937135 -0.03977009085991149 0.97832380634958016 18.670833333333338 518.79166666666686 0.080547328232315238 0 68.100000000000009 219.00000000000003 49.100000000000009
decision_type=10 8 2 10 2 2 2 10 10 2 1 8 8 8
left_child=1 7 -3 5 -5 -4 8 -1 9 -7 -11 13 -13 -12
right_child=-2 2 3 4 -6 6 -8 -9 -10 10 11 12 -14 -15
leaf_value=-0.0029145477603412821 0.00017613860122632442 -0.18563015554512152 0.20844672820173776 1.46387948706949 -0.18802249113067321 -0.070368008319333916 -0.42165746502720486 0.034589229623474972 -1.9291865003998308 0.071232424681614864 -0.029818944119633869 -0.19188955426454379 0.014516425465168334 0.084192359247178924
leaf_weight=116 36991 88 72 64 63 203 92 107 50 317 82 233 103 133
leaf_count=116 36991 88 72 64 63 203 92 107 50 317 82 233 103 133
internal_value=-1.08474e-05 -0.00220775 -0.0032093 -0.00227241 0.00662879 -0.00317442 -0.00387931 0.00445175 -0.00295293 -0.00230948 -0.000801833 -0.00364841 -0.00739003 0.00206818
internal_weight=38714 1723 1500 1412 127 1285 1213 223 1121 1071 868 551 336 215
internal_count=38714 1723 1500 1412 127 1285 1213 223 1121 1071 868 551 336 215
cat_boundaries=0 1
cat_threshold=45568
is_linear=0
shrinkage=0.035


Tree=285
num_leaves=15
num_cat=1
split_feature=20 5 10 15 22 32 23 24 5 16 13 4 1 19
split_gain=8.2764 11.3883 9.82696 13.8108 7.72527 9.23976 9.34274 6.94286 6.83964 7.53366 7.80395 8.57609 7.5759 6.59284
threshold=808.86904761904771 620.25000000000011 24.308333333333337 28.075000000000003 0.61137382330452705 0 0.6222711686551311 2.5000000000000004 27.550000000000004 5.9743479119975111 65.02500000000002 149.50000000000003 190.50000000000003 18.670833333333338
decision_type=10 10 8 2 10 1 10 2 10 10 10 10 10 10
left_child=1 2 13 -4 -5 -6 -7 -3 -8 -10 -11 -12 -13 -1
right_child=-2 7 3 4 5 6 8 -9 9 10 11 12 -14 -15
leaf_value=-0.0062441329505444551 0.00016997375018340256 4.0449886622393088 -0.20507392778721595 0.13298682456231448 -0.013756904288430009 -0.15114836613043753 0.05763858293487506 0.18715322754287514 -0.15625814996535173 0.068799927678325948 -0.33625336917783438 0.3059192970731836 -0.86243331595027106 0.033115696937668929
leaf_weight=108 37143 51 86 72 574 153 51 64 54 86 51 59 58 104
leaf_count=108 37143 51 86 72 574 153 51 64 54 86 51 59 58 104
internal_value=-2.53106e-05 -0.00250952 -0.00335387 -0.00453963 -0.00349097 -0.00423465 -0.00757116 0.007875 -0.00451923 -0.00648562 -0.00378378 -0.00809249 -0.00258197 0.00354839
internal_weight=38714 1571 1456 1244 1158 1086 512 115 359 308 254 168 117 212
internal_count=38714 1571 1456 1244 1158 1086 512 115 359 308 254 168 117 212
cat_boundaries=0 1
cat_threshold=47234
is_linear=0
shrinkage=0.035


Tree=286
num_leaves=15
num_cat=1
split_feature=20 5 10 6 20 11 30 1 32 6 5 24 26 0
split_gain=6.89572 10.9108 10.0749 12.8134 9.43617 8.02838 7.68573 8.41079 8.2512 8.48322 6.99997 6.94286 6.68289 6.32187
threshold=808.86904761904771 620.25000000000011 24.308333333333337 49.100000000000009 678.45238095238108 518.79166666666686 0.04621408538533487 68.100000000000009 0 98.300000000000011 72.050000000000011 2.5000000000000004 27.500000000000004 200.75000000000003
decision_type=10 10 8 8 10 10 2 8 1 10 8 2 2 8
left_child=1 2 -1 4 -4 6 -5 10 9 -9 -8 -3 -10 -11
right_child=-2 11 3 5 -6 -7 7 8 12 13 -12 -13 -14 -15
leaf_value=0.0093438722495332496 0.00016402466892698531 3.9034140590609314 -0.2532582568568687 -0.099383095383078809 -0.039132585135933061 -1.8611834812357404 0.11066519119175461 -0.16772348230865197 -0.21181367947566829 0.22156878356761547 -0.015207893502033479 0.18060286457887686 0.1241525501368298 -0.38420429033422243
leaf_weight=212 37143 51 99 127 201 50 87 122 93 70 67 64 248 80
leaf_count=212 37143 51 99 127 201 50 87 122 93 70 67 64 248 80
internal_value=-1.98869e-05 -0.00228744 -0.00311431 -0.00431545 -0.0105574 -0.00228662 -0.00147942 -0.00013601 -0.0019822 -0.00634146 0.00704403 0.007875 0.00167135 -0.000903226
internal_weight=38714 1571 1456 1244 300 944 894 767 613 272 154 115 341 150
internal_count=38714 1571 1456 1244 300 944 894 767 613 272 154 115 341 150
cat_boundaries=0 1
cat_threshold=18510
is_linear=0
shrinkage=0.035


Tree=287
num_leaves=15
num_cat=1
split_feature=10 23 23 16 19 23 22 13 7 32 9 16 16 3
split_gain=6.35431 12.8734 7.25507 5.75762 20.2227 13.7838 13.6437 12.1997 16.7812 11.7701 14.0915 11.9857 11.5389 11.6653
threshold=1.2183333333333337 0.79336859457004116 0.93659239474239142 4.6445052020032662 29.262500000000006 1.8549067072839038 1.7741787746763673 77.52500000000002 107.55552536231885 0 1152.5000000000002 7.5277265270928657 5.8109092805401419 22.050000000000004
decision_type=10 10 10 10 10 10 10 10 2 1 10 10 10 8
left_child=1 -1 -3 7 9 -6 -7 -2 -9 11 12 -5 -11 -14
right_child=3 2 -4 4 5 6 -8 8 -10 10 -12 -13 13 -15
leaf_value=-0.0035555757292071348 0.00088336391844699052 0.0010957312608269316 -0.00070139036026090626 -0.02900208058462923 -0.0022591185739894116 0.49276643483909183 -0.014678247655894552 -0.07959360449002309 0.032186464629584466 -0.031021396965287062 -0.021900916749618936 -0.11557883020300598 0.085067311610546148 0.0070888290333095457
leaf_weight=98 14956 50 63 273 20064 380 281 176 117 209 1393 299 141 214
leaf_count=98 14956 50 63 273 20064 380 281 176 117 209 1393 299 141 214
internal_value=-9.03949e-06 -0.00599537 0.00207627 2.45404e-05 -0.000322026 3.88326e-05 0.00499249 0.00055297 -0.00645973 -0.00327348 -0.00193458 -0.00763203 0.0027065 0.00651389
internal_weight=38714 211 113 38503 23254 20725 661 15249 293 2529 1957 572 564 355
internal_count=38714 211 113 38503 23254 20725 661 15249 293 2529 1957 572 564 355
cat_boundaries=0 1
cat_threshold=2310
is_linear=0
shrinkage=0.035


Tree=288
num_leaves=15
num_cat=3
split_feature=22 30 23 6 32 0 11 26 22 32 4 32 1 15
split_gain=5.83804 15.7489 6.84766 10.3178 6.72909 6.17425 6.15714 5.80895 5.68635 12.7347 12.1259 11.1864 11.8395 11.4643
threshold=2.0577088934636776 -0.49065906150552346 2.4478827479413598 47.050000000000004 0 200.75000000000003 19.711309523809529 155.50000000000003 0.98221220009835319 1 751.00000000000011 2 3250.0000000000005 1952.5000000000002
decision_type=8 2 10 10 1 8 10 2 10 1 10 1 8 2
left_child=2 -2 8 7 5 -3 -6 -4 9 -1 -10 -12 13 -13
right_child=1 4 3 -5 6 -7 -8 -9 10 -11 11 12 -14 -15
leaf_value=0.02003971001372019 -0.45529824895088611 -0.0054801936779758581 -0.05496826278663134 1.3825496569894433 0.011595287534625217 0.9961790205168658 -0.27091012650124074 0.058316037581191436 -0.0015839711611186859 0.00012858492404102639 -0.76816319385850196 1.3617211640436677 5.5405435594378387 -3.3406790617058055
leaf_weight=2071 89 74 76 75 56 54 87 88 20510 14930 134 327 86 57
leaf_count=2071 89 74 76 75 56 54 87 88 20510 14930 134 327 86 57
internal_value=-5.42369e-06 -0.00441096 3.64973e-05 0.00588115 -0.000126812 0.00538462 -0.00509494 0.000828402 -9.18153e-07 0.00047542 -0.000384488 0.00448276 0.00692784 0.00431877
internal_weight=38714 360 38354 239 271 128 143 164 38115 17001 21114 604 470 384
internal_count=38714 360 38354 239 271 128 143 164 38115 17001 21114 604 470 384
cat_boundaries=0 1 2 3
cat_threshold=12332 384 280
is_linear=0
shrinkage=0.035


Tree=289
num_leaves=15
num_cat=2
split_feature=16 19 23 20 22 5 3 26 32 23 17 32 13 19
split_gain=5.82229 23.0699 16.0017 15.9386 14.6035 10.5905 19.7644 16.235 11.6544 14.1799 11.3167 11.1905 10.5484 14.4925
threshold=4.6445052020032662 30.512500000000006 2.0540025711777257 3387.6190476190482 1.8482224703827919 20.100000000000005 23.050000000000004 139.50000000000003 0 0.92038792116003032 9.2426641965592342 1 77.52500000000002 107.29166666666667
decision_type=8 10 10 8 10 10 10 2 1 8 10 1 10 10
left_child=12 3 -3 5 -4 6 7 -2 9 -7 -11 -8 -1 -14
right_child=1 2 4 -5 -6 8 11 -9 -10 10 -12 -13 13 -15
leaf_value=0.00073295787091987041 -0.04713527419549899 -0.0012107059453443725 0.82818613368364657 -0.28670749840777837 -0.014109069997298889 0.014173461794095312 -0.029689335391716764 0.0053837413959744443 0.01697338984835689 -0.059986053062044034 0.037513938980076628 -0.098515892318852077 -0.078651402994614664 0.030333272079011275
leaf_weight=15109 471 20112 226 54 201 139 241 552 653 252 68 343 175 118
leaf_count=15109 471 20112 226 54 201 139 241 552 653 252 68 343 175 118
internal_value=3.6158e-06 -0.000345242 5.96281e-05 -0.00333873 0.00672454 -0.00294236 -0.00475496 -0.00180447 -0.000313339 -0.00450422 -0.00861538 -0.00986418 0.000531577 -0.00598993
internal_weight=38714 23312 20539 2773 427 2719 1607 1023 1112 459 320 584 15402 293
internal_count=38714 23312 20539 2773 427 2719 1607 1023 1112 459 320 584 15402 293
cat_boundaries=0 1 2
cat_threshold=906 9168
is_linear=0
shrinkage=0.035


Tree=290
num_leaves=15
num_cat=1
split_feature=30 3 4 32 6 1 6 8 2 8 1 16 16 23
split_gain=5.52928 13.6744 14.7566 8.64846 10.7658 11.1198 11.6312 9.05 8.30553 8.03406 7.42537 6.72901 6.04044 11.3748
threshold=-0.99465740988130902 210.70000000000002 551.00000000000011 0 4.0500000000000007 12.100000000000001 100.50000000000001 55.924832971450357 32.550000000000004 30.053024331855639 20.100000000000005 1.0000000180025095e-35 0.53452248382485068 0.78112397765001229
decision_type=2 10 8 1 10 8 10 2 10 2 10 8 10 10
left_child=1 3 -3 4 -1 -6 8 -8 10 -5 -7 -2 13 -13
right_child=11 2 -4 9 5 6 7 -9 -10 -11 -12 12 -14 -15
leaf_value=-0.0010640630195279644 0.0076474586655687436 -0.64766678548491363 0.12356001585123343 -0.010744773492734979 0.018558306083258699 -0.016497934833737828 0.1542267088510044 -0.026464975221769296 -0.060200686521583689 -0.22633538812197232 0.035341910987299829 -0.0036798686243111624 0.00057866930102506216 -4.156610772128922e-05
leaf_weight=91 66 107 76 420 81 78 77 50 109 100 67 425 35850 1117
leaf_count=91 66 107 76 420 81 78 77 50 109 100 67 425 35850 1117
internal_value=3.6158e-06 -0.00227597 -0.010984 -0.000746753 0.00227993 0.00449679 0.00190415 0.0103409 -0.00243243 -0.00392523 0.00303333 8.03459e-05 5.98979e-05 -0.00208145
internal_weight=38714 1256 183 1073 553 462 381 127 254 520 145 37458 37392 1542
internal_count=38714 1256 183 1073 553 462 381 127 254 520 145 37458 37392 1542
cat_boundaries=0 1
cat_threshold=55339
is_linear=0
shrinkage=0.035


Tree=291
num_leaves=15
num_cat=3
split_feature=22 32 6 23 32 22 26 30 23 17 3 32 5 6
split_gain=5.64324 12.7144 11.754 11.623 15.6885 28.564 21.2988 12.5327 11.1591 30.3758 13.3088 21.6839 17.4701 16.441
threshold=0.98221220009835319 0 1103.5000000000002 0.83739134411479765 1 0.78756749210265853 182.50000000000003 0.81304046271159414 1.07776500276239 17.920454123488067 260.40000000000003 2 1330.0000000000002 851.00000000000011
decision_type=8 1 10 10 1 10 2 2 10 10 10 1 8 8
left_child=1 3 -2 4 7 6 -6 -1 10 -10 -3 12 -12 -13
right_child=2 8 -4 -5 5 -7 -8 -9 9 -11 11 13 -14 -15
leaf_value=0.15377922764798171 -0.0013386327362151019 0.00024192733778683143 3.0025571276589118 0.03853542363916778 0.044896647573627622 -0.038976385335004297 -0.025593415941259166 -0.085748113144214835 -9.6055004180053426e-05 0.41340587606676427 0.19723270306105323 -0.54774003997819387 -1.2164707661264027 0.25134132123219605
leaf_weight=399 21536 12260 176 911 131 396 106 128 957 349 682 330 229 124
leaf_count=399 21536 12260 176 911 131 396 106 128 957 349 682 330 229 124
internal_value=0 0.00047745 -0.000373901 0.00303691 0.00072103 -0.00297068 0.00650826 0.00510148 0.00011943 0.00320366 -0.000177183 -0.00344891 -0.000264579 -0.00955224
internal_weight=38714 17002 21712 2071 1160 633 237 527 14931 1306 13625 1365 911 454
internal_count=38714 17002 21712 2071 1160 633 237 527 14931 1306 13625 1365 911 454
cat_boundaries=0 1 2 3
cat_threshold=384 256 15380
is_linear=0
shrinkage=0.035


Tree=292
num_leaves=15
num_cat=1
split_feature=16 19 20 23 22 3 19 1 3 4 10 2 32 21
split_gain=5.66241 20.7029 16.1785 15.2894 13.9256 11.5747 12.2619 10.4878 17.8528 14.1566 12.783 16.1236 11.6362 11.075
threshold=4.7222875812469924 30.512500000000006 3387.6190476190482 2.0540025711777257 1.8482224703827919 78.050000000000011 107.29166666666667 21.050000000000004 32.050000000000004 74.950000000000017 15.964285714285717 13.65 0 1664.6225071225074
decision_type=8 10 8 10 10 10 10 10 8 10 10 10 1 2
left_child=5 2 -2 -3 -5 7 -7 10 -9 -10 11 -1 -12 -13
right_child=1 3 -4 4 -6 6 -8 8 9 -11 12 13 -14 -15
leaf_value=8.3355733466012892e-05 -0.022983688499693403 -0.0014697359548810596 -0.27936069979999795 0.79922621772494962 -0.013588653827162745 -0.065226098587130715 0.022015054012963591 0.015770770503509564 -0.0030917792215051421 0.062693210501914662 0.0014094041405393833 0.027025775598516658 -0.015683974073051766 0.006870282246074365
leaf_weight=7213 2644 20035 54 226 201 176 109 2250 2274 149 1159 230 1464 530
leaf_count=7213 2644 20035 54 226 201 176 109 2250 2274 149 1159 230 1464 530
internal_value=1.44632e-05 -0.000332398 -0.00321125 4.7882e-05 0.0065625 0.000530882 -0.00639655 0.000662236 0.00204254 -4.32455e-05 5.28252e-05 0.000750188 -0.00206431 0.0055817
internal_weight=38714 23160 2698 20462 427 15554 285 15269 4673 2423 10596 7973 2623 760
internal_count=38714 23160 2698 20462 427 15554 285 15269 4673 2423 10596 7973 2623 760
cat_boundaries=0 1
cat_threshold=61706
is_linear=0
shrinkage=0.035


Tree=293
num_leaves=15
num_cat=2
split_feature=30 3 4 32 4 8 16 22 8 20 26 30 32 13
split_gain=5.28039 13.8497 14.7566 8.28897 10.7658 8.28594 6.72667 6.44702 9.06635 5.98025 7.97271 8.08117 8.52134 8.51026
threshold=-0.99465740988130902 210.70000000000002 551.00000000000011 0 4.4500000000000011 30.053024331855639 1.0000000180025095e-35 0.90225573019228678 6.5824970473775926 821.13095238095252 13.500000000000002 0.011826144619637555 1 31.075000000000003
decision_type=2 10 8 1 10 2 8 10 2 10 2 2 1 8
left_child=1 3 -3 4 -1 -5 -2 8 -6 10 -8 -12 -13 -14
right_child=6 2 -4 5 7 -7 9 -9 -10 -11 11 12 13 -15
leaf_value=-0.00076038147007292283 0.0074005264602462449 -0.6057761058352843 0.1193060483993333 -0.010380091327983084 0.032425084226363934 -0.21834301643480988 -0.28468843615005057 0.0019495812863518671 0.016544805216766181 0.0002782230553371168 -0.056103677961221642 0.1199438818734876 0.0090788570327950263 -0.064322292187619937
leaf_weight=91 66 107 76 420 53 100 95 286 123 35678 294 356 286 683
leaf_count=91 66 107 76 420 53 100 95 286 123 35678 294 356 286 683
internal_value=7.23159e-06 -0.00222046 -0.010984 -0.000681818 0.00227993 -0.00379439 8.22145e-05 0.00449679 0.00966851 6.17697e-05 -0.00195462 -0.00135776 -0.000184211 -0.00188516
internal_weight=38714 1256 183 1073 553 520 37458 462 176 37392 1714 1619 1325 969
internal_count=38714 1256 183 1073 553 520 37458 462 176 37392 1714 1619 1325 969
cat_boundaries=0 1 2
cat_threshold=55339 37888
is_linear=0
shrinkage=0.035


Tree=294
num_leaves=15
num_cat=3
split_feature=22 32 29 6 16 0 23 32 5 26 22 29 32 4
split_gain=5.43161 12.5434 13.6128 11.7548 15.881 14.09 11.2809 11.8715 11.0283 13.1498 11.9711 12.0473 11.3033 9.93007
threshold=0.98221220009835319 0 -0.73866753694953124 260.40000000000003 231.66067138520552 881.00000000000011 0.36060633846256446 1 1330.0000000000002 161.50000000000003 0.70934112093859092 0.20180702842483325 2 200.75000000000003
decision_type=8 1 2 10 8 10 8 1 10 2 10 2 1 8
left_child=1 2 -1 4 -2 -6 7 -3 10 -10 11 -4 -13 -5
right_child=3 6 8 13 5 -7 -8 -9 9 -11 -12 12 -14 -15
leaf_value=0.048191824812783148 -0.0014108399290808672 0.025812730419348669 0.010800002336573038 -0.46376280119952246 -0.54028796771913057 2.1814053290472364 -5.6106215725559853e-05 -0.04220826423155348 0.079229651645316257 -2.2450386783106988 0.0018434251139736804 0.012669883731798826 0.093179682897411506 0.24388499666650093
leaf_weight=1327 19478 118 322 101 169 55 10331 268 88 54 4155 131 208 1909
leaf_count=1327 19478 118 322 101 169 55 10331 268 88 54 4155 131 208 1909
internal_value=9.03949e-06 0.00047745 0.00171667 -0.000357784 -0.000618054 -0.00978166 -0.000251118 -0.00608696 0.000874471 -0.00857143 0.00116158 0.00551802 0.0100727 0.00218859
internal_weight=38714 17002 6285 21712 19702 224 10717 386 4958 142 4816 661 339 2010
internal_count=38714 17002 6285 21712 19702 224 10717 386 4958 142 4816 661 339 2010
cat_boundaries=0 1 2 3
cat_threshold=17798 4105 1026
is_linear=0
shrinkage=0.035


Tree=295
num_leaves=15
num_cat=4
split_feature=16 8 32 24 32 23 32 26 30 5 20 33 1 4
split_gain=5.62159 19.544 14.5479 13.9985 18.8576 17.4317 15.545 16.8473 14.9716 15.6903 14.9489 13.9436 19.4281 13.0273
threshold=4.8795003647419763 8.9716967239330785 0 1.5000000000000002 1 0.59005765602997073 2 10.500000000000002 0.70747208174348741 22.550000000000004 774.64285714285722 3 176.25000000000003 95.300000000000011
decision_type=8 2 1 2 1 8 1 2 2 8 10 1 10 8
left_child=-1 2 13 4 11 -6 -5 -8 -9 -10 -7 12 -3 -2
right_child=1 3 -4 6 5 10 7 8 9 -11 -12 -13 -14 -15
leaf_value=0.00046806671567130314 0.0011910652715804383 0.060883989162810653 -0.034959647775203967 0.010361666895019042 -0.14068704845639107 -0.18907285225674497 -0.3488184879144412 -0.049654157777761443 -0.22260864172383937 0.046689343885062427 0.022074433862812787 0.038688571019877931 1.650846984373896 -0.075746976241588729
leaf_weight=15858 1714 462 1764 7300 250 149 112 4547 73 1494 3894 836 174 87
leaf_count=15858 1714 462 1764 7300 250 149 112 4547 73 1494 3894 836 174 87
internal_value=1.44632e-05 -0.000336818 -0.00271569 0.000103389 0.00154679 0.000365599 -0.000512157 -0.00179458 -0.00154437 0.00140267 0.000925148 0.00494284 0.0088172 -0.000481828
internal_weight=38714 22856 3565 19291 5765 4293 13526 6226 6114 1567 4043 1472 636 1801
internal_count=38714 22856 3565 19291 5765 4293 13526 6226 6114 1567 4043 1472 636 1801
cat_boundaries=0 1 2 3 4
cat_threshold=11877 33826 43480 3
is_linear=0
shrinkage=0.035


Tree=296
num_leaves=15
num_cat=4
split_feature=22 7 3 23 32 30 22 23 32 32 2 3 3 32
split_gain=5.13765 9.52418 7.59954 6.60036 10.1308 5.46866 5.24637 12.4271 24.2405 14.2261 13.5015 13.0918 13.0445 22.432
threshold=2.27460889988676 29.41833333333334 89.800000000000011 2.4478827479413598 0 0.11478523713130605 0.98221220009835319 1.0179794652340566 1 2 70.250000000000014 5.1000000000000005 270.75000000000006 3
decision_type=8 2 10 10 1 2 10 10 1 1 10 10 10 1
left_child=3 -2 -3 6 -5 -6 7 9 11 -1 -10 -9 -11 -14
right_child=1 2 -4 4 5 -7 -8 8 10 12 -12 -13 13 -15
leaf_value=0.11068007979677966 -0.13067089491573169 0.42100536729163379 -0.36791237039376168 0.32098023135323356 0.078049171230102021 -0.20445791408489805 -0.0011201913347165988 -0.0024862606192056448 -0.0050574704329575228 0.00021514623498813948 0.14416482214368387 0.046756210829468646 -0.48737526913953022 -0.047119848934783881
leaf_weight=768 79 55 75 117 111 58 21218 160 1045 12390 291 1060 423 864
leaf_count=768 79 55 75 117 111 58 21218 160 1045 12390 291 1060 423 864
internal_value=1.08474e-05 -0.0053972 0.000518519 4.08985e-05 0.0052921 -0.000570652 9.15655e-07 0.000458956 0.00270597 6.05536e-05 -0.000569948 0.00623482 -0.000201943 -0.00354876
internal_weight=38714 209 130 38505 286 169 38219 17001 2556 14445 1336 1220 13677 1287
internal_count=38714 209 130 38505 286 169 38219 17001 2556 14445 1336 1220 13677 1287
cat_boundaries=0 1 2 3 4
cat_threshold=16473 56516 256 49738
is_linear=0
shrinkage=0.035


Tree=297
num_leaves=15
num_cat=1
split_feature=6 10 21 1 30 22 23 1 16 1 0 32 16 10
split_gain=5.64671 7.92991 8.69438 6.67956 7.27772 8.87198 6.00444 9.80414 5.25384 19.9851 18.4535 15.736 14.0121 13.9511
threshold=1.2500000000000002 1.2183333333333337 1925.1041666666667 1.0500000000000003 -0.33426211444629356 1.0369089782509866 0.12511141722712912 19.550000000000004 4.8795003647419763 41.050000000000004 85.050000000000011 0 8.3808170984751147 26.33666666666667
decision_type=8 10 2 10 2 10 8 10 10 8 10 1 10 10
left_child=3 2 -2 -1 5 -5 7 -3 -8 10 11 13 -13 -10
right_child=1 6 -4 4 -6 -7 8 -9 9 -11 -12 12 -14 -15
leaf_value=-0.00031469900906510586 -0.0038975598925696403 -0.047894412930983184 -0.00021301747472651125 0.0018680169450062502 0.005362587311118678 -0.0020785249177671197 0.00054021241846800188 0.94179609398270259 -0.0081127049652090846 0.0012932688387689063 0.88190140450337606 0.0050886355098351292 -0.044257071991099461 -0.062131292973461621
leaf_weight=108 53 50 87 59 95 63 15458 67 494 19134 59 1335 798 854
leaf_count=108 53 50 87 59 95 63 15458 67 494 19134 59 1335 798 854
internal_value=1.8079e-06 -3.73756e-05 -0.0082069 0.00456061 0.00804054 0.00220472 -6.40456e-06 0.0077459 -3.12033e-05 -0.000370387 -0.0027842 -0.00312249 -0.00122207 -0.00606016
internal_weight=38714 38389 140 325 217 122 38249 117 38132 22674 3540 3481 2133 1348
internal_count=38714 38389 140 325 217 122 38249 117 38132 22674 3540 3481 2133 1348
cat_boundaries=0 1
cat_threshold=20619
is_linear=0
shrinkage=0.035


Tree=298
num_leaves=15
num_cat=1
split_feature=22 32 23 3 26 9 4 1 29 13 15 5 3 22
split_gain=5.429 19.305 20.517 14.5437 11.1502 10.6384 12.6283 10.1605 18.5847 13.9603 11.3736 10.859 10.4904 10.1566
threshold=0.86983061520290039 0 1.0667442537096308 39.050000000000004 337.50000000000006 2022.5000000000005 300.80000000000007 9.0500000000000025 -0.89406062840022227 13.525000000000002 8.0250000000000021 20.100000000000005 5.1000000000000005 0.78264103930650408
decision_type=8 1 10 8 2 10 10 10 2 10 2 8 10 10
left_child=1 4 7 -4 5 6 13 8 -3 -9 -10 -11 -12 -1
right_child=-2 2 3 -5 -6 -7 -8 9 10 11 12 -13 -14 -15
leaf_value=0.017363823267959162 -0.00052696638411391388 -0.019432011812079767 0.0043191127258859876 0.26610565544229853 -0.080858295155941701 0.038440292535071169 -0.5548625758884882 0.022207704225977312 0.0026067464685699693 -0.030559505143335823 -0.03185120175477258 0.0002367838526360533 -0.010665704642356543 0.0012541439939143296
leaf_weight=712 30600 241 127 115 134 615 66 286 531 140 82 3470 884 711
leaf_count=712 30600 241 127 115 134 615 66 286 531 140 82 3470 884 711
internal_value=1.44632e-05 0.000819066 -0.000237651 0.00963563 0.00357301 0.00421527 0.0026004 -0.000670332 -0.00289157 0.000322994 -0.00142144 -0.000271093 -0.00367662 0.00330882
internal_weight=38714 8114 5876 242 2238 2104 1489 5634 1738 3896 1497 3610 966 1423
internal_count=38714 8114 5876 242 2238 2104 1489 5634 1738 3896 1497 3610 966 1423
cat_boundaries=0 1
cat_threshold=16773
is_linear=0
shrinkage=0.035


Tree=299
num_leaves=15
num_cat=2
split_feature=10 23 26 22 32 6 8 3 32 23 0 19 1 28
split_gain=7.80478 7.76005 5.46972 9.6553 10.6526 12.2641 8.90752 14.3577 12.4876 19.3243 9.36807 10.3049 10.3021 9.1676
threshold=1.2183333333333337 0.79336859457004116 91.500000000000014 0.88255278219130506 0 159.50000000000003 3.5446380191685538 8.9000000000000021 1 0.9641897337808415 6.0500000000000007 2.541666666666667 3.9500000000000006 1.0000000180025095e-35
decision_type=10 10 2 10 1 10 2 10 1 8 10 8 10 2
left_child=1 -1 3 4 -2 -6 10 13 9 -9 11 -5 -13 -8
right_child=2 -3 -4 6 5 -7 7 8 -10 -11 -12 12 -14 -15
leaf_value=-0.0038115425401208996 -0.0048603303603770793 -5.8159055042587008e-05 0.00067689441581627718 0.0015090100786784391 0.0050392208355458257 0.33788772292166774 -0.038468570738086752 -0.079001107945624677 -0.0028191485012738675 -0.021844633057153225 0.0063824885672559804 -0.0061981127374049197 -0.00092079933375734731 -0.1340158826472356
leaf_weight=98 907 113 29653 160 1209 164 223 403 2888 1151 913 189 496 147
leaf_count=98 907 113 29653 160 1209 164 223 403 2888 1151 913 189 496 147
internal_value=-9.03949e-06 -0.00664352 2.8176e-05 -0.000735178 0.00122538 0.00315202 -0.00141597 -0.00219431 -0.00163706 -0.00414914 0.000714691 -0.00193529 -0.00380435 -0.00877333
internal_weight=38714 211 38503 8850 2280 1373 6570 4812 4442 1554 1758 845 685 370
internal_count=38714 211 38503 8850 2280 1373 6570 4812 4442 1554 1758 845 685 370
cat_boundaries=0 1 2
cat_threshold=10840 16583
is_linear=0
shrinkage=0.035


Tree=300
num_leaves=15
num_cat=2
split_feature=13 8 8 26 26 33 32 16 19 22 5 0 5 23
split_gain=8.07298 8.62827 6.51416 5.23605 8.84027 38.6399 13.4565 10.8585 14.0578 11.5718 10.556 11.0565 9.14487 8.47733
threshold=1.1250000000000002 0.53416053327738489 3.8530069628891259 91.500000000000014 113.50000000000001 0 1 5.4650404085118165 68.787500000000009 0.87227302871728007 129.75000000000003 78.050000000000011 19.550000000000004 1.0417201987310587
decision_type=10 2 2 2 2 1 1 10 10 10 10 10 10 10
left_child=1 -1 -3 -2 5 6 12 13 9 -9 11 -10 -5 -7
right_child=3 2 -4 4 -6 7 -8 8 10 -11 -12 -13 -14 -15
leaf_value=0.00019649296680581519 -0.0021962442140283423 -0.0013714563348428766 -0.047476158638998081 0.052095311266940975 0.00015838726872465905 0.00023013730663846489 0.0598671617746145 0.014976505318364471 -0.089805126511066855 -0.11252995667061041 -0.1074539062250213 0.21137359932612726 1.0675399585984833 0.016793145345826446
leaf_weight=51 8860 68 55 53 27234 599 361 101 111 252 335 177 171 286
leaf_count=51 8860 68 55 53 27234 599 361 101 111 252 335 177 171 286
internal_value=-1.44632e-05 -0.00743017 -0.0123047 1.99767e-05 0.000242884 0.00225622 0.009975 -0.000242537 -0.00278287 -0.00831006 0.000390127 0.00525597 0.0166946 0.00255618
internal_weight=38714 174 123 38540 29680 2446 585 1861 976 353 623 288 224 885
internal_count=38714 174 123 38540 29680 2446 585 1861 976 353 623 288 224 885
cat_boundaries=0 1 2
cat_threshold=8 17620
is_linear=0
shrinkage=0.035


Tree=301
num_leaves=15
num_cat=1
split_feature=10 21 28 29 9 19 22 32 23 15 26 30 6 0
split_gain=7.0286 7.75671 7.89591 5.18791 7.33296 5.46987 5.45069 21.1831 15.4 19.538 12.4535 12.4104 10.8104 11.9347
threshold=1.2183333333333337 1907.5543478260872 -0.56174490092936669 0.99966190462023474 2392.5000000000005 14.512500000000001 0.86983061520290039 0 1.0667442537096308 44.57500000000001 335.50000000000006 -0.99052477729077237 1103.5000000000002 4150.0000000000009
decision_type=10 2 2 2 8 10 10 1 10 2 2 2 10 8
left_child=1 -1 -3 6 5 -5 7 10 -9 -10 11 -2 -8 -14
right_child=3 2 -4 4 -6 -7 12 8 9 -11 -12 -13 13 -15
leaf_value=-0.0017182896385394861 -0.050047508227610192 0.0016554768633975526 -0.0022084292034536394 0.016881869807679688 -0.03432521054010703 -0.040639161705278329 -0.00063357505601240765 -0.0009211056624227721 -0.0010717899928260357 0.43025407772934587 -0.11390462022611617 0.039651539894376302 0.49605097149565841 23.625574773706116
leaf_weight=58 102 54 99 52 95 193 29957 6260 150 122 107 1236 173 56
leaf_count=58 102 54 99 52 95 193 29957 6260 150 122 107 1236 173 56
internal_value=-2.35027e-05 -0.00631944 -0.00199367 1.18157e-05 -0.00426087 -0.00098 5.04349e-05 0.000863819 1.06919e-05 0.00808664 0.00467466 0.00562919 -0.000164619 0.00732906
internal_weight=38714 211 153 38503 340 245 38163 7977 6532 272 1445 1338 30186 229
internal_count=38714 211 153 38503 340 245 38163 7977 6532 272 1445 1338 30186 229
cat_boundaries=0 1
cat_threshold=388
is_linear=0
shrinkage=0.035


Tree=302
num_leaves=15
num_cat=2
split_feature=17 8 10 28 1 24 32 21 17 32 29 1 15 23
split_gain=5.76005 10.1658 10.3647 7.15513 5.61639 5.43465 28.909 8.70248 8.58574 9.40144 10.1808 8.42665 8.08604 8.00171
threshold=0.11677484162423386 0.47866951748835102 1.2183333333333337 -0.56174490092936669 5.0500000000000007 5.5000000000000009 0 1069.1833333333336 1.0852420013132842 1 -0.96689237009891416 104.10000000000001 5.4750000000000005 1.111151223425592
decision_type=10 2 10 2 8 2 1 2 10 1 2 10 2 8
left_child=3 4 -3 -1 -2 -4 11 -8 12 10 -10 -7 -9 -11
right_child=1 2 5 -5 -6 6 7 8 9 13 -12 -13 -14 -15
leaf_value=0.00019876535233897321 0.00097059822609117002 -0.0047521300651325107 0.0002718215611436392 -0.0015403227984587388 -0.00095670780064399945 -0.042837899092721426 -0.022797101889800706 -0.00017336436837016802 -0.081268345543420148 0.0053559254651495145 0.00049259993696857416 -1.5480068814428984 -0.021104682981148211 0.04068814336171285
leaf_weight=84 402 55 34895 136 78 67 457 84 144 444 1415 124 57 272
leaf_count=84 402 55 34895 136 78 67 457 84 144 444 1415 124 57 272
internal_value=-1.62711e-05 1.63641e-05 -4.78708e-05 -0.0056 0.00505155 -2.4892e-05 -0.00143695 -0.000521122 0.00031805 0.000844298 -0.000689327 -0.0141019 -0.00791096 0.00411765
internal_weight=38714 38494 38014 220 480 37959 3064 2873 2416 2275 1559 191 141 716
internal_count=38714 38494 38014 220 480 37959 3064 2873 2416 2275 1559 191 141 716
cat_boundaries=0 1 2
cat_threshold=1024 53528
is_linear=0
shrinkage=0.035


Tree=303
num_leaves=15
num_cat=0
split_feature=22 10 4 2 0 6 23 6 6 30 19 29 23 23
split_gain=5.31336 11.1156 9.47803 8.59704 7.02206 4.91061 5.12035 10.2505 5.02684 10.126 11.162 9.53892 6.81149 6.15361
threshold=2.0577088934636776 502.01428571428579 149.50000000000003 25.050000000000004 210.70000000000002 1.2500000000000002 2.4478827479413598 47.050000000000004 3.8500000000000001 -0.92272482904738262 2.9125000000000005 0.91596454896554913 0.97403637695210932 0.12511141722712912
decision_type=8 8 10 10 8 8 10 10 8 2 10 2 10 8
left_child=5 3 -3 -2 -5 -1 8 -8 9 12 11 -11 -7 -10
right_child=1 2 -4 4 -6 6 7 -9 13 10 -12 -13 -14 -15
leaf_value=0.00059638468968498007 0.031539416222112419 -0.57020472310322201 -0.43941193151630648 -0.20138441083461101 0.30895829641329914 -0.0010228316284949669 0.0058516526654779494 1.2741294535993946 0.1631171544466769 0.0010892753779559829 -0.0066333791324586482 -0.0018579789389399084 -0.0088905777985319838 1.3517324255967191e-05
leaf_weight=320 87 70 54 80 69 110 162 75 113 439 510 103 65 36457
leaf_count=320 87 70 54 80 69 110 162 75 113 439 510 103 65 36457
internal_value=-1.62711e-05 -0.00421918 -0.0124806 0.000290456 -0.00477273 2.37232e-05 -1.28815e-05 0.00506198 -4.5368e-05 -0.00224432 -0.000927152 0.00255941 -0.00991667 2.87081e-05
internal_weight=38714 360 124 236 149 38354 38034 237 37797 1227 1052 542 175 36570
internal_count=38714 360 124 236 149 38354 38034 237 37797 1227 1052 542 175 36570
is_linear=0
shrinkage=0.035


Tree=304
num_leaves=15
num_cat=2
split_feature=16 1 4 0 10 0 32 24 3 26 19 1 32 9
split_gain=5.20095 15.6164 16.4163 15.6314 15.4605 19.501 14.6144 13.8177 13.6103 14.3597 13.1055 13.288 12.1018 14.181
threshold=4.7222875812469924 41.050000000000004 5.0500000000000007 85.050000000000011 30.767857142857146 28.550000000000004 0 1.0000000180025095e-35 10.750000000000002 55.500000000000007 28.412500000000005 30.100000000000005 1 1447.5000000000002
decision_type=8 8 8 10 8 10 1 2 10 2 10 10 1 8
left_child=-1 3 -3 4 -2 6 -6 12 9 -9 -7 -12 -4 -14
right_child=1 2 7 -5 5 10 -8 8 -10 -11 11 -13 13 -15
leaf_value=0.00044261265844515956 -0.0039565190594523037 -0.17920098196461212 -0.0068235040860290582 0.85103625257621496 -0.035312837405605715 -0.12681839100895531 -0.1262688844957793 -0.24744383985946472 -0.0002680784493587041 -0.035948031166441088 0.039225597303745002 -0.027710136277600876 0.22145281102327838 0.058452188320926059
leaf_weight=15554 1946 58 1256 59 233 131 369 153 15515 812 280 753 354 1241
leaf_count=15554 1946 58 1256 59 233 131 369 153 15515 812 280 753 354 1241
internal_value=-9.03949e-06 -0.000341463 5.95545e-05 -0.00240069 -0.00269303 -0.00505929 -0.0101483 0.000117656 -0.000271762 -0.00429381 -0.00239521 -0.00104528 0.0023652 0.00436957
internal_weight=38714 23160 19389 3771 3712 1766 602 19331 16480 965 1164 1033 2851 1595
internal_count=38714 23160 19389 3771 3712 1766 602 19331 16480 965 1164 1033 2851 1595
cat_boundaries=0 1 2
cat_threshold=8966 9176
is_linear=0
shrinkage=0.035


Tree=305
num_leaves=15
num_cat=0
split_feature=15 4 3 5 28 1 10 8 22 14 3 16 16 26
split_gain=4.89362 7.94908 8.07685 11.9835 8.98809 8.01045 11.3638 9.68658 9.97244 6.87825 7.51239 16.5319 15.4281 13.7952
threshold=2507.9000000000005 2215.0000000000005 1606.2500000000002 1204.0000000000002 -0.22252093395631442 902.00000000000011 838.45238095238108 182.12783241506935 1.3718919349069256 754.50000000000011 230.50000000000003 60.875555738615127 196.77111118814565 10.500000000000002
decision_type=2 10 10 10 2 10 8 2 10 10 8 10 10 2
left_child=1 2 3 5 -4 6 9 -8 -9 10 11 -1 -13 -12
right_child=-2 -3 4 -5 -6 -7 7 8 -10 -11 13 12 -14 -15
leaf_value=0.00013572367327102211 4.7396107045122724 -1.8234623324882318 -0.21208436484487325 -0.78916958356331912 2.9108012096833433 1.0416674534660195 -0.76472954090774248 1.3029552317600799 -2.494502795566464 0.88815174612920689 -0.5821835178676138 0.65277916163837135 -0.31905740460640758 -0.0078984212091390317
leaf_weight=30875 69 108 122 156 125 390 114 86 50 206 68 436 72 5837
leaf_count=30875 69 108 122 156 125 390 114 86 50 206 68 436 72 5837
internal_value=-5.42369e-06 -2.26391e-05 4.5405e-06 -3.65583e-05 0.00625 3.67078e-06 -4.82132e-05 -0.00741176 -0.000992908 1.86672e-06 -3.37865e-05 0.000181757 0.00641326 -0.00117851
internal_weight=38714 38645 38537 38290 247 38134 37744 250 136 37494 37288 31383 508 5905
internal_count=38714 38645 38537 38290 247 38134 37744 250 136 37494 37288 31383 508 5905
is_linear=0
shrinkage=0.035


Tree=306
num_leaves=15
num_cat=1
split_feature=16 19 20 23 6 32 3 19 8 22 3 5 1 8
split_gain=5.07008 14.7082 12.9176 12.8065 12.2107 10.8057 10.5945 11.6311 10.5756 10.3539 10.0518 16.7793 13.7286 12.9137
threshold=4.7222875812469924 30.512500000000006 3387.6190476190482 1.9759737635989685 149.75000000000003 0 78.050000000000011 107.29166666666667 28.908723349781873 1.6164424299665423 23.050000000000004 20.100000000000005 15.050000000000002 4.7575351058270483
decision_type=8 10 8 10 10 1 10 10 2 10 8 10 10 2
left_child=6 2 10 -3 5 -5 8 -8 -1 -7 12 -12 13 -2
right_child=1 3 -4 4 -6 9 7 -9 -10 -11 11 -13 -14 -15
leaf_value=0.00051484981023220864 0.010117416174820516 -0.0023927852942293272 -0.23959873863655706 -0.29227585748529544 4.5837858155948084 0.67420046031486491 -0.062918471160133341 0.021269241098956969 0.046893683047111348 0.055791173436931775 -0.061241957449919691 -0.0017213570144444113 0.013225548689114481 -0.050300206080274343
leaf_weight=15132 139 19963 54 112 95 78 176 109 137 214 723 647 742 393
leaf_count=15132 139 19963 54 112 95 78 176 109 137 214 723 647 742 393
internal_value=-1.62711e-05 -0.000344485 -0.002771 -2.3941e-05 0.00548611 0.00273839 0.000472395 -0.00615517 0.000598075 0.00615635 -0.00240468 -0.00448 -0.000164191 -0.00443203
internal_weight=38714 23160 2698 20462 499 404 15554 285 15269 292 2644 1370 1274 532
internal_count=38714 23160 2698 20462 499 404 15554 285 15269 292 2644 1370 1274 532
cat_boundaries=0 1
cat_threshold=1426
is_linear=0
shrinkage=0.035


Tree=307
num_leaves=15
num_cat=1
split_feature=14 21 10 1 0 6 32 10 0 1 2 4 13 1
split_gain=5.78534 7.19938 5.24204 27.7837 19.8792 19.6951 16.5103 15.8733 24.2857 15.999 16.8669 14.169 13.1493 14.0005
threshold=1.1250000000000002 1937.6138716356111 31.591666666666672 24.100000000000005 32.050000000000004 47.550000000000004 0 15.964285714285717 12.550000000000002 14.550000000000002 5.5500000000000007 30.100000000000005 23.525000000000002 19.550000000000004
decision_type=10 2 8 10 8 10 1 10 10 10 10 10 10 10
left_child=1 -1 3 7 5 6 -4 9 12 -2 -11 -10 13 -9
right_child=2 -3 4 -5 -6 -7 -8 8 11 10 -12 -13 -14 -15
leaf_value=-0.020130361482715894 0.00015250194706643017 -2.0204540262959148e-05 -0.12337094756559641 0.01663224285725665 -0.0011952442983195512 0.02021000763281226 -0.040601728771945907 -0.046841288764356045 -0.0060482629726596755 -0.016325289277306452 0.026354797250659485 0.026111538757576477 -0.094364411791805297 0.011169571040218679
leaf_weight=56 7646 116 223 2663 22769 255 428 427 2782 146 468 395 153 187
leaf_count=56 7646 116 223 2663 22769 255 428 427 2782 146 468 395 153 187
internal_value=-1.44632e-05 -0.00632768 1.45277e-05 0.000529519 -0.00030891 -0.0053787 -0.00858994 -0.000177738 -0.00200304 0.000694495 0.00610662 -0.000648963 -0.00757124 -0.00520194
internal_weight=38714 172 38542 14867 23675 906 651 12204 3944 8260 614 3177 767 614
internal_count=38714 172 38542 14867 23675 906 651 12204 3944 8260 614 3177 767 614
cat_boundaries=0 1
cat_threshold=220
is_linear=0
shrinkage=0.035


Tree=308
num_leaves=15
num_cat=3
split_feature=29 9 19 26 26 32 2 22 32 3 32 23 27 3
split_gain=5.10661 7.33296 5.46987 5.46881 9.48541 14.9959 14.8356 8.54212 14.7585 11.0911 9.90844 17.5855 11.505 9.41749
threshold=0.99966190462023474 2392.5000000000005 14.512500000000001 73.500000000000014 75.500000000000014 0 64.600000000000009 0.88255278219130506 1 56.550000000000004 2 1.2062694680747199 1.0000000180025095e-35 13.050000000000002
decision_type=2 8 10 2 2 1 8 10 1 8 1 10 2 8
left_child=3 2 -2 7 5 6 -5 8 13 -10 11 12 -9 -1
right_child=1 -3 -4 4 -6 -7 -8 10 9 -11 -12 -13 -14 -15
leaf_value=0.0076052724017701499 0.016237418420306411 -0.032582951512166294 -0.039096564453680788 -0.019859059086630142 0.00038368151110688482 0.066158945080918879 0.084058124468567488 -0.010152018721600223 0.0011423132927052388 0.15013129776767381 -0.0022011837084488042 0.028966654577217688 -0.034540714285807191 -0.019755628183901017
leaf_weight=206 52 95 193 56 31105 129 50 495 618 387 4022 233 396 677
leaf_count=206 52 95 193 56 31105 129 50 495 618 387 4022 233 396 677
internal_value=-2.16948e-05 -0.00426087 -0.00098 1.64152e-05 0.000214388 0.00714583 -0.00289256 -0.00086518 0.00114633 0.00401471 -0.00160357 -0.00448639 -0.00675781 -0.00214365
internal_weight=38714 340 245 38374 31340 235 106 7034 1888 1005 5146 1124 891 883
internal_count=38714 340 245 38374 31340 235 106 7034 1888 1005 5146 1124 891 883
cat_boundaries=0 1 2 3
cat_threshold=39476 12874 645
is_linear=0
shrinkage=0.035


Tree=309
num_leaves=15
num_cat=0
split_feature=16 17 8 16 0 17 6 16 21 26 0 8 23 28
split_gain=5.82056 6.63866 7.94617 8.13452 9.38524 9.09696 12.6482 10.622 11.8111 9.07008 9.0313 8.94196 6.74493 6.4118
threshold=1.0000000180025095e-35 0.11677484162423386 0.47866951748835102 0.53452248382485068 9.9000000000000021 0.92523543277406095 8.5500000000000025 0.91287092917426993 2387.9356060606065 270.50000000000006 5.0500000000000007 0.86391327195406975 1.1298258518676245 1.0000000180025095e-35
decision_type=8 10 2 10 10 10 8 10 2 2 8 2 8 2
left_child=-1 -2 -3 4 -4 6 7 8 9 12 -9 -8 -5 -10
right_child=1 2 3 5 -6 -7 11 10 13 -11 -12 -13 -14 -15
leaf_value=0.0059037019109651825 -0.00074667180601315668 0.0007718981428993444 -0.0032227153938453237 0.0027846494273738244 0.0073423542193666435 -0.00024373257477431579 0.00040264856151518431 0.0030539876152453232 0.0075380629737997178 -0.0074830581004941676 0.019053912572769532 0.012301414504928793 -0.0051642142218258176 -0.0013434067543014261
leaf_weight=71 212 467 915 314 73 35759 84 84 159 114 69 157 144 92
leaf_count=71 212 467 915 314 73 35759 84 84 159 114 69 157 144 92
internal_value=-5.42369e-06 -2.44515e-05 1.00167e-05 -4.60902e-05 -0.00317221 3.78573e-05 0.00300736 0.00121305 -0.000380435 -0.00315425 0.00952532 0.0101016 -0.000907127 0.00587891
internal_weight=38714 38643 38431 37964 988 36976 1217 976 823 572 153 241 458 251
internal_count=38714 38643 38431 37964 988 36976 1217 976 823 572 153 241 458 251
is_linear=0
shrinkage=0.035


Tree=310
num_leaves=15
num_cat=2
split_feature=2 24 9 2 29 3 30 22 32 6 4 29 32 9
split_gain=5.16857 11.5124 13.5367 18.6469 12.12 11.1321 10.9373 13.9326 13.0566 18.7953 12.6324 9.6358 14.199 11.641
threshold=35.100000000000009 1.0000000180025095e-35 1682.5000000000002 461.50000000000006 0.52766072109828632 1.5500000000000003 1.0000000180025095e-35 1.6164424299665423 0 20.100000000000005 95.300000000000011 -0.95754239937548935 1 2392.5000000000005
decision_type=8 2 8 10 2 10 2 10 1 8 8 2 1 8
left_child=6 2 3 4 -2 -3 8 11 9 -1 -10 12 -8 -14
right_child=1 5 -4 -5 -6 -7 7 -9 10 -11 -12 -13 13 -15
leaf_value=-0.004961639670676519 0.068728802382070797 -0.014997819069746716 0.0028906768333158976 2.8034389220237772 -0.028161300942929943 -0.0030235818548251816 0.015930726469443289 0.025092617243865009 0.0035883352679427854 0.0085426565947667402 -0.0044331824954657595 -0.00039780478315627814 -0.0091712995484247977 -0.02351433663350946
leaf_weight=1861 550 1193 2536 84 283 20310 103 154 4049 1333 272 5508 310 168
leaf_count=1861 550 1193 2536 84 283 20310 103 154 4049 1333 272 5508 310 168
internal_value=-5.42369e-06 -0.000305677 0.00156883 0.00520065 0.00355012 -0.000606983 0.000539127 -0.000543374 0.00143816 -0.000261764 0.00268796 -0.000809813 -0.00507679 -0.00752535
internal_weight=38714 24956 3453 917 833 21503 13758 6243 7515 3194 4321 6089 581 478
internal_count=38714 24956 3453 917 833 21503 13758 6243 7515 3194 4321 6089 581 478
cat_boundaries=0 1 2
cat_threshold=34906 16428
is_linear=0
shrinkage=0.035


Tree=311
num_leaves=15
num_cat=1
split_feature=17 0 13 2 23 5 22 30 22 30 26 23 10 32
split_gain=5.09863 8.90592 8.34321 9.06495 8.61999 8.49736 9.0148 6.30799 10.2657 6.90544 15.0535 15.9822 12.6426 11.6217
threshold=1.4354811251305517 19.550000000000004 5.5250000000000012 4.4500000000000011 0.12511141722712912 95.300000000000011 0.32479601245672335 0.98005052076767474 0.97171089779785447 -0.56369940867848845 225.50000000000003 0.99338477696414518 11.715476190476192 0
decision_type=8 10 10 8 8 8 10 2 10 2 2 10 10 1
left_child=1 7 5 -4 -5 6 -2 9 -9 10 11 12 13 -1
right_child=2 -3 3 4 -6 -7 -8 8 -10 -11 -12 -13 -14 -15
leaf_value=-0.00073742796826636989 -0.15078425856775143 0.015123600086162911 0.017450302983469525 0.29472913184505795 -0.00072792950423946408 0.031973956531102035 -0.0087176058133762793 0.02019168706163401 -0.00036634892537542376 -0.00019150796409994898 0.0059823898869695129 -0.0021689543399693225 0.026472832042477894 0.0027651227150673205
leaf_weight=315 59 65 96 102 33481 52 458 52 76 2718 225 519 56 440
leaf_count=315 59 65 96 102 33481 52 458 52 76 2718 225 519 56 440
internal_value=0 0.00111161 -0.000145097 -7.37739e-05 -0.000105246 -0.00432927 -0.00569923 0.000913527 0.00842105 0.000679056 0.00253526 0.00110112 0.00416054 0.00290132
internal_weight=38714 4466 34248 33679 33583 569 517 4401 128 4273 1555 1330 811 755
internal_count=38714 4466 34248 33679 33583 569 517 4401 128 4273 1555 1330 811 755
cat_boundaries=0 1
cat_threshold=10241
is_linear=0
shrinkage=0.035


Tree=312
num_leaves=15
num_cat=1
split_feature=17 8 26 21 22 26 22 32 27 23 16 10 1 3
split_gain=5.77871 6.93939 5.83893 5.73577 8.82417 5.71534 9.92394 9.55147 13.2881 15.5284 16.1714 9.35664 13.7586 8.94352
threshold=0.11677484162423386 0.47866951748835102 252.50000000000003 3092.1666666666674 1.2706130669903988 91.500000000000014 0.88255278219130506 0 -0.8783796973249266 0.46169292554834723 0.83666002653407623 7.3416666666666677 25.050000000000004 411.00000000000006
decision_type=10 2 2 2 10 2 10 1 2 10 8 8 10 8
left_child=-1 2 -2 5 -5 6 7 13 -9 11 -11 -10 -13 -3
right_child=1 3 -4 4 -6 -7 -8 8 9 10 -12 12 -14 -15
leaf_value=-0.00064643991651380686 0.00034782692288309549 0.012617510031242994 0.0055642750007578231 0.028209146551783148 -0.046778048458156515 0.0005584814498801017 -0.0063363617448416011 -0.028790457640536143 0.0061895868446134698 -0.0036285581798777213 0.025876204567134471 -0.079654963291769715 0.0051415165798432754 0.16028707523035179
leaf_weight=220 428 800 52 213 52 29209 6291 196 54 122 699 152 120 106
leaf_count=220 428 800 52 213 52 29209 6291 196 54 122 699 152 120 106
internal_value=-7.23159e-06 2.54552e-05 0.00418557 -2.76178e-05 0.00505556 -6.39667e-05 -0.000860152 0.00113354 -0.000747423 0.000698785 0.00326271 -0.00570997 -0.00833935 0.00387622
internal_weight=38714 38494 480 38014 265 37749 8540 2249 1343 1147 821 326 272 906
internal_count=38714 38494 480 38014 265 37749 8540 2249 1343 1147 821 326 272 906
cat_boundaries=0 1
cat_threshold=54660
is_linear=0
shrinkage=0.035


Tree=313
num_leaves=15
num_cat=1
split_feature=3 15 32 22 17 26 23 24 26 30 22 22 4 9
split_gain=5.56225 17.5206 16.2094 15.8219 13.643 12.4723 15.6958 12.3153 11.9639 11.857 11.2039 10.7702 10.2712 10.1532
threshold=230.50000000000003 246.75000000000003 0 0.70138769421246783 186.8636617734185 284.50000000000006 0.80485880345389471 5.5000000000000009 137.50000000000003 -0.97874870457683594 0.91736849832799949 1.6164424299665423 89.800000000000011 1232.5000000000002
decision_type=8 2 1 10 10 2 10 2 2 2 10 10 10 8
left_child=1 -1 3 9 5 6 -5 8 -8 -2 -7 -4 -13 -6
right_child=2 -3 11 4 13 10 7 -9 -10 -11 -12 12 -14 -15
leaf_value=0.00021883502926699718 -0.90503603888740436 0.43804275434820578 -0.019480117927316382 0.029943505523692883 -0.29680534116564133 0.22881996752409778 0.019277100902744562 -0.30224255091489266 -0.052664039074176799 -0.019843953682539588 0.06553522215908901 0.084514122316569074 -1.1681507537664417 2.5724845169738741
leaf_weight=31119 57 328 3717 497 132 79 532 108 592 180 740 65 185 383
leaf_count=31119 57 328 3717 497 132 79 532 108 592 180 740 65 185 383
internal_value=1.08474e-05 0.000212546 -0.000861524 0.000950226 0.00163136 0.000575793 -0.00111015 -0.00322555 -0.00210806 -0.00766529 0.00412015 -0.00236439 -0.00933333 0.00679808
internal_weight=38714 31447 7267 3300 3063 2548 1729 1232 1124 237 819 3967 250 515
internal_count=38714 31447 7267 3300 3063 2548 1729 1232 1124 237 819 3967 250 515
cat_boundaries=0 1
cat_threshold=35845
is_linear=0
shrinkage=0.035


Tree=314
num_leaves=15
num_cat=1
split_feature=17 16 6 5 9 1 19 17 32 23 21 8 15 15
split_gain=5.40535 14.7129 9.7842 9.16576 9.76164 9.42907 8.99226 8.48812 8.42612 9.3138 10.5887 7.60326 8.95936 7.69498
threshold=0.92523543277406095 0.75277265270911198 3.8500000000000001 8.0500000000000025 2602.5000000000005 2.5500000000000003 4.9875000000000007 0.80209743248421295 0 0.8966121142581075 1356.9615384615388 0.90646473496040081 3.7750000000000004 5.0250000000000012
decision_type=8 10 8 8 8 10 10 10 1 8 2 2 2 2
left_child=1 3 8 6 5 -5 -1 -3 -2 -10 -11 -4 -13 -14
right_child=2 7 11 4 -6 -7 -8 -9 9 10 -12 12 13 -15
leaf_value=0.00015559264418091304 -0.015377967807755669 0.002422473458273712 0.0093295283881488934 0.00025484329971636413 -0.0018444126899344472 0.0096316547591671995 -0.0029215142194937908 0.010891753255196319 -0.014642139175945725 -0.019264433984505822 0.0067398954700336597 -0.014664850901467706 0.0058258679377247167 -0.00053417720251925261
leaf_weight=1272 219 266 65 87 77 137 527 256 82 58 241 82 576 34769
leaf_count=1272 219 266 65 87 77 137 527 256 82 58 241 82 576 34769
internal_value=1.26553e-05 0.00154549 -9.89002e-05 0.000232779 0.00583333 0.00947598 -0.000717849 0.00677419 -0.0045124 -0.00114899 0.00172697 -2.3664e-05 -4.6427e-05 -1.88119e-05
internal_weight=38714 2622 36092 2100 301 224 1799 522 600 381 299 35492 35427 35345
internal_count=38714 2622 36092 2100 301 224 1799 522 600 381 299 35492 35427 35345
cat_boundaries=0 1
cat_threshold=34884
is_linear=0
shrinkage=0.035


Tree=315
num_leaves=15
num_cat=0
split_feature=16 17 8 16 0 17 6 8 16 6 30 21 29 4
split_gain=5.80535 5.33429 7.40156 6.13212 8.72849 8.40857 10.1367 8.63104 7.02177 6.9333 10.0785 6.92966 8.49956 8.91712
threshold=1.0000000180025095e-35 0.11677484162423386 0.47866951748835102 0.53452248382485068 9.9000000000000021 0.92523543277406095 7.1000000000000005 0.81788312510048666 0.95118973121162609 3.8500000000000001 -0.8611288361322974 2387.9356060606065 -0.57078386445773377 4.0500000000000007
decision_type=8 10 2 10 10 10 8 2 10 8 2 2 2 10
left_child=-1 -2 -3 4 -4 6 8 -8 11 10 -7 12 -5 -14
right_child=1 2 3 5 -6 9 7 -9 -10 -11 -12 -13 13 -15
leaf_value=0.0051017228675095021 -0.00082226904584741976 0.00070512853041414638 -0.0027729279761794026 -0.0043660942287684712 0.0071535561663549361 -0.021734735413332946 -4.8191722485539941e-05 0.010669993237160745 0.010828919793503325 1.3606808566004603e-05 -0.0037895592433160011 0.0034497149602976053 -0.0045719064396706789 0.0040167294973099876
leaf_weight=71 212 467 915 103 73 70 107 236 107 35200 489 244 215 205
leaf_count=71 212 467 915 103 73 70 107 236 107 35200 489 244 215 205
internal_value=7.23159e-06 -1.17729e-05 1.91227e-05 -3.50286e-05 -0.00274924 3.78573e-05 0.0028928 0.0079454 0.000875995 -5.96969e-05 -0.00390957 -0.000317358 -0.00258523 -0.000329412
internal_weight=38714 38643 38431 37964 988 36976 1217 343 874 35759 559 767 523 420
internal_count=38714 38643 38431 37964 988 36976 1217 343 874 35759 559 767 523 420
is_linear=0
shrinkage=0.035


Tree=316
num_leaves=15
num_cat=2
split_feature=10 1 0 6 32 10 0 1 2 19 23 22 32 6
split_gain=5.17789 25.675 22.7574 18.6299 14.6193 14.361 22.1065 15.4396 14.2751 13.993 16.5541 12.6706 12.1808 15.9663
threshold=31.591666666666672 24.100000000000005 32.050000000000004 47.550000000000004 0 15.964285714285717 12.550000000000002 14.550000000000002 4.9500000000000011 21.275000000000002 1.8549067072839038 1.6556622003351549 1 27.550000000000004
decision_type=8 10 8 10 1 10 10 10 10 8 10 10 1 10
left_child=1 5 3 4 -2 7 -7 -1 -9 -4 -11 -12 13 -3
right_child=2 12 9 -5 -6 6 -8 8 -10 10 11 -13 -14 -15
leaf_value=0.00013382156365253641 -0.11983757429946612 0.012529874640075642 -0.092321205353581515 0.019528173739969044 -0.043115543689107361 -0.03954323682731932 -0.0015597126284243147 -0.013758568014096506 0.026404192431868118 -0.0024209352257634543 0.39235811161609546 0.016899747736506043 0.018987397329255667 -0.050766427661032114
leaf_weight=7763 227 247 186 255 432 767 3179 147 469 21866 348 408 2281 139
leaf_count=7763 227 247 186 255 432 767 3179 147 469 21866 348 408 2281 139
internal_value=9.03949e-06 0.000518104 -0.000312724 -0.00571273 -0.00880271 -0.000156123 -0.00189572 0.000663764 0.00597424 -9.51212e-05 -1.54682e-05 0.00505913 0.00362837 -0.00209476
internal_weight=38714 14992 23722 914 659 12325 3946 8379 616 22808 22622 756 2667 386
internal_count=38714 14992 23722 914 659 12325 3946 8379 616 22808 22622 756 2667 386
cat_boundaries=0 1 2
cat_threshold=220 42
is_linear=0
shrinkage=0.035


Tree=317
num_leaves=15
num_cat=2
split_feature=16 1 3 0 30 11 24 32 8 23 30 22 32 10
split_gain=5.13774 14.1809 13.8251 13.5612 12.3694 14.6925 12.3433 22.9487 14.997 13.5657 12.7368 12.1341 12.0063 14.0086
threshold=4.8795003647419763 42.050000000000004 10.750000000000002 85.050000000000011 -0.99273797715557011 195.87121212121215 5.5000000000000009 0 7.328628359317169 1.8549067072839038 0.36447543099728863 1.8482224703827919 1 26.33666666666667
decision_type=8 8 10 10 2 10 2 1 2 10 2 10 1 10
left_child=-1 3 -3 12 5 -4 8 -8 -6 -10 -9 -11 13 -2
right_child=1 2 4 -5 6 -7 7 10 9 11 -12 -13 -14 -15
leaf_value=0.00057220935876444725 -0.0032176729632232707 -0.059487964549584979 -0.0075542268819154407 0.83104264937094474 -0.036839720221406178 -0.55056141660654589 -0.95561010943913305 -0.063863290020939947 0.016256225744905848 0.33350035247527432 0.068410957799306948 -0.023104831462126968 -0.0088746545703349746 -0.054396029960263256
leaf_weight=15858 506 1165 448 59 636 245 140 758 14653 409 517 244 2210 866
leaf_count=15858 506 1165 448 59 636 245 140 758 14653 409 517 244 2210 866
internal_value=2.35027e-05 -0.000312322 6.73777e-05 -0.00231349 0.000306286 -0.00426218 0.000489863 -0.00263732 0.00076817 0.000987525 -0.00105814 0.00590426 -0.00259548 -0.0051478
internal_weight=38714 22856 19215 3641 18050 693 17357 1415 15942 15306 1275 653 3582 1372
internal_count=38714 22856 19215 3641 18050 693 17357 1415 15942 15306 1275 653 3582 1372
cat_boundaries=0 1 2
cat_threshold=1024 20619
is_linear=0
shrinkage=0.035


Tree=318
num_leaves=15
num_cat=1
split_feature=15 4 3 5 28 27 1 10 6 6 30 22 32 19
split_gain=4.87789 7.97395 8.03931 9.92956 8.98809 7.76066 6.35302 13.1769 7.21774 8.14274 6.63137 5.92344 13.263 26.4521
threshold=2507.9000000000005 2215.0000000000005 1606.2500000000002 1204.0000000000002 -0.22252093395631442 1.0000000180025095e-35 902.00000000000011 838.45238095238108 300.80000000000007 651.00000000000011 -0.76696334127844745 1.0369089782509866 0 356.70833333333343
decision_type=2 10 10 10 2 2 10 8 8 10 2 10 1 10
left_child=1 2 3 6 -4 -5 7 11 -9 -10 -8 12 -1 -14
right_child=-2 -3 4 5 -6 -7 10 8 9 -11 -12 -13 13 -15
leaf_value=0.0075933644696535123 4.4898270616782119 -1.7618703751422702 -0.24957256539320499 -1.3563452798645939 2.8082562119900483 -0.12742370558497612 -0.94536167041446328 -0.50018258032684793 1.1472801653565774 -1.0281729045316692 1.2694515512325968 -0.0018098266354931881 -1.6687286278813665e-05 -0.36027243562239053
leaf_weight=9431 69 108 122 81 125 75 57 71 69 110 333 15386 12213 464
leaf_count=9431 69 108 122 81 125 75 57 71 69 110 333 15386 12213 464
internal_value=9.03949e-06 -8.15006e-06 1.90701e-05 -2.1935e-05 0.00625 -0.00869565 1.46831e-05 -3.1524e-05 -0.00796078 -0.00399457 0.00443038 2.24006e-05 0.000389364 -0.000350221
internal_weight=38714 38645 38537 38290 247 156 38134 37744 250 179 390 37494 22108 12677
internal_count=38714 38645 38537 38290 247 156 38134 37744 250 179 390 37494 22108 12677
cat_boundaries=0 1
cat_threshold=13716
is_linear=0
shrinkage=0.035


Tree=319
num_leaves=15
num_cat=0
split_feature=15 4 3 5 28 27 1 10 8 22 1 23 5 22
split_gain=4.86807 6.95985 7.3206 8.97893 8.27112 6.96216 6.85124 12.2982 8.96568 9.17125 6.17308 6.13403 6.3753 5.60299
threshold=2507.9000000000005 2215.0000000000005 1606.2500000000002 1204.0000000000002 -0.22252093395631442 1.0000000180025095e-35 902.00000000000011 838.45238095238108 182.12783241506935 1.3718919349069256 2115.0000000000005 2.1500351723444884 520.50000000000011 1.0369089782509866
decision_type=2 10 10 10 2 2 10 8 2 10 8 8 8 10
left_child=1 2 3 6 -4 -5 7 13 -9 -10 -6 12 -8 -1
right_child=-2 -3 4 5 10 -7 11 8 9 -11 -12 -13 -14 -15
leaf_value=0.00082602044453686577 4.332683114519476 -1.7002049120122904 -0.24083752560444568 -1.308873195069332 0.89290800575279727 -0.12296387588950154 -0.95195795486721313 -0.70366762291812779 1.2202755770072824 -2.4049266041328408 3.461894722400872 3.6697272326771637 0.95785964529374168 -0.001746482703250898
leaf_weight=22108 69 108 122 81 55 75 52 114 86 50 70 97 241 15386
leaf_count=22108 69 108 122 81 55 75 52 114 86 50 70 97 241 15386
internal_value=1.8079e-05 9.05563e-07 2.63349e-05 -1.27954e-05 0.00597222 -0.00826087 2.20247e-05 -2.5961e-05 -0.00768627 -0.00148936 0.0121154 0.00460759 0.00199664 2.6134e-05
internal_weight=38714 38645 38537 38290 247 156 38134 37744 250 136 125 390 293 37494
internal_count=38714 38645 38537 38290 247 156 38134 37744 250 136 125 390 293 37494
is_linear=0
shrinkage=0.035


Tree=320
num_leaves=15
num_cat=0
split_feature=17 7 1 1 30 6 5 15 23 26 22 29 16 0
split_gain=5.21383 8.09313 8.3032 6.60171 6.48996 6.94751 6.34927 9.02065 6.34491 6.17423 5.87459 7.67214 5.84564 12.6601
threshold=0.11677484162423386 2.3160256410256417 1.8500000000000003 3.0500000000000003 -0.93543596745397617 2.0500000000000003 25.050000000000004 1.3250000000000004 0.12511141722712912 133.50000000000003 0.99119987404138599 -0.95754239937548935 4.7222875812469924 32.050000000000004
decision_type=10 2 10 8 2 8 8 2 8 2 8 2 8 8
left_child=6 2 4 10 -2 -6 7 -1 9 -5 11 -3 -10 -14
right_child=1 3 -4 8 5 -7 -8 -9 12 -11 -12 -13 13 -15
leaf_value=-3.0634496281931049e-05 0.0005873264202527781 -0.014358189953521977 0.0037381574581605717 -0.0057025051591638358 0.00031837015572804499 -0.0032481737284021477 0.0068512936360283399 -0.0060976863690051231 0.0010289243973419905 0.7658202984104866 -0.0097560852774173906 0.00049954129152809371 -0.018039706968349275 -0.00057675644607080312
leaf_weight=114 60 57 156 56 313 82 56 50 14291 53 134 336 2387 20569
leaf_count=114 60 57 156 56 313 82 56 50 14291 53 134 336 2387 20569
internal_value=2.35027e-05 5.45469e-05 0.00403409 -1.01615e-05 0.00159783 -8.75e-05 -0.00528889 -0.00869822 4.49667e-05 0.00828947 -0.00388158 -0.00167085 1.97305e-05 -0.000326205
internal_weight=38714 38494 611 37883 455 395 220 164 37356 109 527 393 37247 22956
internal_count=38714 38494 611 37883 455 395 220 164 37356 109 527 393 37247 22956
is_linear=0
shrinkage=0.035


Tree=321
num_leaves=15
num_cat=1
split_feature=17 7 1 1 30 6 5 15 22 29 29 32 29 23
split_gain=5.19256 7.68069 7.54036 6.57024 6.48996 6.94751 6.34927 9.02065 5.87459 7.67214 5.81026 7.27632 6.06505 6.05822
threshold=0.11677484162423386 2.3160256410256417 1.8500000000000003 3.0500000000000003 -0.93543596745397617 2.0500000000000003 25.050000000000004 1.3250000000000004 0.99119987404138599 -0.95754239937548935 0.99966190462023474 0 0.99939377080793557 1.0179794652340566
decision_type=10 2 10 8 2 8 8 2 8 2 2 1 2 10
left_child=6 2 4 8 -2 -6 7 -1 9 -3 12 13 -5 -12
right_child=1 3 -4 10 5 -7 -8 -9 -10 -11 11 -13 -14 -15
leaf_value=-2.9562288912063363e-05 0.00056676999554393099 -0.013855653305148711 0.0036073219471249533 0.0002141707422315731 0.00030722720027756892 -0.0031344876479080688 0.0066114983587673452 -0.0058842673460899409 -0.0094146222927077791 0.00048205734632461117 0.051655358947220481 -0.04130459675541772 0.032108413820333262 -0.01477593209634954
leaf_weight=114 60 57 156 36954 313 82 56 50 134 336 50 217 81 54
leaf_count=114 60 57 156 36954 313 82 56 50 134 336 50 217 81 54
internal_value=1.26553e-05 4.36375e-05 0.00392045 -1.93993e-05 0.00159783 -8.75e-05 -0.00528889 -0.00869822 -0.00388158 -0.00167085 3.55986e-05 -0.00461656 7.65389e-05 0.00294118
internal_weight=38714 38494 611 37883 455 395 220 164 527 393 37356 321 37035 104
internal_count=38714 38494 611 37883 455 395 220 164 527 393 37356 321 37035 104
cat_boundaries=0 1
cat_threshold=34464
is_linear=0
shrinkage=0.035


Tree=322
num_leaves=15
num_cat=0
split_feature=17 19 22 1 19 20 23 23 26 6 7 10 4 2
split_gain=4.60768 6.70536 7.4844 5.86505 5.75538 7.64705 5.2543 8.33346 5.74009 4.6506 6.92809 7.59569 13.805 11.8125
threshold=0.11677484162423386 1.8875000000000004 0.9576954503516365 3.5500000000000003 18.262500000000006 2353.4523809523812 1.0829729318101162 0.98405687042574075 85.500000000000014 3.8500000000000001 3.6469166666666673 15.569047619047621 19.050000000000004 13.65
decision_type=10 8 10 8 10 8 8 10 2 8 2 8 8 10
left_child=4 2 -2 6 5 -1 7 -4 -8 -3 -11 13 -13 -12
right_child=1 9 3 -5 -6 -7 8 -9 -10 10 11 12 -14 -15
leaf_value=-2.4243190277738473e-05 -0.0006136792741871167 -0.0027277132743667235 0.0022158545219591844 -0.0010941847460244915 0.019656393568100533 -0.0022711598096180289 0.00032041472992687007 -0.0018626965264809106 0.0028899057049959769 -0.0046276222504194045 0.00086946258176833445 -0.012573928298644895 0.0004730260145283794 0.012410414104330194
leaf_weight=101 124 1041 75 82 50 69 54 57 100 232 5641 2136 28195 757
leaf_count=101 124 1041 75 82 50 69 54 57 100 232 5641 2136 28195 757
internal_value=1.62711e-05 4.54557e-05 0.00408451 0.00656836 -0.00497778 -0.008 0.00890034 0.00357664 0.0132075 -7.36706e-06 5.77558e-05 9.62324e-05 -0.000134988 0.00119163
internal_weight=38714 38494 492 368 220 170 286 132 154 38002 36961 36729 30331 6398
internal_count=38714 38494 492 368 220 170 286 132 154 38002 36961 36729 30331 6398
is_linear=0
shrinkage=0.035


Tree=323
num_leaves=15
num_cat=1
split_feature=30 8 30 6 32 26 2 30 29 20 5 6 29 21
split_gain=4.5628 9.21598 12.0173 11.2099 10.0535 12.1949 11.1368 8.64952 8.27876 8.16786 9.23951 8.4592 7.82805 7.78819
threshold=0.97461712852231652 5.189682666512037 0.99958851518450398 78.200000000000017 0 355.50000000000006 31.550000000000004 0.97062204580664158 0.16799745313369893 1628.7857142857144 250.75000000000003 51.550000000000004 0.099822040462190967 1527.8553511705688
decision_type=2 2 2 8 1 2 10 2 2 10 8 10 2 2
left_child=7 13 4 -4 8 6 -6 -1 12 -7 11 -11 -3 -2
right_child=1 2 3 -5 5 9 -8 -9 -10 10 -12 -13 -14 -15
leaf_value=0.000162432951140305 0.032755051230635053 0.0053741728844645571 -0.046288416406695475 0.19714636740065147 -0.011131463778618525 0.054068616182780596 -0.21641984443096479 0.048118863519286653 0.13614251758737173 -0.0044909381296039455 0.057878033173650187 -0.2938745999698012 -0.42991967002352982 0.00096251328599170636
leaf_weight=36358 75 357 94 127 143 218 379 158 65 85 85 98 57 415
leaf_count=36358 75 357 94 127 143 218 379 158 65 85 85 98 57 415
internal_value=2.16948e-05 -0.00152519 -0.00273789 0.00480088 -0.00387064 -0.00581623 -0.00956357 0.000115002 0.000354251 -0.00185336 -0.00589744 -0.0102394 -0.00150358 0.00268687
internal_weight=38714 2198 1708 221 1487 1008 522 36516 479 486 268 183 414 490
internal_count=38714 2198 1708 221 1487 1008 522 36516 479 486 268 183 414 490
cat_boundaries=0 1
cat_threshold=8486
is_linear=0
shrinkage=0.035


Tree=324
num_leaves=15
num_cat=2
split_feature=30 19 1 17 23 32 30 32 26 20 17 26 20 20
split_gain=4.52064 23.9215 13.0325 16.6088 10.9158 10.8284 10.2641 8.69134 13.2183 9.76892 8.76175 8.18487 8.16471 12.9067
threshold=-0.91595872546125101 220.12500000000003 159.50000000000003 30.230663115524855 1.0723791479413485 0 -0.98521978256641018 1 200.50000000000003 2421.1250000000005 5.0572479684860623 176.50000000000003 1526.8333333333337 2023.4523809523812
decision_type=2 10 10 10 8 1 2 1 2 10 10 2 10 10
left_child=1 2 3 4 7 6 -6 9 12 -1 -11 -4 -9 -14
right_child=-2 -3 11 -5 5 -7 -8 8 -10 10 -12 -13 13 -15
leaf_value=0.0067488937841568095 0.00042319850170005949 -0.32878868100373193 0.39665543111912688 -0.20068976314336381 -0.0010013866614149692 0.00040757425295995746 -0.037292023374019038 0.016580816249273128 -0.0178118386373252 0.022666885699051197 0.038975169455624417 0.018084238249023984 -0.0082325651805452496 0.0028007813815615237
leaf_weight=703 33442 832 143 282 269 812 407 583 246 63 50 150 245 487
leaf_count=703 33442 832 143 282 269 812 407 583 246 63 50 150 245 487
internal_value=2.35027e-05 -0.000928558 9.44882e-05 -0.000413054 0.000189922 -0.00215673 -0.00536903 0.00166037 0.000111041 0.00454874 0.0139407 0.00716443 0.00151136 -0.000949796
internal_weight=38714 5272 4440 4147 3865 1488 676 2377 1561 816 113 293 1315 732
internal_count=38714 5272 4440 4147 3865 1488 676 2377 1561 816 113 293 1315 732
cat_boundaries=0 1 2
cat_threshold=3422 37133
is_linear=0
shrinkage=0.035


Tree=325
num_leaves=15
num_cat=3
split_feature=30 21 17 32 3 23 9 30 30 30 32 32 3 26
split_gain=4.73624 9.74076 9.99101 6.1763 8.97313 7.20751 6.33781 4.84651 14.5936 11.7814 26.3807 10.9095 10.6402 22.084
threshold=-0.99864786094873803 1098.1688963210706 2.2343733444578926 0 92.750000000000014 0.92313015704019175 1692.5000000000002 -0.022575793296316496 -0.099822328936730861 0.080547328232315238 1 2 270.75000000000006 131.50000000000003
decision_type=2 2 10 1 10 8 8 2 2 2 1 1 10 2
left_child=1 -1 -3 4 -4 -5 -7 8 12 10 -9 -10 -2 -14
right_child=7 2 3 5 -6 6 -8 9 11 -11 -12 -13 13 -15
leaf_value=0.020592392676008483 0.0011630720223921288 0.0028613755332633386 -0.042861962221484876 -0.030497399830202103 0.37036190882386183 -0.1173275864543728 -0.10450345473303484 0.047458459490287395 0.037376343517147546 -0.0002206558940337633 -0.031557123141180886 0.0035691358234100795 0.46306506331958097 -0.3343011334278424
leaf_weight=73 16213 99 62 145 51 52 108 313 509 17822 908 495 418 1446
leaf_count=73 16213 99 62 145 51 52 108 313 509 17822 908 495 418 1446
internal_value=3.97738e-05 -0.00305882 -0.00476054 -0.00711584 0.000273438 -0.00951562 -0.0148485 8.81219e-05 0.000482291 -0.000306856 -0.00362561 0.00457879 0.000253567 -0.00224719
internal_weight=38714 590 517 418 113 305 160 38124 19081 19043 1221 1004 18077 1864
internal_count=38714 590 517 418 113 305 160 38124 19081 19043 1221 1004 18077 1864
cat_boundaries=0 1 2 3
cat_threshold=16530 1188 17849
is_linear=0
shrinkage=0.035


Tree=326
num_leaves=15
num_cat=1
split_feature=16 17 28 21 29 23 21 32 9 30 26 22 23 5
split_gain=4.72401 6.03795 6.06341 4.84104 12.7514 13.8418 15.7054 12.6067 10.8689 10.961 9.34272 16.4316 11.9039 9.90938
threshold=1.0000000180025095e-35 0.11677484162423386 -0.56174490092936669 2495.6980519480526 -0.54220184589352438 1.1765000885007966 3022.5000000000005 0 2517.5000000000005 0.21652257995689161 336.50000000000006 0.70934112093859092 0.91549525538221188 44.100000000000009
decision_type=8 10 2 2 2 8 2 1 10 2 2 10 10 10
left_child=-1 2 -2 8 -5 10 7 -7 -3 -10 11 -6 -12 -13
right_child=1 3 -4 4 5 6 -8 -9 9 -11 12 13 -14 -15
leaf_value=0.0049389481605832458 4.9549730480774606e-05 -0.0001066357013146313 -0.0015344029939844562 0.014631626766830982 0.17780657667469377 -0.003920945959909084 0.018208345850908202 -0.054387875978491894 0.026333204034504933 -0.022468339971360805 -0.11117390185896273 -0.00045356283740945804 0.018303911077128296 0.0705254511888872
leaf_weight=71 82 32879 130 1884 64 435 226 494 70 340 185 1071 212 571
leaf_count=71 82 32879 130 1884 64 435 226 494 70 340 185 1071 212 571
internal_value=3.25422e-05 1.53954e-05 -0.00580645 4.8262e-05 0.00104721 -0.000278884 -0.00334914 -0.00535867 -0.000106175 -0.00573494 0.00141129 0.00253653 -0.00339552 0.00182757
internal_weight=38714 38643 212 38431 5142 3258 1155 929 33289 410 2103 1706 397 1642
internal_count=38714 38643 212 38431 5142 3258 1155 929 33289 410 2103 1706 397 1642
cat_boundaries=0 1
cat_threshold=56453
is_linear=0
shrinkage=0.035


Tree=327
num_leaves=15
num_cat=1
split_feature=23 22 30 13 29 30 9 28 3 9 30 5 17 32
split_gain=4.37463 8.63983 15.0185 5.45285 10.3187 5.04568 4.04905 5.68016 7.52369 5.20833 9.83213 12.4631 19.9685 13.634
threshold=3.4241829876139338 2.0577088934636776 -0.43733099657705293 41.050000000000004 0.52766072109828632 -0.23537842981696178 3285.0000000000005 -0.56174490092936669 8.0500000000000025 2387.5000000000005 0.78724360164103002 21.050000000000004 5.8050041129651815 0
decision_type=10 8 2 8 2 2 10 2 8 10 2 8 8 1
left_child=1 6 -3 -4 -5 -2 9 -8 -9 -1 11 12 13 -11
right_child=5 2 3 4 -6 -7 7 8 -10 10 -12 -13 -14 -15
leaf_value=-0.00027197667438187971 1.3496677137077369 -0.43564138013009113 0.022679631107015586 -0.22348811728640561 0.27014986931755042 -0.003638851820306788 0.0017022395051226088 -0.007924375203238956 -0.0072692036779626705 -0.0038808647979000858 -0.00685078353674878 0.020060238636196763 -0.069698484775766387 0.0027041626110617316
leaf_weight=31022 56 89 50 80 80 70 58 53 55 440 1538 3907 185 1031
leaf_count=31022 56 89 50 80 80 70 58 53 55 440 1538 3907 185 1031
internal_value=2.71185e-05 5.4414e-06 -0.00587171 -0.000651163 -0.00381818 0.00641221 5.20969e-05 -0.00532164 -0.0099115 7.61907e-05 0.000930903 0.00161548 -0.000927152 0.000450542
internal_weight=38714 38588 299 210 160 126 38289 166 108 38123 7101 5563 1656 1471
internal_count=38714 38588 299 210 160 126 38289 166 108 38123 7101 5563 1656 1471
cat_boundaries=0 1
cat_threshold=38912
is_linear=0
shrinkage=0.035


Tree=328
num_leaves=15
num_cat=2
split_feature=22 30 32 21 11 23 3 32 4 13 4 29 7 0
split_gain=4.90518 9.82153 6.66232 6.94981 6.81284 4.32565 9.46506 10.3796 8.14326 13.6383 8.07223 7.74267 6.32806 9.50696
threshold=2.0577088934636776 -0.49065906150552346 0 1930.5902777777781 19.711309523809529 1.6476866022543961 2.0500000000000003 1 6.5500000000000007 22.525000000000002 29.100000000000005 -0.40614700388750385 147.27900000000002 901.00000000000011
decision_type=8 2 1 2 10 10 10 1 8 10 8 2 2 10
left_child=5 -2 3 -3 -4 -1 10 11 -9 -10 -7 -8 -11 -14
right_child=1 2 4 -5 -6 6 7 8 9 12 -12 -13 13 -15
leaf_value=-6.820517058130749e-05 -0.28771012382206768 -0.075831893841668233 0.013539044579780951 0.18241772894190658 -0.1960182019613432 0.00084590574547147143 0.011240071750737273 0.014499790286482669 -0.049985875694969907 -0.0065131055225772635 -0.30900301529160296 0.10363970985327225 0.92624019242457989 -1.843588629365351
leaf_weight=36668 89 53 56 75 87 71 237 84 131 527 52 390 144 50
leaf_count=36668 89 53 56 75 87 71 237 84 131 527 52 390 144 50
internal_value=1.08474e-05 -0.0040274 -0.000634058 0.0048951 -0.00553797 4.92714e-05 0.00178001 0.00252232 0.000147213 -0.000898483 -0.00738281 0.00594237 0.0010124 0.00633166
internal_weight=38714 360 271 128 143 38354 1686 1563 936 852 123 627 721 194
internal_count=38714 360 271 128 143 38354 1686 1563 936 852 123 627 721 194
cat_boundaries=0 1 2
cat_threshold=12332 19537
is_linear=0
shrinkage=0.035


Tree=329
num_leaves=15
num_cat=2
split_feature=22 3 4 13 7 2 23 32 33 23 22 0 13 29
split_gain=4.90079 8.46547 8.59184 9.46877 11.3312 5.0632 4.13011 10.6422 9.07232 11.0563 8.39142 8.05315 8.82929 9.58906
threshold=2.0577088934636776 250.75000000000003 34.900000000000006 31.075000000000003 29.41833333333334 642.50000000000011 1.6476866022543961 0 1 2.0540025711777257 1.4433054304687618 901.00000000000011 315.50000000000006 0.97696484778429815
decision_type=8 10 10 8 2 8 10 1 1 10 10 10 10 2
left_child=6 2 3 -2 -5 -4 -1 8 -8 -10 -9 12 13 -12
right_child=1 -3 5 4 -6 -7 7 10 9 -11 11 -13 -14 -15
leaf_value=-6.5817989611017817e-05 0.016189262009276138 -1.5719334710580604 -0.19539409037878608 -0.24132953295786619 -0.089193573872347137 0.73633410614267447 0.0060860143270432708 0.06727378168272112 -0.015889806159359483 -0.25555946803991864 0.015348339205944691 4.6993911078686521 -0.83824545294916564 -0.045374414079751416
leaf_weight=36668 66 61 50 57 76 50 334 453 104 55 519 89 73 59
leaf_count=36668 66 61 50 57 76 50 334 453 104 55 519 89 73 59
internal_value=9.03949e-06 -0.0040274 -0.00149671 -0.00566176 -0.0109058 0.00666667 4.74465e-05 0.00173862 -0.00254921 -0.00905172 0.00350579 0.00122148 -0.000160061 0.00132075
internal_weight=38714 360 299 199 133 100 38354 1686 493 159 1193 740 651 578
internal_count=38714 360 299 199 133 100 38354 1686 493 159 1193 740 651 578
cat_boundaries=0 1 2
cat_threshold=41222 12
is_linear=0
shrinkage=0.035


Tree=330
num_leaves=15
num_cat=1
split_feature=22 23 14 32 1 29 10 2 30 23 3 26 26 0
split_gain=4.90752 14.207 15.4527 13.1917 8.94668 11.5191 11.983 7.52271 7.6408 7.29149 17.6186 13.3414 9.20948 7.14817
threshold=1.6556622003351549 2.1500351723444884 245.25000000000003 0 279.50000000000006 -0.27694604220087021 30.767857142857146 37.050000000000004 1.0000000180025095e-35 1.8549067072839038 31.550000000000004 265.50000000000006 249.50000000000003 219.00000000000003
decision_type=8 8 8 1 10 2 8 10 2 10 10 2 2 10
left_child=9 2 7 -3 5 6 -5 8 -2 -1 12 13 -11 -12
right_child=1 3 -4 4 -6 -7 -8 -9 -10 10 11 -13 -14 -15
leaf_value=1.9759430626418718e-05 -0.026274597125095715 0.17371181323097365 -1.13928975996063 0.057599560180496417 0.57049762685959871 -0.14723221156446797 -0.13240967135477424 -0.15021501770097367 0.028032226303438112 -0.050422337373821222 0.18407054907443243 -0.023476193463808814 0.030748467787664366 1.7820277066376755
leaf_weight=37036 56 276 120 54 72 133 89 222 93 164 100 89 116 94
leaf_count=37036 56 276 120 54 72 133 89 222 93 164 100 89 116 94
internal_value=1.8079e-06 -0.00228125 -0.00670363 0.00122417 -0.00327824 -0.00622776 0.000709459 -0.00307181 0.00295455 6.98064e-05 0.00400528 0.0100868 -0.00221053 0.0151256
internal_weight=38714 1115 491 624 348 276 143 371 149 37599 563 283 280 194
internal_count=38714 1115 491 624 348 276 143 371 149 37599 563 283 280 194
cat_boundaries=0 1
cat_threshold=46152
is_linear=0
shrinkage=0.035


Tree=331
num_leaves=15
num_cat=1
split_feature=22 7 3 24 32 23 22 2 3 16 11 16 23 7
split_gain=4.53495 12.0736 7.8625 4.24332 22.4881 16.5954 12.8761 12.7137 9.73922 12.9731 9.44463 10.6727 9.94879 9.37246
threshold=2.27460889988676 29.41833333333334 89.800000000000011 1.0000000180025095e-35 0 1.0750512650066124 1.1538914123959054 361.00000000000006 319.25000000000006 49.281021168251776 18.704166666666669 3.5590260840104384 0.96641475382099162 20.544655797101452
decision_type=8 2 10 2 1 8 10 10 10 10 10 10 10 2
left_child=3 -2 -3 4 10 7 8 -6 9 -7 11 12 -1 -12
right_child=1 2 -4 -5 5 6 -8 -9 -10 -11 13 -13 -14 -15
leaf_value=0.0015636303254141029 -0.085102417906706751 0.34959440339778614 -0.38745333396070636 -0.00025450395218440391 0.01263362261290988 -0.00076261041615270479 0.029562465555414308 1.8610241578228233 -0.55852454084082759 0.53962721719979923 0.04640779465724356 -0.055020364675853133 -0.022496841986939829 -0.01567165489717157
leaf_weight=155 79 55 75 32627 1163 2316 880 116 182 76 52 59 124 755
leaf_count=155 79 55 75 32627 1163 2316 880 116 182 76 52 59 124 755
internal_value=1.08474e-05 -0.00507009 0.00155556 3.90808e-05 0.000904301 0.0019682 0.000708297 0.00536994 -0.000542846 5.84063e-05 -0.00346983 -0.00836735 -0.0052993 -0.00142241
internal_weight=38714 209 130 38505 5878 4733 3454 1279 2574 2392 1145 338 279 807
internal_count=38714 209 130 38505 5878 4733 3454 1279 2574 2392 1145 338 279 807
cat_boundaries=0 1
cat_threshold=8272
is_linear=0
shrinkage=0.035


Tree=332
num_leaves=15
num_cat=1
split_feature=22 7 3 26 22 23 8 3 32 23 21 20 1 5
split_gain=5.12049 9.52418 5.83287 4.2254 9.1061 10.5121 9.74799 10.8999 8.41098 12.2774 10.5986 9.27191 10.192 8.91481
threshold=2.27460889988676 29.41833333333334 89.800000000000011 91.500000000000014 0.74577812719186698 0.42182824474726605 50.533579425847257 12.100000000000001 0 0.55581036959644781 1770.6439393939397 1841.5476190476193 1.5500000000000003 23.750000000000004
decision_type=8 2 10 2 10 10 2 8 1 8 2 10 10 8
left_child=3 -2 -3 4 5 6 7 -1 10 -10 13 -12 -13 -6
right_child=1 2 -4 -5 8 -7 -8 -9 9 -11 11 12 -14 -15
leaf_value=0.0070689758049426836 -0.082123833279972025 0.33735859927886358 -0.37389246727208164 0.00052195555175671871 0.009179341895157284 0.020624797913682082 0.14357687167837827 -0.087612417692949515 -0.094091451613741106 -0.0048926939848238154 -0.021055002217227961 0.0051696805414932438 -0.0047118079009231375 0.0082429949544148024
leaf_weight=53 79 55 75 29603 251 591 68 124 105 3871 115 461 1929 1334
leaf_count=53 79 55 75 29603 251 591 68 124 105 3871 115 461 1929 1334
internal_value=1.8079e-06 -0.0053972 0.000518519 3.18099e-05 -0.000636578 0.00282996 -0.00322 -0.0075 -0.000997398 -0.00213981 0.000119367 -0.00129681 -0.000818372 0.00235535
internal_weight=38714 209 130 38505 8902 836 245 177 8066 3976 4090 2505 2390 1585
internal_count=38714 209 130 38505 8902 836 245 177 8066 3976 4090 2505 2390 1585
cat_boundaries=0 1
cat_threshold=46448
is_linear=0
shrinkage=0.035


Tree=333
num_leaves=15
num_cat=1
split_feature=16 17 5 27 30 8 5 32 3 23 20 23 5 26
split_gain=4.77115 5.94814 5.25896 4.20622 4.19216 9.80078 21.1569 10.3447 11.1094 11.4699 9.61152 11.2777 9.47477 9.12235
threshold=1.0000000180025095e-35 0.11677484162423386 1.2500000000000002 1.0000000180025095e-35 0.97461712852231652 33.725014399043992 145.50000000000003 0 29.100000000000005 0.59005765602997073 1208.4523809523812 1.111151223425592 73.100000000000009 358.50000000000006
decision_type=8 10 10 2 2 2 10 1 10 10 10 8 8 2
left_child=-1 2 -2 -4 -3 7 -7 8 -6 -10 11 -9 13 -12
right_child=1 4 3 -5 5 6 -8 10 9 -11 12 -13 -14 -15
leaf_value=0.004855590441905761 6.1821799347211445e-06 0.00021210466089922387 -0.0050244669956533636 -0.00048174750257016792 0.0040541051766186499 -0.29011232946732957 -0.051168906582833108 -0.0077036244234365376 -0.13859137450446884 -0.035068507842559458 0.018864254537590185 0.18824611669848176 -0.064442933076619552 -0.013415966808318955
leaf_weight=71 95 36234 53 64 217 203 422 77 70 209 337 136 368 158
leaf_count=71 95 36234 53 64 217 203 422 77 70 209 337 136 368 158
internal_value=-1.08474e-05 -2.80739e-05 -0.00580645 -0.0106148 4.55302e-06 -0.0014782 -0.00516667 0 -0.00410959 -0.00875 0.00192484 0.00850917 0.000282258 0.00343
internal_weight=38714 38643 212 117 38431 2197 625 1572 496 279 1076 213 863 495
internal_count=38714 38643 212 117 38431 2197 625 1572 496 279 1076 213 863 495
cat_boundaries=0 1
cat_threshold=9793
is_linear=0
shrinkage=0.035


Tree=334
num_leaves=15
num_cat=1
split_feature=22 7 3 26 23 19 26 22 0 32 19 8 1 23
split_gain=4.51239 8.50326 5.83287 4.45767 8.11024 11.4782 12.4782 7.79969 9.03935 8.89114 9.7386 8.69929 8.60047 8.59842
threshold=2.27460889988676 29.41833333333334 89.800000000000011 91.500000000000014 2.1500351723444884 22.512500000000003 250.50000000000003 0.88255278219130506 58.650000000000006 0 970.25000000000011 2.5794681423086172 5.0500000000000007 1.1970617575625606
decision_type=8 2 10 2 10 10 2 10 10 1 8 2 10 10
left_child=3 -2 -3 7 -5 6 -6 8 -1 -9 11 12 -11 -13
right_child=1 2 -4 4 5 -7 -8 9 -10 10 -12 13 -14 -15
leaf_value=-0.00044643657806836328 -0.079256922778304484 0.32554362464097142 -0.36081365458068976 0.00034662775125880789 -0.077926428346088011 0.48562249044836209 0.025731064318761609 1.9296797730401494e-05 0.10245488255186171 -0.0014744162141832008 1.4831305320647554 -0.039798965442664883 0.010405253102790814 -0.00081059940205436838
leaf_weight=1740 79 55 75 29171 52 289 91 3288 564 397 102 1957 283 571
leaf_count=1740 79 55 75 29171 52 289 91 3288 564 397 102 1957 283 571
internal_value=-1.8079e-06 -0.00507009 0.000518519 2.63568e-05 0.000232876 0.00496568 -0.00307432 -0.000660155 0.00109138 -0.00127215 -0.00254737 -0.0028976 0.000613139 -0.00384129
internal_weight=38714 209 130 38505 29603 432 143 8902 2304 6598 3310 3208 680 2528
internal_count=38714 209 130 38505 29603 432 143 8902 2304 6598 3310 3208 680 2528
cat_boundaries=0 1
cat_threshold=45432
is_linear=0
shrinkage=0.035


Tree=335
num_leaves=15
num_cat=2
split_feature=16 17 28 30 24 32 9 32 1 0 3 8 13 4
split_gain=4.76721 5.9556 4.76992 5.37813 4.50258 19.8407 12.5105 14.8107 13.7166 10.454 10.1068 8.70482 8.65245 10.0632
threshold=1.0000000180025095e-35 0.11677484162423386 -0.56174490092936669 -0.59177783207548873 1.0000000180025095e-35 0 2182.5000000000005 1 140.50000000000003 19.550000000000004 2.0500000000000003 22.508613730350842 3.5250000000000004 6.0500000000000007
decision_type=8 10 2 2 2 1 8 1 10 8 10 2 10 10
left_child=-1 2 -2 -4 5 9 7 8 11 -3 -8 -7 -12 -14
right_child=1 4 3 -5 -6 6 10 -9 -10 -11 12 -13 13 -15
leaf_value=0.0047012700566714466 4.4499098693959189e-05 -0.017519831832074617 -6.6166439496773152e-05 -0.0046860514726742896 -0.00040282678280925357 0.086787004586975566 0.0068297632688706098 0.0078110110571525063 0.85736572519062726 -0.0018025475096602507 -0.0091554508346937541 -0.022122295674514236 0.011949066765050344 -0.00069550230341765447
leaf_weight=71 82 317 62 68 32568 124 177 790 157 1963 51 75 245 1964
leaf_count=71 82 317 62 68 32568 124 177 790 157 1963 51 75 245 1964
internal_value=-7.23159e-06 -2.44515e-05 -0.00580645 -0.00985185 8.19544e-06 0.000900648 0.00251946 0.00553432 0.0113208 -0.00164706 0.0011036 0.00531863 0.000463576 0.000806233
internal_weight=38714 38643 212 130 38431 5863 3583 1146 356 2280 2437 199 2260 2209
internal_count=38714 38643 212 130 38431 5863 3583 1146 356 2280 2437 199 2260 2209
cat_boundaries=0 1 2
cat_threshold=8657 5120
is_linear=0
shrinkage=0.035


Tree=336
num_leaves=15
num_cat=2
split_feature=17 23 10 1 0 1 32 0 32 6 10 0 1 23
split_gain=4.54783 5.03931 4.63711 22.579 17.1093 17.0829 14.386 13.6369 13.1564 13.5724 13.1247 20.6705 15.5122 13.0525
threshold=0.11677484162423386 0.97403637695210932 31.591666666666672 24.100000000000005 32.050000000000004 78.200000000000017 0 39.800000000000004 1 27.550000000000004 15.964285714285717 12.550000000000002 14.550000000000002 1.3882621608805255
decision_type=10 10 8 10 8 10 1 10 1 10 10 10 10 8
left_child=1 -1 3 10 5 6 -4 8 9 -5 12 -12 -2 -14
right_child=2 -3 4 7 -6 -7 -8 -9 -10 -11 11 -13 13 -15
leaf_value=-0.0012764231677398676 0.00014260680412065243 3.8619478595157134e-05 -0.091918119321404756 0.014182175311292761 -0.0010989031770744619 1.0535784143453966 -0.012263172041130943 -0.095738987911446222 0.019579751177351199 -0.048132554866874899 -0.037397530391068357 -0.0012181067970669004 0.0037770111545860499 0.041431011308922829
leaf_weight=116 7602 104 389 235 22769 50 467 59 2228 136 767 3176 404 212
leaf_count=116 7602 104 389 235 22769 50 467 59 2228 136 767 3176 404 212
internal_value=-1.62711e-05 -0.00497778 1.27276e-05 0.000498179 -0.000291174 -0.00499451 -0.00617886 0.0034172 0.00380376 -0.00226684 -0.000140967 -0.00179965 0.000655479 0.00597424
internal_weight=38714 220 38494 14819 23675 906 856 2658 2599 371 12161 3943 8218 616
internal_count=38714 220 38494 14819 23675 906 856 2658 2599 371 12161 3943 8218 616
cat_boundaries=0 1 2
cat_threshold=32989 42
is_linear=0
shrinkage=0.035


Tree=337
num_leaves=15
num_cat=2
split_feature=2 30 24 32 2 13 17 32 3 6 6 9 2 30
split_gain=4.09974 10.5978 9.90506 10.748 13.6026 14.789 10.8745 10.3634 15.7296 10.1414 11.4056 9.93775 11.9099 9.41047
threshold=35.100000000000009 -0.99864786094873803 1.0000000180025095e-35 0 38.100000000000009 40.025000000000006 13.500459956837185 1 310.75000000000006 133.25000000000003 68.050000000000011 1447.5000000000002 500.50000000000006 -0.90892157495189674
decision_type=8 2 2 1 10 10 10 1 8 10 10 8 8 2
left_child=-1 -2 3 11 6 -6 -5 8 9 10 -4 12 -3 -13
right_child=1 2 7 4 5 -7 -8 -9 -10 -11 -12 13 -14 -15
leaf_value=0.00050298650282177616 -0.044953165626591358 0.07274739667601858 -0.0015108873224331046 -0.043925917961548273 0.082870514780300789 0.0033327335806650643 0.059577715906187073 -3.1990691270429309e-05 -0.12622923198589867 0.058267735378409714 -0.039945109003362449 -0.079805495073858784 2.1958456029930158 0.039001329753364337
leaf_weight=13758 365 215 3080 171 86 1528 64 15782 610 714 998 168 80 1095
leaf_count=13758 365 215 3080 171 86 1528 64 15782 610 714 998 168 80 1095
internal_value=-1.8079e-06 -0.00026922 -0.00018072 0.00156946 -0.000244099 0.000907968 -0.00802083 -0.000462504 -0.00178327 -0.00110903 -0.001783 0.00369358 0.00945 0.00234621
internal_weight=38714 24956 24591 3407 1849 1614 235 21184 5402 4792 4078 1558 295 1263
internal_count=38714 24956 24591 3407 1849 1614 235 21184 5402 4792 4078 1558 295 1263
cat_boundaries=0 1 2
cat_threshold=7206 49187
is_linear=0
shrinkage=0.035


Tree=338
num_leaves=15
num_cat=2
split_feature=22 7 3 26 23 16 5 32 32 4 26 21 24 4
split_gain=4.53172 8.50326 5.83287 4.39538 7.38713 14.9488 13.2708 8.68167 7.20838 9.90617 9.22071 8.23278 10.4489 9.96401
threshold=2.27460889988676 29.41833333333334 89.800000000000011 91.500000000000014 2.0540025711777257 23.401261667249148 9.0500000000000025 0 1 380.50000000000006 81.500000000000014 945.39230769230778 5.5000000000000009 702.50000000000011
decision_type=8 2 10 2 10 10 10 1 1 10 2 2 2 8
left_child=3 -2 -3 8 -5 6 -6 -7 9 10 -1 12 13 -10
right_child=1 2 -4 4 5 7 -8 -9 11 -11 -12 -13 -14 -15
leaf_value=-0.0016966053257486515 -0.076472703107615281 0.31420327800132825 -0.34813149644757407 0.00036649109928950542 0.012687113181558967 0.0027217228634065197 -0.14037737338874509 0.81585636462861122 0.015653380392074399 -0.76461406324171677 -0.019930044818478047 -0.0013082438411066912 -0.036519521666042644 0.37792832952652478
leaf_weight=3343 79 55 75 29073 122 100 97 211 757 58 460 3985 140 159
leaf_count=3343 79 55 75 29073 122 100 97 211 757 58 460 3985 140 159
internal_value=9.03949e-06 -0.00507009 0.000518519 3.7263e-05 0.000242333 0.00431776 -0.00265625 0.00919304 -0.000644437 -0.0017789 -0.00155331 0.000228441 0.0029689 0.00433225
internal_weight=38714 209 130 38505 29603 530 219 311 8902 3861 3803 5041 1056 916
internal_count=38714 209 130 38505 29603 530 219 311 8902 3861 3803 5041 1056 916
cat_boundaries=0 1 2
cat_threshold=12678 18959
is_linear=0
shrinkage=0.035


Tree=339
num_leaves=15
num_cat=2
split_feature=16 17 24 32 9 32 16 4 22 3 6 5 2 23
split_gain=5.80535 5.33429 4.63402 17.0941 12.3036 12.2359 12.2309 10.4347 9.8747 10.2168 9.25164 9.19343 9.19541 10.1479
threshold=1.0000000180025095e-35 0.11677484162423386 1.0000000180025095e-35 0 2182.5000000000005 1 29.920529661723688 29.900000000000002 1.1612535545383329 2.0500000000000003 3.0500000000000003 51.550000000000004 135.50000000000003 1.0593324245018747
decision_type=8 10 2 1 8 1 10 8 10 10 10 8 10 10
left_child=-1 -2 3 7 5 6 -5 10 9 -6 -3 -9 13 -13
right_child=1 2 -4 4 8 -7 -8 11 -10 -11 -12 12 -14 -15
leaf_value=0.0046231770743612689 -0.00081714090323392391 0.007253358634187022 -0.00033764372502352873 0.035153456963510375 0.005444160939741028 0.015512939912122766 2.2220261128064331 0.017407998538494812 0.028436877971382054 -0.0022495432588279973 -0.023032157903201147 -0.023381992602846638 0.10490542494085049 -0.2325349822363206
leaf_weight=71 212 54 32568 65 195 993 96 297 651 2342 488 278 307 97
leaf_count=71 212 54 32568 65 195 993 96 297 651 2342 488 278 307 97
internal_value=7.23159e-06 -1.17729e-05 1.91227e-05 0.000924506 0.00204039 0.00513374 0.0137216 -0.00225586 0.000920764 -6.88434e-05 -0.0061426 -0.000106707 -0.00234352 -0.00598684
internal_weight=38714 38643 38431 5863 4342 1154 161 1521 3188 2537 542 979 682 375
internal_count=38714 38643 38431 5863 4342 1154 161 1521 3188 2537 542 979 682 375
cat_boundaries=0 1 2
cat_threshold=8528 1024
is_linear=0
shrinkage=0.035


Tree=340
num_leaves=15
num_cat=3
split_feature=22 30 21 2 9 22 32 23 32 22 5 24 22 32
split_gain=4.42944 11.8009 5.72351 5.18354 4.13702 10.1092 11.1807 9.86278 24.7568 11.2857 12.5392 10.3963 17.1356 14.5558
threshold=2.0577088934636776 -0.49065906150552346 1930.5902777777781 25.050000000000004 2322.5000000000005 1.1277556826516684 0 1.2062694680747199 1 1.2566803561753748 520.50000000000011 1.5000000000000002 1.3595491179587584 2
decision_type=8 2 2 10 10 10 1 10 1 10 10 2 10 1
left_child=4 -2 -3 -4 7 -6 -7 11 9 -9 -11 12 -1 -13
right_child=1 2 3 -5 5 6 -8 8 -10 10 -12 13 -14 -15
leaf_value=0.00067623340232225726 -0.25652184573757397 -0.069157397838201407 0.066485807586851589 -0.061481884390741315 0.0026430261505188506 0.0063629432194333467 -0.015860076064899264 0.039621517928147054 -0.0066521568080481338 0.00019590371209306402 2.4040500170295229 0.0011713125554903871 0.10600751690220886 -0.0059896880119659022
leaf_weight=7840 89 106 69 96 7376 1256 953 1189 2856 1050 147 6136 336 9215
leaf_count=7840 89 106 69 96 7376 1256 953 1189 2856 1050 147 6136 336 9215
internal_value=1.8079e-06 -0.00383562 -0.000126812 0.00391176 3.83222e-05 0.000667883 -0.00140696 -0.000171509 0.00120069 0.00381924 0.00142679 -0.000477435 0.000530497 -0.00101426
internal_weight=38714 360 271 165 38354 9585 2209 28769 5242 2386 1197 23527 8176 15351
internal_count=38714 360 271 165 38354 9585 2209 28769 5242 2386 1197 23527 8176 15351
cat_boundaries=0 1 2 3
cat_threshold=3772 52448 45336
is_linear=0
shrinkage=0.035


Tree=341
num_leaves=15
num_cat=3
split_feature=16 26 29 32 13 6 32 22 32 17 23 20 16 6
split_gain=4.7397 4.115 7.77563 15.3915 13.2477 9.25352 15.9736 13.786 12.3638 16.8159 9.31635 9.89091 9.04726 8.04661
threshold=1.0000000180025095e-35 71.500000000000014 0.52766072109828632 0 190.15000000000003 209.50000000000003 1 0.8615516899265826 2 32.875054840551137 0.93153177593208436 1915.4166666666667 91.878599908197685 150.50000000000003
decision_type=8 2 2 1 8 8 1 10 1 10 8 10 10 8
left_child=-1 2 5 -4 13 8 7 -7 -2 10 11 -10 -8 -5
right_child=1 -3 3 4 -6 6 12 -9 9 -11 -12 -13 -14 -15
leaf_value=0.0043688599614904681 0.060416549317526984 0.0003559426142512834 0.0022951190378948639 -0.0074586558212638293 -0.98004843055251334 0.011899881055665801 -0.0011223733822590366 -0.083533868758370766 0.00026924491316137169 -0.29016750292328436 -0.001152298042445894 0.025134939172476563 0.85758983243849918 0.01926347958795881
leaf_weight=71 433 31811 2163 1845 60 67 483 251 186 136 700 202 79 227
leaf_count=71 433 31811 2163 1845 60 67 483 251 186 136 700 202 79 227
internal_value=1.8079e-05 9.0561e-07 -0.000778119 -0.00168488 -0.00378202 0.000757278 -0.00213559 -0.0081982 0.00229543 0.000451977 0.00192132 0.0062341 0.00145581 -0.00330284
internal_weight=38714 38643 6832 4295 2132 2537 880 318 1657 1224 1088 388 562 2072
internal_count=38714 38643 6832 4295 2132 2537 880 318 1657 1224 1088 388 562 2072
cat_boundaries=0 1 2 3
cat_threshold=56720 2501 848
is_linear=0
shrinkage=0.035


Tree=342
num_leaves=15
num_cat=2
split_feature=11 1 4 32 32 10 0 17 13 1 1 23 16 11
split_gain=4.32401 22.159 17.5559 20.0583 15.5105 13.5317 23.6347 16.9512 16.6166 15.505 14.9343 13.7037 13.641 13.3542
threshold=31.303846153846155 24.100000000000005 35.100000000000009 0 1 15.964285714285717 12.550000000000002 7.8440394390805288 23.525000000000002 14.550000000000002 19.550000000000004 1.3882621608805255 11.690451944500127 14.656818181818183
decision_type=8 10 8 1 1 8 10 10 8 10 10 8 8 10
left_child=1 5 3 -2 -3 9 8 -8 10 -1 -7 13 -9 -11
right_child=2 4 -4 -5 -6 6 7 12 -10 11 -12 -13 -14 -15
leaf_value=0.00010782684799897302 0.0075172618758754346 -0.016518733037432974 0.00047734449722154799 -0.040178855795158223 0.018137577811319083 -0.042892555964483263 -0.0044849877520951155 0.056932407189434507 -0.11443481191673276 -0.0079771704417862747 0.013840019084742253 0.039592130406256316 -0.15248179133148501 0.018110628823547577
leaf_weight=7757 801 431 21654 1434 2171 419 2833 207 150 193 187 211 58 208
leaf_count=7757 801 431 21654 1434 2171 419 2833 207 150 193 187 211 58 208
internal_value=3.79659e-05 0.000507417 -0.000253411 -0.00320313 0.0034369 -0.000117354 -0.00183208 -0.000473735 -0.00735874 0.000672916 -0.00469722 0.00601297 0.00790741 0.00215517
internal_weight=38714 14825 23889 2235 2602 12223 3854 3098 756 8369 606 612 265 401
internal_count=38714 14825 23889 2235 2602 12223 3854 3098 756 8369 606 612 265 401
cat_boundaries=0 1 2
cat_threshold=6341 298
is_linear=0
shrinkage=0.035


Tree=343
num_leaves=15
num_cat=3
split_feature=9 32 24 23 5 22 30 26 25 6 33 30 22 32
split_gain=4.20384 12.3775 9.17546 8.38347 7.66388 7.50915 7.4231 7.66948 10.3354 8.26318 6.63867 9.22146 11.2284 17.1534
threshold=942.50000000000011 0 5.5000000000000009 0.86621026338103879 480.60000000000008 0.89982621233282267 0.9980355542543059 10.500000000000002 1.5000000000000002 48.050000000000004 1 0.68274389090025245 0.89757412398921854 2
decision_type=8 1 2 10 8 10 2 2 2 10 1 2 10 1
left_child=1 3 4 -1 6 -6 7 -3 9 -9 11 12 13 -2
right_child=10 2 -4 -5 5 -7 -8 8 -10 -11 -12 -13 -14 -15
leaf_value=0.013449797976323162 -0.015944003845814087 -0.37582597610757629 -0.053522574027173211 -0.087764564082648919 0.25802115094680539 0.021796942435849551 0.20924655597351083 -0.017603471525077907 -0.0098753072805015905 0.28326669610464111 -0.00023337351755654324 0.035435248598958399 -0.002105481323800278 0.043533691958132448
leaf_weight=80 460 60 211 225 98 261 65 77 1440 120 28701 1444 4586 886
leaf_count=80 460 60 211 225 98 261 65 77 1440 120 28701 1444 4586 886
internal_value=3.6158e-05 -0.00131151 -0.000417554 -0.00776562 0.000279868 0.00490385 -0.000673458 -0.00113102 -0.00066078 0.00675743 0.000134832 0.00107022 0.000459828 0.00326425
internal_weight=38714 2637 2332 305 2121 359 1762 1697 1637 197 36077 7376 5932 1346
internal_count=38714 2637 2332 305 2121 359 1762 1697 1637 197 36077 7376 5932 1346
cat_boundaries=0 1 2 3
cat_threshold=16386 2 5169
is_linear=0
shrinkage=0.035


Tree=344
num_leaves=15
num_cat=3
split_feature=11 4 32 1 32 32 23 30 6 10 0 13 2 4
split_gain=4.27249 20.7507 22.4859 18.5354 16.498 13.387 12.6378 17.098 24.1554 12.4398 23.6567 13.4389 16.1482 12.8251
threshold=32.172619047619058 35.100000000000009 0 24.100000000000005 1 2 0.95891931339607439 0.011826144619637555 47.550000000000004 17.930952380952387 14.050000000000002 23.025000000000002 19.550000000000004 30.100000000000005
decision_type=8 8 1 10 1 1 10 2 10 8 10 8 10 10
left_child=3 2 -2 9 -5 6 -3 -8 -9 -1 11 12 -11 -12
right_child=1 5 -4 4 -6 -7 7 8 -10 10 13 -13 -14 -15
leaf_value=0.00034491203999046152 0.0052467583153717181 -0.050313698128257166 -0.046492712541700142 0.029251146172457932 0.0044301003849016142 0.0031711620165037506 0.0807666269125457 -0.071841675627067517 0.049006107774868135 -0.065716337322730578 -0.0062008213520880068 -0.10646874046094741 0.010174242458012888 0.029828159990626699
leaf_weight=9153 829 503 1184 810 2016 20699 127 135 100 206 2233 184 226 309
leaf_count=9153 829 503 1184 810 2016 20699 127 135 100 206 2233 184 226 309
internal_value=2.89264e-05 -0.000265669 -0.00365956 0.000487716 0.00304133 5.19264e-05 -0.00417614 0.000762943 -0.0048125 -9.94641e-05 -0.00199178 -0.00811594 -0.00464531 -0.0004947
internal_weight=38714 23577 2013 15137 2826 21564 865 362 235 12311 3158 616 432 2542
internal_count=38714 23577 2013 15137 2826 21564 865 362 235 12311 3158 616 432 2542
cat_boundaries=0 1 2 3
cat_threshold=6349 17488 65
is_linear=0
shrinkage=0.035


Tree=345
num_leaves=15
num_cat=3
split_feature=16 1 16 3 4 0 32 32 23 32 9 0 13 29
split_gain=4.82652 12.3939 15.2403 13.3946 14.4514 13.2326 14.4208 12.6666 25.3077 21.7341 17.65 17.5548 24.2059 13.9741
threshold=4.8795003647419763 43.050000000000004 5.4650404085118165 120.25000000000001 45.050000000000004 85.050000000000011 0 1 1.0723791479413485 2 2877.5000000000005 97.100000000000009 82.52500000000002 0.97314989601849466
decision_type=8 8 10 8 8 10 1 1 10 1 10 8 10 2
left_child=-1 5 -3 7 -5 6 -2 11 10 -10 -9 12 13 -4
right_child=1 2 3 4 -6 -7 -8 8 9 -11 -12 -13 -14 -15
leaf_value=0.00048295552322108806 -0.034241348382081489 -0.039741372143408608 0.030699953126022028 -0.13886163198662704 -0.01130835856874029 0.76672142947540534 -0.0057514112187660345 0.023445211736659782 -0.19117889795767659 -0.0080507685536948693 0.17409429471247109 0.12927127509088537 -0.11294199313385808 -0.11350994155537694
leaf_weight=15858 1429 657 1319 178 9928 59 2223 2880 452 1567 301 1369 396 98
leaf_count=15858 1429 657 1319 178 9928 59 2223 2880 452 1567 301 1369 396 98
internal_value=5.60448e-05 -0.000269455 8.95561e-05 0.000276321 -0.000581545 -0.00211921 -0.00239267 0.00131036 0.000241611 -0.00281868 0.00218613 0.00304348 0.000789329 0.00292897
internal_weight=38714 22856 19145 18488 10106 3711 3652 8382 5200 2019 3181 3182 1813 1417
internal_count=38714 22856 19145 18488 10106 3711 3652 8382 5200 2019 3181 3182 1813 1417
cat_boundaries=0 1 2 3
cat_threshold=22667 55497 256
is_linear=0
shrinkage=0.035


Tree=346
num_leaves=15
num_cat=2
split_feature=16 3 4 19 8 4 23 24 32 23 20 32 22 23
split_gain=4.41867 11.3859 14.2989 11.7236 11.0881 13.7466 12.261 11.6135 14.8039 15.8959 16.0838 14.2948 14.4748 19.6081
threshold=4.8795003647419763 78.050000000000011 75.15000000000002 107.29166666666667 8.9716967239330785 69.750000000000014 0.95891931339607439 1.5000000000000002 0 0.56849446083308608 774.64285714285722 1 1.4267885601278545 1.8168083000463571
decision_type=8 10 10 10 2 8 8 2 1 8 10 1 10 10
left_child=1 2 -1 -3 5 -2 -7 8 -6 -10 -11 -9 -13 -14
right_child=4 3 -4 -5 7 6 -8 11 9 10 -12 12 13 -15
leaf_value=0.0004768460933597796 -0.0088335387839382669 -0.061769302214240769 0.055452725148620492 0.019631332994978837 0.074831522875410741 -0.097398789127717378 -0.022111356736927875 0.0090856213704724187 -0.13421289984560275 -0.19087445754319213 0.021798316966846355 -0.02205033180434306 -0.29548812187525819 -0.0022510139720904299
leaf_weight=15393 3055 194 152 119 1821 184 326 7300 212 152 3580 5666 300 260
leaf_count=15393 3055 194 152 119 1821 184 326 7300 212 152 3580 5666 300 260
internal_value=5.42369e-05 0.000503057 0.000636977 -0.00605346 -0.000257207 -0.00204902 -0.00733981 7.43677e-05 0.00138908 0.000176812 0.000711801 -0.000486291 -0.00171607 -0.00706195
internal_weight=38714 15858 15545 313 22856 3565 510 19291 5765 3944 3732 13526 6226 560
internal_count=38714 15858 15545 313 22856 3565 510 19291 5765 3944 3732 13526 6226 560
cat_boundaries=0 1 2
cat_threshold=50210 43480
is_linear=0
shrinkage=0.035


Tree=347
num_leaves=15
num_cat=3
split_feature=16 1 0 4 17 23 32 16 3 4 32 23 32 9
split_gain=4.17486 11.3094 13.1708 13.0255 12.0564 13.405 11.869 11.7248 13.5962 14.4695 11.3496 22.1815 21.799 16.9222
threshold=4.9480226462532144 41.050000000000004 85.050000000000011 5.0500000000000007 13.038908837987558 0.90791562238930668 0 5.3623376818913577 120.25000000000001 45.050000000000004 1 1.0723791479413485 2 2877.5000000000005
decision_type=8 8 10 8 8 8 1 10 8 8 1 10 1 10
left_child=-1 2 4 -3 -2 6 -6 -5 10 -10 -9 13 -13 -12
right_child=1 3 -4 7 5 -7 -8 8 9 -11 11 12 -14 -15
leaf_value=0.00045578580239773907 -0.010781204802423155 -0.16400606901203765 0.73956818269579938 -0.043287992850101632 0.083695459248069259 -0.16395553224239828 -0.058192302847445067 0.034406428831961648 -0.12608079159447547 -0.01163701686061046 0.022747982901927914 -0.1817845452252739 -0.006025850469284358 0.16768299764956787
leaf_weight=16010 2891 56 59 500 101 225 245 3142 171 9938 2996 450 1629 301
leaf_count=16010 2891 56 59 500 101 225 245 3142 171 9938 2996 450 1629 301
internal_value=5.2429e-05 -0.000252763 -0.00207459 8.20826e-05 -0.00236227 -0.00698785 -0.00259259 0.000133546 0.000276138 -0.000591754 0.00130588 0.000324615 -0.0025024 0.00210933
internal_weight=38714 22704 3521 19183 3462 571 346 19127 18627 10109 8518 5376 2079 3297
internal_count=38714 22704 3521 19183 3462 571 346 19127 18627 10109 8518 5376 2079 3297
cat_boundaries=0 1 2 3
cat_threshold=33058 55496 256
is_linear=0
shrinkage=0.035


Tree=348
num_leaves=15
num_cat=3
split_feature=22 30 33 17 32 23 23 32 3 17 6 13 7 30
split_gain=4.07696 10.6346 7.64853 9.96413 8.55042 7.5768 5.08007 12.8384 11.933 9.82209 8.58346 10.3355 8.39635 9.20598
threshold=1.9319513931328725 -0.49065906150552346 0 42.656795155397205 1 2.4478827479413598 1.5422963716391982 2 29.900000000000002 23.190036174568199 149.75000000000003 315.50000000000006 122.729020979021 0.71353761266622884
decision_type=8 2 1 8 1 8 10 1 10 10 10 10 2 2
left_child=6 5 3 -3 -4 -2 -1 8 -8 -10 11 12 13 -9
right_child=1 2 4 -5 -6 -7 7 10 9 -11 -12 -13 -14 -15
leaf_value=-3.5726138259883912e-05 -0.30161498289854294 0.0090214625143449564 0.1617219654962051 -0.63383968206094465 -0.039737348414199028 -0.085082364525746079 -0.14164334082927874 -0.00059657074066040154 0.15883845495420673 -0.13808906095366835 1.0760849406857507 -0.82047878346899006 0.64145917523655194 0.031095892667668247
leaf_weight=35993 53 51 123 57 152 75 135 898 81 182 331 96 147 340
leaf_count=35993 53 51 123 57 152 75 135 898 81 182 331 96 147 340
internal_value=3.79659e-05 -0.00305233 -9.02062e-05 -0.00739837 0.00301724 -0.0115789 7.96954e-05 0.00170655 -0.00389831 0.000391791 0.00295019 0.00181359 0.00259353 0.00163315
internal_weight=38714 511 383 108 275 128 38203 2210 398 263 1812 1481 1385 1238
internal_count=38714 511 383 108 275 128 38203 2210 398 263 1812 1481 1385 1238
cat_boundaries=0 1 2 3
cat_threshold=3 60 12548
is_linear=0
shrinkage=0.035


Tree=349
num_leaves=15
num_cat=3
split_feature=10 1 0 1 32 19 3 4 32 29 23 10 0 32
split_gain=4.34148 21.348 19.5033 17.5366 13.6781 11.0261 10.9685 13.0237 16.2015 11.3616 11.3248 10.8792 17.5057 15.7141
threshold=31.591666666666672 24.100000000000005 32.050000000000004 78.200000000000017 0 21.275000000000002 39.800000000000004 37.050000000000004 1 -0.64578423485557612 1.9759737635989685 17.930952380952387 17.550000000000004 2
decision_type=8 10 8 10 1 8 8 8 1 2 10 10 10 1
left_child=1 11 3 4 -2 -4 9 8 -8 -7 -9 -1 -13 -14
right_child=2 -3 5 -5 -6 6 7 10 -10 -11 -12 12 13 -15
leaf_value=0.00031682674584232023 -0.0093110854820059614 0.013288410647017895 -0.081734278874137783 1.0175571774649446 -0.089966936379183418 0.040130185006985716 0.0061853255970754804 -0.0023537108795155426 -0.079587478932603983 0.0056591096993735953 0.26584895439147715 -0.032346758156565639 -0.029907473742034958 0.002860772837257644
leaf_weight=9165 426 2667 186 50 438 609 420 19126 612 1439 416 923 369 1868
leaf_count=9165 426 2667 186 50 438 609 420 19126 612 1439 416 923 369 1868
internal_value=3.79659e-05 0.000504101 -0.00025667 -0.00525571 -0.00644419 -5.52317e-05 1.54682e-05 -0.000227902 -0.00405014 0.00245494 -2.50678e-05 -0.000110706 -0.00187994 -0.000202944
internal_weight=38714 14992 23722 914 864 22808 22622 20574 1032 2048 19542 12325 3160 2237
internal_count=38714 14992 23722 914 864 22808 22622 20574 1032 2048 19542 12325 3160 2237
cat_boundaries=0 1 2 3
cat_threshold=29986 4301 2564
is_linear=0
shrinkage=0.035


Tree=350
num_leaves=15
num_cat=3
split_feature=10 1 0 1 32 6 19 3 4 32 3 32 1 19
split_gain=3.97658 18.7678 17.1984 16.9973 12.495 12.0364 10.0513 9.90804 12.545 15.7993 10.5774 10.3247 20.0085 16.9676
threshold=31.591666666666672 24.100000000000005 32.050000000000004 78.200000000000017 0 21.550000000000004 21.275000000000002 39.800000000000004 37.050000000000004 1 110.25000000000001 2 29.900000000000002 47.537500000000009
decision_type=8 10 8 10 1 10 8 8 8 1 8 1 8 10
left_child=1 -1 3 4 -2 -6 -4 11 9 -9 -11 13 -13 -8
right_child=2 -3 6 -5 5 -7 7 8 -10 10 -12 12 -14 -15
leaf_value=-4.5564659525316744e-05 -0.083576501721422142 0.012823316274372269 -0.078873579113542994 0.98194267625367115 -0.10477600856283364 0.0021707195910750346 -0.017467693906081324 0.0059688392011779182 -0.00033935965926609415 -0.044907984610764291 -0.25018349582328375 -0.14642385706456104 0.03025484016631973 0.13617093371931616
leaf_weight=12325 379 2667 186 50 88 397 756 420 19542 510 102 54 1108 130
leaf_count=12325 379 2667 186 50 88 397 756 420 19542 510 102 54 1108 130
internal_value=2.53106e-05 0.000471428 -0.00025667 -0.00495103 -0.00612198 -0.00217 -6.75054e-05 0 -0.000231304 -0.00398264 -0.00748006 0.00231856 0.00446049 -0.00054384
internal_weight=38714 14992 23722 914 864 485 22808 22622 20574 1032 612 2048 1162 886
internal_count=38714 14992 23722 914 864 485 22808 22622 20574 1032 612 2048 1162 886
cat_boundaries=0 1 2 3
cat_threshold=33493 4301 25882
is_linear=0
shrinkage=0.035


Tree=351
num_leaves=15
num_cat=3
split_feature=30 6 11 26 2 32 23 26 30 21 9 32 26 32
split_gain=3.77445 11.3087 11.5816 6.92135 14.8256 14.1756 10.0141 6.38333 5.66388 14.3619 10.4568 12.0254 8.8763 25.9889
threshold=0.99958851518450398 76.550000000000011 47.031818181818188 10.500000000000002 14.550000000000002 0 1.005998508772578 362.50000000000006 0.8511460603353429 2910.2277432712222 1182.5000000000002 1 63.500000000000007 2
decision_type=2 8 10 2 10 1 8 2 2 2 8 1 2 1
left_child=3 2 -2 4 6 -6 -1 8 12 10 11 -10 13 -5
right_child=1 -3 -4 7 5 -7 -8 -9 9 -11 -12 -13 -14 -15
leaf_value=0.019289784749356886 0.01801091310897953 0.19096649790799158 -0.10887513447588849 -0.0154812411696267 0.030341099440835184 -0.13652239281039183 -0.010439937167068626 -0.081118514148184731 0.079785190602245995 -0.1036556603408991 0.0024354834504847996 0.010684987376927069 0.00019984960297871892 0.0016380856845877468
leaf_weight=82 96 130 55 1261 102 240 64 120 381 138 4206 495 29171 2173
leaf_count=82 96 130 55 1261 102 240 64 120 381 138 4206 495 29171 2173
internal_value=3.25422e-05 0.00403846 -0.00246795 2.73167e-06 -0.00411765 -0.00806916 0.00509934 5.62582e-05 8.23421e-05 0.00115215 0.00145862 0.00492622 -8.90831e-05 -0.00177086
internal_weight=38714 281 151 38433 488 342 146 37945 37825 5220 5082 876 32605 3434
internal_count=38714 281 151 38433 488 342 146 37945 37825 5220 5082 876 32605 3434
cat_boundaries=0 1 2 3
cat_threshold=406 37730 603
is_linear=0
shrinkage=0.035


Tree=352
num_leaves=15
num_cat=2
split_feature=9 32 3 26 9 32 0 4 1 30 4 9 0 24
split_gain=4.01809 11.7522 8.57241 6.72773 6.41726 12.238 8.83663 8.38776 7.11715 7.7617 6.46193 6.11727 7.6979 6.03523
threshold=942.50000000000011 0 14.550000000000002 13.500000000000002 1022.5000000000001 1 44.100000000000009 37.050000000000004 219.00000000000003 0.44312301391210612 95.300000000000011 897.50000000000011 49.050000000000004 3.5000000000000004
decision_type=8 1 10 2 8 1 10 10 10 2 8 10 10 2
left_child=1 2 -1 -3 5 6 7 -2 9 -7 -8 -4 -13 -12
right_child=4 3 11 -5 -6 8 10 -9 -10 -11 13 12 -14 -15
leaf_value=-0.073483804318297125 -0.0039478963875084361 -0.27340134811585814 -0.018590799280148469 0.004754321486034308 9.4266663254162226e-05 0.024097052315853996 -0.090989064792808577 0.11485435992568402 -0.21245318611888267 0.19236884874632532 0.076427448348598409 0.00088937143196478287 -0.18871112699924178 -0.38649573303972434
leaf_weight=97 109 96 663 1614 34926 512 123 54 66 104 106 68 99 77
leaf_count=97 109 96 663 1614 34926 512 123 54 66 104 106 68 99 77
internal_value=3.25422e-05 -0.00128501 -0.00442144 0.000446377 0.000129012 0.00269464 -0.00166322 0.00479167 0.0056241 0.00687601 -0.00517685 -0.00326946 -0.00915698 -0.000930851
internal_weight=38714 2637 927 1710 36077 1151 469 163 682 616 306 830 167 183
internal_count=38714 2637 927 1710 36077 1151 469 163 682 616 306 830 167 183
cat_boundaries=0 1 2
cat_threshold=26694 44042
is_linear=0
shrinkage=0.035


Tree=353
num_leaves=15
num_cat=2
split_feature=30 6 11 26 2 32 23 24 25 32 6 23 22 1
split_gain=3.75744 11.3087 11.5816 6.95197 13.3586 13.6902 7.29002 5.60543 5.52069 15.2759 10.8695 8.91496 8.51159 14.6621
threshold=0.99958851518450398 76.550000000000011 47.031818181818188 10.500000000000002 14.550000000000002 0 1.005998508772578 1.0000000180025095e-35 1.5000000000000002 1 201.00000000000003 1.5099903268591459 0.8615516899265826 49.100000000000009
decision_type=2 8 10 2 10 1 8 2 2 1 8 10 10 8
left_child=3 2 -2 4 6 -6 -1 -7 9 12 11 -11 -5 -14
right_child=1 -3 -4 8 5 7 -8 -9 -10 10 -12 -13 13 -15
leaf_value=0.018611342949915496 0.017377231816951347 0.18427937114799742 -0.10506780410244632 0.019995307695493826 0.029275861627191164 -0.012024693077684147 -0.010077838699435109 -0.20363502857808682 -4.9704977479450026e-05 0.023759332644006127 0.00048904215551324017 0.10879107552161037 -0.037175754241244974 -0.007460793015824461
leaf_weight=82 96 130 55 167 102 54 64 186 36064 720 518 50 132 294
leaf_count=82 96 130 55 167 102 54 64 186 36064 720 518 50 132 294
internal_value=4.15817e-05 0.00403846 -0.00246795 1.18372e-05 -0.00411765 -0.00786744 0.00463576 -0.0120784 6.54809e-05 0.00191145 0.00402916 0.00668387 -0.00270559 -0.00535963
internal_weight=38714 281 151 38433 488 342 146 240 37945 1881 1288 770 593 426
internal_count=38714 281 151 38433 488 342 146 240 37945 1881 1288 770 593 426
cat_boundaries=0 1 2
cat_threshold=406 38020
is_linear=0
shrinkage=0.035


Tree=354
num_leaves=15
num_cat=6
split_feature=17 22 23 0 32 23 32 32 23 23 6 32 32 32
split_gain=3.79194 8.24574 21.266 25.1957 13.571 12.2788 32.8543 17.4404 24.064 21.2673 18.7152 16.5519 14.9548 13.2236
threshold=4.6099160117756162 0.94889906382653011 1.1327480000609451 75.15000000000002 0 1.2062694680747199 1 2 1.0723791479413485 0.87274330136510581 21.550000000000004 3 4 5
decision_type=8 8 10 10 1 8 1 1 10 10 8 1 1 1
left_child=-1 2 4 -4 -2 7 -7 8 12 11 -11 -9 -3 -8
right_child=1 5 3 -5 -6 6 13 9 -10 10 -12 -13 -14 -15
leaf_value=0.00043787117832627903 0.023915222867835696 0.15076612192231012 -0.0022887711111794573 0.54000886467657661 -0.0041614058991321029 -0.082337047898965038 0.070741326628134801 -0.16582361200143497 -0.058587165600704927 -0.10012823858075817 -0.016493574631837513 -0.067255647962882373 0.001753857750042698 0.0048939895099627158
leaf_weight=13054 2656 737 221 229 6276 1528 1379 134 1704 131 2556 668 2280 5161
leaf_count=13054 2656 737 221 229 6276 1528 1379 134 1704 131 2556 668 2280 5161
internal_value=3.97738e-05 -0.000207286 0.000618941 0.008 0.000242811 -0.000683535 0.000286139 -0.00163603 -0.000243877 -0.00350599 -0.00201523 -0.00850062 0.00163302 0.0013669
internal_weight=38714 25660 9382 450 8932 16278 8068 8210 4721 3489 2687 802 3017 6540
internal_count=38714 25660 9382 450 8932 16278 8068 8210 4721 3489 2687 802 3017 6540
cat_boundaries=0 1 2 3 4 5 6
cat_threshold=390 8450 44840 128 256 18496
is_linear=0
shrinkage=0.035


Tree=355
num_leaves=15
num_cat=2
split_feature=21 1 0 22 29 32 23 2 19 23 0 32 30 27
split_gain=3.85018 4.79706 3.88347 3.75478 11.1836 13.8309 15.7469 11.1978 9.04597 7.33149 15.1503 15.6298 9.02456 7.02129
threshold=3208.3333333333335 28.050000000000004 7.1000000000000005 1.6556622003351549 -0.98214942551678475 0 3.4241829876139338 250.75000000000003 28.412500000000005 1.8549067072839038 219.00000000000003 1 -0.14250536273956091 1.0000000180025095e-35
decision_type=2 8 8 8 2 1 8 10 8 10 10 1 2 2
left_child=3 2 -2 9 13 6 7 -6 -8 -1 11 -11 -12 -5
right_child=1 -3 -4 4 5 -7 8 -9 -10 10 12 -13 -14 -15
leaf_value=6.3746393350143658e-05 0.00083362947856114656 -0.0080420401366340325 0.032804071783636465 0.060314289895680384 0.0085940900823112277 -0.11348200587993962 -1.5822141703447647e-05 -0.62952546938238785 1.4643807261330708 -0.1580659771373554 1.3473927978668006 0.034679414431948712 0.45803754117436118 -0.0041387288748815591
leaf_weight=36889 52 51 52 62 273 493 56 97 80 118 85 293 59 54
leaf_count=36889 52 51 52 62 273 493 56 97 80 118 85 293 59 54
internal_value=5.06211e-05 0.00546875 0.00963303 2.8135e-05 -0.00196875 -0.00317231 0.000940499 -0.0028 0.010922 8.78528e-05 0.0040625 0.000588942 0.0136242 0.00809917
internal_weight=38714 155 104 38559 1115 999 506 370 136 37444 555 411 144 116
internal_count=38714 155 104 38559 1115 999 506 370 136 37444 555 411 144 116
cat_boundaries=0 1 2
cat_threshold=42569 41228
is_linear=0
shrinkage=0.035


Tree=356
num_leaves=15
num_cat=2
split_feature=23 22 30 32 11 4 14 9 23 32 4 28 5 3
split_gain=3.64136 6.47224 8.94996 8.2613 7.64846 6.08725 11.8184 5.43016 4.29598 8.62518 7.50588 6.58739 10.1951 13.8805
threshold=3.4241829876139338 1.9319513931328725 -0.41399101439218416 0 230.66758241758245 49.050000000000004 26.525000000000002 1992.5000000000002 1.6476866022543961 1 177.10000000000002 -0.22252093395631442 160.50000000000003 520.50000000000011
decision_type=10 8 2 1 10 10 8 8 10 1 10 2 8 8
left_child=1 8 4 7 -3 6 -5 -4 -1 10 -10 -11 -13 -14
right_child=-2 2 3 5 -6 -7 -8 -9 9 11 -12 12 13 -15
leaf_value=1.4235727600873106e-05 0.14519805883660467 -0.038763655461557876 -0.031630275118079684 0.008159818761238764 -2.002626157804793 0.097271410181800078 -0.29004878725200178 0.083003677966370343 -0.021954432839851164 0.054919183235261668 1.1562057628671107 -0.013610343928035782 0.81049106965509399 -0.2377077754916728
leaf_weight=36622 126 91 50 57 50 74 62 57 336 533 83 443 72 58
leaf_count=36622 126 91 50 57 50 74 62 57 336 533 83 443 72 58
internal_value=5.2429e-05 3.26484e-05 -0.00415919 -0.000688525 -0.0112671 -0.00487981 -0.00987903 0.00659836 8.16471e-05 0.00189869 -0.00233871 0.00349688 0.000908304 0.00933333
internal_weight=38714 38588 441 300 141 193 119 107 38147 1525 419 1106 573 130
internal_count=38714 38588 441 300 141 193 119 107 38147 1525 419 1106 573 130
cat_boundaries=0 1 2
cat_threshold=4140 8461
is_linear=0
shrinkage=0.035


Tree=357
num_leaves=15
num_cat=2
split_feature=23 22 32 0 16 7 23 26 26 2 24 23 25 32
split_gain=3.66173 6.42194 8.80621 12.4028 5.26487 11.6406 5.24672 3.70403 8.60643 20.4396 7.3834 6.03763 3.96075 13.724
threshold=3.4241829876139338 1.9319513931328725 0 29.900000000000002 155.72411502397284 86.143167701863362 2.2756703402186025 4.5000000000000009 10.500000000000002 21.550000000000004 3.5000000000000004 0.98405687042574075 1.5000000000000002 1
decision_type=10 8 1 10 10 2 10 2 2 10 2 8 2 1
left_child=1 7 3 -3 5 -4 -5 11 9 -9 -11 -1 13 -10
right_child=-2 2 4 6 -6 -7 -8 8 12 10 -12 -13 -14 -15
leaf_value=0.07386172995600114 0.1401161267773236 0.047249047726505081 -0.17189785371239491 -0.18755745957999057 -2.4336307055664581 0.2833800713755068 0.0025591288533249571 0.015366842188426518 -0.022929271448854063 -0.074909534605671985 -0.39273403637323862 0.00054147898602086909 1.6188957029239506e-05 0.010401644689775861
leaf_weight=64 126 97 96 61 50 55 82 117 478 103 109 138 35737 1401
leaf_count=64 126 97 96 61 50 55 82 117 478 103 109 138 35737 1401
internal_value=3.6158e-05 1.63242e-05 -0.00415919 0.00054902 -0.00923611 -0.00605769 -0.00591216 6.51342e-05 3.96574e-05 -0.00555389 -0.0119355 0.0047343 8.93118e-05 0.0016534
internal_weight=38714 38588 441 240 201 151 143 38147 37945 329 212 202 37616 1879
internal_count=38714 38588 441 240 201 151 143 38147 37945 329 212 202 37616 1879
cat_boundaries=0 1 2
cat_threshold=36973 5252
is_linear=0
shrinkage=0.035


Tree=358
num_leaves=15
num_cat=4
split_feature=22 5 32 23 32 29 6 23 22 33 23 32 6 16
split_gain=3.61425 11.0989 13.5857 12.091 12.8247 11.6179 10.0658 9.80475 8.89438 10.1534 9.26933 24.7376 9.77118 12.444
threshold=0.98522687119369801 1330.0000000000002 0 0.36060633846256446 1 -0.99940763397299126 1103.5000000000002 0.31971435951303667 0.87227302871728007 2 0.76522334315388518 3 291.00000000000006 41.102731302586243
decision_type=8 10 1 8 1 2 10 8 10 1 8 1 8 10
left_child=1 2 5 4 -4 -1 7 -2 9 -7 11 -10 -12 -14
right_child=6 -3 3 -5 -6 8 -8 -9 10 -11 12 -13 13 -15
leaf_value=0.17495977994508474 0.41081486999944283 -0.98368090525864693 -0.041725879003255584 8.4773007870162512e-05 0.022647169195299119 0.051311739717048367 2.7133007128996645 -0.0009906912816185832 0.16897939504085216 0.010301082749246683 0.019260258799073837 -0.064244953569250307 -0.082252637029425035 0.37324780236359179
leaf_weight=56 68 252 260 11481 160 882 175 21160 161 1262 2078 172 298 249
leaf_count=56 68 252 260 11481 160 882 175 21160 161 1262 2078 172 298 249
internal_value=3.43501e-05 0.000410314 0.000518929 -0.000132175 -0.00592941 0.00201624 -0.000269759 -0.000339566 0.00183669 0.00355049 0.000590618 -0.00486686 0.00129087 -0.00285326
internal_weight=38714 17311 17059 11901 420 5158 21403 21228 5102 2144 2958 333 2625 547
internal_count=38714 17311 17059 11901 420 5158 21403 21228 5102 2144 2958 333 2625 547
cat_boundaries=0 1 2 3 4
cat_threshold=17796 35410 6 1280
is_linear=0
shrinkage=0.035


Tree=359
num_leaves=15
num_cat=0
split_feature=6 6 17 5 8 16 0 8 30 17 6 30 17 30
split_gain=4.55974 5.2105 4.58707 12.6323 7.70519 4.49819 9.88857 9.22566 8.05195 6.48174 6.12141 9.36129 7.85326 11.3386
threshold=1.2500000000000002 1.3500000000000003 0.11677484162423386 25.050000000000004 0.17347762412866663 0.53452248382485068 9.9000000000000021 0.53416053327738489 -0.99052477729077237 1.3894352289561269 3.8500000000000001 -0.87810534180523914 1.2150414008256052 -0.35846086284744721
decision_type=8 8 10 8 2 10 10 2 2 10 8 2 10 2
left_child=-1 -2 3 -3 -4 6 8 -7 -6 -10 11 -9 13 -12
right_child=1 2 4 -5 5 7 -8 10 9 -11 12 -13 -14 -15
leaf_value=0.00065706115679769919 -0.0016274437510229707 -0.0019977597074191428 0.0010181304683817656 0.012537553500216349 0.002194470289524646 0.0063287614904196723 0.0081597439790264941 -0.014525118547517321 -0.0015814664090834454 -0.017315982304552138 0.0061460639008357855 -0.0010828618461247242 6.5548789552849495e-05 1.8301406770051544e-05
leaf_weight=325 106 70 96 52 54 73 107 98 931 85 691 608 34387 1031
leaf_count=325 106 70 96 52 54 73 107 98 931 85 691 608 34387 1031
internal_value=3.97738e-05 4.558e-06 2.65096e-05 -0.00661417 4.86035e-05 2.2984e-05 -0.00210237 9.10742e-05 -0.00312558 -0.00383937 6.55894e-05 -0.00315049 0.000128897 0.00243196
internal_weight=38714 38389 38283 122 38161 38065 1177 36888 1070 1016 36815 706 36109 1722
internal_count=38714 38389 38283 122 38161 38065 1177 36888 1070 1016 36815 706 36109 1722
is_linear=0
shrinkage=0.035


Tree=360
num_leaves=15
num_cat=3
split_feature=6 6 21 1 22 23 32 5 32 33 30 5 23 29
split_gain=3.66062 5.21803 4.13729 5.37067 3.91937 13.3956 18.4487 21.0189 15.5883 13.2518 12.5338 11.3049 14.9302 11.1504
threshold=1.2500000000000002 1.3500000000000003 3208.3333333333335 28.050000000000004 0.94186226538055806 0.86944013733843184 0 25.950000000000003 1 2 0.39629089145655322 125.25000000000001 1.1327480000609451 -0.89406062840022227
decision_type=8 8 2 8 8 10 1 8 1 1 2 10 10 2
left_child=-1 -2 4 -4 5 8 7 -7 9 10 -3 -8 -13 -10
right_child=1 2 3 -5 -6 6 11 -9 13 -11 -12 12 -14 -15
leaf_value=0.00063406401630977779 -0.0015704832197371706 0.034380158757071691 0.0086219112499212082 -0.0078005059588727573 -0.00073271578379070952 -0.0010992100043777065 0.00015281255122614248 0.067614381313127886 -0.017732558476740757 -0.0011233716648037517 -7.0021757077967103e-05 0.095856100791535837 1.1772548914552838 -0.0024478794807686302
leaf_weight=325 106 1063 94 51 25055 193 2655 336 659 2126 667 772 110 4502
leaf_count=325 106 1063 94 51 25055 193 2655 336 659 2126 667 772 110 4502
internal_value=4.15817e-05 1.00276e-05 3.19944e-05 0.00583333 9.176e-06 0.000500076 0.00216654 0.00817096 -0.000252161 0.00142857 0.00369054 0.0012317 0.00465614 -0.00150792
internal_weight=38714 38389 38283 145 38138 13083 4066 529 9017 3856 1730 3537 882 5161
internal_count=38714 38389 38283 145 38138 13083 4066 529 9017 3856 1730 3537 882 5161
cat_boundaries=0 1 2 3
cat_threshold=192 8975 6
is_linear=0
shrinkage=0.035


Tree=361
num_leaves=15
num_cat=3
split_feature=3 25 16 0 17 5 2 22 23 32 32 23 32 22
split_gain=3.50173 14.6245 11.3805 9.3449 7.06899 7.03028 7.24203 6.21676 39.2377 11.504 10.043 9.30518 30.6284 17.2624
threshold=1606.2500000000002 5.5000000000000009 174.91494531697296 3550.0000000000005 477.06042842518644 1204.0000000000002 1907.9000000000003 0.65288483205628467 0.36060633846256446 0 1 0.78890864595290078 2 0.98369346495744725
decision_type=10 2 10 8 10 10 8 8 10 1 1 8 1 8
left_child=5 3 -3 4 -2 7 -7 8 10 -10 -1 12 13 -9
right_child=1 2 -4 -5 -6 6 -8 11 9 -11 -12 -13 -14 -15
leaf_value=-0.034350772587793829 2.1099710159055163 1.3173189416061566 -2.4337702058426181 21.336259970442743 -2.0982395778876302 -1.0018370316956235 0.7876630455858874 -0.024513135878493596 0.00042815152849333686 0.045062489697508597 5.7639904208670606e-05 0.00033688212273164548 -0.0006300292489284171 -0.153246470237003
leaf_weight=335 62 81 123 56 59 140 51 733 332 775 275 31306 4260 126
leaf_count=335 62 81 123 56 59 140 51 733 332 775 275 31306 4260 126
internal_value=3.79659e-05 0.00335492 -0.00301435 0.0105769 0.00472222 4.56466e-06 -0.00660714 3.85351e-05 0.0020935 0.00601169 -0.00500813 -5.86055e-05 -0.00144126 -0.00740847
internal_weight=38714 381 204 177 121 38333 191 38142 1717 1107 610 36425 5119 859
internal_count=38714 381 204 177 121 38333 191 38142 1717 1107 610 36425 5119 859
cat_boundaries=0 1 2 3
cat_threshold=9296 39280 20608
is_linear=0
shrinkage=0.035


Tree=362
num_leaves=15
num_cat=0
split_feature=15 4 3 28 5 2 1 10 8 17 30 2 2 5
split_gain=4.86023 6.01199 7.30719 8.27112 6.37368 5.47533 4.89676 11.4555 6.80012 7.63025 6.00005 6.18288 6.76935 5.59743
threshold=2507.9000000000005 2215.0000000000005 1606.2500000000002 -0.22252093395631442 1204.0000000000002 1907.9000000000003 902.00000000000011 838.45238095238108 182.12783241506935 266.19868782395434 -0.76696334127844745 1180.6000000000001 1595.0000000000002 741.00000000000011
decision_type=2 10 10 2 10 8 10 8 2 10 2 10 10 10
left_child=1 2 4 -4 6 -3 7 13 -9 -10 -8 -12 -13 -1
right_child=-2 5 3 -5 -6 -7 10 8 9 -11 11 12 -14 -15
leaf_value=-7.8467165948170603e-06 3.6457103294858899 -0.04337038668096739 -0.40272157497096034 2.4893811177671137 -0.64692437007179227 -3.4346868114917375 -0.88794486463501621 -0.60144224884599862 1.1420427572281251 -3.2671102546276098 0.42118729043326886 4.4152168855369345 0.98682440931382709 0.60556746534773398
leaf_weight=37139 69 54 122 125 156 54 57 114 78 58 205 78 50 355
leaf_count=37139 69 54 122 125 156 54 57 114 78 58 205 78 50 355
internal_value=2.53106e-05 8.15006e-06 3.17835e-05 0.00597222 -7.31166e-06 -0.0080531 2.20247e-05 -1.85435e-05 -0.00741176 -0.00198582 0.00389873 0.00569527 0.0115789 3.17342e-05
internal_weight=38714 38645 38537 247 38290 108 38134 37744 250 136 390 333 128 37494
internal_count=38714 38645 38537 247 38290 108 38134 37744 250 136 390 333 128 37494
is_linear=0
shrinkage=0.035


Tree=363
num_leaves=15
num_cat=1
split_feature=30 17 1 6 32 29 9 2 8 3 26 22 3 6
split_gain=3.78068 16.4126 10.7629 11.3688 9.76312 10.8836 15.0162 10.2318 9.45773 14.5092 8.78383 15.0281 10.6843 9.5027
threshold=-0.91595872546125101 30.785179433085478 145.50000000000003 1410.0000000000002 0 -0.28519255817492867 1105.0000000000002 104.10000000000001 10.565214290725327 33.100000000000009 182.50000000000003 1.1087594241676773 74.950000000000017 75.15000000000002
decision_type=2 10 8 8 1 2 8 8 2 8 2 10 10 10
left_child=1 4 -3 -4 8 6 -6 -8 9 -1 12 -12 -7 -14
right_child=-2 2 3 -5 5 10 7 -9 -10 -11 11 -13 13 -15
leaf_value=0.023582390081907899 0.00036607847362365222 -0.22331991914177463 -0.032938850268711808 -0.90369014376574208 0.024869223330627153 -0.0042745765602226985 -0.0094626378259376424 -0.061388918860895578 0.086782285384201574 -0.017437775944329562 0.0085776857603406947 -0.022933857672559378 0.39724758497487112 0.01189422183190807
leaf_weight=145 33442 244 796 131 73 1381 371 118 197 223 1037 185 68 303
leaf_count=145 33442 244 796 131 73 1381 371 118 197 223 1037 185 68 303
internal_value=2.16948e-05 -0.000848967 -0.00449405 -0.00274142 0.000196055 -0.000492819 -0.00493827 -0.00715587 0.00440517 0.00112601 0.000352467 0.00262429 -0.00123506 0.00400266
internal_weight=38714 5272 1171 927 4101 3536 562 489 565 368 2974 1222 1752 371
internal_count=38714 5272 1171 927 4101 3536 562 489 565 368 2974 1222 1752 371
cat_boundaries=0 1
cat_threshold=20480
is_linear=0
shrinkage=0.035


Tree=364
num_leaves=15
num_cat=1
split_feature=30 11 3 32 2 0 0 8 6 22 23 26 2 8
split_gain=4.31887 10.1688 11.5015 7.46182 9.33383 8.28507 10.5945 8.5351 6.65464 8.38808 5.28471 16.2272 5.34781 5.1919
threshold=-0.99465740988130902 195.87121212121215 541.25000000000011 0 94.750000000000014 32.550000000000004 4.4500000000000011 7.5681468853999423 32.550000000000004 0.98815008285596539 0.20471716005236418 143.50000000000003 10.750000000000002 30.053024331855639
decision_type=2 10 8 1 8 10 8 2 8 10 8 2 10 2
left_child=1 3 -3 4 5 6 -1 -7 9 -8 11 12 -2 -5
right_child=10 2 -4 13 -6 7 8 -9 -10 -11 -12 -13 -14 -15
leaf_value=-0.0012847035535615105 -0.034661232039243796 -0.51284993651181598 0.052915505420367596 -0.010921248807658367 0.026767482913380939 -0.069695103696863436 0.022685007969342821 0.013384386480795422 -0.018753221352245719 -0.0014925734004229076 0.00012230164112881693 0.33192030245708748 0.042438074832126492 -0.20518462244883393
leaf_weight=52 56 118 93 420 180 52 90 50 57 59 37224 96 82 85
leaf_count=52 56 118 93 420 180 52 90 50 57 59 37224 96 82 85
internal_value=1.62711e-05 -0.00199841 -0.00891204 -0.000566667 0.00227027 -0.000958904 0.00239544 -0.00915888 0.00597156 0.00977273 8.4083e-05 0.00527197 -0.00244755 -0.00356731
internal_weight=38714 1256 211 1045 540 360 258 102 206 149 37458 234 138 505
internal_count=38714 1256 211 1045 540 360 258 102 206 149 37458 234 138 505
cat_boundaries=0 1
cat_threshold=55339
is_linear=0
shrinkage=0.035


Tree=365
num_leaves=15
num_cat=1
split_feature=10 23 23 30 19 32 6 3 29 9 2 6 22 16
split_gain=4.49983 18.0014 7.61381 3.82016 15.1091 11.8966 14.3381 14.4502 10.6604 15.227 9.82768 8.48933 8.26832 10.8465
threshold=1.2183333333333337 0.79336859457004116 0.93659239474239142 -0.91595872546125101 220.12500000000003 0 78.200000000000017 33.100000000000009 -0.28519255817492867 1105.0000000000002 104.10000000000001 3.8500000000000001 1.3838531667494154 231.66067138520552
decision_type=10 10 10 2 10 1 8 8 2 8 8 8 10 10
left_child=1 -1 -3 4 5 6 7 -2 9 -7 -11 -10 13 -6
right_child=3 2 -4 -5 12 8 -8 -9 11 10 -12 -13 -14 -15
leaf_value=-0.0030235629908556996 0.019573166461042471 0.0012309456768106383 -0.00021618950188839861 0.0004293174686411017 -0.29892176452886871 0.023994519956615792 0.076350856938698544 -0.019709486346864369 -0.0025808671432164111 -0.011126316077308723 -0.069658304690506878 0.001877086252993241 -1.7139941801794618 2.8056933846871455
leaf_weight=98 142 50 63 33280 712 73 211 227 158 379 129 3073 57 62
leaf_count=98 142 50 63 33280 712 73 211 227 158 379 129 3073 57 62
internal_value=1.44632e-05 -0.00502315 0.00444915 4.27184e-05 -0.00083684 -1.59199e-05 0.00458824 0.000467914 -0.000731644 -0.00507679 -0.00723197 5.40791e-05 -0.00514952 -0.0041335
internal_weight=38714 211 113 38503 5223 4392 580 369 3812 581 508 3231 831 774
internal_count=38714 211 113 38503 5223 4392 580 369 3812 581 508 3231 831 774
cat_boundaries=0 1
cat_threshold=20480
is_linear=0
shrinkage=0.035


Tree=366
num_leaves=15
num_cat=2
split_feature=30 4 32 4 32 6 22 9 16 1 26 6 20 23
split_gain=4.76718 9.73876 10.0676 7.23711 6.82501 10.3333 5.24147 6.74612 6.02185 5.17284 7.94225 6.27236 5.68202 4.71563
threshold=-0.99465740988130902 185.50000000000003 0 422.00000000000006 1 4.0500000000000007 0.90225573019228678 1382.5000000000002 2.2451800147924996 33.100000000000009 182.50000000000003 92.750000000000014 1425.3571428571431 0.20471716005236418
decision_type=2 8 1 8 1 10 10 8 10 8 2 8 10 8
left_child=1 4 3 -3 5 -1 -7 -8 -9 10 -6 -11 -13 -2
right_child=13 2 -4 -5 9 6 7 8 -10 11 -12 12 -14 -15
leaf_value=-0.0010426719899928984 0.056428917013448085 -0.54915440346076405 0.0051766208265189954 -0.20651165651300746 -0.024670228287958194 0.021943346450933082 0.044191129770082382 0.014750647186838377 -0.044058563189306316 -0.075323683200804736 0.026721158259419838 0.12454910134402995 -0.10113874073964933 0.00011394299753292038
leaf_weight=82 234 80 120 59 112 125 78 59 87 196 111 52 95 37224
leaf_count=82 234 80 120 59 112 125 78 59 87 196 111 52 95 37224
internal_value=7.23159e-06 -0.00210944 -0.00808712 -0.0138636 -0.000523952 0.00274664 0.00543785 0.00213974 -0.00231788 -0.00301205 0.00107456 -0.00573276 -0.000230263 7.84774e-05
internal_weight=38714 1256 259 139 997 431 349 224 146 566 223 343 147 37458
internal_count=38714 1256 259 139 997 431 349 224 146 566 223 343 147 37458
cat_boundaries=0 1 2
cat_threshold=3656 38955
is_linear=0
shrinkage=0.035


Tree=367
num_leaves=15
num_cat=0
split_feature=16 0 8 23 22 9 5 29 22 22 6 22 5 6
split_gain=4.82534 13.7279 10.467 7.97879 8.10024 6.3859 6.23481 7.23677 7.98627 6.7842 6.22197 5.91093 10.7761 5.66296
threshold=0.53452248382485068 13.550000000000002 0.53416053327738489 0.78112397765001229 0.8850741757160292 1762.5000000000002 1.5500000000000003 0.95242846126021108 1.0914671911910048 1.0093073855580681 1.5500000000000003 1.0416068272223997 12.550000000000002 5.0500000000000007
decision_type=10 10 2 10 8 10 10 2 8 10 10 8 8 8
left_child=1 3 -2 5 13 11 10 8 9 -8 -6 12 -1 -5
right_child=2 -3 -4 4 6 -7 7 -9 -10 -11 -12 -13 -14 -15
leaf_value=0.0013815777997923664 0.0057471622284324484 0.012594493554095988 0.0002482892406412063 0.0019268586584609015 -5.6459787801097512e-05 -0.0033169944026952948 -0.0018900958140723213 -0.0065176152439146836 -0.0083534208349681695 0.0029947338460906683 0.0034635815550203256 -0.0047619672444701583 -0.01037411323941468 -0.0023777699421355771
leaf_weight=173 80 81 36958 90 341 119 271 50 109 150 77 110 55 50
leaf_count=173 80 81 36958 90 341 119 271 50 109 150 77 110 55 50
internal_value=1.8079e-06 -0.00183224 8.50363e-05 -0.00255938 -0.000979878 -0.00643939 -0.00209372 -0.00442735 -0.00314019 -0.000903756 0.00115839 -0.00387755 -0.000600858 0.00675862
internal_weight=38714 1676 37038 1595 1138 457 998 580 530 421 418 338 228 140
internal_count=38714 1676 37038 1595 1138 457 998 580 530 421 418 338 228 140
is_linear=0
shrinkage=0.035


Tree=368
num_leaves=15
num_cat=2
split_feature=30 4 32 22 5 17 26 32 1 8 8 17 4 20
split_gain=4.31887 9.24325 9.41829 6.55926 8.66669 8.39404 7.14903 8.2662 7.41525 6.97559 6.89377 7.5775 6.50378 5.95804
threshold=-0.99465740988130902 185.50000000000003 0 1.1508861668237091 160.50000000000003 20.159982844556509 182.50000000000003 1 31.100000000000005 14.425625063682316 6.4857005292616892 1.8929134182475089 422.00000000000006 1370.3571428571431
decision_type=2 8 1 10 8 10 2 1 8 2 2 10 8 10
left_child=1 3 12 4 5 6 9 8 -8 10 11 -1 -3 -9
right_child=-2 2 -4 -5 -6 -7 7 13 -10 -11 -12 -13 -14 -15
leaf_value=-0.0029791304531937455 0.00019625528620949241 -0.52994268946305945 0.0049669164243831988 -0.065071817748941191 0.12660715531305203 -0.2535436341929122 0.022587525390397094 0.099964791757482463 -0.067813428211260962 0.084766351495622158 -0.085408653178160224 0.013101057676550077 -0.19929243865848095 0.0063796993321754867
leaf_weight=94 37458 80 120 107 79 97 56 68 51 52 70 140 59 183
leaf_count=94 37458 80 120 107 79 97 56 68 51 52 70 140 59 183
internal_value=1.62711e-05 -0.00199841 -0.00782197 -0.000454092 0.000547486 -0.000557598 0.00077886 0.00424242 -0.00372951 -0.00271468 -0.00475728 -0.00175732 -0.0134091 0.0075
internal_weight=38714 1256 259 997 890 811 714 358 107 356 304 234 139 251
internal_count=38714 1256 259 997 890 811 714 358 107 356 304 234 139 251
cat_boundaries=0 1 2
cat_threshold=3656 16596
is_linear=0
shrinkage=0.035


Tree=369
num_leaves=15
num_cat=1
split_feature=30 22 32 23 25 3 22 6 27 0 6 8 0 8
split_gain=5.02887 8.87315 7.80414 8.66429 9.04892 8.53977 7.81193 7.60913 10.6013 8.59971 10.835 7.58847 5.37829 4.73215
threshold=-0.99465740988130902 1.3595491179587584 0 0.54474346314607669 6.5000000000000009 140.50000000000003 0.97485958976737452 100.50000000000001 1.0000000180025095e-35 32.550000000000004 4.0500000000000007 8.1855647438741368 11.050000000000002 5.9371479893356112
decision_type=2 10 1 8 2 10 10 10 2 10 10 2 10 2
left_child=1 2 7 -4 -5 6 12 9 -9 10 -1 -11 -6 -12
right_child=-2 -3 3 4 5 -7 -8 8 -10 11 13 -13 -14 -15
leaf_value=-0.000975586950609887 0.00018938635119205573 -0.51838178584824923 -0.077883592040939198 -0.052459421031355744 0.0060398285199625475 -0.28478987455358723 -0.021594077300417746 -0.14188510149977729 0.24524309181344467 -0.060492066262368534 0.014953148196798331 0.025848120734442832 0.091937712735373045 -0.0036842461458773462
leaf_weight=76 37458 54 58 228 51 85 91 68 77 77 163 75 84 69
leaf_count=76 37458 54 58 228 51 85 91 68 77 77 163 75 84 69
internal_value=9.03949e-06 -0.00216495 -0.00150787 -0.00428922 -0.00289522 0.000996835 0.00454545 0.00129839 0.00816667 -0.000903226 0.00246006 -0.00757962 0.00975 0.00620253
internal_weight=38714 1256 1202 597 539 311 226 605 145 460 308 152 135 232
internal_count=38714 1256 1202 597 539 311 226 605 145 460 308 152 135 232
cat_boundaries=0 1
cat_threshold=53667
is_linear=0
shrinkage=0.035


Tree=370
num_leaves=15
num_cat=1
split_feature=30 22 32 25 1 6 8 0 2 19 4 23 22 20
split_gain=3.84135 9.25217 8.54634 9.86119 11.0129 8.00633 5.91891 5.8357 5.18284 10.0274 5.77195 5.08761 7.8963 6.66094
threshold=-0.99465740988130902 1.3595491179587584 0 6.5000000000000009 31.100000000000005 100.50000000000001 23.212062564200036 125.25000000000001 27.550000000000004 5.0125000000000011 58.650000000000006 1.0437766577283478 0.9190896529864826 1940.4166666666667
decision_type=2 10 1 2 10 8 2 10 10 10 10 8 10 10
left_child=1 2 5 11 -5 8 -6 -8 9 -1 -10 12 13 -4
right_child=-2 -3 3 4 6 -7 7 -9 10 -11 -12 -13 -14 -15
leaf_value=-0.0008028993149006348 0.00018275782890022187 -0.5002384233435605 -0.060180618687557745 0.015022882092998664 0.034795326090674636 0.091051367646222806 -0.25006314400485197 -0.2935594399600136 -0.061825010403996794 0.02395616034012454 0.0042122187266721419 -0.11398987228054847 0.0098146628684471406 -0.0070560428160443504
leaf_weight=66 37458 54 71 256 62 125 57 62 88 113 56 105 90 51
leaf_count=66 37458 54 71 256 62 125 57 62 88 113 56 105 90 51
internal_value=1.26553e-05 -0.00188739 -0.0012179 -0.00345904 -7.91855e-05 0.00257019 -0.00658602 -0.0110081 -0.000320122 0.00361413 -0.00516779 -0.00815217 -0.00483871 -0.0104724
internal_weight=38714 1256 1202 754 437 448 181 119 323 179 144 317 212 122
internal_count=38714 1256 1202 754 437 448 181 119 323 179 144 317 212 122
cat_boundaries=0 1
cat_threshold=20771
is_linear=0
shrinkage=0.035


Tree=371
num_leaves=15
num_cat=2
split_feature=30 4 32 23 32 22 4 23 25 20 21 22 2 20
split_gain=4.52042 8.25266 8.79058 7.4206 7.26064 6.29869 5.80901 5.79429 5.15662 4.90357 9.2948 8.02629 7.62746 7.08031
threshold=-0.99465740988130902 185.50000000000003 0 0.54474346314607669 1 1.1246560420235781 422.00000000000006 1.0487012613097524 6.5000000000000009 1386.9047619047622 1602.4537037037039 0.94345614828209767 11.025000000000002 1332.3214285714287
decision_type=2 8 1 8 1 10 8 10 2 10 2 10 8 10
left_child=1 3 6 -1 7 9 -3 -5 -7 11 -11 -6 -12 -13
right_child=-2 2 -4 4 5 8 -8 -9 -10 10 12 13 -14 -15
leaf_value=-0.021736483178697839 0.00017636130488876136 -0.49191365450309155 0.0048980893886756312 0.02143376886654379 0.044586774072515233 -0.022466840125893988 -0.19023416207078414 -0.015527268399363884 -0.18760525041795051 -0.050683139785295685 0.0062473743288750765 -0.018872064433988724 -0.019045011682523979 0.072182292228224781
leaf_weight=58 37458 80 120 188 53 50 59 67 51 54 77 95 248 56
leaf_count=58 37458 80 120 188 53 50 59 67 51 54 77 95 248 56
internal_value=7.23159e-06 -0.00205393 -0.00755682 -0.000593812 0.000185381 -0.00170243 -0.0129545 0.00505556 -0.00957547 -0.000297619 -0.00264323 0.00401914 -0.000318182 -0.000224359
internal_weight=38714 1256 259 997 939 684 139 255 101 583 379 204 325 151
internal_count=38714 1256 259 997 939 684 139 255 101 583 379 204 325 151
cat_boundaries=0 1 2
cat_threshold=3656 38922
is_linear=0
shrinkage=0.035


Tree=372
num_leaves=15
num_cat=3
split_feature=30 21 17 32 3 22 21 9 24 32 27 32 26 23
split_gain=3.65536 7.75227 7.6764 5.81248 8.89758 7.61522 4.52153 4.11921 3.67117 17.4321 8.70183 23.4309 15.806 14.4125
threshold=-0.99864786094873803 1098.1688963210706 2.2343733444578926 0 78.050000000000011 0.96565121275395782 1952.6043478260872 1692.5000000000002 4.5000000000000009 1 1.0000000180025095e-35 2 33.500000000000007 1.172542727825441
decision_type=2 2 10 1 10 10 2 8 2 1 2 1 2 10
left_child=1 -1 -3 4 -4 6 -5 -7 10 -10 11 12 -2 -14
right_child=8 2 3 5 -6 7 -8 -9 9 -11 -12 -13 13 -15
leaf_value=0.024588529211275162 0.050936059571963919 0.0023710587318924148 -0.042977586236480937 0.014263468988965366 0.2932155005201883 -0.13608480223058259 -0.14577900195319693 -0.054968929224665362 -0.010103966140903437 0.0017730722759677999 -0.00065996536583914358 0.0041732142289854961 -0.018735204793986285 -0.10826019464488504
leaf_weight=73 109 99 52 81 68 50 86 81 3482 5126 17588 10385 1166 268
leaf_count=73 109 99 52 81 68 50 86 81 3482 5126 17588 10385 1166 268
internal_value=1.62711e-05 -0.00270588 -0.00422414 -0.00628842 0.000518519 -0.00872204 -0.00386628 -0.0151838 5.87479e-05 -0.000577035 0.000244233 0.00097377 -0.00303273 -0.00403753
internal_weight=38714 590 517 418 120 298 167 131 38124 8608 29516 11928 1543 1434
internal_count=38714 590 517 418 120 298 167 131 38124 8608 29516 11928 1543 1434
cat_boundaries=0 1 2 3
cat_threshold=18576 21546 320
is_linear=0
shrinkage=0.035


Tree=373
num_leaves=15
num_cat=2
split_feature=9 21 32 9 10 23 22 0 8 9 32 30 20 13
split_gain=3.89558 9.85757 13.5464 10.861 13.3727 9.01754 11.4425 10.718 15.7415 8.65106 11.1673 10.1944 9.56284 8.49262
threshold=1961.0000000000002 1964.9074074074076 0 2182.5000000000005 123.36666666666667 0.55581036959644781 0.65288483205628467 65.100000000000009 8.9716967239330785 1782.5000000000002 1 0.90438663683299525 1841.5476190476193 82.52500000000002
decision_type=10 2 1 10 10 10 10 10 2 10 1 2 10 10
left_child=9 2 -2 4 -4 7 -7 8 -3 -1 -11 13 -13 -12
right_child=1 5 3 -5 -6 6 -8 -9 -10 10 11 12 -14 -15
leaf_value=-2.2345755581234529e-05 -0.0013159386828664201 -0.013201792549750983 0.029694569768936276 -0.0011108378706817441 -0.37833545995051326 0.075615065636061976 0.00047585032552860623 -0.35784376366187959 0.026251325923692753 0.0016180011375876747 -0.011394835309621085 -0.12472831258107342 0.013873452819713222 -0.19476874437350683
leaf_weight=20519 368 194 344 58 57 226 13538 282 321 1092 1064 52 348 251
leaf_count=20519 368 194 344 58 57 226 13538 282 321 1092 1064 52 348 251
internal_value=2.71185e-05 0.0004593 0.00416466 0.00804852 0.0102586 0.000247494 0.00045755 -0.00336035 -0.000336538 -0.000258026 -0.00207859 -0.0038237 0.00103704 -0.00532955
internal_weight=38714 15388 827 459 401 14561 13764 797 515 23326 2807 1715 400 1315
internal_count=38714 15388 827 459 401 14561 13764 797 515 23326 2807 1715 400 1315
cat_boundaries=0 1 2
cat_threshold=22840 36226
is_linear=0
shrinkage=0.035


Tree=374
num_leaves=15
num_cat=1
split_feature=30 23 23 2 2 3 26 22 9 21 32 10 8 28
split_gain=3.66507 7.56452 9.47364 8.27839 9.08971 5.67352 5.58057 5.51291 3.31508 8.48305 12.5583 9.65874 9.75877 9.5505
threshold=-0.99864786094873803 0.96169473479278067 0.8566103375693056 32.550000000000004 78.050000000000011 170.50000000000003 182.50000000000003 0.75768321199875743 1961.0000000000002 1964.9074074074076 0 125.36666666666669 8.4090612512265874 1.0000000180025095e-35
decision_type=2 8 10 8 8 8 2 10 10 2 1 10 2 2
left_child=1 2 6 -3 -5 -6 7 -1 -2 10 13 12 -12 -10
right_child=8 3 -4 4 5 -7 -8 -9 9 -11 11 -13 -14 -15
leaf_value=0.0011952747273507847 -0.00066612243521891668 0.002859314120789918 0.023684628320098863 -0.11379557953323592 0.0011211447751920157 -0.56520338277870097 0.015290792185707504 -0.038531670882352681 0.0073886520185371327 0.00036959870135777064 0.011934836138835864 -0.39135460046520709 0.11268994739354667 -0.026830280090134155
leaf_weight=51 22979 96 77 59 91 66 75 75 272 14363 179 54 148 129
leaf_count=51 22979 96 77 59 91 66 75 75 272 14363 179 54 148 129
internal_value=1.98869e-05 -0.00270588 0.0014841 -0.00640379 -0.0101357 -0.00540123 -0.00254854 -0.00694656 6.24197e-05 0.000464356 0.00400254 0.00839646 0.0108584 -0.000420673
internal_weight=38714 590 278 312 216 157 201 126 38124 15145 782 381 327 401
internal_count=38714 590 278 312 216 157 201 126 38124 15145 782 381 327 401
cat_boundaries=0 1
cat_threshold=22841
is_linear=0
shrinkage=0.035


Tree=375
num_leaves=15
num_cat=0
split_feature=30 1 19 26 0 2 1 29 23 1 16 0 1 20
split_gain=3.35296 11.4808 9.4931 4.32122 14.9119 11.9406 9.58343 6.43037 5.91571 5.82137 3.77216 13.2656 10.2189 11.7668
threshold=0.99958851518450398 82.100000000000009 46.01250000000001 10.500000000000002 169.75000000000003 380.50000000000006 18.050000000000004 0.1169228398841501 1.096674049298098 61.900000000000006 0.53452248382485068 13.550000000000002 4.4500000000000011 2375.9166666666674
decision_type=2 10 10 2 10 8 10 2 8 10 10 10 8 8
left_child=3 2 -2 4 5 6 8 9 -1 -8 11 12 -5 -14
right_child=1 -3 -4 10 -6 -7 7 -9 -10 -11 -12 -13 13 -15
leaf_value=0.015813349788398913 0.012563843622085536 0.30171710630090487 -0.073010886564676566 7.5655966533955132e-05 -0.64779365297355673 0.051191969038877363 0.049558204143060704 -0.23062903460252726 -0.011064018718594351 -0.13740197570963497 0.0003333222375077583 0.012121127724574309 -0.00079089353636850883 -0.0089933536079991137
leaf_weight=82 99 120 62 853 67 65 53 118 50 53 36283 81 474 254
leaf_count=82 99 120 62 853 67 65 53 118 50 53 36283 81 474 254
internal_value=1.8079e-05 0.00379371 -0.00231928 -1.00161e-05 -0.00326572 -0.000739437 -0.0032964 -0.00764192 0.00408759 -0.00126126 3.22793e-05 -0.00159568 -0.00231715 -0.00534789
internal_weight=38714 281 161 38433 488 421 356 224 132 106 37945 1662 1581 728
internal_count=38714 281 161 38433 488 421 356 224 132 106 37945 1662 1581 728
is_linear=0
shrinkage=0.035


Tree=376
num_leaves=15
num_cat=2
split_feature=30 6 11 26 1 0 2 32 23 6 26 32 22 23
split_gain=4.26424 10.5768 10.238 4.33089 13.9135 10.1084 10.6246 7.45028 5.33132 4.07653 3.70065 18.2278 8.36795 4.9324
threshold=0.99958851518450398 76.550000000000011 47.031818181818188 10.500000000000002 18.050000000000004 169.75000000000003 300.80000000000007 0 0.95190443347657216 110.25000000000001 361.50000000000006 1 0.9988538587848933 0.96641475382099162
decision_type=2 8 10 2 10 10 8 1 8 8 2 1 10 10
left_child=3 2 -2 4 8 6 7 -6 -1 -9 -5 13 -13 -12
right_child=1 -3 -4 10 5 -7 -8 9 -10 -11 11 12 -14 -15
leaf_value=0.015259882545804956 0.015606024226005348 0.16824733767157313 -0.098553978679383342 0.00011549956883662562 -0.1210043315284402 -0.83029562974458015 0.18653947506149451 0.042609975663831394 -0.0077161293118897818 -0.27546027894336789 -0.060633217667131027 -0.0069153491977107786 -0.27353087966362477 0.049097670580549806
leaf_weight=72 96 130 55 37701 110 55 51 62 88 50 50 50 86 58
leaf_count=72 96 130 55 37701 110 55 51 62 88 50 50 50 86 58
internal_value=2.53106e-05 0.00428322 -0.00201923 -6.3739e-06 -0.00326572 -0.00735736 -0.00440647 -0.00770925 0.00509091 -0.000551181 3.59684e-05 -0.00421687 -0.012053 0.00626016
internal_weight=38714 281 151 38433 488 328 273 222 160 112 37945 244 136 108
internal_count=38714 281 151 38433 488 328 273 222 160 112 37945 244 136 108
cat_boundaries=0 1 2
cat_threshold=28771 7076
is_linear=0
shrinkage=0.035


Tree=377
num_leaves=15
num_cat=1
split_feature=6 16 0 8 22 6 26 32 23 1 17 22 15 22
split_gain=3.7004 5.08022 14.2409 8.47121 8.19537 5.21211 7.34886 7.18836 6.8803 12.3829 6.75976 7.42515 6.94195 7.58471
threshold=1.2500000000000002 0.53452248382485068 13.550000000000002 0.53416053327738489 1.1508861668237091 3.8500000000000001 61.500000000000007 0 1.0909337008416602 7.0500000000000007 1.4354811251305517 0.68256073428487229 3.5250000000000004 0.9988538587848933
decision_type=8 10 10 2 8 8 2 1 8 10 8 10 2 10
left_child=-1 2 4 -3 -2 6 -5 -8 -9 -10 11 -7 -13 -14
right_child=1 3 -4 5 -6 10 7 8 9 -11 -12 12 13 -15
leaf_value=0.00069073801710683341 -0.00058094663396163215 0.0054400071404869989 0.011692845769305028 0.0060737113557534864 -0.0088544031230418131 0.027317625339518127 -0.0068072792334056328 -0.016845477537257326 0.0092433462057545726 -0.021083164428925844 -0.00011765159424184547 -0.0067757713695246668 0.00025315833588517191 0.0055115125163088417
leaf_weight=325 1213 74 81 93 165 59 394 63 113 59 33748 119 1218 990
leaf_count=325 1213 74 81 93 165 59 394 63 113 59 33748 119 1218 990
internal_value=2.16948e-05 -1.00276e-05 -0.0020321 7.01232e-05 -0.00288503 4.55766e-05 -0.00288858 -0.00425079 0.0007 0.00435028 0.000104596 0.00190297 0.0015759 0.0020244
internal_weight=38714 38389 1459 36930 1378 36856 722 629 235 172 36134 2386 2327 2208
internal_count=38714 38389 1459 36930 1378 36856 722 629 235 172 36134 2386 2327 2208
cat_boundaries=0 1
cat_threshold=34885
is_linear=0
shrinkage=0.035


Tree=378
num_leaves=15
num_cat=1
split_feature=30 1 19 26 32 2 6 3 25 16 0 5 17 1
split_gain=3.35938 11.4808 7.65843 4.11416 16.3146 7.81401 5.4813 4.2059 13.5243 11.4911 9.3449 7.5132 7.06899 5.40622
threshold=0.99958851518450398 82.100000000000009 46.01250000000001 361.50000000000006 0 165.40000000000003 80.250000000000014 1606.2500000000002 5.5000000000000009 174.91494531697296 3550.0000000000005 1204.0000000000002 477.06042842518644 902.00000000000011
decision_type=2 10 10 2 1 8 8 10 2 10 8 10 10 10
left_child=3 2 -2 7 5 -5 -6 11 10 -10 12 13 -9 -1
right_child=1 -3 -4 4 6 -7 -8 8 9 -11 -12 -13 -14 -15
leaf_value=-7.0210903945895357e-05 0.011582016053201125 0.28527246856766664 -0.071671021511477973 -0.048712948539047556 -0.0061741454414617897 -0.44100632914831411 0.093807910219679075 1.9994856477532741 1.4073988730586753 -2.2340015240791118 20.502284694242963 -0.60441628240771028 -2.0107411974912681 0.7527675872034002
leaf_weight=37265 99 120 62 54 70 54 66 62 80 119 56 177 59 371
leaf_count=37265 99 120 62 54 70 54 66 62 80 119 56 177 59 371
internal_value=1.44632e-05 0.00379371 -0.00231928 -1.36584e-05 -0.00449799 -0.0136585 0.00370861 1.55784e-05 0.00367454 -0.00257353 0.0105769 -2.12862e-05 0.00472222 1.30177e-05
internal_weight=38714 281 161 38433 244 108 136 38189 376 199 177 37813 121 37636
internal_count=38714 281 161 38433 244 108 136 38189 376 199 177 37813 121 37636
cat_boundaries=0 1
cat_threshold=58394
is_linear=0
shrinkage=0.035


Tree=379
num_leaves=15
num_cat=1
split_feature=15 4 3 28 6 2 17 1 20 22 32 1 23 16
split_gain=3.89531 6.96275 7.31613 8.27112 6.06317 4.58737 4.57847 4.49308 4.39315 7.98906 7.55465 6.42075 11.1136 6.45133
threshold=2507.9000000000005 2215.0000000000005 1606.2500000000002 -0.22252093395631442 1703.0000000000002 1907.9000000000003 266.19868782395434 2115.0000000000005 821.13095238095252 0.61137382330452705 0 1052.5000000000002 1.2262658969266182 174.91494531697296
decision_type=2 10 10 2 10 8 8 8 10 8 1 10 8 10
left_child=1 2 4 6 8 -3 -4 -5 9 -1 -11 -10 -13 -14
right_child=-2 5 3 7 -6 -7 -8 -9 11 10 -12 12 13 -15
leaf_value=0.1753422730580175 3.499246691496301 -0.041802135174641541 -2.8448908075416037 0.67717982984865333 -0.56411921347013017 -3.2476823943398427 1.2174598146633482 2.8133146800526689 0.00011777282188158767 0.0091410158284760904 -0.029843998448489697 -1.1238080852062837 3.9311507214239225 1.499293004723028
leaf_weight=59 69 54 51 55 90 54 71 70 36307 383 1213 53 76 109
leaf_count=59 69 54 51 55 90 54 71 70 36307 383 1213 53 76 109
internal_value=1.8079e-05 2.71669e-06 2.81511e-05 0.00597222 -1.09675e-05 -0.00867257 -0.000551181 0.0121154 1.09933e-05 -0.00175 -0.00222986 9.09713e-05 0.00576132 0.00976316
internal_weight=38714 38645 38537 247 38290 108 122 125 38200 1655 1596 36545 238 185
internal_count=38714 38645 38537 247 38290 108 122 125 38200 1655 1596 36545 238 185
cat_boundaries=0 1
cat_threshold=32912
is_linear=0
shrinkage=0.035


Tree=380
num_leaves=15
num_cat=1
split_feature=30 1 19 26 32 2 6 26 0 2 1 29 1 22
split_gain=3.37225 11.4808 7.65843 4.10081 16.3146 7.81401 5.4813 3.99935 13.2771 10.2036 9.09318 5.82285 5.82137 5.67906
threshold=0.99958851518450398 82.100000000000009 46.01250000000001 361.50000000000006 0 165.40000000000003 80.250000000000014 10.500000000000002 169.75000000000003 380.50000000000006 18.050000000000004 0.1169228398841501 61.900000000000006 0.97339414286870019
decision_type=2 10 10 2 1 8 8 2 10 8 10 2 10 8
left_child=3 2 -2 7 5 -5 -6 8 9 10 13 12 -12 -1
right_child=1 -3 -4 4 6 -7 -8 -9 -10 -11 11 -13 -14 -15
leaf_value=0.015094967526972236 0.011172523442573168 0.27528381011903269 -0.069166657807342102 -0.047012117388946721 -0.0059621723997764688 -0.42557522967688965 0.090520511313224417 0.00011365077311573437 -0.59500941294528886 0.048868607372084136 0.052061271740219676 -0.21831941364927265 -0.12835530181763133 -0.012070357108601043
leaf_weight=73 99 120 62 54 70 54 66 37701 67 65 53 118 53 59
leaf_count=73 99 120 62 54 70 54 66 37701 67 65 53 118 53 59
internal_value=7.23159e-06 0.00379371 -0.00231928 -2.09428e-05 -0.00449799 -0.0136585 0.00370861 8.24737e-06 -0.00312373 -0.000739437 -0.00310249 -0.00733624 -0.00126126 0.00408759
internal_weight=38714 281 161 38433 244 108 136 38189 488 421 356 224 106 132
internal_count=38714 281 161 38433 244 108 136 38189 488 421 356 224 106 132
cat_boundaries=0 1
cat_threshold=58394
is_linear=0
shrinkage=0.035


Tree=381
num_leaves=15
num_cat=0
split_feature=30 23 23 2 2 3 26 22 16 16 8 23 5 1
split_gain=3.32768 7.1478 9.47364 7.85736 7.85498 5.67352 4.31721 6.31868 3.8649 3.76537 9.2973 8.2419 11.1636 11.3072
threshold=-0.99864786094873803 0.96169473479278067 0.8566103375693056 32.550000000000004 78.050000000000011 170.50000000000003 182.50000000000003 0.77798942527735704 1.0000000180025095e-35 0.53452248382485068 0.53416053327738489 0.78112397765001229 8.0500000000000025 2.9500000000000006
decision_type=2 8 10 8 8 8 2 10 8 10 2 10 8 8
left_child=1 2 6 -3 -5 -6 7 -1 -2 11 -11 -10 13 -13
right_child=8 3 -4 4 5 -7 -8 -9 9 10 -12 12 -14 -15
leaf_value=0.00087858221131352206 0.0046725404440238587 0.0027601485057332552 0.022838432927285057 -0.10982996765118271 0.0010899049523241879 -0.54543849778305842 0.014738381057597538 -0.037541590828140348 -0.0022139083957389612 0.0059705021894979641 0.00027635768506314664 0.00036466299107414395 0.0032540771224730848 -0.0026850289290635846
leaf_weight=56 69 96 77 59 91 66 75 70 438 78 36401 397 188 553
leaf_count=56 69 96 77 59 91 66 75 70 438 78 36401 397 188 553
internal_value=9.03949e-06 -0.00258824 0.0014841 -0.00618297 -0.009819 -0.00540123 -0.00254854 -0.00641221 4.95686e-05 3.40252e-05 0.000106485 -0.0016382 -6.12423e-05 -0.00161257
internal_weight=38714 590 278 312 216 157 201 126 38124 38055 36479 1576 1138 950
internal_count=38714 590 278 312 216 157 201 126 38124 38055 36479 1576 1138 950
is_linear=0
shrinkage=0.035


Tree=382
num_leaves=15
num_cat=3
split_feature=30 23 23 2 2 3 20 26 21 21 32 26 33 32
split_gain=3.33695 7.1478 9.47364 7.85736 7.85498 5.67352 4.75845 3.2296 8.08229 14.2651 15.7512 11.8147 20.7652 15.7094
threshold=-0.99864786094873803 0.96169473479278067 0.8566103375693056 32.550000000000004 78.050000000000011 170.50000000000003 1693.7857142857144 91.500000000000014 1231.7954911433173 1301.5692307692309 0 113.50000000000001 1 2
decision_type=2 8 10 8 8 8 10 2 2 2 1 2 1 1
left_child=1 2 6 -3 -5 -6 -1 -2 -9 10 -10 12 13 -11
right_child=7 3 -4 4 5 -7 -8 8 9 11 -12 -13 -14 -15
leaf_value=0.014873405545604569 -0.0013011884968163335 0.0026635433080325873 0.022039087774830136 -0.10598591878339141 0.001051758278992845 -0.52634815036065208 -0.02023663969629283 -0.0040469861498063694 -0.024712095322519737 0.00075048119154908844 0.046960097031127017 0.00022411371727976807 0.001083341969691012 0.33320807799243085
leaf_weight=64 8917 96 77 59 91 66 137 4996 103 223 624 21665 1224 372
leaf_count=64 8917 96 77 59 91 66 137 4996 103 223 624 21665 1224 372
internal_value=1.26553e-05 -0.00258824 0.0014841 -0.00618297 -0.009819 -0.00540123 -0.00254854 5.32403e-05 0.000231241 0.000495747 0.00530738 0.000345694 0.00305099 0.00831967
internal_weight=38714 590 278 312 216 157 201 38124 29207 24211 727 23484 1819 595
internal_count=38714 590 278 312 216 157 201 38124 29207 24211 727 23484 1819 595
cat_boundaries=0 1 2 3
cat_threshold=2049 8 35617
is_linear=0
shrinkage=0.035


Tree=383
num_leaves=15
num_cat=0
split_feature=6 9 17 5 17 9 21 23 8 15 26 1 3 23
split_gain=3.27699 5.14301 4.37489 9.97562 3.59974 3.18651 5.37259 6.42773 3.76611 5.91452 9.89582 9.34244 8.06564 7.60076
threshold=1.2500000000000002 1862.5000000000002 0.11677484162423386 25.050000000000004 0.57972912477422622 3455.0000000000005 3208.3333333333335 1.3230140306461911 0.47866951748835102 3.5250000000000004 174.50000000000003 5.5500000000000007 2.0500000000000003 0.12511141722712912
decision_type=8 10 10 8 10 10 2 8 2 2 2 8 8 8
left_child=1 4 3 -2 -1 6 8 -8 -4 10 11 -10 -12 -11
right_child=2 -3 5 -5 -6 -7 7 -9 9 13 12 -13 -14 -15
leaf_value=0.0023711661705153077 -0.0016795602177188719 -1.8429530376353756e-05 0.00035610945004377727 0.010519940328755509 0.00079649218572442563 -0.0082744418095254003 0.026312633006879568 -0.00068810058899993821 -0.0024589836880106676 0.23742217369887322 0.0036422655907217701 -0.018131752399053146 -0.0021923866694259987 4.3306007931880333e-05
leaf_weight=67 98 193 340 52 65 76 67 53 299 105 126 80 231 36862
leaf_count=67 98 193 340 52 65 76 67 53 299 105 126 80 231 36862
internal_value=2.71185e-05 0.0035 -2.7348e-06 -0.00587097 0.00868613 2.10491e-05 3.57629e-05 0.00728 1.19586e-05 -2.13483e-05 -0.00311741 -0.00701823 0.00106354 4.07065e-05
internal_weight=38714 325 38389 150 132 38239 38163 120 38043 37703 736 379 357 36967
internal_count=38714 325 38389 150 132 38239 38163 120 38043 37703 736 379 357 36967
is_linear=0
shrinkage=0.035


Tree=384
num_leaves=15
num_cat=4
split_feature=9 9 5 17 3 32 14 26 32 26 32 23 20 32
split_gain=3.29604 3.55463 11.4277 18.6577 12.8308 12.3221 12.2632 9.88415 11.0799 10.1601 11.084 19.7718 13.7978 13.7073
threshold=3405.0000000000005 2387.5000000000005 21.050000000000004 5.976306027946424 28.550000000000004 0 18.525000000000002 326.50000000000006 1 278.50000000000006 2 1.0853072730149143 2387.678571428572 3
decision_type=10 10 8 8 8 1 10 2 1 2 1 10 8 1
left_child=1 -1 3 5 6 -3 -4 9 -9 10 -6 12 -12 -13
right_child=-2 2 4 -5 7 -7 -8 8 -10 -11 11 13 -14 -15
leaf_value=-0.00032277721993573927 -0.0070074148339308393 -0.0056554639360731681 -0.001274375986841414 -0.074292768465754347 -0.0095785387460101748 0.00059656968780327899 0.032417950473787233 0.023406503160575166 -0.054733419312891489 0.077532366089597612 -0.089646731201371579 -0.17795151470904658 0.091905841027823912 0.017047815397740022
leaf_weight=31383 94 182 222 233 1251 1548 558 429 431 826 64 194 826 473
leaf_count=31383 94 182 222 233 1251 1548 558 429 431 826 64 194 826 473
internal_value=1.44632e-05 3.08091e-05 0.000729771 -0.00154726 0.00157795 -0.000282421 0.00570701 0.000855746 -0.00250867 0.0016543 0.000646996 0.00260496 0.00602235 -0.00192708
internal_weight=38714 38620 7237 1963 5274 1730 780 4494 860 3634 2808 1557 890 667
internal_count=38714 38620 7237 1963 5274 1730 780 4494 860 3634 2808 1557 890 667
cat_boundaries=0 1 2 3 4
cat_threshold=2048 11324 18088 256
is_linear=0
shrinkage=0.035


Tree=385
num_leaves=15
num_cat=2
split_feature=30 2 19 26 0 32 6 23 26 22 25 32 6 9
split_gain=3.36903 9.64532 9.52627 4.68116 11.0434 9.84361 7.21311 6.51897 7.39494 3.6852 3.36488 13.1598 10.2301 9.05741
threshold=0.99958851518450398 69.750000000000014 46.01250000000001 10.500000000000002 159.50000000000003 0 110.25000000000001 0.9470650504379593 7.5000000000000009 1.1041619779424023 1.5000000000000002 1 201.00000000000003 952.50000000000011
decision_type=2 10 10 2 10 1 8 8 2 10 2 1 8 8
left_child=3 2 -2 4 5 7 -7 8 -1 -3 11 -5 -13 -14
right_child=1 9 -4 10 -6 6 -8 -9 -10 -11 -12 12 13 -15
leaf_value=0.025732468075988335 0.013151780547470862 0.28232712767897172 -0.076024005884728685 -0.0088773921332175841 -0.5741384329213719 0.028901396140228661 -0.21716158078594838 -0.044020174922225583 -0.036521213314765044 0.0402163914442 -0.00010832468212965907 0.03656832657560783 0.036187802582394721 -0.0034376144106213905
leaf_weight=59 100 78 50 715 75 128 59 114 53 53 36064 730 93 343
leaf_count=59 100 78 50 715 75 128 59 114 53 53 36064 730 93 343
internal_value=9.03949e-06 0.00379371 -0.00225806 -1.91217e-05 -0.00340771 -0.00108852 0.00467822 -0.00580913 0 0.0105515 2.49012e-05 0.00146607 0.00373412 -0.00047619
internal_weight=38714 281 150 38433 488 413 187 226 112 131 37945 1881 1166 436
internal_count=38714 281 150 38433 488 413 187 226 112 131 37945 1881 1166 436
cat_boundaries=0 1 2
cat_threshold=57451 40068
is_linear=0
shrinkage=0.035


Tree=386
num_leaves=15
num_cat=1
split_feature=9 21 5 15 4 3 28 6 1 2 17 22 32 29
split_gain=3.09925 3.32406 5.5858 3.04249 6.9439 6.03884 6.92655 6.05182 4.7659 4.58737 4.57847 3.99241 12.6515 11.8748
threshold=3455.0000000000005 3208.3333333333335 5.5500000000000007 2507.9000000000005 2215.0000000000005 1606.2500000000002 -0.22252093395631442 1703.0000000000002 2115.0000000000005 1907.9000000000003 266.19868782395434 0.98522687119369801 0 -0.99940763397299126
decision_type=10 2 10 2 10 10 2 10 8 8 8 8 1 2
left_child=1 3 -3 4 5 7 10 11 -8 -6 -7 12 13 -1
right_child=-2 2 -4 -5 9 6 8 -9 -10 -11 -12 -13 -14 -15
leaf_value=0.16887503597748299 -0.0067583639508687387 -0.00064445463377918845 0.041145539769583413 3.3767651358740798 -0.040320289074625752 -2.7452741651200032 0.65264008957078889 -0.54846234835543783 2.7144521752130664 -3.1340214319577968 1.172115869714454 -0.00092963725934792419 -0.00040782808299926648 0.01239316254056465
leaf_weight=56 78 60 67 69 54 51 55 90 70 54 71 21018 11851 5070
leaf_count=56 78 60 67 69 54 51 55 90 70 54 71 21018 11851 5070
internal_value=9.03949e-06 2.35501e-05 0.00556818 4.5438e-06 -9.10391e-06 1.64332e-05 0.00541667 -1.92964e-05 0.0110385 -0.00867257 -0.000551181 2.76316e-06 0.000401896 0.00185178
internal_weight=38714 38636 127 38509 38440 38332 247 38085 125 108 122 37995 16977 5126
internal_count=38714 38636 127 38509 38440 38332 247 38085 125 108 122 37995 16977 5126
cat_boundaries=0 1
cat_threshold=17796
is_linear=0
shrinkage=0.035


Tree=387
num_leaves=15
num_cat=0
split_feature=6 9 10 28 21 23 26 4 0 1 19 21 8 26
split_gain=3.30092 4.1795 3.96617 5.09887 3.58981 5.94398 3.5593 7.53753 7.4784 7.47698 7.33684 7.20181 13.4267 11.1885
threshold=1.2500000000000002 1862.5000000000002 1.2183333333333337 -0.56174490092936669 3208.3333333333335 1.3149921456883484 91.500000000000014 720.50000000000011 851.50000000000011 620.25000000000011 970.25000000000011 1074.7214285714288 1.9444271910898221 113.50000000000001
decision_type=8 10 10 2 2 8 2 10 8 10 10 2 2 2
left_child=1 -1 3 -2 6 -6 7 9 -9 -4 -10 12 -8 -13
right_child=2 -3 4 -5 5 -7 11 8 10 -11 -12 13 -14 -15
leaf_value=0.0021789631876989765 0.00023397975288700027 1.0902706642820227e-05 -0.001966029200608046 -0.0032077823743051816 0.039546163617979489 -0.0050665086951043889 0.0069005411829881078 1.4179896137313166 -1.0327607694860403 -1.061522232661005 0.72307057463337521 0.013469834098029097 -0.013252529602284674 0.00034468249718712764
leaf_weight=132 56 193 8406 84 75 55 181 59 50 74 103 1785 2962 24499
leaf_count=132 56 193 8406 84 75 55 181 59 50 74 103 1785 2962 24499
internal_value=1.44632e-05 0.0035 -1.54972e-05 -0.0057931 6.40456e-06 0.0057037 -1.37709e-05 -0.000635851 0.00580645 -0.000800236 0.00155063 0.000170053 -0.00141201 0.000359466
internal_weight=38714 325 38389 140 38249 130 38119 8692 212 8480 153 29427 3143 26284
internal_count=38714 325 38389 140 38249 130 38119 8692 212 8480 153 29427 3143 26284
is_linear=0
shrinkage=0.035


Tree=388
num_leaves=15
num_cat=2
split_feature=9 21 6 26 26 16 24 23 32 32 26 22 6 3
split_gain=3.29044 3.48097 5.77521 3.19736 10.5749 15.0131 14.9206 9.81104 28.2814 19.6231 12.8243 12.2411 9.66768 14.8239
threshold=3405.0000000000005 3208.3333333333335 7.9500000000000011 227.50000000000003 239.50000000000003 1.3322912594475536 1.0000000180025095e-35 0.91549525538221188 0 1 244.50000000000003 1.0634984433215946 500.50000000000006 620.25000000000011
decision_type=10 2 10 2 2 10 2 8 1 1 2 8 10 10
left_child=1 3 -3 -1 5 -5 -7 8 11 10 -9 -6 13 -11
right_child=-2 2 -4 4 7 6 -8 9 -10 12 -12 -13 -14 -15
leaf_value=-0.00057291048594141812 -0.007157742884352624 -0.00044904478530171548 0.042078495899150511 0.0052890732192753471 -0.011685672542262963 0.066085121823507897 0.0003084556214638923 -0.011123989379228089 0.0066748190222899245 -0.0013016074126016265 0.010868122200211588 -0.067616571314484564 0.76493603181701031 -1.0102008875765831
leaf_weight=23431 94 63 58 228 1362 143 1023 92 1957 6827 2715 166 393 162
leaf_count=23431 94 63 58 228 1362 143 1023 92 1957 6827 2715 166 393 162
internal_value=9.03949e-06 2.53722e-05 0.00583333 6.36298e-06 0.000404034 0.00330236 0.00167378 0.000107464 -0.00149427 0.000655778 0.00313785 -0.00503564 -0.000293362 -0.00059551
internal_weight=38714 38620 121 38499 15068 1394 1166 13674 3485 10189 2807 1528 7382 6989
internal_count=38714 38620 121 38499 15068 1394 1166 13674 3485 10189 2807 1528 7382 6989
cat_boundaries=0 1 2
cat_threshold=39089 34976
is_linear=0
shrinkage=0.035


Tree=389
num_leaves=15
num_cat=3
split_feature=9 21 6 26 26 32 16 6 33 32 23 22 20 3
split_gain=3.28671 3.48532 5.77521 3.14105 12.2665 20.226 10.0376 11.336 10.9452 10.9348 9.31434 9.63668 9.48793 8.11315
threshold=3405.0000000000005 3208.3333333333335 7.9500000000000011 301.50000000000006 297.50000000000006 0 231.66067138520552 89.90000000000002 1 2 0.97676652234933248 1.1015569153481872 1590.714285714286 114.20000000000002
decision_type=10 2 10 2 2 1 8 10 1 1 8 10 10 8
left_child=1 3 -3 4 -1 -6 7 9 13 -5 11 12 -11 -9
right_child=-2 2 -4 6 5 -7 -8 8 -10 10 -12 -13 -14 -15
leaf_value=-0.00012051079024997026 -0.0069072218834002842 -0.00043332821781615131 0.040605748542680217 -0.011096262573902137 -0.076371708253178031 0.0093695199836050132 -0.57906421728506241 0.20416853371621416 0.034521625186632154 -0.024358987216673175 0.008976107124677269 -0.041677936330976537 0.0033527877191670899 0.17688889565392757
leaf_weight=31167 94 63 58 1270 214 212 150 144 1553 200 2200 112 627 650
leaf_count=31167 94 63 58 1270 214 212 150 144 1553 200 2200 112 627 650
internal_value=5.42369e-06 2.17476e-05 0.00583333 2.72699e-06 -0.000145104 -0.00600928 0.000678628 0.000880047 0.00284226 -0.000166516 0.000943247 -0.00196504 -0.00063101 0.00614339
internal_weight=38714 38620 121 38499 31593 426 6906 6756 2347 4409 3139 939 827 794
internal_count=38714 38620 121 38499 31593 426 6906 6756 2347 4409 3139 939 827 794
cat_boundaries=0 1 2 3
cat_threshold=13403 2 26944
is_linear=0
shrinkage=0.035


Tree=390
num_leaves=15
num_cat=5
split_feature=9 9 5 3 22 32 32 33 32 21 1 23 22 32
split_gain=3.28298 3.5854 9.05173 17.5823 11.452 11.3798 9.42316 7.70491 11.952 11.1848 10.8037 9.0442 21.2534 24.0262
threshold=3405.0000000000005 2387.5000000000005 21.050000000000004 28.550000000000004 1.2706130669903988 0 1 2 3 2265.2272727272734 67.700000000000017 1.2163079451974377 1.1917830290010742 4
decision_type=10 10 10 8 8 1 1 1 1 2 8 8 8 1
left_child=1 7 4 -4 6 -6 -3 8 10 -10 -1 12 -9 -14
right_child=-2 2 3 -5 5 -7 -8 11 9 -11 -12 -13 13 -15
leaf_value=-0.002213734966384735 -0.0066654691174812689 -0.0040826767090812411 0.02976046503441402 0.0072183898736436457 0.00090054580488642486 -0.073563391413932727 0.0010172224475793713 -0.0002292453539453443 -0.015922940683627377 0.00070604834308065419 -0.032899930813722902 0.0042315380905713091 0.0083919426757835917 -0.056488422309902975
leaf_weight=942 94 555 582 4234 134 155 1577 16691 300 2674 332 9460 387 597
leaf_count=942 94 555 582 4234 134 155 1577 16691 300 2674 332 9460 387 597
internal_value=1.8079e-06 1.8123e-05 0.000720105 0.00159718 -0.00102432 -0.0075 -0.000131025 -0.000143845 -0.00152709 -0.00030445 -0.00434445 7.34807e-05 -0.000393948 -0.00537917
internal_weight=38714 38620 7237 4816 2421 289 2132 31383 4248 2974 1274 27135 17675 984
internal_count=38714 38620 7237 4816 2421 289 2132 31383 4248 2974 1274 27135 17675 984
cat_boundaries=0 1 2 3 4 5
cat_threshold=32945 27776 4 872 46880
is_linear=0
shrinkage=0.035


Tree=391
num_leaves=15
num_cat=1
split_feature=9 21 6 15 4 3 29 16 1 6 2 20 4 32
split_gain=3.2625 3.51364 5.77521 3.06437 6.90309 5.48794 6.91648 7.61215 7.56618 6.01907 4.58737 4.38365 7.56176 10.7245
threshold=3405.0000000000005 3208.3333333333335 7.9500000000000011 2507.9000000000005 2215.0000000000005 1606.2500000000002 0.39827038710620805 196.77111118814565 2115.0000000000005 1703.0000000000002 1907.9000000000003 837.32142857142867 70.250000000000014 0
decision_type=10 2 10 2 10 10 2 10 8 10 8 10 8 1
left_child=1 3 -3 4 5 9 7 -7 -8 11 -6 12 -1 -14
right_child=-2 2 -4 -5 10 6 8 -9 -10 -11 -12 -13 13 -15
leaf_value=0.0024215363173621541 -0.0064321776983694342 -0.00056626556336258904 0.038735186047993059 3.2584424581425835 -0.051536552624741605 1.6381537847396546 0.23182350680537414 -2.2827021292549157 4.3970539625648764 -0.52900798550660322 -3.0243885161048967 0.0001270417686527603 -0.073986381475000446 -0.048445886719794731
leaf_weight=828 94 63 58 69 54 74 55 61 57 90 54 36181 115 861
leaf_count=828 94 63 58 69 54 74 55 61 57 90 54 36181 115 861
internal_value=-1.8079e-05 -1.8123e-06 0.00583333 -2.09069e-05 -3.46039e-05 -9.13194e-06 0.00513889 -0.00025 0.0113675 -4.31985e-05 -0.00867257 -2.11898e-05 -0.0017026 -0.00378186
internal_weight=38714 38620 121 38499 38430 38322 247 135 112 38075 108 37985 1804 976
internal_count=38714 38620 121 38499 38430 38322 247 135 112 38075 108 37985 1804 976
cat_boundaries=0 1
cat_threshold=16481
is_linear=0
shrinkage=0.035


Tree=392
num_leaves=15
num_cat=0
split_feature=9 3 4 6 3 28 15 1 17 15 22 5 3 7
split_gain=3.2625 3.08373 4.19956 6.32557 4.53279 8.80864 6.99765 6.57763 5.63963 15.4395 9.68111 11.5181 5.94702 4.60828
threshold=3405.0000000000005 2775.0000000000005 2215.0000000000005 1907.9000000000003 1606.2500000000002 -0.22252093395631442 1606.2500000000002 1204.0000000000002 266.19868782395434 185.25000000000003 1.5792953538877237 1171.6000000000001 832.50000000000011 875.80454545454552
decision_type=10 10 10 10 10 2 2 10 8 2 10 8 10 2
left_child=1 2 4 -4 6 -6 7 8 13 -10 11 12 -11 -1
right_child=-2 -3 3 -5 5 -7 -8 -9 9 10 -12 -13 -14 -15
leaf_value=6.7703262374243519e-05 -0.0062070514789264956 2.2821518798327092 -2.6870792950622366 0.18640126921047256 -1.2033026648986562 1.9455523080352102 -1.8122590540487233 2.2005068274025246 -0.32279595418326468 1.9245603484675691 -1.9429289058853831 -0.78372147571148143 0.57276526471336986 -0.47612189545964589
leaf_weight=37391 94 89 50 60 109 113 52 172 119 66 62 53 51 233
leaf_count=37391 94 89 50 60 109 113 52 172 119 66 62 53 51 233
internal_value=-1.8079e-05 -1.8123e-06 -1.72566e-05 -0.00669565 2.73252e-06 0.00493392 -2.65679e-05 -8.25645e-06 -3.96261e-05 -0.00442416 0.000886076 0.0052 0.0111885 1.86027e-06
internal_weight=38714 38620 38531 110 38421 222 38199 38147 37975 351 232 170 117 37624
internal_count=38714 38620 38531 110 38421 222 38199 38147 37975 351 232 170 117 37624
is_linear=0
shrinkage=0.035


Tree=393
num_leaves=15
num_cat=3
split_feature=9 3 15 32 30 22 23 32 22 26 1 23 32 3
split_gain=3.26064 3.09902 15.9972 14.0036 19.1444 11.4913 10.3287 9.77159 8.32261 8.98219 8.16876 17.1593 18.8437 14.0343
threshold=3405.0000000000005 230.50000000000003 246.75000000000003 0 -0.99052477729077237 1.5792953538877237 0.77758738126580018 1 0.54900972459764075 24.500000000000004 140.50000000000003 0.73064407069907578 2 123.75000000000001
decision_type=10 8 2 1 2 10 10 1 10 2 10 10 1 10
left_child=1 2 10 4 6 -5 -3 -4 -6 -10 13 -12 -13 -1
right_child=-2 3 7 5 8 -7 -8 -9 9 -11 11 12 -14 -15
leaf_value=0.00016306540515673265 -0.0059898046771640788 -0.52243497766603075 -0.042977465581818426 -0.017614813023521664 -0.22822334144603262 -0.58747295322542326 -0.0024084530406525096 0.56166954085688592 -0.1259335803201323 0.021459444487438761 0.25992540814985987 -0.14735482587993959 0.062640844761295833 -0.054082184826661224
leaf_weight=26693 94 84 103 3339 101 248 77 225 136 3281 493 749 1227 1864
leaf_count=26693 94 84 103 3339 101 248 77 225 136 3281 493 749 1227 1864
internal_value=-1.98869e-05 -3.6246e-06 0.000147326 -0.000654655 0.000862209 -0.00220572 -0.010753 0.00777778 0.00141073 0.00170807 6.54185e-05 0.00199475 0.000530035 -0.000101709
internal_weight=38714 38620 31354 7266 3679 3587 161 328 3518 3417 31026 2469 1976 28557
internal_count=38714 38620 31354 7266 3679 3587 161 328 3518 3417 31026 2469 1976 28557
cat_boundaries=0 1 2 3
cat_threshold=36421 40000 41998
is_linear=0
shrinkage=0.035


Tree=394
num_leaves=15
num_cat=2
split_feature=30 2 19 26 0 27 32 2 23 22 23 3 29 32
split_gain=3.38514 9.64532 9.52627 4.27302 13.0058 9.93298 9.409 4.51748 3.53365 3.45109 16.5356 14.5695 15.7644 13.2423
threshold=0.99958851518450398 69.750000000000014 46.01250000000001 10.500000000000002 169.75000000000003 -0.8783796973249266 0 21.550000000000004 1.0277007238407487 0.79787903279420391 0.54474346314607669 220.30000000000004 -0.90163369914317015 1
decision_type=2 10 10 2 10 2 1 10 8 8 10 10 2 1
left_child=3 2 -2 4 5 -1 -7 -8 -3 10 11 12 -5 -14
right_child=1 8 -4 9 -6 6 7 -9 -10 -11 -12 -13 13 -15
leaf_value=-0.18928423804016428 0.012371682993493432 0.26792702513666139 -0.073638867043870349 -0.015004474759918195 -0.54782729769992788 -0.024292222682522468 0.017697176616063823 0.012748707697016998 0.049261086866416767 -0.00023374513182368274 0.0084895886412735527 -0.54849120211576186 -0.013906170055466368 0.0097178850609606297
leaf_weight=54 100 61 50 190 67 100 92 175 70 32985 2851 296 575 1048
leaf_count=54 100 61 50 190 67 100 92 175 70 32985 2851 296 575 1048
internal_value=0 0.00379371 -0.00225806 -2.82273e-05 -0.00326572 -0.000903756 0.00122312 0.0045922 0.0105515 1.3834e-05 0.000874119 -0.00147351 -0.000288779 0.000838452
internal_weight=38714 281 150 38433 488 421 367 267 131 37945 4960 2109 1813 1623
internal_count=38714 281 150 38433 488 421 367 267 131 37945 4960 2109 1813 1623
cat_boundaries=0 1 2
cat_threshold=49218 11336
is_linear=0
shrinkage=0.035


Tree=395
num_leaves=15
num_cat=3
split_feature=26 23 29 32 23 32 10 21 1 22 32 22 6 4
split_gain=3.10076 8.59855 6.61861 13.2063 10.6302 15.6713 15.187 15.0092 12.9506 11.0978 11.3013 10.3099 9.71204 8.45169
threshold=71.500000000000014 2.1500351723444884 0.52766072109828632 0 1.0909337008416602 1 18.715476190476192 1730.9175084175088 65.100000000000009 0.80272910411430742 2 0.89757412398921854 115.50000000000001 10.100000000000001
decision_type=2 10 2 1 8 1 10 2 8 10 1 10 10 8
left_child=1 2 -1 -4 5 -5 -7 8 -8 -6 -11 -12 -10 -13
right_child=-2 -3 3 4 9 6 7 -9 12 10 11 13 -14 -15
leaf_value=0.0023680676125983377 0.0002712417164444736 -0.19607506694213106 0.003957149290697899 0.0023384392847104842 -0.069778660417110908 0.00092247779259481367 0.035168073137644529 -0.099581348053498081 -0.29327065041776496 0.01589263502419672 0.031915252073667903 0.00010860684646515963 -0.030186596202731623 -0.064318906160766798
leaf_weight=2518 31868 61 1611 831 88 322 105 230 60 178 51 142 102 547
leaf_count=2518 31868 61 1611 831 88 322 105 230 60 178 51 142 102 547
internal_value=-9.03949e-06 -0.000684572 -0.000561856 -0.00140098 -0.00290902 -0.00118429 -0.00457434 -0.00843625 -0.00270221 -0.00574679 -0.00455038 -0.00639735 -0.0088024 -0.00761527
internal_weight=38714 6846 6785 4267 2656 1650 819 497 267 1006 918 740 162 689
internal_count=38714 6846 6785 4267 2656 1650 819 497 267 1006 918 740 162 689
cat_boundaries=0 1 2 3
cat_threshold=55440 9505 12
is_linear=0
shrinkage=0.035


Tree=396
num_leaves=15
num_cat=1
split_feature=15 4 2 3 29 16 1 6 22 23 22 0 32 3
split_gain=3.05257 5.96885 5.47533 4.88762 6.22295 7.61215 6.63759 6.03809 4.84015 27.6763 11.7448 11.1353 11.0707 8.74264
threshold=2507.9000000000005 2215.0000000000005 1907.9000000000003 1606.2500000000002 0.39827038710620805 196.77111118814565 2115.0000000000005 1703.0000000000002 0.65288483205628467 0.46169292554834723 0.52034026353133234 52.550000000000004 0 176.75000000000003
decision_type=2 10 8 10 2 10 8 10 8 10 10 8 1 8
left_child=1 3 -3 7 5 -5 -6 8 9 10 11 -1 -11 -14
right_child=-2 2 -4 4 6 -7 -8 -9 -10 12 -12 -13 13 -15
leaf_value=0.012615289137726231 3.0651368623888109 -0.006228335560017513 -2.8969304530344799 1.5670766405813619 0.1548629603484335 -2.1600767553841758 4.2845202742090533 -0.43273882754462956 -0.00017523025465461474 0.1241161510808922 -0.035390439398903913 -0.035750863304728389 0.001110270721684401 0.21488670197808668
leaf_weight=292 69 54 54 74 55 61 57 90 36477 316 360 247 443 65
leaf_count=292 69 54 54 74 55 61 57 90 36477 316 360 247 443 65
internal_value=-7.23159e-06 -2.08279e-05 -0.0080531 2.7243e-06 0.00486111 -0.00025 0.0107692 -2.92466e-05 -7.32888e-06 0.00180266 -0.00243916 0.000836397 0.00641737 0.00294455
internal_weight=38714 38645 108 38537 247 135 112 38290 38200 1723 899 539 824 508
internal_count=38714 38645 108 38537 247 135 112 38290 38200 1723 899 539 824 508
cat_boundaries=0 1
cat_threshold=18829
is_linear=0
shrinkage=0.035


Tree=397
num_leaves=15
num_cat=0
split_feature=3 4 6 3 28 15 1 17 15 10 22 27 2 7
split_gain=3.86355 3.45446 5.38328 4.00865 8.06676 6.9831 5.85093 5.6114 12.1432 8.98012 6.24575 6.23963 5.11688 4.04693
threshold=2775.0000000000005 2215.0000000000005 1907.9000000000003 1606.2500000000002 -0.22252093395631442 1606.2500000000002 1204.0000000000002 266.19868782395434 185.25000000000003 583.09523809523819 1.5792953538877237 1.0000000180025095e-35 1595.0000000000002 875.80454545454552
decision_type=10 10 10 10 2 2 10 8 2 10 10 2 8 2
left_child=1 3 -3 5 -5 6 7 13 -9 -10 11 -11 -8 -1
right_child=-2 2 -4 4 -6 -7 12 8 9 10 -12 -13 -14 -15
leaf_value=3.718951602009191e-05 2.0942443809174374 -2.5704025938372221 0.18874849479393421 -1.1673596681769176 1.8218579018961192 -1.7420063840830426 3.8727229406054815 -0.31087675665257603 0.99387718978088835 -1.074123002756586 -2.3091198990975204 2.8069575532529432 -0.0088454776222590681 -0.45648002483175337
leaf_weight=37485 89 50 60 109 113 52 95 119 68 54 57 53 77 233
leaf_count=37485 89 50 60 109 113 52 95 119 68 54 57 53 77 233
internal_value=-1.26553e-05 -2.9899e-05 -0.00608696 -1.1812e-05 0.00462555 -3.92971e-05 -2.1048e-05 -5.05594e-05 -0.00442416 0.000295359 -0.00414201 0.0009375 0.00632768 -9.27816e-06
internal_weight=38714 38625 110 38515 222 38293 38241 38069 351 232 164 107 172 37718
internal_count=38714 38625 110 38515 222 38293 38241 38069 351 232 164 107 172 37718
is_linear=0
shrinkage=0.035


Tree=398
num_leaves=15
num_cat=1
split_feature=15 15 3 23 20 22 32 30 4 16 16 15 8 5
split_gain=3.06657 4.73866 7.00295 4.24372 3.29051 7.73993 7.69079 9.53485 7.19235 10.5272 9.79743 8.64375 9.1629 6.15188
threshold=2507.9000000000005 1952.5000000000002 1907.9000000000003 0.78491146812634771 821.13095238095252 0.61137382330452705 0 -0.065537083312030994 73.100000000000009 17.989646477160218 9.4491118252306485 280.25000000000006 35.220515052363446 620.25000000000011
decision_type=2 2 10 10 10 8 1 2 8 8 8 2 2 10
left_child=1 2 4 -3 5 -1 8 -8 10 -10 -7 12 -11 -9
right_child=-2 3 -4 -5 -6 6 7 13 9 11 -12 -13 -14 -15
leaf_value=0.16969022169534539 2.8845585188730798 -0.069975223962143229 1.7961359379932971 -2.9944461546497849 6.1799801689796941e-05 0.014095388393530792 -0.1159654094625877 0.002088096000485571 -0.1736337166813938 -0.3500954383113048 -0.084807123791702868 -0.898201803151639 0.54956762201526055 1.0355031681030236
leaf_weight=59 69 89 92 82 36724 211 100 815 103 61 140 65 52 52
leaf_count=59 69 89 92 82 36724 211 100 815 103 61 140 65 52 52
internal_value=-2.35027e-05 -3.71281e-05 -1.0915e-05 -0.00576705 -3.46471e-05 -0.00155743 -0.0020293 -3.56415e-05 -0.00497682 -0.00917832 -0.00167135 -0.00382514 0.00207627 0.00116399
internal_weight=38714 38645 38474 171 38382 1658 1599 967 632 281 351 178 113 867
internal_count=38714 38645 38474 171 38382 1658 1599 967 632 281 351 178 113 867
cat_boundaries=0 1
cat_threshold=17229
is_linear=0
shrinkage=0.035


Tree=399
num_leaves=15
num_cat=0
split_feature=3 5 29 3 9 1 13 1 2 1 13 28 14 9
split_gain=3.09428 3.41422 10.2152 5.69093 5.59633 5.21365 4.95833 6.1761 7.27516 8.49493 6.59204 9.72632 6.42476 6.16972
threshold=2775.0000000000005 1808.1000000000001 0.36648264796514479 1606.2500000000002 1132.5000000000002 1310.0000000000002 1642.5000000000002 1204.0000000000002 932.50000000000011 881.00000000000011 831.75000000000011 -0.56174490092936669 782.50000000000011 1817.5000000000002
decision_type=10 10 2 10 10 8 10 10 10 10 8 2 10 8
left_child=1 3 5 6 -5 -3 7 8 9 10 12 -12 -1 -10
right_child=-2 2 -4 4 -6 -7 -8 -9 13 -11 11 -13 -14 -15
leaf_value=-9.4464928517545846e-05 2.0244028278447104 -0.45298740425267114 0.27044966329843906 3.3482738748286436 0.18158471220119282 -2.823109032122034 -2.6204905258178681 2.5864767342985915 0.23993518879550496 1.0503011065184729 0.26525413678881143 -0.65533984566451808 1.173949308481818 -0.99313661369082396
leaf_weight=37339 89 54 86 61 115 67 53 142 55 166 54 105 136 192
leaf_count=37339 89 54 86 61 115 67 53 142 55 166 54 105 136 192
internal_value=-1.26553e-05 -2.8087e-05 -0.00445755 -3.64365e-06 0.00618785 -0.0108333 -3.29438e-05 -1.74111e-05 -4.50699e-05 -5.55482e-06 -4.0915e-05 -0.00704268 -1.02721e-05 -0.00597222
internal_weight=38714 38625 207 38418 176 121 38242 38189 38047 37800 37634 159 37475 247
internal_count=38714 38625 207 38418 176 121 38242 38189 38047 37800 37634 159 37475 247
is_linear=0
shrinkage=0.035


end of trees

feature_importances:
lag_1=791
market_code=790
recent_ratio=555
mean_7=423
lag_2=315
trend_ratio=308
median_7=282
std_7=209
season_cos=180
weekday=172
year_day=164
lag_28=131
lag_7=119
std_14=109
lag_3=104
lag_14=97
rolling_std=97
weekly_seasonal=95
lag_21=92
price_lag=89
season_sin=85
price_mean_28=72
commodity_code=65
price_mean_7=60
mean_14=54
median_28=48
median_14=31
rolling_mean=21
weekday_cos=21
month=11
weekday_sin=10

parameters:
[boosting: gbdt]
[objective: regression_l1]
[metric: l1]
[tree_learner: serial]
[device_type: cpu]
[data_sample_strategy: bagging]
[data: ]
[valid: ]
[num_iterations: 400]
[learning_rate: 0.035]
[num_leaves: 15]
[num_threads: 2]
[seed: 42]
[deterministic: 1]
[force_col_wise: 1]
[force_row_wise: 0]
[histogram_pool_size: -1]
[max_depth: -1]
[min_data_in_leaf: 50]
[min_sum_hessian_in_leaf: 0.001]
[bagging_fraction: 1]
[pos_bagging_fraction: 1]
[neg_bagging_fraction: 1]
[bagging_freq: 0]
[bagging_seed: 400]
[bagging_by_query: 0]
[feature_fraction: 1]
[feature_fraction_bynode: 1]
[feature_fraction_seed: 30056]
[extra_trees: 0]
[extra_seed: 12879]
[early_stopping_round: 0]
[early_stopping_min_delta: 0]
[first_metric_only: 0]
[max_delta_step: 0]
[lambda_l1: 0]
[lambda_l2: 5]
[linear_lambda: 0]
[min_gain_to_split: 0]
[drop_rate: 0.1]
[max_drop: 50]
[skip_drop: 0.5]
[xgboost_dart_mode: 0]
[uniform_drop: 0]
[drop_seed: 17869]
[top_rate: 0.2]
[other_rate: 0.1]
[min_data_per_group: 100]
[max_cat_threshold: 32]
[cat_l2: 10]
[cat_smooth: 10]
[max_cat_to_onehot: 4]
[top_k: 20]
[monotone_constraints: ]
[monotone_constraints_method: basic]
[monotone_penalty: 0]
[feature_contri: ]
[forcedsplits_filename: ]
[refit_decay_rate: 0.9]
[cegb_tradeoff: 1]
[cegb_penalty_split: 0]
[cegb_penalty_feature_lazy: ]
[cegb_penalty_feature_coupled: ]
[path_smooth: 0]
[interaction_constraints: ]
[verbosity: -1]
[saved_feature_importance_type: 0]
[use_quantized_grad: 0]
[num_grad_quant_bins: 4]
[quant_train_renew_leaf: 0]
[stochastic_rounding: 1]
[linear_tree: 0]
[max_bin: 255]
[max_bin_by_feature: ]
[min_data_in_bin: 3]
[bin_construct_sample_cnt: 200000]
[data_random_seed: 175]
[is_enable_sparse: 1]
[enable_bundle: 1]
[use_missing: 1]
[zero_as_missing: 0]
[feature_pre_filter: 1]
[pre_partition: 0]
[two_round: 0]
[header: 0]
[label_column: ]
[weight_column: ]
[group_column: ]
[ignore_column: ]
[categorical_feature: 31,32,33]
[forcedbins_filename: ]
[precise_float_parser: 0]
[parser_config_file: ]
[objective_seed: 16083]
[num_class: 1]
[is_unbalance: 0]
[scale_pos_weight: 1]
[sigmoid: 1]
[boost_from_average: 1]
[reg_sqrt: 0]
[alpha: 0.9]
[fair_c: 1]
[poisson_max_delta_step: 0.7]
[tweedie_variance_power: 1.5]
[lambdarank_truncation_level: 30]
[lambdarank_norm: 1]
[label_gain: ]
[lambdarank_position_bias_regularization: 0]
[eval_at: ]
[multi_error_top_k: 1]
[auc_mu_weights: ]
[num_machines: 1]
[local_listen_port: 12400]
[time_out: 120]
[machine_list_filename: ]
[machines: ]
[gpu_platform_id: -1]
[gpu_device_id: -1]
[gpu_device_id_list: ]
[gpu_use_dp: 0]
[num_gpu: 1]

end of parameters

pandas_categorical:[]
