tree
version=v4
num_class=1
num_tree_per_iteration=1
label_index=0
max_feature_idx=33
objective=regression_l1
feature_names=lag_1 lag_2 lag_3 lag_7 lag_14 lag_21 lag_28 rolling_mean rolling_std price_lag mean_7 mean_14 mean_28 median_7 median_14 median_28 std_7 std_14 std_28 weekly_seasonal price_mean_7 price_mean_28 trend_ratio recent_ratio weekday month year_day weekday_sin weekday_cos season_sin season_cos state_code market_code commodity_code
feature_infos=[0.01:9250] [0.01:9050] [0.01:11150] [0.01:11150] [0.01:11150] [0.01:11150] [0.01:11150] [1.0333333333333334:6209.5238095238092] [0.076138698762687571:2368.4079442689313] [500:5500] [0.024999999999999998:7175] [0.042727272727272565:7100] [1.0333333333333334:6209.5238095238092] [0.01:7150] [0.01:7050] [0.01:6600] [0:5095.8308122097878] [0:3219.2069416757499] [0.076138698762687571:2368.4079442689313] [0.01:6433.333333333333] [516:4016.6666666666665] [551.08695652173913:3472.608695652174] [0.0097951914514692786:3.2754889721181852] [0.0013347439657519877:10.347510373443981] [0:6] [1:12] [1:365] [-0.97492791218182362:0.97492791218182362] [-0.90096886790241903:1] [-0.9999994220246925:0.99998555065071859] [-0.99997919295908233:0.9999907524084426] none -1:13:10:5:8:14:12:11:3:15:6:1:2:0:7:4:9 -1:1:0:3:2
tree_sizes=1331 1438 1472 1466 1462 1464 1481 1481 1483 1495 1482 1518 1492 1490 1513 1510 1513 1497 1500 1503 1512 1519 1495 1513 1514 1512 1518 1519 1505 1510 1504 1501 1508 1494 1506 1509 1510 1499 1505 1515 1516 1515 1505 1517 1527 1518 1519 1513 1487 1526 1514 1521 1517 1514 1508 1517 1509 1516 1518 1533 1510 1529 1536 1524 1530 1522 1520 1534 1517 1529 1530 1545 1541 1526 1526 1505 1541 1530 1527 1534 1528 1539 1524 1524 1537 1511 1524 1519 1526 1535 1537 1535 1526 1530 1541 1555 1532 1548 1527 1505 1533 1541 1523 1525 1528 1548 1540 1558 1526 1543 1536 1535 1535 1532 1553 1537 1542 1505 1531 1515 1539 1543 1540 1539 1541 1539 1554 1532 1543 1538 1531 1543 1515 1529 1546 1529 1523 1531 1552 1564 1537 1535 1543 1538 1554 1544 1507 1531 1543 1541 1545 1548 1533 1499 1543 1536 1526 1548 1531 1512 1552 1542 1520 1521 1537 1541 1519 1544 1528 1512 1539 1502 1523 1523 1539 1535 1544 1514 1519 1524 1515 1545 1524 1534 1521 1503 1529 1523 1531 1533 1506 1541 1516 1536 1519 1520 1518 1518 1548 1536 1517 1521 1519 1547 1527 1519 1531 1507 1531 1500 1517 1532 1548 1504 1552 1524 1534 1522 1531 1513 1520 1541 1538 1519 1512 1541 1553 1526 1508 1513 1513 1522 1512 1520 1512 1545 1519 1503 1505 1517 1525 1504 1540 1535 1534 1521 1524 1527 1528 1547 1481 1533 1474 1499 1477 1483 1492 1521 1518 1522 1469 1534 1515 1540 1490 1485 1505 1517 1493 1537 1530 1505 1476 1501 1508 1535 1504 1534 1526 1479 1496 1491 1506 1508 1508 1514 1507 1492 1498 1499 1489 1514 1505 1531 1486 1532 1498 1516 1518 1502 1518 1499 1528 1535 1515 1537 1493 1514 1498 1511 1529 1524 1513 1530 1521 1527 1462 1480 1508 1491 1507 1469 1478 1465 1463 1497 1526 1523 1521 1533 1486 1506 1494 1485 1527 1518 1545 1526 1524 1492 1510 1486 1502 1491 1508 1467 1484 1495 1511 1479 1533 1519 1501 1508 1493 1513 1502 1506 1485 1461 1439 1481 1477 1514 1511 1495 1522 1491 1527 1502 1494 1536 1482 1491 1486 1509 1501 1520 1503 1510 1503 1471 1460 1494 1505 1463 1456 1488 1498 1488 1477 1492 1465 1510 1495 1505 1506 1486 1504 1495

Tree=0
num_leaves=15
num_cat=0
split_feature=10 0 0 13 1 0 0 0 1 0 1 1 10 0
split_gain=43547.6 1316.8 963.548 180.54 179.7 156.772 95.7673 85.3004 68.8286 42.6069 41.2292 35.717 35.0957 33.2143
threshold=55.007142857142867 49.050000000000004 60.150000000000006 65.02500000000002 49.100000000000009 55.100000000000009 49.050000000000004 11.550000000000002 92.750000000000014 250.50000000000003 67.700000000000017 61.900000000000006 40.838095238095242 61.550000000000004
decision_type=10 10 8 10 10 10 10 10 10 8 8 8 8 10
left_child=1 4 6 9 12 -3 8 -6 -2 -4 -8 -5 -1 -7
right_child=2 5 3 11 7 13 10 -9 -10 -11 -12 -13 -14 -15
leaf_value=53.704999999999998 54.693750000000001 54.825000000000003 55.350000000000001 55.875 55 55 55.087499999999999 54.649999999999999 57.450000000000003 55.174999999999997 55.350000000000001 59.375 54.5625 55.350000000000001
leaf_weight=22391 370 1026 948 468 300 420 691 501 78 411 715 23261 1812 332
leaf_count=22391 370 1026 948 468 300 420 691 501 78 411 715 23261 1812 332
internal_value=55 54.9684 55.0314 55.0332 54.9663 54.9975 55.007 54.9828 54.993 55.0206 55.0115 55.0339 54.9657 55.0096
internal_weight=53724 26782 26942 25088 25004 1778 1854 801 448 1359 1406 23729 24203 752
internal_count=53724 26782 26942 25088 25004 1778 1854 801 448 1359 1406 23729 24203 752
is_linear=0
shrinkage=1


Tree=1
num_leaves=15
num_cat=0
split_feature=10 0 0 10 1 1 0 0 9 0 1 1 1 0
split_gain=42825.5 1320.37 1133.54 249.301 164.093 110.232 108.412 92.3389 88.2908 58.1218 43.0355 42.3409 40.1186 36.3016
threshold=53.44166666666667 61.550000000000004 49.050000000000004 68.215476190476195 48.050000000000004 67.700000000000017 49.050000000000004 51.850000000000001 692.50000000000011 7.5500000000000007 52.550000000000004 67.700000000000017 55.100000000000009 61.550000000000004
decision_type=10 8 10 10 10 10 10 10 10 10 8 8 10 10
left_child=2 5 4 8 -1 6 -2 -4 10 12 -3 -5 -6 -9
right_child=1 3 7 11 9 -7 -8 13 -10 -11 -12 -13 -14 -15
leaf_value=-1.179675 -0.33774999999999999 -0.047250000000000056 -0.23887500000000012 0.546875 -0.17500000000000002 0.51275000000000004 0.084437500000000054 0 0.33774999999999999 -0.33774999999999999 0.18068750000000006 4.2218750000000007 0.17500000000000002 0.33774999999999999
leaf_weight=24087 407 139 533 645 168 612 1216 683 1150 495 406 22817 105 261
leaf_count=24087 407 139 533 645 168 612 1216 683 1150 495 406 22817 105 261
internal_value=-7.75187e-05 0.0305581 -0.0319461 0.0328481 -0.033716 0.00476562 -2.14988e-05 -0.00214912 0.0197853 -0.0176132 0.00808182 0.0337874 -0.00453237 0.00442571
internal_weight=53724 27392 26332 25157 24855 2235 1623 1477 1695 768 545 23462 273 944
internal_count=53724 27392 26332 25157 24855 2235 1623 1477 1695 768 545 23462 273 944
is_linear=0
shrinkage=0.035


Tree=2
num_leaves=15
num_cat=0
split_feature=13 0 0 13 1 0 0 1 9 0 10 13 0 0
split_gain=41704.2 1291.44 1147.36 258.691 187.057 125.09 122.192 88.9149 80.4254 69.9632 63.7822 51.3647 44.0564 38.4698
threshold=54.975000000000009 49.050000000000004 65.100000000000009 82.52500000000002 48.050000000000004 60.150000000000006 57.550000000000004 69.90000000000002 2892.5000000000005 2.0500000000000003 60.316666666666677 41.050000000000004 45.050000000000004 51.850000000000001
decision_type=10 10 8 10 10 10 10 10 8 10 10 8 10 10
left_child=1 4 6 8 11 13 7 12 -4 -6 -10 -1 -2 -3
right_child=2 5 3 -5 9 -7 -8 -9 10 -11 -12 -13 -14 -15
leaf_value=-1.2083863749999999 -0.32746000000000008 -0.21301437500000012 0.48660937500000012 4.9491093749999999 -0.063875000000000112 0.32592874999999999 0.25620546875000005 0.42578812500000007 -0.0044712499999999622 -0.32592874999999999 0.39910937500000015 -0.38089887499999991 0.0031696874999999026 0
leaf_weight=22528 293 585 2404 20942 282 345 1330 276 229 523 968 1602 735 682
leaf_count=22528 293 585 2404 20942 282 345 1330 276 229 523 968 1602 735 682
internal_value=-0.000401273 -0.0315991 0.0300736 0.0324293 -0.0335615 -0.00123377 0.00810345 0.000481283 0.0236925 -0.0168086 0.0161606 -0.0341168 -0.00426912 -0.00632862
internal_weight=53724 26547 27177 24543 24935 1612 2634 1304 3601 805 1197 24130 1028 1267
internal_count=53724 26547 27177 24543 24935 1612 2634 1304 3601 805 1197 24130 1028 1267
is_linear=0
shrinkage=0.035


Tree=3
num_leaves=15
num_cat=0
split_feature=10 0 0 13 1 0 1 0 1 0 10 0 23 0
split_gain=41204.8 1278.59 1128.94 314.396 188.779 138.922 90.4314 90.0444 80.1913 69.5519 53.8623 42.6901 42.2166 38.9039
threshold=54.183333333333344 49.050000000000004 65.100000000000009 87.40000000000002 48.050000000000004 57.550000000000004 67.700000000000017 61.550000000000004 58.550000000000004 7.5500000000000007 38.345238095238102 51.850000000000001 0.79169204222492906 43.050000000000004
decision_type=10 10 8 10 10 10 10 10 8 10 8 10 10 8
left_child=1 4 5 8 10 6 13 11 12 -6 -1 -3 -4 -2
right_child=2 7 3 -5 9 -7 -8 -9 -10 -11 -12 -13 -14 -15
leaf_value=-1.2010928518749999 -0.38599890000000003 -0.22305887187500012 -0.004314756249999903 5.1433905468750005 -0.079139374999999998 0.26358655859375013 0.3749011656250002 0.3145212437499999 0.4773614890625002 -0.3145212437499999 -0.39609285187499976 0 0.30889742187499997 -0.0061287515624998791
leaf_weight=21692 229 558 232 20411 291 1293 294 290 3770 518 2426 766 174 780
leaf_count=21692 229 558 232 20411 291 1293 294 290 3770 518 2426 766 174 780
internal_value=-0.000538722 -0.0315562 0.0297464 0.0320639 -0.0335105 0.00777778 -0.000294343 -0.00136195 0.0232552 -0.016726 -0.03407 -0.00524078 0.0083455 -0.00528107
internal_weight=53724 26541 27183 24587 24927 2596 1303 1614 4176 809 24118 1324 406 1009
internal_count=53724 26541 27183 24587 24927 2596 1303 1614 4176 809 24118 1324 406 1009
is_linear=0
shrinkage=0.035


Tree=4
num_leaves=15
num_cat=0
split_feature=10 0 0 13 1 0 2 1 0 0 13 0 0 0
split_gain=40555.8 1279.81 1109.89 338.355 188.14 131.607 95.9263 90.1298 89.6016 69.5519 58.6884 43.5647 41.858 39.7465
threshold=54.183333333333344 49.050000000000004 65.100000000000009 100.12500000000001 48.050000000000004 57.550000000000004 60.150000000000006 69.90000000000002 61.550000000000004 7.5500000000000007 39.95000000000001 250.50000000000003 51.850000000000001 43.050000000000004
decision_type=10 10 8 10 10 10 8 10 10 10 8 8 10 10
left_child=1 4 5 6 10 7 11 13 12 -6 -1 -4 -3 -2
right_child=2 8 3 -5 9 -7 -8 -9 -10 -11 -12 -13 -14 -15
leaf_value=-1.1450546154108152 -0.37248893850000014 -0.21525181135937521 0.4671897697578124 6.1008718777343747 -0.076369496875000109 0.25436102904296887 0.54343289475781276 0.37402957142236359 0.30351300021874988 -0.30351300021874988 -0.3597421020593749 0.083336260218749986 0 -0.0059142452578123898
leaf_weight=21941 230 558 512 18492 291 1293 5244 286 290 518 2177 339 766 787
leaf_count=21941 230 558 512 18492 291 1293 5244 286 290 518 2177 339 766 787
internal_value=-0.000754993 -0.0315272 0.0292907 0.0315885 -0.0334825 0.00750865 0.024391 -0.000347859 -0.00131872 -0.016726 -0.034041 0.0133703 -0.00518811 -0.00523973
internal_weight=53724 26541 27183 24587 24927 2596 6095 1303 1614 809 24118 851 1324 1017
internal_count=53724 26541 27183 24587 24927 2596 6095 1303 1614 809 24118 851 1324 1017
is_linear=0
shrinkage=0.035


Tree=5
num_leaves=15
num_cat=0
split_feature=10 0 13 0 1 0 0 0 10 0 0 1 1 0
split_gain=39621.4 1264.05 1168.24 380.835 198.617 183.801 96.199 87.404 78.4106 75.622 50.3237 41.0657 40.6697 37.8202
threshold=54.183333333333344 49.050000000000004 82.52500000000002 57.550000000000004 48.050000000000004 85.050000000000011 70.250000000000014 61.550000000000004 36.945238095238103 7.5500000000000007 49.050000000000004 52.550000000000004 85.050000000000011 51.850000000000001
decision_type=10 10 10 8 10 8 10 10 8 10 8 8 8 10
left_child=1 4 3 10 8 -4 11 13 -1 -6 -2 -5 -7 -3
right_child=2 7 5 6 9 12 -8 -9 -10 -11 -12 -13 -14 -15
leaf_value=-1.1539776905199961 -0.25861940252750037 -0.20771799796179716 0.46435172641785155 0.10406586079285138 -0.073696564484375005 0.72685172641785156 0.52135024344128911 0.29289004521109363 -0.37646362848729664 -0.29289004521109363 0.053146921577276775 0.24633339302646493 5.2573413620136726 0
leaf_weight=21115 369 558 1149 313 291 696 1929 290 3003 518 756 2580 19391 766
leaf_count=21115 369 558 1149 313 291 696 1929 290 3003 518 756 2580 19391 766
internal_value=-0.000708091 -0.0311237 0.0289894 0.0152596 -0.0330669 0.0328299 0.0195339 -0.00110253 -0.0336405 -0.0158661 -0.00306637 0.0154469 0.0336116 -0.00492476
internal_weight=53724 26541 27183 5947 24927 21236 4822 1614 24118 809 1125 2893 20087 1324
internal_count=53724 26541 27183 5947 24927 21236 4822 1614 24118 809 1125 2893 20087 1324
is_linear=0
shrinkage=0.035


Tree=6
num_leaves=15
num_cat=0
split_feature=10 0 0 10 0 10 1 1 1 0 0 0 0 0
split_gain=38393.8 1385.13 843.455 385.54 242.44 157.163 128.008 92.4876 77.376 72.6187 69.8133 67.6239 58.0847 57.1982
threshold=51.745000000000012 70.250000000000014 48.100000000000009 120.04166666666667 57.550000000000004 37.422619047619058 58.550000000000004 67.700000000000017 55.100000000000009 51.850000000000001 250.50000000000003 49.050000000000004 100.50000000000001 87.050000000000011
decision_type=10 8 10 10 10 8 8 10 10 8 8 10 8 10
left_child=2 4 5 6 7 -1 10 11 -7 -4 -3 -2 -5 -8
right_child=1 3 9 12 -6 8 13 -9 -10 -11 -12 -13 -14 -15
leaf_value=-1.0960884713517964 -0.28040014656403767 0.69594089658392988 -0.20044786803313439 0.87333441434319325 0.22339234927053916 -0.35646240149024161 0.43259086929584395 0.31182844757313782 -0.10758529987870528 0.0061249999999999014 -0.055305312019832659 0.0016201110710061075 6.8933344143431938 0.87333441434319325
leaf_weight=21377 511 169 546 311 2371 3092 3353 307 153 760 275 862 15996 3641
leaf_count=21377 511 169 546 311 2371 3092 3353 307 153 760 275 862 15996 3641
internal_value=-0.00109373 0.0274803 -0.0317258 0.0307072 0.00855153 -0.0331794 0.0240669 -0.00162018 -0.0259 -0.00429825 0.00576837 -0.00551161 0.0337276 0.0252236
internal_weight=53724 27796 25928 23745 4051 24622 7438 1680 3245 1306 444 1373 16307 6994
internal_count=53724 27796 25928 23745 4051 24622 7438 1680 3245 1306 444 1373 16307 6994
is_linear=0
shrinkage=0.035


Tree=7
num_leaves=15
num_cat=0
split_feature=10 13 0 0 10 0 0 0 1 1 0 0 8 0
split_gain=37620 1390.93 813.874 601.114 180.657 137.997 102.986 83.7873 78.8407 77.4723 71.563 60.3805 38.3449 37.1198
threshold=51.745000000000012 110.10000000000001 48.100000000000009 57.550000000000004 36.945238095238103 70.250000000000014 110.25000000000001 49.050000000000004 57.550000000000004 55.100000000000009 60.150000000000006 44.100000000000009 9.737296885594029 12.050000000000002
decision_type=10 10 10 8 8 10 8 10 8 10 10 10 2 10
left_child=2 3 4 7 11 8 -3 -2 -5 12 -4 -1 -6 -11
right_child=1 6 10 5 9 -7 -8 -9 -10 13 -12 -13 -14 -15
leaf_value=-1.0752253748544836 -0.26599239143429615 0.84276770984118154 -0.12343219265197455 0.069417003154038037 -0.34398621743808316 0.56276770984118152 6.3020677098411815 0.037671718899979292 0.27794297537737184 0.18289830076833299 0.28242451862870538 -0.16646131282178386 -0.3445002527679018 -0.27887340813295053
leaf_weight=21052 561 962 1084 637 1778 4821 16602 1016 3197 84 222 126 1513 69
leaf_count=21052 561 962 1084 637 1778 4821 16602 1016 3197 84 222 126 1513 69
internal_value=-0.00126766 0.027017 -0.0315895 0.0167461 -0.0330174 0.0203655 0.0329939 -0.00311947 0.0153712 -0.0254914 -0.00464531 -0.034235 -0.0266217 -0.00110759
internal_weight=53724 27796 25928 10232 24622 8655 17564 1577 3834 3444 1306 21178 3291 153
internal_count=53724 27796 25928 10232 24622 8655 17564 1577 3834 3444 1306 21178 3291 153
is_linear=0
shrinkage=0.035


Tree=8
num_leaves=15
num_cat=0
split_feature=10 13 0 0 10 0 0 0 1 0 1 0 8 0
split_gain=37137.5 1389.85 861.175 587.132 191.941 151.582 110.761 83.7873 75.4194 75.3221 73.324 60.066 38.9963 37.1198
threshold=51.745000000000012 110.10000000000001 48.100000000000009 57.550000000000004 36.945238095238103 70.250000000000014 113.65000000000002 49.050000000000004 55.100000000000009 51.850000000000001 57.550000000000004 44.100000000000009 9.737296885594029 12.050000000000002
decision_type=10 10 10 8 8 10 8 10 10 10 8 10 2 10
left_child=2 3 4 7 11 10 -3 -2 12 -4 -5 -1 -6 -10
right_child=1 6 9 5 8 -7 -8 -9 13 -11 -12 -13 -14 -15
leaf_value=-1.0375924867345765 -0.25668265773409582 0.8132708399967401 -0.18911206590915541 0.066987408043646765 -0.33194669982775016 0.54307083999674011 6.1864953399967408 0.036353208738480025 0.17649686024144123 0.010230751742819139 0.26821497123916382 -0.16063516687302154 -0.3324427439210253 -0.26911283884829723
leaf_weight=21052 561 1009 546 637 1778 4821 16555 1016 84 760 3197 126 1513 69
leaf_count=21052 561 1009 546 637 1778 4821 16555 1016 84 760 3197 126 1513 69
internal_value=-0.00132238 0.0267803 -0.0314491 0.0165136 -0.0329179 0.0200906 0.0327549 -0.00311947 -0.0251667 -0.0037376 0.0148606 -0.0341722 -0.0262819 -0.00110759
internal_weight=53724 27796 25928 10232 24622 8655 17564 1577 3444 1306 3834 21178 3291 153
internal_count=53724 27796 25928 10232 24622 8655 17564 1577 3444 1306 3834 21178 3291 153
is_linear=0
shrinkage=0.035


Tree=9
num_leaves=15
num_cat=0
split_feature=10 13 0 0 10 0 0 17 0 0 1 0 10 0
split_gain=36075.8 1324.96 845.945 578.884 211.467 154.402 127.699 86.672 78.7972 74.1999 67.9333 66.0262 47.9726 41.8863
threshold=51.745000000000012 114.90000000000002 48.100000000000009 58.550000000000004 32.007142857142867 70.250000000000014 125.25000000000001 5.7495717830226285 49.050000000000004 51.850000000000001 57.550000000000004 39.850000000000009 152.88690476190479 39.050000000000004
decision_type=10 10 10 8 8 10 8 8 10 10 8 8 10 10
left_child=2 3 4 8 13 10 -3 -6 -2 -4 -5 -9 -8 -1
right_child=1 6 9 5 7 -7 12 11 -10 -11 -12 -13 -14 -15
leaf_value=-1.0712767496988664 -0.24366706776460667 0.78480636059685394 -0.18249314360233493 0.067049258905416562 -0.3362767496988664 0.53741725742467028 1.244968003096854 -0.42377674969886636 0.047152463914491106 0.0098726754318205334 0.26159311089321513 -0.23127674969886636 8.2449680030968544 -0.27627699806516531
leaf_weight=18764 565 1807 546 610 2359 5018 2680 1464 1101 760 3176 1900 12839 135
leaf_count=18764 565 1807 546 610 2359 5018 2680 1464 1101 760 3176 1900 12839 135
internal_value=-0.00145657 0.0262415 -0.0311495 0.016399 -0.0326053 0.0199773 0.0321828 -0.0266472 -0.00251346 -0.00368421 0.0146056 -0.0229593 0.0332166 -0.034402
internal_weight=53724 27796 25928 10470 24622 8804 17326 5723 1666 1306 3786 3364 15519 18899
internal_count=53724 27796 25928 10470 24622 8804 17326 5723 1666 1306 3786 3364 15519 18899
is_linear=0
shrinkage=0.035


Tree=10
num_leaves=15
num_cat=0
split_feature=10 0 13 0 10 0 1 0 17 0 0 1 1 0
split_gain=35655.6 1332.78 1041.01 403.258 284.324 168.229 119.43 101.99 68.3535 62.0933 56.4063 55.2043 53.4588 46.4927
threshold=55.007142857142867 48.100000000000009 130.25000000000003 57.550000000000004 32.50833333333334 80.15000000000002 50.050000000000004 55.100000000000009 5.7495717830226285 124.25000000000001 39.850000000000009 67.700000000000017 57.550000000000004 12.050000000000002
decision_type=10 10 10 8 8 10 10 10 8 8 8 10 8 10
left_child=1 4 3 11 -1 12 8 -3 -6 -4 -10 -2 -5 -8
right_child=2 7 9 5 6 -7 13 -9 10 -11 -12 -13 -14 -15
leaf_value=-1.0162820634594061 -0.065629554118736888 -0.10610588357625315 1.0978881379759635 0.08681819967452449 -0.32370250229321185 0.7120941229884642 0.038414156372450957 0.10194965629510493 -0.40894456345940605 6.9063941229884644 -0.23841037123278222 0.24728107503430463 0.28548248945603422 -0.23841037123278222
leaf_weight=19132 862 1101 600 534 2206 5382 205 752 1393 14430 1772 237 4897 221
leaf_count=19132 862 1101 600 534 2206 5382 205 752 1393 14430 1772 237 4897 221
internal_value=-0.00153474 -0.0301303 0.0268913 0.0191491 -0.0322586 0.0212012 -0.0254145 -0.00148816 -0.0268294 0.033019 -0.0234401 -0.0010462 0.016824 -0.007471
internal_weight=53724 26782 26942 11912 24929 10813 5797 1853 5371 15030 3165 1099 5431 426
internal_count=53724 26782 26942 11912 24929 10813 5797 1853 5371 15030 3165 1099 5431 426
is_linear=0
shrinkage=0.035


Tree=11
num_leaves=15
num_cat=1
split_feature=10 13 0 0 10 0 0 0 0 16 0 1 0 32
split_gain=35266.5 1337.1 790.159 566.801 237.552 170.244 112.378 87.1873 76.732 71.8684 67.8691 63.3766 50.3868 49.1374
threshold=51.745000000000012 120.10000000000001 48.100000000000009 58.550000000000004 32.50833333333334 70.250000000000014 130.10000000000002 39.850000000000009 49.050000000000004 4.5460605656618096 60.150000000000006 57.550000000000004 39.050000000000004 0
decision_type=10 10 10 8 8 10 8 8 10 8 10 8 10 1
left_child=2 3 4 8 12 11 -3 -6 -2 -9 -4 -5 -1 -7
right_child=1 6 10 5 7 13 -8 9 -10 -11 -12 -13 -14 -15
leaf_value=-0.99121219791404702 -0.22082566067176623 0.78467032868386777 -0.10239217765108422 0.061520583228530448 -0.35724335354675557 0.52827648617136802 6.3146703286838681 -0.24293033910058495 0.043967925300195963 -0.20733794883255771 0.2682678025552595 0.24412981790226718 -0.24326766022197704 0.58259903286004544
leaf_weight=18970 570 1483 1084 612 2535 2978 14662 1109 1106 1846 222 3326 162 3059
leaf_count=18970 570 1483 1084 612 2535 2978 14662 1109 1106 1846 222 3326 162 3059
internal_value=-0.00167545 0.0257102 -0.0310334 0.0166622 -0.0324404 0.0198252 0.0322325 -0.0259618 -0.00216538 -0.0217922 -0.00448513 0.0141314 -0.0342922 0.0235245
internal_weight=53724 27796 25928 11651 24622 9975 16145 5490 1676 2955 1306 3938 19132 6037
internal_count=53724 27796 25928 11651 24622 9975 16145 5490 1676 2955 1306 3938 19132 6037
cat_boundaries=0 1
cat_threshold=23776
is_linear=0
shrinkage=0.035


Tree=12
num_leaves=15
num_cat=0
split_feature=10 13 0 0 0 1 0 0 1 0 0 0 1 16
split_gain=34225 1350.45 858.484 580.539 214.091 211.567 156.161 93.5534 84.3782 83.9241 71.9292 67.9142 55.7329 39.7382
threshold=51.745000000000012 135.05000000000004 44.100000000000009 58.550000000000004 82.100000000000009 39.850000000000009 51.850000000000001 150.50000000000003 52.550000000000004 39.850000000000009 9.0500000000000025 49.050000000000004 55.100000000000009 9.9999999999999059
decision_type=10 10 10 8 10 10 10 8 8 10 10 10 10 8
left_child=2 3 5 11 8 9 -4 -3 -5 13 12 -2 -7 -1
right_child=1 7 6 4 -6 10 -8 -9 -10 -11 -12 -13 -14 -15
leaf_value=-0.89351976431133529 -0.20290581169897404 0.91365686717993222 -0.16182616395284286 0.0076999068536294868 0.66677986253376653 -0.1727012921455359 0.016824563934663604 7.4936568671799328 0.24777423519015998 -0.23109472368915085 -0.30116945783111898 0.042429047914689169 0.19307648910855468 -0.5440288727244198
leaf_weight=20596 583 1728 1367 463 5627 495 760 12911 5377 673 1180 1107 88 769
leaf_count=20596 583 1728 1367 463 5627 495 760 12911 5377 673 1180 1107 88 769
internal_value=-0.00191517 0.0250631 -0.0308364 0.016915 0.0197363 -0.0327403 -0.00950516 0.0323781 0.015018 -0.0336774 -0.0209644 -0.00223009 -0.0107738 -0.0340648
internal_weight=53724 27796 25928 13157 11467 23801 2127 14639 5840 22038 1763 1690 583 21365
internal_count=53724 27796 25928 13157 11467 23801 2127 14639 5840 22038 1763 1690 583 21365
is_linear=0
shrinkage=0.035


Tree=13
num_leaves=15
num_cat=0
split_feature=10 13 0 0 1 0 0 10 1 0 1 17 10 1
split_gain=33208.6 1358.97 949.819 574.791 231.525 209.48 204.724 132.771 87.3413 82.4803 68.1436 53.1176 51.2262 46.7481
threshold=51.745000000000012 138.67500000000004 39.850000000000009 58.550000000000004 39.850000000000009 51.850000000000001 90.300000000000011 195.08333333333334 57.550000000000004 9.0500000000000025 57.550000000000004 5.7495717830226285 44.422619047619058 55.100000000000009
decision_type=10 10 10 8 10 10 10 10 8 10 8 10 8 10
left_child=2 3 4 10 12 11 8 -3 -5 13 -2 -4 -1 -6
right_child=1 7 5 6 9 -7 -8 -9 -10 -11 -12 -13 -14 -15
leaf_value=-0.86224657256043846 -0.10009216118919746 1.1063788768286344 -0.16822302795410271 0.067719887204765725 -0.16665674692044224 0.016235704196950425 0.71531957199125018 8.9813788768286358 0.27443002645885689 -0.32711343347501359 0.065720338810802456 -0.19229117097015044 -0.38857800117394015 0.18631881198975522
leaf_weight=21106 733 3557 818 722 495 760 4693 10943 6190 690 958 1712 259 88
leaf_count=21106 733 3557 818 722 495 760 4693 10943 6190 690 958 1712 259 88
internal_value=-0.00200506 0.0245696 -0.0304936 0.0164777 -0.0330477 -0.0128953 0.0192545 0.0319814 0.0154026 -0.0184311 -0.0025796 -0.0177278 -0.0339141 -0.00863095
internal_weight=53724 27796 25928 13296 22638 3290 11605 14500 6912 1273 1691 2530 21365 583
internal_count=53724 27796 25928 13296 22638 3290 11605 14500 6912 1273 1691 2530 21365 583
is_linear=0
shrinkage=0.035


Tree=14
num_leaves=15
num_cat=1
split_feature=10 13 0 0 0 1 0 0 1 0 32 0 17 16
split_gain=32020.5 1611.8 805.631 663.39 198.627 180.339 146.297 83.7804 82.6317 79.0804 76.2836 64.0476 55.6318 51.53
threshold=50.016666666666673 155.25000000000003 39.850000000000009 58.550000000000004 82.100000000000009 39.850000000000009 51.850000000000001 49.050000000000004 57.550000000000004 165.10000000000002 0 9.0500000000000025 5.7495717830226285 7.0710678118653858
decision_type=10 10 10 8 10 10 10 10 8 8 1 10 10 8
left_child=2 3 5 7 8 13 12 -2 -5 -3 -6 -7 -4 -1
right_child=1 9 6 4 10 11 -8 -9 -10 -11 -12 -13 -14 -15
leaf_value=-0.8670679425208232 -0.19450745060720259 0.9768514783711012 -0.16893242634494349 0.059277394793373656 0.67706559587656867 -0.13829075101157037 0.015667454550057126 0.019934533322110648 0.24368963793662382 7.6170306161396324 0.66208388697155651 -0.31566446330338815 -0.18768701390111323 -0.50274558992731011
leaf_weight=19500 720 924 772 778 2341 532 599 1242 5460 11892 4843 678 1610 1833
leaf_count=19500 720 924 772 778 2341 532 599 1242 5460 11892 4843 678 1610 1833
internal_value=-0.00215228 0.0235526 -0.0305511 0.0159068 0.0186847 -0.0328129 -0.013421 -0.00309609 0.0140942 0.0327205 0.0226582 -0.0195309 -0.0173021 -0.0335615
internal_weight=53724 28200 25524 15384 13422 22543 2981 1962 6238 12816 7184 1210 2382 21333
internal_count=53724 28200 25524 15384 13422 22543 2981 1962 6238 12816 7184 1210 2382 21333
cat_boundaries=0 1
cat_threshold=33547
is_linear=0
shrinkage=0.035


Tree=15
num_leaves=15
num_cat=1
split_feature=10 13 0 0 1 0 0 0 1 0 10 1 32 17
split_gain=31377.8 1516.06 943.693 526.995 231.918 226.008 194.779 88.4321 85.7226 66.197 63.8687 61.53 52.5954 51.7017
threshold=51.745000000000012 170.12500000000003 39.050000000000004 58.550000000000004 38.100000000000009 100.50000000000001 51.850000000000001 9.0500000000000025 57.550000000000004 190.50000000000003 30.00714285714286 57.100000000000009 0 5.7495717830226285
decision_type=10 10 10 8 10 10 10 10 8 8 8 8 1 10
left_child=2 3 4 11 10 8 13 -6 -5 -3 -1 -2 -10 -4
right_child=1 9 6 5 7 -7 -8 -9 12 -11 -12 -13 -14 -15
leaf_value=-0.90672056453259431 -0.12882554500163565 1.2909960417171631 -0.15642258705363593 0.06168573443901082 -0.12764380907993692 0.76448268009562792 0.015119093640805199 -0.30461620708776971 0.25603978039251468 8.2954345445747464 -0.28287571423188235 0.063147710746786143 0.33737908447241727 -0.18111796841457431
leaf_weight=17656 683 988 840 743 613 5752 760 756 4172 10901 3559 1028 3529 1744
leaf_count=17656 683 988 840 743 613 5752 760 756 4172 10901 3559 1028 3529 1744
internal_value=-0.00222654 0.0236053 -0.0299186 0.01653 -0.0324884 0.0187409 -0.0125411 -0.018417 0.0150787 0.0330608 -0.0333918 -0.00181527 0.0161738 -0.0171147
internal_weight=53724 27796 25928 15907 22584 14196 3344 1369 8444 11889 21215 1711 7701 2584
internal_count=53724 27796 25928 15907 22584 14196 3344 1369 8444 11889 21215 1711 7701 2584
cat_boundaries=0 1
cat_threshold=31968
is_linear=0
shrinkage=0.035


Tree=16
num_leaves=15
num_cat=1
split_feature=10 13 0 0 0 1 0 1 0 0 10 0 17 32
split_gain=30667.6 1618.76 819.443 649.729 277.6 197.681 145.901 86.4372 68.9027 65.0536 64.6913 60.6449 58.6728 57.4387
threshold=50.016666666666673 190.07500000000002 38.100000000000009 58.550000000000004 100.50000000000001 39.850000000000009 51.850000000000001 57.550000000000004 49.050000000000004 11.050000000000002 27.508333333333336 200.75000000000003 5.7495717830226285 0
decision_type=10 10 10 8 10 10 10 8 10 10 8 8 10 1
left_child=2 3 5 8 7 10 12 -5 -2 -7 -1 -3 -4 -9
right_child=1 11 6 4 -6 9 -8 13 -10 -11 -12 -13 -14 -15
leaf_value=-0.90998534477395354 -0.17295447564225461 1.4640251442255861 -0.15942522114028546 0.062781459704591966 0.79074826985714353 -0.12917886048233093 0.014589925363377 0.24799873018364293 0.017199748410013174 -0.30603499538299134 -0.28838498770271936 8.4600943355146292 -0.17477883952006418 0.32807182395152623
leaf_weight=16260 733 748 856 822 6446 539 599 4250 1243 618 4937 10308 1715 3650
leaf_count=16260 733 748 856 822 6446 539 599 4250 1243 618 4937 10308 1715 3650
internal_value=-0.00240503 0.0227509 -0.0301974 0.0160091 0.0184677 -0.0325596 -0.013515 0.0143818 -0.00286219 -0.0183434 -0.0333311 0.0331932 -0.0171332 0.0155054
internal_weight=53724 28200 25524 17144 15168 22354 3170 8722 1976 1157 21197 11056 2571 7900
internal_count=53724 28200 25524 17144 15168 22354 3170 8722 1976 1157 21197 11056 2571 7900
cat_boundaries=0 1
cat_threshold=31968
is_linear=0
shrinkage=0.035


Tree=17
num_leaves=15
num_cat=0
split_feature=10 10 0 0 0 1 0 1 0 0 1 17 0 0
split_gain=29984.6 1715.8 842.258 595.64 267.815 210.265 140.868 83.4734 75.8971 73.429 68.6536 64.0348 63.5668 60.6062
threshold=50.016666666666673 186.07142857142858 38.100000000000009 58.550000000000004 100.50000000000001 38.100000000000009 50.050000000000004 72.050000000000011 200.75000000000003 11.050000000000002 67.700000000000017 6.2087273576962412 61.550000000000004 49.050000000000004
decision_type=10 10 10 8 10 10 10 10 8 10 10 8 10 10
left_child=2 3 5 10 7 11 -4 12 -3 -7 13 -1 -5 -2
right_child=1 8 6 4 -6 9 -8 -9 -10 -11 -12 -13 -14 -15
leaf_value=-0.80813585770686525 -0.19335042882931336 1.3038534554667327 -0.16538888424385922 0.060704060768984512 0.75433273114829724 -0.13032883365032191 0.0032105250865456371 0.35751915273867663 8.1639910337716159 -0.28720377979065376 0.22823834583515334 -0.4358871400476384 0.19113763992002475 -0.001819965682231235
leaf_weight=17787 628 923 2529 1563 6199 568 641 4577 10434 692 296 3307 2522 1058
leaf_count=17787 628 923 2529 1563 6199 568 641 4577 10434 692 296 3307 2522 1058
internal_value=-0.00261479 0.0222595 -0.030096 0.0151629 0.0175659 -0.0324907 -0.0131843 0.0135768 0.0327728 -0.0184822 -0.00285355 -0.0333229 0.00991809 -0.00558841
internal_weight=53724 28200 25524 16843 14861 22354 3170 8662 11357 1260 1982 21094 4085 1686
internal_count=53724 28200 25524 16843 14861 22354 3170 8662 11357 1260 1982 21094 4085 1686
is_linear=0
shrinkage=0.035


Tree=18
num_leaves=15
num_cat=2
split_feature=10 13 10 0 0 0 0 32 1 32 1 0 1 0
split_gain=29064.4 1764.29 866.96 589.712 285.491 273.068 185.423 81.9004 73.4861 73.0836 69.6363 60.5887 58.6138 55.0359
threshold=50.016666666666673 200.12500000000003 31.530952380952382 82.100000000000009 47.050000000000004 57.550000000000004 34.100000000000009 0 49.100000000000009 1 67.700000000000017 150.50000000000003 118.10000000000001 49.050000000000004
decision_type=10 10 8 10 10 8 10 1 8 1 10 10 10 10
left_child=2 3 6 5 7 10 -1 -4 -7 11 13 -5 -10 -2
right_child=1 -3 4 9 -6 8 -8 -9 12 -11 -12 -13 -14 -15
leaf_value=-0.79035110936284525 -0.18658316382028745 7.8782513475896101 -0.20294881288717603 0.55243282236954905 -0.044989879813384058 -0.14346823553672775 -0.18910711518461801 -0.23016490457370758 0.170005982392823 0.63108702253395299 0.21869608781563307 1.2745865052257797 0.75442521144594044 -0.0057605730030147314
leaf_weight=18198 628 10683 2944 2260 1225 208 473 2684 5507 5922 279 822 907 984
leaf_count=18198 628 10683 2944 2260 1225 208 473 2684 5507 5922 279 822 907 984
internal_value=-0.00261479 0.0218748 -0.029671 0.0150311 -0.0190004 0.00841923 -0.0335813 -0.0223309 0.011767 0.0212743 -0.00330432 0.0165902 0.0124318 -0.0061039
internal_weight=53724 28200 25524 17517 6853 8513 18671 5628 6622 9004 1891 3082 6414 1612
internal_count=53724 28200 25524 17517 6853 8513 18671 5628 6622 9004 1891 3082 6414 1612
cat_boundaries=0 1 2
cat_threshold=57568 33547
is_linear=0
shrinkage=0.035


Tree=19
num_leaves=15
num_cat=2
split_feature=10 10 10 0 0 1 0 32 1 0 0 32 0 0
split_gain=28358.8 1730.03 919.943 612.366 264.574 253.256 190.808 94.411 93.5647 80.1654 68.9135 67.2535 66.7434 49.5304
threshold=50.016666666666673 212.58333333333334 31.530952380952382 82.100000000000009 47.050000000000004 57.550000000000004 34.100000000000009 0 75.15000000000002 57.550000000000004 49.050000000000004 1 200.75000000000003 155.50000000000003
decision_type=10 10 8 10 10 8 10 1 10 10 8 1 8 10
left_child=2 3 6 5 7 9 -1 -4 10 -2 -7 -5 -3 -13
right_child=1 12 4 11 -6 8 -8 -9 -10 -11 -12 13 -14 -15
leaf_value=-0.76268882053514564 -0.093114422479159145 1.2624797873597606 -0.19584560443612475 0.61187629581556346 -0.043415234019915559 -0.093918277973269085 -0.18248836615315633 -0.22210913291362791 0.3909316624043615 0.11378531713719835 0.12059446099122322 0.54185990546840224 7.9525125504239735 1.2521863203965506
leaf_weight=18198 1213 453 2944 5074 1225 261 473 2684 2857 501 3730 3036 9948 1127
leaf_count=18198 1213 453 2944 5074 1225 261 473 2684 2857 501 3730 3036 9948 1127
internal_value=-0.00269296 0.0214976 -0.0294187 0.0148638 -0.0184288 0.00811369 -0.0334464 -0.021635 0.0111236 -0.00390925 0.0076464 0.0211129 0.0328373 0.0175503
internal_weight=53724 28200 25524 17799 6853 8562 18671 5628 6848 1714 3991 9237 10401 4163
internal_count=53724 28200 25524 17799 6853 8562 18671 5628 6848 1714 3991 9237 10401 4163
cat_boundaries=0 1 2
cat_threshold=57568 23780
is_linear=0
shrinkage=0.035


Tree=20
num_leaves=15
num_cat=2
split_feature=10 13 10 10 0 0 0 0 32 0 0 0 32 16
split_gain=27519.6 1765.37 936.488 651.084 250.335 190.885 187.733 156.483 93.8149 69.7341 63.3511 55.1795 53.0255 45.1512
threshold=50.016666666666673 220.12500000000003 31.530952380952382 71.183333333333351 47.050000000000004 100.50000000000001 34.100000000000009 49.050000000000004 0 58.550000000000004 210.60000000000002 38.100000000000009 1 19.126007573605225
decision_type=10 10 8 10 10 10 10 8 1 10 8 8 1 8
left_child=2 3 6 7 8 -5 -1 -2 -4 -9 -3 -10 -7 -6
right_child=1 10 4 5 13 12 -8 9 11 -11 -12 -13 -14 -15
leaf_value=-0.73599471181641551 -0.17298689922446148 1.3741746111591342 -0.18899100828086046 0.30872081982303401 -0.058506121014039326 0.82963084008377752 -0.17610127333779579 0.0061849506306585591 -0.24976628782675803 0.14021793197734775 8.0241746111591343 -0.16489442199760751 0.70452306127910058 0.43411495411295742
leaf_weight=18198 590 392 2944 6189 1114 2541 473 1800 1191 2316 9647 1493 4725 111
leaf_count=18198 590 392 2944 6189 1114 2541 473 1800 1191 2316 9647 1493 4725 111
internal_value=-0.00272944 0.0211005 -0.0290568 0.014583 -0.0179695 0.0185011 -0.0331203 0.00337296 -0.0210882 0.00579228 0.0328778 -0.0160541 0.0223546 -0.00361382
internal_weight=53724 28200 25524 18161 6853 13455 18671 4706 5628 4116 10039 2684 7266 1225
internal_count=53724 28200 25524 18161 6853 13455 18671 4706 5628 4116 10039 2684 7266 1225
cat_boundaries=0 1 2
cat_threshold=57568 33547
is_linear=0
shrinkage=0.035


Tree=21
num_leaves=15
num_cat=1
split_feature=10 13 10 13 0 0 0 17 0 0 0 0 32 0
split_gain=26736.7 1813.72 957.519 620.345 274.84 181.479 165.268 125.795 118.309 77.4855 76.6958 73.9611 53.4679 40.8405
threshold=50.016666666666673 220.12500000000003 28.838095238095246 72.700000000000017 47.050000000000004 57.550000000000004 100.50000000000001 5.6546776024675287 29.950000000000003 49.050000000000004 38.100000000000009 230.50000000000003 0 65.100000000000009
decision_type=10 10 8 10 10 10 10 8 10 8 8 8 1 10
left_child=2 3 8 5 7 9 -5 -4 -1 -2 -9 -3 -8 -6
right_child=1 11 4 6 13 -7 12 10 -10 -11 -12 -13 -14 -15
leaf_value=-0.76973489022712072 -0.17934344074241279 1.0933284997685642 -0.17899090272461371 0.31223759680443075 -0.05935891733950048 0.14370540479999927 0.69623541717745641 -0.25572898154710688 -0.1964909027246137 0.0062709165061236409 -0.15767962989778098 8.0933284997685657 0.69629761688847791 0.48892093071900394
leaf_weight=16267 602 685 3404 5786 1134 2745 1850 1814 838 1829 1958 9354 5349 109
leaf_count=16267 602 685 3404 5786 1134 2745 1850 1814 838 1829 1958 9354 5349 109
internal_value=-0.00267342 0.0208151 -0.0286235 0.0142092 -0.0189417 0.0039587 0.0182921 -0.0215722 -0.0333819 -0.00300287 -0.0171247 0.0327524 0.0218386 -0.00372997
internal_weight=53724 28200 25524 18161 8419 5176 12985 7176 17105 2431 3772 10039 7199 1243
internal_count=53724 28200 25524 18161 8419 5176 12985 7176 17105 2431 3772 10039 7199 1243
cat_boundaries=0 1
cat_threshold=33539
is_linear=0
shrinkage=0.035


Tree=22
num_leaves=15
num_cat=0
split_feature=10 13 10 13 0 13 0 17 0 0 0 0 0 0
split_gain=26052.4 1781.68 1011.97 504.681 278.218 185.667 158.164 127.87 112.947 106.22 68.6251 65.6549 56.7218 44.6218
threshold=50.016666666666673 165.12500000000003 28.422619047619051 72.050000000000011 39.050000000000004 250.25000000000003 57.550000000000004 5.6546776024675287 100.50000000000001 29.100000000000005 49.050000000000004 51.850000000000001 250.50000000000003 170.50000000000003
decision_type=10 10 8 10 8 10 10 8 10 10 8 10 8 10
left_child=2 3 9 6 -4 13 10 -6 -5 -1 -2 -9 -7 -3
right_child=1 5 4 8 7 12 -8 11 -10 -11 -12 -13 -14 -15
leaf_value=-0.74279416906917151 -0.1730664203164283 0.81408399119200281 -0.19456079088977693 0.28043760088391001 -0.13775966315292376 1.580062002276664 0.13726756216605199 -0.14280668543871619 0.57972250871440123 -0.18961372112925226 0.0041475399763988997 0.021186364924169469 8.7025620022766645 1.2610726105244472
leaf_weight=16082 595 1007 4311 5576 1391 499 2640 2413 5427 769 1798 558 8512 2146
leaf_count=16082 595 1007 4311 5576 1391 499 2640 2413 5427 769 1798 558 8512 2146
internal_value=-0.00281021 0.0203758 -0.0284261 0.0127074 -0.0186938 0.0304758 0.00352223 -0.0124387 0.0169054 -0.0334282 -0.00299208 -0.00831485 0.0330474 0.0230858
internal_weight=53724 28200 25524 16036 8673 12164 5033 4362 11003 16851 2393 2971 9011 3153
internal_count=53724 28200 25524 16036 8673 12164 5033 4362 11003 16851 2393 2971 9011 3153
is_linear=0
shrinkage=0.035


Tree=23
num_leaves=15
num_cat=1
split_feature=13 13 10 10 0 0 0 0 17 0 32 0 10 0
split_gain=25340 1862.11 997.796 617.546 248.185 153.789 130.173 125.644 121.126 105.462 77.3302 74.1883 54.1639 45.487
threshold=49.025000000000006 210.25000000000003 28.422619047619051 71.183333333333351 38.100000000000009 93.250000000000014 250.50000000000003 57.550000000000004 5.6546776024675287 29.100000000000005 0 60.150000000000006 61.422619047619058 169.75000000000003
decision_type=10 10 8 10 8 10 8 10 8 10 1 10 10 10
left_child=2 3 9 7 -4 -5 -3 12 -6 -1 13 -10 -2 -7
right_child=1 6 4 5 8 10 -8 -9 11 -11 -12 -13 -14 -15
leaf_value=-0.71679637315175049 -0.052459767022265465 1.1159244609083083 -0.19179101486053926 0.25820943386319062 -0.1333526344373859 0.47503813894622443 8.2054723321969814 0.11215373831164983 -0.13680502298086217 -0.18297724088972833 0.57845299440591269 0.29605869442787447 0.10394731717617547 1.2363235506183401
leaf_weight=16082 1949 1412 4162 5075 1403 2082 8948 2391 2654 769 5224 198 655 720
leaf_count=16082 1949 1412 4162 5075 1403 2082 8948 2391 2654 769 5224 198 655 720
internal_value=-0.00286754 0.0197818 -0.0283734 0.0130015 -0.018514 0.0169926 0.0316131 0.002527 -0.0125458 -0.0332911 0.0200125 -0.00837942 -0.00279034 0.0150337
internal_weight=53724 28456 25268 18096 8417 13101 10360 4995 4255 16851 8026 2852 2604 2802
internal_count=53724 28456 25268 18096 8417 13101 10360 4995 4255 16851 8026 2852 2604 2802
cat_boundaries=0 1
cat_threshold=33547
is_linear=0
shrinkage=0.035


Tree=24
num_leaves=15
num_cat=1
split_feature=13 10 10 10 0 0 17 0 0 32 0 0 10 1
split_gain=24853 1866.32 1024.62 616.162 295.535 171.079 134.926 122.36 108.724 89.7317 69.9475 63.4547 48.9906 41.8339
threshold=49.025000000000006 228.6428571428572 25.841666666666669 71.183333333333351 38.100000000000009 93.250000000000014 5.6546776024675287 57.550000000000004 250.50000000000003 0 60.150000000000006 29.950000000000003 61.422619047619058 43.050000000000004
decision_type=10 10 8 10 8 10 8 10 8 1 10 10 10 8
left_child=2 3 11 7 -4 -5 -6 12 -3 -7 13 -1 -2 -8
right_child=1 8 4 5 6 9 10 -9 -10 -11 -12 -13 -14 -15
leaf_value=-0.72670850009143917 -0.050623675176486249 1.0768671047765177 -0.18846451258893221 0.25198875976582485 -0.13822847157848925 0.65292216848728657 -0.17278728098729348 0.10822835747074216 7.9182808005700869 0.57433708157714403 0.26794685869596202 -0.19379255612552707 0.10030916107500923 -0.096380733835715673
leaf_weight=15089 1949 993 5319 5151 1557 2987 1358 2391 8838 5492 201 339 655 1405
leaf_count=15089 1949 993 5319 5151 1557 2987 1358 2391 8838 5492 201 339 655 1405
internal_value=-0.00293659 0.019494 -0.0281961 0.0129761 -0.019354 0.0168287 -0.0127519 0.002457 0.0318295 0.0198886 -0.00834624 -0.0338275 -0.00279034 -0.00979949
internal_weight=53724 28456 25268 18625 9840 13630 4521 4995 9831 8479 2964 15428 2604 2763
internal_count=53724 28456 25268 18625 9840 13630 4521 4995 9831 8479 2964 15428 2604 2763
cat_boundaries=0 1
cat_threshold=33547
is_linear=0
shrinkage=0.035


Tree=25
num_leaves=15
num_cat=1
split_feature=10 13 10 0 0 1 0 17 0 32 1 0 1 0
split_gain=24267.7 1829.72 1125.21 616.53 274.985 175.12 135.172 120.995 100.805 96.8492 68.9591 59.0204 56.2332 41.4983
threshold=50.016666666666673 250.25000000000003 27.146428571428572 93.250000000000014 38.100000000000009 72.050000000000011 49.050000000000004 5.6546776024675287 27.550000000000004 0 250.50000000000003 62.600000000000009 43.050000000000004 180.25000000000003
decision_type=10 10 8 10 8 10 8 8 10 1 8 10 8 10
left_child=2 3 8 5 -4 6 -2 -6 -1 13 -3 -8 -9 -5
right_child=1 10 4 9 7 -7 11 12 -10 -11 -12 -13 -14 -15
leaf_value=-0.69427370926395893 -0.16340117512839689 1.4480121273980124 -0.17748702082191437 0.49525166543190541 -0.12534435482411196 0.28542916948446734 0.015669071162948321 -0.16591813850779716 -0.17802189456562706 0.59810584174650638 7.7286409725501342 0.12675231235430379 -0.052361688541967169 1.1817648288794627
leaf_weight=15361 647 444 4767 2381 1539 4238 2839 1399 752 6023 8567 2198 1706 863
leaf_count=15361 647 444 4767 2381 1539 4238 2839 1399 752 6023 8567 2198 1706 863
internal_value=-0.00303691 0.0193409 -0.0277598 0.0132257 -0.0181282 0.00715725 0.00313763 -0.0120456 -0.0333779 0.0197158 0.0323486 0.00507438 -0.00804662 0.0146057
internal_weight=53724 28200 25524 19189 9411 9922 5684 4644 16113 9267 9011 5037 3105 3244
internal_count=53724 28200 25524 19189 9411 9922 5684 4644 16113 9267 9011 5037 3105 3244
cat_boundaries=0 1
cat_threshold=33547
is_linear=0
shrinkage=0.035


Tree=26
num_leaves=15
num_cat=1
split_feature=10 13 10 0 0 10 16 0 32 0 1 0 8 0
split_gain=23632.2 1930.65 1133.66 581.196 293.418 192.634 123.85 83.6982 71.5352 63.2422 54.0312 53.3183 47.3684 46.9349
threshold=49.276190476190486 250.25000000000003 25.430952380952384 100.50000000000001 37.100000000000009 59.175000000000004 4.5460605656618096 250.50000000000003 0 51.850000000000001 75.15000000000002 25.050000000000004 5.3062177848680641 51.850000000000001
decision_type=10 10 8 10 8 10 8 8 1 10 10 10 2 10
left_child=2 3 11 5 12 9 -6 -3 -5 -2 -7 -1 -4 -8
right_child=1 7 4 8 6 10 13 -9 -10 -11 -12 -13 -14 -15
leaf_value=-0.71197412276400018 -0.093266532313402747 1.2825096933587581 -0.15331266232658788 0.6035270007544683 -0.12296548515439833 0.11181619150071946 -0.1305548413899594 7.5806385385108799 0.66894299667953216 0.031323697027127194 0.29929246861463682 -0.18697412276400011 -0.20167952307112949 0.022400344263921498
leaf_weight=14452 1162 499 2249 3870 1827 4239 2655 8512 4315 1156 4651 734 2896 507
leaf_count=14452 1162 499 2249 3870 1827 4239 2655 8512 4315 1156 4651 734 2896 507
internal_value=-0.00309032 0.018825 -0.0276738 0.0125995 -0.0185926 0.00741639 -0.012524 0.0322089 0.019688 -0.00156694 0.00975829 -0.0337259 -0.0244592 -0.0083107
internal_weight=53724 28404 25320 19393 10134 11208 4989 9011 8185 2318 8890 15186 5145 3162
internal_count=53724 28404 25320 19393 10134 11208 4989 9011 8185 2318 8890 15186 5145 3162
cat_boundaries=0 1
cat_threshold=31840
is_linear=0
shrinkage=0.035


Tree=27
num_leaves=15
num_cat=1
split_feature=13 13 10 0 0 10 0 16 0 32 1 14 0 0
split_gain=22632.6 1949.08 1157.49 567.904 354.02 214.506 138.721 81.798 81.6256 77.6408 60.2477 53.975 46.0593 38.6582
threshold=49.025000000000006 267.70000000000005 23.50714285714286 100.50000000000001 34.900000000000006 59.175000000000004 46.100000000000009 3.7638632635471687 270.75000000000006 0 118.10000000000001 125.25000000000001 64.100000000000009 140.50000000000003
decision_type=10 10 8 10 8 10 10 8 8 1 10 10 10 10
left_child=2 3 -1 5 -4 12 7 -6 -3 13 11 -7 -2 -5
right_child=1 8 4 9 6 10 -8 -9 -10 -11 -12 -13 -14 -15
leaf_value=-0.68705502846726008 -0.035663763376177222 1.1326218540912019 -0.18043002846726014 0.36631649173440978 -0.13326713178154942 0.14735976799575132 -0.023150174440442726 -0.13900518882455548 8.1553161896629991 0.66105014274292873 0.66593834222126413 -0.086075902639233495 0.20809970522578108 0.86148483824539579
leaf_weight=14028 2151 575 4986 1814 1786 6943 1172 3296 8040 4431 1520 451 277 2254
leaf_count=14028 2151 575 4986 1814 1786 6943 1172 3296 8040 4431 1520 451 277 2254
internal_value=-0.00302779 0.0183774 -0.0271325 0.0123362 -0.0187497 0.00720543 -0.0131858 -0.015687 0.0322755 0.0191751 0.00971634 0.00840114 -0.00201397 0.0227676
internal_weight=53724 28456 25268 19841 11240 11342 6254 5082 8615 8499 8914 7394 2428 4068
internal_count=53724 28456 25268 19841 11240 11342 6254 5082 8615 8499 8914 7394 2428 4068
cat_boundaries=0 1
cat_threshold=31840
is_linear=0
shrinkage=0.035


Tree=28
num_leaves=15
num_cat=2
split_feature=13 13 10 0 0 10 0 0 32 16 1 0 32 14
split_gain=21705.5 1818.79 1206.85 524.983 342.958 189.436 130.382 107.344 81.3108 74.4588 62.0169 58.2222 56.4521 51.3093
threshold=49.025000000000006 267.70000000000005 23.50714285714286 100.50000000000001 34.900000000000006 59.175000000000004 45.050000000000004 300.80000000000007 0 3.7638632635471687 118.10000000000001 24.750000000000004 1 125.25000000000001
decision_type=10 10 8 10 8 10 10 8 1 8 10 10 1 10
left_child=2 3 11 5 -4 -2 9 12 -5 -6 13 -1 -3 -7
right_child=1 7 4 8 6 10 -8 -9 -10 -11 -12 -13 -14 -15
leaf_value=-0.66300810247090602 -0.019836260489763263 1.2198801230247935 -0.17411497747090604 0.57177711504826778 -0.12860278216919513 0.1422021761159 -0.02736006964058792 8.5698801230247934 0.63791338774692652 -0.13512894029453093 0.64263050024351975 -0.2310919097147707 0.77030209877833322 -0.08306324604686019
leaf_weight=13442 2428 930 4986 4068 1763 6943 1247 7350 4431 3244 1520 586 335 451
leaf_count=13442 2428 930 4986 4068 1763 6943 1247 7350 4431 3244 1520 586 335 451
internal_value=-0.00311117 0.0178511 -0.026717 0.0120153 -0.0181583 0.00708205 -0.0126825 0.0312767 0.0185907 -0.0152025 0.00944164 -0.0335659 0.021689 0.00810785
internal_weight=53724 28456 25268 19841 11240 11342 6254 8615 8499 5007 8914 14028 1265 7394
internal_count=53724 28456 25268 19841 11240 11342 6254 8615 8499 5007 8914 14028 1265 7394
cat_boundaries=0 1 2
cat_threshold=31840 19796
is_linear=0
shrinkage=0.035


Tree=29
num_leaves=15
num_cat=1
split_feature=10 13 10 10 0 0 0 16 0 32 8 1 0 0
split_gain=21137 1933.55 1161.51 537.871 323.668 186.157 124.602 108.281 106.871 71.2194 58.1171 53.2481 43.3857 39.768
threshold=47.516666666666673 267.70000000000005 22.607142857142865 74.836666666666687 34.900000000000006 155.50000000000003 55.100000000000009 3.9462067354543207 300.80000000000007 0 60.699930841285386 58.550000000000004 52.550000000000004 23.050000000000004
decision_type=10 10 8 10 8 10 10 8 8 1 2 10 10 10
left_child=2 3 13 6 -4 9 11 -6 10 -5 -3 -2 -9 -1
right_child=1 8 4 5 7 -7 -8 12 -10 -11 -12 -13 -14 -15
leaf_value=-0.67480281888442439 -0.07252366502279145 1.1771843187189253 -0.16919910437473368 0.23781671899885434 -0.12056852909856489 0.93027830167054804 0.09233668451778293 -0.12444782163554863 8.2699343187189278 0.32573859166072144 1.1552842848921421 0.039869847018990399 0.018075018916218575 -0.234919885630889
leaf_weight=12929 1921 646 5398 2098 2038 3764 3180 3535 7350 8370 619 900 377 599
leaf_count=12929 1921 646 5398 2098 2038 3764 3180 3535 7350 8370 619 900 377 599
internal_value=-0.00323494 0.01715 -0.0268735 0.0112326 -0.0186021 0.0149371 0.00244172 -0.0129538 0.0310331 0.0125255 0.0214685 -0.00291047 -0.00952515 -0.0338026
internal_weight=53724 28848 24876 20233 11348 14232 6001 5950 8615 10468 1265 2821 3912 13528
internal_count=53724 28848 24876 20233 11348 14232 6001 5950 8615 10468 1265 2821 3912 13528
cat_boundaries=0 1
cat_threshold=587
is_linear=0
shrinkage=0.035


Tree=30
num_leaves=15
num_cat=2
split_feature=13 13 10 0 0 10 0 0 0 16 32 1 32 0
split_gain=20482.1 1894.63 1300.33 501.71 361.554 176.218 129.812 95.8631 92.7809 69.2525 54.5606 52.8276 50.7345 43.3879
threshold=49.025000000000006 285.55000000000007 22.607142857142865 100.50000000000001 34.900000000000006 59.175000000000004 45.050000000000004 300.80000000000007 155.50000000000003 3.9462067354543207 0 75.15000000000002 1 64.100000000000009
decision_type=10 10 8 10 8 10 10 8 10 8 1 10 1 10
left_child=2 3 -1 5 -4 13 9 12 10 -6 -5 -7 -3 -2
right_child=1 7 4 8 6 11 -8 -9 -10 -11 -12 -13 -14 -15
leaf_value=-0.6161847202234696 -0.032222397614506453 0.55308456576954323 -0.16351036925361848 0.40716359569163424 -0.12143574447976895 0.095105402552023474 -0.022400753282873984 8.3304866175637642 0.91439569769805906 -0.12571967593978034 0.38989023510661719 0.26646302242188885 1.4509828675637637 0.19827870070189788
leaf_weight=13528 2151 224 5413 1405 1932 4216 1248 7190 4269 3147 3341 4768 615 277
leaf_count=13528 2151 224 5413 1405 1932 4216 1248 7190 4269 3147 3341 4768 615 277
internal_value=-0.00332353 0.0170395 -0.0262545 0.0113726 -0.017719 0.00649295 -0.0120223 0.0314408 0.0175427 -0.0145053 0.0141444 0.00875292 0.0200296 -0.00187012
internal_weight=53724 28456 25268 20427 11740 11412 6327 8029 9015 5079 4746 8984 839 2428
internal_count=53724 28456 25268 20427 11740 11412 6327 8029 9015 5079 4746 8984 839 2428
cat_boundaries=0 1 2
cat_threshold=779 45578
is_linear=0
shrinkage=0.035


Tree=31
num_leaves=15
num_cat=2
split_feature=10 10 10 10 0 0 0 16 1 32 0 0 32 0
split_gain=19708.9 1934.99 1251.35 521.274 311.952 195.248 110.189 107.342 98.9175 75.7237 62.2176 61.3529 53.2881 52.9803
threshold=47.516666666666673 284.30952380952385 22.607142857142865 74.836666666666687 31.050000000000004 140.50000000000003 57.550000000000004 3.9462067354543207 300.80000000000007 0 23.050000000000004 268.25000000000006 1 300.80000000000007
decision_type=10 10 8 10 8 10 10 8 8 1 10 10 1 8
left_child=2 3 10 6 -4 12 -2 -6 11 -7 -1 -3 -5 -10
right_child=1 8 4 5 7 9 -8 -9 13 -11 -12 -13 -14 -15
leaf_value=-0.62961825501564816 -0.025313763082216102 0.33891958594903321 -0.17181777980903942 0.18915391179906296 -0.11039801706091684 0.77168742296245829 0.091207483706842896 -0.11137233019238717 1.4359649683829676 0.7980670724548492 -0.20513122442598655 1.3889195859490333 0.28504210759721499 9.0889195859490339
leaf_weight=12929 3026 307 4486 1947 2578 2686 2975 4284 472 2492 599 528 7593 6822
leaf_count=12929 3026 307 4486 1947 2578 2686 2975 4284 472 2492 599 528 7593 6822
internal_value=-0.00333005 0.0163543 -0.0261561 0.0106719 -0.0175724 0.0142159 0.00197552 -0.0128644 0.0308219 0.0196913 -0.0333474 0.0192083 0.0112352 0.0321373
internal_weight=53724 28848 24876 20719 11348 14718 6001 6862 8129 5178 13528 835 9540 7294
internal_count=53724 28848 24876 20719 11348 14718 6001 6862 8129 5178 13528 835 9540 7294
cat_boundaries=0 1 2
cat_threshold=64608 587
is_linear=0
shrinkage=0.035


Tree=32
num_leaves=15
num_cat=2
split_feature=13 13 10 10 0 0 0 16 0 32 0 23 32 0
split_gain=19231.2 2052.34 1174.79 620.724 278.811 215.291 118.369 101.644 82.6977 81.6148 65.6468 53.1689 53.1433 51.2084
threshold=45.025000000000006 300.25000000000006 21.808333333333337 74.836666666666687 31.050000000000004 140.50000000000003 57.550000000000004 3.9462067354543207 300.80000000000007 0 39.850000000000009 1.6557367885011527 1 21.050000000000004
decision_type=10 10 8 10 8 10 10 8 8 1 8 10 1 10
left_child=2 3 13 6 -4 12 10 -6 -3 -7 -2 -9 -5 -1
right_child=1 8 4 5 7 9 -8 11 -10 -11 -12 -13 -14 -15
leaf_value=-0.62061032120817339 -0.2747661003044512 1.5490711326910047 -0.1669874993891155 0.1813258353567008 -0.10914431021327613 0.79066673758119665 0.087040422546428575 -0.11788388329916633 8.2458074004408175 0.77675363903546302 -0.013941921844966442 0.08663753995270454 0.27697582618056438 -0.19139259282429216
leaf_weight=12324 330 483 4816 1962 2486 3065 2978 3632 6956 2701 3248 318 7656 769
leaf_count=12324 330 483 4816 1962 2486 3065 2978 3632 6956 2701 3248 318 7656 769
internal_value=-0.00337043 0.0156907 -0.0263715 0.0102998 -0.0180643 0.0141419 0.00128029 -0.0132805 0.0315724 0.0194923 -0.00300865 -0.00976991 0.0109259 -0.0335009
internal_weight=53724 29379 24345 21940 11252 15384 6556 6436 7439 5766 3578 3950 9618 13093
internal_count=53724 29379 24345 21940 11252 15384 6556 6436 7439 5766 3578 3950 9618 13093
cat_boundaries=0 1 2
cat_threshold=64608 587
is_linear=0
shrinkage=0.035


Tree=33
num_leaves=15
num_cat=3
split_feature=13 13 10 10 0 0 0 16 0 0 32 32 0 32
split_gain=18697.3 2021.88 1210.41 585.022 272.597 215.085 112.882 99.1834 90.4709 61.4511 57.633 57.5774 50.5863 49.4732
threshold=45.025000000000006 313.62500000000006 21.338095238095242 74.836666666666687 31.050000000000004 155.50000000000003 55.100000000000009 3.9462067354543207 321.00000000000006 39.850000000000009 0 1 73.100000000000009 2
decision_type=10 10 8 10 8 10 10 8 8 8 1 1 10 1
left_child=2 3 -1 6 13 10 9 -6 -3 -2 -5 -7 -9 -4
right_child=1 8 4 5 7 11 -8 12 -10 -11 -12 -13 -14 -15
leaf_value=-0.58586025484781445 -0.26514928679379529 1.1322041414253885 -0.17681489586764534 0.20680647533117474 -0.10532425935581154 0.8277094526595985 0.077985079101030377 -0.11123877290593741 8.8322041414253896 -0.017040744871462652 0.28241160798494325 0.89861986534736493 0.75093972359448569 -0.15761756952041733
leaf_weight=12878 330 611 1684 2137 2508 2653 3192 3887 6582 3034 8508 2332 82 3306
leaf_count=12878 330 611 1684 2137 2508 2653 3192 3887 6582 3034 8508 2332 82 3306
internal_value=-0.00343036 0.0153643 -0.0261099 0.010132 -0.0178264 0.013812 0.00135498 -0.0130724 0.0314844 -0.00311665 0.010993 0.0198146 -0.00960871 -0.023978
internal_weight=53724 29379 24345 22186 11467 15630 6556 6477 7193 3364 10645 4985 3969 4990
internal_count=53724 29379 24345 22186 11467 15630 6556 6477 7193 3364 10645 4985 3969 4990
cat_boundaries=0 1 2 3
cat_threshold=587 31840 5902
is_linear=0
shrinkage=0.035


Tree=34
num_leaves=15
num_cat=2
split_feature=13 13 10 10 0 0 0 16 0 0 32 0 32 0
split_gain=17950.1 1901.02 1287.53 579.767 269.763 215.712 105.963 85.0459 73.3376 61.5263 61.0769 56.4052 52.7894 49.3998
threshold=45.025000000000006 325.20000000000005 21.338095238095242 74.836666666666687 31.050000000000004 160.50000000000003 57.550000000000004 3.9462067354543207 350.75000000000006 39.850000000000009 0 21.050000000000004 1 73.100000000000009
decision_type=10 10 8 10 8 10 10 8 8 8 1 10 1 10
left_child=2 3 11 6 -4 10 9 -6 -3 -2 -5 -1 -7 -9
right_child=1 8 4 5 7 12 -8 13 -10 -11 -12 -13 -14 -15
leaf_value=-0.58285514592814092 -0.25586906175601254 1.3305769964754997 -0.1556263219772818 0.20427870781060403 -0.10163791027835814 0.83950349694930981 0.081264529988767376 -0.10734541585422969 10.273076996475501 -0.012857528509891285 0.27742428642650496 -0.17074778190255319 0.90344003098318471 0.72465683326867869
leaf_weight=12209 330 834 4990 2228 2508 2604 2978 3887 5970 3248 8940 669 2247 82
leaf_count=12209 330 834 4990 2228 2508 2604 2978 3887 5970 3248 8940 669 2247 82
internal_value=-0.00354892 0.0148664 -0.0257706 0.00997453 -0.0172285 0.0135618 0.00120561 -0.0125 0.031078 -0.00285236 0.0108762 -0.0333672 0.0197271 -0.00929165
internal_weight=53724 29379 24345 22575 11467 16019 6556 6477 6804 3578 11168 12878 4851 3969
internal_count=53724 29379 24345 22575 11467 16019 6556 6477 6804 3578 11168 12878 4851 3969
cat_boundaries=0 1 2
cat_threshold=587 31808
is_linear=0
shrinkage=0.035


Tree=35
num_leaves=15
num_cat=2
split_feature=13 13 10 0 0 1 32 0 16 0 0 1 0 32
split_gain=17104.6 1884.99 1295.17 568.351 299.041 189.342 130.317 79.4395 71.4647 71.3323 70.1139 66.0262 65.2682 50.4484
threshold=45.025000000000006 330.25000000000006 20.108333333333338 95.100000000000009 31.050000000000004 57.100000000000009 0 330.75000000000006 2.8577380332466946 19.550000000000004 50.050000000000004 99.750000000000014 170.50000000000003 1
decision_type=10 10 8 10 8 8 1 8 8 10 10 10 10 1
left_child=2 3 9 5 13 10 12 -3 -6 -1 -2 -7 -5 -4
right_child=1 7 4 6 8 11 -8 -9 -10 -11 -12 -13 -14 -15
leaf_value=-0.57995521582065601 -0.10591867374683536 1.2465547028120674 -0.17074059582690115 0.3474530230980985 -0.10168227117240043 0.065606312979864689 0.54158728063842476 9.108519301598859 -0.098239583869056166 -0.159955215820656 0.026773965962513274 0.43627251633213954 0.8542004627576304 -0.150179400708077
leaf_weight=11376 1532 450 1873 3578 1514 6889 4874 6217 5087 807 1034 2208 2597 3688
leaf_count=11376 1532 450 1873 3578 1514 6889 4874 6217 5087 807 1034 2208 2597 3688
internal_value=-0.00338867 0.0145877 -0.0250807 0.00978034 -0.0169894 0.0043885 0.0154673 0.030945 -0.0119369 -0.0331478 -0.00400233 0.00675621 0.0188683 -0.0229707
internal_weight=53724 29379 24345 22712 12162 11663 11049 6667 6601 12183 2566 9097 6175 5561
internal_count=53724 29379 24345 22712 12162 11663 11049 6667 6601 12183 2566 9097 6175 5561
cat_boundaries=0 1 2
cat_threshold=23780 5902
is_linear=0
shrinkage=0.035


Tree=36
num_leaves=15
num_cat=2
split_feature=13 13 10 0 0 10 32 0 16 0 32 1 14 0
split_gain=16427.4 1856.81 1341.18 553.629 345.115 186.613 130.126 83.1803 71.4419 62.6671 62.6441 56.3485 60.1156 55.8381
threshold=45.025000000000006 350.25000000000006 18.516666666666669 97.750000000000014 31.050000000000004 58.058333333333344 0 140.50000000000003 3.9462067354543207 361.00000000000006 1 118.10000000000001 125.25000000000001 39.850000000000009
decision_type=10 10 8 10 8 10 1 10 8 8 1 10 10 8
left_child=2 3 -1 5 10 13 -5 -8 -6 -3 -4 12 -7 -2
right_child=1 9 4 6 8 11 7 -9 -10 -11 -12 -13 -14 -15
leaf_value=-0.55965678326693302 -0.23580075202703682 1.5447211260428981 -0.17192251791487612 0.509916554875673 -0.097167281785641546 0.095579280623821261 0.28492608537612973 0.73287738700043437 -0.09657915970618515 9.7697211260428993 -0.14723330729288878 0.52120746935239115 -0.18636969881983773 -0.014222690261560979
leaf_weight=11312 265 541 2136 3426 2659 6673 3144 4756 4100 5657 4138 1614 440 2863
leaf_count=11312 265 541 2136 3426 2659 6673 3144 4756 4100 5657 4138 1614 440 2863
internal_value=-0.00350332 0.0141136 -0.0247616 0.00955986 -0.0170973 0.00427024 0.0150922 0.017573 -0.0115959 0.0311236 -0.02301 0.00689819 0.00555142 -0.00306096
internal_weight=53724 29379 24345 23181 13033 11855 11326 7900 6759 6198 6274 8727 7113 3128
internal_count=53724 29379 24345 23181 13033 11855 11326 7900 6759 6198 6274 8727 7113 3128
cat_boundaries=0 1 2
cat_threshold=779 5902
is_linear=0
shrinkage=0.035


Tree=37
num_leaves=15
num_cat=3
split_feature=13 13 10 0 0 1 0 16 32 32 0 0 0 32
split_gain=15868.4 1873.51 1408.61 516.364 317.702 176.974 135.269 76.4924 71.5578 65.9521 65.8373 65.6499 63.039 56.9261
threshold=45.025000000000006 350.25000000000006 18.008333333333336 97.750000000000014 30.150000000000002 57.100000000000009 170.50000000000003 3.9462067354543207 0 1 50.050000000000004 72.050000000000011 400.50000000000006 2
decision_type=10 10 8 10 8 8 10 8 1 1 10 8 8 1
left_child=2 3 -1 5 8 10 9 -6 -4 -5 -2 -7 -3 -8
right_child=1 12 4 6 7 11 13 -9 -10 -11 -12 -13 -14 -15
leaf_value=-0.54006879585259038 -0.10184101052645585 1.5610464436534692 -0.14796200683969377 0.21731698017654941 -0.094670175681046867 0.032798370724893576 0.84909975333511756 -0.094437328156115261 -0.14954577104062219 0.3330811676049793 0.026100545846871184 0.1716428315858407 11.002780886631397 0.82718946268798932
leaf_weight=11097 1533 1054 2548 1512 2784 3479 1871 4163 3753 4827 1036 5807 5144 3116
leaf_count=11097 1533 1054 2548 1512 2784 3479 1871 4163 3753 4827 1036 5807 5144 3116
internal_value=-0.0034916 0.013823 -0.024385 0.0092489 -0.0166694 0.00414039 0.0145918 -0.0114938 -0.022362 0.011183 -0.00398407 0.00638898 0.0309092 0.0189093
internal_weight=53724 29379 24345 23181 13248 11855 11326 6947 6301 6339 2569 9286 6198 4987
internal_count=53724 29379 24345 23181 13248 11855 11326 6947 6301 6339 2569 9286 6198 4987
cat_boundaries=0 1 2 3
cat_threshold=22286 771 33562
is_linear=0
shrinkage=0.035


Tree=38
num_leaves=15
num_cat=3
split_feature=13 13 10 0 0 10 0 16 0 32 0 32 32 1
split_gain=15406.2 1871.8 1444.99 505.177 309.419 166.675 125.75 76.2259 72.0629 71.4145 70.6441 62.5459 59.4125 55.3311
threshold=45.025000000000006 360.32500000000005 18.008333333333336 97.750000000000014 30.150000000000002 58.058333333333344 177.10000000000002 3.3266599866335587 19.550000000000004 0 361.00000000000006 1 2 97.750000000000014
decision_type=10 10 8 10 8 10 10 8 10 1 8 1 1 10
left_child=2 3 8 5 9 -2 11 -6 -1 -4 -3 -5 -8 -7
right_child=1 10 4 6 7 13 12 -9 -10 -11 -12 -13 -14 -15
leaf_value=-0.52116638799774961 -0.027333448219821935 1.5936755220610617 -0.14278333660030443 0.21176856495876695 -0.090430687323870745 0.071224435288820734 0.82225079455639927 -0.091656583021445762 -0.11586638799774968 -0.14431166905420045 9.5416281290123859 0.32154962338450888 0.81664846308929306 0.39209277143086579
leaf_weight=10722 3128 428 2548 1517 2156 6382 1913 4791 375 3753 5564 4902 3173 2372
leaf_count=10722 3128 428 2548 1517 2156 6382 1913 4791 375 3753 5564 4902 3173 2372
internal_value=-0.00351635 0.0135443 -0.0241033 0.0090687 -0.0162891 0.00400437 0.014295 -0.0111817 -0.0334206 -0.0219069 0.0309905 0.0110219 0.0184109 0.00648133
internal_weight=53724 29379 24345 23387 13248 11882 11505 6947 11097 6301 5992 6419 5086 8754
internal_count=53724 29379 24345 23387 13248 11882 11505 6947 11097 6301 5992 6419 5086 8754
cat_boundaries=0 1 2 3
cat_threshold=22286 771 33562
is_linear=0
shrinkage=0.035


Tree=39
num_leaves=15
num_cat=2
split_feature=13 13 10 0 0 1 0 16 0 32 0 32 0 0
split_gain=14887.7 1786.75 1505.16 495.396 292.726 161.927 127.954 73.4977 71.8626 66.3069 63.1234 62.5844 59.964 59.474
threshold=45.025000000000006 378.25000000000006 18.008333333333336 97.750000000000014 31.050000000000004 57.100000000000009 170.50000000000003 3.3266599866335587 19.050000000000004 0 400.50000000000006 1 50.050000000000004 76.90000000000002
decision_type=10 10 8 10 8 8 10 8 10 1 8 1 10 8
left_child=2 3 8 5 9 12 -5 -6 -1 -4 -3 -8 -2 -7
right_child=1 10 4 6 7 13 11 -9 -10 -11 -12 -13 -14 -15
leaf_value=-0.50292556441782843 -0.097319904470336144 1.6891872765880911 -0.13778591981929383 0.29916148316242103 -0.088191645475874686 0.034778555748958329 0.77172205774378633 -0.088378365465406658 -0.12483976953590138 -0.13891860710836315 10.493726571083865 0.87963275380584383 0.025050833456255913 0.17867030537197146
leaf_weight=10693 1533 705 2590 6342 2076 3944 3126 4732 404 3850 5003 2279 1036 5411
leaf_count=10693 1533 705 2590 6342 2076 3944 3126 4732 404 3850 5003 2279 1036 5411
internal_value=-0.00359843 0.0131726 -0.0238359 0.00893035 -0.0158613 0.00390226 0.0140304 -0.0107882 -0.0333449 -0.0212118 0.0307422 0.0179917 -0.00387529 0.006039
internal_weight=53724 29379 24345 23671 13248 11924 11747 6808 11097 6440 5708 5405 2569 9355
internal_count=53724 29379 24345 23671 13248 11924 11747 6808 11097 6440 5708 5405 2569 9355
cat_boundaries=0 1 2
cat_threshold=22286 23748
is_linear=0
shrinkage=0.035


Tree=40
num_leaves=15
num_cat=2
split_feature=13 13 10 0 0 10 32 0 0 1 0 0 32 17
split_gain=14419.1 1788.91 1532.72 455.776 311.638 170.332 108.674 82.8113 80.1858 75.6049 70.3918 58.0061 55.0783 52.3068
threshold=45.025000000000006 378.25000000000006 17.508333333333336 107.90000000000002 27.550000000000004 59.175000000000004 0 45.050000000000004 19.550000000000004 431.00000000000006 240.25000000000003 39.850000000000009 1 3.2987313625784362
decision_type=10 10 8 10 8 10 1 10 10 8 10 8 1 8
left_child=2 3 8 5 12 11 -5 13 -1 -3 -8 -2 -4 -6
right_child=1 9 4 6 7 -7 10 -9 -10 -11 -12 -13 -14 -15
leaf_value=-0.49232316298748424 -0.22655327775649411 1.8050657219075081 -0.15767255671588667 0.4883039027657341 -0.083974999999719357 0.11551514276476987 0.35295532418162112 -0.015045771751235507 -0.10744167248407188 11.316446141095929 0.8532593640243088 -0.0090824996903597112 -0.14521691097691672 -0.092176078620992433
leaf_weight=10544 272 935 1766 3417 1829 9633 4815 794 307 4773 2461 3073 2986 6119
leaf_count=10544 272 935 1766 3417 1829 9633 4815 794 307 4773 2461 3073 2986 6119
internal_value=-0.00364924 0.0128558 -0.0235657 0.00861104 -0.0156812 0.00420011 0.0139601 -0.011748 -0.033359 0.0304358 0.0163887 -0.00260149 -0.0228968 -0.0128241
internal_weight=53724 29379 24345 23671 13494 12978 10693 8742 10851 5708 7276 3345 4752 7948
internal_count=53724 29379 24345 23671 13494 12978 10693 8742 10851 5708 7276 3345 4752 7948
cat_boundaries=0 1 2
cat_threshold=33547 22286
is_linear=0
shrinkage=0.035


Tree=41
num_leaves=15
num_cat=2
split_feature=13 13 10 0 0 10 32 0 0 0 0 0 32 1
split_gain=13902.9 1722.83 1598.97 435.983 276.62 160.062 103.147 100.914 88.0701 82.8282 75.4666 52.8656 52.7605 51.0707
threshold=45.025000000000006 378.25000000000006 18.008333333333336 107.90000000000002 25.050000000000004 59.175000000000004 0 411.00000000000006 18.050000000000004 45.050000000000004 240.25000000000003 39.850000000000009 1 118.10000000000001
decision_type=10 10 8 10 8 10 1 8 10 10 10 8 1 10
left_child=2 3 8 5 12 11 -5 -3 -1 -6 -8 -2 -4 -7
right_child=1 7 4 6 9 13 10 -9 -10 -11 -12 -13 -14 -15
leaf_value=-0.46809185895864242 -0.21862391303501683 1.4004392643049481 -0.17259126830681545 0.47121326616893333 -0.08645615231771768 0.077426461780929767 0.34060188783526441 10.027870526157573 -0.11562759218146069 -0.014519169739942371 0.82339528628345737 -0.0087646122011971889 -0.15365656463612637 0.46968252903257496
leaf_weight=10608 272 778 1397 3417 8648 7716 4815 4930 489 794 2461 3073 2409 1917
leaf_count=10608 272 778 1397 3417 8648 7716 4815 4930 489 794 2461 3073 2409 1917
internal_value=-0.00367269 0.0125342 -0.0232294 0.0083686 -0.0150109 0.00405453 0.0136002 0.0297865 -0.0330296 -0.0117889 0.0159663 -0.00253881 -0.0229782 0.00634416
internal_weight=53724 29379 24345 23671 13248 12978 10693 5708 11097 9442 7276 3345 3806 9633
internal_count=53724 29379 24345 23671 13248 12978 10693 5708 11097 9442 7276 3345 3806 9633
cat_boundaries=0 1 2
cat_threshold=33547 5902
is_linear=0
shrinkage=0.035


Tree=42
num_leaves=15
num_cat=3
split_feature=13 13 10 0 0 10 32 0 0 32 0 0 32 0
split_gain=13559.6 1687.41 1633.96 460.214 314.115 196.245 103.908 79.3145 78.3247 56.6619 55.9517 54.9776 53.5116 51.5814
threshold=45.025000000000006 400.50000000000006 16.651428571428578 140.50000000000003 26.100000000000005 59.175000000000004 0 431.00000000000006 37.100000000000009 1 76.90000000000002 18.050000000000004 2 39.850000000000009
decision_type=10 10 8 10 8 10 1 8 10 1 8 10 1 8
left_child=2 3 11 5 9 13 -5 -3 -6 -4 12 -1 -7 -2
right_child=1 7 4 6 8 10 -8 -9 -10 -11 -12 -13 -14 -15
leaf_value=-0.46920864389508987 -0.2109720760787912 1.7384680387617084 -0.15085055698415534 0.56091747086438848 -0.086248405739792963 -0.029771348756402107 0.64701436734812301 10.919395057742056 -0.058034614297271012 -0.14363772574139402 0.19055181993584924 -0.12908062645510957 0.10550554984041782 -0.0084578507741552757
leaf_weight=10136 272 620 1758 2232 6575 1331 5447 4581 2687 2908 9941 281 1881 3074
leaf_count=10136 272 620 1758 2232 6575 1331 5447 4581 2687 2908 9941 281 1881 3074
internal_value=-0.00371438 0.0122912 -0.0230281 0.00839722 -0.0151776 0.00510028 0.0154731 0.0303678 -0.0114363 -0.022584 0.007025 -0.0335123 0.0030028 -0.00246494
internal_weight=53724 29379 24345 24178 13928 16499 7679 5201 9262 4666 13153 10417 3212 3346
internal_count=53724 29379 24345 24178 13928 16499 7679 5201 9262 4666 13153 10417 3212 3346
cat_boundaries=0 1 2 3
cat_threshold=779 22286 20675
is_linear=0
shrinkage=0.035


Tree=43
num_leaves=15
num_cat=1
split_feature=13 13 10 0 0 1 0 0 0 32 0 0 0 13
split_gain=13198.4 1699.31 1670.94 456.872 303.74 142.681 127.207 78.0221 71.639 61.7902 56.3963 55.0393 53.7221 51.7974
threshold=45.025000000000006 420.37500000000006 16.651428571428578 107.90000000000002 26.100000000000005 57.550000000000004 230.50000000000003 45.050000000000004 431.00000000000006 0 18.050000000000004 76.90000000000002 50.050000000000004 108.22500000000001
decision_type=10 10 8 10 8 8 10 10 8 1 10 8 10 10
left_child=2 3 10 5 9 12 13 -6 -3 -4 -1 -7 -2 -5
right_child=1 8 4 6 7 11 -8 -9 -10 -11 -12 -13 -14 -15
leaf_value=-0.45278634135876172 -0.085075362115535541 1.9991283513618172 -0.15823119826827509 0.5652174838913544 -0.080873909978722625 0.028972369031237444 0.8816543331957184 -0.01224831103880039 10.537216230721084 -0.13167379422148637 -0.1245628045291807 0.16679688452395547 0.021812450133223572 0.283899366075338
leaf_weight=10136 1552 448 1656 819 8467 3860 4167 795 4453 3010 281 6565 1129 6386
leaf_count=10136 1552 448 1656 819 8467 3860 4167 795 4453 3010 281 6565 1129 6386
internal_value=-0.00379516 0.0119958 -0.0228499 0.00822571 -0.0149114 0.00376935 0.0133577 -0.0112323 0.030798 -0.0221944 -0.0334518 0.00562081 -0.00342703 0.0105291
internal_weight=53724 29379 24345 24478 13928 13106 11372 9262 4901 4666 10417 10425 2681 7205
internal_count=53724 29379 24345 24478 13928 13106 11372 9262 4901 4666 10417 10425 2681 7205
cat_boundaries=0 1
cat_threshold=5902
is_linear=0
shrinkage=0.035


Tree=44
num_leaves=15
num_cat=1
split_feature=13 10 13 0 0 10 0 32 0 1 0 30 1 23
split_gain=12442.8 1653.67 1582.89 423.961 325.96 167.553 95.5041 89.4012 82.6712 51.3438 47.898 45.4983 47.9892 51.183
threshold=45.025000000000006 15.323809523809526 420.37500000000006 140.50000000000003 24.750000000000004 59.175000000000004 32.050000000000004 0 461.50000000000006 43.050000000000004 64.100000000000009 -0.99052477729077237 150.50000000000003 1.4319226650830374
decision_type=10 8 10 10 8 10 10 1 8 10 10 2 10 10
left_child=1 -1 3 5 -3 10 9 -5 -4 -6 -2 -7 13 -13
right_child=2 4 8 7 6 11 -8 -9 -10 -11 -12 12 -14 -15
leaf_value=-0.45443881941120501 -0.038156062154403723 -0.14374851277768477 1.7684136626458462 0.53602368353878116 -0.091997149427746991 -0.046032691191353094 -0.060585090086852762 0.62233950079483835 11.568413662645847 0.012019498728813433 0.18698373824241027 0.09918657232942793 0.56504152329862212 0.30245687371007596
leaf_weight=9751 3029 4137 738 2285 5868 644 4332 5642 4163 257 317 10589 1308 664
leaf_count=9751 3029 4137 738 2285 5868 644 4332 5642 4163 257 317 10589 1308 664
internal_value=-0.00380819 -0.0223094 0.0115241 0.00788547 -0.0148449 0.00469528 -0.0115451 0.0145392 0.0296708 -0.0143597 -0.00229782 0.00646745 0.0069326 0.00618982
internal_weight=53724 24345 29379 24478 14594 16551 10457 7927 4901 6125 3346 13205 12561 11253
internal_count=53724 24345 29379 24478 14594 16551 10457 7927 4901 6125 3346 13205 12561 11253
cat_boundaries=0 1
cat_threshold=779
is_linear=0
shrinkage=0.035


Tree=45
num_leaves=15
num_cat=1
split_feature=13 10 13 0 0 10 10 0 32 1 1 23 0 0
split_gain=12018.4 1700.1 1513.67 414.02 318.83 158.345 96.5619 89.989 88.4656 50.987 48.8477 48.2892 47.1678 46.5504
threshold=45.025000000000006 15.323809523809526 420.37500000000006 140.50000000000003 24.750000000000004 59.175000000000004 520.08333333333337 32.050000000000004 0 97.750000000000014 43.050000000000004 1.5776822507485697 39.850000000000009 16.050000000000004
decision_type=10 8 10 10 8 10 10 10 1 10 10 10 8 10
left_child=1 13 3 5 -3 12 -4 10 -5 11 -6 -7 -2 -1
right_child=2 4 6 8 7 9 -8 -9 -10 -11 -12 -13 -14 -15
leaf_value=-0.43853346073181282 -0.19973432175157288 -0.13871731483046584 2.063519184453241 0.53777184845568649 -0.088777249197775812 0.059260458956806879 13.263519184453243 -0.058464611933812902 0.59981554182641361 0.25172091488503323 0.011598816273305028 0.34575557707792876 -0.0067084594185302573 -0.12353346073181282
leaf_weight=9451 272 4137 1314 2697 5868 7227 3587 4332 5230 5698 257 280 3074 300
leaf_count=9451 272 4137 1314 2697 5868 7227 3587 4332 5230 5698 257 280 3074 300
internal_value=-0.00389938 -0.0220823 0.0111692 0.007611 -0.014514 0.0044585 0.0289146 -0.0112507 0.0141862 0.0061813 -0.0139829 0.00428182 -0.0023396 -0.0333964
internal_weight=53724 24345 29379 24478 14594 16551 4901 10457 7927 13205 6125 7507 3346 9751
internal_count=53724 24345 29379 24478 14594 16551 4901 10457 7927 13205 6125 7507 3346 9751
cat_boundaries=0 1
cat_threshold=33675
is_linear=0
shrinkage=0.035


Tree=46
num_leaves=15
num_cat=1
split_feature=13 10 13 0 0 10 1 0 0 23 32 0 0 0
split_gain=11702 1747.62 1512.25 343.092 308.63 158.893 121.461 87.5988 85.6761 79.6955 84.7571 59.1316 51.5201 49.374
threshold=45.025000000000006 15.323809523809526 378.25000000000006 107.90000000000002 24.750000000000004 520.08333333333337 75.15000000000002 44.100000000000009 32.050000000000004 1.5020247908307789 0 280.75000000000006 72.050000000000011 15.950000000000001
decision_type=10 8 10 10 8 10 10 8 10 10 1 10 10 10
left_child=1 13 3 6 -3 -4 7 -2 -6 10 -5 -12 -9 -1
right_child=2 4 5 9 8 -7 -8 12 -10 -11 11 -13 -14 -15
leaf_value=-0.42318478960619943 -0.15458085215372847 -0.13386220881139954 1.5965942163792937 0.28979807030847632 -0.083926229910025435 12.799296012997379 0.17038971871940775 -0.00022154621476918381 -0.056418350516129388 1.0659586565414567 0.28213860058515255 0.77879762025275834 0.11674220895347294 -0.12769729294405949
leaf_weight=9357 652 4137 2115 3060 6125 3593 5367 5409 4332 1160 5078 1395 1550 394
leaf_count=9357 652 4137 2115 3060 6125 3593 5367 5409 4332 1160 5078 1395 1550 394
internal_value=-0.0039046 -0.0218466 0.0109643 0.00706179 -0.0141736 0.0271276 0.003235 0.000390625 -0.010963 0.0117027 0.010638 0.0129092 0.00154294 -0.0333174
internal_weight=53724 24345 29379 23671 14594 5708 12978 7611 10457 10693 9533 6473 6959 9751
internal_count=53724 24345 29379 23671 14594 5708 12978 7611 10457 10693 9533 6473 6959 9751
cat_boundaries=0 1
cat_threshold=33611
is_linear=0
shrinkage=0.035


Tree=47
num_leaves=15
num_cat=2
split_feature=13 10 13 0 0 10 13 32 0 0 1 0 32 23
split_gain=11337 1788.73 1502.89 396.796 296.048 138.535 107.51 78.0627 68.7388 58.8087 50.7535 48.8863 47.1665 44.1853
threshold=45.025000000000006 15.323809523809526 420.37500000000006 140.50000000000003 25.050000000000004 58.058333333333344 620.25000000000011 0 37.100000000000009 16.050000000000004 97.750000000000014 450.50000000000006 1 1.5776822507485697
decision_type=10 8 10 10 8 10 10 1 10 10 10 10 1 10
left_child=1 9 3 5 12 -2 11 -5 -6 -1 13 -4 -3 -7
right_child=2 4 6 7 8 10 -8 -9 -10 -11 -12 -13 -14 -15
leaf_value=-0.40837332196998244 -0.021859027707031339 -0.13804098862537906 1.5784152154241027 0.50313598022830031 -0.073419622647807686 0.052566858614601933 15.851320652542471 0.56041966852555603 -0.047362006386271485 -0.11474038435315724 0.23570061770221501 3.5104152154241026 -0.12650124607026436 0.32469077858205664
leaf_weight=9451 3129 1472 912 2697 7005 7430 2834 5230 2688 300 5699 1155 3429 293
leaf_count=9451 3129 1472 912 2697 7005 7430 2834 5230 2688 300 5699 1155 3429 293
internal_value=-0.00388766 -0.0215476 0.0107475 0.00720214 -0.0137852 0.00411603 0.0284295 0.0136391 -0.0102315 -0.0331524 0.00566173 0.0222466 -0.020796 0.00380888
internal_weight=53724 24345 29379 24478 14594 16551 4901 7927 9693 9751 13422 2067 4901 7723
internal_count=53724 24345 29379 24478 14594 16551 4901 7927 9693 9751 13422 2067 4901 7723
cat_boundaries=0 1 2
cat_threshold=33675 18190
is_linear=0
shrinkage=0.035


Tree=48
num_leaves=15
num_cat=0
split_feature=13 10 13 0 0 1 0 0 0 0 0 0 1 1
split_gain=10913.9 1849.64 1447.31 384.195 291.174 149.491 119.6 93.8167 69.768 61.6473 61.5405 58.712 56.2031 45.9376
threshold=45.025000000000006 15.323809523809526 420.37500000000006 170.50000000000003 25.050000000000004 75.15000000000002 500.50000000000006 72.050000000000011 32.050000000000004 16.050000000000004 44.100000000000009 341.00000000000006 500.50000000000006 50.050000000000004
decision_type=10 8 10 10 8 10 8 10 10 10 8 10 8 10
left_child=1 9 3 5 -3 7 -4 10 13 -1 -2 -5 -8 -6
right_child=2 4 6 11 8 -7 12 -9 -10 -11 -12 -13 -14 -15
leaf_value=-0.39408025570103306 -0.14855599786752904 -0.12397249935106895 1.5231706828842586 0.525012348624189 -0.077310892014182855 0.17395099070589576 2.2130689975558528 0.13067113610258851 -0.052520903770278377 -0.11072447090079669 -0.00037005798690742614 1.2853426556882663 11.796524429703483 0.28011265698531751
leaf_weight=9451 652 4901 1102 4630 5289 9947 393 2374 4332 300 5423 1452 3406 72
leaf_count=9451 652 4901 1102 4630 5289 9947 393 2374 4332 300 5423 1452 3406 72
internal_value=-0.00390981 -0.0212372 0.0104497 0.00697055 -0.0133441 0.00444704 0.0278017 0.00102259 -0.00982007 -0.0330376 -0.00128372 0.0145934 0.0307584 -0.0124907
internal_weight=53724 24345 29379 24478 14594 18396 4901 8449 9693 9751 6075 6082 3799 5361
internal_count=53724 24345 29379 24478 14594 18396 4901 8449 9693 9751 6075 6082 3799 5361
is_linear=0
shrinkage=0.035


Tree=49
num_leaves=15
num_cat=1
split_feature=13 10 13 0 0 10 0 0 1 0 1 32 1 0
split_gain=10488.4 1891.04 1443.83 372.812 288.34 143.289 126.01 83.2008 65.5733 56.9849 50.4143 44.9439 43.3952 42.544
threshold=45.025000000000006 14.491666666666669 420.37500000000006 177.10000000000002 24.750000000000004 59.175000000000004 601.00000000000011 32.050000000000004 113.10000000000001 341.00000000000006 15.050000000000002 0 43.050000000000004 39.850000000000009
decision_type=10 8 10 10 8 10 10 10 10 10 10 1 10 8
left_child=1 10 3 5 11 13 -4 12 -7 -5 -1 -3 -6 -2
right_child=2 4 6 9 7 8 -8 -9 -10 -11 -12 -13 -14 -15
leaf_value=-0.38028744675149684 -0.18175761753133279 -0.11629074219646034 2.6806049054016166 0.51079821977664641 -0.07763844240046798 0.068923492082242535 14.883646074663861 -0.050541832046012557 0.24811931288204919 1.2403556627391763 -0.10728744007577661 -0.12142189194710129 0.019405843763759808 -0.0060634375209729901
leaf_weight=9114 272 1164 2497 4551 5951 9429 2404 4333 5700 1452 212 3314 257 3074
leaf_count=9114 272 1164 2497 4551 5951 9429 2404 4333 5700 1452 212 3314 257 3074
internal_value=-0.0038629 -0.0208491 0.0102139 0.00673896 -0.0131553 0.00427462 0.0275448 -0.00998625 0.00572387 0.0143134 -0.0332258 -0.0205956 -0.0125849 -0.00227693
internal_weight=53724 24345 29379 24478 15019 18475 4901 10541 15129 6003 9326 4478 6208 3346
internal_count=53724 24345 29379 24478 15019 18475 4901 10541 15129 6003 9326 4478 6208 3346
cat_boundaries=0 1
cat_threshold=20236
is_linear=0
shrinkage=0.035


Tree=50
num_leaves=15
num_cat=1
split_feature=13 10 10 0 0 0 10 0 0 1 1 0 32 0
split_gain=10158.1 1926.69 1413.1 375.264 311.53 140.576 135.51 75.8742 64.204 59.2295 52.142 49.25 48.4181 42.544
threshold=45.025000000000006 14.008333333333335 436.83333333333343 177.10000000000002 24.750000000000004 500.50000000000006 59.175000000000004 32.050000000000004 341.00000000000006 113.10000000000001 500.50000000000006 15.050000000000002 0 39.850000000000009
decision_type=10 8 10 10 8 8 10 10 10 10 8 10 1 8
left_child=1 11 3 6 12 -4 13 -6 -5 -8 -7 -1 -3 -2
right_child=2 4 5 8 7 10 9 -9 -10 -11 -12 -13 -14 -15
leaf_value=-0.38097738945305459 -0.17539610091773616 -0.1214645312003329 1.3709315561250559 0.49027759081571365 -0.073885882638310668 2.2571775333991155 0.066432637329995076 -0.048772867924402025 1.2560773932316527 0.2393047793531517 11.289824902974805 -0.097319448498369404 -0.11665580878551293 -0.0058512172077389837
leaf_weight=8875 272 1118 986 4543 6244 360 9438 4333 1580 5722 3404 240 3535 3074
leaf_count=8875 272 1118 986 4543 6244 360 9438 4333 1580 5722 3404 240 3535 3074
internal_value=-0.00389678 -0.0206133 0.00995661 0.00658257 -0.0129892 0.0274259 0.0040954 -0.00966122 0.0140902 0.00550214 0.0305147 -0.0333383 -0.0205356 -0.00227693
internal_weight=53724 24345 29379 24629 15230 4750 18506 10577 6123 15160 3764 9115 4653 3346
internal_count=53724 24345 29379 24629 15230 4750 18506 10577 6123 15160 3764 9115 4653 3346
cat_boundaries=0 1
cat_threshold=1804
is_linear=0
shrinkage=0.035


Tree=51
num_leaves=15
num_cat=1
split_feature=13 10 10 0 0 0 1 0 0 10 32 0 0 24
split_gain=9758.93 1993.76 1388.58 341.371 298.293 132.469 122.342 71.3746 69.559 58.2808 56.9963 54.7397 53.3472 47.1401
threshold=45.025000000000006 14.008333333333335 436.83333333333343 177.10000000000002 24.100000000000005 500.50000000000006 78.200000000000017 44.100000000000009 32.050000000000004 538.53571428571433 0 15.050000000000002 381.00000000000006 5.5000000000000009
decision_type=10 8 10 10 8 8 8 8 10 10 1 10 10 2
left_child=1 11 3 6 10 -4 7 -2 -6 -7 -3 -1 -5 -8
right_child=2 4 5 12 8 9 13 -9 -10 -11 -12 -13 -14 -15
leaf_value=-0.36764318082219771 -0.15086683211949023 -0.1177261275231829 1.3229489516606785 0.50878177810622904 -0.071365311980671406 2.2622708826117801 0.1490351170102639 0.012158185386896092 -0.047065817547048076 12.217574590446507 -0.11413706742275403 -0.093913267800926514 1.6226910775491283 -0.011874758498238977
leaf_weight=8875 503 1099 986 5224 6336 568 11390 5518 4333 3196 3462 240 899 1095
leaf_count=8875 503 1099 986 5224 6336 568 11390 5518 4333 3196 3462 240 899 1095
internal_value=-0.00395541 -0.0203402 0.00962309 0.00627852 -0.0125848 0.0269401 0.00390633 -0.000191669 -0.00937465 0.029939 -0.0200756 -0.0332845 0.0134391 0.00588191
internal_weight=53724 24345 29379 24629 15230 4750 18506 6021 10669 3764 4561 9115 6123 12485
internal_count=53724 24345 29379 24629 15230 4750 18506 6021 10669 3764 4561 9115 6123 12485
cat_boundaries=0 1
cat_threshold=1804
is_linear=0
shrinkage=0.035


Tree=52
num_leaves=15
num_cat=1
split_feature=13 10 0 1 0 0 1 0 0 32 1 23 0 17
split_gain=9378.49 2042.76 1347.34 354.297 261.561 130.194 125.443 115.675 78.0089 68.2733 66.3356 64.4301 59.5802 55.3047
threshold=45.025000000000006 14.008333333333335 381.00000000000006 150.50000000000003 21.550000000000004 620.25000000000011 536.50000000000011 79.850000000000009 32.050000000000004 0 47.050000000000004 1.5567201719485986 15.050000000000002 1.464868206973668
decision_type=10 8 10 10 8 10 10 10 10 1 8 10 10 8
left_child=1 12 3 7 9 -4 -5 10 13 -3 -2 -9 -1 -6
right_child=2 4 5 6 8 -7 -8 11 -10 -11 -12 -13 -14 -15
leaf_value=-0.35477566949342076 -0.12691038497827514 -0.10367211133251567 1.7551064663409757 0.44540104958319615 -0.070357751621378514 14.239959479780877 9.417065920705058 0.12477053250458049 -0.045418513932901312 -0.12309442846742516 0.019991290592602483 0.55838739314239816 -0.090626303427894142 -0.069655922120152397
leaf_weight=8875 863 946 2337 6648 248 2359 587 8212 4333 2679 7723 650 240 7024
leaf_count=8875 863 946 2337 6648 248 2359 587 8212 4333 2679 7723 650 240 7024
internal_value=-0.00393586 -0.0199982 0.00937534 0.00610317 -0.0121483 0.0265497 0.0126126 0.00340113 -0.00957752 -0.020354 0.00050518 0.00620503 -0.0331003 -0.0117933
internal_weight=53724 24345 29379 24683 15230 4696 7235 17448 11605 3625 8586 8862 9115 7272
internal_count=53724 24345 29379 24683 15230 4696 7235 17448 11605 3625 8586 8862 9115 7272
cat_boundaries=0 1
cat_threshold=1804
is_linear=0
shrinkage=0.035


Tree=53
num_leaves=15
num_cat=1
split_feature=13 10 13 1 0 10 0 0 0 32 0 1 23 23
split_gain=9049.45 2068.8 1337.65 297.949 256.143 164.828 115.905 75.8525 68.7553 64.8057 63.0087 61.8281 56.694 56.6611
threshold=45.025000000000006 14.008333333333335 420.37500000000006 149.75000000000003 20.100000000000005 667.90000000000009 79.850000000000009 32.050000000000004 13.050000000000002 0 450.50000000000006 47.050000000000004 1.5204589447365311 1.3980608637068686
decision_type=10 8 10 10 8 10 10 10 10 1 10 8 10 10
left_child=1 8 3 6 9 10 11 -6 -1 -3 -4 -2 -8 -5
right_child=2 4 5 13 7 -7 12 -9 -10 -11 -12 -13 -14 -15
leaf_value=-0.3458585177232909 -0.12246852150403556 -0.10004358743587767 1.2138529144949932 0.40363026366629928 -0.068210833775820837 15.351560897988549 0.11495728210696257 -0.043828865945249762 -0.090358511047570672 -0.1223215127402506 2.8700990773381156 0.016834364685500987 0.50930431099712592 1.0918894690433845
leaf_weight=8490 863 886 985 6815 7611 2509 7624 4333 625 2400 1407 7545 748 883
leaf_count=8490 863 886 985 6815 7611 2509 7624 4333 625 2400 1407 7545 748 883
internal_value=-0.0039528 -0.0197308 0.00912282 0.0057783 -0.0118313 0.0258041 0.00316116 -0.00944347 -0.0329161 -0.0204831 0.0191573 0.000257934 0.00607497 0.0114773
internal_weight=53724 24345 29379 24478 15230 4901 16780 11944 9115 3286 2392 8408 8372 7698
internal_count=53724 24345 29379 24478 15230 4901 16780 11944 9115 3286 2392 8408 8372 7698
cat_boundaries=0 1
cat_threshold=3852
is_linear=0
shrinkage=0.035


Tree=54
num_leaves=15
num_cat=3
split_feature=13 10 13 0 0 10 0 0 0 32 0 23 32 32
split_gain=8752.01 2118.43 1340.01 392.418 250.262 110.685 106.635 69.5078 65.7499 65.4845 62.903 56.7531 53.3988 48.7265
threshold=45.025000000000006 14.008333333333335 514.37500000000011 177.10000000000002 21.050000000000004 59.175000000000004 500.50000000000006 12.050000000000002 32.050000000000004 0 381.00000000000006 1.5567201719485986 1 2
decision_type=10 8 10 10 8 10 8 10 10 1 10 10 1 1
left_child=1 7 3 5 9 -2 -4 -1 -6 -3 13 12 -7 -5
right_child=2 4 6 10 8 11 -8 -9 -10 -11 -12 -13 -14 -15
leaf_value=-0.35125346960297577 -0.017497048111294104 -0.096124967568252201 1.3251559626113514 0.58187911844604123 -0.065507851132476438 0.15794905770578446 9.6522101243048652 -0.10625346960297574 -0.042294855637165979 -0.11574320782993999 1.4313866072350823 0.37454140183835938 0.030829885201415587 0.37069377132613685
leaf_weight=8239 3346 909 291 1990 7387 7987 3372 876 4333 2601 1699 575 6770 3349
leaf_count=8239 3346 909 291 1990 7387 7987 3372 876 4333 2601 1699 575 6770 3349
internal_value=-0.00399579 -0.0195123 0.00886316 0.00603903 -0.0115189 0.00338329 0.0286546 -0.0328547 -0.00905672 -0.0197155 0.0130797 0.00464172 0.00421792 0.0111929
internal_weight=53724 24345 29379 25716 15230 18678 3663 9115 11720 3510 7038 15332 14757 5339
internal_count=53724 24345 29379 25716 15230 18678 3663 9115 11720 3510 7038 15332 14757 5339
cat_boundaries=0 1 2 3
cat_threshold=1804 11668 3268
is_linear=0
shrinkage=0.035


Tree=55
num_leaves=15
num_cat=2
split_feature=13 10 13 0 0 0 10 0 0 24 0 1 32 32
split_gain=8429.92 2137.63 1292.9 366.369 266.074 122.687 98.4168 79.6208 57.6342 56.3669 55.4155 51.8625 49.018 46.8556
threshold=45.025000000000006 13.607142857142859 514.37500000000011 177.10000000000002 18.550000000000004 601.00000000000011 59.175000000000004 32.050000000000004 381.00000000000006 5.5000000000000009 12.050000000000002 113.10000000000001 0 1
decision_type=10 8 10 10 8 8 10 10 10 2 10 10 1 1
left_child=1 10 3 6 -3 -4 -2 12 13 11 -1 -8 -6 -5
right_child=2 4 5 8 7 -7 9 -9 -10 -11 -12 -13 -14 -15
leaf_value=-0.33895959816687166 -0.016884651427398777 -0.11946837381508035 1.6833818533409279 0.56151334930042984 -0.065995985077168112 12.166428912208282 0.061419043112085923 -0.04081453568986515 1.3812880759818544 -0.032693446152241103 -0.1114770984005217 0.22878505977017238 -0.0634532888853373 0.35771948932972125
leaf_weight=8127 3346 2412 748 1990 4191 2915 8706 4333 1699 1396 734 5230 4548 3349
leaf_count=8127 3346 2412 748 1990 4191 2915 8706 4333 1699 1396 734 5230 4548 3349
internal_value=-0.00401664 -0.019245 0.00860349 0.00582948 -0.0113932 0.0280439 0.00326339 -0.00941577 0.0126324 0.00445002 -0.0329512 0.00512158 -0.0113398 0.0108262
internal_weight=53724 24345 29379 25716 15484 3663 18678 13072 7038 15332 8861 13936 8739 5339
internal_count=53724 24345 29379 25716 15484 3663 18678 13072 7038 15332 8861 13936 8739 5339
cat_boundaries=0 1 2
cat_threshold=41073 3268
is_linear=0
shrinkage=0.035


Tree=56
num_leaves=15
num_cat=2
split_feature=13 10 13 0 0 0 10 0 0 0 23 32 23 32
split_gain=8200.71 2177.1 1266.35 352.85 258.539 120.66 93.9924 75.7486 62.213 57.1266 54.0359 49.128 52.1933 48.6672
threshold=45.025000000000006 13.607142857142859 514.37500000000011 177.10000000000002 18.550000000000004 620.25000000000011 59.175000000000004 32.050000000000004 381.00000000000006 12.050000000000002 1.5567201719485986 0 1.6248060564443316 1
decision_type=10 8 10 10 8 8 10 10 10 10 10 1 10 1
left_child=1 9 3 6 -3 -4 -2 -6 11 -1 13 -5 -13 -8
right_child=2 4 5 8 7 -7 10 -9 -10 -11 -12 12 -14 -15
leaf_value=-0.32709601223103113 -0.016293688627439896 -0.11528698073155251 1.7829865396700033 0.55275436529532207 -0.063343972070526916 11.740603900280991 0.14991041120313356 -0.03938602694071975 1.3329429933224899 -0.10757539995650349 0.35941769411821839 0.26871221836450349 1.4457106950226981 0.025844737563713773
leaf_weight=8127 3346 2412 830 1866 8739 2833 7987 4333 1699 734 575 3114 359 6770
leaf_count=8127 3346 2412 830 1866 8739 2833 7987 4333 1699 734 575 3114 359 6770
internal_value=-0.004044 -0.0190639 0.00840338 0.00565802 -0.0111402 0.0276431 0.00313975 -0.00919095 0.0123342 -0.0328959 0.00429941 0.0104594 0.00789708 0.00388599
internal_weight=53724 24345 29379 25716 15484 3663 18678 13072 7038 8861 15332 5339 3473 14757
internal_count=53724 24345 29379 25716 15484 3663 18678 13072 7038 8861 15332 5339 3473 14757
cat_boundaries=0 1 2
cat_threshold=3204 11668
is_linear=0
shrinkage=0.035


Tree=57
num_leaves=15
num_cat=3
split_feature=10 10 0 1 0 0 1 0 0 0 23 32 32 32
split_gain=7957.39 2139.04 1265.33 343.202 256.546 142.805 106.188 97.5036 72.4137 72.3392 71.7917 73.1389 49.6304 48.9483
threshold=44.422619047619058 13.173333333333336 450.50000000000006 150.50000000000003 18.550000000000004 45.050000000000004 682.50000000000011 671.50000000000011 31.050000000000004 13.050000000000002 1.4319226650830374 0 1 2
decision_type=10 8 10 10 8 8 10 10 10 10 10 1 1 1
left_child=1 9 3 5 -3 -2 -5 -4 13 -1 11 -7 -10 -6
right_child=2 4 7 6 8 10 -8 -9 12 -11 -12 -13 -14 -15
leaf_value=-0.31564765180294502 -0.11306955084069302 -0.10866458990838226 2.0520203905857017 0.43647315804298503 -0.062131388211359335 0.10792393584119082 12.975590479262985 13.779682763771156 -0.0070042330077140147 -0.10381026095802584 0.23201225646850734 0.0017833057181470303 -0.061496865510255079 -0.05928811368415926
leaf_weight=8224 1105 2583 1551 7688 4026 8142 389 2130 1873 414 1426 7362 2501 4310
leaf_count=8224 1105 2583 1551 7688 4026 8142 389 2130 1873 414 1426 7362 2501 4310
internal_value=-0.00406484 -0.0190924 0.00800708 0.00529617 -0.0112221 0.00260948 0.0112899 0.0272043 -0.00917184 -0.0330117 0.00340596 0.00271262 -0.00551496 -0.0110862
internal_weight=53724 23931 29793 26112 15293 18035 8077 3681 12710 8638 16930 15504 4374 8336
internal_count=53724 23931 29793 26112 15293 18035 8077 3681 12710 8638 16930 15504 4374 8336
cat_boundaries=0 1 2 3
cat_threshold=11668 3313 41073
is_linear=0
shrinkage=0.035


Tree=58
num_leaves=15
num_cat=3
split_feature=10 10 0 1 0 0 1 0 0 23 24 32 32 32
split_gain=7641.07 2117.88 1266.34 324.359 260.277 128.856 108.254 95.2094 71.162 66.6008 57.6824 54.5593 51.5799 48.5191
threshold=44.422619047619058 12.792857142857146 450.50000000000006 150.50000000000003 18.550000000000004 45.050000000000004 682.50000000000011 702.50000000000011 30.150000000000002 1.5996339621125826 5.5000000000000009 0 1 2
decision_type=10 8 10 10 8 8 10 10 10 10 2 1 1 1
left_child=1 -1 3 5 -3 -2 -5 -4 12 10 11 -7 -6 -10
right_child=2 4 7 6 8 9 -8 -9 13 -11 -12 -13 -14 -15
leaf_value=-0.2975999906655622 -0.10911211656126882 -0.10174390108657815 2.1906292443974911 0.42119659751148053 -0.061188361753356152 -0.0072990847117387868 12.521444812488781 14.347393867039166 -0.0649497264435933 0.33914171331207166 -0.063943700689807842 0.07888061415195094 -0.057780249181652588 -0.011942749678782151
leaf_weight=8427 1105 2760 1746 7688 3957 3489 389 1935 2023 822 1292 11327 4271 2493
leaf_count=8427 1105 2760 1746 7688 3957 3489 389 1935 2023 822 1292 11327 4271 2493
internal_value=-0.00400101 -0.0187268 0.00782855 0.00511659 -0.0110446 0.00250471 0.0109435 0.0270334 -0.00892776 0.00326129 0.00276299 0.00338169 -0.010866 -0.00538819
internal_weight=53724 23931 29793 26112 15504 18035 8077 3681 12744 16930 16108 14816 8228 4516
internal_count=53724 23931 29793 26112 15504 18035 8077 3681 12744 16930 16108 14816 8228 4516
cat_boundaries=0 1 2 3
cat_threshold=16963 41073 29450
is_linear=0
shrinkage=0.035


Tree=59
num_leaves=15
num_cat=1
split_feature=13 10 13 10 0 0 0 23 0 32 17 1 0 0
split_gain=7411.41 2000.41 1002.15 572.779 273.203 237.721 104.248 90.355 86.3996 63.2892 62.4991 52.8658 52.3122 43.1928
threshold=20.025000000000002 74.836666666666687 620.25000000000011 11.658333333333335 45.050000000000004 341.00000000000006 14.050000000000002 1.5204589447365311 25.050000000000004 0 2.4703368399004275 55.100000000000009 582.00000000000011 104.20000000000002
decision_type=8 10 10 10 10 10 8 10 8 1 10 10 8 8
left_child=3 4 5 -1 8 7 -5 9 -2 -3 -8 -10 -4 -11
right_child=1 2 12 6 -6 -7 10 -9 11 13 -12 -13 -14 -15
leaf_value=-0.2941839843165473 -0.085569689825720913 0.22133571980085409 1.7021431436751597 -0.10999458189175046 0.015046084897356772 1.1634692774875133 -0.070373096954271894 0.61912672595867746 -0.046695726493608668 -0.0079752743805362424 -0.075551935351063762 0.035056514456476937 11.745235081692796 0.14902471110045717
leaf_weight=7771 2754 6259 174 1440 5481 3104 929 1002 9338 2452 2469 695 2660 7196
leaf_count=7771 2754 6259 174 1440 5481 3104 929 1002 9338 2452 2469 695 2660 7196
internal_value=-0.00402576 0.003174 0.0100764 -0.0274945 -0.00545887 0.00731367 -0.0180095 0.00567607 -0.00826024 0.00503048 -0.0146253 -0.00674686 0.0295386 0.00323812
internal_weight=53724 41115 22847 12609 18268 20013 4838 16909 12787 15907 3398 10033 2834 9648
internal_count=53724 41115 22847 12609 18268 20013 4838 16909 12787 15907 3398 10033 2834 9648
cat_boundaries=0 1
cat_threshold=3456
is_linear=0
shrinkage=0.035


Tree=60
num_leaves=15
num_cat=0
split_feature=13 10 13 10 0 0 0 0 17 0 0 24 1 0
split_gain=7316.37 1833.76 956.511 601.324 252.464 223.438 117.644 95.2219 62.823 59.68 55.6338 54.1757 49.5114 47.4809
threshold=20.025000000000002 77.035714285714292 620.25000000000011 11.217142857142859 45.050000000000004 230.50000000000003 14.050000000000002 25.050000000000004 2.4703368399004275 441.50000000000006 702.50000000000011 5.5000000000000009 55.100000000000009 84.100000000000009
decision_type=8 10 10 10 10 10 8 8 10 10 8 2 10 10
left_child=3 4 5 -1 7 11 -5 -2 -8 -7 -4 -3 -9 -6
right_child=1 2 10 6 13 9 8 12 -10 -11 -12 -13 -14 -15
leaf_value=-0.28388754486546819 -0.082877434127864649 0.15003855980563968 2.4599618468637261 -0.10833004874319625 0.0042485210279361143 0.45916286265628559 -0.072569312116474577 -0.045096169974898577 -0.072907617613776496 1.7749397448776294 13.434151853833546 -0.048435965076675559 0.033829536450500443 0.30408773557349195
leaf_weight=7560 2756 12438 562 1598 5451 4295 949 9348 2502 1586 2272 1276 757 374
leaf_count=7560 2756 12438 562 1598 5451 4295 949 9348 2502 1586 2272 1276 757 374
internal_value=-0.00396583 0.00318762 0.00993336 -0.0272836 -0.00490985 0.00718036 -0.0179017 -0.0076469 -0.0142289 0.0128857 0.0289222 0.00472994 -0.00606874 0.00113465
internal_weight=53724 41115 22429 12609 18686 19595 5049 12861 3451 5881 2834 13714 10105 5825
internal_count=53724 41115 22429 12609 18686 19595 5049 12861 3451 5881 2834 13714 10105 5825
is_linear=0
shrinkage=0.035


Tree=61
num_leaves=15
num_cat=1
split_feature=13 10 13 10 0 0 0 0 0 23 17 24 32 0
split_gain=7059.99 1698.05 956.851 580.45 241.023 170.59 114.73 91.0327 79.1597 68.4722 64.3131 48.678 49.6815 47.4809
threshold=20.025000000000002 77.035714285714292 585.12500000000011 11.217142857142859 45.050000000000004 278.50000000000006 14.050000000000002 25.050000000000004 647.50000000000011 1.5567201719485986 2.4703368399004275 5.5000000000000009 0 84.100000000000009
decision_type=8 10 10 10 10 10 8 8 8 10 10 2 1 10
left_child=3 4 5 -1 7 9 -5 -2 -4 11 -8 -3 -13 -6
right_child=1 2 8 6 13 -7 10 -9 -10 -11 -12 12 -14 -15
leaf_value=-0.27395148079517678 -0.079976723933389338 0.13631245673516831 2.004141992267197 -0.10453849703718443 0.004099822791958232 0.74569886873086522 -0.070029386192397958 -0.040793676826095193 11.196793545315995 0.60527668616197383 -0.070355850997294342 -0.22840203897009048 0.11660478351766927 0.29344466482841985
leaf_weight=7560 2756 12804 458 1598 5451 4470 949 10105 2638 727 2502 545 787 374
leaf_count=7560 2756 12804 458 1598 5451 4470 949 10105 2638 727 2502 545 787 374
internal_value=-0.00400622 0.00302079 0.00951212 -0.0269118 -0.00477128 0.00661521 -0.0176939 -0.00744559 0.0275621 0.00480932 -0.0140668 0.00426702 -0.00209424 0.00113465
internal_weight=53724 41115 22429 12609 18686 19333 5049 12861 3096 14863 3451 14136 1332 5825
internal_count=53724 41115 22429 12609 18686 19333 5049 12861 3096 14863 3451 14136 1332 5825
cat_boundaries=0 1
cat_threshold=46120
is_linear=0
shrinkage=0.035


Tree=62
num_leaves=15
num_cat=1
split_feature=13 10 13 10 0 0 0 0 23 32 17 0 1 23
split_gain=6848.88 1606.14 923.251 641.672 225.318 199.762 114.862 92.4029 76.1198 59.6329 57.5961 51.6743 46.2123 46.0973
threshold=20.025000000000002 77.035714285714292 671.25000000000011 11.217142857142859 45.050000000000004 341.00000000000006 14.050000000000002 24.750000000000004 1.5204589447365311 0 2.4703368399004275 702.50000000000011 55.100000000000009 1.1677313805959531
decision_type=8 10 10 10 10 10 8 8 10 1 10 8 10 10
left_child=3 4 5 -1 7 8 -5 -2 9 -3 -8 -4 -9 -7
right_child=1 2 11 6 -6 13 10 12 -10 -11 -12 -13 -14 -15
leaf_value=-0.26436317896734562 -0.079204704509931334 0.19650423023207064 2.4375424061709179 -0.10087964964088303 0.013650724520354061 0.83352693849565307 -0.067578357675664003 -0.043378815421548873 0.59083699662319589 0.067238002292262955 -0.067893396212389004 12.57206876486331 0.032533890387580908 2.0208895955016022
leaf_weight=7560 2087 7224 328 1598 5825 2135 949 10012 964 8364 2502 2166 762 1248
leaf_count=7560 2087 7224 328 1598 5825 2135 949 10012 964 8364 2502 2166 762 1248
internal_value=-0.00399058 0.00293057 0.00924378 -0.0265511 -0.00464769 0.00672793 -0.0168629 -0.00723341 0.00514103 0.00454755 -0.0132364 0.0292997 -0.00592263 0.0144731
internal_weight=53724 41115 22429 12609 18686 19935 5049 12861 16552 15588 3451 2494 10774 3383
internal_count=53724 41115 22429 12609 18686 19935 5049 12861 16552 15588 3451 2494 10774 3383
cat_boundaries=0 1
cat_threshold=3460
is_linear=0
shrinkage=0.035


Tree=63
num_leaves=15
num_cat=2
split_feature=13 13 10 13 10 0 0 0 23 0 32 32 0 16
split_gain=6679.65 1531.52 673.089 599.308 507.78 128.707 107.567 107.143 67.5083 64.4178 56.8984 53.9421 49.3266 44.4195
threshold=20.025000000000002 165.12500000000003 10.591666666666669 671.25000000000011 58.058333333333344 14.050000000000002 520.50000000000011 24.750000000000004 1.5567201719485986 50.050000000000004 0 1 702.50000000000011 2.2286019533926198
decision_type=8 10 10 10 10 8 10 8 10 10 1 1 8 10
left_child=2 4 -1 6 7 -4 11 -2 -6 -9 -7 -3 -5 -12
right_child=1 3 5 12 8 10 -8 9 -10 -11 13 -13 -14 -15
leaf_value=-0.27261046770348851 -0.076432539852083772 0.17446581168790476 -0.097906358025723936 2.3522284219549361 0.052604711301726878 -0.012564599406547573 2.621355212609259 -0.038925192624268627 0.39937195312861351 0.015535309998688157 -0.065517127344955337 0.47402749777134606 12.132046358093096 -0.070838262245282599
leaf_weight=7137 2061 2836 1916 328 13354 470 959 11133 783 1620 1193 5875 2166 1893
leaf_count=7137 2061 2836 1916 328 13354 470 959 11133 783 1620 1193 5875 2166 1893
internal_value=-0.00396583 0.00286929 -0.0262458 0.0132879 -0.0015097 -0.0169856 0.00933333 -0.00603684 0.00323469 -0.00483657 -0.0130132 0.00809947 0.0285714 -0.0147178
internal_weight=53724 41115 12609 12164 28951 5472 9670 14814 14137 12753 3556 8711 2494 3086
internal_count=53724 41115 12609 12164 28951 5472 9670 14814 14137 12753 3556 8711 2494 3086
cat_boundaries=0 1 2
cat_threshold=392 17002
is_linear=0
shrinkage=0.035


Tree=64
num_leaves=15
num_cat=1
split_feature=13 13 10 10 13 0 0 0 0 0 1 23 32 0
split_gain=6589.54 1489.88 834.452 695.534 197.982 156.777 97.0223 96.6594 61.0564 52.5398 52.5317 50.536 51.5069 49.5097
threshold=20.025000000000002 474.50000000000006 58.058333333333344 11.217142857142859 776.75000000000011 177.10000000000002 24.750000000000004 14.050000000000002 62.600000000000009 551.00000000000011 21.050000000000004 1.5567201719485986 0 12.550000000000002
decision_type=8 10 10 10 10 10 8 8 10 10 10 10 1 10
left_child=3 2 6 13 9 -4 -2 -5 -8 -3 -9 12 -7 -1
right_child=1 4 5 7 -6 11 8 10 -10 -11 -12 -13 -14 -15
leaf_value=-0.24556910133386642 -0.073757400957260785 1.0144376471449061 0.06311765438191877 -0.093922139372551727 15.207424735559837 0.46983367933034137 -0.035015864081994245 -0.064318754191368357 0.16252171297063792 2.8380500871727277 -0.0086082967284973593 1.4636447959148595 0.18374304142504799 -0.082260663007241108
leaf_weight=7396 2061 1171 15509 1598 1916 3296 12340 3045 413 1089 406 761 2559 164
leaf_count=7396 2061 1171 15509 1598 1916 3296 12340 3045 413 1089 406 761 2559 164
internal_value=-0.00397234 0.00281651 0.00057506 -0.0261016 0.022619 0.00487912 -0.00585262 -0.016018 -0.00471038 0.0155453 -0.0126895 0.00938831 0.00827218 -0.0328209
internal_weight=53724 41115 36939 12609 4176 22125 14814 5049 12753 2260 3451 6616 5855 7560
internal_count=53724 41115 36939 12609 4176 22125 14814 5049 12753 2260 3451 6616 5855 7560
cat_boundaries=0 1
cat_threshold=15508
is_linear=0
shrinkage=0.035


Tree=65
num_leaves=15
num_cat=2
split_feature=13 13 10 10 13 0 0 0 0 23 17 0 32 32
split_gain=6335.15 1435.39 787.286 721.45 197.942 149.054 119.35 92.0452 59.895 51.6257 50.6019 49.8603 48.296 43.5641
threshold=20.025000000000002 474.50000000000006 58.058333333333344 10.208333333333336 776.75000000000011 177.10000000000002 14.050000000000002 24.750000000000004 62.600000000000009 1.5204589447365311 2.2676830373725436 551.00000000000011 0 1
decision_type=8 10 10 10 10 10 8 8 10 10 10 10 1 1
left_child=3 2 7 -1 11 -4 -5 -2 13 12 -8 -3 -7 -9
right_child=1 4 5 6 -6 9 10 8 -10 -11 -12 -13 -14 -15
leaf_value=-0.2649741894629013 -0.071175891923756729 0.97893232949483411 0.060908536478551843 -0.093714061758347178 14.675164869815243 0.45177519072635508 -0.061188424144434178 -0.054195119758022131 0.15683345301666535 1.3354794519689288 -0.060972871491184029 2.7387183341216819 0.17126169554734405 -0.016324342408638819
leaf_weight=6923 2061 1171 15509 2088 1916 3269 823 5513 413 821 2775 1089 2526 6827
leaf_count=6923 2061 1171 15509 2088 1916 3269 823 5513 413 821 2775 1089 2526 6827
internal_value=-0.00390981 0.00274672 0.000546638 -0.0256077 0.0221837 0.00472729 -0.0163469 -0.00569674 -0.00458418 0.009124 -0.0124535 0.0151126 0.00794741 -0.0050239
internal_weight=53724 41115 36939 12609 4176 22125 5686 14814 12753 6616 3598 2260 5795 12340
internal_count=53724 41115 36939 12609 4176 22125 5686 14814 12753 6616 3598 2260 5795 12340
cat_boundaries=0 1 2
cat_threshold=15508 53771
is_linear=0
shrinkage=0.035


Tree=66
num_leaves=15
num_cat=2
split_feature=13 13 10 10 0 1 0 23 32 1 23 32 0 23
split_gain=6260.94 1390.44 750.691 705.01 201.523 140.127 111.2 85.7293 71.7407 60.7679 52.748 52.528 50.5089 50.287
threshold=20.025000000000002 474.50000000000006 10.591666666666669 58.058333333333344 702.50000000000011 150.50000000000003 14.050000000000002 0.84688254995758816 0 881.00000000000011 1.4092831972646713 1 65.100000000000009 1.5567201719485986
decision_type=8 10 10 10 10 10 8 8 1 10 10 1 10 10
left_child=2 3 -1 7 9 13 -4 8 -2 -3 -7 -8 -9 -5
right_child=1 4 6 5 -6 10 11 12 -10 -11 -12 -13 -14 -15
leaf_value=-0.24520008615597955 -0.090690460886053162 1.3741533875474732 -0.087912368455242071 0.041527198668433914 10.661534099371709 0.29067210399870153 -0.0077358593569971483 -0.026724291851272661 -0.050965587778562915 15.549493261730587 0.89878847754296953 -0.059896832384061294 0.22367229563757846 0.34030343243678818
leaf_weight=7137 1765 2031 1916 13753 1889 6740 470 11090 1693 256 859 3086 266 773
leaf_count=7137 1765 2031 1916 13753 1889 6740 470 11090 1693 256 859 3086 266 773
internal_value=-0.00384857 0.00276885 -0.025419 0.000603481 0.0218991 0.00455965 -0.0156436 -0.00530468 -0.0101271 0.0148582 0.00840939 -0.0119517 -0.00383241 0.00254353
internal_weight=53724 41115 12609 36939 4176 22125 5472 14814 3458 2287 7599 3556 11356 14526
internal_count=53724 41115 12609 36939 4176 22125 5472 14814 3458 2287 7599 3556 11356 14526
cat_boundaries=0 1 2
cat_threshold=49393 392
is_linear=0
shrinkage=0.035


Tree=67
num_leaves=15
num_cat=2
split_feature=13 13 13 10 13 0 0 23 32 0 0 24 32 23
split_gain=6035.46 1283.19 767.859 657.327 200.099 126.22 87.1579 81.3151 70.2658 68.5947 56.8316 52.4217 49.2991 49.1103
threshold=20.025000000000002 474.50000000000006 10.025000000000002 58.058333333333344 855.50000000000011 229.75000000000003 14.050000000000002 0.84688254995758816 0 10.100000000000001 551.00000000000011 5.5000000000000009 1 1.2163729140124064
decision_type=8 10 10 10 10 10 8 8 1 10 10 2 1 10
left_child=2 3 9 7 10 11 -4 8 -2 -1 -3 -5 -9 -7
right_child=1 4 6 5 -6 13 -8 12 -10 -11 -12 -13 -14 -15
leaf_value=-0.25411808314052026 -0.087516294755041357 0.98482121585956761 -0.08265001567869297 0.076745078426413232 18.513380405893699 0.30249833986106156 -0.056770937547975679 -0.005291743023004206 -0.049181792206313205 -0.079118083140520254 2.7390841473365199 -0.061709603047963961 -0.037486033743702393 0.9969008322911056
leaf_weight=6730 1765 1234 1976 15629 1596 3629 3516 4910 1693 387 1346 1544 6446 1323
leaf_count=6730 1765 1234 1976 15629 1596 3629 3516 4910 1693 387 1346 1544 6446 1323
internal_value=-0.00387984 0.00261734 -0.0250583 0.000537164 0.020995 0.00435721 -0.0152047 -0.00516769 -0.00986428 -0.032646 0.0149207 0.00293602 -0.00373383 0.00927779
internal_weight=53724 41115 12609 36939 4176 22125 5492 14814 3458 7117 2580 17173 11356 4952
internal_count=53724 41115 12609 36939 4176 22125 5492 14814 3458 7117 2580 17173 11356 4952
cat_boundaries=0 1 2
cat_threshold=49393 3556
is_linear=0
shrinkage=0.035


Tree=68
num_leaves=15
num_cat=3
split_feature=13 0 10 10 1 0 0 1 23 32 32 32 23 24
split_gain=5921.37 1237.07 803.359 682.073 156.374 120.982 112.007 105.202 75.3521 68.3346 52.0693 51.5013 86.673 45.2459
threshold=20.025000000000002 541.25000000000011 9.8416666666666686 58.058333333333344 150.50000000000003 13.050000000000002 882.50000000000011 720.50000000000011 0.84688254995758816 0 1 2 1.1489903781000137 5.5000000000000009
decision_type=8 10 10 10 10 8 10 10 8 1 1 1 10 2
left_child=2 3 -1 8 11 -4 -3 -6 9 -2 -7 -5 13 -13
right_child=1 6 5 4 7 10 -8 -9 -10 -11 -12 12 -14 -15
leaf_value=-0.24522395023060206 -0.084453224438614929 2.3701427953620717 -0.082343054700261487 0.10550096526570216 0.32817683674930154 -0.011068342860346672 18.39041209168742 9.4871109169875361 -0.022555552870003482 -0.047460429479092278 -0.058117281380480432 -0.022980361789740427 0.16354825813542478 -0.15440526831058921
leaf_weight=6711 1765 1592 1860 8942 8345 525 1329 354 11354 1693 3513 4036 1353 352
leaf_count=6711 1765 1592 1860 8942 8345 525 1329 354 11354 1693 3513 4036 1353 352
internal_value=-0.003859 0.00257648 -0.0248363 0.000896097 0.00461838 -0.0153922 0.0245096 0.00833582 -0.00497942 -0.00950043 -0.0119639 0.00241388 -0.000176338 -0.00256545
internal_weight=53724 41115 12609 38194 23382 5898 2921 8699 14812 3458 4038 14683 5741 4388
internal_count=53724 41115 12609 38194 23382 5898 2921 8699 14812 3458 4038 14683 5741 4388
cat_boundaries=0 1 2 3
cat_threshold=49393 392 11676
is_linear=0
shrinkage=0.035


Tree=69
num_leaves=15
num_cat=2
split_feature=13 0 10 13 1 0 0 1 0 23 32 32 23 1
split_gain=5532.59 1218.82 806.478 628.579 146.323 122.507 115.536 103.379 82.13 63.7011 57.7838 47.5134 68.5719 47.359
threshold=20.025000000000002 541.25000000000011 9.2071428571428591 59.975000000000009 150.50000000000003 14.050000000000002 882.50000000000011 720.50000000000011 50.050000000000004 0.84688254995758816 0 1 1.1489903781000137 20.100000000000005
decision_type=8 10 10 10 10 8 10 10 10 8 1 1 10 10
left_child=2 3 -1 8 11 -4 -3 -6 9 10 -2 -5 -13 -7
right_child=1 6 5 4 7 13 -8 -9 -10 -11 -12 12 -14 -15
leaf_value=-0.23664111197253096 -0.083214934091504072 2.2871877975243988 -0.079141111972530945 0.10333775131137003 0.31686883032895763 -0.057677696524495288 17.74674766847836 9.1550620348929748 0.020377539411382522 -0.026876626544747782 -0.060458469815326876 -0.03109238719459274 0.14879887018762342 -0.0016365018617476592
leaf_weight=6255 1553 1592 2627 8872 8334 3249 1329 354 1747 9927 1799 4278 1330 478
leaf_count=6255 1553 1592 2627 8872 8334 3249 1329 354 1747 9927 1799 4278 1330 478
internal_value=-0.00364924 0.00257138 -0.0239262 0.000903427 0.00451905 -0.015125 0.0243421 0.00810882 -0.00467101 -0.00560938 -0.00977957 0.00236313 -0.000161835 -0.0110196
internal_weight=53724 41115 12609 38194 23168 6354 2921 8688 15026 13279 3352 14480 5608 3727
internal_count=53724 41115 12609 38194 23168 6354 2921 8688 15026 13279 3352 14480 5608 3727
cat_boundaries=0 1 2
cat_threshold=49377 11676
is_linear=0
shrinkage=0.035


Tree=70
num_leaves=15
num_cat=2
split_feature=11 0 10 10 0 1 0 0 23 32 23 0 32 0
split_gain=5458.09 1233.54 651.348 594.73 245.76 151.906 100.673 92.3268 86.34 77.6041 61.4928 55.6398 49.5183 44.0276
threshold=18.639610389610393 381.00000000000006 9.2071428571428591 58.058333333333344 882.50000000000011 720.50000000000011 19.550000000000004 13.050000000000002 1.6248060564443316 0 1.0154632132228303 46.100000000000009 1 9.5500000000000025
decision_type=8 10 10 10 10 10 8 8 10 1 8 10 1 10
left_child=2 3 13 6 -3 8 -2 -4 9 -5 -11 -8 -9 -1
right_child=1 4 7 5 -6 -7 11 12 -10 10 -12 -13 -14 -15
leaf_value=-0.22835867305349236 -0.087197727838695296 1.2790145990109762 -0.076371173053492378 0.13611655028710282 17.125611500081618 9.1548166300479199 -0.033742257869884759 -0.0025757822940661781 0.51071896087610824 -0.038672316658241501 0.069159959045422312 0.0023437982230406365 -0.058600840850801979 -0.070858673053492346
leaf_weight=5976 1226 3371 2092 11252 1329 330 12260 406 960 4457 4606 2650 2535 274
leaf_count=5976 1226 3371 2092 11252 1329 330 12260 406 960 4457 4606 2650 2535 274
internal_value=-0.00366748 0.00208536 -0.0252981 -2.13268e-05 0.0189841 0.00377534 -0.00510439 -0.0159021 0.00340625 0.00291954 0.000505067 -0.00430841 -0.0118686 -0.0328457
internal_weight=53724 42441 11283 37741 4700 21605 16136 5033 21275 20315 9063 14910 2941 6250
internal_count=53724 42441 11283 37741 4700 21605 16136 5033 21275 20315 9063 14910 2941 6250
cat_boundaries=0 1 2
cat_threshold=11668 168
is_linear=0
shrinkage=0.035


Tree=71
num_leaves=15
num_cat=1
split_feature=10 10 0 0 10 1 0 0 23 32 5 23 10 23
split_gain=5324.87 1400.63 745.845 276.564 267.002 124.488 119.851 109.948 80.3421 72.2896 54.9262 40.7371 40.2082 39.6135
threshold=12.792857142857146 77.035714285714292 551.00000000000011 18.550000000000004 8.8366666666666678 720.50000000000011 45.050000000000004 882.50000000000011 1.5204589447365311 0 139.10000000000002 1.0154632132228303 118.34666666666668 0.77530412965873985
decision_type=8 10 10 8 10 10 10 10 10 1 8 8 10 8
left_child=4 3 5 -2 -1 8 13 -4 9 10 12 -11 -3 -5
right_child=1 2 7 6 -6 -7 -8 -9 -10 11 -12 -13 -14 -15
leaf_value=-0.22036611949662013 -0.068865943397419693 0.10498092456173684 2.2659113333434013 -0.077428592246796629 -0.067900395701346053 8.5440345152438475 0.0077943583901383569 16.52621509757876 0.5715804006305879 -0.042770694221550588 0.28954053895917825 0.11511715490981872 -0.039883256276258307 -0.029815995658600207
leaf_weight=6036 2802 2686 1468 2053 2391 355 5851 1327 1218 2998 7587 2988 1802 12162
leaf_count=6036 2802 2686 1468 2053 2391 355 5851 1327 1218 2998 7587 2988 1802 12162
internal_value=-0.00358019 0.00117357 0.00738722 -0.00492109 -0.0291182 0.00497581 -0.00348064 0.0242875 0.0045937 0.00400448 0.00556121 0.000851525 0.00249277 -0.00521554
internal_weight=53724 45297 22429 22868 8427 19634 20066 2795 19279 18061 12075 5986 4488 14215
internal_count=53724 45297 22429 22868 8427 19634 20066 2795 19279 18061 12075 5986 4488 14215
cat_boundaries=0 1
cat_threshold=15764
is_linear=0
shrinkage=0.035


Tree=72
num_leaves=15
num_cat=1
split_feature=10 10 13 0 10 0 0 0 23 32 23 23 1 23
split_gain=5310.49 1318.15 745.518 268.577 266.794 167.219 111.286 84.1377 60.8009 49.0373 47.9354 44.4221 38.8896 47.8461
threshold=12.792857142857146 77.035714285714292 700.50000000000011 18.550000000000004 8.8366666666666678 341.00000000000006 45.050000000000004 882.50000000000011 1.5204589447365311 0 1.0154632132228303 1.1677313805959531 20.100000000000005 0.77530412965873985
decision_type=8 10 10 8 10 10 10 8 10 1 8 10 8 8
left_child=4 3 5 -2 -1 8 12 -4 9 -3 -11 -7 -5 -14
right_child=1 2 7 6 -6 11 -8 -9 -10 10 -12 -13 13 -15
leaf_value=-0.2126533053142384 -0.066455635378510014 0.13809174222687093 2.3561372237963094 -0.060377478191721595 -0.065523881851798971 0.60444360300411981 0.0075215558464833531 14.209477485423012 0.46316149070548679 -0.041458567693654164 0.10206467317654615 1.6006016796558271 -0.074789387448578104 -0.02204710876572934
leaf_weight=6036 2802 9158 683 1922 2391 2225 5851 1627 964 3239 3228 1305 1888 10405
leaf_count=6036 2802 9158 683 1922 2391 2225 5851 1627 964 3239 3228 1305 1888 10405
internal_value=-0.00358149 0.00116584 0.00719377 -0.00474664 -0.029085 0.00502808 -0.00332719 0.0260043 0.003554 0.00302527 0.000685745 0.0119406 -0.00499895 -0.00427183
internal_weight=53724 45297 22429 22868 8427 20119 20066 2310 16589 15625 6467 3530 14215 12293
internal_count=53724 45297 22429 22868 8427 20119 20066 2310 16589 15625 6467 3530 14215 12293
cat_boundaries=0 1
cat_threshold=11668
is_linear=0
shrinkage=0.035


Tree=73
num_leaves=15
num_cat=2
split_feature=10 10 0 10 0 1 0 0 23 0 32 23 5 32
split_gain=5164.33 1229.96 702.581 285.861 257.996 116.458 104.911 96.4701 74.6645 62.9776 60.122 54.7102 46.0448 39.9349
threshold=12.792857142857146 77.035714285714292 551.00000000000011 8.2242857142857151 18.550000000000004 752.00000000000011 45.050000000000004 901.00000000000011 1.5204589447365311 10.100000000000001 0 1.0154632132228303 139.10000000000002 1
decision_type=8 10 10 10 8 10 10 10 10 8 1 8 8 1
left_child=3 4 5 -1 -2 8 -6 -4 10 -5 12 -12 -3 -11
right_child=1 2 7 9 6 -7 -8 -9 -10 13 11 -13 -14 -15
leaf_value=-0.20521043962824004 -0.064129688140262167 0.068187274562285446 2.1862101338258966 -0.086528332282260104 -0.031556110032235872 8.3880251279729023 0.0072583013918565351 17.200465857173697 0.532963876171756 -0.0098745179316434319 -0.038356924869745235 0.11912555201681159 0.29319951535276562 -0.052901513450035471
leaf_weight=5543 2802 4020 1564 1305 14215 319 5851 1231 1218 267 3531 3596 6950 1312
leaf_count=5543 2802 4020 1564 1305 14215 319 5851 1231 1218 267 3531 3596 6950 1312
internal_value=-0.00359452 0.00108704 0.00690982 -0.0287447 -0.00462423 0.00456948 -0.00323302 0.0233125 0.0042192 -0.0197473 0.00365236 0.00114184 0.00527629 -0.014959
internal_weight=53724 45297 22429 8427 22868 19634 20066 2795 19315 2884 18097 7127 10970 1579
internal_count=53724 45297 22429 8427 22868 19634 20066 2795 19315 2884 18097 7127 10970 1579
cat_boundaries=0 1 2
cat_threshold=11668 4268
is_linear=0
shrinkage=0.035


Tree=74
num_leaves=15
num_cat=2
split_feature=10 0 10 10 0 1 0 1 0 23 32 32 23 26
split_gain=5115.89 1173.67 740.501 261.867 216.107 120.892 105.589 88.3152 59.8891 51.9466 84.0379 63.094 49.3242 46.0835
threshold=12.408333333333335 541.25000000000011 58.058333333333344 8.2242857142857151 18.550000000000004 752.00000000000011 928.50000000000011 149.75000000000003 9.5500000000000025 0.85257315870794115 0 1 1.7549510370570294 232.50000000000003
decision_type=8 10 10 10 8 10 10 10 8 10 1 1 10 2
left_child=3 2 4 -1 -2 7 -3 -4 -5 11 -11 -6 13 -9
right_child=1 6 5 8 9 -7 -8 12 -10 10 -12 -13 -14 -15
leaf_value=-0.1980280742412516 -0.060278468795024284 2.0352369775274175 0.03275676309331154 -0.097181947998360926 -0.060993858477619005 8.0944442484938506 18.348449552172621 0.16928879530842339 -0.050379770908353459 0.0082666033251166306 -0.031812417111362616 -0.032252126517913531 1.1270670814646466 0.38615930845985491
leaf_weight=5543 2953 1727 13967 869 2337 319 1194 6005 1803 3773 6100 4042 365 2727
leaf_count=5543 2953 1727 13967 869 2337 319 1194 6005 1803 3773 6100 4042 365 2727
internal_value=-0.00358019 0.00100969 -0.000463456 -0.0289921 -0.00555518 0.00371879 0.0224522 0.00341974 -0.0199253 -0.00396998 -0.00237751 -0.00643092 0.0061025 0.00556827
internal_weight=53724 45509 42588 8215 19205 23383 2921 23064 2672 16252 9873 6379 9097 8732
internal_count=53724 45509 42588 8215 19205 23383 2921 23064 2672 16252 9873 6379 9097 8732
cat_boundaries=0 1 2
cat_threshold=1520 32881
is_linear=0
shrinkage=0.035


Tree=75
num_leaves=15
num_cat=4
split_feature=10 0 13 10 0 1 0 1 0 32 32 23 32 32
split_gain=5066.4 1121.06 660.364 301.809 160.333 131.936 109.384 91.3474 62.6928 53.2935 51.4645 49.7174 72.6898 49.968
threshold=12.792857142857146 541.25000000000011 49.025000000000006 8.2242857142857151 18.550000000000004 149.75000000000003 928.50000000000011 752.00000000000011 9.0500000000000025 0 1 0.84688254995758816 2 3
decision_type=8 10 10 10 8 10 10 10 8 1 1 10 1 1
left_child=3 2 4 -1 -2 10 -3 -7 -5 -10 -4 13 -13 -6
right_child=1 6 5 8 11 7 -8 -9 9 -11 -12 12 -14 -15
leaf_value=-0.19109709164280778 -0.059723998165650397 1.9640036833139562 -0.012529343289967408 -0.09378057981841828 -0.059883273681312965 0.2618842987985413 17.70625381784658 7.8111386997965671 0.0022948006039968495 -0.04928666849749188 0.060555970986339379 0.0059675801129221292 -0.034287269217047528 -0.034941371409748304
leaf_weight=5543 2765 1727 6273 797 2046 9089 1194 319 230 1857 9856 3703 4941 3384
leaf_count=5543 2765 1727 6273 797 2046 9089 1194 319 230 1857 9856 3703 4941 3384
internal_value=-0.00356846 0.0010685 -0.000378236 -0.028479 -0.00575784 0.00316949 0.0220215 0.00646234 -0.0192385 -0.0159775 0.00124737 -0.00424107 -0.00258989 -0.00686477
internal_weight=53724 45297 42376 8427 16839 25537 2921 9408 2884 2087 16129 14074 8644 5430
internal_count=53724 45297 42376 8427 16839 25537 2921 9408 2884 2087 16129 14074 8644 5430
cat_boundaries=0 1 2 3 4
cat_threshold=172 21091 34032 32881
is_linear=0
shrinkage=0.035


Tree=76
num_leaves=15
num_cat=2
split_feature=10 0 13 10 0 0 10 23 0 1 24 23 32 32
split_gain=4992.96 1022.54 554.143 286.408 223.691 172.187 134.072 75.4111 65.2368 65.2318 49.9834 48.5615 67.9806 47.5245
threshold=12.408333333333335 381.00000000000006 49.025000000000006 8.2242857142857151 786.00000000000011 18.550000000000004 910.08333333333337 1.6248060564443316 9.0500000000000025 97.750000000000014 1.0000000180025095e-35 0.84688254995758816 0 1
decision_type=8 10 10 10 10 8 10 10 8 8 2 10 1 1
left_child=3 2 5 -1 -3 -2 7 9 -5 -4 -11 13 -13 -7
right_child=1 4 6 8 -6 11 -8 -9 -10 10 -12 12 -14 -15
leaf_value=-0.1844086934353095 -0.056471164682440025 0.94085635414692581 -0.007943875926951378 -0.090498259524773653 9.5886353032714471 -0.057372667825206607 16.287748845303689 0.38000539240159892 -0.04748192459647297 0.26720223525409553 0.068488184477206948 0.0076361053123281597 -0.030360820294201719 -0.033244919583525497
leaf_weight=5543 2931 3081 7525 782 1619 2069 234 1026 1890 2489 12486 3001 5649 3399
leaf_count=5543 2931 3081 7525 782 1619 2069 234 1026 1890 2489 12486 3001 5649 3399
internal_value=-0.00358931 0.000945094 -0.00083611 -0.028694 0.0163953 -0.00564999 0.00261856 0.00235307 -0.0192193 0.00192846 0.00326402 -0.00404447 -0.00241017 -0.00662525
internal_weight=53724 45509 40809 8215 4700 17049 23760 23526 2672 22500 14975 14118 8650 5468
internal_count=53724 45509 40809 8215 4700 17049 23760 23526 2672 22500 14975 14118 8650 5468
cat_boundaries=0 1 2
cat_threshold=1264 32881
is_linear=0
shrinkage=0.035


Tree=77
num_leaves=15
num_cat=2
split_feature=10 0 13 10 0 0 10 0 0 23 32 23 32 24
split_gain=4904.52 974.693 517.787 312.433 230.787 179.024 121.439 72.5042 60.9515 58.7271 54.2852 48.4584 42.4978 51.3992
threshold=12.408333333333335 381.00000000000006 58.800000000000004 8.2242857142857151 928.50000000000011 18.550000000000004 982.50000000000011 9.0500000000000025 62.600000000000009 1.6248060564443316 0 1.0154632132228303 1 5.5000000000000009
decision_type=8 10 10 10 10 8 10 8 10 10 1 8 1 2
left_child=3 2 5 -1 -3 -2 9 -5 12 10 -4 -12 -7 -14
right_child=1 4 6 7 -6 8 -8 -9 -10 -11 11 -13 13 -15
leaf_value=-0.1779543891650737 -0.054494673918554615 1.0597839038735719 0.1082825424484604 -0.087330820441406581 16.75093269860745 -0.044944788529941909 17.817677635718063 -0.045820057235596401 0.16576876513303879 0.40913596520830431 -0.039795710949322188 0.058005337093040024 -0.0082674549037756156 -0.096013745502984818
leaf_weight=5543 2947 3506 11350 782 1194 7130 200 1890 480 927 4396 4608 8211 560
leaf_count=5543 2947 3506 11350 782 1194 7130 200 1890 480 927 4396 4608 8211 560
internal_value=-0.00359973 0.00089434 -0.000844686 -0.0284811 0.0159787 -0.00500026 0.00289468 -0.0185917 -0.00356921 0.00263577 0.00224176 0.000209558 -0.00394097 -0.00229854
internal_weight=53724 45509 40809 8215 4700 19328 21481 2672 16381 21281 20354 9004 15901 8771
internal_count=53724 45509 40809 8215 4700 19328 21481 2672 16381 21281 20354 9004 15901 8771
cat_boundaries=0 1 2
cat_threshold=11668 33371
is_linear=0
shrinkage=0.035


Tree=78
num_leaves=15
num_cat=2
split_feature=10 0 10 10 0 0 13 0 1 23 23 32 32 26
split_gain=4734.46 949.382 551.9 309.852 152.802 141.699 100.25 89.4757 75.4371 45.6994 45.4472 74.5713 50.3059 44.0002
threshold=12.408333333333335 520.50000000000011 58.058333333333344 7.5845238095238106 18.550000000000004 1043.5000000000002 936.25000000000011 9.0500000000000025 149.75000000000003 1.9828807267754229 0.85257315870794115 0 1 232.50000000000003
decision_type=8 10 10 10 8 10 10 8 10 10 10 1 1 2
left_child=3 2 4 -1 -2 -3 8 -5 -4 13 12 -12 -6 -10
right_child=1 5 6 7 10 -7 -8 -9 9 -11 11 -13 -14 -15
leaf_value=-0.18922598554429615 -0.052424779232134837 1.8977295229183804 0.024959384806015558 -0.084274241725957336 -0.051355677506003311 24.914650054156191 15.09405891846793 -0.044296065735957187 0.15134106027486113 1.4036743295305414 0.0044176243832125201 -0.03497110566593347 -0.023862744877025509 0.35678740481553278
leaf_weight=5119 2953 2107 13926 1090 3004 904 233 2006 6116 237 5237 4636 3375 2781
leaf_count=5119 2953 2107 13926 1090 3004 904 233 2006 6116 237 5237 4636 3375 2781
internal_value=-0.00355804 0.000857428 -0.000489142 -0.0280043 -0.00488105 0.0198326 0.00313224 -0.0192099 0.00289833 0.0053693 -0.00354801 -0.00205862 -0.00584978 0.00495787
internal_weight=53724 45509 42498 8215 19205 3011 23293 3096 23060 9134 16252 9873 6379 8897
internal_count=53724 45509 42498 8215 19205 3011 23293 3096 23060 9134 16252 9873 6379 8897
cat_boundaries=0 1 2
cat_threshold=38384 33009
is_linear=0
shrinkage=0.035


Tree=79
num_leaves=15
num_cat=2
split_feature=10 0 10 10 0 0 0 1 23 32 23 23 32 22
split_gain=4621.94 920.09 521.913 340.296 146.118 129.157 101.84 96.5161 68.9133 65.7712 50.7913 45.2771 70.7086 50.8452
threshold=12.408333333333335 551.00000000000011 58.058333333333344 7.5845238095238106 18.550000000000004 1065.0000000000002 9.0500000000000025 921.00000000000011 1.5020247908307789 0 1.0154632132228303 0.85257315870794115 1 0.95252630988587228
decision_type=8 10 10 10 8 10 8 10 10 1 8 10 1 8
left_child=3 2 4 -1 -2 -3 -5 8 9 -4 -11 -6 -13 -14
right_child=1 5 7 6 11 -7 -8 -9 -10 10 -12 12 13 -15
leaf_value=-0.18260307605024581 -0.050589911959010116 2.0628506711480323 0.11908284537291353 -0.081324643265548835 -0.039940134826564368 25.792637302260726 -0.042745703435198713 14.215766856321553 0.37495256347584183 -0.040931784418650287 0.05833975080266264 -0.082646495896954081 0.02665233421147031 -0.010302283320563106
leaf_weight=5119 2953 1933 12455 1090 6379 864 2006 217 1552 4647 4636 2019 1895 5959
leaf_count=5119 2953 1933 12455 1090 6379 864 2006 217 1552 4647 4636 2019 1895 5959
internal_value=-0.00354371 0.000818979 -0.000455556 -0.0276977 -0.00473529 0.020248 -0.0184876 0.00304121 0.00282164 0.00231155 7.90493e-05 -0.00343175 -0.00194523 -0.000435888
internal_weight=53724 45509 42712 8215 19205 2797 3096 23507 23290 21738 9283 16252 9873 7854
internal_count=53724 45509 42712 8215 19205 2797 3096 23507 23290 21738 9283 16252 9873 7854
cat_boundaries=0 1 2
cat_threshold=11668 523
is_linear=0
shrinkage=0.035


Tree=80
num_leaves=15
num_cat=1
split_feature=10 0 13 0 0 0 1 16 1 0 23 30 32 24
split_gain=4524.58 875.256 484.4 390.251 138.717 136.586 115.896 97.5953 68.1106 58.1021 49.631 44.545 40.5579 49.4926
threshold=12.408333333333335 551.00000000000011 59.975000000000009 9.0500000000000025 18.550000000000004 1065.0000000000002 9.0500000000000025 31.471831698778185 921.00000000000011 67.100000000000009 1.5020247908307789 -0.97874870457683594 0 5.5000000000000009
decision_type=8 10 10 10 8 10 10 10 10 10 10 2 1 2
left_child=3 2 4 6 -2 -3 -1 -4 10 12 11 -9 -6 -14
right_child=1 5 7 -5 9 -7 -8 8 -10 -11 -12 -13 13 -15
leaf_value=-0.1587119683884872 -0.048981846139715117 1.9906508976578523 0.032300420491042384 -0.038699483988063534 -0.040576868570738632 24.889894996681601 -0.053964110905274629 -0.27640685200790155 14.068215016350297 0.26193177286595587 0.98467120413259956 0.36583776835865855 -0.0066371557875166869 -0.092041427744703877
leaf_weight=6073 2947 1933 16438 1555 7209 864 587 455 212 358 751 5436 8339 567
leaf_count=6073 2947 1933 16438 1555 7209 864 587 455 212 358 751 5436 8339 567
internal_value=-0.0034929 0.000823593 -0.000419505 -0.0273911 -0.0045009 0.0197734 -0.0310773 0.00298365 0.00649074 -0.00324766 0.00585527 0.00476679 -0.00355862 -0.00196951
internal_weight=53724 45509 42712 8215 19420 2797 6660 23292 6854 16473 6642 5891 16115 8906
internal_count=53724 45509 42712 8215 19420 2797 6660 23292 6854 16473 6642 5891 16115 8906
cat_boundaries=0 1
cat_threshold=33371
is_linear=0
shrinkage=0.035


Tree=81
num_leaves=15
num_cat=2
split_feature=10 10 13 0 0 0 1 1 24 23 23 24 32 32
split_gain=4460.9 894.034 583.713 237.573 177.616 136.236 70.53 68.4368 52.4528 41.8771 41.4929 39.6616 38.9576 35.2458
threshold=9.8416666666666686 77.035714285714292 936.25000000000011 18.550000000000004 9.0500000000000025 341.00000000000006 9.0500000000000025 20.100000000000005 4.5000000000000009 1.1677313805959531 1.9032856858383962 1.0000000180025095e-35 0 1
decision_type=8 10 10 8 10 10 10 8 2 10 10 2 1 1
left_child=4 3 5 -2 6 10 -1 -5 12 -7 11 -3 -9 -13
right_child=1 2 -4 7 -6 9 -8 8 -10 -11 -12 13 -14 -15
leaf_value=-0.15315704949489012 -0.049037357179332081 0.19086311929101279 14.247288081287889 -0.045616462175707119 -0.037345002048481325 0.54794617769578757 -0.051823224506802573 0.0067183530452269843 -0.043647765678430164 1.4617929614204754 0.67223316648439879 0.09079721316980767 -0.019949648267655624 -0.013604833494439925
leaf_weight=5887 4196 2846 1376 2264 530 2730 294 5736 4196 1578 365 7784 8192 5750
leaf_count=5887 4196 2846 1376 2264 530 2730 294 5736 4196 1578 365 7784 8192 5750
internal_value=-0.00348639 0.000325301 0.00537777 -0.00428444 -0.030169 0.00393081 -0.0318372 -0.00272201 -0.00200397 0.00947832 0.00250119 0.00223863 -0.00096964 0.00144767
internal_weight=53724 47013 22429 24584 6711 21053 6181 20388 18124 4308 16745 16380 13928 13534
internal_count=53724 47013 22429 24584 6711 21053 6181 20388 18124 4308 16745 16380 13928 13534
cat_boundaries=0 1 2
cat_threshold=11688 11668
is_linear=0
shrinkage=0.035


Tree=82
num_leaves=15
num_cat=3
split_feature=10 16 13 0 0 0 6 1 23 23 32 32 32 23
split_gain=4349.21 847.715 490.098 265.813 191.711 104.024 85.7292 65.8723 59.5991 55.9197 53.0695 52.8315 51.6796 50.1033
threshold=9.8416666666666686 16.431676725155853 936.25000000000011 18.550000000000004 8.5500000000000025 551.00000000000011 45.050000000000004 9.0500000000000025 1.3980608637068686 0.84688254995758816 0 1 2 0.78720956856955071
decision_type=8 10 10 8 10 10 10 10 10 10 1 1 1 8
left_child=4 3 5 -2 7 8 9 -1 11 -5 -11 -3 -10 -13
right_child=1 2 -4 6 -6 -7 -8 -9 12 10 -12 13 -14 -15
leaf_value=-0.14779655276256898 -0.046529954792189028 0.22443884625225027 13.819079416818091 -0.03993759827435979 -0.038020303135912377 1.669317991986851 0.0032455659691729903 -0.050009411649064466 -0.35554372928031541 -0.077257952150998316 -0.0046467064211911336 -0.15953490907116261 0.49520459190105548 0.12531162907914309
leaf_weight=5711 4080 7382 1374 4595 740 1637 12188 260 142 1865 7435 1490 1606 3219
leaf_count=5711 4080 7382 1374 4595 740 1637 12188 260 142 1865 7435 1490 1606 3219
internal_value=-0.0034473 0.000316368 0.00660338 -0.00319627 -0.0297938 0.0048201 -0.0018957 -0.0318783 0.00383018 -0.00377446 -0.00221171 0.00295428 0.00986309 5.18628e-05
internal_weight=53724 47013 16850 30163 6711 15476 26083 5971 13839 13895 9300 12091 1748 4709
internal_count=53724 47013 16850 30163 6711 15476 26083 5971 13839 13895 9300 12091 1748 4709
cat_boundaries=0 1 2 3
cat_threshold=523 11572 256
is_linear=0
shrinkage=0.035


Tree=83
num_leaves=15
num_cat=0
split_feature=13 10 10 0 0 0 1 0 10 24 23 24 30 6
split_gain=4298.62 810.43 517.599 214.635 204.785 120.01 65.2937 60.2363 54.4153 49.3631 46.586 41.9085 36.8198 37.5486
threshold=9.5250000000000021 77.035714285714292 910.08333333333337 8.5500000000000025 18.550000000000004 390.50000000000006 20.100000000000005 1043.5000000000002 7.0083333333333337 4.5000000000000009 1.9032856858383962 5.5000000000000009 -0.6523320455745395 145.10000000000002
decision_type=8 10 10 10 8 10 8 8 10 2 10 2 2 10
left_child=3 4 5 8 -2 10 -6 -4 -1 -8 11 12 -3 -14
right_child=1 2 7 -5 6 -7 9 -9 -10 -11 -12 -13 13 -15
leaf_value=-0.17762367341587904 -0.042392346244996063 0.0056173886770279685 1.9859599994100403 -0.041717984669599466 -0.04270386776356587 0.91576703689602656 -0.0058182599712191599 21.286425809364033 -0.062389985778646427 -0.041980259263632719 0.78191280135096286 -0.096119846499293699 0.057289305776276014 0.23817735557993311
leaf_weight=4623 4269 4794 354 705 2259 3395 13916 1074 1330 4193 399 1581 6122 4710
leaf_count=4623 4269 4794 354 705 2259 3395 13916 1074 1330 4193 399 1581 6122 4710
internal_value=-0.00344079 0.000284039 0.00509695 -0.0297524 -0.00409768 0.00370727 -0.00263535 0.0254501 -0.0319159 -0.00193414 0.00254386 0.00226731 0.00281684 0.00394666
internal_weight=53724 47066 22429 6658 24637 21001 20368 1428 5953 18109 17606 17207 15626 10832
internal_count=53724 47066 22429 6658 24637 21001 20368 1428 5953 18109 17606 17207 15626 10832
is_linear=0
shrinkage=0.035


Tree=84
num_leaves=15
num_cat=1
split_feature=10 10 0 0 0 1 0 1 23 11 24 1 24 32
split_gain=4196.11 750.818 453.701 199.084 176.01 91.6546 69.7824 58.8906 52.0235 50.9461 46.4999 41.2076 38.9917 37.3086
threshold=9.5266666666666691 77.035714285714292 752.00000000000011 18.550000000000004 8.5500000000000025 351.00000000000006 1205.0000000000002 20.100000000000005 1.8459722810627612 6.6396103896103904 4.5000000000000009 971.00000000000011 5.5000000000000009 0
decision_type=8 10 10 8 10 10 10 8 10 10 2 10 2 1
left_child=4 3 5 -2 9 8 -4 -5 12 -1 -9 -7 -3 -14
right_child=1 2 6 7 -6 11 -8 10 -10 -11 -12 -13 13 -15
leaf_value=-0.17140684484632329 -0.043553491447001429 0.072063259150481437 2.5838494115862258 -0.041407606083950561 -0.035229463062719471 0.59078403550561676 27.541400906036291 -0.0056491932442895906 0.7073753116181104 -0.066406844846323296 -0.040286891447263093 12.198479725016584 -0.35356409581971188 0.009606664379410006
leaf_weight=4257 4398 15058 1004 2305 598 3525 716 13930 489 1611 4196 205 463 969
leaf_count=4257 4398 15058 1004 2305 598 3525 716 13930 489 1611 4196 205 463 969
internal_value=-0.00339128 0.000228085 0.00486917 -0.00396452 -0.0298238 0.00343174 0.0221159 -0.00250905 0.00233897 -0.0316687 -0.00183774 0.00839625 0.00200303 -0.00350731
internal_weight=53724 47258 22429 24829 6466 20709 1720 20431 16979 5868 18126 3730 16490 1432
internal_count=53724 47258 22429 24829 6466 20709 1720 20431 16979 5868 18126 3730 16490 1432
cat_boundaries=0 1
cat_threshold=42024
is_linear=0
shrinkage=0.035


Tree=85
num_leaves=15
num_cat=3
split_feature=13 16 10 1 10 0 23 32 0 32 13 32 23 0
split_gain=4056.43 705.794 352.775 244.212 222.489 84.73 81.0754 67.3849 63.0439 62.6736 53.7697 50.5784 47.1852 46.7535
threshold=9.5250000000000021 21.297216451246104 982.50000000000011 20.100000000000005 7.0083333333333337 28.100000000000005 1.1930930194640521 0 8.5500000000000025 1 1367.5000000000002 2 0.7489007628673513 11.050000000000002
decision_type=8 10 10 8 10 8 10 1 8 1 10 1 8 8
left_child=4 3 6 13 -1 -5 9 -8 -6 -3 -4 -7 -11 -2
right_child=1 2 10 5 8 11 7 -9 -10 12 -12 -13 -14 -15
leaf_value=-0.16366404009682012 -0.060308073942890887 0.29801257607923021 3.6140907741272601 -0.028881493862713159 -0.064440784344005089 0.0220519526329538 -0.20951494560464526 0.70730071935515137 -0.043083339578823633 -0.26538565516836471 33.577451874325021 -0.013286683501930199 0.092504508811579608 -0.033922927855110412
leaf_weight=4683 854 6814 581 4444 1009 7055 387 2848 966 770 666 16627 1605 4415
leaf_count=4683 854 6814 581 4444 1009 7055 387 2848 966 770 666 16627 1605 4415
internal_value=-0.00334177 0.000276603 0.0069739 -0.00246572 -0.0289014 -0.00116953 0.00518706 0.00994907 -0.0189672 0.00350609 0.0246845 -0.000336894 -0.00139121 -0.00937713
internal_weight=53724 47066 13671 33395 6658 28126 12424 3235 1975 9189 1247 23682 2375 5269
internal_count=53724 47066 13671 33395 6658 28126 12424 3235 1975 9189 1247 23682 2375 5269
cat_boundaries=0 1 2 3
cat_threshold=256 11548 11408
is_linear=0
shrinkage=0.035


Tree=86
num_leaves=15
num_cat=2
split_feature=13 16 10 1 10 0 23 0 32 1 0 32 0 23
split_gain=4009.08 669.257 350.011 235.698 229.241 80.1153 79.1666 66.1324 64.8907 56.2645 55.1671 47.9528 46.0527 38.442
threshold=9.5250000000000021 21.297216451246104 982.50000000000011 20.100000000000005 7.0083333333333337 50.050000000000004 1.1930930194640521 8.5500000000000025 0 99.750000000000014 1255.0000000000002 1 13.050000000000002 0.77943662884124276
decision_type=8 10 10 8 10 8 10 8 1 8 8 1 10 10
left_child=4 3 6 12 -1 13 9 -6 -8 -3 -4 -11 -2 -5
right_child=1 2 10 5 7 -7 8 -9 -10 11 -12 -13 -14 -15
leaf_value=-0.15793579869343138 -0.045860532060028485 -0.096074742653826636 2.3675975970328063 -0.051737738553450152 -0.062185356891964944 0.0058834737703998214 -0.20218192250848291 -0.041575422693564824 0.68254519417772119 -0.053852189232017629 25.402241058723643 0.33283751260761024 -0.027236479961126679 -0.013930539510310994
leaf_weight=4683 2544 1127 404 2547 1009 16476 387 966 2848 1615 843 6447 2725 9103
leaf_count=4683 2544 1127 404 2547 1009 16476 387 966 2848 1615 843 6447 2725 9103
internal_value=-0.0033548 0.0002424 0.00676404 -0.00242799 -0.0287648 -0.0011546 0.00498431 -0.0186843 0.00968981 0.00332336 0.024405 0.00434734 -0.00921786 -0.00337538
internal_weight=53724 47066 13671 33395 6658 28126 12424 1975 3235 9189 1247 8062 5269 11650
internal_count=53724 47066 13671 33395 6658 28126 12424 1975 3235 9189 1247 8062 5269 11650
cat_boundaries=0 1 2
cat_threshold=256 49859
is_linear=0
shrinkage=0.035


Tree=87
num_leaves=15
num_cat=2
split_feature=13 0 13 10 0 0 16 0 1 23 32 16 13 32
split_gain=3969.32 625.764 368.073 223.664 162.382 133.83 77.3339 66.894 51.2572 47.8471 45.8161 45.5332 41.155 40.5243
threshold=9.5250000000000021 480.50000000000006 49.025000000000006 7.0083333333333337 1255.0000000000002 14.65 46.69203106738015 8.5500000000000025 20.100000000000005 0.77943662884124276 0 8.9442719099992107 1367.5000000000002 1
decision_type=8 10 10 10 10 8 10 8 8 8 1 10 10 1
left_child=3 2 5 -1 -3 -2 11 -5 -7 10 -10 -4 -8 -11
right_child=1 4 6 7 -6 8 12 -9 9 13 -12 -13 -14 -15
leaf_value=-0.15240804573916128 -0.041918355412678215 1.3273828793136273 -0.015346364870635832 -0.060008869400746193 25.737521440921778 -0.033548689917710248 0.51000585410180932 -0.040120282899290038 0.0055734384153284383 0.0026030634042717442 -0.065807259458913178 0.059828009670217529 32.107243681984301 -0.024709912228928526
leaf_weight=4683 2600 2725 5597 1009 676 3337 3676 966 550 4805 1311 15687 97 6005
leaf_count=4683 2600 2725 5597 1009 676 3337 3676 966 550 4805 1311 15687 97 6005
internal_value=-0.00332353 0.000255784 -0.000871193 -0.0286072 0.0147049 -0.00459947 0.00189789 -0.018649 -0.00340099 -0.00238285 -0.00755895 0.00107849 0.00651271 -0.00148867
internal_weight=53724 47066 43665 6658 3401 18608 25057 1975 16008 12671 1861 21284 3773 10810
internal_count=53724 47066 43665 6658 3401 18608 25057 1975 16008 12671 1861 21284 3773 10810
cat_boundaries=0 1 2
cat_threshold=9994 10480
is_linear=0
shrinkage=0.035


Tree=88
num_leaves=15
num_cat=2
split_feature=13 0 13 10 0 16 0 0 23 32 13 30 24 32
split_gain=3864.57 614.48 409.723 220.161 144.645 98.5898 87.5533 58.7948 50.2218 49.8806 47.4604 46.7627 41.2669 41.637
threshold=9.0250000000000021 720.50000000000011 49.025000000000006 6.6690476190476202 13.050000000000002 32.339344532331772 1305.0000000000002 9.0500000000000025 1.7985845743171256 0 1367.5000000000002 -0.97111920233974802 5.5000000000000009 1
decision_type=8 10 10 10 8 10 10 10 10 1 10 2 2 1
left_child=3 2 4 -1 -2 12 -3 -5 10 -6 11 -7 -4 -14
right_child=1 6 5 7 9 8 -8 -9 -10 -11 -12 -13 13 -15
leaf_value=-0.14881732931817249 -0.042891994458061362 2.2034893355250458 0.023258920853764666 -0.051349871334487464 -0.005219324565942705 -0.23465377624148903 27.81234937123606 -0.022733277683008746 1.3007442453916171 -0.029956302610960661 30.98349015311485 0.38077294116223304 -0.25863476322861417 -0.0096362954896665447
leaf_weight=4397 2269 1260 17367 1669 5938 610 618 344 486 10649 101 6330 550 1136
leaf_count=4397 2269 1260 17367 1669 5938 610 618 344 486 10649 101 6330 550 1136
internal_value=-0.00327142 0.000184915 -0.000626967 -0.0287638 -0.0045724 0.00217228 0.019777 -0.0190956 0.00556227 -0.00343629 0.00480343 0.00444492 0.000831934 -0.00438794
internal_weight=53724 47314 45436 6410 18856 26580 1878 2013 7527 16587 7041 6940 19053 1686
internal_count=53724 47314 45436 6410 18856 26580 1878 2013 7527 16587 7041 6940 19053 1686
cat_boundaries=0 1 2
cat_threshold=26016 42024
is_linear=0
shrinkage=0.035


Tree=89
num_leaves=15
num_cat=1
split_feature=13 0 13 10 0 0 16 0 1 23 23 13 30 32
split_gain=3842.93 574.837 380.212 224.095 145.406 98.9767 94.3391 59.384 47.7248 46.6369 44.896 43.7349 44.1325 40.8613
threshold=9.0250000000000021 720.50000000000011 49.025000000000006 6.6690476190476202 13.050000000000002 1305.0000000000002 32.339344532331772 9.0500000000000025 20.100000000000005 1.7985845743171256 0.77943662884124276 1627.5000000000002 -0.97111920233974802 0
decision_type=8 10 10 10 8 10 10 10 8 10 8 10 2 1
left_child=3 2 4 -1 -2 -3 -4 -5 -6 11 13 12 -8 -10
right_child=1 5 6 7 8 -7 9 -9 10 -11 -12 -13 -14 -15
leaf_value=-0.14360872279203646 -0.041390774652029207 2.1263672087816676 0.013735469373257134 -0.04955262583778041 -0.030937847225478099 26.838917143242799 -0.22365651289208616 -0.021937612964103414 0.0046607860774748036 1.2552181968029104 -0.0094161495709312436 35.149067997755829 0.37045114301618259 -0.06424785821009385
leaf_weight=4397 2269 1260 19053 1669 3779 618 611 344 561 486 10902 76 6354 1345
leaf_count=4397 2269 1260 19053 1669 3779 618 611 344 561 486 10902 76 6354 1345
internal_value=-0.00328835 0.000158287 -0.000626967 -0.0287093 -0.00442765 0.0191078 0.00206959 -0.0189569 -0.00328863 0.00538569 -0.00226723 0.00465441 0.00435366 -0.00721612
internal_weight=53724 47314 45436 6410 18856 1878 26580 2013 16587 7527 12808 7041 6965 1906
internal_count=53724 47314 45436 6410 18856 1878 26580 2013 16587 7527 12808 7041 6965 1906
cat_boundaries=0 1
cat_threshold=9994
is_linear=0
shrinkage=0.035


Tree=90
num_leaves=15
num_cat=2
split_feature=13 0 19 0 10 1 0 23 32 32 0 8 1 23
split_gain=3562.56 566.525 341.084 175.396 162.144 122.493 104.582 64.2675 65.6152 58.4208 57.4961 51.4107 50.2275 42.5167
threshold=8.5250000000000021 480.50000000000006 27.512500000000003 1255.0000000000002 6.1196428571428578 118.10000000000001 12.050000000000002 0.63452821575733587 0 1 8.5500000000000025 13.051667985646636 881.00000000000011 1.9032856858383962
decision_type=8 10 10 10 10 10 8 8 1 1 10 2 10 10
left_child=4 2 6 -3 -1 7 -2 8 -4 -8 -6 -9 13 -7
right_child=1 3 5 -5 10 12 9 11 -10 -11 -12 -13 -14 -15
leaf_value=-0.13858241749431519 -0.041967911493167309 1.2269913111149255 -0.0068529029974120281 23.274555043229302 -0.051082417494315184 0.11651417659430537 0.010171642388128834 -0.012568821205792419 -0.1096062632444762 -0.030469201922696674 -0.020591883681248951 0.030998896345204516 7.2076641933730397 0.84086420653323501
leaf_weight=3927 2064 2725 1176 676 1778 11241 1239 10572 1102 7100 339 9237 250 298
leaf_count=3927 2064 2725 1176 676 1778 11241 1239 10572 1102 7100 339 9237 250 298
internal_value=-0.00316459 4.5507e-05 -0.00101244 0.0138006 -0.0284675 0.000690062 -0.00655409 -0.000847592 -0.00640823 -0.00480285 -0.0205679 -0.000206672 0.00357004 0.00322895
internal_weight=53724 47680 44279 3401 6044 33876 10403 22087 2278 8339 2117 19809 11789 11539
internal_count=53724 47680 44279 3401 6044 33876 10403 22087 2278 8339 2117 19809 11789 11539
cat_boundaries=0 1 2
cat_threshold=3870 16544
is_linear=0
shrinkage=0.035


Tree=91
num_leaves=15
num_cat=2
split_feature=13 0 19 10 0 1 0 0 32 23 32 23 1 26
split_gain=3520.68 533.906 364.776 166.986 149.032 96.5402 96.0179 57.7568 53.7282 50.9142 64.7943 45.4001 38.7995 39.2878
threshold=8.5250000000000021 741.00000000000011 41.670833333333341 6.1196428571428578 13.050000000000002 149.75000000000003 1305.0000000000002 8.5500000000000025 0 0.65676634018723934 1 0.71938338578024796 1204.0000000000002 232.50000000000003
decision_type=8 10 10 10 8 10 10 8 1 8 1 8 10 2
left_child=3 2 4 -1 -2 9 -3 -5 11 10 -4 -6 13 -7
right_child=1 6 5 7 8 12 -8 -9 -10 -11 -12 -13 -14 -15
leaf_value=-0.13373203288201416 -0.03908654251398351 2.1137836054209216 -0.12522897139538647 -0.049294532882014172 -0.084862874142174832 0.13804555691937936 25.084945616716276 -0.033396600984484492 -0.029802586319537926 0.013597088858311254 -0.0005086123896015771 0.00099354346056845354 22.009550025883357 0.32390676266209673
leaf_weight=3927 2525 1204 885 1461 185 6952 618 656 9622 16383 1452 4573 125 3156
leaf_count=3927 2525 1204 885 1461 185 6952 618 656 9622 16383 1452 4573 125 3156
internal_value=-0.00316328 2.78914e-05 -0.000711249 -0.0283171 -0.00479568 0.00167398 0.0185824 -0.020304 -0.00341606 0.000179439 -0.00464774 -0.000366646 0.00440662 0.00415999
internal_weight=53724 47680 45858 6044 16905 28953 1822 2117 14380 18720 2337 4758 10233 10108
internal_count=53724 47680 45858 6044 16905 28953 1822 2117 14380 18720 2337 4758 10233 10108
cat_boundaries=0 1 2
cat_threshold=24736 53441
is_linear=0
shrinkage=0.035


Tree=92
num_leaves=15
num_cat=2
split_feature=13 0 19 10 0 0 16 32 0 13 23 32 23 24
split_gain=3436.81 515.377 340.998 192.009 137.089 102.907 94.772 53.7181 52.6785 52.6496 44.598 50.7469 43.9498 42.1147
threshold=8.5250000000000021 720.50000000000011 41.670833333333341 6.1196428571428578 12.050000000000002 1305.0000000000002 42.505479257369139 0 8.5500000000000025 1627.5000000000002 0.61162371633080947 1 1.4588254822188831 5.5000000000000009
decision_type=8 10 10 10 8 10 8 1 8 8 8 1 10 2
left_child=3 2 4 -1 -2 -3 10 -6 -5 12 11 -4 -8 -12
right_child=1 5 6 8 7 -7 9 -9 -10 -11 13 -13 -14 -15
leaf_value=-0.12905141173114368 -0.039739086907681812 1.9175096532663249 0.12789025489145406 -0.047569224231143688 -0.002115293190719019 24.206972520131202 0.34892205368805057 -0.029069875702527601 -0.032227719950027517 27.808583219854434 0.026621465914445894 -0.094393418497575154 1.3578136259133025 -0.075427189142815515
leaf_weight=3927 2144 1260 355 1461 4812 618 4744 9949 656 106 19873 1383 644 1792
leaf_count=3927 2144 1260 355 1461 4812 618 4744 9949 656 106 19873 1383 644 1792
internal_value=-0.00310596 4.69749e-05 -0.000690724 -0.0279583 -0.00463838 0.0179926 0.00161909 -0.00343458 -0.0193803 0.00575377 0.000647428 -0.00473896 0.00525681 0.00108053
internal_weight=53724 47680 45802 6044 16905 1878 28897 14761 2117 5494 23403 1738 5388 21665
internal_count=53724 47680 45802 6044 16905 1878 28897 14761 2117 5494 23403 1738 5388 21665
cat_boundaries=0 1 2
cat_threshold=24736 1282
is_linear=0
shrinkage=0.035


Tree=93
num_leaves=15
num_cat=3
split_feature=13 0 13 10 0 13 16 0 23 32 22 23 32 32
split_gain=3428.62 505.133 325.625 192.465 153.071 96.3684 75.2462 53.6389 45.3568 49.4749 39.8835 64.5401 38.9913 38.9894
threshold=8.5250000000000021 741.00000000000011 59.975000000000009 6.1196428571428578 12.050000000000002 1506.2500000000002 48.454806574351267 8.5500000000000025 0.78338076795575651 0 0.95252630988587228 1.2062900538780637 1 2
decision_type=8 10 10 10 8 8 10 8 10 1 8 10 1 1
left_child=3 2 4 -1 -2 -3 -4 -5 12 -10 -11 -12 -6 -13
right_child=1 5 6 7 8 -7 -8 -9 9 10 11 13 -14 -15
leaf_value=-0.12453461232055364 -0.038118112671517532 2.1918943138995708 0.027451303252464147 -0.045904301383053646 -0.041530019080183292 27.909728481926614 0.60922441710716246 -0.031099749751776557 -0.044440874255395467 0.016639683182801193 -0.018728373352466889 -0.03401181751952434 -0.024875430318599002 0.039213010853703989
leaf_weight=3927 2175 1324 19532 1461 2188 498 4734 656 3603 2699 4554 556 4382 1435
leaf_count=3927 2175 1324 19532 1461 2188 498 4734 656 3603 2699 4554 556 4382 1435
internal_value=-0.00311247 3.66992e-05 -0.000682249 -0.0279352 -0.0038084 0.0180843 0.00209963 -0.0193473 -0.00282026 -0.00160948 -0.000249487 -0.00172595 -0.00518479 0.00352455
internal_weight=53724 47680 45858 6044 21592 1822 24266 2117 19417 12847 9244 6545 6570 1991
internal_count=53724 47680 45858 6044 21592 1822 24266 2117 19417 12847 9244 6545 6570 1991
cat_boundaries=0 1 2 3
cat_threshold=527 32865 14592
is_linear=0
shrinkage=0.035


Tree=94
num_leaves=15
num_cat=2
split_feature=13 0 13 10 0 0 1 0 23 23 32 32 23 23
split_gain=3264.42 488.695 301.929 218.018 141.931 95.2632 74.4935 56.6662 45.0034 42.216 46.7229 38.8085 50.9994 38.7787
threshold=8.5250000000000021 741.00000000000011 59.975000000000009 5.8366666666666678 12.050000000000002 1605.0000000000002 351.00000000000006 8.5500000000000025 1.6248060564443316 0.78338076795575651 0 1 1.0176834797836083 1.2745455064764435
decision_type=8 10 10 10 8 10 10 10 10 10 1 1 8 10
left_child=3 2 4 -1 -2 -3 8 -5 11 -6 -11 -4 -13 -12
right_child=1 5 6 7 9 -7 -8 -9 -10 10 13 12 -14 -15
leaf_value=-0.12017590088933426 -0.036783978728014428 2.083251380266947 0.059369794613915734 -0.04751125851046438 -0.029671029930779583 32.182887985059182 0.53028882949112077 -0.016095293911569462 0.28078520822135172 -0.042885443656456704 -0.0051497079074354704 -0.060877433839854764 0.029725936776752778 0.030958880033744331
leaf_weight=3714 2175 1359 12375 1987 6570 463 3645 343 989 3603 7666 3573 3684 1578
leaf_count=3714 2175 1359 12375 1987 6570 463 3645 343 989 3603 7666 3573 3684 1578
internal_value=-0.00300825 6.45905e-05 -0.000642566 -0.0272293 -0.00365282 0.0178161 0.00203617 -0.0187666 0.00122006 -0.00270132 -0.00153322 0.000851963 -0.00117918 -0.000211686
internal_weight=53724 47680 45858 6044 21592 1822 24266 2330 20621 19417 12847 19632 7257 9244
internal_count=53724 47680 45858 6044 21592 1822 24266 2330 20621 19417 12847 19632 7257 9244
cat_boundaries=0 1 2
cat_threshold=527 11676
is_linear=0
shrinkage=0.035


Tree=95
num_leaves=15
num_cat=1
split_feature=10 16 13 0 10 1 32 23 24 30 30 22 1 0
split_gain=3241.37 487.12 340.398 238.762 130.12 80.0811 62.2955 56.4388 54.18 52.5259 47.7953 45.3991 44.7638 44.7435
threshold=7.8690476190476204 16.431676725155853 1367.5000000000002 12.050000000000002 5.3380952380952396 752.00000000000011 0 1.5389900385948792 5.5000000000000009 -0.99465740988130902 -0.6523320455745395 0.97252553542215781 87.050000000000011 7.1000000000000005
decision_type=8 10 10 8 10 10 1 10 2 2 2 8 8 8
left_child=4 3 5 -2 -1 7 -5 10 9 -8 -3 -11 -12 -6
right_child=1 2 -4 6 13 -7 8 -9 -10 11 12 -13 -14 -15
leaf_value=-0.13346974435820755 -0.035930108696277864 -0.039804103800025248 24.056486905582116 -0.027448810787957224 -0.055513000165747776 2.010337581957605 -0.064356310171326342 0.47142089935309917 -0.059767377856114912 0.017877734471519136 -0.052778352179721114 -0.0096257592652586252 0.2304044396041556 -0.031013006841467988
leaf_weight=3289 2663 4241 666 10133 1190 1132 634 1453 1516 6735 1177 9861 8181 853
leaf_count=3289 2663 4241 666 10133 1190 1132 634 1453 1516 6735 1177 9861 8181 853
internal_value=-0.00298219 -0.000127281 0.00467636 -0.00269376 -0.0288683 0.00366236 -0.00176793 0.00298466 -0.000570865 -1.21845e-05 0.00228205 0.000366845 0.00367831 -0.0218237
internal_weight=53724 48392 16850 31542 5332 16184 28879 15052 18746 17230 13599 16596 9358 2043
internal_count=53724 48392 16850 31542 5332 16184 28879 15052 18746 17230 13599 16596 9358 2043
cat_boundaries=0 1
cat_threshold=33355
is_linear=0
shrinkage=0.035


Tree=96
num_leaves=15
num_cat=2
split_feature=13 0 10 19 0 0 1 0 32 1 23 32 23 23
split_gain=3143.19 438.579 252.126 219.918 173.632 106.118 62.5986 57.3 50.8413 46.7264 39.9281 39.4161 42.534 36.9393
threshold=8.5250000000000021 441.50000000000006 5.8366666666666678 41.670833333333341 1605.0000000000002 11.550000000000002 149.75000000000003 7.1000000000000005 0 881.00000000000011 0.71938338578024796 1 0.63452821575733587 1.2432593980711137
decision_type=8 10 10 10 10 8 10 8 1 10 8 1 8 10
left_child=2 3 -1 5 13 -2 11 -4 10 -8 -7 -5 -13 -3
right_child=1 4 7 6 -6 8 9 -9 -10 -11 -12 12 -14 -15
leaf_value=-0.11129830330567028 -0.040531748076297267 0.5939334213122418 -0.051176580488097138 0.024454731196786171 30.214509863886747 -0.077182525130380653 0.1327204235608816 -0.027680350815585779 -0.026213474323364683 6.3390769276218188 0.0021509094928093609 -0.1029006801670537 -0.008682297294298565 1.8857057683489085
leaf_weight=3714 1628 2394 1024 10100 463 223 8294 1306 10178 249 4872 1014 7207 1058
leaf_count=3714 1628 2394 1024 10100 463 223 8294 1306 10178 249 4872 1014 7207 1058
internal_value=-0.00291835 9.68858e-05 -0.0266854 -0.000907585 0.0113125 -0.00403496 0.00106033 -0.0175974 -0.00312705 0.00353358 -0.000267123 -9.35829e-05 -0.00189109 0.00858548
internal_weight=53724 47680 6044 43765 3915 16901 26864 2330 15273 8543 5095 18321 8221 3452
internal_count=53724 47680 6044 43765 3915 16901 26864 2330 15273 8543 5095 18321 8221 3452
cat_boundaries=0 1 2
cat_threshold=26784 11676
is_linear=0
shrinkage=0.035


Tree=97
num_leaves=15
num_cat=1
split_feature=10 16 0 13 10 8 23 23 23 32 1 0 30 24
split_gain=3133.5 433.117 247.743 231.204 153.975 108.217 60.1709 56.7119 47.1953 43.8965 43.3191 39.1402 36.336 42.7842
threshold=7.8690476190476204 48.454806574351267 12.050000000000002 1367.5000000000002 5.8366666666666678 11.932782757926331 1.1930930194640521 0.61162371633080947 0.77943662884124276 0 90.300000000000011 7.1000000000000005 -0.6523320455745395 5.5000000000000009
decision_type=8 10 8 10 10 2 10 8 8 1 8 8 2 2
left_child=4 2 -2 6 -1 8 10 -7 -4 -10 -3 -6 -9 -14
right_child=1 3 5 -5 11 7 -8 12 9 -11 -12 -13 13 -15
leaf_value=-0.10740286268997183 -0.03375508329059039 -0.26395453582732542 -0.050566954112831353 22.157002018650704 -0.046088238397097879 -0.057745192473429519 1.399337049936566 -0.017302183197643616 -0.036902494517393997 -0.0069177842033436229 0.48173016038733685 -0.026755489268783621 0.074188925465691682 -0.093889413053488802
leaf_weight=3714 2738 222 1567 665 863 1823 1650 5585 3383 13474 3972 755 12143 1170
leaf_count=3714 2738 222 1567 665 863 1823 1650 5585 3383 13474 3972 755 12143 1170
internal_value=-0.00294441 -0.000137405 -0.00144301 0.00825837 -0.0283961 -0.000730396 0.00601983 0.00100478 -0.00268164 -0.00214002 0.00378423 -0.0192791 0.00157382 0.00256758
internal_weight=53724 48392 41883 6509 5332 39145 5844 20721 18424 16857 4194 1618 18898 13313
internal_count=53724 48392 41883 6509 5332 39145 5844 20721 18424 16857 4194 1618 18898 13313
cat_boundaries=0 1
cat_threshold=523
is_linear=0
shrinkage=0.035


Tree=98
num_leaves=15
num_cat=2
split_feature=13 13 13 10 0 0 0 0 32 24 0 0 23 32
split_gain=2991.42 409.271 271.856 239.109 104.481 93.0996 62.0643 43.8029 42.0583 45.0973 40.4895 39.1636 39.1615 33.1479
threshold=8.5250000000000021 1367.5000000000002 72.050000000000011 5.8366666666666678 12.050000000000002 441.50000000000006 7.1000000000000005 80.15000000000002 0 5.5000000000000009 1605.0000000000002 6.0500000000000007 1.2432593980711137 1
decision_type=10 10 10 8 8 10 8 10 1 2 8 10 10 1
left_child=3 2 4 11 -2 13 -5 8 9 -6 -3 -1 -7 -4
right_child=1 10 5 6 7 12 -8 -9 -10 -11 -12 -13 -14 -15
leaf_value=-0.10637224854255893 -0.031149035680994825 2.6360808214700433 -0.012117398146579675 -0.047962526444277259 0.0026347534535745257 0.5297076097419523 -0.027002666259991932 0.31869027925397808 -0.022076931759878776 -0.081071514420458138 28.381506947997931 -0.036372248542558924 1.8066186099964003 0.081913413877386043
leaf_weight=3531 2178 149 6038 1027 6701 2285 1383 332 14767 455 517 183 1052 13126
leaf_count=3531 2178 149 6038 1027 6701 2285 1383 332 14767 455 517 183 1052 13126
internal_value=-0.00287666 8.67556e-05 -0.000301242 -0.0258917 -0.00285723 0.00247423 -0.0172464 -0.00213994 -0.00233195 -0.0001269 0.027228 -0.0314708 0.00786505 0.00153373
internal_weight=53724 47600 46934 6124 24433 22501 2410 22255 21923 7156 666 3714 3337 19164
internal_count=53724 47600 46934 6124 24433 22501 2410 22255 21923 7156 666 3714 3337 19164
cat_boundaries=0 1 2
cat_threshold=11680 21091
is_linear=0
shrinkage=0.035


Tree=99
num_leaves=15
num_cat=0
split_feature=13 13 10 10 0 0 0 1 26 0 24 23 23 23
split_gain=2916.68 395.082 262.537 224.325 112.538 83.6247 66.6835 51.0154 41.8869 40.2678 38.5303 36.841 34.6522 31.933
threshold=8.0250000000000021 1367.5000000000002 77.035714285714292 5.1366666666666676 9.5500000000000025 390.50000000000006 7.1000000000000005 19.550000000000004 283.50000000000006 1605.0000000000002 2.5000000000000004 0.27476363203900822 0.48712384133508008 1.9032856858383962
decision_type=10 10 10 8 8 10 8 8 2 8 2 10 10 10
left_child=3 2 4 -1 11 13 -5 -6 12 -3 -9 -2 -7 -4
right_child=1 9 5 6 7 8 -8 10 -10 -11 -12 -13 -14 -15
leaf_value=-0.11742073379683325 0.061256121945846613 2.543817992718596 0.038277580934676793 -0.050531368212829074 -0.021753618437845214 -1.3047113092842129 -0.030752203879964017 0.00044671466613559478 1.5627770248223756 27.388154204818004 -0.020769570525320663 -0.046617858855955825 0.55087623842650268 0.52009520339837867
leaf_weight=3052 88 149 17345 1502 4498 74 1319 9375 817 517 10590 871 3128 399
leaf_count=3052 88 149 17345 1502 4498 74 1319 9375 817 517 10590 871 3128 399
internal_value=-0.00281933 3.87621e-05 -0.000340432 -0.0260863 -0.00275573 0.00248094 -0.0189119 -0.00229299 0.00703653 0.0267064 -0.00153355 -0.0144865 0.00521671 0.00144741
internal_weight=53724 47851 47185 5873 25422 21763 2821 24463 4019 666 19965 959 3202 17744
internal_count=53724 47851 47185 5873 25422 21763 2821 24463 4019 666 19965 959 3202 17744
is_linear=0
shrinkage=0.035


Tree=100
num_leaves=15
num_cat=2
split_feature=10 13 14 10 0 0 0 30 32 24 0 26 23 32
split_gain=2855.41 388.686 266.328 181.504 122.715 88.3763 48.0653 44.5971 40.629 35.8509 35.5618 35.446 32.7516 30.7761
threshold=7.8690476190476204 1506.2500000000002 72.050000000000011 5.1366666666666676 11.550000000000002 461.50000000000006 7.1000000000000005 -0.50557503990954278 0 5.5000000000000009 78.050000000000011 232.50000000000003 1.6857212419431311 1
decision_type=8 10 10 10 8 10 8 2 1 2 10 2 10 1
left_child=3 2 4 -1 -2 11 -5 -7 9 -6 -10 12 13 -4
right_child=1 -3 5 6 8 7 -8 -9 10 -11 -12 -13 -14 -15
leaf_value=-0.11331100811394409 -0.034148244735827796 22.929568807649375 0.056181376850699044 -0.04838062195612032 0.0028888540843011426 0.27059025975458956 -0.02709218076585326 1.2076021504545231 -0.020863471345832177 -0.072782315092693381 0.15618626680256156 0.10635028557770651 0.40276597604836673 -0.042816142085770614
leaf_weight=3052 2180 585 7176 1376 6950 951 904 2117 15207 470 505 6206 408 5637
leaf_count=3052 2180 585 7176 1376 6950 951 904 2117 15207 470 505 6206 408 5637
internal_value=-0.00273595 -5.64085e-05 -0.000404815 -0.027032 -0.00286724 0.002366 -0.0194836 0.00788155 -0.00211782 1.88299e-05 -0.00312456 0.00149316 0.000468396 0.000155641
internal_weight=53724 48392 47807 5332 25312 22495 2280 3068 23132 7420 15712 19427 13221 12813
internal_count=53724 48392 47807 5332 25312 22495 2280 3068 23132 7420 15712 19427 13221 12813
cat_boundaries=0 1 2
cat_threshold=11680 36244
is_linear=0
shrinkage=0.035


Tree=101
num_leaves=15
num_cat=2
split_feature=10 1 19 10 0 1 23 32 23 0 32 23 29 10
split_gain=2847.68 363.759 213.556 180.449 108.457 91.5073 77.8719 60.9825 54.0372 48.7985 44.4881 42.0267 40.135 38.603
threshold=7.8690476190476204 752.00000000000011 41.670833333333341 5.1366666666666676 9.5500000000000025 1605.0000000000002 1.6248060564443316 0 0.78720956856955071 7.1000000000000005 1 0.71938338578024796 -0.48314718476766422 1624.1666666666667
decision_type=8 10 10 10 8 10 10 1 8 8 1 8 2 8
left_child=3 2 4 -1 -2 -3 7 12 -9 -5 11 -6 -4 -14
right_child=1 5 6 9 10 -7 -8 8 -10 -11 -12 -13 13 -15
leaf_value=-0.10934512282995607 -0.043663664256110367 1.7880305933968728 0.12062206180746458 -0.046687300187656107 -0.068332891217435091 25.627033899381651 0.40352416513722067 -0.076971802155159072 0.0010851408397671493 -0.026143954439048385 -0.022564677758135084 0.0019092709677003585 0.020462390167741377 22.127033899381651
leaf_weight=3052 1225 1245 5521 1376 261 457 1136 2290 8439 904 11107 5018 11630 63
leaf_count=3052 1225 1245 5521 1376 261 457 1136 2290 8439 904 11107 5018 11630 63
internal_value=-0.00271641 -4.04984e-05 -0.000620623 -0.0269796 -0.00366173 0.0158289 0.00122146 0.000855338 -0.0012151 -0.019453 -0.0029083 -0.000257839 0.00214522 0.000984356
internal_weight=53724 48392 46690 5332 17611 1702 29079 27943 10729 2280 16386 5279 17214 11693
internal_count=53724 48392 46690 5332 17611 1702 29079 27943 10729 2280 16386 5279 17214 11693
cat_boundaries=0 1 2
cat_threshold=11676 26784
is_linear=0
shrinkage=0.035


Tree=102
num_leaves=15
num_cat=3
split_feature=10 0 19 10 0 1 0 23 32 0 32 24 32 30
split_gain=2805.35 352.325 202.511 185.029 114.706 96.2436 93.6269 50.4769 102.864 48.1504 42.9411 37.9136 47.5102 39.8663
threshold=7.8690476190476204 741.00000000000011 27.512500000000003 5.1366666666666676 1605.0000000000002 140.50000000000003 9.5500000000000025 0.80629755365623723 0 7.1000000000000005 1 5.5000000000000009 2 -0.6523320455745395
decision_type=8 10 10 10 10 10 8 8 1 8 1 2 1 2
left_child=3 2 6 -1 -3 7 -2 8 -4 -5 -8 13 -13 -7
right_child=1 4 5 9 -6 11 10 -9 -10 -11 -12 12 -14 -15
leaf_value=-0.1055180435309076 -0.042151915930753528 1.5866445638445987 0.021437970324154315 -0.045053244681088137 24.730087712903298 0.034443326733624532 0.01069926621093072 0.0027660382692935672 -0.065650542008659302 -0.025228916033681704 -0.020274192718573936 -2.0591395994480415 -0.0041305505109575343 0.24248895784561997
leaf_weight=3052 1178 1359 2711 1376 463 2888 1326 19521 2766 904 8601 108 918 6553
leaf_count=3052 1178 1359 2711 1376 463 2888 1326 19521 2766 904 8601 108 918 6553
internal_value=-0.0027138 -5.78548e-05 -0.000649275 -0.026796 0.0150192 0.000642374 -0.00477273 -0.000537535 -0.00350511 -0.0191772 -0.0036614 0.00345922 -0.0029195 0.00415361
internal_weight=53724 48392 46570 5332 1822 35465 11105 24998 5477 2280 9927 10467 1026 9441
internal_count=53724 48392 46570 5332 1822 35465 11105 24998 5477 2280 9927 10467 1026 9441
cat_boundaries=0 1 2 3
cat_threshold=12046 16544 1056
is_linear=0
shrinkage=0.035


Tree=103
num_leaves=15
num_cat=2
split_feature=10 13 14 10 0 0 16 23 0 0 32 22 32 24
split_gain=2646.92 325.82 231.242 195.112 117.85 85.166 52.3 43.4531 42.581 39.8087 36.71 38.1852 34.7451 36.2689
threshold=7.8690476190476204 1627.5000000000002 72.050000000000011 5.1366666666666676 9.5500000000000025 560.75000000000011 0.75277265270908156 2.0739180411378979 5.5500000000000007 6.0500000000000007 0 0.82218202008240315 1 5.5000000000000009
decision_type=10 10 10 8 8 10 8 10 10 8 1 10 1 2
left_child=3 2 4 8 -2 7 -5 10 -1 -8 11 -4 13 -6
right_child=1 -3 5 6 12 -7 9 -9 -10 -11 -12 -13 -14 -15
leaf_value=-0.11232491033839577 -0.039705831961610989 23.987034642951684 -0.24521196062541675 -0.040747895070513948 0.0023926380944356931 1.2049221405962129 -0.05824789507051395 1.0253075925135466 -0.049324912007325819 -0.02325459995081483 0.053991474474207386 -0.029461857162759987 -0.017782924005198444 -0.068979161165045405
leaf_weight=2926 1240 511 104 640 7089 2286 624 252 126 1096 18830 1089 16426 485
leaf_count=2926 1240 511 104 640 7089 2286 624 252 126 1096 18830 1089 16426 485
internal_value=-0.00265778 -5.65019e-05 -0.000355081 -0.0258575 -0.00265637 0.00221949 -0.0182326 0.0014963 -0.0317141 -0.0149739 0.00131241 -0.00460679 -0.00211123 -0.000147582
internal_weight=53724 48312 47801 5412 25240 22561 2360 20275 3052 1720 20023 1193 24000 7574
internal_count=53724 48312 47801 5412 25240 22561 2360 20275 3052 1720 20023 1193 24000 7574
cat_boundaries=0 1 2
cat_threshold=97 11680
is_linear=0
shrinkage=0.035


Tree=104
num_leaves=15
num_cat=3
split_feature=10 13 16 10 0 23 32 30 24 32 0 6 32 0
split_gain=2570.54 316.909 216.78 216.083 136.815 67.2769 63.1565 51.8417 48.0635 58.4199 46.7072 46.3522 44.4396 42.3842
threshold=7.8690476190476204 1627.5000000000002 16.431676725155853 5.1366666666666676 9.5500000000000025 1.3980608637068686 0 -0.6523320455745395 4.5000000000000009 1 6.0500000000000007 149.75000000000003 2 5.5500000000000007
decision_type=10 10 10 8 8 10 1 2 2 1 8 8 1 10
left_child=3 2 4 13 -2 7 -7 -4 9 -6 -5 -9 -10 -1
right_child=1 -3 5 10 8 6 -8 11 12 -11 -12 -13 -14 -15
leaf_value=-0.10839353847655192 -0.038988379607456686 23.147488430448377 -0.058151795893383644 -0.054775654063488437 -0.016882212601617611 0.10679151187751373 0.70583691368549817 -0.004467248602218277 -0.064000933619339631 0.004232330471054411 -0.025361505659157502 0.29479608820822084 -0.01692267323354445 -0.047598540087069409
leaf_weight=2926 1197 511 4345 911 9889 1066 1264 3101 1767 13376 1449 6563 5233 126
leaf_count=2926 1197 511 4345 911 9889 1066 1264 3101 1767 13376 1449 6563 5233 126
internal_value=-0.00264606 -8.25796e-05 -0.000377045 -0.0255086 -0.00207551 0.00289311 0.008394 0.00197552 -0.0016153 -0.000849807 -0.0174926 0.00340263 -0.00415703 -0.0316683
internal_weight=53724 48312 47801 5412 31462 16339 2330 14009 30265 23265 2360 9664 7000 3052
internal_count=53724 48312 47801 5412 31462 16339 2330 14009 30265 23265 2360 9664 7000 3052
cat_boundaries=0 1 2 3
cat_threshold=4503 33367 1067
is_linear=0
shrinkage=0.035


Tree=105
num_leaves=15
num_cat=3
split_feature=10 0 10 1 0 16 23 32 22 32 0 16 32 23
split_gain=2530.38 313.592 231.932 206.167 120.667 54.5554 53.8911 77.2819 57.3914 55.8316 52.267 52.2401 43.5705 64.8121
threshold=7.8690476190476204 1605.0000000000002 5.1366666666666676 118.10000000000001 9.5500000000000025 48.454806574351267 0.66967604380121915 0 0.95252630988587228 1 6.0500000000000007 26.832815729997368 2 0.96856992327702607
decision_type=10 10 8 10 8 10 8 1 10 1 8 10 1 8
left_child=2 3 -1 4 -2 -5 7 -6 9 -8 -4 12 -10 -14
right_child=1 -3 10 5 6 -7 8 -9 11 -11 -12 -13 13 -15
leaf_value=-0.094099766298802651 -0.036951534556693651 22.214826335382682 -0.052858506171266348 0.05358959524561499 -0.083066729758645388 0.69136474357461486 0.035906831698906391 -0.020856190038358875 -0.036438028654731468 -0.0053905506517700633 -0.024473852961086992 0.21785882580190546 -0.049258909900441114 -0.00032914918481509404
leaf_weight=3052 1252 462 911 9457 1100 4756 3967 2010 6357 6181 1449 1473 2104 9193
leaf_count=3052 1252 462 911 9457 1100 4756 3967 2010 6357 6181 1449 1473 2104 9193
internal_value=-0.00260567 -6.22969e-05 -0.0252889 -0.000340821 -0.00183417 0.00319278 -0.00142096 -0.00579775 -0.000955089 0.00117207 -0.0169894 -0.00208368 -0.00261227 -0.0013026
internal_weight=53724 48312 5412 47850 33637 14213 32385 3110 29275 10148 2360 19127 17654 11297
internal_count=53724 48312 5412 47850 33637 14213 32385 3110 29275 10148 2360 19127 17654 11297
cat_boundaries=0 1 2 3
cat_threshold=4321 28036 17159
is_linear=0
shrinkage=0.035


Tree=106
num_leaves=15
num_cat=2
split_feature=10 0 10 16 0 1 0 24 32 23 0 26 32 23
split_gain=2518.07 303.163 238.618 188.63 118.399 58.7869 48.3089 45.1037 49.966 42.8898 42.3842 39.0084 37.9998 35.0163
threshold=7.8690476190476204 1605.0000000000002 5.1366666666666676 16.431676725155853 9.5500000000000025 720.50000000000011 6.0500000000000007 4.5000000000000009 0 1.5389900385948792 5.5500000000000007 211.50000000000003 1 0.66967604380121915
decision_type=10 10 8 10 8 10 8 2 1 10 10 2 1 8
left_child=2 3 10 4 -2 9 -4 8 -6 11 -1 13 -9 -5
right_child=1 -3 6 5 7 -7 -8 12 -10 -11 -12 -13 -14 -15
leaf_value=-0.1013062728094145 -0.036330482611711415 21.437307413644287 -0.051008458455272028 -0.15861838006203643 0.0064236595365514942 1.551130736225502 -0.023617268107448946 -0.061462697147995522 -0.014955020980058117 0.37970189639519619 -0.04263909936356388 0.17471125658412917 -0.016060913311802934 0.047795635617679355
leaf_weight=2926 1197 462 911 1503 11229 1456 1449 1767 12036 1436 126 4941 5233 7052
leaf_count=2926 1197 462 911 1503 11229 1456 1449 1767 12036 1436 126 4941 5233 7052
internal_value=-0.00257049 -3.33216e-05 -0.0251984 -0.000307178 -0.00189309 0.00273714 -0.0167822 -0.00146498 -0.000723464 0.00208074 -0.0316683 0.0014673 -0.00392719 3.67991e-05
internal_weight=53724 48312 5412 47850 31462 16388 2360 30265 23265 14932 3052 13496 7000 8555
internal_count=53724 48312 5412 47850 31462 16388 2360 30265 23265 14932 3052 13496 7000 8555
cat_boundaries=0 1 2
cat_threshold=15784 1067
is_linear=0
shrinkage=0.035


Tree=107
num_leaves=15
num_cat=2
split_feature=10 0 10 1 0 0 1 23 22 32 32 23 23 22
split_gain=2283.56 271.691 233.28 182.027 106.592 64.3065 53.3136 48.6473 75.1948 57.7695 57.0278 82.9042 45.7623 42.7312
threshold=7.8690476190476204 1710.0000000000002 4.3071428571428578 118.10000000000001 9.5500000000000025 6.0500000000000007 720.50000000000011 0.84377179218967935 0.95252630988587228 0 1 1.1846489429136062 0.66967604380121915 0.82941136961873985
decision_type=10 10 8 10 8 8 10 10 10 1 1 10 8 10
left_child=2 3 -1 4 -2 -4 -5 9 -9 12 11 -10 -6 -14
right_child=1 -3 5 6 7 -7 -8 8 10 -11 -12 -13 13 -15
leaf_value=-0.12226055493001506 -0.034386663955799437 24.187001654166739 -0.04426923376461523 0.097951032524115592 -0.075023179798516096 -0.025041628183502269 1.5398596382112766 0.024841748550865222 -0.012975800807595965 -0.0087001488002031203 -0.026683583023025436 0.043834679696426668 0.0092430585842501467 -0.032443517028858136
leaf_weight=2187 1252 413 1603 12752 1360 1622 1500 4858 3755 6942 8640 2573 1228 3039
leaf_count=2187 1252 413 1603 12752 1360 1622 1500 4858 3755 6942 8640 2573 1228 3039
internal_value=-0.00246105 -4.49117e-05 -0.0240096 -0.000290059 -0.00169425 -0.0179768 0.00302448 -0.00130602 -0.000225909 -0.00300899 -0.00145395 0.00107047 -0.00563896 -0.00385885
internal_weight=53724 48312 5412 47899 33647 3225 14252 32395 19826 12569 14968 6328 5627 4267
internal_count=53724 48312 5412 47899 33647 3225 14252 32395 19826 12569 14968 6328 5627 4267
cat_boundaries=0 1 2
cat_threshold=37089 36080
is_linear=0
shrinkage=0.035


Tree=108
num_leaves=15
num_cat=3
split_feature=10 13 10 16 0 17 23 32 0 32 23 24 32 0
split_gain=2247.84 264.949 243.031 165.7 98.2074 65.7015 60.7431 63.0869 46.934 46.1008 51.0961 43.6008 46.0458 42.8136
threshold=7.8690476190476204 1627.5000000000002 4.3071428571428578 16.431676725155853 9.5500000000000025 0.70192278800603503 1.3980608637068686 0 1808.1000000000001 1 1.0823866948970515 4.5000000000000009 2 6.0500000000000007
decision_type=10 10 8 10 8 8 10 1 8 1 8 2 1 8
left_child=2 3 -1 4 -2 -4 9 -8 -3 10 -5 12 -6 -7
right_child=1 8 5 6 11 13 7 -9 -10 -11 -12 -13 -14 -15
leaf_value=-0.11798143550746454 -0.033855382481848495 3.0876786706885846 -0.034440855141596581 -0.17140652237264806 0.0066052602659867794 -0.043998739227575939 0.1080006722779752 0.64664633476782107 26.840456596270904 0.13759565199826029 0.15648401598808026 -0.026377622231227436 -0.014120117827307706 -0.023493464398784917
leaf_weight=2187 1197 119 643 1807 11229 1160 1164 1166 392 10968 1234 7000 12036 1422
leaf_count=2187 1197 119 643 1807 11229 1160 1164 1166 392 10968 1234 7000 12036 1422
internal_value=-0.00244933 -5.21556e-05 -0.0238287 -0.000321403 -0.00180634 -0.0176734 0.00253763 0.00776445 0.0248934 0.00166583 -0.00214169 -0.00141642 -0.000687366 -0.0151256
internal_weight=53724 48312 5412 47801 31462 3225 16339 2330 511 14009 3041 30265 23265 2582
internal_count=53724 48312 5412 47801 31462 3225 16339 2330 511 14009 3041 30265 23265 2582
cat_boundaries=0 1 2 3
cat_threshold=5015 49859 15784
is_linear=0
shrinkage=0.035


Tree=109
num_leaves=15
num_cat=2
split_feature=10 13 10 1 0 17 16 0 23 22 32 32 23 23
split_gain=2235.66 258.943 245.67 156.344 85.8812 64.833 48.7207 45.8959 45.7939 69.1876 54.6104 52.5695 78.885 41.178
threshold=7.8690476190476204 1627.5000000000002 4.5208333333333348 118.10000000000001 9.5500000000000025 0.70192278800603503 48.454806574351267 1710.0000000000002 0.84377179218967935 0.95252630988587228 0 1 1.0506516060684483 0.66365677480395202
decision_type=10 10 8 10 8 8 10 8 10 10 1 1 10 8
left_child=2 3 -1 4 -2 -4 -5 -3 10 -10 13 12 -11 -6
right_child=1 7 5 6 8 -7 -8 -9 9 11 -12 -13 -14 -15
leaf_value=-0.10167117587528834 -0.031998192330481755 0.75173740590064775 -0.032678668013636579 0.046229432215397714 -0.073087508865983294 -0.031671175875288331 0.61578049273534907 23.126137887703038 0.024444633978190116 -0.023965719471594513 -0.0091938160091551875 -0.025327086512102002 0.024885623278391701 -0.020090560463496915
leaf_weight=2402 1252 81 567 9457 1312 2443 4712 430 4857 2139 6927 8639 4191 4315
leaf_count=2402 1252 81 567 9457 1312 2443 4712 430 4857 2139 6927 8639 4191 4315
internal_value=-0.00242979 -3.91167e-05 -0.0237512 -0.000305296 -0.00160448 -0.0170415 0.00277797 0.0246221 -0.00125583 -0.00020826 -0.00290947 -0.00138607 0.00103704 -0.00546526
internal_weight=53724 48312 5412 47801 33632 3010 14169 511 32380 19826 12554 14969 6330 5627
internal_count=53724 48312 5412 47801 33632 3010 14169 511 32380 19826 12554 14969 6330 5627
cat_boundaries=0 1 2
cat_threshold=37089 36080
is_linear=0
shrinkage=0.035


Tree=110
num_leaves=15
num_cat=2
split_feature=13 13 19 10 0 1 24 30 17 0 23 32 32 26
split_gain=2177.25 260.61 193.052 174.608 96.3487 93.1542 55.5217 52.3592 50.2938 47.8461 46.8008 47.7863 41.7796 39.3373
threshold=6.5250000000000012 1627.5000000000002 27.512500000000003 4.3071428571428578 9.5500000000000025 351.00000000000006 5.5000000000000009 -0.99465740988130902 0.70192278800603503 1808.1000000000001 1.9828807267754229 0 1 283.50000000000006
decision_type=10 10 10 8 8 10 2 2 8 8 10 1 1 2
left_child=3 2 4 -1 -2 6 7 -4 -5 -3 11 -9 -8 -7
right_child=1 9 5 8 -6 13 12 10 -10 -11 -12 -13 -14 -15
leaf_value=-0.11029359410906821 -0.0248326189969123 2.9532991080079607 -0.078522393792617773 -0.035196717740628582 -0.013019431268696639 0.34422433588122592 -0.12065883619644294 -0.015040349231887264 -0.034879822910040395 25.091625789331815 0.58472685055323903 0.021646871944306093 -0.0036244623927940904 1.260224721759255
leaf_weight=2187 1939 119 1118 536 10071 3748 1201 9943 1762 392 439 18002 1326 941
leaf_count=2187 1939 119 1118 536 10071 3748 1201 9943 1762 392 439 18002 1326 941
internal_value=-0.00238419 -0.000256579 -0.00051854 -0.025716 -0.00436954 0.000741497 6.66479e-05 0.000493442 -0.0189058 0.0244864 0.000786572 0.000607335 -0.00490719 0.00534619
internal_weight=53724 49239 48728 4485 12010 36718 32029 29502 2298 511 28384 27945 2527 4689
internal_count=53724 49239 48728 4485 12010 36718 32029 29502 2298 511 28384 27945 2527 4689
cat_boundaries=0 1 2
cat_threshold=49747 46120
is_linear=0
shrinkage=0.035


Tree=111
num_leaves=15
num_cat=2
split_feature=13 13 10 19 16 0 23 17 30 24 0 32 23 32
split_gain=2156.7 251.696 178.454 176.59 90.8939 85.3411 58.4051 52.6723 48.2879 49.0803 45.8644 39.7737 45.0485 38.5443
threshold=6.5250000000000012 1627.5000000000002 4.3071428571428578 27.512500000000003 48.454806574351267 9.5500000000000025 1.3249864477405284 0.70192278800603503 -0.99465740988130902 5.5000000000000009 1808.1000000000001 0 1.1799693066733308 1
decision_type=10 10 8 10 8 8 10 8 2 2 8 1 8 1
left_child=2 3 -1 5 8 -2 -6 -4 -5 11 -3 -10 -13 -8
right_child=1 10 7 4 6 -7 13 -9 9 -11 -12 12 -14 -15
leaf_value=-0.10643331831525082 -0.023963477332020366 2.8499336392276815 -0.033964832619706578 -0.073745438117005624 0.2846041405057223 -0.01256375117429224 0.60354171800737555 -0.033659029108188972 0.023351284128936122 -0.055943924420924052 24.213418886705199 -0.023326427487955999 0.030376109210194697 1.9290392020709062
leaf_weight=2187 1939 119 536 1145 4709 10071 476 1762 15756 2430 392 7737 3706 759
leaf_count=2187 1939 119 536 1145 4709 10071 476 1762 15756 2430 392 7737 3706 759
internal_value=-0.00235422 -0.000236679 -0.0255757 -0.000494121 0.000710999 -0.00417728 0.00467137 -0.018693 -5.45827e-05 0.000218499 0.0240795 0.000644574 -0.000925554 0.0114315
internal_weight=53724 49239 4485 48728 36718 12010 5944 2298 30774 29629 511 27199 11443 1235
internal_count=53724 49239 4485 48728 36718 12010 5944 2298 30774 29629 511 27199 11443 1235
cat_boundaries=0 1 2
cat_threshold=15784 5010
is_linear=0
shrinkage=0.035


Tree=112
num_leaves=15
num_cat=1
split_feature=13 13 10 19 0 0 17 24 23 0 32 23 13 26
split_gain=2120.92 242.878 174.215 159.529 85.546 72.0145 54.4029 50.11 45.0076 43.9245 41.2644 41.3915 40.4021 40.5222
threshold=6.5250000000000012 1627.5000000000002 4.3071428571428578 27.512500000000003 341.00000000000006 9.5500000000000025 0.70192278800603503 2.5000000000000004 0.5029595298864088 1808.1000000000001 0 0.75816093547143315 320.25000000000006 283.50000000000006
decision_type=10 10 8 10 10 8 8 2 10 8 1 8 10 2
left_child=2 3 -1 5 7 -2 -4 10 -6 -3 -5 -12 -10 -14
right_child=1 9 6 4 8 -7 -8 -9 12 -11 11 -13 13 -15
leaf_value=-0.10270815217421705 -0.023124755625399625 2.7501859618547146 -0.032776063478016849 0.043304158809231733 -1.1542992250207522 -0.012124019883191998 -0.032480963089402362 -0.016086853424900467 1.6020699886404461 23.365949225670523 -0.064536486991065053 0.0072404299718692409 0.28892977655628105 1.2161687575147608
leaf_weight=2187 1939 119 536 8028 130 10071 1762 16812 296 392 1100 5766 3661 925
leaf_count=2187 1939 119 536 8028 130 10071 1762 16812 296 392 1100 5766 3661 925
internal_value=-0.00231383 -0.000213935 -0.0253419 -0.000466829 0.000678594 -0.00396754 -0.018541 6.62231e-06 0.00492525 0.0236725 0.00148466 -0.000508647 0.00547166 0.0046504
internal_weight=53724 49239 4485 48728 36718 12010 2298 31706 5012 511 14894 6866 4882 4586
internal_count=53724 49239 4485 48728 36718 12010 2298 31706 5012 511 14894 6866 4882 4586
cat_boundaries=0 1
cat_threshold=15658
is_linear=0
shrinkage=0.035


Tree=113
num_leaves=15
num_cat=2
split_feature=13 1 10 19 0 0 17 0 0 24 13 30 32 32
split_gain=2103.74 236.233 171.159 148.191 70.3468 66.5603 58.4751 48.9725 47.2309 45.0811 41.0601 38.5428 39.0839 36.7254
threshold=6.5250000000000012 1204.0000000000002 4.0071428571428589 27.512500000000003 341.00000000000006 9.5500000000000025 0.70192278800603503 1907.9000000000003 4.9500000000000011 2.5000000000000004 320.25000000000006 -0.99864786094873803 0 1
decision_type=8 10 10 10 10 8 10 8 8 2 10 2 1 1
left_child=2 3 -1 5 9 -2 -4 -3 -8 11 -6 -5 -13 -7
right_child=1 7 6 4 10 13 8 -9 -10 -11 -12 12 -14 -15
leaf_value=-0.099113366848119458 -0.022663855192079415 3.3993573493305611 -0.035645530923993154 -0.13988119307522048 1.5679950751176635 0.012145572831374594 -0.051526984515165922 22.548141002772056 -0.025086590164285941 -0.01561601478688715 0.34258316785614829 0.18062810216510067 0.012968391050701184 -0.015406206947195697
leaf_weight=1975 1943 337 604 224 297 1331 505 381 1321 16833 4558 1071 13577 8767
leaf_count=1975 1943 337 604 224 297 1331 505 381 1321 16833 4558 1071 13577 8767
internal_value=-0.00227605 -0.000205073 -0.0254365 -0.000500453 0.000608779 -0.00386726 -0.0191458 0.0196542 -0.0159421 7.72627e-06 0.00452984 0.00141157 0.0016338 -0.00272295
internal_weight=53724 49319 4405 48601 36560 12041 2430 718 1826 31705 4855 14872 14648 10098
internal_count=53724 49319 4405 48601 36560 12041 2430 718 1826 31705 4855 14872 14648 10098
cat_boundaries=0 1 2
cat_threshold=1024 16544
is_linear=0
shrinkage=0.035


Tree=114
num_leaves=15
num_cat=1
split_feature=13 13 10 19 0 0 17 23 0 30 23 32 24 0
split_gain=2080.45 231.732 178.176 149.232 78.8344 65.446 50.9882 46.1927 43.8192 43.2573 38.371 65.4128 36.3428 33.0859
threshold=6.5250000000000012 1627.5000000000002 4.3071428571428578 41.670833333333341 9.5500000000000025 461.50000000000006 0.70192278800603503 0.72525638203510823 2025.0000000000002 -0.99052477729077237 0.84688254995758816 0 1.0000000180025095e-35 4.9500000000000011
decision_type=8 10 10 10 8 10 10 10 8 2 10 1 2 8
left_child=2 3 -1 4 -2 9 -4 -7 -3 -5 -6 -12 -11 -8
right_child=1 8 6 5 10 7 13 -9 -10 12 11 -13 -14 -15
leaf_value=-0.095644399008435257 -0.021870620260356664 2.5349519459632326 -0.030130821427632761 -0.095753149628403311 -0.02007146068279534 -0.63014393022396231 -0.056361079844037321 0.8922145883127659 25.258956067675033 0.065170877219047157 -0.039436760011855122 0.0026827901389318946 0.0030867589028264323 -0.025089611349482774
leaf_weight=2187 1989 187 535 1333 5875 318 415 2819 324 4193 2670 8012 21599 1268
leaf_count=2187 1989 187 535 1333 5875 318 415 2819 324 4193 2670 8012 21599 1268
internal_value=-0.00226172 -0.000202234 -0.0252937 -0.000448856 -0.0029206 0.00106618 -0.0182321 0.00584819 0.0231298 0.000512164 -0.00212806 -0.000877702 0.000830329 -0.015157
internal_weight=53724 49319 4405 48808 18546 30262 2218 3137 511 27125 16557 10682 25792 1683
internal_count=53724 49319 4405 48808 18546 30262 2218 3137 511 27125 16557 10682 25792 1683
cat_boundaries=0 1
cat_threshold=1806
is_linear=0
shrinkage=0.035


Tree=115
num_leaves=15
num_cat=2
split_feature=10 0 1 0 1 23 32 22 0 11 24 32 16 13
split_gain=2027.44 221.824 162.172 140.083 94.6864 53.5552 58.0252 52.755 50.5244 42.1882 36.7746 55.323 40.4414 35.4911
threshold=6.1196428571428578 1305.0000000000002 10.950000000000001 4.9500000000000011 118.10000000000001 0.66967604380121915 0 0.90342656680102584 6.0500000000000007 4.9296703296703308 5.5000000000000009 1 66.01711033602956 120.10000000000001
decision_type=8 10 8 10 10 8 1 8 10 10 2 1 8 10
left_child=3 2 -2 9 5 6 -4 -7 -5 -1 12 -12 13 -6
right_child=1 -3 4 8 10 7 -8 -9 -10 -11 11 -13 -14 -15
leaf_value=-0.081796846712070076 -0.019920179260328557 11.269539767055397 -0.074957040110470788 -0.025270824137904227 0.24205811312174605 0.01494933443032829 -0.010714319388999983 -0.01009394132062031 -0.0036859457078158991 -0.040750908938314019 -2.0182629041324232 -0.019348216151084615 0.73924089365224255 0.037963929520509941
leaf_weight=2395 2999 618 1460 814 1091 6632 1878 22121 250 468 147 1273 3012 8566
leaf_count=2395 2999 618 1460 814 1091 6632 1878 22121 250 468 147 1273 3012 8566
internal_value=-0.00221482 -0.000304305 -0.000567156 -0.0264102 -5.45632e-05 -0.00110465 -0.00529764 -0.000617046 -0.0154537 -0.030448 0.00233681 -0.00299649 0.00293554 0.00182933
internal_weight=53724 49797 49179 3927 46180 32091 3338 28753 1064 2863 14089 1420 12669 9657
internal_count=53724 49797 49179 3927 46180 32091 3338 28753 1064 2863 14089 1420 12669 9657
cat_boundaries=0 1 2
cat_threshold=20721 1024
is_linear=0
shrinkage=0.035


Tree=116
num_leaves=15
num_cat=2
split_feature=10 13 1 10 1 23 32 22 0 23 32 0 0 23
split_gain=2013.6 218.357 177.213 121.688 91.4557 49.5713 53.2588 48.7034 43.6619 41.4812 124.547 41.0337 39.5673 37.7381
threshold=5.8366666666666678 1627.5000000000002 10.950000000000001 4.0071428571428589 118.10000000000001 0.66967604380121915 0 0.99452434828071268 6.0500000000000007 1.1846489429136062 1 2025.0000000000002 6.5500000000000007 1.9828807267754229
decision_type=8 10 8 10 10 8 1 8 10 10 1 8 10 10
left_child=3 2 12 -1 5 6 -4 -7 -5 -9 -11 -3 -2 -6
right_child=1 11 4 8 13 7 -8 9 -10 10 -12 -13 -14 -15
leaf_value=-0.090870563230299031 -0.033168379119174932 2.0517947360075781 -0.072333543706604331 -0.034970664680679657 0.087453581759678448 0.0060582528723353594 -0.01033931821038496 -0.021806389664335433 -0.0073686361325812303 0.045988446557861065 -0.045459366171467015 23.98045871345947 -0.013896410006232448 0.86357293760701437
leaf_weight=1975 1171 187 1460 1572 13766 13377 1878 9963 167 2637 2829 324 2012 406
leaf_count=1975 1171 187 1460 1572 13766 13377 1878 9963 167 2637 2829 324 2012 406
internal_value=-0.00218225 -0.0003345 -0.00057056 -0.0270288 -2.11567e-05 -0.00105384 -0.00508824 -0.00058554 -0.0201692 -0.00192529 0.000524584 0.0223159 -0.00855238 0.00232066
internal_weight=53724 50010 49499 3714 46316 32144 3338 28806 1739 15429 5466 511 3183 14172
internal_count=53724 50010 49499 3714 46316 32144 3338 28806 1739 15429 5466 511 3183 14172
cat_boundaries=0 1 2
cat_threshold=20721 52464
is_linear=0
shrinkage=0.035


Tree=117
num_leaves=15
num_cat=3
split_feature=10 13 1 0 16 23 0 32 1 0 24 32 32 0
split_gain=1893.26 215.4 172.277 98.9421 90.6539 58.5532 42.5763 41.3024 39.4918 44.6225 39.4314 45.7257 44.8669 39.0198
threshold=5.8366666666666678 1627.5000000000002 10.950000000000001 4.9500000000000011 27.342623276106181 1.4737580868151932 2025.0000000000002 0 97.750000000000014 95.100000000000009 4.5000000000000009 1 2 6.5500000000000007
decision_type=8 10 8 10 10 10 8 1 8 10 2 1 1 8
left_child=3 2 13 -1 10 8 -3 -7 9 -6 11 -4 -12 -2
right_child=1 6 4 -5 5 7 -8 -9 -10 -11 12 -13 -14 -15
leaf_value=-0.068753485695157115 -0.03602875619645618 1.9799819202473101 -0.01459953617999144 -0.022883507512520676 -0.27282090206687654 1.0604240538009637 23.141142658488388 0.15577201977586755 0.17976042163318257 0.5162038171287201 -0.073611116945658028 0.0062550884981636664 -0.011956187276521823 -0.015655581454382235
leaf_weight=2801 624 187 9555 913 503 798 324 633 8281 167 1954 18067 6358 2559
leaf_count=2801 624 187 9555 913 503 798 324 633 8281 167 1954 18067 6358 2559
internal_value=-0.00210799 -0.000316305 -0.000550764 -0.0262006 -9.06716e-06 0.0028709 0.0221802 0.00943245 0.00181722 -0.00632593 -0.000841426 -0.000205234 -0.00295419 -0.00842064
internal_weight=53724 50010 49499 3714 46316 10382 511 1431 8951 670 35934 27622 8312 3183
internal_count=53724 50010 49499 3714 46316 10382 511 1431 8951 670 35934 27622 8312 3183
cat_boundaries=0 1 2 3
cat_threshold=61000 599 1066
is_linear=0
shrinkage=0.035


Tree=118
num_leaves=15
num_cat=0
split_feature=10 13 0 10 6 30 17 0 23 23 1 23 22 23
split_gain=1814.36 207.309 163.688 115.202 88.4441 57.3621 56.5567 40.0079 39.1241 34.7959 34.1156 34.0481 39.8647 42.7286
threshold=5.8366666666666678 1627.5000000000002 9.5500000000000025 3.4025000000000003 118.10000000000001 -0.6523320455745395 0.79296146109875998 2025.0000000000002 2.0739180411378979 1.1930930194640521 20.100000000000005 0.58652917209224187 0.99599188399117666 0.876210869786887
decision_type=8 10 8 10 10 2 10 8 10 10 10 8 8 8
left_child=3 2 10 -1 8 -6 -5 -3 11 -7 -2 -4 -13 -14
right_child=1 7 4 6 5 9 -8 -9 -10 -11 -12 12 13 -15
leaf_value=-0.10134711369582662 -0.021906279916156152 1.9106825530386518 -0.066896656032966045 -0.031347113695826621 -0.035587248986031952 0.083609085913665393 -0.031807674040237273 22.331202665441293 0.12769087905980286 0.67917763672597664 0.25834257375453468 0.0022444117861027736 -0.080878279826777311 -0.012643088213337804
leaf_weight=1500 2509 187 1165 913 4863 8555 1301 324 689 1814 62 13279 1149 15414
leaf_count=1500 2509 187 1165 913 4863 8555 1301 324 689 1814 62 13279 1149 15414
internal_value=-0.00205066 -0.000296711 -0.000526725 -0.0256359 -5.51851e-05 0.00213625 -0.0204732 0.0217733 -0.00110848 0.00360661 -0.00911685 -0.00129224 -0.00106242 -0.00220757
internal_weight=53724 50010 49499 3714 46928 15232 2214 511 31696 10369 2571 31007 29842 16563
internal_count=53724 50010 49499 3714 46928 15232 2214 511 31696 10369 2571 31007 29842 16563
is_linear=0
shrinkage=0.035


Tree=119
num_leaves=15
num_cat=3
split_feature=10 13 0 10 16 23 0 32 32 0 23 6 24 32
split_gain=1753.09 207.283 158.604 129.158 86.1578 56.7963 52.1546 41.7591 40.3012 40.0079 39.341 38.104 36.1853 42.0777
threshold=5.8366666666666678 1627.5000000000002 9.5500000000000025 3.4025000000000003 27.342623276106181 1.4737580868151932 6.0500000000000007 0 1 2025.0000000000002 0.78338076795575651 1703.0000000000002 4.5000000000000009 2
decision_type=8 10 8 10 10 10 10 1 1 8 8 10 2 1
left_child=3 2 -2 -1 12 7 -5 11 -7 -3 -9 -6 -4 -14
right_child=1 9 4 6 5 8 -8 10 -10 -11 -12 -13 13 -15
leaf_value=-0.09779996471647269 -0.020097976330389733 1.8438086636822983 -0.0018220697278956968 -0.031670452926499768 0.24623329954908107 1.0188311163018291 -0.0051965425135943469 -0.35662035091693384 0.14388847099440719 21.549610572150851 0.027443630879385311 -0.72577788452535263 -0.047111722145090559 -0.0071463840044400061
leaf_weight=1500 2571 187 28082 2033 6608 805 181 643 639 324 1476 224 3119 5332
leaf_count=1500 2571 187 28082 2033 6608 805 181 643 639 324 1476 224 3119 5332
internal_value=-0.00201939 -0.000295311 -0.000525311 -0.025203 -6.1151e-05 0.00274952 -0.0197476 0.00170779 0.00917874 0.0217733 -0.00257498 0.00303637 -0.000861158 -0.00286838
internal_weight=53724 50010 49499 3714 46928 10395 2214 8951 1444 511 2119 6832 36533 8451
internal_count=53724 50010 49499 3714 46928 10395 2214 8951 1444 511 2119 6832 36533 8451
cat_boundaries=0 1 2 3
cat_threshold=11548 61000 34347
is_linear=0
shrinkage=0.035


Tree=120
num_leaves=15
num_cat=2
split_feature=13 1 1 10 8 23 24 30 17 1 0 22 32 32
split_gain=1739.61 198.651 148.625 125.948 74.8232 55.7089 51.2229 56.3912 45.6723 43.8355 42.9463 40.5933 39.9972 39.1675
threshold=5.5250000000000012 1204.0000000000002 9.0500000000000025 3.4025000000000003 13.051667985646636 0.77530412965873985 5.5000000000000009 -0.6523320455745395 0.79296146109875998 281.00000000000006 2025.0000000000002 0.99452434828071268 0 1
decision_type=8 10 8 10 2 8 2 2 10 8 8 8 1 1
left_child=3 2 -2 -1 5 13 7 -6 -5 -9 -3 -7 -8 -4
right_child=1 10 4 8 6 11 12 9 -10 -11 -12 -13 -14 -15
leaf_value=-0.094376965951396136 -0.019225394271060396 3.5032794821652185 -0.0025693366415581579 -0.029141498864045198 -0.02542811684854895 0.0046678719958325185 0.0038676032355697922 0.027547877873498747 -0.032035939596401469 0.21157680726008296 20.795374202125569 -0.012835370067687518 -0.26560383494654466 -0.045419079851168019
leaf_weight=1500 2522 376 817 852 7078 8027 1295 9714 1284 6532 342 10931 920 1534
leaf_count=1500 2522 376 817 852 7078 8027 1295 9714 1284 6532 342 10931 920 1534
internal_value=-0.00199985 -0.000301839 -0.000568506 -0.0253584 -0.000122511 -0.00165361 0.00115507 0.0016383 -0.0198132 0.00277398 0.0179115 -0.00102252 -0.00392568 -0.00672963
internal_weight=53724 50088 49370 3636 46848 21309 25539 23324 2136 16246 718 18958 2215 2351
internal_count=53724 50088 49370 3636 46848 21309 25539 23324 2136 16246 718 18958 2215 2351
cat_boundaries=0 1 2
cat_threshold=6608 26377
is_linear=0
shrinkage=0.035


Tree=121
num_leaves=15
num_cat=3
split_feature=10 0 1 10 16 0 23 32 17 23 32 24 32 16
split_gain=1710.37 183.725 154.312 121.306 92.969 47.1124 44.9059 64.3796 41.4754 39.3658 38.0201 40.1653 58.1492 37.2503
threshold=5.6083333333333352 2025.0000000000002 9.0500000000000025 3.4025000000000003 48.454806574351267 6.5500000000000007 0.66967604380121915 0 0.79296146109875998 0.85856184873273411 1 5.5000000000000009 2 9.2188077690821402
decision_type=8 10 8 10 10 10 8 1 10 8 1 2 1 10
left_child=3 2 5 -1 6 -2 7 -4 -5 -6 -8 13 -13 -12
right_child=1 -3 4 8 9 -7 10 -9 -10 -11 11 12 -14 -15
leaf_value=-0.091073772143097281 -0.028704170692550622 22.250079450485821 0.17890136666889844 -0.028121546403803616 -0.031779360234040516 -0.012139401470291597 -0.032038505821094493 -0.048264713322513718 -0.030363398034363453 0.62911257459055481 -0.0028570877461038882 -0.14478868008750914 -0.0087265141561519953 0.048053857220282666
leaf_weight=1500 1165 276 399 864 1819 1459 4006 3206 1137 4398 17243 685 2421 13146
leaf_count=1500 1165 276 399 864 1819 1459 4006 3206 1137 4398 17243 685 2421 13146
internal_value=-0.00197119 -0.000321235 -0.000479961 -0.0256061 -2.14461e-05 -0.00873336 -0.000624894 -0.00435319 -0.0198729 0.00396577 -0.000265957 0.000120113 -0.00366763 0.00050783
internal_weight=53724 50223 49947 3501 47323 2624 41106 3605 2001 6217 37501 33495 3106 30389
internal_count=53724 50223 49947 3501 47323 2624 41106 3605 2001 6217 37501 33495 3106 30389
cat_boundaries=0 1 2 3
cat_threshold=1280 514 1064
is_linear=0
shrinkage=0.035


Tree=122
num_leaves=15
num_cat=3
split_feature=13 0 10 1 1 23 32 22 32 23 32 0 0 30
split_gain=1625.35 182.858 152.642 128.951 84.4337 41.3039 66.5135 42.7856 46.8948 45.2359 42.1521 34.5062 33.8282 32.4523
threshold=5.5250000000000012 2025.0000000000002 3.6733333333333333 9.0500000000000025 351.00000000000006 0.64286717777866997 0 0.98843570090211064 1 1.4737580868151932 2 6.0500000000000007 6.5500000000000007 -0.4755978891912595
decision_type=8 10 10 8 10 8 1 8 1 10 1 10 10 2
left_child=2 3 -1 12 5 6 -5 8 -7 -9 -11 -4 -2 -6
right_child=1 -3 11 4 13 7 -8 9 -10 10 -12 -13 -14 -15
leaf_value=-0.087886190118088861 -0.02676331744188459 21.471326669718817 -0.029684742760286147 -0.086131838897234803 0.040477514100610963 -0.0072083725303115648 -0.012474282189584206 -0.015610609692799074 0.024930327527606055 -0.11295897078162677 0.052255811189550319 -0.0091957695897408615 -0.011667150695385103 0.4853889410559083
leaf_weight=1720 1086 276 1757 905 1593 6163 2694 18899 10885 485 2360 159 1436 3306
leaf_count=1720 1086 276 1757 905 1593 6163 2694 18899 10885 485 2360 159 1436 3306
internal_value=-0.00189562 -0.000254327 -0.024474 -0.000413112 -1.48007e-06 -0.000504411 -0.00408851 -0.000171405 0.00114115 -0.00120051 0.00291053 -0.0176002 -0.00811634 0.00434645
internal_weight=53724 50088 3636 49812 47290 42391 3599 38792 17048 21744 2845 1916 2522 4899
internal_count=53724 50088 3636 49812 47290 42391 3599 38792 17048 21744 2845 1916 2522 4899
cat_boundaries=0 1 2 3
cat_threshold=20672 33385 262
is_linear=0
shrinkage=0.035


Tree=123
num_leaves=15
num_cat=3
split_feature=13 0 10 1 16 23 30 24 32 32 0 32 30 7
split_gain=1520.44 181.087 171.892 121.562 82.1812 40.7638 40.4946 40.5336 45.1105 44.4737 34.6015 30.1078 27.0138 32.6582
threshold=5.5250000000000012 2025.0000000000002 4.0071428571428589 9.0500000000000025 48.454806574351267 1.3249864477405284 -0.99465740988130902 4.5000000000000009 0 1 6.0500000000000007 2 -0.6523320455745395 317.10850000000005
decision_type=10 10 8 8 10 10 2 2 1 1 10 1 2 2
left_child=2 3 -1 10 6 11 -5 9 -9 -8 -2 -6 13 -11
right_child=1 -3 -4 4 5 -7 7 8 -10 12 -12 -13 -14 -15
leaf_value=-0.07431017513288582 -0.027358356552478955 21.152373581713299 -0.028261713106550738 -0.051932467841304869 -0.32659259537490443 1.1703174101884175 -0.0095460397300413738 0.0026919199056755086 -0.036452001194420151 0.0004542890322259652 -0.011434610241394152 0.32224295080331428 0.020514895322309778 -0.37826065639886525
leaf_weight=1975 941 275 1741 1450 338 1284 12120 4203 5022 4853 1578 4595 12988 361
leaf_count=1975 941 275 1741 1450 338 1284 12120 4203 5022 4853 1578 4595 12988 361
internal_value=-0.00179921 -0.00019315 -0.0233835 -0.00035114 4.8921e-05 0.00379701 -0.000519853 -0.000308834 -0.00233965 0.000309295 -0.00783479 0.00234609 0.00140254 -0.000724277
internal_weight=53724 50008 3716 49733 47214 6217 40997 39547 9225 30322 2519 4933 18202 5214
internal_count=53724 50008 3716 49733 47214 6217 40997 39547 9225 30322 2519 4933 18202 5214
cat_boundaries=0 1 2 3
cat_threshold=10708 33367 20641
is_linear=0
shrinkage=0.035


Tree=124
num_leaves=15
num_cat=3
split_feature=10 0 10 1 1 0 23 32 22 22 32 23 23 32
split_gain=1499.63 181.429 161.149 130.909 80.9944 40.9832 39.5724 95.295 48.7498 45.1783 39.7242 60.1964 51.7922 43.5392
threshold=5.6083333333333352 2025.0000000000002 4.0071428571428589 9.0500000000000025 361.00000000000006 6.0500000000000007 0.81392178276005434 0 0.88466496236754721 0.9076699515522082 1 1.2745455064764435 0.96395690184805305 2
decision_type=10 10 8 8 10 10 8 1 10 10 1 10 8 1
left_child=2 3 -1 5 6 -2 7 8 -5 -8 12 -12 13 -11
right_child=1 -3 -4 4 -6 -7 9 -9 -10 10 11 -13 -14 -15
leaf_value=-0.071709319003234823 -0.028297687439299297 20.412040506353328 -0.026515226814466161 -0.028025906872866647 0.38170561950136395 -0.011022651744518358 0.024812789642022947 0.0010379159211656842 -0.11110602404114173 0.31608968704104395 -0.0040946041249641145 0.045663755804265314 -0.037234698518794185 -0.010026648588028824
leaf_weight=1975 1020 275 1606 2177 4738 1601 5939 5574 763 478 16150 3983 6421 1024
leaf_count=1975 1020 275 1606 2177 4738 1601 5939 5574 763 478 16150 3983 6421 1024
internal_value=-0.00178358 -0.000219849 -0.0236489 -0.000377559 4.51833e-05 -0.00798363 -0.000438797 -0.0025719 -0.00765144 9.57353e-05 -0.000491429 0.000335269 -0.00258818 0.00325149
internal_weight=53724 50143 3581 49868 47247 2621 42509 8514 2940 33995 28056 20133 7923 1502
internal_count=53724 50143 3581 49868 47247 2621 42509 8514 2940 33995 28056 20133 7923 1502
cat_boundaries=0 1 2 3
cat_threshold=53440 775 256
is_linear=0
shrinkage=0.035


Tree=125
num_leaves=15
num_cat=2
split_feature=10 1 0 0 0 2 0 11 24 32 23 32 22 22
split_gain=1464.35 169.15 139.967 93.8374 53.3764 48.239 43.0157 42.2701 34.6695 33.6181 31.8974 44.0716 41.1552 35.9312
threshold=4.9183333333333339 9.0500000000000025 741.00000000000011 4.4500000000000011 2215.0000000000005 78.050000000000011 6.0500000000000007 3.4472222222222229 2.5000000000000004 0 0.79859216348272577 1 0.91590816407878928 0.99147868817777607
decision_type=8 8 10 10 10 10 10 10 2 1 8 1 8 8
left_child=3 6 5 7 -4 10 -2 -1 9 -7 11 -3 -13 -12
right_child=1 2 4 -5 -6 8 -8 -9 -10 -11 13 12 -14 -15
leaf_value=-0.079699491169191547 -0.027053120847257965 0.0065160120823573213 1.3291681314310673 -0.01499957911155741 24.082532397761682 0.39691761681825655 -0.010291859563788041 -0.027803153216714963 -0.0033110908523518393 0.064376516167327522 0.0062729585212176892 -0.021265027626166465 -0.10086909330011135 -0.011218400778287681
leaf_weight=1451 1498 1875 1597 513 225 851 1670 873 10120 6515 9481 2926 726 13403
leaf_count=1451 1498 1875 1597 513 225 851 1670 873 10120 6515 9481 2926 726 13403
internal_value=-0.00176925 -0.000403698 0.000116608 -0.0262192 0.00961686 -0.000261535 -0.00822881 -0.0292143 0.00118461 0.00301045 -0.00115164 -0.0035367 -0.00576493 -0.000574949
internal_weight=53724 50887 47719 2837 1822 45897 3168 2324 17486 7366 28411 5527 3652 22884
internal_count=53724 50887 47719 2837 1822 45897 3168 2324 17486 7366 28411 5527 3652 22884
cat_boundaries=0 1 2
cat_threshold=1024 9483
is_linear=0
shrinkage=0.035


Tree=126
num_leaves=15
num_cat=1
split_feature=10 1 10 0 0 30 13 24 32 2 0 23 24 23
split_gain=1456.78 160.15 134.998 92.4732 71.1317 46.1768 42.4668 42.1683 45.9013 42.8061 40.4551 31.5017 29.0431 33.0602
threshold=4.9183333333333339 9.0500000000000025 1955.714285714286 4.4500000000000011 560.75000000000011 -0.99465740988130902 3.5250000000000004 4.5000000000000009 0 52.550000000000004 6.0500000000000007 0.54484478475140519 5.5000000000000009 2.0739180411378979
decision_type=8 8 10 10 10 2 10 2 1 10 10 10 2 10
left_child=3 10 4 6 5 -3 -1 9 -9 -7 -2 -6 13 -10
right_child=1 2 -4 -5 11 7 -8 8 12 -11 -12 -13 -14 -15
leaf_value=-0.076910008978269856 -0.026106261617603935 -0.057251401202816243 16.239643763840018 -0.014474593842652901 -1.2771436341277247 -0.0038634648949273311 -0.026634153009373492 0.0042427741932571025 -0.022243923370410111 0.036960343130008337 -0.0099316444790554688 0.92605579280640893 -0.071660874471313682 0.44620207992731331
leaf_weight=1569 1498 1588 355 513 81 18282 755 4582 3507 15085 1670 2344 1825 70
leaf_count=1569 1498 1588 355 513 81 18282 755 4582 3507 15085 1670 2344 1825 70
internal_value=-0.00173407 -0.000372062 0.000134209 -0.0261207 -2.80774e-05 -0.000343427 -0.029094 -0.000128356 -0.00212334 0.000468806 -0.00798613 0.00580453 -0.00430312 -0.00247208
internal_weight=53724 50887 47719 2837 47364 44939 2324 43351 9984 33367 3168 2425 5402 3577
internal_count=53724 50887 47719 2837 47364 44939 2324 43351 9984 33367 3168 2425 5402 3577
cat_boundaries=0 1
cat_threshold=10708
is_linear=0
shrinkage=0.035


Tree=127
num_leaves=15
num_cat=2
split_feature=10 1 1 10 1 24 32 32 30 0 0 1 0 9
split_gain=1418.79 151.285 127.338 102.8 51.41 43.2822 64.0249 49.978 43.1508 42.982 30.9467 35.5206 30.1929 27.5601
threshold=4.9183333333333339 9.0500000000000025 752.00000000000011 3.4025000000000003 2115.0000000000005 5.5000000000000009 0 1 -0.6523320455745395 6.0500000000000007 139.10000000000002 26.100000000000005 520.50000000000011 1582.5000000000002
decision_type=8 8 10 10 10 2 1 1 2 10 8 8 10 8
left_child=3 9 5 -1 -4 7 -7 10 13 -2 -3 -12 -10 -9
right_child=1 2 4 -5 -6 6 -8 8 12 -11 11 -13 -14 -15
leaf_value=-0.07421815866403042 -0.025192542460987809 -0.015657941821775267 1.2133005421914218 -0.022540498167566026 19.876900289159003 -0.1983287410125423 -0.019226902042101826 0.013274576353959155 0.015649919578298206 -0.0095840369222885309 -0.022342452376313514 0.027246353546459684 0.93103755706668678 -0.027408787034066052
leaf_weight=1500 1498 11417 1450 1337 252 426 3360 3028 16012 1670 714 5810 794 4456
leaf_count=1500 1498 11417 1450 1337 252 426 3360 3028 16012 1670 714 5810 794 4456
internal_value=-0.00170932 -0.000365185 0.000126875 -0.0257759 0.00951377 -0.000221307 -0.00380375 0.00010027 0.00113475 -0.00776552 -0.00130012 0.000621841 0.00211945 -0.00107491
internal_weight=53724 50887 47719 2837 1702 46017 3786 42231 24290 3168 17941 6524 16806 7484
internal_count=53724 50887 47719 2837 1702 46017 3786 42231 24290 3168 17941 6524 16806 7484
cat_boundaries=0 1 2
cat_threshold=1056 16983
is_linear=0
shrinkage=0.035


Tree=128
num_leaves=15
num_cat=3
split_feature=10 1 13 10 16 0 23 23 32 22 32 23 32 23
split_gain=1412.39 141.53 123.795 103.721 64.6005 42.5642 41.3328 38.1192 52.3051 33.4705 37.7951 76.899 43.2968 39.4468
threshold=4.9183333333333339 9.5500000000000025 1907.9000000000003 3.4025000000000003 48.454806574351267 6.0500000000000007 1.3249864477405284 0.66967604380121915 0 0.97252553542215781 1 0.91686653316731992 2 1.0589745478542714
decision_type=8 8 10 10 10 10 10 8 1 8 1 8 1 10
left_child=3 5 4 -1 7 -2 -6 8 -3 -9 13 12 -12 -11
right_child=1 2 -4 -5 6 -7 -8 9 -10 10 11 -13 -14 -15
leaf_value=-0.071620523110789355 -0.02443320563774774 0.023787682257877273 14.975564721985055 -0.021751580731701213 0.18623023028644187 -0.008993281915269007 1.115617474803196 0.0082572933888295109 -0.05215357363497547 -0.0047852416562702612 -0.026144926193467751 0.0085754740938185862 -0.089104687295429197 -0.040883934338314401
leaf_weight=1500 1520 1295 356 1337 4831 1758 1305 14355 2311 5306 606 11759 533 4952
leaf_count=1500 1520 1295 356 1337 4831 1758 1305 14355 2311 5306 606 11759 533 4952
internal_value=-0.00168978 -0.00034868 0.000135989 -0.025702 -1.99966e-05 -0.0073774 0.00332845 -0.000520038 -0.00395458 -0.000189386 -0.00101248 0.000249361 -0.00841346 -0.00259613
internal_weight=53724 50887 47609 2837 47253 3278 6136 41117 3606 37511 23156 12898 1139 10258
internal_count=53724 50887 47609 2837 47253 3278 6136 41117 3606 37511 23156 12898 1139 10258
cat_boundaries=0 1 2 3
cat_threshold=1802 25351 7192
is_linear=0
shrinkage=0.035


Tree=129
num_leaves=15
num_cat=3
split_feature=10 0 1 10 0 30 24 32 32 26 0 23 32 22
split_gain=1137.33 129.394 117.094 107.584 54.5528 40.4315 44.6023 55.5933 47.9148 41.0724 40.0811 31.8945 31.3622 28.5312
threshold=4.9183333333333339 752.00000000000011 9.5500000000000025 2.6266666666666674 2215.0000000000005 -0.99465740988130902 5.5000000000000009 0 1 232.50000000000003 6.0500000000000007 0.63452821575733587 2 0.63349840371956823
decision_type=10 10 8 8 10 2 2 1 1 2 10 8 1 10
left_child=3 2 10 -1 13 -4 8 -8 9 -7 -2 -10 -9 -3
right_child=1 4 5 -5 -6 6 7 12 11 -11 -12 -13 -14 -15
leaf_value=-0.086613804801911734 -0.023460668790874425 -1.6926472866116986 -0.051943974792890743 -0.024151734892571063 22.711703024312854 0.004626390388194142 -0.91756659874544944 0.011865444095692849 -0.049992842755349057 0.037618494692477092 -0.0086785170482345866 -0.00292453794573361 -0.048009672765634337 1.3871825534707536
leaf_weight=1072 1518 53 1615 1845 224 12404 213 1567 1891 6146 1757 20088 1888 1443
leaf_count=1072 1518 53 1615 1845 224 12404 213 1567 1891 6146 1757 20088 1888 1443
internal_value=-0.00151259 -0.000291368 -0.000622403 -0.0227464 0.00913043 -0.000165004 3.40482e-05 -0.00365913 0.000368703 0.00167789 -0.00701067 -0.000736792 -0.0025317 0.00666889
internal_weight=53724 50807 49087 2917 1720 45812 44197 3668 40529 18550 3275 21979 3455 1496
internal_count=53724 50807 49087 2917 1720 45812 44197 3668 40529 18550 3275 21979 3455 1496
cat_boundaries=0 1 2 3
cat_threshold=1024 11688 2512
is_linear=0
shrinkage=0.035


Tree=130
num_leaves=15
num_cat=2
split_feature=10 1 10 1 1 24 32 0 23 32 22 0 29 23
split_gain=1110.6 127.009 114.841 106.28 41.9184 41.9039 63.8292 47.4462 37.2743 34.7456 34.632 32.6277 31.1062 27.8579
threshold=4.9183333333333339 901.00000000000011 2.6266666666666674 9.0500000000000025 2115.0000000000005 5.5000000000000009 0 160.50000000000003 0.81742322495160091 1 0.86180754779840463 6.0500000000000007 -0.19337636264337835 1.7985845743171256
decision_type=10 10 8 8 10 2 1 10 10 1 10 10 2 10
left_child=2 3 -1 11 -3 7 -7 9 12 -5 -10 -2 -9 -12
right_child=1 4 -4 5 -6 6 -8 8 10 -11 13 -13 -14 -15
leaf_value=-0.083582321633844839 -0.022505535152132522 1.7616020988623966 -0.023306424171331063 -0.012803795911217801 18.419487753505134 -0.19263999900624632 -0.017722558430236152 0.3070021907460242 0.7581151418901263 0.0030852201325255639 0.10159419846493394 -0.0084965177019804151 -0.32999231752959224 0.80049491492750247
leaf_weight=1072 1496 980 1845 12514 252 439 3384 535 483 21248 6215 1669 1053 539
leaf_count=1072 1496 980 1845 12514 252 439 3384 535 483 21248 6215 1669 1053 539
internal_value=-0.00147611 -0.000269326 -0.0224589 -0.000545684 0.0108084 -0.000122159 -0.00362983 0.000193111 0.00247735 -0.000404241 0.00354253 -0.00674606 -0.00237288 0.00288948
internal_weight=53724 50807 2917 49575 1232 46410 3823 42587 8825 33762 7237 3165 1588 6754
internal_count=53724 50807 2917 49575 1232 46410 3823 42587 8825 33762 7237 3165 1588 6754
cat_boundaries=0 1 2
cat_threshold=1056 599
is_linear=0
shrinkage=0.035


Tree=131
num_leaves=15
num_cat=1
split_feature=10 10 1 1 0 13 0 26 0 23 30 23 24 32
split_gain=1039.82 133.984 125.235 104.001 45.7316 43.9555 39.5309 37.3088 31.6941 29.9272 28.3602 28.1234 26.5403 38.0005
threshold=4.9183333333333339 2.6266666666666674 1204.0000000000002 9.0500000000000025 229.75000000000003 205.97500000000002 2215.0000000000005 283.50000000000006 6.0500000000000007 2.0739180411378979 -0.99864786094873803 1.5996339621125826 4.5000000000000009 0
decision_type=10 8 10 8 10 10 8 2 10 10 2 10 2 1
left_child=1 -1 3 8 10 -6 -4 9 -2 -7 -5 -3 13 -12
right_child=2 11 6 4 5 7 -8 -9 -10 -11 12 -13 -14 -15
leaf_value=-0.080656940376660269 -0.021717841421807896 -0.022686589170090917 2.8918450571510745 -0.069125482270190455 1.0838154056622924 0.015680296077985361 16.511828279491947 0.44500701019929945 -0.0081991395824111152 1.8119090581793764 -0.010906771138878765 0.0060321448466092867 -0.016584311848445964 0.0077260786826905741
leaf_weight=1072 1496 1791 418 663 279 6001 299 1350 1669 194 10981 54 8728 18729
leaf_count=1072 1496 1791 418 663 279 6001 299 1350 1669 194 10981 54 8728 18729
internal_value=-0.00143703 -0.0217402 -0.000269326 -0.000477892 -6.33923e-05 0.00237834 0.0142036 0.00186821 -0.00661356 0.000716935 -0.000552217 -0.0159486 -0.000427906 7.06714e-05
internal_weight=53724 2917 50807 50090 46925 7824 717 7545 3165 6195 39101 1845 38438 29710
internal_count=53724 2917 50807 50090 46925 7824 717 7545 3165 6195 39101 1845 38438 29710
cat_boundaries=0 1
cat_threshold=599
is_linear=0
shrinkage=0.035


Tree=132
num_leaves=15
num_cat=2
split_feature=10 10 13 0 16 23 32 0 23 26 32 6 1 16
split_gain=1029.45 131.94 123.797 101.515 53.1608 35.6547 30.3012 29.7051 27.9517 27.8025 28.7563 27.7308 26.8698 35.9031
threshold=4.9183333333333339 2.6266666666666674 1907.9000000000003 9.5500000000000025 48.454806574351267 1.3348314871537228 0 2215.0000000000005 1.5996339621125826 232.50000000000003 1 83.90000000000002 20.100000000000005 1.7888543819998766
decision_type=10 8 10 8 10 10 1 8 10 2 1 8 10 10
left_child=1 -1 3 12 9 11 -7 -4 -3 -5 -11 -6 13 -2
right_child=2 8 7 4 5 6 -8 -9 -10 10 -12 -13 -14 -15
leaf_value=-0.07783394746347716 -0.0087646723508306261 -0.021892558549137745 2.888840187166128 -0.0087673150167360131 -0.35452979581344385 1.5711386788811905 0.31011403358417511 21.18391428970973 0.0058210197769779501 0.030063926411122356 -0.0042787991698275633 0.21279680432456632 0.24791013529266831 -0.044099239937601162
leaf_weight=1072 2342 1791 113 28252 243 703 589 243 54 5531 7242 4602 62 885
leaf_count=1072 2342 1791 113 28252 243 703 589 243 54 5531 7242 4602 62 885
internal_value=-0.00141879 -0.0216205 -0.000256927 -0.000403024 1.18727e-05 0.00304868 0.00820355 0.0201662 -0.015873 -0.000442725 0.000912115 0.00166701 -0.00634335 -0.00678991
internal_weight=53724 2917 50807 50451 47162 6137 1292 356 1845 41025 12773 4845 3289 3227
internal_count=53724 2917 50807 50451 47162 6137 1292 356 1845 41025 12773 4845 3289 3227
cat_boundaries=0 1 2
cat_threshold=60424 3512
is_linear=0
shrinkage=0.035


Tree=133
num_leaves=15
num_cat=3
split_feature=10 10 1 0 0 23 32 23 32 24 16 23 32 22
split_gain=1018.33 133.454 122.432 97.6499 51.8237 36.6561 29.2327 29.0533 27.6221 25.9763 29.402 26.0701 27.9235 26.0369
threshold=4.9183333333333339 2.6266666666666674 1910.0000000000002 9.5500000000000025 461.50000000000006 1.3348314871537228 0 2.0739180411378979 1 4.5000000000000009 2.0528435526936364 1.0009551146027549 2 1.0134806786511874
decision_type=10 8 10 8 10 10 1 10 1 2 10 8 1 10
left_child=1 -1 3 -2 6 8 -5 9 -6 -8 -11 13 -13 -12
right_child=2 -3 -4 4 5 -7 7 -9 -10 10 11 12 -14 -15
leaf_value=-0.075109759302255455 -0.012354772586076389 -0.020930429155161485 13.092477289569889 0.01312838601229757 -0.39863750191661185 1.5161488251203488 -0.003820951332110703 0.10850969992824581 0.44376979691008706 0.0084611972145085899 -0.045713794772007224 0.0078714910398178985 -0.0664673207373222 -0.11779206508204912
leaf_weight=1072 3289 1845 315 13637 566 889 22821 545 1850 920 2436 1892 1134 513
leaf_count=1072 3289 1845 315 13637 566 889 22821 545 1850 920 2436 1892 1134 513
internal_value=-0.00140836 -0.0215007 -0.000252795 -0.000389528 1.70522e-05 0.00424018 -0.000301346 -0.000907484 0.00199504 -0.00105515 -0.00293696 -0.00383361 -0.00154734 -0.00617299
internal_weight=53724 2917 50807 50492 47203 3305 43898 30261 2416 29716 6895 5975 3026 2949
internal_count=53724 2917 50807 50492 47203 3305 43898 30261 2416 29716 6895 5975 3026 2949
cat_boundaries=0 1 2 3
cat_threshold=3472 51218 53348
is_linear=0
shrinkage=0.035


Tree=134
num_leaves=15
num_cat=2
split_feature=10 10 0 0 16 23 13 30 24 32 32 8 23 16
split_gain=993.099 138.99 117.497 89.9891 50.8265 38.88 30.2941 30.1427 29.2605 35.9061 35.1254 26.8998 26.7643 23.7112
threshold=4.9183333333333339 2.6266666666666674 2215.0000000000005 9.5500000000000025 55.946402922801475 1.3348314871537228 95.175000000000011 -0.6523320455745395 5.5000000000000009 0 1 64.714539765387556 1.5996339621125826 1.7888543819998766
decision_type=10 8 10 8 10 10 10 2 2 1 1 2 10 10
left_child=1 -1 3 13 7 6 -6 11 9 -9 -10 -5 -3 -2
right_child=2 12 -4 4 5 -7 -8 8 10 -11 -12 -13 -14 -15
leaf_value=-0.072480917726676516 -0.0080254917780388964 -0.02039375397948728 19.984240584434936 -0.010207855926540327 -0.36297681280691846 1.2060098524042495 0.24485526198878549 -0.0077214796019134373 0.00091716854333957277 0.013053851447916369 -0.069899801480902399 -0.23375732915379105 0.0063498491052143453 -0.039016986923736605
leaf_weight=1072 2342 1791 224 11587 133 1131 4168 9441 1450 17232 1061 1091 54 947
leaf_count=1072 2342 1791 224 11587 133 1131 4168 9441 1450 17232 1061 1091 54 947
internal_value=-0.00139534 -0.0212372 -0.000254172 -0.00036738 2.21992e-05 0.00320581 0.00168254 -0.000391239 0.000227826 0.000568071 -0.00338037 -0.00181582 -0.0153432 -0.00596084
internal_weight=53724 2917 50807 50583 47294 5432 4301 41862 29184 26673 2511 12678 1845 3289
internal_count=53724 2917 50807 50583 47294 5432 4301 41862 29184 26673 2511 12678 1845 3289
cat_boundaries=0 1 2
cat_threshold=33351 43344
is_linear=0
shrinkage=0.035


Tree=135
num_leaves=15
num_cat=3
split_feature=10 10 0 0 1 24 32 30 6 32 0 32 23 16
split_gain=959.113 156.954 116.559 65.0708 48.8291 36.5062 60.4734 35.0356 45.7327 30.1056 29.6474 30.3273 27.9971 27.2986
threshold=5.3380952380952396 2.6266666666666674 2215.0000000000005 9.5500000000000025 752.00000000000011 5.5000000000000009 0 -0.6523320455745395 145.10000000000002 1 4.4500000000000011 2 1.1755379800227557 1.7888543819998766
decision_type=10 8 10 8 10 2 1 2 10 1 8 1 8 10
left_child=1 -1 3 13 5 7 -7 -5 9 -9 -3 -12 -6 -2
right_child=2 10 -4 4 12 6 -8 8 -10 -11 11 -13 -14 -15
leaf_value=-0.069944085606242837 -0.0059679060834304833 -0.023343539138052843 19.284792163979706 -0.012141257931481918 0.17416066649393658 -0.87359527265644366 -0.018117721426253654 0.01707758243456307 0.12887985093128324 -0.0059920969049341724 -0.010544970262624815 -0.012668573517030107 2.4151306413387412 -0.038485392969472926
leaf_weight=1072 2006 1046 224 12817 727 221 3579 6386 6859 15842 532 719 776 918
leaf_count=1072 2006 1046 224 12817 727 221 3579 6386 6859 15842 532 719 776 918
internal_value=-0.00136407 -0.0194295 -0.000153594 -0.000267373 4.67042e-05 -0.000157737 -0.00344021 0.000140304 0.000812079 4.09301e-05 -0.0142159 -0.0105056 0.00624337 -0.00532946
internal_weight=53724 3369 50355 50131 47207 45704 3800 41904 29087 22228 2297 1251 1503 2924
internal_count=53724 3369 50355 50131 47207 45704 3800 41904 29087 22228 2297 1251 1503 2924
cat_boundaries=0 1 2 3
cat_threshold=1024 3240 33298
is_linear=0
shrinkage=0.035


Tree=136
num_leaves=15
num_cat=3
split_feature=10 10 13 0 0 30 24 32 32 23 24 9 32 23
split_gain=923.929 165.33 99.9816 60.4218 47.9026 30.686 34.4762 50.4825 34.9792 28.9174 27.4104 42.3547 27.2095 25.526
threshold=5.3380952380952396 2.6266666666666674 2375.0000000000005 9.5500000000000025 752.00000000000011 -0.99465740988130902 5.5000000000000009 0 1 2.0739180411378979 1.0000000180025095e-35 2852.5000000000005 2 1.3249864477405284
decision_type=10 8 10 8 10 2 2 1 1 10 2 8 1 10
left_child=1 -1 3 -2 5 -5 8 -8 10 -10 11 -7 -9 -6
right_child=2 -3 -4 4 13 6 7 12 9 -11 -12 -13 -14 -15
leaf_value=-0.067496042610024329 -0.01133229731549862 -0.017955599389137565 21.489594393154913 -0.049467682145921947 0.47691147954838475 0.77668923940534507 -0.84661832024945693 0.010507257535603163 -0.00071628825539065137 0.13453374484793512 0.05600672350220269 0.11141257984335426 -0.042088149592492852 3.3684967419522271
leaf_weight=1072 2924 2297 212 1608 1023 203 213 1607 37217 629 2063 261 1883 512
leaf_count=1072 2924 2297 212 1608 1023 203 213 1607 37217 629 2063 261 1883 512
internal_value=-0.00134583 -0.0190768 -0.000157764 -0.000260329 4.22455e-05 -0.000162402 1.11159e-05 -0.00321872 0.000307717 4.06751e-05 0.00428206 0.0119403 -0.00215692 0.00611364
internal_weight=53724 3369 50355 50143 47219 45684 44076 3703 40373 37846 2527 464 3490 1535
internal_count=53724 3369 50355 50143 47219 45684 44076 3703 40373 37846 2527 464 3490 1535
cat_boundaries=0 1 2 3
cat_threshold=1024 1024 2512
is_linear=0
shrinkage=0.035


Tree=137
num_leaves=15
num_cat=4
split_feature=10 10 0 1 16 23 23 32 22 23 32 32 32 17
split_gain=895.376 170.104 97.468 58.3187 43.612 32.5513 31.7874 38.3425 28.9121 35.5032 47.5884 34.7384 29.4273 28.1523
threshold=5.3380952380952396 2.6266666666666674 2215.0000000000005 9.0500000000000025 55.946402922801475 1.3348314871537228 0.61903782367930316 0 0.97252553542215781 1.0107009126407038 1 2 3 0.79296146109875998
decision_type=10 8 10 8 10 10 8 1 10 10 1 1 1 8
left_child=1 -1 3 -2 6 -6 7 -5 9 12 -11 -10 -8 -3
right_child=2 13 -4 4 5 -7 8 -9 11 10 -12 -13 -14 -15
leaf_value=-0.065133681118673487 -0.011761671011520121 -0.016366943279947609 17.857688634479992 0.01196344514608887 0.16862595522068313 1.1541672457412788 0.021933169477301818 -0.059633370044957473 -0.035794738195024468 0.0032667894705824723 0.073530792027111602 -0.0023273612852463279 -0.0071429049723728709 -0.018038612896997142
leaf_weight=1072 2796 965 224 1044 4307 1127 5773 1719 3879 1264 1130 19818 7274 1332
leaf_count=1072 2796 965 224 1044 4307 1127 5773 1719 3879 1264 1130 19818 7274 1332
internal_value=-0.0013315 -0.0187863 -0.000161934 -0.000265977 2.4398e-05 0.00297297 -0.000358302 -0.00398302 -0.000101934 0.00107633 0.00498958 -0.000869758 0.00035665 -0.0133645
internal_weight=53724 3369 50355 50131 47335 5434 41901 2763 39138 15441 2394 23697 13047 2297
internal_count=53724 3369 50355 50131 47335 5434 41901 2763 39138 15441 2394 23697 13047 2297
cat_boundaries=0 1 2 3 4
cat_threshold=1323 8991 518 25990
is_linear=0
shrinkage=0.035


Tree=138
num_leaves=15
num_cat=2
split_feature=10 10 0 1 16 23 30 32 23 16 32 22 3 24
split_gain=869.377 174.943 97.3135 55.2969 41.403 36.0738 31.8584 28.4358 43.6591 45.8606 37.3821 30.7427 27.6398 27.3799
threshold=5.3380952380952396 2.6266666666666674 2215.0000000000005 9.5500000000000025 77.604436292912808 0.91228353049667077 -0.6523320455745395 0 1.0247760724082713 2.7868739954770345 1 1.0416731226113007 280.75000000000006 4.5000000000000009
decision_type=10 8 10 8 10 8 2 1 8 10 1 10 8 2
left_child=1 -1 3 -2 6 -6 12 13 9 -9 -10 -11 -5 -8
right_child=2 -3 -4 4 5 -7 7 8 10 11 -12 -13 -14 -15
leaf_value=-0.062854002279519913 -0.010826042088689359 -0.016695801959122871 17.232669532273196 -0.0079897112361587211 -0.15418104162964072 0.80467218989967659 0.022999747637738769 0.00589464360195342 0.021145381361922514 -0.033375009557385503 -0.014533366690551299 -0.11789483717938504 -0.10940574136172403 -0.012947933450421233
leaf_weight=1072 2906 2297 224 11244 1340 2417 10439 1844 5400 4853 3556 909 1912 3311
leaf_count=1072 2906 2297 224 11244 1340 2417 10439 1844 5400 4853 3556 909 1912 3311
internal_value=-0.00129632 -0.0184959 -0.000143864 -0.000247826 4.0758e-05 0.00356326 -0.000264072 0.000360194 -0.000616517 -0.00256602 0.00103895 -0.00410265 -0.001702 0.00153578
internal_weight=53724 3369 50355 50131 47225 3757 43468 30312 16562 7606 8956 5762 13156 13750
internal_count=53724 3369 50355 50131 47225 3757 43468 30312 16562 7606 8956 5762 13156 13750
cat_boundaries=0 1 2
cat_threshold=11688 53328
is_linear=0
shrinkage=0.035


Tree=139
num_leaves=15
num_cat=2
split_feature=10 10 13 1 0 30 24 1 22 22 23 23 32 32
split_gain=832.679 186.429 97.3138 53.1592 42.1553 31.1538 32.3742 37.2455 29.184 26.5824 54.0953 42.2895 85.6767 56.6355
threshold=5.3380952380952396 2.6266666666666674 2375.0000000000005 9.0500000000000025 741.00000000000011 -0.99465740988130902 1.0000000180025095e-35 27.100000000000005 0.61968439436793876 0.98843570090211064 0.66967604380121915 1.1677313805959531 0 1
decision_type=10 8 10 8 10 2 2 10 10 10 10 8 1 1
left_child=1 -1 3 -2 5 -5 7 -7 -6 10 -8 13 -13 -11
right_child=2 -3 -4 4 8 6 9 -9 -10 11 -12 12 -14 -15
leaf_value=-0.060654112199736716 -0.010971101053012782 -0.016111448890553583 20.111326429457019 -0.047410075562273168 -1.7504523777031842 -0.0067236832048424861 -0.021246064742173065 0.048195621983248678 1.1922581383954693 -0.00015645904954048718 0.01333888887570674 -0.091114320999481524 0.018428927523317006 -0.042783581227107709
leaf_weight=1072 2796 2297 212 1613 51 2067 4912 4735 1584 4639 12594 1568 8054 5530
leaf_count=1072 2796 2297 212 1613 51 2067 4912 4735 1584 4639 12594 1568 8054 5530
internal_value=-0.00128981 -0.0181224 -0.000161934 -0.000263121 1.40438e-05 -0.000183739 -8.72937e-06 0.00221096 0.00552744 -0.000413785 0.000579636 -0.00129243 0.000370832 -0.00286564
internal_weight=53724 3369 50355 50143 47347 45712 44099 6802 1635 37297 17506 19791 9622 10169
internal_count=53724 3369 50355 50143 47347 45712 44099 6802 1635 37297 17506 19791 9622 10169
cat_boundaries=0 1 2
cat_threshold=259 10553
is_linear=0
shrinkage=0.035


Tree=140
num_leaves=15
num_cat=4
split_feature=10 10 0 6 23 30 22 23 32 32 32 0 32 16
split_gain=793.56 203.692 94.3952 50.1714 43.4119 37.6243 34.8507 39.5758 61.6358 51.5282 30.6286 27.3877 30.1268 25.9521
threshold=5.6083333333333352 2.6266666666666674 2215.0000000000005 113.10000000000001 0.63452821575733587 -0.6523320455745395 0.97252553542215781 0.87342900336198936 0 1 2 3.9500000000000006 3 0.52892518762500451
decision_type=10 8 10 10 8 2 10 8 1 1 1 8 1 10
left_child=1 13 3 4 -2 -5 10 8 -8 -9 -6 -3 -13 -1
right_child=2 11 -4 5 6 -7 7 9 -10 -11 -12 12 -14 -15
leaf_value=-0.062031219107210961 -0.037322563237870324 -0.026279586011800932 15.925629673612633 -0.034613214962427113 0.013865198745971016 0.089111096508779339 -0.0021225584337513184 -0.023346964231224451 -0.077160081079928861 0.002524739804495866 -0.0034021858512479144 -0.0082367230074724389 -0.011547809842014627 -0.041031218272745931
leaf_weight=794 2268 584 224 5005 4920 10771 852 8053 688 10723 6639 746 1179 278
leaf_count=794 2268 584 224 5005 4920 10771 852 8053 688 10723 6639 746 1179 278
internal_value=-0.0012429 -0.0171486 -0.000105388 -0.000208216 -0.000962428 0.00142386 -0.000629078 -0.00150189 -0.00688673 -0.00105852 0.000904964 -0.0116527 -0.00959326 -0.0298979
internal_weight=53724 3581 50143 49919 34143 15776 31875 20316 1540 18776 11559 2509 1925 1072
internal_count=53724 3581 50143 49919 34143 15776 31875 20316 1540 18776 11559 2509 1925 1072
cat_boundaries=0 1 2 3 4
cat_threshold=14105 26374 28037 40978
is_linear=0
shrinkage=0.035


Tree=141
num_leaves=15
num_cat=4
split_feature=10 10 0 23 32 16 24 32 23 32 23 22 23 32
split_gain=767.422 213.221 94.3129 48.2762 79.7627 56.4429 47.7566 40.7952 45.8323 35.5304 32.5511 40.2812 37.7981 35.994
threshold=5.6083333333333352 2.6266666666666674 2215.0000000000005 0.81392178276005434 0 77.604436292912808 1.0000000180025095e-35 1 0.96145939372814027 2 1.1677313805959531 0.98843570090211064 0.95000784272717786 3
decision_type=10 8 10 8 1 10 2 1 10 1 10 10 10 1
left_child=1 -1 3 4 6 7 -2 8 -5 -8 11 12 -9 -12
right_child=2 -3 -4 5 -6 -7 9 10 -10 -11 13 -13 -14 -15
leaf_value=-0.056360125603993561 0.19769872858787027 -0.015259262874122662 15.368232635036195 0.010974481397432047 -0.034464085341165893 0.66208923689031629 0.24854484985082126 0.00040004641960206483 -0.037949166338784299 -0.012539228708723493 0.038983755396614958 -0.0090418275652997693 0.025616339873566266 0.00069418504690936804
leaf_weight=1072 413 2509 224 4733 5413 2713 548 6202 6435 3620 3424 10175 3378 2865
leaf_count=1072 413 2509 224 4733 5413 2713 548 6202 6435 3620 3424 10175 3378 2865
internal_value=-0.00121424 -0.0168558 -9.5617e-05 -0.000198402 -0.00237324 0.000346231 0.00102807 -9.4043e-06 -0.0017777 -0.000100647 0.000749453 5.13664e-05 0.00167971 0.00294169
internal_weight=53724 3581 50143 49919 9994 39925 4581 37212 11168 4168 26044 19755 9580 6289
internal_count=53724 3581 50143 49919 9994 39925 4581 37212 11168 4168 26044 19755 9580 6289
cat_boundaries=0 1 2 3 4
cat_threshold=9487 782 256 51424
is_linear=0
shrinkage=0.035


Tree=142
num_leaves=15
num_cat=3
split_feature=11 13 13 13 23 0 22 32 23 32 23 33 23 16
split_gain=756.672 126.281 99.0262 93.9331 44.9109 51.2271 40.6668 38.9758 38.6338 39.0077 33.2826 32.22 39.0715 29.7623
threshold=4.3074175824175827 2.5250000000000004 5.5250000000000012 2375.0000000000005 0.61162371633080947 390.50000000000006 0.97252553542215781 0 1.0107009126407038 1 0.13344941042644634 2 1.2885193123407501 0.52892518762500451
decision_type=10 8 10 10 8 10 10 1 10 1 10 1 8 10
left_child=1 13 -2 4 10 6 8 -8 -6 -10 -4 12 -9 -1
right_child=2 -3 3 -5 5 -7 7 11 9 -11 -12 -13 -14 -15
leaf_value=-0.057887522042318812 -0.010649364176758448 -0.016375765195815347 0.39325635673934084 18.846641408190177 0.0022290535352378527 0.35645900012305337 -0.04187058636066681 -0.0073640832665571587 0.060842134516323865 0.00848342266707852 -0.041432087002076762 -0.011412085372944181 0.036024466521047745 -0.037622521237060051
leaf_weight=785 1522 1152 151 212 14227 4165 3067 6563 1182 1414 3440 11444 4089 311
leaf_count=785 1522 1152 151 212 14227 4165 3067 6563 1182 1414 3440 11444 4089 311
internal_value=-0.00121164 -0.0210652 -0.000342651 -7.42609e-05 -0.000174483 0.000119053 -0.000248387 -0.00113895 0.00108361 0.00500577 -0.00394188 -0.000623671 0.000761226 -0.029564
internal_weight=53724 2248 51476 49954 49742 46151 41986 25163 16823 2596 3591 22096 10652 1096
internal_count=53724 2248 51476 49954 49742 46151 41986 25163 16823 2596 3591 22096 10652 1096
cat_boundaries=0 1 2 3
cat_threshold=6 56544 10
is_linear=0
shrinkage=0.035


Tree=143
num_leaves=15
num_cat=4
split_feature=11 11 0 0 1 23 32 22 23 32 16 33 23 32
split_gain=699.607 117.263 95.6626 82.5305 40.7075 33.1141 37.1794 32.7286 52.2951 37.6894 30.5161 30.2992 34.3353 28.8119
threshold=4.3074175824175827 2.3198717948717955 2320.0000000000005 6.0500000000000007 601.00000000000011 0.61903782367930316 0 0.89875683720729149 0.87913198361864497 1 2.9616717662256096 2 1.3980608637068686 3
decision_type=10 8 10 8 10 8 1 8 10 1 10 1 10 1
left_child=1 -1 3 -2 5 6 -5 8 -7 -10 -8 12 13 -9
right_child=2 -3 -4 4 -6 7 10 11 9 -11 -12 -13 -14 -15
leaf_value=-0.055861458770837653 -0.012025483297694591 -0.018805732993762949 15.920712043523276 -0.00029158643911836535 0.64218822374828144 0.00068023991877773869 0.011786753904070581 0.020635954642594528 0.080423689644191249 0.01595080848114485 -0.099416985271125455 -0.0096888211565029549 0.068189705155205338 -0.011205245961027363
leaf_weight=851 1849 1397 200 1698 2284 7244 227 5287 1207 1463 1419 17093 2203 9302
leaf_count=851 1849 1397 200 1698 2284 7244 227 5287 1207 1463 1419 17093 2203 9302
internal_value=-0.00113607 -0.0202264 -0.000300499 -0.000395858 -0.000123908 -0.00034519 -0.00369961 -8.86905e-05 0.0016796 0.00586168 -0.00741722 -0.000606226 0.000449813 -0.000165479
internal_weight=53724 2248 51476 51276 49427 47143 3344 43799 9914 2670 1646 33885 16792 14589
internal_count=53724 2248 51476 51276 49427 47143 3344 43799 9914 2670 1646 33885 16792 14589
cat_boundaries=0 1 2 3 4
cat_threshold=11535 25828 10 7496
is_linear=0
shrinkage=0.035


Tree=144
num_leaves=15
num_cat=1
split_feature=11 11 0 1 1 23 30 24 32 23 6 0 26 22
split_gain=672.561 120.496 91.0808 80.7861 39.6061 33.6295 29.623 31.6906 33.791 28.8586 28.8546 27.9646 25.012 24.7947
threshold=4.3074175824175827 1.9380303030303032 2505.0000000000005 9.0500000000000025 601.00000000000011 1.2266760128408307 -0.99465740988130902 4.5000000000000009 0 1.3432425005682946 56.550000000000004 6.0500000000000007 232.50000000000003 1.0353966155003691
decision_type=10 8 10 8 10 8 2 2 1 8 10 10 2 10
left_child=1 -1 3 11 6 -3 -5 10 -9 -6 -8 -2 -12 -14
right_child=2 5 -4 4 9 -7 7 8 -10 -11 12 -13 13 -15
leaf_value=-0.057406308548323369 -0.013443885701443172 -0.023535865427561635 22.36348712199997 -0.043986234011021183 0.10491340717607757 -0.011028293399237873 -0.0025946672107352246 -0.057933513345915441 -0.0059597254337933597 1.6238070674678893 0.010455536554773631 -0.0043825316738778592 0.10315288581713987 0.025936984445280802
leaf_weight=639 2063 1038 149 1606 1402 571 17165 2453 7547 926 11360 1680 2935 2190
leaf_count=639 2063 1038 149 1606 1402 571 17165 2453 7547 926 11360 1680 2935 2190
internal_value=-0.0011048 -0.0198225 -0.000285542 -0.000366146 2.35349e-05 -0.0146375 -0.000205696 -3.36731e-05 -0.00176312 0.00447064 0.000480464 -0.0053135 0.00152608 0.00355458
internal_weight=53724 2248 51476 51327 47584 1609 45256 43650 10000 2328 33650 3743 16485 5125
internal_count=53724 2248 51476 51327 47584 1609 45256 43650 10000 2328 33650 3743 16485 5125
cat_boundaries=0 1
cat_threshold=1066
is_linear=0
shrinkage=0.035


Tree=145
num_leaves=15
num_cat=1
split_feature=10 11 0 0 16 23 23 13 13 0 22 26 32 23
split_gain=640.324 117.909 99.1615 89.1423 39.041 33.5904 31.1672 30.6799 27.1934 24.6496 24.613 34.293 33.2516 32.5688
threshold=4.0071428571428589 1.9380303030303032 6.0500000000000007 2505.0000000000005 55.946402922801475 1.3348314871537228 0.58652917209224187 95.175000000000011 14.525000000000002 3.0500000000000003 0.89875683720729149 318.50000000000006 0 0.87913198361864497
decision_type=10 8 8 10 10 10 8 10 10 8 10 2 1 10
left_child=1 -1 8 4 6 7 -4 -6 -2 -3 13 12 -12 -8
right_child=2 9 3 -5 5 -7 10 -9 -10 -11 11 -13 -14 -15
leaf_value=-0.05539708774913206 -0.013460766033480237 -0.029879505329486376 -0.038626038073497307 21.580765072729964 -0.35712588395117484 1.121565039650787 0.00073974290508943118 0.18730538078901221 0.16001777728930963 -0.0082496334936491469 -0.02736452750888262 0.0195173025105378 -0.0038971518447515324 0.037340353474451825
leaf_weight=639 1915 645 2224 149 133 1164 7232 4214 63 771 4731 3522 23915 2407
leaf_count=639 1915 645 2224 149 133 1164 7232 4214 63 771 4731 3522 23915 2407
internal_value=-0.00106572 -0.0202015 -0.000302763 3.52141e-06 -7.91168e-05 0.0026967 -0.00042681 0.00127872 -0.00797781 -0.0144828 -0.000211781 -0.000676654 -0.00107745 0.00133917
internal_weight=53724 2055 51669 49691 49542 5511 44031 4347 1978 1416 41807 32168 28646 9639
internal_count=53724 2055 51669 49691 49542 5511 44031 4347 1978 1416 41807 32168 28646 9639
cat_boundaries=0 1
cat_threshold=518
is_linear=0
shrinkage=0.035


Tree=146
num_leaves=15
num_cat=4
split_feature=11 11 1 0 0 23 24 32 32 33 30 30 13 32
split_gain=620.519 136.378 83.1474 67.0359 36.4991 32.5701 32.4349 57.1328 36.0071 29.9129 27.4019 25.3954 23.6815 22.6972
threshold=4.3074175824175827 1.9380303030303032 1204.0000000000002 6.0500000000000007 2505.0000000000005 1.2432593980711137 5.5000000000000009 0 1 2 -0.70289845916694649 -0.33426211444629356 14.525000000000002 3
decision_type=10 8 10 8 8 8 2 1 1 1 2 2 10 1
left_child=1 -1 3 12 11 -3 8 -8 9 -5 -11 -4 -2 -9
right_child=2 5 4 6 -6 -7 7 13 -10 10 -12 -13 -14 -15
leaf_value=-0.053458189677912431 -0.012081755439896215 -0.021666327451064959 -1.6365548149435798 0.040609120973771951 15.069759201216289 -0.010309588147413052 -0.82427242392608835 0.0043090898400933676 -0.0058461813145357236 -0.01552275863817724 0.0092172115250892268 4.0233553650024971 0.15435838279773292 -0.039989714449131707
leaf_weight=639 1786 1060 150 6031 233 549 240 2012 21684 4825 12319 333 62 1801
leaf_count=639 1786 1060 150 6031 233 549 240 2012 21684 4825 12319 333 62 1801
internal_value=-0.00103575 -0.0190146 -0.00024883 -0.000416429 0.0115534 -0.0135099 -0.000168857 -0.00316535 0.000102198 0.00106102 0.000314121 0.00595287 -0.00695089 -0.0020755
internal_weight=53724 2248 51476 50760 716 1609 48912 4053 44859 23175 17144 483 1848 3813
internal_count=53724 2248 51476 50760 716 1609 48912 4053 44859 23175 17144 483 1848 3813
cat_boundaries=0 1 2 3 4
cat_threshold=1024 15784 2 10704
is_linear=0
shrinkage=0.035


Tree=147
num_leaves=15
num_cat=3
split_feature=11 11 0 1 1 23 24 16 30 32 32 23 24 32
split_gain=608.608 140.178 81.802 64.3283 33.4743 30.1617 27.2457 33.761 28.1493 32.7137 27.0444 25.4035 24.7404 25.4111
threshold=4.3074175824175827 1.9380303030303032 2505.0000000000005 9.0500000000000025 881.00000000000011 1.2432593980711137 4.5000000000000009 1.9663841604998762 -0.99864786094873803 0 1 1.1846489429136062 5.5000000000000009 2
decision_type=10 8 10 8 10 8 2 8 2 1 1 8 2 1
left_child=1 -1 3 -2 6 -3 8 -8 -5 -10 -9 -6 -12 -14
right_child=2 5 -4 4 11 -7 7 10 9 -11 12 -13 13 -15
leaf_value=-0.051587153039185499 -0.0082499734973941769 -0.02090800599027768 20.297996723141843 -0.067655579071143113 0.025881085038625431 -0.0099487525622536013 0.01143843817225978 -0.0073621747904473005 0.029458716757896967 -0.00022113150728040324 -0.02551361085413266 2.9433449194372683 -0.053167766897977684 -0.22668704476759904
leaf_weight=639 3743 1060 149 584 550 549 1003 5004 6487 28764 2951 647 1186 408
leaf_count=639 3743 1060 149 584 550 549 1003 5004 6487 28764 2951 647 1186 408
internal_value=-0.00102273 -0.0188282 -0.000243391 -0.000319781 2.79476e-05 -0.0132497 -0.000121465 -0.00168419 0.000338867 0.000465595 -0.00232625 0.00579451 -0.00427522 -0.00779237
internal_weight=53724 2248 51476 51327 47584 1609 46387 10552 35835 35251 9549 1197 4545 1594
internal_count=53724 2248 51476 51327 47584 1609 46387 10552 35835 35251 9549 1197 4545 1594
cat_boundaries=0 1 2 3
cat_threshold=1064 27092 36872
is_linear=0
shrinkage=0.035


Tree=148
num_leaves=15
num_cat=2
split_feature=11 11 0 1 1 0 23 24 32 32 23 30 6 20
split_gain=585.818 145.012 81.8631 59.2557 32.7353 31.2261 30.3288 26.3659 32.77 26.4638 24.0208 21.0285 29.4382 26.8297
threshold=4.3074175824175827 1.9380303030303032 2505.0000000000005 9.0500000000000025 951.00000000000011 2.9500000000000006 1.1755379800227557 4.5000000000000009 0 1 0.48712384133508008 -0.6391983530350368 56.550000000000004 829.2261904761906
decision_type=10 8 10 8 10 8 8 2 1 1 8 2 10 10
left_child=1 -1 3 10 7 -3 -6 9 -9 -5 -2 -11 -13 -14
right_child=2 5 -4 4 6 -7 -8 8 -10 11 -12 12 13 -15
leaf_value=-0.049781602682814008 -0.041068938910025304 -0.029546667232449642 19.587566837831883 0.10829627789869822 -0.11513636002907447 -0.011357258009988108 3.6325328029355441 0.0039959103068219906 -0.029923377152465604 -0.010113905946626929 -0.0057892763192325374 -0.0022454753659600524 -0.038987765259544248 0.051522598709613454
leaf_weight=639 221 475 149 2392 444 1134 538 4604 6002 10370 3522 12307 1426 9501
leaf_count=639 221 475 149 2392 444 1134 538 4604 6002 10370 3522 12307 1426 9501
internal_value=-0.00101751 -0.0184865 -0.000252909 -0.000329327 4.41278e-06 -0.012816 0.00631206 -0.000129165 -0.00166243 0.000322769 -0.00456644 6.87111e-05 0.000653643 0.00197539
internal_weight=53724 2248 51476 51327 47584 1609 982 46602 10606 35996 3743 33604 23234 10927
internal_count=53724 2248 51476 51327 47584 1609 982 46602 10606 35996 3743 33604 23234 10927
cat_boundaries=0 1 2
cat_threshold=10705 1024
is_linear=0
shrinkage=0.035


Tree=149
num_leaves=15
num_cat=2
split_feature=10 11 0 0 23 16 24 0 22 23 32 32 26 19
split_gain=579.8 133.151 82.0433 70.9319 34.431 37.9049 34.3377 30.4199 26.3431 34.7331 33.824 33.0034 27.4151 25.8468
threshold=4.0071428571428589 1.9380303030303032 2505.0000000000005 6.0500000000000007 0.58652917209224187 77.604436292912808 5.5000000000000009 2.9500000000000006 0.90342656680102584 0.87913198361864497 0 1 312.50000000000006 44.01250000000001
decision_type=10 8 10 8 8 10 2 8 10 10 1 1 2 8
left_child=1 -1 3 -2 -5 8 -7 -3 9 -6 -11 13 -13 -10
right_child=2 7 -4 4 5 6 -8 -9 11 10 -12 12 -14 -15
leaf_value=-0.048039246588915514 -0.011096703356627994 -0.028512533879313906 18.902001998507775 -0.040443168202780294 0.000998980990173386 0.58960940447200061 -1.1084528753491054 -0.010035768933452727 -0.03158139603930047 0.0018916733532462794 0.067604055796628273 -0.0041253226620645211 0.020547715065287939 -0.030225953202223047
leaf_weight=639 1978 479 149 2863 7656 3078 289 937 1560 1168 1516 25615 3582 2215
leaf_count=639 1978 479 149 2863 7656 3078 289 937 1560 1168 1516 25615 3582 2215
internal_value=-0.00100709 -0.019216 -0.000281089 -0.000357302 -9.74832e-05 0.000131201 0.00370552 -0.0131527 -0.000147055 0.00139391 0.00481592 -0.000630439 -0.000231241 -0.00370317
internal_weight=53724 2055 51669 51520 49542 46679 3367 1416 43312 10340 2684 32972 29197 3775
internal_count=53724 2055 51669 51520 49542 46679 3367 1416 43312 10340 2684 32972 29197 3775
cat_boundaries=0 1 2
cat_threshold=35355 6
is_linear=0
shrinkage=0.035


Tree=150
num_leaves=15
num_cat=2
split_feature=13 0 0 17 6 23 26 23 13 22 23 32 32 23
split_gain=574.684 136.278 81.5007 55.9146 34.6922 35.5417 28.8761 28.263 27.3216 25.6902 41.5797 54.2022 41.6024 33.3433
threshold=2.5250000000000004 6.0500000000000007 2505.0000000000005 0.40451991747787536 113.10000000000001 1.5389900385948792 232.50000000000003 0.45127034967168128 14.525000000000002 0.98403405614846051 0.876210869786887 0 1 1.0506516060684483
decision_type=8 8 10 10 10 10 2 8 10 8 8 1 1 8
left_child=3 8 4 -1 7 6 -6 -3 -2 -9 11 -11 13 -12
right_child=1 2 -4 -5 5 -7 -8 9 -10 10 12 -13 -14 -15
leaf_value=-0.046311545595735533 -0.011220145242612084 -0.069178131959852326 18.24043192856 -0.027514595193537925 -0.0022498712348766503 1.0614029195345842 0.12508874376614246 0.0020555287102246213 0.14964717804173011 -0.0056042965691421205 -0.018286702515753161 -0.098850799567854739 -0.017910453306940091 0.011316368708688103
leaf_weight=584 2627 518 150 519 10893 648 4307 13980 63 804 1867 688 8663 7413
leaf_count=584 2627 518 150 519 10893 648 4307 13980 63 804 1867 688 8663 7413
internal_value=-0.000988851 -0.000463554 -4.97637e-05 -0.0259341 -0.000128651 0.00122311 0.000879316 -0.000760062 -0.00812987 -0.000633603 -0.00145653 -0.00706079 -0.00098869 0.000640129
internal_weight=53724 52621 49931 1103 49781 15848 15200 33933 2690 33415 19435 1492 17943 9280
internal_count=53724 52621 49931 1103 49781 15848 15200 33933 2690 33415 19435 1492 17943 9280
cat_boundaries=0 1 2
cat_threshold=30473 39160
is_linear=0
shrinkage=0.035


Tree=151
num_leaves=15
num_cat=2
split_feature=11 13 10 0 23 32 24 0 22 22 26 16 32 22
split_gain=568.049 146.492 78.4456 43.364 32.7925 67.228 41.5411 41.1412 32.7057 31.6557 31.3472 31.2508 30.2404 30.4337
threshold=2.3198717948717955 5.5250000000000012 2443.4033333333341 3.0500000000000003 0.81392178276005434 0 1.0000000180025095e-35 491.00000000000006 0.88466496236754721 0.90342656680102584 318.50000000000006 3.1415135114732835 1 1.1807271279209666
decision_type=8 10 10 8 8 1 2 10 10 10 2 10 1 10
left_child=-1 3 4 -2 5 8 -7 9 11 -6 -11 -3 -8 -14
right_child=1 2 -4 -5 7 6 12 -9 -10 10 -12 -13 13 -15
leaf_value=-0.041236968027987694 -0.027149688933178397 0.0060980590937169061 17.602016811060395 -0.0069279411897955308 0.018455782554163407 0.14009948898998933 0.23509667548059804 0.58104338169828396 -0.07944678232769456 -0.0058076008854807395 0.019303497422241609 -0.054744922424032116 -0.0057765532191775479 -0.34723311613346836
leaf_weight=851 549 750 177 2316 6260 459 544 2681 1168 27554 3415 2418 4436 146
leaf_count=851 549 750 177 2316 6260 459 544 2681 1168 27554 3415 2418 4436 146
internal_value=-0.000951069 -0.000493116 -5.17865e-05 -0.00818293 -0.000135545 -0.00193583 0.00060625 0.000312163 -0.00519651 1.034e-05 -0.000448602 -0.00335329 -0.000300136 -0.00123341
internal_weight=53724 52873 50008 2865 49831 9921 5585 39910 4336 37229 30969 3168 5126 4582
internal_count=53724 52873 50008 2865 49831 9921 5585 39910 4336 37229 30969 3168 5126 4582
cat_boundaries=0 1 2
cat_threshold=55504 256
is_linear=0
shrinkage=0.035


Tree=152
num_leaves=15
num_cat=1
split_feature=11 13 1 0 23 16 24 23 13 23 22 0 30 32
split_gain=568.049 135.552 66.9311 41.3 33.2777 35.2305 30.7419 28.8792 26.9853 26.8552 38.8185 31.9403 29.8364 25.3949
threshold=2.3198717948717955 5.5250000000000012 2215.0000000000005 3.0500000000000003 0.61903782367930316 26.832815729997368 5.5000000000000009 0.13344941042644634 1.6250000000000002 2.0739180411378979 1.6741816458481436 1907.9000000000003 -0.6523320455745395 0
decision_type=8 10 10 8 8 10 2 10 10 10 10 8 2 1
left_child=8 3 4 -2 7 13 9 -3 -1 10 12 -12 -7 -6
right_child=1 2 -4 -5 5 6 -8 -9 -10 -11 11 -13 -14 -15
leaf_value=-0.043293674981473157 -0.026199449820517147 0.38981838562453869 11.325005391604467 -0.0066854632481526859 -0.023875818814519559 -0.048994305883943282 -0.29064662826420462 -0.034346914306770435 -0.019451566576620009 0.9189090802723493 -0.72101290488179448 0.84340538367719997 0.24033474820056089 -0.0009710097911456118
leaf_weight=569 549 151 220 2316 2007 2288 836 3610 282 464 247 111 5695 34379
leaf_count=569 549 151 220 2316 2007 2288 836 3610 282 464 247 111 5695 34379
internal_value=-0.000951069 -0.000493116 -6.85822e-05 -0.00789024 -0.00015464 0.000104167 0.00198476 -0.00331784 -0.0292348 0.00259421 0.00213456 -0.00906336 0.00264209 -0.000394328
internal_weight=53724 52873 50008 2865 49788 46027 9641 3761 851 8805 8341 358 7983 36386
internal_count=53724 52873 50008 2865 49788 46027 9641 3761 851 8805 8341 358 7983 36386
cat_boundaries=0 1
cat_threshold=2
is_linear=0
shrinkage=0.035


Tree=153
num_leaves=15
num_cat=6
split_feature=11 0 1 23 32 22 32 0 23 32 24 32 32 32
split_gain=562.175 124.81 64.149 32.458 46.7073 46.7063 43.2922 49.4933 44.8769 47.118 34.9011 42.1762 32.7823 30.6052
threshold=2.3198717948717955 6.0500000000000007 2505.0000000000005 0.81392178276005434 0 0.864379516098436 1 1100.5000000000002 0.96395690184805305 2 5.5000000000000009 3 4 5
decision_type=8 8 10 10 1 8 1 10 10 1 2 1 1 1
left_child=-1 -2 3 4 -3 13 8 10 9 -7 -8 -12 -10 -5
right_child=1 2 -4 5 -6 6 7 -9 12 -11 11 -13 -14 -15
leaf_value=-0.038278395522656564 -0.010459610182973053 0.18118036261126558 19.500269092715637 0.070651719408114266 -0.012114886843837136 0.32369557130083826 0.0079439862214403158 4.26462197301574 -0.010462032677068503 -0.0083517793148482171 -0.97214350180059184 -0.014502084191503208 -0.089063095472010689 0.011876365840935215
leaf_weight=851 2890 1083 143 1264 16417 592 17919 435 4266 1826 167 1684 2798 1389
leaf_count=851 2890 1083 143 1264 16417 592 17919 435 4266 1826 167 1684 2798 1389
internal_value=-0.000934132 -0.000478554 -6.93166e-05 -0.000137627 -0.00135161 0.0005194 0.000121413 0.00103684 -0.00182795 0.00228229 0.000778761 -0.00379041 -0.00323808 0.00496426
internal_weight=53724 52873 49983 49840 17500 32340 29687 20205 9482 2418 19770 1851 7064 2653
internal_count=53724 52873 49983 49840 17500 32340 29687 20205 9482 2418 19770 1851 7064 2653
cat_boundaries=0 1 2 3 4 5 6
cat_threshold=256 17158 256 1024 16900 29892
is_linear=0
shrinkage=0.035


Tree=154
num_leaves=15
num_cat=4
split_feature=11 13 1 13 23 32 0 22 32 32 23 32 23 6
split_gain=549.501 101.602 61.7181 35.0223 32.8714 44.9982 35.2909 29.6117 32.7535 28.1276 52.4708 43.732 33.9671 33.2375
threshold=2.3198717948717955 4.5250000000000012 2505.0000000000005 1.6250000000000002 0.66967604380121915 0 491.00000000000006 0.98843570090211064 1 2 0.91228353049667077 3 0.96622150555834307 24.900000000000002
decision_type=8 10 10 10 8 1 10 10 1 1 8 1 10 10
left_child=3 -2 4 -1 5 -3 7 8 -6 12 11 -11 13 -9
right_child=1 2 -4 -5 6 -7 -8 9 -10 10 -12 -13 -14 -15
leaf_value=-0.040438652513828617 -0.011615225213318177 -0.048221996373171941 18.817759674470594 -0.017431017903145336 0.014570347423784755 -0.00052297984831199077 0.51006148413544938 -0.037979221536053966 -0.0025322338384720314 -0.06824567312062961 0.0018726584029741123 -0.008134197404312038 -0.043907336698105544 0.039858171930565518
leaf_weight=569 1831 2066 143 282 8371 2979 2968 469 10319 644 16064 952 4228 1839
leaf_count=569 1831 2066 143 282 8371 2979 2968 469 10319 644 16064 952 4228 1839
internal_value=-0.000844237 -0.000393831 -0.000102846 -0.0286624 -0.000168454 -0.00284851 0.000126693 -0.000128931 0.000917358 -0.000937151 -0.000209901 -0.00625234 -0.00289574 0.000514483
internal_weight=53724 52873 51042 851 50899 5045 45854 42886 18690 24196 17660 1596 6536 2308
internal_count=53724 52873 51042 851 50899 5045 45854 42886 18690 24196 17660 1596 6536 2308
cat_boundaries=0 1 2 3 4
cat_threshold=22737 25989 16646 37088
is_linear=0
shrinkage=0.035


Tree=155
num_leaves=15
num_cat=2
split_feature=11 0 1 13 23 22 23 32 29 3 23 22 1 32
split_gain=546.326 96.3291 61.3477 36.2445 30.8545 39.2274 39.3824 28.5564 29.3343 36.094 25.571 24.6518 24.029 20.9076
threshold=2.3198717948717955 6.0500000000000007 2505.0000000000005 1.6250000000000002 2.0739180411378979 1.6741816458481436 0.41301601441261887 0 -0.27694604220087021 720.50000000000011 0.61903782367930316 0.64433746342902809 3.0500000000000003 1
decision_type=8 8 10 10 10 8 10 1 2 10 8 10 8 1
left_child=3 12 4 -1 5 7 -7 8 9 -3 11 -9 -2 -13
right_child=1 2 -4 -5 -6 6 -8 10 -10 -11 -12 13 -14 -15
leaf_value=-0.039023299675844614 -0.02081798899901588 0.02872845225927699 18.159138085864122 -0.016820932276535246 0.11990498206619067 0.091735682445067482 -0.33761523522603315 -0.0027029602908364759 -3.0778567238427537e-05 2.3298223037749342 -0.0020819533873898924 -0.13328992357679023 -0.0081724363084446638 -0.058990518863849234
leaf_weight=569 439 4608 143 282 855 273 499 1257 7928 342 32693 292 2451 1093
leaf_count=569 439 4608 143 282 855 273 499 1257 7928 342 32693 292 2451 1093
internal_value=-0.000842934 -0.000393831 -3.43082e-05 -0.0285806 -0.000101113 -0.000216473 -0.00801802 -9.07338e-05 0.00131932 0.0034329 -0.00060495 -0.00391386 -0.00660104 -0.0071259
internal_weight=53724 52873 49983 851 49840 48985 772 48213 12878 4950 35335 2642 2890 1385
internal_count=53724 52873 49983 851 49840 48985 772 48213 12878 4950 35335 2642 2890 1385
cat_boundaries=0 1 2
cat_threshold=3456 20544
is_linear=0
shrinkage=0.035


Tree=156
num_leaves=15
num_cat=4
split_feature=11 1 1 13 6 23 32 32 0 23 22 23 32 32
split_gain=547.507 89.5399 61.7086 36.2445 29.5019 30.0715 34.5114 28.6434 28.0234 25.3563 27.7379 33.9889 67.4968 41.1115
threshold=2.3198717948717955 4.9500000000000011 2505.0000000000005 1.6250000000000002 118.10000000000001 1.1930930194640521 0 1 4.9500000000000011 0.58652917209224187 0.98262554735602625 0.91228353049667077 2 3
decision_type=8 8 10 10 10 10 1 1 10 8 8 8 1 1
left_child=3 8 4 -1 9 7 -7 -6 -2 -3 -11 12 -12 -13
right_child=1 2 -4 -5 5 6 -8 -9 -10 10 11 13 -14 -15
leaf_value=-0.03765748418719006 -0.014369726667855085 -0.028184654819374339 17.52356825285888 -0.016232199646856516 0.09443666153099696 -0.32783263530573425 0.485164545642364 -0.017551045671888518 8.8826658326102162e-05 0.0023869447518152635 0.022814423162387965 0.0037640289883545111 -0.044274862367647896 -0.016213937168922065
leaf_weight=569 1324 1685 143 282 4092 403 2037 9051 367 13666 714 9313 1421 8657
leaf_count=569 1324 1685 143 282 4092 403 2037 9051 367 13666 714 9313 1421 8657
internal_value=-0.000812969 -0.000363384 -0.000101198 -0.0285806 -0.000166621 0.00110245 0.00466667 0.00043923 -0.00827535 -0.000724458 -0.000515011 -0.00134187 -0.00551168 -0.000845063
internal_weight=53724 52873 51182 851 51039 15583 2440 13143 1691 35456 33771 20105 2135 17970
internal_count=53724 52873 51182 851 51039 15583 2440 13143 1691 35456 33771 20105 2135 17970
cat_boundaries=0 1 2 3 4
cat_threshold=258 5408 9992 39160
is_linear=0
shrinkage=0.035


Tree=157
num_leaves=15
num_cat=2
split_feature=11 11 13 13 24 32 16 30 23 2 6 32 22 23
split_gain=529.137 86.1876 54.1489 43.9671 33.6649 41.955 35.679 31.5845 28.6313 28.4387 25.6223 20.8663 20.6034 21.5195
threshold=2.3198717948717955 4.3074175824175827 2610.0000000000005 1.6250000000000002 4.5000000000000009 0 77.604436292912808 -0.99864786094873803 0.89675329827265726 18.550000000000004 10.950000000000001 1 1.028564740502943 1.1030205278592378
decision_type=8 10 10 10 2 1 10 2 8 10 8 1 8 10
left_child=3 -2 4 -1 6 10 7 11 -8 12 -6 -3 -9 -14
right_child=1 2 -4 -5 5 -7 8 9 -10 -11 -12 -13 13 -15
leaf_value=-0.036339472240638403 -0.011320074183348901 0.0020186373882438028 20.999545305260316 -0.015664072659216544 -0.025979711606982363 -0.00041760730033850283 -0.068049190829861328 -0.00024798983063509808 0.942651597321707 0.0078166868850422511 -0.030660086606080227 -0.085888922260800679 -0.019030928752459594 -0.0044916389835885084
leaf_weight=569 1397 232 140 282 410 6922 972 7670 2002 23722 4422 369 2126 2489
leaf_count=569 1397 232 140 282 410 6922 972 7670 2002 23722 4422 369 2126 2489
internal_value=-0.000792123 -0.000350146 -0.000116936 -0.02809 -0.000177246 -0.00182158 0.000311213 1.14713e-05 0.00399463 0.000144813 -0.00431813 -0.00791254 -0.00122172 -0.00306818
internal_weight=53724 52873 51476 851 51336 11754 39582 36608 2974 36007 4832 601 12285 4615
internal_count=53724 52873 51476 851 51336 11754 39582 36608 2974 36007 4832 601 12285 4615
cat_boundaries=0 1 2
cat_threshold=37930 4375
is_linear=0
shrinkage=0.035


Tree=158
num_leaves=15
num_cat=3
split_feature=11 13 13 13 24 32 32 22 23 22 23 33 26 30
split_gain=523.117 81.0116 53.9885 46.6895 29.5751 46.9518 34.9469 28.3257 26.5646 27.9541 37.7402 26.6789 34.4841 33.5225
threshold=2.3198717948717955 4.5250000000000012 2610.0000000000005 1.6250000000000002 5.5000000000000009 0 1 0.61968439436793876 2.1938679142639539 1.6741816458481436 0.5029595298864088 2 314.50000000000006 -0.9292178835113839
decision_type=8 10 10 10 2 1 1 10 10 10 10 1 2 2
left_child=3 -2 4 -1 6 -6 7 -3 9 11 -11 12 -8 -13
right_child=1 2 -4 -5 5 -7 8 -9 -10 10 -12 13 -14 -15
leaf_value=-0.035067590712216053 -0.01015020833801546 -0.2671447749967033 20.264561219576208 -0.015115830116143964 -0.12143501509530308 -0.012328964501627715 0.0039640382955739824 0.13678739435239451 0.1429953154881467 0.15162418034238598 -0.27633253207195757 -0.021958461642721604 0.078262453663185599 -0.0013136623514807422
leaf_weight=569 1831 213 140 282 489 3704 10220 2921 597 196 482 4168 1146 26766
leaf_count=569 1831 213 140 282 489 3704 10220 2921 597 196 482 4168 1146 26766
internal_value=-0.000784306 -0.00034485 -8.50197e-05 -0.0279264 -0.000145756 -0.00295974 0.000107141 0.00366783 -0.000150149 -0.000252425 -0.00727672 -0.000138991 0.00131008 -0.00067175
internal_weight=53724 52873 51042 851 50902 4193 46709 3134 43575 42978 678 42300 11366 30934
internal_count=53724 52873 51042 851 50902 4193 46709 3134 43575 42978 678 42300 11366 30934
cat_boundaries=0 1 2 3
cat_threshold=1056 1024 2
is_linear=0
shrinkage=0.035


Tree=159
num_leaves=15
num_cat=4
split_feature=10 0 13 33 23 32 9 32 23 16 32 13 23 8
split_gain=520.623 104.543 52.1592 32.0866 42.0731 34.5919 34.2082 29.0706 29.9433 41.6693 38.4703 28.1621 23.9791 25.2818
threshold=1.8708333333333333 3.0500000000000003 2610.0000000000005 0 1.3980608637068686 1 2377.5000000000005 2 0.87342900336198936 2.9100400772718875 3 7.4500000000000011 1.0506516060684483 469.22269785383003
decision_type=8 8 10 1 10 1 10 1 8 8 1 8 10 2
left_child=-1 11 3 4 7 -6 -5 12 9 -9 -11 -2 13 -3
right_child=1 2 -4 6 5 -7 -8 8 -10 10 -12 -13 -14 -15
leaf_value=-0.033840225037288486 -0.017302939855331198 0.30843775033600457 19.555301576891043 -0.010275969618758315 -0.059736147920388311 0.087400815502233734 0.0020666120315163817 0.0090496587562953253 0.003303699576598085 -0.077584835491800883 -0.025825685797462861 0.059101928729458922 -0.071029363422101366 -0.3955887210632611
leaf_weight=648 729 1755 140 16200 489 2120 9421 936 14467 1208 4222 50 1020 319
leaf_count=648 729 1755 140 16200 489 2120 9421 936 14467 1208 4222 50 1020 319
internal_value=-0.000776489 -0.000394303 -0.000204103 -0.000262356 0.000590562 0.00480681 -0.00114546 0.00013016 -0.0003408 -0.00234029 -0.0035161 -0.0130804 0.00328723 0.00545455
internal_weight=53724 53076 52297 52157 26536 2609 25621 23927 20833 6366 5430 779 3094 2074
internal_count=53724 53076 52297 52157 26536 2609 25621 23927 20833 6366 5430 779 3094 2074
cat_boundaries=0 1 2 3 4
cat_threshold=10 770 1280 16608
is_linear=0
shrinkage=0.035


Tree=160
num_leaves=15
num_cat=2
split_feature=10 0 13 23 32 19 4 24 1 22 23 23 22 32
split_gain=520.273 107.331 47.5031 30.3098 36.5674 33.6612 27.63 27.0997 43.4224 36.379 44.4895 43.5777 38.4413 37.2588
threshold=1.8708333333333333 3.0500000000000003 2610.0000000000005 1.5204589447365311 0 4.1375000000000011 250.50000000000003 1.0000000180025095e-35 27.100000000000005 1.105689447222493 0.90503749086025886 0.73525604905317465 0.79375166624291482 1
decision_type=8 8 10 10 1 10 8 2 10 8 8 10 10 1
left_child=-1 -2 3 5 6 -3 -5 8 -7 11 -11 13 -13 -9
right_child=1 2 -4 4 -6 7 -8 9 -10 10 -12 12 -14 -15
leaf_value=-0.03265581716098339 -0.015425448224532652 -0.010613770436540791 18.870866021699861 0.043930962630758436 0.0037467706545274652 -0.0057946166241983309 1.7177748397794723 0.0077689376353314438 0.041456627350188645 -0.12648169034941495 -0.016296978982505452 0.042318572221819138 0.00084454919614118673 -0.025353389462158822
leaf_weight=648 779 796 140 866 2184 2771 249 2314 4874 699 7857 1704 21591 6252
leaf_count=648 779 796 140 866 2184 2771 249 2314 4874 699 7857 1704 21591 6252
internal_value=-0.000786912 -0.000404853 -0.000212133 -0.000267724 0.00297669 -0.000487076 0.00808407 -0.000368444 0.00154183 -0.000729924 -0.00275552 -0.000185621 0.000599356 -0.00231945
internal_weight=53724 53076 52297 52157 3299 48858 1115 48062 7645 40417 8556 31861 23295 8566
internal_count=53724 53076 52297 52157 3299 48858 1115 48062 7645 40417 8556 31861 23295 8566
cat_boundaries=0 1 2
cat_threshold=19680 8455
is_linear=0
shrinkage=0.035


Tree=161
num_leaves=15
num_cat=2
split_feature=11 1 13 1 23 0 30 24 32 6 16 26 32 22
split_gain=516.432 74.4721 49.4861 45.6865 33.7744 28.7433 26.5972 24.7891 37.1307 28.3339 22.7621 22.6018 28.8888 27.2896
threshold=2.3198717948717955 4.9500000000000011 1.6250000000000002 1204.0000000000002 1.1755379800227557 3.0500000000000003 -0.99465740988130902 4.5000000000000009 0 56.550000000000004 239.98137122318215 232.50000000000003 1 1.0353966155003691
decision_type=8 8 10 10 8 8 2 2 1 10 8 2 1 10
left_child=2 5 -1 6 -5 -2 -3 9 -9 10 -8 -11 -13 -14
right_child=1 3 -4 4 -6 -7 7 8 -10 11 -12 12 13 -15
leaf_value=-0.031512863560348971 -0.02142227888525176 -0.029384283979125493 -0.012259414585139407 -0.15130173596240357 6.668727339046197 -0.0068466891278031478 -0.0018832429327934809 -0.027319686124285029 0.00069701227411885121 0.0094117638783978216 -0.56909000792435471 0.29875745609419885 0.062464805819059353 -0.072851565326200005
leaf_weight=569 431 1804 282 286 432 1260 19662 4551 6652 12171 79 1771 2297 1477
leaf_count=569 431 1804 282 286 432 1260 19662 4551 6652 12171 79 1771 2297 1477
internal_value=-0.000794729 -0.000358088 -0.0277629 -0.000118976 0.00861687 -0.0075737 -0.00024411 -8.91811e-05 -0.00153328 0.000342881 -0.000568976 0.00135884 0.00320991 0.00145949
internal_weight=53724 52873 851 51182 718 1691 50464 48660 11203 37457 19741 17716 5545 3774
internal_count=53724 52873 851 51182 718 1691 50464 48660 11203 37457 19741 17716 5545 3774
cat_boundaries=0 1 2
cat_threshold=37930 3592
is_linear=0
shrinkage=0.035


Tree=162
num_leaves=15
num_cat=4
split_feature=11 0 13 13 33 23 32 9 32 23 16 32 11 23
split_gain=511.279 71.9378 50.2243 45.1398 28.622 36.4954 32.8302 30.5804 25.0477 29.4008 38.7163 34.098 23.7868 22.1896
threshold=2.3198717948717955 3.0500000000000003 1.6250000000000002 2610.0000000000005 0 1.3980608637068686 1 2377.5000000000005 2 0.86160117556508353 2.9100400772718875 3 9.6825757575757603 0.95420840279809649
decision_type=8 8 10 10 1 10 1 10 1 8 8 1 10 10
left_child=2 12 -1 4 5 8 -7 -6 13 10 -10 -12 -2 -3
right_child=1 3 -4 -5 7 6 -8 -9 9 -11 11 -13 -14 -15
leaf_value=-0.030409913335736765 -0.020672499124267954 0.28652011323862814 -0.011830335074659529 18.096330762886399 -0.0096525829070703804 -0.0086109069967471013 0.12029194318789217 0.0021090707348651464 0.0091102292866713126 0.0029393252078554013 -0.075586273963294093 -0.025773125696958048 0.098983223462575778 -0.0001169900982650063
leaf_weight=569 566 1613 282 140 16174 981 1626 9418 851 14784 1136 4053 50 1481
leaf_count=569 566 1613 282 140 16174 981 1626 9418 851 14784 1136 4053 50 1481
internal_value=-0.000766067 -0.000331612 -0.0275993 -0.000190865 -0.000245098 0.000560475 0.0044889 -0.00107978 0.000131672 -0.000305677 -0.00236228 -0.0034973 -0.0121739 0.00306208
internal_weight=53724 52873 851 52257 52117 26525 2607 25592 23918 20824 6040 5189 616 3094
internal_count=53724 52873 851 52257 52117 26525 2607 25592 23918 20824 6040 5189 616 3094
cat_boundaries=0 1 2 3 4
cat_threshold=10 4871 1280 16608
is_linear=0
shrinkage=0.035


Tree=163
num_leaves=15
num_cat=2
split_feature=11 0 13 13 23 22 32 26 23 3 32 23 22 4
split_gain=511.875 68.0757 50.2243 45.084 28.3438 30.5476 48.7718 31.995 34.7 31.236 27.0553 23.9095 28.6234 25.7551
threshold=2.3198717948717955 3.0500000000000003 1.6250000000000002 2610.0000000000005 0.56557122334409937 0.77030831769964714 0 312.50000000000006 0.93028312694130721 720.50000000000011 1 2.0739180411378979 1.6741816458481436 64.90000000000002
decision_type=8 8 10 10 8 8 1 2 8 10 1 10 8 10
left_child=2 -2 -1 4 -3 6 -6 11 10 -10 -9 12 -7 -13
right_child=1 3 -4 -5 5 7 -8 8 9 -11 -12 13 -14 -15
leaf_value=-0.02934556636898597 -0.017330063713401327 -0.030616936885103495 -0.011416273347046452 17.46295918618538 0.07554847793016084 -0.0036627964876269209 0.0059129830700285881 -0.032122780120685521 0.020114371515039545 2.4350783366591342 0.013797615399285746 0.00082156368933862479 -0.25318865889944991 1.5554904283776982
leaf_weight=569 616 2801 282 140 739 38652 3291 519 3888 350 504 439 643 291
leaf_count=569 616 2801 282 140 739 38652 3291 519 3888 350 504 439 643 291
internal_value=-0.000750433 -0.000315727 -0.0275993 -0.000178811 -0.000233011 -3.83204e-05 0.0028798 -0.000298293 0.00226643 0.0036625 -0.00350681 -0.000635648 -0.000752545 0.00561905
internal_weight=53724 52873 851 52257 52117 49316 4030 45286 5261 4238 1023 40025 39295 730
internal_count=53724 52873 851 52257 52117 49316 4030 45286 5261 4238 1023 40025 39295 730
cat_boundaries=0 1 2
cat_threshold=8324 55506
is_linear=0
shrinkage=0.035


Tree=164
num_leaves=15
num_cat=3
split_feature=10 0 13 23 32 19 29 32 5 11 23 22 32 23
split_gain=511.975 95.4279 42.7628 27.6349 30.9188 25.6094 24.4622 30.6599 24.4186 23.9302 23.7889 25.8269 32.9705 25.6447
threshold=1.8708333333333333 3.0500000000000003 2610.0000000000005 1.5204589447365311 0 510.12500000000006 -0.099819732675876835 1 361.00000000000006 9.6825757575757603 0.56557122334409937 0.77030831769964714 2 0.79859216348272577
decision_type=8 8 10 10 1 10 2 1 10 10 8 8 1 10
left_child=-1 9 3 6 5 -5 7 8 -3 -2 -8 12 -12 -14
right_child=1 2 -4 4 -6 -7 10 -9 -10 -11 11 -13 13 -15
leaf_value=-0.028318471546071457 -0.013697405651991823 0.0081647754948828144 16.851755614668892 0.050001152713641667 0.0040847730137382682 5.4211423650748483 -0.046055119162737183 -0.0033865373997236593 0.57050188953068193 0.096125362871354716 0.033601615852736681 -0.0069101114342390267 -0.03023112313441223 0.067734638162282257
leaf_weight=648 729 8327 140 997 2184 118 1897 11410 1374 50 1041 23300 1235 274
leaf_count=648 729 8327 140 997 2184 118 1897 11410 1374 50 1041 23300 1235 274
internal_value=-0.000713953 -0.00033496 -0.000153245 -0.000205993 0.00289195 0.0075885 -0.000415447 0.000482336 0.00192723 -0.0124554 -0.00109848 -0.000820344 0.00252055 -0.000803806
internal_weight=53724 53076 52297 52157 3299 1115 48858 21111 9701 779 27747 25850 2550 1509
internal_count=53724 53076 52297 52157 3299 1115 48858 21111 9701 779 27747 25850 2550 1509
cat_boundaries=0 1 2 3
cat_threshold=19680 11660 41095
is_linear=0
shrinkage=0.035


Tree=165
num_leaves=15
num_cat=1
split_feature=10 0 0 23 22 23 6 23 16 24 13 23 22 32
split_gain=512.538 84.766 42.1001 26.1654 28.6357 34.4409 27.4641 28.002 26.9372 24.1966 22.4792 22.254 21.6742 40.4036
threshold=1.8708333333333333 3.0500000000000003 2680.0000000000005 2.0739180411378979 1.6741816458481436 0.41301601441261887 4.0500000000000007 0.54484478475140519 90.706223711825999 5.5000000000000009 7.4500000000000011 0.13344941042644634 0.77030831769964714 0
decision_type=8 8 10 10 8 10 8 8 10 2 8 10 10 1
left_child=-1 10 3 4 6 -6 -3 11 12 -10 -2 -8 13 -9
right_child=1 2 -4 -5 5 -7 7 8 9 -11 -12 -13 -14 -15
leaf_value=-0.027327325041958953 -0.014282033872750059 -0.008758324434107255 16.142593659342829 0.10201244718107096 0.093836116795663352 -0.29566647962099185 0.57741550940854369 0.062233947456428629 0.64117922530922111 -1.1123557068565386 0.051416917122715851 -0.03720732175528392 -0.0019832683477471495 0.0020570510819974785
leaf_weight=648 729 1144 131 856 282 513 118 701 2251 223 50 2322 40529 3227
leaf_count=648 729 1144 131 856 282 513 118 701 2251 223 50 2322 40529 3227
internal_value=-0.000697017 -0.000317816 -0.000146553 -0.000197236 -0.000298743 -0.00686875 -0.000194675 -7.01758e-05 0.000120057 0.00367084 -0.0117411 -0.00372188 -7.79317e-05 0.00240275
internal_weight=53724 53076 52297 52166 51310 795 50515 49371 46931 2474 779 2440 44457 3928
internal_count=53724 53076 52297 52166 51310 795 50515 49371 46931 2474 779 2440 44457 3928
cat_boundaries=0 1
cat_threshold=8324
is_linear=0
shrinkage=0.035


Tree=166
num_leaves=15
num_cat=3
split_feature=10 0 0 24 32 2 30 32 22 11 32 6 6 16
split_gain=512.798 87.5562 42.0537 25.2118 40.2234 31.0666 25.0945 23.2986 23.1513 20.2101 19.5311 19.2174 18.6109 27.53
threshold=1.8708333333333333 3.0500000000000003 2680.0000000000005 4.5000000000000009 0 461.50000000000006 -0.99864786094873803 1 0.65532947738070646 9.6825757575757603 2 10.950000000000001 55.100000000000009 185.0096518102703
decision_type=8 8 10 2 1 10 2 1 8 10 1 8 10 8
left_child=-1 9 3 5 11 6 10 -7 -9 -2 -3 -5 13 -8
right_child=1 2 -4 4 -6 7 12 8 -10 -11 -12 -13 -14 -15
leaf_value=-0.026370868665490394 -0.012718125268625863 -0.10204373754315617 15.577602881265831 -0.021580714894155056 0.00093068978401152698 -0.25932113285178277 -0.0018166442053443978 -1.0139920943493534 0.85490339849597863 0.090961383071562263 -0.011323017482853893 -0.028161279660265461 0.017880325056868325 -0.56134617130512154
leaf_weight=648 729 226 131 484 6481 530 20748 116 1929 50 388 4948 16248 68
leaf_count=648 729 226 131 484 6481 530 20748 116 1929 50 388 4948 16248 68
internal_value=-0.0006892 -0.000309904 -0.000135846 -0.000186502 -0.00160052 0.000232128 -2.22912e-05 0.00394767 0.00562379 -0.0119196 -0.00701131 -0.00381678 9.44185e-05 -0.000598434
internal_weight=53724 53076 52297 52166 11913 40253 37678 2575 2045 779 614 5432 37064 20816
internal_count=53724 53076 52297 52166 11913 40253 37678 2575 2045 779 614 5432 37064 20816
cat_boundaries=0 1 2 3
cat_threshold=37934 24594 9832
is_linear=0
shrinkage=0.035


Tree=167
num_leaves=15
num_cat=1
split_feature=10 0 0 23 22 23 6 23 23 16 4 24 22 32
split_gain=502.713 85.0794 42.0074 24.5977 27.3393 33.2264 26.7824 25.9064 26.3121 23.2268 22.0937 21.1132 20.6379 42.5756
threshold=1.8708333333333333 3.0500000000000003 2680.0000000000005 2.0739180411378979 1.6741816458481436 0.41301601441261887 3.9500000000000006 0.45127034967168128 0.13344941042644634 90.706223711825999 139.10000000000002 5.5000000000000009 0.77030831769964714 0
decision_type=8 8 10 10 8 10 8 8 10 10 10 2 10 1
left_child=-1 -2 3 4 6 -6 -3 8 -8 12 -5 -11 13 -9
right_child=1 2 -4 10 5 -7 7 9 -10 11 -12 -13 -14 -15
leaf_value=-0.025447888262198237 -0.012218431963666574 -0.009779793849279305 15.032386780421533 0.042445606458043066 0.090567356910188412 -0.28525457028706996 0.5577305802468927 0.038620567778811551 -0.057259541478850755 0.54805891220727976 3.3248112013346107 -1.1061765262723608 -0.0022171666272716808 0.0011843159077503885
leaf_weight=648 779 731 131 700 282 513 118 1012 1311 2354 156 225 41163 3601
leaf_count=648 779 731 131 700 282 513 118 1012 1311 2354 156 225 41163 3601
internal_value=-0.000672263 -0.000296716 -0.000125139 -0.000175768 -0.000274189 -0.00669375 -0.000172506 -7.45145e-05 -0.0047106 6.29653e-05 0.00569106 0.00329141 -0.000119263 0.00209939
internal_weight=53724 53076 52297 52166 51310 795 50515 49784 1429 48355 856 2579 45776 4613
internal_count=53724 53076 52297 52166 51310 795 50515 49784 1429 48355 856 2579 45776 4613
cat_boundaries=0 1
cat_threshold=8325
is_linear=0
shrinkage=0.035


Tree=168
num_leaves=15
num_cat=4
split_feature=10 0 0 23 32 22 5 23 32 22 32 17 32 16
split_gain=496.059 74.9193 42.0132 24.5125 31.116 23.517 44.8007 37.2239 42.9045 35.9841 26.0273 23.2907 21.2935 37.1585
threshold=1.8708333333333333 3.0500000000000003 2680.0000000000005 1.5204589447365311 0 1.03699550618226 620.25000000000011 0.81392178276005434 1 0.71617794301896354 2 0.57498353072593111 3 4.1836387533724961
decision_type=8 8 10 10 1 8 10 10 1 10 1 10 1 10
left_child=-1 -2 3 5 -5 7 10 8 -3 -9 -7 -12 -10 -14
right_child=1 2 -4 4 -6 6 -8 9 12 -11 11 -13 13 -15
leaf_value=-0.024557212173021301 -0.011790786844938247 0.19548381615110427 14.506253243106785 -0.042271515402113283 0.046422772759797726 -0.021339099531576783 1.5060539129525496 0.1079744133946559 -0.0018504515846516159 0.0047498840072151619 -0.019036631930689888 -0.0055215761083357512 0.00014975139783688363 -0.06152850163619171
leaf_weight=648 779 806 131 801 2477 4324 639 309 7525 16789 160 12437 2460 3439
leaf_count=648 779 806 131 801 2477 4324 639 309 7525 16789 160 12437 2460 3439
internal_value=-0.000660537 -0.000287485 -0.000126477 -0.00017711 0.00275053 -0.000373673 -0.0013988 0.000201066 -0.00112118 0.00130153 -0.00174318 -0.00093522 -0.00159387 -0.00316622
internal_weight=53724 53076 52297 52166 3278 48888 17560 31328 14230 17098 16921 12597 13424 5899
internal_count=53724 53076 52297 52166 3278 48888 17560 31328 14230 17098 16921 12597 13424 5899
cat_boundaries=0 1 2 3 4
cat_threshold=4358 256 8199 9759
is_linear=0
shrinkage=0.035


Tree=169
num_leaves=15
num_cat=5
split_feature=10 0 0 33 23 32 9 24 32 16 0 32 23 32
split_gain=438.66 74.809 39.4765 24.7369 34.2878 29.77 29.2947 23.5656 34.7489 23.2987 25.9983 23.3338 24.5509 20.9015
threshold=1.8708333333333333 3.0500000000000003 3250.0000000000005 0 1.3980608637068686 1 2377.5000000000005 1.0000000180025095e-35 2 2.0843292429003371 7.1000000000000005 3 0.78720956856955071 4
decision_type=8 8 10 1 10 1 10 2 1 8 10 1 8 1
left_child=-1 -2 3 4 7 -6 -5 8 -3 10 -9 -11 13 -13
right_child=1 2 -4 6 5 -7 -8 9 -10 11 -12 12 -14 -15
leaf_value=-0.023697709746965553 -0.011378109305365414 1.5276780148696023 41.998534379598055 -0.0083839134271457959 -0.0066583349620715979 0.10837603078818646 0.0025081063108649639 -0.0044429835997236563 0.012797148309585681 -0.026773896509480592 0.011809158118546197 0.037634463677528741 0.021484513243554854 -0.065379374834959147
leaf_weight=648 779 264 67 16200 976 1642 9421 633 3677 7493 1496 932 8034 1462
leaf_count=648 779 264 67 16200 976 1642 9421 633 3677 7493 1496 932 8034 1462
internal_value=-0.000646206 -0.000295398 -0.000134507 -0.000170192 0.000577111 0.00437667 -0.00094613 0.000161902 0.00263431 -0.000324607 0.00313261 -0.000736082 0.000335153 -0.00277199
internal_weight=53724 53076 52297 52230 26609 2618 25621 23991 3941 20050 2129 17921 10428 2394
internal_count=53724 53076 52297 52230 26609 2618 25621 23991 3941 20050 2129 17921 10428 2394
cat_boundaries=0 1 2 3 4 5
cat_threshold=10 4871 1024 57383 776
is_linear=0
shrinkage=0.035


Tree=170
num_leaves=15
num_cat=3
split_feature=10 1 1 23 30 24 32 2 23 16 22 23 32 32
split_gain=438.861 64.3318 37.2245 32.7848 22.2001 21.1667 38.7108 25.9482 19.8271 19.6081 16.8952 17.4478 26.4307 25.116
threshold=1.8708333333333333 3.0500000000000003 1204.0000000000002 1.1755379800227557 -0.99465740988130902 4.5000000000000009 0 18.550000000000004 0.87342900336198936 0.39136507423056949 1.0338654218327756 1.1030205278592378 1 2
decision_type=8 8 10 8 2 2 1 10 10 10 8 10 1 1
left_child=9 8 4 -4 -3 7 -7 10 -2 -1 -6 13 -13 -12
right_child=1 2 3 -5 5 6 -8 -9 -10 -11 11 12 -14 -15
leaf_value=-0.022868289905821761 -0.018363195566044349 -0.023159411652675106 -0.24268794013278183 5.7545050292844264 3.6774367574476946e-06 -0.038121131638117312 -0.0014060413034785314 0.0097284647793834025 -0.0040344327313049646 -0.011223246043814656 -0.0018309616865160951 -0.01751081677440066 0.0060056076504384232 -0.024734443904941859
leaf_weight=531 427 1857 286 432 8108 2869 8557 25259 336 117 1009 920 1782 1234
leaf_count=531 427 1857 286 432 8108 2869 8557 25259 336 117 1009 920 1782 1234
internal_value=-0.000639692 -0.000288804 -0.000141156 0.0077455 -0.000251647 -0.000111171 -0.00143295 0.000283164 -0.0103451 -0.0291577 -0.000983688 -0.00259495 -0.00069819 -0.00487322
internal_weight=53724 53076 52313 718 51595 49738 11426 38312 763 648 13053 4945 2702 2243
internal_count=53724 53076 52313 718 51595 49738 11426 38312 763 648 13053 4945 2702 2243
cat_boundaries=0 1 2 3
cat_threshold=1066 12547 10057
is_linear=0
shrinkage=0.035


Tree=171
num_leaves=15
num_cat=0
split_feature=10 0 0 23 22 23 2 23 23 23 6 4 8 16
split_gain=439.382 60.915 36.5447 23.644 26.7387 30.9632 23.9594 30.864 22.3333 25.2381 23.0468 21.6396 19.8409 19.6081
threshold=1.8708333333333333 3.0500000000000003 3250.0000000000005 2.0739180411378979 1.6741816458481436 0.41301601441261887 1305.0000000000002 1.3432425005682946 0.46950690079699353 0.13344941042644634 3.9500000000000006 54.050000000000004 12.349929339114764 0.39136507423056949
decision_type=8 8 10 10 8 10 10 8 8 10 8 10 2 10
left_child=13 -2 3 4 6 12 8 -8 9 -3 -10 -5 -6 -1
right_child=1 2 -4 11 5 -7 7 -9 10 -11 -12 -13 -14 -15
leaf_value=-0.022067899759118003 -0.010366996892573605 0.53477861027204521 40.327178000287184 0.010708894343978478 -0.20214996502538549 -0.27832386297925976 -0.077347127187543954 5.8357224946300716 -0.0089399356311373971 -0.045269124314196656 -1.5734419327719797e-05 1.2831913361971674 0.43641182452080102 -0.010830432432281135
leaf_weight=531 779 112 67 527 76 513 283 225 727 1472 47754 335 206 117
leaf_count=531 779 112 67 527 76 513 283 225 727 1472 47754 335 206 117
internal_value=-0.000622755 -0.00027166 -0.000126477 -0.000160812 -0.000257528 -0.00660625 -0.000157084 0.00736842 -0.000234172 -0.00431718 -0.000100338 0.00557093 0.00268293 -0.0291577
internal_weight=53724 53076 52297 52230 51368 795 50573 508 50065 1584 48481 862 282 648
internal_count=53724 53076 52297 52230 51368 795 50573 508 50065 1584 48481 862 282 648
is_linear=0
shrinkage=0.035


Tree=172
num_leaves=15
num_cat=3
split_feature=10 0 16 0 24 32 1 23 30 32 23 24 32 24
split_gain=407.608 58.7869 40.1922 36.529 22.3886 36.8731 33.2218 21.3496 20.8311 22.9944 21.3851 22.7498 19.6814 19.5994
threshold=1.8708333333333333 3.0500000000000003 0.4667253328670487 3250.0000000000005 4.5000000000000009 0 1052.5000000000002 0.97565345693070116 -0.99864786094873803 1 0.51811528013180297 1.0000000180025095e-35 2 5.5000000000000009
decision_type=8 8 10 10 2 1 10 8 2 1 10 2 1 2
left_child=2 -2 -1 4 6 -6 8 -8 12 10 -10 -12 -3 -7
right_child=1 3 -4 -5 5 13 7 -9 9 -11 11 -13 -14 -15
leaf_value=-0.021295523267548872 -0.010004152001333524 0.0060715344677007149 -0.0053553017158601106 38.915726770277125 0.0024395766940609946 -0.014161766334952761 -0.60261827881444285 4.1136063414122868 -0.016684212526068481 -0.00076476537502449208 0.077768301205703563 0.020406195039984365 -0.07458443612329492 -0.04417936257314263
leaf_weight=570 779 253 78 67 5980 4019 154 431 1357 32175 606 4926 401 1928
leaf_count=570 779 253 78 67 5980 4019 154 431 1357 32175 606 4926 401 1928
internal_value=-0.00060191 -0.000263748 -0.0280858 -0.000121123 -0.000155451 -0.00148718 0.000238786 0.00848305 0.000116305 0.000220379 0.00205316 0.00302149 -0.00605463 -0.00343425
internal_weight=53724 53076 648 52297 52230 11927 40303 585 39718 39064 6889 5532 654 5947
internal_count=53724 53076 648 52297 52230 11927 40303 585 39718 39064 6889 5532 654 5947
cat_boundaries=0 1 2 3
cat_threshold=27089 1064 4375
is_linear=0
shrinkage=0.035


Tree=173
num_leaves=15
num_cat=4
split_feature=10 1 16 1 23 23 22 23 32 26 24 32 32 32
split_gain=408.458 47.6196 40.1922 36.9095 31.0683 21.4372 25.6742 36.8749 28.588 26.0589 28.0178 34.9246 27.0942 25.3721
threshold=1.8708333333333333 3.0500000000000003 0.4667253328670487 1204.0000000000002 1.1755379800227557 0.5946424300406602 0.90342656680102584 0.87342900336198936 0 314.50000000000006 1.5000000000000002 1 2 3
decision_type=8 8 10 10 8 8 8 10 1 2 2 1 1 1
left_child=2 -2 -1 5 -5 13 7 -7 -9 10 11 -8 -12 -3
right_child=1 3 -4 4 -6 6 9 8 -10 -11 12 -13 -14 -15
leaf_value=-0.020550179953184661 -0.012493150835274372 0.00045690282269333698 -0.0051678661558050079 -0.21631246529893305 5.4614547200080494 0.00081227718213588323 0.030712700405992204 0.059525433574393632 0.014993696119794141 0.016060198905377999 -0.029915329523837499 -0.00095087723139972277 -0.0077707983297943895 -0.036123506978354723
leaf_weight=570 763 1731 78 286 432 8285 1722 870 2336 4318 1275 8153 21219 1686
leaf_count=570 763 1731 78 286 432 8285 1722 870 2336 4318 1275 8153 21219 1686
internal_value=-0.000573247 -0.000234736 -0.0280858 -0.000107707 0.0077455 -0.000217733 -2.76031e-05 0.00141571 0.00459981 -0.000479805 -0.000820566 0.0007333 -0.00150273 -0.00289451
internal_weight=53724 53076 648 52313 718 51595 48178 11491 3206 36687 32369 9875 22494 3417
internal_count=53724 53076 648 52313 718 51595 48178 11491 3206 36687 32369 9875 22494 3417
cat_boundaries=0 1 2 3 4
cat_threshold=8388 5152 2 42285
is_linear=0
shrinkage=0.035


Tree=174
num_leaves=15
num_cat=3
split_feature=10 1 16 0 23 32 24 16 10 8 22 32 32 23
split_gain=404.935 46.478 40.3748 36.5328 22.6625 43.5168 36.9202 31.7505 29.4116 27.3041 26.9609 35.2852 27.4486 34.6622
threshold=1.8708333333333333 3.0500000000000003 0.39136507423056949 3250.0000000000005 0.78720956856955071 0 1.0000000180025095e-35 3.5570587088049024 1169.2500000000002 4.618418826294401 0.98843570090211064 1 2 0.91228353049667077
decision_type=8 8 10 10 8 1 2 8 10 2 8 1 1 8
left_child=2 -2 -1 4 5 7 -7 9 10 -3 11 -6 -12 -14
right_child=1 3 -4 -5 8 6 -8 -9 -10 -11 12 -13 13 -15
leaf_value=-0.019830923654823199 -0.012055890556039763 -0.0083941397928007436 -0.0089867676844256252 37.362525418117137 -0.0043181166686293015 0.12385643280608861 -0.0030347347883341725 -0.072177115330445629 2.6860006893128876 0.01517459106611705 -0.016265549881154657 0.012213174991921505 -0.03031345985110168 0.0031709743311972099
leaf_weight=531 763 559 117 67 5962 421 4778 2910 658 587 8073 10716 1149 16433
leaf_count=531 763 559 117 67 5962 421 4778 2910 658 587 8073 10716 1149 16433
internal_value=-0.000584973 -0.000247923 -0.0279786 -0.000122424 -0.000156743 -0.00172732 0.000396049 -0.00443626 0.000181529 0.000486533 6.69611e-05 0.00116226 -0.000645168 0.000131272
internal_weight=53724 53076 648 52313 52246 9255 5199 4056 42991 1146 42333 16678 25655 17582
internal_count=53724 53076 648 52313 52246 9255 5199 4056 42991 1146 42333 16678 25655 17582
cat_boundaries=0 1 2 3
cat_threshold=55504 35370 16647
is_linear=0
shrinkage=0.035


Tree=175
num_leaves=15
num_cat=3
split_feature=10 0 16 0 23 32 22 32 32 23 19 22 23 23
split_gain=404.935 43.5677 40.3748 36.5408 21.782 72.295 31.9883 26.2587 25.834 47.8905 29.3282 27.6522 36.3087 33.7426
threshold=1.8708333333333333 3.0500000000000003 0.39136507423056949 3250.0000000000005 1.2376273802286397 0 0.9076699515522082 1 2 1.0744764980450288 29.987500000000004 1.03699550618226 0.91228353049667077 0.91686653316731992
decision_type=8 8 10 10 10 1 10 1 1 10 10 8 8 10
left_child=2 -2 -1 4 8 6 -6 -8 9 10 -3 13 -13 -10
right_child=1 3 -4 -5 5 -7 7 -9 11 -11 -12 12 -14 -15
leaf_value=-0.019136841326904384 -0.0092664636740991992 -0.19266331277361101 -0.0086722308154707321 36.054837028483043 0.24223863359163184 0.037029117539685207 -0.07939660895139436 -0.0046719405247704461 -0.0053882470440803996 -0.11790086405336742 0.11834681179003523 -0.059294733834018308 -0.0089369966665479878 0.0052768085404649064
leaf_weight=531 779 103 117 67 121 4679 1116 2650 17158 1306 4324 1391 9846 9536
leaf_count=531 779 103 117 67 121 4679 1116 2650 17158 1306 4324 1391 9846 9536
internal_value=-0.000584973 -0.000247923 -0.0279786 -0.000125139 -0.000159472 0.00145374 -0.00207201 -0.00265447 -0.000476081 0.00171103 0.00345104 -0.000807068 -0.00226339 -0.000194015
internal_weight=53724 53076 648 52297 52230 8566 3887 3766 43664 5733 4427 37931 11237 26694
internal_count=53724 53076 648 52297 52230 8566 3887 3766 43664 5733 4427 37931 11237 26694
cat_boundaries=0 1 2 3
cat_threshold=13067 258 1280
is_linear=0
shrinkage=0.035


Tree=176
num_leaves=15
num_cat=2
split_feature=10 0 16 0 26 32 22 16 9 24 1 1 32 24
split_gain=405.436 44.7001 40.3748 31.0727 21.6769 27.7615 24.323 22.4055 28.9214 23.0728 30.006 23.3005 20.1765 19.9489
threshold=1.8708333333333333 6.0500000000000007 0.39136507423056949 2680.0000000000005 232.50000000000003 0 1.0353966155003691 2.4143665674687056 952.50000000000011 2.5000000000000004 1100.5000000000002 19.550000000000004 1 5.5000000000000009
decision_type=8 8 10 10 2 1 10 8 10 2 10 8 1 2
left_child=2 -2 -1 4 7 13 -7 8 -3 10 11 -9 -8 -6
right_child=1 3 -4 -5 5 6 12 9 -10 -11 -12 -13 -14 -15
leaf_value=-0.018467051880462729 -0.0053074710200270046 -0.005724923142924985 -0.0083687027369292646 11.078351849177926 0.05457814237069384 0.0084120361283085369 0.0087896432902167827 -0.028253669799593747 0.0077061905397740743 -0.024333154933646226 5.5856306379423168 0.0039073097742155843 -0.02183403065199821 -0.079836019005541478
leaf_weight=531 3068 1512 117 131 3822 6270 1415 808 4101 15439 171 12140 3864 335
leaf_count=531 3068 1512 117 131 3822 6270 1415 808 4101 15439 171 12140 3864 335
internal_value=-0.000568036 -0.000230779 -0.0279786 2.09945e-05 -2.4558e-05 0.00105149 0.000166465 -0.000519224 0.00150142 -0.00091657 0.000162679 -3.24249e-05 -0.00158308 0.00349832
internal_weight=53724 53076 648 50008 49877 15706 11549 34171 5613 28558 13119 12948 5279 4157
internal_count=53724 53076 648 50008 49877 15706 11549 34171 5613 28558 13119 12948 5279 4157
cat_boundaries=0 1 2
cat_threshold=3208 608
is_linear=0
shrinkage=0.035


Tree=177
num_leaves=15
num_cat=0
split_feature=13 0 16 0 23 22 23 4 6 23 23 16 24 22
split_gain=394.766 44.4694 36.6403 31.0222 21.9822 23.7294 30.7885 21.8153 21.5972 22.4543 23.3182 21.0542 21.2109 19.4536
threshold=1.6250000000000002 3.0500000000000003 0.39136507423056949 3250.0000000000005 2.0739180411378979 1.6741816458481436 0.41301601441261887 139.10000000000002 3.9500000000000006 0.45127034967168128 0.13344941042644634 90.706223711825999 4.5000000000000009 0.77030831769964714
decision_type=8 8 10 10 10 8 10 10 8 8 10 10 2 10
left_child=2 -2 -1 4 5 8 -7 -6 -3 10 -10 13 -13 -11
right_child=1 3 -4 -5 7 6 -8 -9 9 11 -12 12 -14 -15
leaf_value=-0.01782070506464653 -0.0080757981411367329 -0.0078583601950498773 -0.015278025255708684 34.405175417764902 0.03603096710119786 0.074096272641127864 -0.27277149108055743 3.1957472929933757 0.52006446111875637 0.011677723071858069 -0.050588200301730953 0.6710235974100599 -0.33757074569005457 -0.0018282979710585992
leaf_weight=491 831 741 98 67 695 281 513 162 118 4613 1311 2041 596 41166
leaf_count=491 831 741 98 67 695 281 513 162 118 4613 1311 2041 596 41166
internal_value=-0.00055631 -0.000239085 -0.028931 -0.000111071 -0.000142701 -0.000235672 -0.00622028 0.00540023 -0.000141132 -5.2658e-05 -0.0043689 7.5174e-05 0.00311317 -0.000100144
internal_weight=53724 53135 589 52304 52237 51380 794 857 50586 49845 1429 48416 2637 45779
internal_count=53724 53135 589 52304 52237 51380 794 857 50586 49845 1429 48416 2637 45779
is_linear=0
shrinkage=0.035


Tree=178
num_leaves=15
num_cat=2
split_feature=13 0 16 1 23 30 24 32 32 26 0 26 2 20
split_gain=372.357 42.6147 33.6003 27.281 34.4095 18.2759 19.2806 34.8508 23.4877 19.8861 24.4272 18.4735 16.8139 15.6261
threshold=1.6250000000000002 3.0500000000000003 0.39136507423056949 1204.0000000000002 1.1755379800227557 -0.99465740988130902 4.5000000000000009 0 1 302.50000000000006 1100.5000000000002 326.50000000000006 8.5500000000000025 2093.4523809523812
decision_type=8 8 10 10 8 2 2 1 1 2 10 2 10 10
left_child=2 -2 -1 5 -5 -3 8 -8 9 10 -7 -11 -10 -6
right_child=1 3 -4 4 13 6 7 -9 12 11 -12 -13 -14 -15
leaf_value=-0.0171969803873839 -0.0077931452061969523 -0.022003413366529518 -0.014743294371758881 -0.35045489456200474 5.8894439483054306 0.032638732563817573 -0.035365313598080379 -0.00084944903360226534 -0.0034891323263892063 0.52343593871998517 6.7437746461416541 0.12428013982772357 0.0031640793484812237 2.665577144334101
leaf_weight=491 831 1852 98 285 271 3899 2871 8562 8935 223 79 384 24782 161
leaf_count=491 831 1852 98 285 271 3899 2871 8562 8935 223 79 384 24782 161
internal_value=-0.000548493 -0.000240403 -0.0281061 -0.000115085 0.00664127 -0.000209626 -8.23281e-05 -0.00134333 0.000294202 0.00264022 0.00173989 0.00852124 -2.59398e-05 0.0128146
internal_weight=53724 53135 589 52304 717 51587 49735 11433 38302 4585 3978 607 33717 432
internal_count=53724 53135 589 52304 717 51587 49735 11433 38302 4585 3978 607 33717 432
cat_boundaries=0 1 2
cat_threshold=1066 1032
is_linear=0
shrinkage=0.035


Tree=179
num_leaves=15
num_cat=2
split_feature=13 0 16 1 23 23 19 32 16 6 22 23 6 32
split_gain=372.745 39.2023 33.6003 26.4291 31.9671 18.125 25.1002 23.8193 23.156 23.4846 22.7389 35.4577 29.1466 28.6226
threshold=1.6250000000000002 3.0500000000000003 0.39136507423056949 1204.0000000000002 1.1755379800227557 0.56557122334409937 1466.5000000000002 0 3.0822070014841709 58.550000000000004 0.93320260534987021 1.0107009126407038 105.30000000000001 1
decision_type=8 8 10 10 8 8 8 1 8 8 8 10 10 1
left_child=2 -2 -1 5 -5 6 7 -3 -9 -10 11 13 -13 -7
right_child=1 3 -4 4 -6 10 -8 8 9 -11 -12 12 -14 -15
leaf_value=-0.016595086073825462 -0.007520385123980065 0.051730090480952118 -0.014227279068747323 -0.33818897325233255 4.8731273198367937 0.011276445500760892 -0.95761872622501987 0.010008300456582773 -0.087496672958007296 -0.059890888866729851 -0.00294739967886418 0.012150440701949193 0.49469228192759729 -0.0048451351537180101
leaf_weight=491 831 760 98 285 432 6086 119 352 436 1105 33817 1252 530 7130
leaf_count=491 831 760 98 285 432 6086 119 352 436 1105 33817 1252 530 7130
internal_value=-0.000534162 -0.000225913 -0.0281061 -0.000105718 0.00654432 -0.000198771 -0.00294923 -0.00222536 -0.0043108 -0.00618047 -4.22982e-05 0.00109178 0.00571908 0.000465925
internal_weight=53724 53135 589 52304 717 51587 2772 2653 1893 1541 48815 14998 1782 13216
internal_count=53724 53135 589 52304 717 51587 2772 2653 1893 1541 48815 14998 1782 13216
cat_boundaries=0 1 2
cat_threshold=1292 11655
is_linear=0
shrinkage=0.035


Tree=180
num_leaves=15
num_cat=4
split_feature=13 1 16 1 23 23 30 32 33 20 33 23 9 32
split_gain=372.85 38.2804 33.6003 26.7694 29.8011 22.0054 17.8524 30.6519 19.6318 18.4482 29.5965 24.9744 20.7219 18.8292
threshold=1.6250000000000002 3.0500000000000003 0.39136507423056949 1204.0000000000002 1.1755379800227557 0.86160117556508353 -0.91595872546125101 0 1 829.2261904761906 2 1.9828807267754229 2362.5000000000005 3
decision_type=8 8 10 10 8 10 2 1 1 10 1 10 10 1
left_child=2 5 -1 6 -5 -2 7 8 -3 -8 11 13 -12 -11
right_child=1 3 -4 4 -6 -7 9 -9 -10 10 12 -13 -14 -15
leaf_value=-0.016014258061241567 -0.013793698721684939 0.00025880652499477019 -0.013729324301341167 -0.31652434864030454 4.7025678636425043 -0.00099230671493613317 -0.0280098785381536 0.0012299810205421968 -0.030560470317894738 0.03101915268622488 -0.006586509168587381 0.22537189339394958 0.0033042823901178234 0.0030555540292698915
leaf_weight=491 449 909 98 286 432 366 3090 4280 2400 4635 13408 527 8340 14013
leaf_count=491 449 909 98 286 432 366 3090 4280 2400 4635 13408 527 8340 14013
internal_value=-0.000530254 -0.000221961 -0.0281061 -0.000104348 0.00658368 -0.00772561 -0.000198035 -0.00176521 -0.0042855 7.23568e-05 0.000269375 0.00127124 -0.000614345 0.00105827
internal_weight=53724 53135 589 52320 718 815 51602 7589 3309 44013 40923 19175 21748 18648
internal_count=53724 53135 589 52320 718 815 51602 7589 3309 44013 40923 19175 21748 18648
cat_boundaries=0 1 2 3 4
cat_threshold=10362 2 10 3392
is_linear=0
shrinkage=0.035


Tree=181
num_leaves=15
num_cat=1
split_feature=13 14 16 0 23 23 15 32 24 22 23 22 23 26
split_gain=373.062 36.971 33.6003 27.533 21.6065 23.8637 23.3965 28.8208 24.8262 22.9839 28.2615 20.6317 34.4611 29.8842
threshold=1.6250000000000002 3.0500000000000003 0.39136507423056949 3250.0000000000005 0.61903782367930316 0.13344941042644634 1100.5000000000002 0 1.0000000180025095e-35 0.64433746342902809 0.43440634645061732 0.90342656680102584 0.97827486111059303 314.50000000000006
decision_type=8 10 10 10 8 10 2 1 2 8 10 8 10 2
left_child=2 -2 -1 4 5 -3 7 8 -7 10 -9 12 -6 -13
right_child=1 3 -4 -5 11 6 -8 9 -10 -11 -12 13 -14 -15
leaf_value=-0.015453759029098115 -0.0072969203224269178 0.31487429188439603 -0.013248797950794228 32.659714408530661 0.0031697638205981796 0.34689672890237178 -1.1954385871221109 -0.022416332097328458 0.027635722319003977 -0.041307094115906717 0.017625879827137932 -0.0036648912790437295 0.045206817796722185 0.018486952786896445
leaf_weight=491 930 157 98 66 9716 104 173 665 310 1776 832 32455 1509 4442
leaf_count=491 930 157 98 66 9716 104 173 665 310 1776 832 32455 1509 4442
internal_value=-0.000522437 -0.000214057 -0.0281061 -9.04999e-05 -0.000120148 -0.00258454 -0.00313325 -0.00253115 0.0060373 -0.00362987 -0.000442743 8.58146e-05 0.00139938 -0.00031394
internal_weight=53724 53135 589 52205 52139 4017 3860 3687 414 3273 1497 48122 11225 36897
internal_count=53724 53135 589 52205 52139 4017 3860 3687 414 3273 1497 48122 11225 36897
cat_boundaries=0 1
cat_threshold=1280
is_linear=0
shrinkage=0.035


Tree=182
num_leaves=15
num_cat=2
split_feature=13 14 16 0 23 32 24 16 8 1 16 8 32 16
split_gain=373.344 35.4941 33.6003 27.5127 20.1416 40.2736 30.4734 29.6463 28.7195 26.1158 22.7855 22.1453 20.233 22.4013
threshold=1.6250000000000002 3.0500000000000003 0.39136507423056949 3250.0000000000005 0.78720956856955071 0 1.0000000180025095e-35 3.5570587088049024 3.9859896329161661 24.100000000000005 42.505479257369139 14.188762410428941 1 18.165902124584999
decision_type=8 10 10 10 8 1 2 8 2 8 10 2 1 10
left_child=2 -2 -1 4 5 7 9 8 -3 -7 -6 -9 -13 -14
right_child=1 3 -4 -5 10 6 -8 11 -10 -11 -12 12 13 -15
leaf_value=-0.014912877463079679 -0.0070415281111419845 -0.0083631521046752255 -0.012785090022516429 31.516624404232083 -0.00049707285557653257 -0.039245633365609219 -0.0017996444227941046 -0.065098163351280963 0.012592775832041259 0.21104013508536032 0.19983916848253899 -0.15086896439268652 0.016455525909522449 -0.19878045756388149
leaf_weight=491 930 512 98 66 37234 59 4781 820 661 364 5615 138 838 1117
leaf_count=491 930 512 98 66 37234 59 4781 820 661 364 5615 138 838 1117
internal_value=-0.000512014 -0.000203519 -0.0281061 -8.24555e-05 -0.000112093 -0.00158903 0.000456026 -0.00418191 0.000505093 0.00940421 0.000208265 -0.00608122 -0.00415396 -0.00314467
internal_weight=53724 53135 589 52205 52139 9290 5204 4086 1173 423 42849 2913 2093 1955
internal_count=53724 53135 589 52205 52139 9290 5204 4086 1173 423 42849 2913 2093 1955
cat_boundaries=0 1 2
cat_threshold=55504 64
is_linear=0
shrinkage=0.035


Tree=183
num_leaves=15
num_cat=2
split_feature=13 16 0 0 24 32 1 23 30 32 2 5 10 11
split_gain=370.689 35.8348 35.3617 25.8907 19.4286 34.2584 26.6584 19.929 19.0011 18.7773 18.6657 17.939 16.496 29.9405
threshold=1.6250000000000002 0.39136507423056949 3.0500000000000003 3250.0000000000005 4.5000000000000009 0 1052.5000000000002 0.97565345693070116 -0.99864786094873803 1 18.550000000000004 2137.5000000000005 14.491666666666669 24.866071428571434
decision_type=8 10 8 10 2 1 10 8 2 1 10 10 8 10
left_child=1 -1 -2 4 6 -6 8 -8 9 -4 12 -12 -10 -14
right_child=2 -3 3 -5 5 -7 7 -9 10 -11 11 -13 13 -15
leaf_value=-0.014390926751871886 -0.0068472947033180439 -0.012337611871728353 -0.09451102815772143 30.41354255008396 0.0026557919111854745 -0.020680139368337101 -0.57245693187950908 3.5218878794640389 0.00065717170875512437 -0.0040515118251818194 0.0081299255653491647 -1.1675488582150082 -0.021743244187162291 -0.0050099901040821498
leaf_weight=491 831 98 240 67 5983 5946 154 431 6116 414 25612 66 2176 5099
leaf_count=491 831 98 240 67 5983 5946 154 431 6116 414 25612 66 2176 5099
internal_value=-0.000492471 -0.0279882 -0.000185077 -7.09247e-05 -9.98239e-05 -0.00134029 0.000267408 0.00765254 0.000157697 -0.00573596 0.000257076 0.000809485 -0.000802105 -0.00192788
internal_weight=53724 589 53135 52304 52237 11929 40308 585 39723 654 39069 25678 13391 7275
internal_count=53724 589 53135 52304 52237 11929 40308 585 39723 654 39069 25678 13391 7275
cat_boundaries=0 1 2
cat_threshold=27089 9832
is_linear=0
shrinkage=0.035


Tree=184
num_leaves=15
num_cat=3
split_feature=14 1 0 23 16 24 32 9 23 22 23 32 32 23
split_gain=344.332 38.1007 25.8543 22.7595 20.215 19.2545 35.187 30.5389 23.4818 36.171 36.6745 32.1355 31.1252 28.6144
threshold=1.5250000000000001 3.0500000000000003 3250.0000000000005 0.84688254995758816 0.2738612787525227 1.0000000180025095e-35 0 2132.5000000000005 1.5204589447365311 1.105689447222493 0.90503749086025886 1 2 0.73525604905317465
decision_type=8 8 10 10 10 2 1 8 10 8 8 1 1 10
left_child=4 3 5 -2 -1 6 7 -3 9 13 11 -11 -10 -7
right_child=1 2 -4 -5 -6 8 -8 -9 12 10 -12 -13 -14 -15
leaf_value=-0.013887244315556373 -0.012569418256634908 0.26822974106095981 29.349068560831022 -0.00021607497012231526 -0.017387240977696266 -0.011657247841068145 0.0023027628968603198 0.011709161432704033 -0.021590111115142537 0.0090732802471722718 -0.013768139671875184 -0.12039198273302817 0.060039421042654868 0.0026534285401428408
leaf_weight=451 469 502 67 378 96 8780 6940 568 1125 225 8090 521 1888 23624
leaf_count=451 469 502 67 378 96 8780 6940 568 1125 225 8090 521 1888 23624
internal_value=-0.000461203 -0.000175717 -5.61766e-05 -0.00751761 -0.027962 -8.50425e-05 0.00149345 0.00735484 -0.000370893 -0.00058892 -0.00257324 -0.00997337 0.00260934 -4.75177e-05
internal_weight=53724 53177 52330 847 547 52263 8010 1070 44253 41240 8836 746 3013 32404
internal_count=53724 53177 52330 847 547 52263 8010 1070 44253 41240 8836 746 3013 32404
cat_boundaries=0 1 2 3
cat_threshold=5120 2424 4871
is_linear=0
shrinkage=0.035


Tree=185
num_leaves=15
num_cat=4
split_feature=14 14 0 16 29 32 5 23 32 29 32 33 22 10
split_gain=344.462 33.1618 27.4331 20.215 18.9831 21.0469 24.4428 20.1091 51.575 26.7704 19.9778 19.826 19.262 22.1664
threshold=1.5250000000000001 3.0500000000000003 3250.0000000000005 0.2738612787525227 -0.108376950152639 0 361.00000000000006 1.2062900538780637 1 0.94425825643485939 2 3 0.98118582975314939 44.422619047619058
decision_type=8 10 10 10 2 1 10 10 1 2 1 1 8 10
left_child=3 -2 4 -1 5 -3 -7 10 11 12 -6 -9 13 -10
right_child=1 2 -4 -5 7 6 -8 8 9 -11 -12 -13 -14 -15
leaf_value=-0.013401190764511899 -0.0060125061713978672 -0.002705765530487199 28.321851161201941 -0.016778687543476896 0.017882596497299803 0.0048663532128950049 0.57213583936381718 0.23715989735103393 -0.017904991687090609 0.046792384318181245 -0.0081864834639588224 0.024475465111370699 -0.042667966922129145 0.62966036224273392
leaf_weight=451 971 9655 66 96 3147 11318 1482 695 99 641 21702 1251 2057 93
leaf_count=451 971 9655 66 96 3147 11318 1482 695 99 641 21702 1251 2057 93
internal_value=-0.000455992 -0.000170452 -5.09471e-05 -0.027962 -8.05446e-05 0.000687222 0.00161686 -0.000661334 0.0014026 -0.00156627 -0.00106321 0.00578276 -0.00336957 0.0071066
internal_weight=53724 53177 52206 547 52140 22455 12800 29685 4836 2890 24849 1946 2249 192
internal_count=53724 53177 52206 547 52140 22455 12800 29685 4836 2890 24849 1946 2249 192
cat_boundaries=0 1 2 3 4
cat_threshold=53842 50384 4352 8
is_linear=0
shrinkage=0.035


Tree=186
num_leaves=15
num_cat=2
split_feature=14 14 0 16 23 24 32 1 23 16 0 33 29 21
split_gain=341.943 25.709 22.658 22.0172 21.9007 17.7622 30.9731 24.8634 18.6705 18.2137 23.3883 17.9558 31.8414 23.2104
threshold=1.5250000000000001 3.0500000000000003 3250.0000000000005 0.2738612787525227 0.96622150555834307 4.5000000000000009 0 1154.0000000000002 0.98478105167885932 2.0528435526936364 6.5500000000000007 1 0.3744682635859638 1159.574275362319
decision_type=8 10 10 10 10 2 1 10 8 8 10 1 2 2
left_child=3 4 5 -1 -2 7 -7 11 -9 10 -8 12 -3 -13
right_child=1 2 -4 -5 -6 6 9 8 -10 -11 -12 13 -14 -15
leaf_value=-0.01293214908775398 -0.0099462950105002716 0.022789501244781293 27.330586370559882 -0.016191433479455199 1.9253698308818738e-06 -0.034062164290754315 -0.0052642379082853919 -0.4069338940617428 3.5935292845209115 -0.010051161626889496 0.014935276945385399 -0.025164432391034341 -0.0078864930513980365 -0.00038473030921625022
leaf_weight=451 594 6031 66 96 377 3060 564 144 378 7239 1052 726 4294 28652
leaf_count=451 594 6031 66 96 377 3060 564 144 378 7239 1052 726 4294 28652
internal_value=-0.000429935 -0.000145444 -4.02214e-05 -0.0278351 -0.00577357 -6.71205e-05 -0.00125378 0.000284489 0.00783681 -0.00020124 0.00315238 0.00018422 0.00143859 -0.000257204
internal_weight=53724 53177 52206 547 971 52140 11915 40225 522 8855 1616 39703 10325 29378
internal_count=53724 53177 52206 547 971 52140 11915 40225 522 8855 1616 39703 10325 29378
cat_boundaries=0 1 2
cat_threshold=1066 2
is_linear=0
shrinkage=0.035


Tree=187
num_leaves=15
num_cat=3
split_feature=14 16 1 23 0 30 32 6 23 20 26 32 26 33
split_gain=338.689 23.8842 23.826 23.5201 21.2796 18.0611 24.8967 18.2626 20.1949 19.9777 18.3646 25.0786 25.8818 15.7706
threshold=1.5250000000000001 0.2738612787525227 3.0500000000000003 0.84688254995758816 3250.0000000000005 -0.91595872546125101 0 118.10000000000001 2.0739180411378979 791.83333333333337 283.50000000000006 1 348.50000000000006 2
decision_type=8 10 8 10 10 2 1 10 10 10 2 1 2 1
left_child=1 -1 3 -2 5 6 13 9 10 -7 -9 12 -12 -4
right_child=2 -3 4 -5 -6 7 -8 8 -10 -11 11 -13 -14 -15
leaf_value=-0.012479523869682586 -0.011570930576286262 -0.015624733307674266 0.0011573154397097696 1.8579818868080802e-06 26.374015847590282 -0.03720297019683598 0.00083338357060368305 0.015635605344629336 3.7532909937025201 -0.00023816377315093897 0.58819062315477633 0.0045842861884086263 -0.089885247218819242 -0.028256892568916642
leaf_weight=451 469 96 909 378 67 1360 4333 10448 126 30154 967 1188 348 2430
leaf_count=451 469 96 909 378 67 1360 4333 10448 126 30154 967 1188 348 2430
internal_value=-0.000433844 -0.0277083 -0.000150709 -0.00595657 -5.61766e-05 -8.2364e-05 -0.00165038 0.000187573 0.00128688 -0.000268727 0.00114812 0.00383772 0.00713158 -0.00391324
internal_weight=53724 547 53177 847 52330 52263 7672 44591 13077 31514 12951 2503 1315 3339
internal_count=53724 547 53177 847 52330 52263 7672 44591 13077 31514 12951 2503 1315 3339
cat_boundaries=0 1 2 3
cat_threshold=10362 3596 2
is_linear=0
shrinkage=0.035


Tree=188
num_leaves=15
num_cat=3
split_feature=14 16 0 14 23 24 32 9 23 22 23 32 32 23
split_gain=335.708 25.8159 21.4793 20.253 18.5874 17.4899 38.3981 27.3587 20.3033 17.6104 31.1386 40.8968 32.0601 27.0096
threshold=1.5250000000000001 0.2738612787525227 3250.0000000000005 3.0500000000000003 0.96622150555834307 1.5000000000000002 0 1682.5000000000002 0.46950690079699353 0.98843570090211064 0.95657232181207841 1 2 1.2376273802286397
decision_type=8 10 10 10 10 2 1 8 8 8 10 1 1 8
left_child=1 -1 3 4 -2 6 7 -5 -8 10 11 -7 -12 -11
right_child=2 -3 -4 5 -6 9 8 -9 -10 13 12 -13 -14 -15
leaf_value=-0.012042740534243694 -0.0091931921149627487 -0.015077867641905668 25.450925292924623 0.55452600400750129 1.7929525207627252e-06 0.23195130213792153 -0.051446486104190239 0.082813782349364484 0.0028448399184467558 -0.014210668721489805 0.055830649495069724 -0.0059383239947585677 0.0082779614750800382 0.0028467897405638799
leaf_weight=451 594 96 67 405 376 782 374 668 14395 11365 508 12105 3946 7592
leaf_count=451 594 96 67 405 376 782 374 668 14395 11365 508 12105 3946 7592
internal_value=-0.00042733 -0.0275815 -0.000145444 -0.000171326 -0.00516923 -7.78598e-05 0.000892282 0.00723805 0.000423769 -0.000501336 0.000304681 -0.000567406 0.00282575 -0.00123853
internal_weight=53724 547 53177 53110 970 52140 15842 1073 14769 36298 17341 12887 4454 18957
internal_count=53724 547 53177 53110 970 52140 15842 1073 14769 36298 17341 12887 4454 18957
cat_boundaries=0 1 2 3
cat_threshold=1024 256 192
is_linear=0
shrinkage=0.035


Tree=189
num_leaves=15
num_cat=2
split_feature=14 16 0 14 23 24 32 1 2 0 3 23 30 32
split_gain=335.998 25.8159 21.4527 19.7702 18.1524 17.066 30.0627 22.3523 17.5093 32.2375 22.5395 17.31 17.2166 17.7399
threshold=1.5250000000000001 0.2738612787525227 3250.0000000000005 3.0500000000000003 0.96622150555834307 4.5000000000000009 0 1154.0000000000002 33.100000000000009 27.100000000000005 24.900000000000002 0.98478105167885932 -0.99864786094873803 1
decision_type=8 10 10 10 10 2 1 10 10 10 8 8 2 1
left_child=1 -1 3 4 -2 7 -7 12 9 10 -8 -9 -5 -14
right_child=2 -3 -4 5 -6 6 8 11 -10 -11 -12 -13 13 -15
leaf_value=-0.011621244615545168 -0.0088714303909390498 -0.01455014227443897 24.560142907672258 -0.032123525916939059 1.7301991825391386e-06 -0.033043667763429589 0.0023775429583826348 -0.39303061261682903 -0.028915968457683267 0.040511421016905767 -0.024522419423101335 3.4542770296533893 0.016873204704198754 -0.00035334250691780204
leaf_weight=451 594 96 67 665 376 3060 2023 144 5015 1119 698 378 6876 32162
leaf_count=451 594 96 67 665 376 3060 2023 144 5015 1119 698 378 6876 32162
internal_value=-0.000415604 -0.0275815 -0.000133598 -0.000159465 -0.00509744 -6.71205e-05 -0.00123029 0.000277529 -0.000193348 0.00158388 -0.000475055 0.00743833 0.000182457 0.000277899
internal_weight=53724 547 53177 53110 970 52140 11915 40225 8855 3840 2721 522 39703 39038
internal_count=53724 547 53177 53110 970 52140 11915 40225 8855 3840 2721 522 39703 39038
cat_boundaries=0 1 2
cat_threshold=1066 1064
is_linear=0
shrinkage=0.035


Tree=190
num_leaves=15
num_cat=4
split_feature=14 16 23 32 0 19 22 22 10 32 29 22 32 32
split_gain=336.191 25.8159 21.5202 64.1993 27.3978 25.732 25.2317 24.6402 29.6174 24.5556 18.9743 18.7136 33.6493 30.8
threshold=1.5250000000000001 0.2738612787525227 1.2376273802286397 0 1100.5000000000002 3.5016666666666674 1.2532208965727871 0.94369723682191498 45.841666666666676 1 -0.42180583328916638 1.028564740502943 2 3
decision_type=8 10 10 1 10 10 10 10 8 1 2 8 1 1
left_child=1 -1 5 7 6 10 -5 8 -4 -9 -2 12 -7 -13
right_child=2 -3 3 4 -6 11 -8 9 -10 -11 -12 13 -14 -15
leaf_value=-0.011214501054001083 1.6696422111484033e-06 -0.014040887294833606 -0.0025855635959892978 0.042340821338030354 4.6085514375690977 0.0080558425170129955 0.0079664152829517412 -0.31505561761664497 0.95146467383235223 -0.00960405001893588 -0.011582025839224169 -0.016854579313634255 -0.0030268971190546747 0.00055348661036180857
leaf_weight=451 337 96 109 2081 339 9153 2317 487 87 3242 528 6202 20494 7801
leaf_count=451 337 96 109 2081 339 9153 2317 487 87 3242 528 6202 20494 7801
internal_value=-0.000407787 -0.0275815 -0.0001257 0.00146994 0.0042056 -0.000436321 0.00346582 -0.00183883 0.0100995 -0.00248393 -0.00639655 -0.000317489 0.000180595 -0.00137172
internal_weight=53724 547 53177 8662 4737 44515 4398 3925 196 3729 865 43650 29647 14003
internal_count=53724 547 53177 8662 4737 44515 4398 3925 196 3729 865 43650 29647 14003
cat_boundaries=0 1 2 3 4
cat_threshold=13067 256 8581 57479
is_linear=0
shrinkage=0.035


Tree=191
num_leaves=15
num_cat=2
split_feature=14 16 0 16 0 24 2 22 32 30 32 26 23 6
split_gain=329.945 29.8735 20.4356 22.8325 30.1589 27.4598 31.5506 24.6417 24.2572 21.7153 32.0589 25.7889 21.256 19.8392
threshold=1.5250000000000001 0.2738612787525227 6.0500000000000007 2.0528435526936364 37.550000000000004 4.5000000000000009 1305.0000000000002 0.75528907651656929 0 -0.6523320455745395 1 93.500000000000014 0.89675329827265726 56.550000000000004
decision_type=8 10 8 8 8 2 10 10 1 2 1 2 8 10
left_child=1 -1 -2 4 7 6 9 -4 -7 -5 11 -11 -8 -12
right_child=2 -3 3 5 -6 8 12 -9 -10 10 13 -13 -14 -15
leaf_value=-0.010821993517111049 -0.0028347768144802526 -0.013549456239514429 0.025873077318264281 -0.013273503151979666 -0.003765541332684608 -0.050370067314014659 -0.79146732451483959 0.0055028692287844112 -0.0073013581110638187 -0.0013304741939739629 -0.0081556274270808519 0.074668004653530295 4.6324654368636473 0.022221134403379673
leaf_weight=451 3154 96 431 9896 1855 3341 100 4474 6638 2143 8421 3764 350 8610
leaf_count=451 3154 96 431 9896 1855 3341 100 4474 6638 2143 8421 3764 350 8610
internal_value=-0.000407787 -0.0273279 -0.000128333 4.40753e-05 0.00193496 -0.000251572 0.000231308 0.00337169 -0.00186148 0.000104449 0.000695637 0.00291371 0.00938462 -7.59709e-05
internal_weight=53724 547 53177 50023 6760 43263 33284 4905 9979 32834 22938 5907 450 17031
internal_count=53724 547 53177 50023 6760 43263 33284 4905 9979 32834 22938 5907 450 17031
cat_boundaries=0 1 2
cat_threshold=1579 3112
is_linear=0
shrinkage=0.035


Tree=192
num_leaves=15
num_cat=4
split_feature=10 13 0 23 22 32 23 32 26 33 8 22 23 32
split_gain=265.516 25.8501 20.5112 18.1429 23.8571 42.6197 22.7121 53.4547 24.0328 22.879 20.6927 20.6133 19.7969 18.7473
threshold=1.430952380952381 2.0250000000000004 3250.0000000000005 0.54484478475140519 0.77030831769964714 0 0.78720956856955071 1 312.50000000000006 2 56.675240413140479 0.84960516535972708 0.13344941042644634 3
decision_type=8 10 10 8 10 1 8 1 2 1 2 10 10 1
left_child=-1 -2 3 12 5 -5 7 11 -8 -10 -11 -6 -3 -13
right_child=1 2 -4 4 6 -7 8 -9 9 10 -12 13 -14 -15
leaf_value=-0.010443223744012162 -0.0062707745050427539 0.1985037222779375 23.541001557944796 0.064510441875436683 -0.0085062136762410305 0.004320923476932235 -0.0011035812172375881 0.0030412580960280703 0.069023177231162081 -0.0023981190331858263 0.62918101361586587 -0.10616225033431445 -0.021373667340981051 -0.042233566304076972
leaf_weight=435 502 164 66 766 635 3521 36479 2687 1382 2934 612 208 2489 844
leaf_count=435 502 164 66 766 635 3521 36479 2687 1382 2934 612 208 2489 844
internal_value=-0.000366097 -0.000142511 -6.69609e-05 -9.22695e-05 5.73163e-05 0.00255242 -0.000176582 -0.00257365 7.69101e-05 0.00236975 0.000864926 -0.00742362 -0.00291008 -0.0104636
internal_weight=53724 53289 52787 52721 50068 4287 45781 4374 41407 4928 3546 1687 2653 1052
internal_count=53724 53289 52787 52721 50068 4287 45781 4374 41407 4928 3546 1687 2653 1052
cat_boundaries=0 1 2 3 4
cat_threshold=8324 53444 2 128
is_linear=0
shrinkage=0.035


Tree=193
num_leaves=15
num_cat=3
split_feature=10 14 0 24 32 21 33 30 30 17 23 20 32 23
split_gain=265.516 24.7976 20.4387 16.526 52.1798 22.9223 19.7549 28.4071 25.2676 22.9617 22.5233 21.4488 20.1991 19.5806
threshold=1.430952380952381 3.0500000000000003 3250.0000000000005 5.5000000000000009 0 1068.2971014492757 1 0.64414586362404946 -0.9292178835113839 2.8640271498628382 2.369857963854511 927.67857142857156 2 1.0409866595720423
decision_type=8 10 10 2 1 2 1 2 2 10 10 10 1 10
left_child=-1 -2 3 6 -5 -6 7 11 9 -8 -10 -3 -11 -13
right_child=1 2 -4 4 5 -7 8 -9 10 12 -12 13 -14 -15
leaf_value=-0.010077710912971737 -0.0045750680249917533 -0.015183928106204447 22.717066503416735 -0.7684350584508699 -0.056372474531392602 0.0012240941561755992 0.003796464240251918 0.054390336234053829 -0.00018248303957316028 -0.072251374183106412 0.21293097689326315 0.018383439578075152 -0.022029548823928737 -0.0068045006671197464
leaf_weight=435 1083 2847 66 261 689 3324 1069 2964 30255 1360 377 4173 2361 2460
leaf_count=435 1083 2847 66 261 689 3324 1069 2964 30255 1360 377 4173 2361 2460
internal_value=-0.000366097 -0.000142511 -3.35178e-05 -5.90661e-05 -0.00214302 -0.0011209 0.000127217 0.00132595 -0.000294325 -0.00265693 7.5399e-05 0.000391144 -0.00395464 0.00148162
internal_weight=53724 53289 52206 52140 4274 4013 47866 12444 35422 4790 30632 9480 3721 6633
internal_count=53724 53289 52206 52140 4274 4013 47866 12444 35422 4790 30632 9480 3721 6633
cat_boundaries=0 1 2 3
cat_threshold=1024 2 10346
is_linear=0
shrinkage=0.035


Tree=194
num_leaves=15
num_cat=4
split_feature=10 13 0 23 22 32 23 32 26 33 1 3 23 32
split_gain=265.644 23.2401 20.5055 17.5046 21.4273 38.1614 20.6897 44.26 20.3139 20.6624 17.9052 24.5612 23.2544 23.4996
threshold=1.430952380952381 2.0250000000000004 3250.0000000000005 0.54484478475140519 0.77030831769964714 0 0.73525604905317465 1 312.50000000000006 2 17.050000000000004 35.100000000000009 0.13344941042644634 3
decision_type=8 10 10 8 10 1 8 1 2 1 8 8 10 1
left_child=-1 -2 3 10 5 -5 7 -6 -8 -10 -3 -12 -13 -14
right_child=1 2 -4 4 6 -7 8 -9 9 -11 11 12 13 -15
leaf_value=-0.0097249910310177271 -0.0058911700164915497 -0.018091746338749142 21.921969175797145 0.060807250085515567 -0.03684476469662696 0.0023379886834913634 -0.0012331911969226006 0.0079006797538914379 0.063829282852707822 0.0044623810143573908 0.023715371197486731 0.64925569610589695 -0.15641188877678694 -0.047224280010542442
leaf_weight=435 502 550 66 1062 1201 3225 38006 1495 1398 3681 429 118 480 1076
leaf_count=435 502 550 66 1062 1201 3225 38006 1495 1398 3681 429 118 480 1076
internal_value=-0.000359582 -0.000135944 -6.4309e-05 -8.96142e-05 5.73163e-05 0.00242195 -0.000164352 -0.00313588 2.19308e-05 0.00209972 -0.00285741 -0.00137808 -0.00329363 -0.00443946
internal_weight=53724 53289 52787 52721 50068 4287 45781 2696 43085 5079 2653 2103 1674 1556
internal_count=53724 53289 52787 52721 50068 4287 45781 2696 43085 5079 2653 2103 1674 1556
cat_boundaries=0 1 2 3 4
cat_threshold=8326 53445 2 39105
is_linear=0
shrinkage=0.035


Tree=195
num_leaves=15
num_cat=3
split_feature=10 13 0 23 1 23 16 22 22 32 23 32 32 24
split_gain=265.644 21.551 20.5112 16.791 21.1641 21.4685 22.5707 18.5067 17.5451 40.0324 24.8985 51.1535 31.0224 20.0046
threshold=1.430952380952381 2.0250000000000004 3250.0000000000005 0.45127034967168128 19.550000000000004 0.13344941042644634 3.4429875648046795 0.89875683720729149 0.77030831769964714 0 0.73525604905317465 1 2 1.0000000180025095e-35
decision_type=8 10 10 8 8 10 10 10 10 1 8 1 1 2
left_child=-1 -2 3 4 -3 -6 -7 -8 9 -5 11 -10 13 -13
right_child=1 2 -4 8 5 6 7 -9 10 -11 -12 12 -14 -15
leaf_value=-0.0093846163449321056 -0.0056849790659143423 -0.024895071808074157 21.154700254644244 0.058888683897637323 0.46152686602220733 0.038369199123764214 -0.11663866474880136 0.15520212222338534 -0.073920108965596198 0.002893786771888323 0.00013680019256907984 0.87224639364917333 -0.013127139343773317 0.098613679980048663
leaf_weight=435 502 354 66 848 136 69 874 150 639 4191 43085 103 1989 283
leaf_count=435 502 354 66 848 136 69 874 150 639 4191 43085 103 1989 283
internal_value=-0.000359582 -0.000135944 -6.69609e-05 -9.22695e-05 -0.00363665 -0.00144652 -0.00309199 -0.00442177 1.77932e-05 0.0019776 -0.000196621 -0.00326929 -0.000864017 0.00802993
internal_weight=53724 53289 52787 52721 1583 1229 1093 1024 51138 5039 46099 3014 2375 386
internal_count=53724 53289 52787 52721 1583 1229 1093 1024 51138 5039 46099 3014 2375 386
cat_boundaries=0 1 2 3
cat_threshold=8324 20672 1280
is_linear=0
shrinkage=0.035


Tree=196
num_leaves=15
num_cat=3
split_feature=10 13 0 23 1 19 23 22 23 32 5 24 32 32
split_gain=265.542 21.5194 20.5228 17.5851 19.939 19.4232 18.2627 16.6839 41.839 28.3066 22.2775 21.0196 38.3774 25.2034
threshold=1.430952380952381 2.0250000000000004 3250.0000000000005 0.45127034967168128 22.550000000000004 1284.0041666666668 0.13344941042644634 0.92968248919523044 1.0107009126407038 0 61.650000000000013 1.5000000000000002 1 2
decision_type=8 10 10 8 8 8 10 10 10 1 10 2 1 1
left_child=-1 -2 3 4 -3 6 -6 8 9 -5 -10 12 -9 -13
right_child=1 2 -4 7 5 -7 -8 11 10 -11 -12 13 -14 -15
leaf_value=-0.0090561547728594833 -0.005486004798607347 -0.024969795022792975 20.414285745731689 0.012461680477834173 0.58011804883160323 -0.72172404065409845 -0.014407970957863477 0.3019411065194767 0.0096961024164774739 -0.0026196502755696828 0.30621258325407585 -0.022420184696499031 0.0016097340817148821 -0.0042292564227575016
leaf_weight=435 502 396 66 3487 114 107 966 707 990 10901 724 1390 9902 23037
leaf_count=435 502 396 66 3487 114 107 966 707 990 10901 724 1390 9902 23037
internal_value=-0.000364794 -0.000141198 -7.22647e-05 -9.75799e-05 -0.00372481 -0.00143876 0 1.50558e-05 0.000947414 0.000330716 0.0061082 -0.000413516 0.000887036 -0.00097843
internal_weight=53724 53289 52787 52721 1583 1187 1080 51138 16102 14388 1714 35036 10609 24427
internal_count=53724 53289 52787 52721 1583 1187 1080 51138 16102 14388 1714 35036 10609 24427
cat_boundaries=0 1 2 3
cat_threshold=389 1024 2
is_linear=0
shrinkage=0.035


Tree=197
num_leaves=15
num_cat=4
split_feature=10 23 32 19 22 7 32 0 22 22 32 32 24 17
split_gain=265.695 20.9198 58.2026 25.4404 24.1136 28.5778 23.5899 22.7231 23.3307 18.6776 27.9571 25.4329 25.3063 27.2597
threshold=1.430952380952381 1.2376273802286397 0 3.5016666666666674 0.94369723682191498 56.390096618357497 1 1100.5000000000002 1.2532208965727871 1.028564740502943 2 3 1.0000000180025095e-35 16.696942198734536
decision_type=8 10 1 10 10 2 1 10 10 8 1 1 2 10
left_child=-1 3 4 -2 5 -3 -6 8 -4 11 -11 -5 13 -12
right_child=1 2 7 9 6 -7 -8 -9 -10 10 12 -13 -14 -15
leaf_value=-0.0087391893558093972 -0.004958989155958814 -0.0031534131930333721 0.040054364731085 0.0071930167437021285 -0.30477936546290096 1.1519393877625663 -0.0090733907109291148 4.2550497050595135 0.0066525556566006125 -0.018541098801341294 -9.7551926644769978e-05 -0.0024566765248964732 -0.0070031618108719927 0.37394490905830613
leaf_weight=435 948 113 2092 9153 487 83 3250 339 2323 5409 885 20495 7070 642
leaf_count=435 948 113 2092 9153 487 83 3250 339 2323 5409 885 20495 7070 642
internal_value=-0.000356977 -0.000133317 0.00143753 -0.000439393 -0.00171099 0.0100995 -0.00234768 0.00403649 0.00336538 -0.000315857 -0.00136892 0.000181769 -0.000125987 0.00395235
internal_weight=53724 53289 8687 44602 3933 196 3737 4754 4415 43654 14006 29648 8597 1527
internal_count=53724 53289 8687 44602 3933 196 3737 4754 4415 43654 14006 29648 8597 1527
cat_boundaries=0 1 2 3 4
cat_threshold=13067 256 24711 8581
is_linear=0
shrinkage=0.035


Tree=198
num_leaves=15
num_cat=2
split_feature=10 19 0 16 0 1 24 32 30 4 16 22 32 3
split_gain=265.721 20.3897 19.0944 15.5251 33.7407 26.4403 22.6815 23.1017 21.8005 33.1836 20.8974 19.507 18.591 17.0025
threshold=1.430952380952381 3.5016666666666674 3250.0000000000005 2.0528435526936364 6.5500000000000007 9.5500000000000025 4.5000000000000009 0 -0.6391983530350368 169.75000000000003 206.63228335259748 0.60587144423659944 1 280.75000000000006
decision_type=8 10 10 8 10 8 2 1 2 8 8 10 1 8
left_child=-1 -2 3 4 -3 -5 8 -8 13 10 -10 -6 -11 -7
right_child=1 2 -4 5 11 6 7 -9 9 12 -12 -13 -14 -15
leaf_value=-0.0084333177283560726 -0.0034590974329435213 -0.0015588762124747913 19.550859004953985 -0.019013632254292975 0.026305614749524826 -0.0031609431361847131 -0.00060128240048171308 -0.03969125726429993 0.00020255122581797736 0.21424608821215801 -0.60560650739840394 0.0058480408823691392 0.04660758258523004 -0.14596332156111722
leaf_weight=435 1253 3587 67 791 153 7914 5130 4662 15458 2617 96 4827 4609 2125
leaf_count=435 1253 3587 67 791 153 7914 5130 4662 15458 2617 96 4827 4609 2125
internal_value=-0.000355674 -0.000132004 -2.55568e-05 -5.0506e-05 0.00131066 -0.000319303 -0.000201216 -0.00167909 0.000239916 0.00083871 -7.19841e-05 0.00317352 0.00279768 -0.00111858
internal_weight=53724 53289 52036 51969 8567 43402 42611 9792 32819 22780 15554 4980 7226 10039
internal_count=53724 53289 52036 51969 8567 43402 42611 9792 32819 22780 15554 4980 7226 10039
cat_boundaries=0 1 2
cat_threshold=59856 1448
is_linear=0
shrinkage=0.035


Tree=199
num_leaves=15
num_cat=3
split_feature=10 19 0 23 32 22 22 23 8 26 23 32 24 32
split_gain=265.619 19.8296 19.1086 16.0151 23.6893 19.4149 18.9113 28.428 23.8616 20.8046 20.7873 29.968 20.0128 27.4867
threshold=1.430952380952381 3.5016666666666674 3250.0000000000005 0.63452821575733587 0 0.76553943925070445 0.90342656680102584 0.97827486111059303 18.054059023083472 314.50000000000006 0.93028312694130721 1 1.5000000000000002 2
decision_type=8 10 10 8 1 8 8 10 2 2 8 1 2 1
left_child=-1 -2 3 4 -3 -6 7 -5 -9 12 11 -11 13 -8
right_child=1 2 -4 6 5 -7 9 8 -10 10 -12 -13 -14 -15
leaf_value=-0.0081381516078636133 -0.0033380290227905032 0.0021778427720521298 18.866578939780595 0.0037823496159330632 -0.0098033128131141123 -0.06239822930469497 0.024024326078713572 0.0090279191606601472 0.35380122698998795 0.062321887616874933 0.025325185230591993 -0.035526235057141663 -0.0075088744508861899 -0.0012352824493213289
leaf_weight=435 1253 2254 67 9453 1453 682 2364 865 640 225 3831 383 22391 7428
leaf_count=435 1253 2254 67 9453 1453 682 2364 865 640 225 3831 383 22391 7428
internal_value=-0.000360885 -0.000137257 -3.22822e-05 -5.72402e-05 -0.00207897 -0.00470465 0.000129453 0.00140472 0.00586424 -0.000252273 0.00199257 -0.00399674 -0.000562166 0.000757375
internal_weight=53724 53289 52036 51969 4389 2135 47580 10958 1505 36622 4439 608 32183 9792
internal_count=53724 53289 52036 51969 4389 2135 47580 10958 1505 36622 4439 608 32183 9792
cat_boundaries=0 1 2 3
cat_threshold=42796 9996 5154
is_linear=0
shrinkage=0.035


Tree=200
num_leaves=15
num_cat=3
split_feature=10 14 0 23 32 33 22 3 22 23 6 0 16 32
split_gain=265.849 19.7927 20.542 16.6174 31.0003 22.0143 20.8554 20.5217 19.6315 28.6508 26.6097 19.1423 23.4837 19.1177
threshold=1.430952380952381 1.5250000000000001 3250.0000000000005 0.66967604380121915 0 1 0.71617794301896354 52.550000000000004 0.93320260534987021 1.0107009126407038 105.30000000000001 7.1000000000000005 2.9616717662256096 2
decision_type=8 10 10 8 1 1 10 8 8 10 10 10 10 1
left_child=-1 -2 3 4 6 -6 7 11 9 -5 -11 -3 -13 -7
right_child=1 2 -4 8 5 13 -8 -9 -10 10 -12 12 -14 -15
leaf_value=-0.007853316301588387 -0.0061269085968426677 -0.0098904732142886722 18.211799055565169 0.0026253213528090761 0.1155797541857965 0.22599233888492501 -0.041405864480660082 -0.084980932631546977 -0.0017947074921813801 0.0087119419900371052 0.44837550275779281 0.028915194687064116 -0.00060099912984657778 -0.011637660172726952
leaf_weight=435 224 196 66 11660 671 224 1002 594 34134 1279 542 176 299 2222
leaf_count=435 224 196 66 11660 671 224 1002 594 34134 1279 542 176 299 2222
internal_value=-0.00034916 -0.000125436 -8.11193e-05 -0.000106313 -0.00194841 0.000324074 -0.00504601 -0.00206693 0.000102163 0.00123276 0.00530942 0.00212278 0.00590625 -0.00122308
internal_weight=53724 53289 53065 52999 5384 3117 2267 1265 47615 13481 1821 671 475 2446
internal_count=53724 53289 53065 52999 5384 3117 2267 1265 47615 13481 1821 671 475 2446
cat_boundaries=0 1 2 3
cat_threshold=22737 2 256
is_linear=0
shrinkage=0.035


Tree=201
num_leaves=15
num_cat=4
split_feature=10 0 14 23 32 22 7 32 22 32 23 32 24 23
split_gain=265.9 19.3004 18.065 15.647 48.7388 21.7634 26.4662 20.6379 17.1304 31.3806 24.754 23.4857 22.3726 21.7753
threshold=1.430952380952381 3250.0000000000005 1.5250000000000001 1.2376273802286397 0 0.94369723682191498 56.390096618357497 1 1.028564740502943 2 0.89932235726655574 3 1.0000000180025095e-35 1.0335104840763021
decision_type=8 10 10 10 1 10 2 1 8 1 8 1 2 10
left_child=-1 2 -2 8 5 6 -5 -7 11 10 -10 -4 -11 -13
right_child=1 -3 3 4 -6 7 -8 -9 9 12 -12 13 -14 -15
leaf_value=-0.0075784502310327949 -0.0053405371878617134 17.568835709943492 0.0061293517381213027 -0.0038686203024345025 0.028587098086121039 -0.28622507490247523 0.96291283618632351 -0.0086498201264273312 -0.047355639095343155 0.027172942882338017 -0.011658533303238317 -0.0050676384914970281 -0.0057967481903472571 0.011168395128973791
leaf_weight=435 223 67 9345 113 4688 482 82 3233 835 1414 5571 18078 6444 2714
leaf_count=435 223 67 9345 113 4688 482 82 3233 835 1414 5571 18078 6444 2714
internal_value=-0.000346554 -0.000122809 -0.000147294 -0.000104992 0.00126119 -0.00162293 0.009625 -0.00222984 -0.000369657 -0.0013687 -0.0031833 0.000103344 0.000115585 -0.000551737
internal_weight=53724 53289 53222 52999 8598 3910 195 3715 44401 14264 6406 30137 7858 20792
internal_count=53724 53289 53222 52999 8598 3910 195 3715 44401 14264 6406 30137 7858 20792
cat_boundaries=0 1 2 3 4
cat_threshold=13067 256 57479 8581
is_linear=0
shrinkage=0.035


Tree=202
num_leaves=15
num_cat=3
split_feature=10 14 23 32 32 8 22 32 16 22 22 30 3 22
split_gain=265.695 18.6023 16.4603 49.1957 21.9624 21.3491 20.2627 19.9116 19.5799 26.0341 17.5102 15.8274 19.2747 15.8118
threshold=1.430952380952381 1.5250000000000001 1.2376273802286397 0 1 243.88608280814142 1.2532208965727871 2 20.902266908275539 0.94726103245273208 1.0792761919082021 -0.35042475891464198 8.5500000000000025 1.03699550618226
decision_type=8 10 10 1 1 2 10 1 10 10 10 2 10 8
left_child=-1 -2 13 4 10 6 7 -5 11 -10 -4 -6 -13 -3
right_child=1 2 3 5 8 -7 -8 -9 9 -11 -12 12 -14 -15
leaf_value=-0.0073132044729466482 -0.0057255479943780141 0.00029904354330309026 0.092267690629816324 0.065344224313249627 -0.030007743786384451 3.5126080328649958 0.0054241510999884215 0.018551977806903559 1.273106271551673 0.073139274856855965 -0.41564377356384008 0.021844478583240602 -0.018262438088647956 -0.0091672475395489384
leaf_weight=435 224 31094 135 695 921 362 2287 1386 72 1122 368 314 991 13318
leaf_count=435 224 31094 135 695 921 362 2287 1386 72 1122 368 314 991 13318
internal_value=-0.000356977 -0.000133317 -9.03524e-05 0.00130573 -0.00159091 0.00370285 0.00302538 0.00552013 -0.000570597 0.00303586 -0.00831081 -0.00251009 -2.67176e-05 -0.000362474
internal_weight=53724 53289 53065 8653 3923 4730 4368 2081 3420 1194 503 2226 1305 44412
internal_count=53724 53289 53065 8653 3923 4730 4368 2081 3420 1194 503 2226 1305 44412
cat_boundaries=0 1 2 3
cat_threshold=13067 256 16608
is_linear=0
shrinkage=0.035


Tree=203
num_leaves=15
num_cat=2
split_feature=10 14 23 6 15 32 10 16 1 0 22 23 32 24
split_gain=265.849 18.6317 15.6556 21.3056 26.0733 21.362 23.5047 18.2448 22.4761 17.0411 18.9805 28.2307 25.9505 17.2027
threshold=1.430952380952381 1.5250000000000001 0.61903782367930316 48.050000000000004 1100.5000000000002 0 29.169047619047621 3.4429875648046795 7.0500000000000007 741.00000000000011 0.90342656680102584 0.87913198361864497 1 1.0000000180025095e-35
decision_type=8 10 8 10 2 1 10 8 10 10 8 10 1 2
left_child=-1 -2 3 7 5 -5 -7 8 -3 10 11 -4 -13 -12
right_child=1 2 9 4 -6 6 -8 -9 -10 -11 13 12 -14 -15
leaf_value=-0.007057242316393513 -0.0055251538145747814 -0.0066031703147160729 0.00072123605797525425 0.078686794993679615 -1.0787776560160183 0.056859502136675649 -0.078169056594447367 -0.060038053407095553 0.016901408274178704 0.65535752030191941 0.0059784217404503176 0.054244356929840108 0.0080521282905657472 -0.0039407037364023872
leaf_weight=435 224 504 8097 1138 179 125 1011 948 223 1721 5648 971 2104 30396
leaf_count=435 224 504 8097 1138 179 125 1011 948 223 1721 5648 971 2104 30396
internal_value=-0.00034916 -0.000125436 -8.24383e-05 -0.00215098 -7.11961e-05 0.000952172 -0.00243267 -0.0051875 -0.0010041 9.22521e-05 -3.26126e-05 0.00122752 0.00407955 -0.000423313
internal_weight=53724 53289 53065 4128 2453 2274 1136 1675 727 48937 47216 11172 3075 36044
internal_count=53724 53289 53065 4128 2453 2274 1136 1675 727 48937 47216 11172 3075 36044
cat_boundaries=0 1 2
cat_threshold=9519 24772
is_linear=0
shrinkage=0.035


Tree=204
num_leaves=15
num_cat=3
split_feature=13 8 19 16 0 24 2 32 1 30 32 24 32 8
split_gain=189.216 24.8503 18.8173 15.7561 31.2167 22.8448 25.1096 21.0479 20.2843 18.9211 18.7901 17.7296 21.8737 17.6171
threshold=1.3750000000000002 5.8749613062636152 3.5016666666666674 2.0528435526936364 6.0500000000000007 4.5000000000000009 1305.0000000000002 0 16.550000000000004 -0.99465740988130902 1 5.5000000000000009 2 2.0844048251971521
decision_type=10 2 10 10 10 2 10 1 8 2 1 2 1 2
left_child=1 -1 -2 4 -4 6 8 11 13 10 -10 -7 -13 -5
right_child=2 -3 3 5 -6 7 -8 -9 9 -11 -12 12 -14 -15
leaf_value=-0.010310235497459633 -0.0033102380008547144 -0.030861146481079162 -0.0014166360609495056 0.014751744034195175 0.0059414977674147659 -0.022653175106374913 3.1581082599131749 -0.0064225099614665746 -0.11311640097694593 0.0054818595265943423 -0.0027726582205790254 -0.059341133002829456 -0.75094884413262986 -0.017486148691854764
leaf_weight=414 1301 54 3422 191 5144 2393 448 6622 479 29813 705 683 262 1793
leaf_count=414 1301 54 3422 191 5144 2393 448 6622 479 29813 705 683 262 1793
internal_value=-0.000307469 -0.0223467 -0.000111714 -7.40955e-06 0.0013639 -0.000278264 0.000160166 -0.00174912 4.77475e-05 0.000267563 -0.00406224 -0.00400835 -0.00806842 -0.00337858
internal_weight=53724 468 53256 51955 8566 43389 33429 9960 32981 30997 1184 3338 945 1984
internal_count=53724 468 53256 51955 8566 43389 33429 9960 32981 30997 1184 3338 945 1984
cat_boundaries=0 1 2 3
cat_threshold=1579 26184 40
is_linear=0
shrinkage=0.035


Tree=205
num_leaves=15
num_cat=1
split_feature=13 8 1 13 0 5 30 23 4 22 23 17 2 32
split_gain=189.261 24.8503 18.3648 14.7525 17.9044 14.6756 13.5179 13.6009 19.8477 15.1009 26.7348 21.4171 14.5014 12.9663
threshold=1.3750000000000002 5.8749613062636152 2.0500000000000003 2610.0000000000005 3725.0000000000005 1907.9000000000003 -0.99465740988130902 2.0739180411378979 33.100000000000009 1.6741816458481436 0.5029595298864088 20.597146021788301 1305.0000000000002 0
decision_type=10 2 8 10 8 10 2 10 10 10 10 8 10 1
left_child=1 -1 -2 5 -5 6 13 9 -9 12 -11 -12 -8 -4
right_child=2 -3 3 4 -6 -7 7 8 -10 10 11 -13 -14 -15
leaf_value=-0.0099493772550485488 -0.0036319896497926606 -0.029781006354241388 0.014266797187828943 -0.20791882370286205 34.033614633991448 -1.0294635341279237 9.7386908057073849e-05 -0.0020350976729687268 0.57155758523066691 0.12326480860869145 0.020735338718984909 -0.45476502267252583 2.4701504181452458 -0.028020832145060928
leaf_weight=414 506 54 342 77 63 279 48612 419 419 227 120 347 319 1526
leaf_count=414 506 54 342 77 63 279 48612 419 419 227 120 347 319 1526
internal_value=-0.000304863 -0.0223467 -0.000109085 -4.51142e-05 0.0111034 -7.58339e-05 -3.2769e-05 7.55925e-05 0.00448399 7.05219e-07 -0.0051073 -0.00986229 7.36676e-05 -0.00295248
internal_weight=53724 468 53256 52750 140 52610 52331 50463 838 49625 694 467 48931 1868
internal_count=53724 468 53256 52750 140 52610 52331 50463 838 49625 694 467 48931 1868
cat_boundaries=0 1
cat_threshold=259
is_linear=0
shrinkage=0.035


Tree=206
num_leaves=15
num_cat=3
split_feature=13 8 19 23 32 22 32 16 32 23 16 0 10 0
split_gain=189.351 24.8503 17.6763 15.3166 52.4724 25.7374 19.1843 17.8521 17.2461 62.2708 18.5093 30.2242 33.5509 29.3792
threshold=1.3750000000000002 5.8749613062636152 1.4583333333333337 1.2062900538780637 0 0.87751187565618982 1 364.94967701820059 2 0.99852451985666468 3.4429875648046795 6.0500000000000007 36.945238095238103 30.150000000000002
decision_type=10 2 10 10 1 10 1 10 1 8 10 10 10 8
left_child=1 -1 -2 8 5 -5 -7 -6 9 -4 11 -10 -13 -12
right_child=2 -3 3 4 7 6 -8 -9 10 -11 13 12 -14 -15
leaf_value=-0.0096011490511218513 -0.0045168658552005416 -0.02873867113184294 0.21676918311227372 0.19737972068263113 0.023859801302510891 -0.25354865960926126 -0.0078382013120654528 6.760016950567346 -0.0023462736211412698 -0.11952282950713454 -0.022060537967072982 0.0067013856962882248 -0.017446043215198801 -0.0088385104466732409
leaf_weight=414 252 54 1480 103 5225 569 3698 105 5122 1373 3978 7067 1288 22996
leaf_count=414 252 54 1480 103 5225 569 3698 105 5122 1373 3978 7067 1288 22996
internal_value=-0.000299652 -0.0223467 -0.000103828 -5.94239e-05 0.00119732 -0.00164424 -0.0020728 0.00352292 -0.000341038 0.00228208 -0.000526738 0.000532191 0.00182955 -0.00105601
internal_weight=53724 468 53256 53004 9700 4370 4267 5330 43304 2853 40451 13477 8355 26974
internal_count=53724 468 53256 53004 9700 4370 4267 5330 43304 2853 40451 13477 8355 26974
cat_boundaries=0 1 2 3
cat_threshold=13067 256 256
is_linear=0
shrinkage=0.035


Tree=207
num_leaves=15
num_cat=3
split_feature=13 8 1 30 23 33 22 20 24 32 32 26 2 2
split_gain=189.709 24.8503 17.7542 13.5065 13.8696 20.9114 13.3779 13.4071 13.0533 30.2681 20.8503 20.6277 23.0579 19.1939
threshold=1.3750000000000002 5.8749613062636152 2.0500000000000003 -0.99465740988130902 2.0739180411378979 0 1.8174112776305755 2376.3392857142862 4.5000000000000009 1 2 302.50000000000006 2325.0000000000005 33.100000000000009
decision_type=10 2 8 2 10 1 10 10 2 1 1 2 10 10
left_child=1 -1 -2 -4 8 6 -6 -8 10 -10 11 12 -5 -11
right_child=2 -3 3 4 5 -7 7 -9 9 13 -12 -13 -14 -15
leaf_value=-0.009265108834332585 -0.0034531800011014281 -0.027732817642228444 -0.017968981537593937 0.031252107221580783 0.51458193181332335 -0.032952927978003289 0.18634884153843378 -0.31368989356077387 -0.053951322229237764 0.0044528340234411615 3.4960737985896274e-05 0.27870176478582681 11.299025682280273 -0.025397952862807147
leaf_weight=414 506 54 1886 4062 249 289 248 62 2268 3978 33726 632 88 5262
leaf_count=414 506 54 1886 4062 249 289 248 62 2268 3978 33726 632 88 5262
internal_value=-0.000278807 -0.0223467 -8.27998e-05 -1.99033e-05 8.80694e-05 0.00451348 0.00835366 0.00355556 1.25947e-05 -0.00102145 0.00032171 0.00248072 0.00158363 -0.000128579
internal_weight=53724 468 53256 52750 50864 848 559 310 50016 11508 38508 4782 4150 9240
internal_count=53724 468 53256 52750 50864 848 559 310 50016 11508 38508 4782 4150 9240
cat_boundaries=0 1 2 3
cat_threshold=12 1034 1032
is_linear=0
shrinkage=0.035


Tree=208
num_leaves=15
num_cat=2
split_feature=13 8 1 23 32 22 22 23 22 5 32 24 1 29
split_gain=189.821 24.8503 17.7902 13.663 19.3725 23.0032 17.0083 23.9195 23.1968 18.7622 18.2375 16.7128 18.4189 16.6826
threshold=1.3750000000000002 5.8749613062636152 2.0500000000000003 0.63452821575733587 0 0.77527575969891271 0.93320260534987021 1.0292362046000101 0.79873961729340393 105.30000000000001 1 1.0000000180025095e-35 89.65000000000002 -0.8041866928211282
decision_type=10 2 8 8 1 10 10 10 10 10 1 2 10 2
left_child=1 -1 -2 4 11 -6 7 10 -9 -10 13 12 -4 -5
right_child=2 -3 3 6 5 -7 -8 8 9 -11 -12 -13 -14 -15
leaf_value=-0.008940830025130948 -0.0033323187010628756 -0.026762169024750454 0.0021856072339380985 0.076428534031939971 -0.0074330679600292902 -0.048863319090645549 -0.0015137126384887312 0.11913685326663982 0.0028417984399604461 0.34307994533025321 -0.00060744538955576522 -0.004576293407694978 1.0751312754999243 0.013003181171205719
leaf_weight=414 506 54 162 468 1690 749 34270 210 947 400 9314 1714 104 2722
leaf_count=414 506 54 162 468 1690 749 34270 210 947 400 9314 1714 104 2722
internal_value=-0.000272292 -0.0223467 -7.62284e-05 -1.32689e-05 -0.001875 -0.00395069 0.000157129 0.00118193 0.00526569 0.0035466 0.000671517 0.000701754 0.00878229 0.00294852
internal_weight=53724 468 53256 52750 4419 2439 48331 14061 1557 1347 12504 1980 266 3190
internal_count=53724 468 53256 52750 4419 2439 48331 14061 1557 1347 12504 1980 266 3190
cat_boundaries=0 1 2
cat_threshold=42284 390
is_linear=0
shrinkage=0.035


Tree=209
num_leaves=15
num_cat=2
split_feature=13 8 19 23 32 4 17 32 16 22 1 22 30 3
split_gain=189.911 24.8503 15.7553 13.909 44.2127 19.3167 20.7648 18.5067 16.2093 26.8992 16.0885 15.5793 15.2092 20.8616
threshold=1.3750000000000002 5.8749613062636152 1.4583333333333337 1.2376273802286397 0 35.100000000000009 9.5264957267791726 1 20.902266908275539 0.94726103245273208 14.65 1.0792761919082021 -0.35042475891464198 8.5500000000000025
decision_type=10 2 10 10 1 8 10 1 10 10 10 10 2 10
left_child=1 -1 -2 -4 7 6 10 11 12 -10 -6 -5 -9 -14
right_child=2 -3 3 4 5 -7 -8 8 9 -11 -12 -13 13 -15
leaf_value=-0.0086279009742513627 -0.0043134169987228445 -0.025825493108884177 -0.001415103932522392 0.097906931866174898 -0.0018012893550608579 0.099109728183858201 -0.065527072246848672 -0.02881941334053572 1.2128515580212 0.064394201701487089 0.033113571718483163 -0.38346707401696412 0.023655491982961616 -0.016249276906238778
leaf_weight=414 252 54 44368 135 719 3001 389 916 72 1123 623 364 303 991
leaf_count=414 252 54 44368 135 719 3001 389 916 72 1123 623 364 303 991
internal_value=-0.000267081 -0.0223467 -7.09713e-05 -2.90517e-05 0.00125564 0.00352433 0.000584677 -0.00150038 -0.000562865 0.0027125 0.00265033 -0.00769455 -0.0023386 0.000107775
internal_weight=53724 468 53256 53004 8636 4732 1731 3904 3405 1195 1342 499 2210 1294
internal_count=53724 468 53256 53004 8636 4732 1731 3904 3405 1195 1342 499 2210 1294
cat_boundaries=0 1 2
cat_threshold=13067 256
is_linear=0
shrinkage=0.035


Tree=210
num_leaves=15
num_cat=3
split_feature=13 8 1 23 4 29 32 22 24 32 22 23 32 23
split_gain=189.866 24.8503 17.0622 13.1195 23.0452 20.1636 19.9958 16.1075 14.7866 33.457 27.4264 30.7551 34.5095 23.319
threshold=1.3750000000000002 5.8749613062636152 2.0500000000000003 1.6248060564443316 64.90000000000002 0.92922379131507438 0 1.6741816458481436 1.0000000180025095e-35 1 1.105689447222493 0.90503749086025886 2 0.73525604905317465
decision_type=10 2 8 10 10 2 1 10 2 1 10 8 1 10
left_child=1 -1 -2 8 6 7 -5 -6 9 -4 13 12 -12 -10
right_child=2 -3 3 4 5 -7 -8 -9 10 -11 11 -13 -14 -15
leaf_value=-0.0083259244401525639 -0.0032438950787653169 -0.024921600850073222 -0.0048888713971768196 -0.037099149767243753 0.47201812387103881 1.9272051487711956 0.018450689747936389 -0.18297783154536817 -0.0083414824778064479 0.0199383681009354 0.0070138445483784477 -0.010553475990906228 -0.11304979445746949 0.0026524101615326948
leaf_weight=414 506 54 3561 608 544 169 867 250 8917 4361 257 8815 484 23917
leaf_count=414 506 54 3561 608 544 169 867 250 8917 4361 257 8815 484 23917
internal_value=-0.000269687 -0.0223467 -7.35998e-05 -1.1942e-05 0.00249284 0.00668905 -0.000260135 0.00429287 -0.000133553 0.00125394 -0.000392971 -0.00204267 -0.00886729 8.73961e-05
internal_weight=53724 468 53256 52750 2438 963 1475 794 50312 7922 42390 9556 741 32834
internal_count=53724 468 53256 52750 2438 963 1475 794 50312 7922 42390 9556 741 32834
cat_boundaries=0 1 2 3
cat_threshold=38662 10961 888
is_linear=0
shrinkage=0.035


Tree=211
num_leaves=15
num_cat=2
split_feature=13 8 1 23 4 3 24 32 9 22 23 32 1 23
split_gain=189.955 24.8503 17.0904 13.0639 23.1668 14.6573 14.1113 32.6865 27.2445 25.8855 27.9659 32.2597 24.5335 21.8404
threshold=1.3750000000000002 5.8749613062636152 2.0500000000000003 1.6248060564443316 155.30000000000004 200.75000000000003 1.0000000180025095e-35 0 1842.5000000000002 1.105689447222493 0.90503749086025886 1 27.100000000000005 0.73525604905317465
decision_type=10 2 8 10 10 8 2 1 8 8 8 1 10 10
left_child=1 -1 -2 6 5 -5 7 8 -4 13 11 -11 -9 -8
right_child=2 -3 3 4 -6 -7 9 12 -10 10 -12 -13 -14 -15
leaf_value=-0.0080345170847472246 -0.0031303587510085342 -0.024049344820320669 0.1970229980323322 0.013667809629964191 1.3202749032315171 -0.19032641136148465 -0.0080495305910832128 -0.0068819658975765837 0.015377372044499699 0.11579599728322365 -0.010184104331224516 -0.093740515229028931 0.018301154646206224 0.0025595758058790533
leaf_weight=414 506 54 583 1698 512 228 8917 2533 1527 129 8815 612 3279 23917
leaf_count=414 506 54 583 1698 512 228 8917 2533 1527 129 8815 612 3279 23917
internal_value=-0.000264475 -0.0223467 -6.83427e-05 -6.63444e-06 0.00249284 0.000725013 -0.000127989 0.00122745 0.00494118 -0.000381413 -0.0019841 -0.00849196 -0.000132143 8.52645e-05
internal_weight=53724 468 53256 52750 2438 1926 50312 7922 2110 42390 9556 741 5812 32834
internal_count=53724 468 53256 52750 2438 1926 50312 7922 2110 42390 9556 741 5812 32834
cat_boundaries=0 1 2
cat_threshold=21506 352
is_linear=0
shrinkage=0.035


Tree=212
num_leaves=15
num_cat=1
split_feature=13 8 1 0 5 16 0 0 8 1 30 6 24 32
split_gain=187.218 24.5223 16.2943 12.7296 13.0168 11.9941 30.3109 20.6193 23.2819 21.18 17.1409 18.1287 20.0547 18.1028
threshold=1.3750000000000002 5.8749613062636152 2.0500000000000003 3250.0000000000005 2137.5000000000005 2.0528435526936364 6.0500000000000007 8.5500000000000025 2.0844048251971521 24.650000000000002 -0.99052477729077237 55.100000000000009 4.5000000000000009 0
decision_type=10 2 8 10 10 10 10 8 2 10 2 10 2 1
left_child=1 -1 -2 4 5 6 -4 9 -9 -7 -10 -12 -13 -14
right_child=2 -3 3 -5 -6 7 -8 8 10 -11 11 12 13 -15
leaf_value=-0.0077533089867810748 -0.0030207961947232281 -0.023207617751609434 -0.0014241143756355413 15.358381587369239 -1.0114503505324399 -0.023023088725064492 0.0056017053878717965 0.019801908857443956 -0.04117020805194193 0.28164293457810113 -0.006065499302853202 0.023900693792202637 0.020662205388148679 -0.070601260813119002
leaf_weight=414 506 54 4102 66 252 610 5176 252 1953 51 17484 17700 2668 2436
leaf_count=414 506 54 4102 66 252 610 5176 252 1953 51 17484 17700 2668 2436
internal_value=-0.000276201 -0.0221987 -8.14855e-05 -2.12302e-05 -4.11851e-05 -2.66987e-06 0.00113864 -0.000248152 -0.00015236 -0.00635886 -0.000216233 -6.08046e-05 0.000589241 -0.00134273
internal_weight=53724 468 53256 52750 52684 52432 9278 43154 42493 661 42241 40288 22804 5104
internal_count=53724 468 53256 52750 52684 52432 9278 43154 42493 661 42241 40288 22804 5104
cat_boundaries=0 1
cat_threshold=39828
is_linear=0
shrinkage=0.035


Tree=213
num_leaves=15
num_cat=1
split_feature=13 8 1 0 5 23 4 22 0 23 2 23 32 21
split_gain=187.218 24.5223 14.8905 12.7342 13.008 11.6705 19.633 16.7028 29.6728 15.0254 12.7475 14.2616 11.9377 11.9261
threshold=1.3750000000000002 5.8749613062636152 2.0500000000000003 3250.0000000000005 2137.5000000000005 2.0739180411378979 64.90000000000002 1.6741816458481436 51.850000000000001 1.3693108396807774 1305.0000000000002 1.3520262152693856 0 2281.8898809523812
decision_type=10 2 8 10 10 10 10 10 10 8 10 8 1 2
left_child=1 -1 -2 4 5 7 12 10 9 -9 -4 -12 -7 -11
right_child=2 -3 3 -5 -6 6 -8 8 -10 13 11 -13 -14 -15
leaf_value=-0.0074819431722437345 -0.0029150683279079207 -0.022395351130303106 -0.00019359157798834573 14.820838231811308 -0.9760495882638055 0.032358136976256176 1.2345967063115313 -0.21021751595308052 -0.47340638464682622 0.10428537991159249 -0.18346536368048988 3.8260536023251941 -0.084703032924112506 -0.055468763809851156
leaf_weight=414 506 54 50476 66 252 278 304 76 340 210 177 205 269 97
leaf_count=414 506 54 50476 66 252 278 304 76 340 210 177 205 269 97
internal_value=-0.000276201 -0.0221987 -8.14855e-05 -2.3884e-05 -4.38422e-05 -5.33974e-06 0.0040479 -7.25972e-05 -0.00533654 0.00135309 2.75249e-06 0.00633075 6.34058e-05 0.00482372
internal_weight=53724 468 53256 52750 52684 52432 851 51581 723 383 50858 382 547 307
internal_count=53724 468 53256 52750 52684 52432 851 51581 723 383 50858 382 547 307
cat_boundaries=0 1
cat_threshold=24681
is_linear=0
shrinkage=0.035


Tree=214
num_leaves=15
num_cat=1
split_feature=13 8 19 0 5 29 30 32 11 16 16 16 0 8
split_gain=187.129 24.5223 15.6978 12.7702 12.9385 11.1045 10.8601 14.4469 16.2406 13.1237 16.3094 14.9254 22.0665 18.5667
threshold=1.3750000000000002 5.8749613062636152 1.4583333333333337 3250.0000000000005 2137.5000000000005 -0.64578423485557612 -0.99465740988130902 0 31.33589743589744 0.1112697280528364 0.54772255750852961 2.0528435526936364 6.0500000000000007 13.051667985646636
decision_type=10 2 10 10 10 2 2 1 10 10 10 10 10 2
left_child=1 5 -2 4 6 -1 7 -4 -9 -8 -11 12 -12 -13
right_child=2 -3 3 -5 -6 -7 9 8 -10 10 11 13 -14 -15
leaf_value=-0.0028520833640546788 -0.0043405179680077732 -0.021611513840742502 0.010352787595783787 14.302108893697916 -0.94188785267457331 -0.0072200751612152047 0.0036738767163633566 0.0028922692019760369 -0.09554729677558628 -0.0031383889040960582 -0.0010241008320845736 -0.0055795516435877615 0.0061975871791720063 0.012048924840235495
leaf_weight=57 252 54 455 66 252 357 104 513 914 1351 3085 16770 4656 24838
leaf_count=57 252 54 455 66 252 357 104 513 914 1351 3085 16770 4656 24838
internal_value=-0.000281412 -0.0221987 -8.67426e-05 -4.4898e-05 -6.47867e-05 -0.0250597 -2.657e-05 -0.00263381 -0.00434466 7.02631e-05 4.41771e-05 0.000148215 0.00155887 -0.000114387
internal_weight=53724 468 53256 53004 52938 414 52686 1882 1427 50804 50700 49349 7741 41608
internal_count=53724 468 53256 53004 52938 414 52686 1882 1427 50804 50700 49349 7741 41608
cat_boundaries=0 1
cat_threshold=2307
is_linear=0
shrinkage=0.035


Tree=215
num_leaves=15
num_cat=2
split_feature=14 6 24 32 20 0 33 29 30 16 20 23 30 17
split_gain=103.798 18.0213 13.1237 46.9944 20.7091 18.3884 17.7348 23.0905 21.0045 19.3958 24.6882 22.8699 18.6064 17.9529
threshold=1.3750000000000002 39.850000000000009 5.5000000000000009 0 1055.9166666666667 3250.0000000000005 1 0.534952257794027 -0.9292178835113839 26.832815729997368 1300.4166666666667 2.0739180411378979 0.011826144619637555 2.8640271498628382
decision_type=10 10 2 1 10 10 1 2 2 10 10 10 2 10
left_child=1 -1 5 -4 -5 6 7 -2 13 -10 -11 -12 -13 -8
right_child=2 -3 3 4 -6 -7 8 -9 9 10 11 12 -14 -15
leaf_value=-0.0069673725305726703 0.017749915912189922 0.087393740437001183 -0.721331939615526 -0.051707262648842865 0.00068727210252880874 15.238083066447295 0.0029390979110899009 -0.0074531518312850147 -0.0015595501110425849 -0.37776545439646375 0.11196412699702876 1.3149344841239179 -0.10288060579812965 -0.035901538693705888
leaf_weight=432 8015 51 264 666 3413 61 1151 4429 25026 209 5911 267 106 3723
leaf_count=432 8015 51 264 666 3413 61 1151 4429 25026 209 5911 267 106 3723
internal_value=-0.000212362 -0.0162807 -6.50753e-05 -0.00190777 -0.00094895 9.87669e-05 7.38094e-05 0.00121358 -0.000316277 1.44334e-05 0.00171822 0.0021148 0.010463 -0.00245337
internal_weight=53724 483 53241 4343 4079 48898 48837 12444 36393 31519 6493 6284 373 4874
internal_count=53724 483 53241 4343 4079 48898 48837 12444 36393 31519 6493 6284 373 4874
cat_boundaries=0 1 2
cat_threshold=1024 2
is_linear=0
shrinkage=0.035


Tree=216
num_leaves=15
num_cat=2
split_feature=10 19 5 0 5 17 16 0 1 8 24 32 9 32
split_gain=94.4758 19.6437 19.323 12.7687 12.9412 11.2237 15.1013 18.4798 17.3053 17.7498 17.0896 28.1606 33.4111 18.0729
threshold=1.281666666666667 1.2875000000000003 37.050000000000004 3250.0000000000005 2137.5000000000005 0.70192278800603503 2.0528435526936364 6.0500000000000007 9.0500000000000025 2.0844048251971521 1.0000000180025095e-35 0 2852.5000000000005 1
decision_type=10 10 8 10 10 10 10 10 8 2 2 1 8 1
left_child=2 -2 -1 4 5 -3 7 -7 -8 -10 11 12 -11 -13
right_child=1 3 -4 -5 -6 6 8 -9 9 10 -12 13 -14 -15
leaf_value=-0.010223515326467651 -0.0062862778049683219 -0.0018833511535180326 -0.0014735174126302166 13.268202175092826 -0.90262150590748758 -0.0012910002866366144 -0.017236600293315068 0.0055380651896197548 0.019007944036998799 0.66015019235405203 -0.0054541682124092453 -0.018088760909787852 0.0461855812774013 0.019093378247726948
leaf_weight=243 214 1666 50 66 252 3168 769 4969 232 234 35662 1326 275 4598
leaf_count=243 214 1666 50 66 252 3168 769 4969 232 234 35662 1326 275 4598
internal_value=-0.000196728 -8.71136e-05 -0.019849 -4.40607e-05 -6.38686e-05 -2.58015e-05 6.62594e-05 0.00144866 -0.000194891 -0.000100043 -0.0001538 0.0015059 0.00928435 0.000813268
internal_weight=53724 53431 293 53217 53151 52899 51233 8137 43096 42327 42095 6433 509 5924
internal_count=53724 53431 293 53217 53151 52899 51233 8137 43096 42327 42095 6433 509 5924
cat_boundaries=0 1 2
cat_threshold=1024 8273
is_linear=0
shrinkage=0.035


Tree=217
num_leaves=15
num_cat=2
split_feature=10 19 5 23 22 32 23 32 1 0 19 23 22 3
split_gain=94.5635 19.6782 19.323 11.2202 17.5678 35.5887 22.0288 36.5494 32.664 19.5556 17.472 15.7553 15.2201 21.7719
threshold=1.281666666666667 1.2875000000000003 37.050000000000004 0.45127034967168128 0.77030831769964714 0 0.66967604380121915 1 99.750000000000014 3.0500000000000003 482.62500000000006 0.13344941042644634 0.64433746342902809 220.30000000000004
decision_type=10 10 8 8 10 1 8 1 10 10 10 10 10 10
left_child=2 -2 -1 11 5 -5 7 8 -6 -7 -10 -3 13 -11
right_child=1 3 -4 4 6 9 -8 -9 10 12 -12 -13 -14 -15
leaf_value=-0.009865692290041285 -0.0060662580817944243 0.12547726978656881 -0.0014219443031881619 0.05620396377789659 -0.021148286064941787 -0.0099704188414997952 -6.3239471308704787e-05 -0.043623187865195256 0.55974280091720785 0.037232199389620788 -0.1529025769236482 -0.021903253131128432 0.0011074488623787173 -0.52874388731666733
leaf_weight=243 214 167 50 847 607 958 44818 751 206 972 102 1439 2181 169
leaf_count=243 214 167 50 847 607 958 44818 751 206 972 102 1439 2181 169
internal_value=-0.000187608 -7.79437e-05 -0.019849 -3.4854e-05 5.49248e-05 0.00199825 -0.000159608 -0.00410533 0.000639785 0.000684517 0.00984026 -0.00291124 0.00195672 0.00522251
internal_weight=53724 53431 293 53217 51611 5127 46484 1666 915 4280 308 1606 3322 1141
internal_count=53724 53431 293 53217 51611 5127 46484 1666 915 4280 308 1606 3322 1141
cat_boundaries=0 1 2
cat_threshold=8324 44310
is_linear=0
shrinkage=0.035


Tree=218
num_leaves=15
num_cat=1
split_feature=10 19 5 23 32 16 2 6 10 6 24 29 5 22
split_gain=94.3381 19.5896 19.323 12.9893 24.9616 19.4142 21.4149 17.2627 16.9291 15.8247 19.5052 20.8578 16.916 15.5655
threshold=1.281666666666667 1.2875000000000003 37.050000000000004 0.64286717777866997 0 3.0822070014841709 6.5500000000000007 66.850000000000009 51.745000000000012 48.050000000000004 1.0000000180025095e-35 -0.108376950152639 190.50000000000003 0.93320260534987021
decision_type=10 10 8 8 1 10 10 8 10 8 2 2 8 10
left_child=2 -2 -1 4 5 6 -3 -7 -9 -6 -11 -12 -13 -5
right_child=1 3 -4 13 9 7 -8 8 -10 10 11 12 -14 -15
leaf_value=-0.0095203930598898381 -0.0058539390489316129 -0.0069322673106564873 -0.0013721762525765748 0.0048507826546246953 -0.0071523757481084674 -0.070768295543860396 0.024259107412696008 0.021397226551520102 -0.13403960884637511 0.18378359633729555 0.1196872091255694 0.027996364283165518 -0.132217048440536 -0.0014745663957838186
leaf_weight=243 214 186 50 14063 1084 366 144 209 756 192 573 529 624 34491
leaf_count=243 214 186 50 14063 1084 366 144 209 756 192 573 529 624 34491
internal_value=-0.000211059 -0.000101523 -0.019849 -5.85284e-05 -0.00182198 -0.00524165 0.00229851 -0.00715195 -0.00465464 9.28074e-05 0.00200208 0.000808781 -0.00190415 0.000110999
internal_weight=53724 53431 293 53217 4663 1661 330 1331 965 3002 1918 1726 1153 48554
internal_count=53724 53431 293 53217 4663 1661 330 1331 965 3002 1918 1726 1153 48554
cat_boundaries=0 1
cat_threshold=22736
is_linear=0
shrinkage=0.035


Tree=219
num_leaves=15
num_cat=2
split_feature=10 19 5 23 32 15 32 22 5 3 16 13 24 3
split_gain=94.3381 19.5896 19.323 11.7099 28.7902 20.5262 19.7858 36.2297 21.9701 20.4459 15.7876 17.0912 17.0113 18.5345
threshold=1.281666666666667 1.2875000000000003 37.050000000000004 0.73525604905317465 0 895.50000000000011 1 0.692451919922213 10.100000000000001 35.100000000000009 90.706223711825999 80.050000000000011 5.5000000000000009 450.50000000000006
decision_type=10 10 8 8 1 2 1 10 8 8 10 10 2 8
left_child=2 -2 -1 4 -3 6 7 9 -8 -6 -5 -12 13 -13
right_child=1 3 -4 10 5 -7 8 -9 -10 -11 11 12 -14 -15
leaf_value=-0.0091871793027936913 -0.005649051182218999 0.21059789231238152 -0.0013241500837363907 -4.1173730301409251e-05 0.019277011424913067 -0.94704097582235858 -0.0066123880038549531 -0.04882973996976802 0.0058402953424164846 -0.029531700367121307 -0.50261380872133166 0.94538026865152025 -1.2390828775014546 0.38432642346530205
leaf_weight=243 214 409 50 43229 303 324 715 1106 4023 485 50 631 231 1711
leaf_count=243 214 409 50 43229 303 324 715 1106 4023 485 50 631 231 1711
internal_value=-0.000211059 -0.000101523 -0.019849 -5.85284e-05 -0.00135346 -0.00188782 -0.00146602 -0.00447355 -0.000250368 0.00123581 0.000149595 0.00278349 0.00319046 0.00408607
internal_weight=53724 53431 293 53217 7365 6956 6632 1894 4738 788 45852 2623 2573 2342
internal_count=53724 53431 293 53217 7365 6956 6632 1894 4738 788 45852 2623 2573 2342
cat_boundaries=0 1 2
cat_threshold=256 22720
is_linear=0
shrinkage=0.035


Tree=220
num_leaves=15
num_cat=4
split_feature=10 5 19 23 22 32 23 32 1 0 32 26 32 26
split_gain=94.4383 19.323 17.3023 11.3846 16.2503 30.7108 19.5792 37.6235 23.602 17.9674 15.9007 14.7627 19.3252 17.8801
threshold=1.281666666666667 37.050000000000004 1.2875000000000003 0.46950690079699353 0.77030831769964714 0 0.66967604380121915 1 99.750000000000014 3.0500000000000003 2 312.50000000000006 3 348.50000000000006
decision_type=10 8 10 8 10 1 8 1 10 10 1 2 1 2
left_child=1 -1 -2 10 5 -5 7 -6 -9 -7 -4 -8 13 -13
right_child=2 -3 3 4 6 9 11 8 -10 -11 -12 12 -14 -15
leaf_value=-0.0088656280271959091 -0.0054513343908413284 -0.0012778048308056157 0.0065503917876984048 0.053476763789354211 -0.047759391074818421 -0.0095539285844547812 -0.0011893322282851672 -0.022366448788091523 0.34674814010168153 0.010657631998298084 -0.027293954235209795 0.065139734490278517 0.00052423502125300788 -0.0060609387570080657
leaf_weight=243 214 50 703 832 450 952 39635 826 351 3201 1084 1337 3232 614
leaf_count=243 214 50 703 832 450 952 39635 826 351 3201 1084 1337 3232 614
internal_value=-0.000200637 -0.019849 -9.10435e-05 -5.0637e-05 4.49111e-05 0.00194289 -0.000158988 -0.00392463 -0.000557886 0.000696977 -0.00279297 -2.18638e-05 0.00173381 0.00446846
internal_weight=53724 293 53431 53217 51430 4985 46445 1627 1177 4153 1787 44818 5183 1951
internal_count=53724 293 53431 53217 51430 4985 46445 1627 1177 4153 1787 44818 5183 1951
cat_boundaries=0 1 2 3 4
cat_threshold=8324 20673 25389 36488
is_linear=0
shrinkage=0.035


Tree=221
num_leaves=15
num_cat=1
split_feature=10 5 19 0 30 16 16 16 0 1 6 24 32 21
split_gain=94.4633 19.323 17.3116 11.134 10.5938 12.6445 13.8516 14.522 17.0276 16.3339 15.969 15.7656 24.8555 30.9873
threshold=1.281666666666667 37.050000000000004 1.2875000000000003 3250.0000000000005 -0.99465740988130902 1.0000000180025095e-35 0.54772255750852961 2.0528435526936364 6.0500000000000007 9.0500000000000025 14.65 1.0000000180025095e-35 0 2072.858333333334
decision_type=10 8 10 10 2 10 10 10 10 8 10 2 1 2
left_child=1 -1 -2 4 -4 -6 -7 8 10 -9 -8 12 13 -11
right_child=2 -3 3 -5 5 6 7 9 -10 11 -12 -13 -14 -15
leaf_value=-0.0085553310462440513 -0.0052605376871618856 -0.0012330816617274222 -0.015995419630329584 12.790459123976634 0.0070168891704458329 -0.002722046317894669 0.00064128457299079239 -0.01663015901009296 0.0056402128916346736 0.86756541223101014 -0.014906650289964421 -0.0040314706266004049 0.0093319783537219973 -0.017507223358340485
leaf_weight=243 214 50 1897 66 66 1569 2586 734 4656 301 519 34899 5714 210
leaf_count=243 214 50 1897 66 66 1569 2586 734 4656 301 519 34899 5714 210
internal_value=-0.000198031 -0.019849 -8.84235e-05 -4.80065e-05 -6.65024e-05 2.86779e-05 8.20425e-06 0.000110733 0.00150077 -0.000147147 -0.000506431 -5.44628e-05 0.00156742 0.00884981
internal_weight=53724 293 53431 53217 53151 51254 51188 49619 7761 41858 3105 41124 6225 511
internal_count=53724 293 53431 53217 53151 51254 51188 49619 7761 41858 3105 41124 6225 511
cat_boundaries=0 1
cat_threshold=1024
is_linear=0
shrinkage=0.035


Tree=222
num_leaves=15
num_cat=2
split_feature=10 5 19 23 32 22 0 29 30 32 23 16 0 22
split_gain=94.4508 19.323 17.307 11.3709 46.2745 23.5523 29.7206 20.1071 17.1721 16.9105 60.8647 17.0454 24.9054 34.9562
threshold=1.281666666666667 37.050000000000004 1.2875000000000003 1.2062900538780637 0 1.267741240795133 952.00000000000011 0.94425825643485939 -0.30982845708428081 1 0.99852451985666468 3.4429875648046795 30.150000000000002 1.1861016125459249
decision_type=10 8 10 10 1 10 8 2 2 1 10 10 8 10
left_child=1 -1 -2 9 7 8 -7 -5 -6 10 -4 -11 13 -13
right_child=2 -3 3 4 5 6 -8 -9 -10 11 -12 12 -14 -15
leaf_value=-0.0082558944596255093 -0.0050764188681112141 -0.0011899238035669624 0.16851629173393123 -0.029306314513731599 0.0067490607366327464 -0.0084358999639909185 2.8975358862631433 0.024644766842770782 0.048729047794863374 0.0008187389004332069 -0.16375523568798819 -0.014055828682395364 -0.00824303198141795 -0.12187758681040832
leaf_weight=243 214 50 1917 2050 1612 3078 366 264 2357 13658 936 3615 22998 366
leaf_count=243 214 50 1917 2050 1612 3078 366 264 2357 13658 936 3615 22998 366
internal_value=-0.000199334 -0.019849 -8.97335e-05 -4.93217e-05 0.00103216 0.00237951 0.000263845 -0.00327608 0.00421867 -0.000291298 0.00230649 -0.000474392 -0.000984472 -0.00353864
internal_weight=53724 293 53431 53217 9727 7413 3444 2314 3969 43490 2853 40637 26979 3981
internal_count=53724 293 53431 53217 9727 7413 3444 2314 3969 43490 2853 40637 26979 3981
cat_boundaries=0 1 2
cat_threshold=8451 256
is_linear=0
shrinkage=0.035


Tree=223
num_leaves=15
num_cat=3
split_feature=10 5 14 0 5 24 32 21 33 29 21 24 32 23
split_gain=94.4132 19.323 16.5049 11.1436 11.1779 10.3333 38.5808 20.9721 18.0408 22.0676 18.181 16.8421 18.0903 16.8095
threshold=1.281666666666667 37.050000000000004 1.3750000000000002 3250.0000000000005 2137.5000000000005 5.5000000000000009 0 1068.2971014492757 1 0.534952257794027 1159.574275362319 1.0000000180025095e-35 2 2.0739180411378979
decision_type=10 8 10 10 10 2 1 2 1 2 2 2 1 10
left_child=1 -1 -2 4 5 8 -7 -8 9 11 -10 12 -4 -12
right_child=2 -3 3 -5 -6 6 7 -9 10 -11 13 -13 -14 -15
leaf_value=-0.0079669381535386122 -0.0044679857597410147 -0.0011482764704421223 0.36021212209893028 12.241379298618241 -0.81866078882104898 -0.67510316292810257 -0.0483668207760167 0.0012482220064186401 -0.018565383670117019 -0.0063656667785907889 -0.001084563281208394 0.01213876485874441 0.025007790744506306 0.08932345629036148
leaf_weight=243 217 50 172 66 252 256 688 3369 848 4352 34724 6602 1206 679
leaf_count=243 217 50 172 66 252 256 688 3369 848 4352 34724 6602 1206 679
internal_value=-0.000203242 -0.019849 -9.36634e-05 -5.39281e-05 -7.24324e-05 -3.70503e-05 -0.00167786 -0.000816552 0.000108772 0.00126427 -0.000284702 0.00235817 0.00587129 -0.000163099
internal_weight=53724 293 53431 53214 53148 52896 4313 4057 48583 12332 36251 7980 1378 35403
internal_count=53724 293 53431 53214 53148 52896 4313 4057 48583 12332 36251 7980 1378 35403
cat_boundaries=0 1 2 3
cat_threshold=1024 2 17408
is_linear=0
shrinkage=0.035


Tree=224
num_leaves=15
num_cat=4
split_feature=10 5 19 23 32 0 22 32 23 32 32 22 6 17
split_gain=94.4633 19.323 17.3116 10.8295 18.7222 23.1327 12.5589 23.6457 22.1193 41.9736 33.6881 25.7807 20.0948 19.8037
threshold=1.281666666666667 37.050000000000004 1.2875000000000003 1.6248060564443316 0 952.00000000000011 1.03699550618226 1 1.0247760724082713 2 3 0.78916870577283704 279.50000000000006 10.357254813543745
decision_type=10 8 10 10 1 10 10 1 10 1 1 10 10 10
left_child=1 -1 -2 6 -5 -6 8 12 10 -10 13 -11 -8 -4
right_child=2 -3 3 4 5 -7 7 -9 9 11 -12 -13 -14 -15
leaf_value=-0.0076880953181647635 -0.004402741825130529 -0.0011080867939766514 -0.090513342530324475 -0.041814818230946155 0.02015239444449405 5.2431807413953182 -0.0013082739033604862 -0.014009052188730192 0.046893860968954919 0.11125565224605795 -0.0020168034029098437 0.0014028515853658165 0.37959556731143129 0.20409269504673191
leaf_weight=243 214 50 126 571 1710 173 8139 9169 955 163 24627 4935 1329 1320
leaf_count=243 214 50 126 571 1710 173 8139 9169 955 163 24627 4935 1329 1320
internal_value=-0.000198031 -0.019849 -8.84235e-05 -4.80065e-05 0.00222041 0.00389094 -0.000157875 -0.000880539 0.00026143 0.00216656 -0.000181187 0.000889889 0.000346937 0.00498289
internal_weight=53724 293 53431 53217 2454 1883 50763 18637 32126 6053 26073 5098 9468 1446
internal_count=53724 293 53431 53217 2454 1883 50763 18637 32126 6053 26073 5098 9468 1446
cat_boundaries=0 1 2 3 4
cat_threshold=774 40552 4288 256
is_linear=0
shrinkage=0.035


Tree=225
num_leaves=15
num_cat=2
split_feature=10 5 19 30 7 32 15 8 16 16 16 0 6 33
split_gain=94.5259 19.323 17.3347 10.0424 13.3454 19.2845 13.9484 17.4056 12.606 12.9169 14.3133 16.338 14.5057 19.453
threshold=1.281666666666667 37.050000000000004 1.2875000000000003 -0.99465740988130902 208.28620401337795 0 132.55000000000004 21.241104289910929 1.0000000180025095e-35 0.54772255750852961 2.0528435526936364 4.5500000000000007 30.100000000000005 1
decision_type=10 8 10 2 2 1 2 2 10 10 10 10 10 1
left_child=1 -1 -2 4 6 -6 7 -4 -5 -10 11 -11 13 -12
right_child=2 -3 3 8 5 -7 -8 -9 9 10 12 -13 -14 -15
leaf_value=-0.0074190119820289942 -0.0042486458612509635 -0.001069303756187472 -0.0017546056418113666 0.0072709187294128837 -0.054690286431876706 -0.55648581329482649 0.24049493714722278 -0.17365087244623614 -0.0025820291189633296 -0.0015926142032706592 -0.015515850935359935 0.0044260348676087398 0.0042330939202963698 -0.00065773578759021245
leaf_weight=243 214 50 1127 66 226 177 154 214 1569 2319 4043 5442 30223 7657
leaf_count=243 214 50 1127 66 226 177 154 214 1569 2319 4043 5442 30223 7657
internal_value=-0.000191517 -0.019849 -8.18736e-05 -4.14302e-05 -0.0025381 -0.00814951 -0.00100333 -0.00215825 5.11457e-05 3.07269e-05 0.000129606 0.00150979 -0.000126049 -0.00117215
internal_weight=53724 293 53431 53217 1898 403 1495 1341 51319 51253 49684 7761 41923 11700
internal_count=53724 293 53431 53217 1898 403 1495 1341 51319 51253 49684 7761 41923 11700
cat_boundaries=0 1 2
cat_threshold=3350 1
is_linear=0
shrinkage=0.035


Tree=226
num_leaves=15
num_cat=1
split_feature=10 5 19 30 8 32 4 16 16 16 0 1 24 10
split_gain=94.5385 19.323 17.3393 10.3512 13.4687 19.2412 17.5461 12.6013 12.5738 13.4251 18.355 17.8131 22.4131 19.2779
threshold=1.281666666666667 37.050000000000004 1.2875000000000003 -0.99465740988130902 9.1958129127936807 0 58.550000000000004 1.0000000180025095e-35 0.54772255750852961 2.4143665674687056 6.0500000000000007 21.550000000000004 1.0000000180025095e-35 63.048571428571435
decision_type=10 8 10 2 2 1 8 10 10 10 10 8 2 10
left_child=1 -1 -2 4 -4 -6 -7 -5 -9 10 -10 13 -13 -11
right_child=2 -3 3 7 5 6 -8 8 9 11 -12 12 -14 -15
leaf_value=-0.0071593465626579797 -0.0040999432561071797 -0.0010318781247209087 0.0017168408411838423 0.0070164365738834096 -0.24987277279621581 -0.074379798570230415 0.020773282415167023 -0.0024916580997996055 -0.0012287667498736055 -0.012624201833120774 0.0049659158398662846 0.024060011033093576 -0.004033887641813152 0.93852602639266591
leaf_weight=243 214 50 851 66 414 111 522 1569 3444 3429 5947 5519 31287 58
leaf_count=243 214 50 851 66 414 111 522 1569 3444 3429 5947 5519 31287 58
internal_value=-0.000190214 -0.019849 -8.05637e-05 -4.0115e-05 -0.00257488 -0.00522338 -0.00124228 5.38734e-05 3.34582e-05 0.000131015 0.00132237 -0.000146781 7.98674e-05 -0.0025358
internal_weight=53724 293 53431 53217 1898 1047 633 51319 51253 49684 9391 40293 36806 3487
internal_count=53724 293 53431 53217 1898 1047 633 51319 51253 49684 9391 40293 36806 3487
cat_boundaries=0 1
cat_threshold=42569
is_linear=0
shrinkage=0.035


Tree=227
num_leaves=15
num_cat=4
split_feature=13 8 23 32 16 2 22 23 8 32 3 32 32 23
split_gain=61.3194 14.462 10.5752 20.0015 16.8349 19.4045 15.56 22.6791 30.1575 17.9369 16.2409 16.7963 16.1429 28.6736
threshold=1.2250000000000003 6.3781975232994883 0.64286717777866997 0 3.0822070014841709 6.5500000000000007 0.93320260534987021 1.0771195213417017 20.027100584945568 1 1.4500000000000002 2 3 0.93780040196279602
decision_type=10 2 8 1 10 10 10 10 2 1 10 1 1 8
left_child=1 -1 3 4 5 -2 7 9 -9 -4 11 -8 13 -12
right_child=2 -3 6 -5 -6 -7 10 8 -10 -11 12 -13 -14 -15
leaf_value=-0.010408770267429975 -0.0052835821686987253 0.079842334098373741 0.028648759043996944 0.00011008057091791203 -0.064915747287778991 0.021555143934680804 0.0027982225710960697 0.0053828508611964429 0.495448227995333 9.1228063639972051e-05 -0.012799198096977023 -0.0061019431210122023 -0.0056969043558994644 0.0060237664882199929
leaf_weight=233 188 51 2524 3015 1332 144 757 675 385 10505 2418 1246 16719 13532
leaf_count=233 188 51 2524 3015 1332 144 757 675 385 10505 2418 1246 16719 13532
internal_value=-0.000149826 -0.0162284 -6.28684e-05 -0.00165137 -0.00471114 0.00228487 8.97141e-05 0.00107031 0.00598122 0.000668636 -0.00030885 -0.00336404 -0.000121044 0.000675227
internal_weight=53724 284 53440 4679 1664 332 48761 14089 1060 13029 34672 2003 32669 15950
internal_count=53724 284 53440 4679 1664 332 48761 14089 1060 13029 34672 2003 32669 15950
cat_boundaries=0 1 2 3 4
cat_threshold=22736 388 37573 40056
is_linear=0
shrinkage=0.035


Tree=228
num_leaves=15
num_cat=3
split_feature=13 8 30 3 32 4 16 7 24 32 21 32 22 17
split_gain=59.5837 14.0507 10.6632 13.4965 17.2227 12.8596 12.6179 12.4479 11.4027 37.1686 18.9882 16.8182 22.7575 23.7116
threshold=1.2250000000000003 6.3781975232994883 -0.99465740988130902 33.100000000000009 0 52.550000000000004 1.0000000180025095e-35 99.632996632996651 5.5000000000000009 1 1068.2971014492757 2 0.61968439436793876 242.07445245238239
decision_type=10 2 2 8 1 8 10 2 2 1 2 1 10 10
left_child=1 -1 3 -2 7 -6 -4 -5 11 -10 -11 12 -8 -14
right_child=2 -3 6 4 5 -7 8 -9 9 10 -12 -13 13 -15
leaf_value=-0.010044463308069924 0.0028665222638522649 0.077047852404930672 0.0069702529462539707 -0.0086530356049360092 -0.064051479320196905 0.011178052754268714 -0.20156802560179019 -0.43451388328611523 -0.66506988106550669 -0.048897738314735872 0.00073593072039787719 1.9866556202088329e-05 0.062401773962209563 4.9340538948807655
leaf_weight=233 701 51 66 134 165 602 207 305 254 674 3273 44144 2632 283
leaf_count=233 701 51 66 134 165 602 207 305 254 674 3273 44144 2632 283
internal_value=-0.000136798 -0.0159862 -5.10806e-05 -0.00261768 -0.00485549 -0.0015665 4.41422e-05 -0.0102533 2.37993e-05 -0.00172254 -0.00085689 0.00017918 0.0026554 0.00346404
internal_weight=53724 284 53440 1907 1206 767 51533 439 51467 4201 3947 47266 3122 2915
internal_count=53724 284 53440 1907 1206 767 51533 439 51467 4201 3947 47266 3122 2915
cat_boundaries=0 1 2 3
cat_threshold=42569 1024 1024
is_linear=0
shrinkage=0.035


Tree=229
num_leaves=15
num_cat=4
split_feature=13 8 21 1 33 24 30 30 32 32 20 3 10 32
split_gain=59.5935 14.0507 10.6058 17.4158 16.0089 21.3343 20.929 23.4049 20.0136 17.6225 19.4779 18.2057 17.577 16.6474
threshold=1.2250000000000003 6.3781975232994883 743.51648351648362 500.50000000000006 0 5.5000000000000009 -0.9292178835113839 0.97461712852231652 1 2 1313.6666666666667 149.75000000000003 2443.4033333333341 3
decision_type=10 2 2 8 1 2 2 2 1 1 10 8 10 1
left_child=1 -1 3 -2 5 13 9 12 -7 -6 -11 -12 -8 -4
right_child=2 -3 4 -5 6 8 7 -9 -10 10 11 -13 -14 -15
leaf_value=-0.0096929070922874786 -0.045263969332494457 0.074351177570758084 -0.0025895010907671257 0.079372108031570368 -0.020050257001015464 -0.28248086710454889 0.00068326429670325772 -0.02121174769346194 -0.007208811713048365 -0.017371863876383214 0.0085739659080570265 -0.14201286960481754 7.7031195803176482 0.019342160788034638
leaf_weight=233 1460 51 3452 432 2335 234 32028 2171 970 392 1807 775 79 7305
leaf_count=233 1460 51 3452 432 2335 234 32028 2171 970 392 1807 775 79 7305
internal_value=-0.000135495 -0.0159862 -4.97708e-05 -0.00261993 4.48083e-05 0.00116608 -0.000294303 2.24601e-05 -0.00324235 -0.00233816 -0.000538642 0.000568226 0.000260495 0.00166187
internal_weight=53724 284 53440 1892 51548 11961 39587 34278 1204 5309 2974 2582 32107 10757
internal_count=53724 284 53440 1892 51548 11961 39587 34278 1204 5309 2974 2582 32107 10757
cat_boundaries=0 1 2 3 4
cat_threshold=2 9216 11370 24598
is_linear=0
shrinkage=0.035


Tree=230
num_leaves=15
num_cat=4
split_feature=13 8 21 1 33 24 30 30 32 10 32 20 3 32
split_gain=59.5935 14.0507 10.6058 15.6422 15.1853 21.0525 20.0405 22.5821 20.0136 17.5818 16.155 18.4145 16.3539 15.456
threshold=1.2250000000000003 6.3781975232994883 743.51648351648362 500.50000000000006 0 5.5000000000000009 -0.9292178835113839 0.97461712852231652 1 2443.4033333333341 2 1313.6666666666667 149.75000000000003 3
decision_type=10 2 2 8 1 2 2 2 1 10 1 10 8 1
left_child=1 -1 3 -2 5 13 10 9 -7 -8 -6 -12 -13 -4
right_child=2 -3 4 -5 6 8 7 -9 -10 -11 11 12 -14 -15
leaf_value=-0.0093536553440574152 -0.043679730405857112 0.07174888635578143 -0.0024988685525902635 0.07659408425046553 -0.019348498005979986 -0.27259403675588978 0.00065935004631864646 -0.020469336524190709 -0.0069565033030916466 7.4335103950065387 -0.016763848640709796 0.0082738771012750689 -0.13704241916864762 0.018665185160453401
leaf_weight=233 1460 51 3452 432 2335 234 32028 2171 970 79 392 1807 775 7305
leaf_count=233 1460 51 3452 432 2335 234 32028 2171 970 79 392 1807 775 7305
internal_value=-0.000135495 -0.0159862 -4.97708e-05 -0.00261993 4.48083e-05 0.00113686 -0.000285465 2.45019e-05 -0.00324235 0.000258315 -0.00228547 -0.000562061 0.000514109 0.00162934
internal_weight=53724 284 53440 1892 51548 11961 39587 34278 1204 32107 5309 2974 2582 10757
internal_count=53724 284 53440 1892 51548 11961 39587 34278 1204 32107 5309 2974 2582 10757
cat_boundaries=0 1 2 3 4
cat_threshold=2 9216 11370 24598
is_linear=0
shrinkage=0.035


Tree=231
num_leaves=15
num_cat=2
split_feature=13 8 8 20 33 30 22 23 30 30 0 33 22 3
split_gain=59.6327 14.0507 10.3953 10.0772 18.0484 24.2502 21.3433 19.0085 17.3256 20.8778 17.5503 17.3083 17.655 15.2279
threshold=1.2250000000000003 6.3781975232994883 0.56784925558152199 829.2261904761906 0 0.64414586362404946 1.5236325238862833 1.124202013102483 -0.9292178835113839 0.97461712852231652 2775.0000000000005 1 1.1249257448704018 34.100000000000009
decision_type=10 2 2 10 1 2 10 8 2 2 10 1 10 8
left_child=1 2 -1 -2 5 6 -5 -7 11 10 -10 12 -6 -13
right_child=3 -3 -4 4 8 7 -8 -9 9 -11 -12 13 -14 -15
leaf_value=-0.0020262757380853516 -0.018160372393053036 0.06923767533332921 -0.011277543424168292 0.0047032853370299679 0.00067860368794796959 0.011257791112757723 -0.21416302875924201 0.11846376720505249 0.00063818661137029619 -0.019752909745843931 21.537573520406028 0.005001654844925092 -0.040488516424070121 -0.14242895952987256
leaf_weight=128 3188 51 105 8353 3026 1011 184 1117 32055 2171 52 261 535 1487
leaf_count=128 3188 51 105 8353 3026 1011 184 1117 32055 2171 52 261 535 1487
internal_value=-0.000130283 -0.0159862 -0.0195588 -4.45318e-05 7.66062e-05 0.00135346 0.00052037 0.00469292 -0.00026779 2.04183e-05 0.000245235 -0.0021274 -0.000714485 -0.00496313
internal_weight=53724 284 233 53440 50252 10665 8537 2128 39587 34278 32107 5309 3561 1748
internal_count=53724 284 233 53440 50252 10665 8537 2128 39587 34278 32107 5309 3561 1748
cat_boundaries=0 1 2
cat_threshold=2 5
is_linear=0
shrinkage=0.035


Tree=232
num_leaves=15
num_cat=3
split_feature=13 8 8 24 32 21 32 2 0 29 33 29 21 23
split_gain=59.6327 14.0507 10.3953 9.2639 39.2958 17.6132 15.0883 14.3623 13.5809 12.5022 11.7047 20.0399 17.1295 16.3549
threshold=1.2250000000000003 6.3781975232994883 0.56784925558152199 5.5000000000000009 0 1068.2971014492757 1 3.5500000000000003 2775.0000000000005 0.65233619298682533 2 0.49065764355977465 1159.574275362319 0.73525604905317465
decision_type=10 2 2 2 1 2 1 8 10 2 1 2 2 10
left_child=1 2 -1 8 -5 -6 -7 -8 10 -10 11 -2 -12 -14
right_child=3 -3 -4 4 5 6 7 -9 9 -11 12 -13 13 -15
leaf_value=-0.0019553560872523647 0.016046777230716402 0.066814356696662788 -0.010882829404322402 -0.6418617632616177 -0.041838463890527998 0.014539832084931412 -0.0058581143510543889 -0.0068919717894134896 0.31672884776520621 19.299131538208687 -0.017772498371707728 -0.0062757490266203194 -0.005521896416400749 0.0010037113570526834
leaf_weight=128 7805 51 105 264 689 1523 70 1802 50 50 854 4622 10806 24905
leaf_count=128 7805 51 105 264 689 1523 70 1802 50 50 854 4622 10806 24905
internal_value=-0.000130283 -0.0159862 -0.0195588 -4.45318e-05 -0.00159201 -0.000717248 0.000319118 -0.0017806 9.26737e-05 0.0126667 6.57183e-05 0.000993008 -0.000249727 -0.000132294
internal_weight=53724 284 233 53440 4348 4084 3395 1872 49092 100 48992 12427 36565 35711
internal_count=53724 284 233 53440 4348 4084 3395 1872 49092 100 48992 12427 36565 35711
cat_boundaries=0 1 2 3
cat_threshold=1024 27072 2
is_linear=0
shrinkage=0.035


Tree=233
num_leaves=15
num_cat=3
split_feature=13 8 8 20 33 30 22 23 32 23 1 20 29 33
split_gain=59.6523 14.0507 10.3953 9.42072 14.7352 20.4973 19.8027 16.3228 15.767 22.5261 22.5351 15.7056 20.9449 59.8227
threshold=1.2250000000000003 6.3781975232994883 0.56784925558152199 829.2261904761906 0 0.64414586362404946 1.5236325238862833 1.124202013102483 1 1.0314764046588347 33.100000000000009 1870.9166666666667 0.93544191479114935 2
decision_type=10 2 2 10 1 2 10 8 1 10 10 10 2 1
left_child=1 2 -1 -2 5 6 8 -7 9 -5 -11 -6 -13 -14
right_child=3 -3 -4 4 11 7 -8 -9 -10 10 -12 12 13 -15
leaf_value=-0.0018869186241985349 -0.017305108143364414 0.064475854212279415 -0.010501930375171118 0.0054056359704022323 -0.0049322574764918779 0.010373816259932838 -0.20683831574624018 0.11382065003231094 0.011683279507833478 0.0088711606702619166 -0.13263877322142426 -0.00060625783207133752 0.065030963298354783 -0.0059246055852439326
leaf_weight=128 3188 51 105 1679 11587 1011 184 1117 5706 346 622 24599 1735 1666
leaf_count=128 3188 51 105 1679 11587 1011 184 1117 5706 346 622 24599 1735 1666
internal_value=-0.000127678 -0.0159862 -0.0195588 -4.19122e-05 7.52134e-05 0.00122893 0.000463006 0.00429911 0.00071608 -0.00151202 -0.0057554 -0.000235973 0.000212462 0.00278479
internal_weight=53724 284 233 53440 50252 10665 8537 2128 8353 2647 968 39587 28000 3401
internal_count=53724 284 233 53440 50252 10665 8537 2128 8353 2647 968 39587 28000 3401
cat_boundaries=0 1 2 3
cat_threshold=2 41234 9
is_linear=0
shrinkage=0.035


Tree=234
num_leaves=15
num_cat=2
split_feature=13 8 8 23 6 22 0 32 2 21 9 33 29 24
split_gain=59.5837 14.0507 10.3953 9.27354 20.6428 12.6872 50.9654 16.5613 14.5485 14.4015 11.6896 13.6245 21.3821 20.6006
threshold=1.2250000000000003 6.3781975232994883 0.56784925558152199 1.7549510370570294 149.75000000000003 1.4557202798100788 741.00000000000011 0 85.100000000000009 1592.2996794871799 2377.5000000000005 1 0.3261394409934788 5.5000000000000009
decision_type=10 2 2 10 10 10 8 1 10 2 10 1 2 2
left_child=1 2 -1 5 -5 10 -7 8 -8 -9 11 12 -2 -14
right_child=3 -3 -4 4 -6 6 7 9 -10 -11 -12 -13 13 -15
leaf_value=-0.0018208764723515859 0.013742818699753049 0.062219199314849767 -0.010134362812040125 0.0075034807016527349 2.8111931531347487 -0.085608776911455672 -0.20374554656552066 -0.091100039009950576 0.55111997411461111 0.3109366258603759 0.004125333573858656 -0.0027245847069136088 -0.0020570570640530031 -0.07480080722046524
leaf_weight=128 7372 51 105 1497 256 983 89 56 131 283 10334 26544 5290 605
leaf_count=128 7372 51 105 1497 256 983 89 56 131 283 10334 26544 5290 605
internal_value=-0.000136798 -0.0159862 -0.0195588 -5.10806e-05 0.00244881 -0.000136095 -0.00325792 0.00515071 -0.00238298 0.00978814 -3.97807e-05 -0.00031206 0.000603448 -0.000966949
internal_weight=53724 284 233 53440 1753 51687 1542 559 220 339 50145 39811 13267 5895
internal_count=53724 284 233 53440 1753 51687 1542 559 220 339 50145 39811 13267 5895
cat_boundaries=0 1 2
cat_threshold=41238 2
is_linear=0
shrinkage=0.035


Tree=235
num_leaves=15
num_cat=2
split_feature=13 8 8 17 19 3 32 5 24 32 1 1 10 26
split_gain=59.6425 14.0507 10.3953 9.66202 26.3387 20.4145 19.0768 26.8359 18.0827 20.1467 20.3943 17.1202 32.6936 16.6844
threshold=1.2250000000000003 6.3781975232994883 0.56784925558152199 4.5618643185222014 41.670833333333341 28.550000000000004 0 18.050000000000004 2.5000000000000004 1 1204.0000000000002 24.100000000000005 31.530952380952382 232.50000000000003
decision_type=10 2 2 8 10 8 1 10 2 1 10 10 10 2
left_child=1 2 -1 11 6 -6 -5 -8 9 10 -7 -2 -13 -10
right_child=3 -3 -4 4 5 8 7 -9 13 -11 -12 12 -14 -15
leaf_value=-0.0017571457958192828 5.0532473700570795e-07 0.060041527338829899 -0.0097796601136187229 -0.0021789372904188345 0.070317547755085599 0.047194350491816271 -0.048553724185979363 -0.013809283469020227 -0.035311585881423468 -0.0046849872221551439 5.1062409286692994 0.019644134728405701 -0.0012806738294870359 0.019845071231019348
leaf_weight=128 12243 51 105 3746 327 5770 1349 2561 10765 7506 156 1932 2182 4903
leaf_count=128 12243 51 105 3746 327 5770 1349 2561 10765 7506 156 1932 2182 4903
internal_value=-0.000128981 -0.0159862 -0.0195588 -4.3222e-05 -0.000355775 0.000120107 -0.00218379 -0.0038879 2.16458e-05 0.000963757 0.00248611 0.000665261 0.00261714 -0.000786065
internal_weight=53724 284 233 53440 37083 29427 7656 3910 29100 13432 5926 16357 4114 15668
internal_count=53724 284 233 53440 37083 29427 7656 3910 29100 13432 5926 16357 4114 15668
cat_boundaries=0 1 2
cat_threshold=25320 5418
is_linear=0
shrinkage=0.035


Tree=236
num_leaves=15
num_cat=3
split_feature=13 8 8 23 32 22 0 29 32 22 0 17 22 32
split_gain=59.5641 14.0507 10.3953 9.54923 43.6235 16.5496 22.6009 17.5834 16.3758 16.3113 24.1473 15.4761 14.1246 28.6676
threshold=1.2250000000000003 6.3781975232994883 0.56784925558152199 1.2062900538780637 0 0.97986864607734647 69.90000000000002 0.94425825643485939 1 1.267741240795133 952.00000000000011 0.75252101551244044 1.0254534303476348 2
decision_type=10 2 2 10 1 10 10 2 1 10 10 10 10 1
left_child=1 2 -1 12 5 6 -5 8 -7 11 -11 -6 -2 -14
right_child=3 -3 -4 4 9 7 -8 -9 -10 10 -12 -13 13 -15
leaf_value=-0.0016956456929656106 0.00044302880564786042 0.057940073881971026 -0.0094373720096420713 -0.0094336776596217059 -0.0042068517316966149 -0.10783099118382296 0.42904027713923687 0.024289092286963448 -0.013386325629613387 -0.0020384588046323351 2.58427511166748 0.035653776892221101 0.0056170581530090406 -0.0090151145315856048
leaf_weight=128 29727 51 105 171 115 1033 159 404 2022 2432 321 3094 5332 8630
leaf_count=128 29727 51 105 171 115 1033 159 404 2022 2432 321 3094 5332 8630
internal_value=-0.000139403 -0.0159862 -0.0195588 -5.37001e-05 0.000936347 -0.00199658 0.00543284 -0.00271796 -0.00362582 0.00279906 0.000824873 0.00449751 -0.000274752 -0.00119281
internal_weight=53724 284 233 53440 9751 3789 330 3459 3055 5962 2753 3209 43689 13962
internal_count=53724 284 233 53440 9751 3789 330 3459 3055 5962 2753 3209 43689 13962
cat_boundaries=0 1 2 3
cat_threshold=12555 258 7944
is_linear=0
shrinkage=0.035


Tree=237
num_leaves=15
num_cat=3
split_feature=13 8 30 1 32 16 5 23 6 22 23 33 32 15
split_gain=50.9164 12.0834 10.1164 13.1455 14.6544 12.6109 11.6014 9.88971 20.3241 10.5795 24.4914 11.4937 10.0128 11.8138
threshold=1.2250000000000003 6.3781975232994883 -0.99465740988130902 33.100000000000009 0 1.0000000180025095e-35 128.20000000000002 1.7549510370570294 149.75000000000003 1.6741816458481436 0.5029595298864088 1 2 29.725000000000005
decision_type=10 2 2 10 1 10 10 10 10 10 10 1 1 2
left_child=1 -1 3 -2 -5 -4 -6 9 12 -7 11 -11 13 -9
right_child=2 -3 5 4 6 7 -8 8 -10 10 -12 -13 -14 -15
leaf_value=-0.0068557979721517101 0.0016255989866113931 0.055912171296102223 0.0078096636525909523 -0.012360446755200059 -0.066726892517356556 -2.3944910435875768e-05 -0.44374958075569909 -0.096051064333516192 2.6680815030257561 0.75859307803259379 -0.2337710421739492 -0.046972287027074185 0.031970246597620676 0.011024503471007297
leaf_weight=233 980 51 66 463 231 49222 233 145 252 126 286 107 1051 278
leaf_count=233 980 51 66 463 231 49222 233 145 252 126 286 107 1051 278
internal_value=-0.000123769 -0.0147751 -4.45318e-05 -0.00254446 -0.00552039 4.82168e-05 -0.00979123 2.78792e-05 0.00262854 -6.26181e-05 -0.00500954 0.00338235 0.00104124 -0.00343607
internal_weight=53724 284 53440 1907 927 51533 464 51467 1726 49741 519 233 1474 423
internal_count=53724 284 53440 1907 927 51533 464 51467 1726 49741 519 233 1474 423
cat_boundaries=0 1 2 3
cat_threshold=22930 8 12550
is_linear=0
shrinkage=0.035


Tree=238
num_leaves=15
num_cat=3
split_feature=13 8 23 32 22 4 6 32 22 23 1 22 32 23
split_gain=49.2646 11.7077 9.67879 39.9124 18.0296 26.5953 20.022 16.1667 15.1133 14.3528 14.1471 13.0863 26.3018 20.8857
threshold=1.2250000000000003 6.3781975232994883 1.2745455064764435 0 1.2532208965727871 551.00000000000011 3.5500000000000003 1 1.0748188672541013 1.7549510370570294 491.00000000000006 1.03699550618226 2 1.0744764980450288
decision_type=10 2 10 1 10 8 8 1 10 10 8 10 1 10
left_child=1 -1 11 4 6 9 -4 8 -5 -6 -8 -2 13 -13
right_child=2 -3 3 7 5 -7 10 -9 -10 -11 -12 12 -14 -15
leaf_value=-0.0066158450431263987 0.00048326085404503343 0.053955245300738718 -0.0087228631496069284 0.25053064941959791 -0.010370369627209192 0.45080685487874161 0.057191642634441042 -0.0022447354248030351 -0.35408060038656869 0.043432280815633127 0.038982685052092562 0.016941807934640531 -0.0096933627214364302 -0.01852613194957365
leaf_weight=233 31602 51 66 89 1097 343 891 3964 323 540 297 3713 7845 2670
leaf_count=233 31602 51 66 89 1097 343 891 3964 323 540 297 3713 7845 2670
internal_value=-0.000121164 -0.0145329 -4.3222e-05 0.00111228 0.00405048 0.00197481 0.00733916 -0.00106809 -0.00754098 0.000106577 0.00839061 -0.000235191 -0.00111642 0.000552516
internal_weight=53724 284 53440 7610 3234 1980 1254 4376 412 1637 1188 45830 14228 6383
internal_count=53724 284 53440 7610 3234 1980 1254 4376 412 1637 1188 45830 14228 6383
cat_boundaries=0 1 2 3
cat_threshold=52448 256 8008
is_linear=0
shrinkage=0.035


Tree=239
num_leaves=15
num_cat=3
split_feature=13 8 17 6 29 23 0 32 22 26 10 32 19 32
split_gain=49.2913 11.7077 9.90646 23.2058 21.0383 22.1262 22.0811 22.7452 26.7364 24.8091 21.2801 17.0814 16.549 16.3598
threshold=1.2250000000000003 6.3781975232994883 4.5618643185222014 55.100000000000009 -0.46801505794253101 1.8459722810627612 64.100000000000009 0 1.0385921700803735 283.50000000000006 65.007142857142867 1 55.01250000000001 2
decision_type=10 2 8 10 2 10 8 1 10 2 10 1 10 1
left_child=1 -1 -2 -4 6 11 10 9 13 -8 12 -6 -5 -9
right_child=2 -3 3 4 5 -7 7 8 -10 -11 -12 -13 -14 -15
leaf_value=-0.006384290466616975 0.0010806551744314153 0.052066811715212755 -0.013556988853098462 0.080979302432360831 -0.043133247646505099 0.93052357414376141 0.050513403214425247 -0.20160461264217658 -0.12610565663179443 0.46717752205716029 0.25254122228562076 0.012186641849059586 -0.0082435949575330285 0.070385832519437641
leaf_weight=233 16357 51 13288 176 7873 325 1374 120 1754 744 216 8470 304 2439
leaf_count=233 16357 51 13288 176 7873 325 1374 120 1754 744 216 8470 304 2439
internal_value=-0.000117255 -0.0145329 -3.92927e-05 -0.000355775 0.000298529 -0.000382055 0.00188937 0.00124534 -0.000218346 0.00420066 0.00778887 -0.000563066 0.00360825 0.00206123
internal_weight=53724 284 53440 37083 23795 16668 7127 6431 4313 2118 696 16343 480 2559
internal_count=53724 284 53440 37083 23795 16668 7127 6431 4313 2118 696 16343 480 2559
cat_boundaries=0 1 2 3
cat_threshold=3080 26702 32832
is_linear=0
shrinkage=0.035


Tree=240
num_leaves=15
num_cat=3
split_feature=13 8 5 16 0 0 6 30 3 32 9 24 32 32
split_gain=47.7189 11.3379 10.3225 9.39542 27.2622 22.5952 23.1219 16.8846 21.5252 27.909 21.0701 17.4762 26.2955 21.0343
threshold=1.2250000000000003 6.3781975232994883 1.9500000000000002 3.4429875648046795 30.150000000000002 39.850000000000009 39.050000000000004 -0.6523320455745395 280.75000000000006 0 2017.5000000000005 5.5000000000000009 1 2
decision_type=10 2 8 10 8 8 10 2 8 1 8 2 1 1
left_child=1 2 -1 5 -5 6 -2 8 -6 10 -10 13 -13 -9
right_child=3 -3 -4 4 7 -7 -8 11 9 -11 -12 12 -14 -15
leaf_value=-0.0013978814985085531 0.0012833609085536714 0.050244473305180511 -0.038318733512208214 -0.015595162987428621 -0.0024328091262330533 -0.004704381024775761 0.027485506276730461 0.034182950296062969 -0.078344280709118266 -0.065701735586372545 -0.45391342233882631 0.029249806194032398 -0.12682705424200902 -0.0052508374389395309
leaf_weight=151 11258 51 82 4895 7107 3796 591 10542 473 1580 597 1001 980 10620
leaf_count=151 11258 51 82 4895 7107 3796 591 10542 473 1580 597 1001 980 10620
internal_value=-0.000106832 -0.0142907 -0.0175 -3.01244e-05 -0.000328704 0.000691054 0.00144382 3.40374e-05 -0.00118674 -0.00387571 -0.00819355 0.00054886 -0.00259063 0.000843294
internal_weight=53724 284 233 53440 37795 15645 11849 32900 9757 2650 1070 23143 1981 21162
internal_count=53724 284 233 53440 37795 15645 11849 32900 9757 2650 1070 23143 1981 21162
cat_boundaries=0 1 2 3
cat_threshold=26698 35152 44264
is_linear=0
shrinkage=0.035


Tree=241
num_leaves=15
num_cat=2
split_feature=13 5 22 23 32 19 22 32 30 10 22 17 8 16
split_gain=41.4062 10.3564 9.7555 9.52291 39.3193 23.9289 21.4018 18.3203 16.0131 15.4598 15.6062 14.9392 17.5588 19.9538
threshold=1.2250000000000003 33.100000000000009 0.70105498021301671 1.2062900538780637 0 19.512500000000003 1.0817368032484314 1 -0.28519997588938989 57.016666666666673 1.0955453218490641 186.83097759254431 16.510357992842366 5.3141208985256796
decision_type=10 8 10 10 1 10 10 1 2 10 10 10 2 10
left_child=1 2 -1 -2 5 -5 -7 9 -9 -6 -11 12 -8 -14
right_child=3 -3 -4 4 7 6 11 8 -10 10 -12 -13 13 -15
leaf_value=-0.40884373915017391 -0.00094684393375132469 0.001062821041993528 -0.0018363759674233651 -0.0024729829612839139 0.096789375685461407 0.16910947344277663 0.044100377602955911 -0.017372658771689375 0.006195968269197061 -0.05771128429816394 -0.46470031670770068 2.4614218607027079 -0.15587532078248517 0.035193475005949965
leaf_weight=66 43689 53 165 1091 69 534 977 1875 2548 188 326 340 76 1727
leaf_count=66 43689 53 165 1091 69 534 977 1875 2548 188 326 340 76 1727
internal_value=-0.000109438 -0.0133218 -0.0164619 -3.7983e-05 0.000950697 0.00322794 0.00459142 -0.00121291 -0.000433754 -0.00696488 -0.00917148 0.003472 0.002614 0.000561394
internal_weight=53724 284 231 53440 9751 4745 3654 5006 4423 583 514 3120 2780 1803
internal_count=53724 284 231 53440 9751 4745 3654 5006 4423 583 514 3120 2780 1803
cat_boundaries=0 1 2
cat_threshold=52452 256
is_linear=0
shrinkage=0.035


Tree=242
num_leaves=15
num_cat=1
split_feature=13 17 6 29 0 10 32 22 26 23 30 19 1 10
split_gain=22.9828 9.87996 20.9824 18.2064 18.0769 18.6841 18.572 24.6206 21.2227 17.1134 16.0077 15.2282 15.095 29.7784
threshold=1.2250000000000003 4.5618643185222014 55.100000000000009 -0.46801505794253101 64.100000000000009 65.007142857142867 0 1.0385921700803735 283.50000000000006 1.8459722810627612 0.14888728888808328 55.01250000000001 24.100000000000005 31.530952380952382
decision_type=10 8 10 2 8 10 1 10 2 10 2 10 10 10
left_child=-1 12 -3 4 5 11 8 -8 -6 -5 -11 -4 -2 -14
right_child=1 2 3 9 6 -7 7 -9 -10 10 -12 -13 13 -15
leaf_value=-0.0043281422450029009 9.7079232254069231e-05 -0.01300108578058252 0.078154532412151742 -0.011968113553252523 0.047729738892252419 0.24391919835366815 0.052277522683164296 -0.12147503980163678 0.44974937508426371 1.8023560561203276 -0.10678366407166209 -0.0077874657814474809 0.019333092468645001 -0.0011608160464890106
leaf_weight=284 12243 13288 176 16343 1374 216 2559 1754 744 234 91 304 1932 2182
leaf_count=284 12243 13288 176 16343 1374 216 2559 1754 744 234 91 304 1932 2182
internal_value=-8.72899e-05 -3.40537e-05 -0.000350113 0.000272059 0.00175196 0.00708987 0.0011692 -0.000153651 0.00383966 -0.000361063 0.0075303 0.00317526 0.000682374 0.00251517
internal_weight=53724 53440 37083 23795 7127 696 6431 4313 2118 16668 325 480 16357 4114
internal_count=53724 53440 37083 23795 7127 696 6431 4313 2118 16668 325 480 16357 4114
cat_boundaries=0 1
cat_threshold=3080
is_linear=0
shrinkage=0.035


Tree=243
num_leaves=15
num_cat=2
split_feature=13 21 17 19 3 24 32 3 2 17 1 22 23 32
split_gain=22.9281 9.81857 9.50076 19.7092 15.9994 16.7398 19.079 21.4717 18.2449 17.0833 21.1168 15.9503 21.9928 22.2944
threshold=1.2250000000000003 2663.9356884057975 4.5618643185222014 41.670833333333341 28.550000000000004 2.5000000000000004 0 520.50000000000011 470.75000000000006 7.0980684475694042 70.250000000000014 0.83659592440080255 0.71938338578024796 1
decision_type=10 2 8 10 8 2 1 10 10 10 8 10 8 1
left_child=1 -1 -2 11 -5 6 7 9 -8 10 -6 -4 -13 -14
right_child=2 -3 3 4 5 -7 8 -9 -10 -11 -12 12 13 -15
leaf_value=-0.000829536144863391 0.00095780747049348594 -0.0065540495744795561 0.00539473636715167 0.066826599347970445 0.002596305061655162 -0.016384885650143365 0.022629969442831455 -0.95464923961493076 0.72020904816473252 0.0083515822101430017 -0.10986985874006668 -0.07467470144055792 0.0010192301106876657 -0.037430008817161409
leaf_weight=200 16357 84 1435 327 206 15668 8451 312 1144 3106 213 476 2877 2868
leaf_count=200 16357 84 1435 327 206 15668 8451 312 1144 3106 213 476 2877 2868
internal_value=-9.90154e-05 -0.0099308 -4.58415e-05 -0.000355775 5.58915e-05 -3.12661e-05 0.000875195 -0.00120846 0.00170812 -0.000426346 -0.00701651 -0.00193708 -0.00270398 -0.0021
internal_weight=53724 284 53440 37083 29427 29100 13432 3837 9595 3525 419 7656 6221 5745
internal_count=53724 284 53440 37083 29427 29100 13432 3837 9595 3525 419 7656 6221 5745
cat_boundaries=0 1 2
cat_threshold=25169 25320
is_linear=0
shrinkage=0.035


Tree=244
num_leaves=15
num_cat=2
split_feature=13 21 23 32 22 0 17 32 22 30 16 22 5 22
split_gain=22.9585 9.81857 9.13746 36.0939 15.9283 21.5643 16.4739 15.7867 13.9161 13.2914 13.9951 13.7816 12.3174 14.1388
threshold=1.2250000000000003 2663.9356884057975 1.2062900538780637 0 1.267741240795133 952.00000000000011 0.75252101551244044 1 1.0955453218490641 -0.61915584096709908 18.819316317725924 0.98118582975314939 1505.0000000000002 1.03699550618226
decision_type=10 2 10 1 10 10 10 1 10 2 10 10 10 10
left_child=1 -1 12 7 6 -6 -5 8 -4 10 -9 -11 13 -2
right_child=2 -3 3 4 5 -7 -8 9 -10 11 -12 -13 -14 -15
leaf_value=-0.00080050237979317328 0.00067619197300829994 -0.006324657839372771 0.0055133579479189985 -0.0037865808328414424 -0.0023328163707193373 2.423788953212227 0.032676939016566486 -0.038595311281672762 -0.31087202723794694 0.04577181195843693 0.10144207419094838 -0.0018677875425735537 -0.60722117573953371 -0.0058852213910793524
leaf_weight=200 30654 84 209 115 2432 321 3094 569 374 191 264 2182 487 12548
leaf_count=200 30654 84 209 115 2432 321 3094 569 374 191 264 2182 487 12548
internal_value=-9.25013e-05 -0.0099308 -3.92927e-05 0.000929172 0.00262339 0.000672589 0.00430149 -0.00173896 -0.00696488 -0.000760633 -0.00455251 0.000574012 -0.000255527 -0.000192793
internal_weight=53724 284 53440 9751 5962 2753 3209 3789 583 3206 833 2373 43689 43202
internal_count=53724 284 53440 9751 5962 2753 3209 3789 583 3206 833 2373 43689 43202
cat_boundaries=0 1 2
cat_threshold=12555 256
is_linear=0
shrinkage=0.035


Tree=245
num_leaves=15
num_cat=2
split_feature=13 21 30 1 32 5 7 7 20 33 29 30 20 9
split_gain=22.9889 9.81857 9.05595 12.4576 13.039 11.2273 10.0064 11.4684 9.22474 11.5162 28.5519 35.629 37.7351 19.5439
threshold=1.2250000000000003 2663.9356884057975 -0.99465740988130902 33.100000000000009 0 128.20000000000002 132.04083333333335 208.28620401337795 829.2261904761906 1 0.878110924644389 -0.048362832084465616 1815.9166666666667 2342.5000000000005
decision_type=10 2 2 10 1 10 2 2 10 1 2 2 10 10
left_child=1 -1 3 -2 5 -5 -6 -8 -4 10 -10 12 -12 -11
right_child=2 -3 8 4 6 -7 7 -9 9 13 11 -13 -14 -15
leaf_value=-0.00077248479650041005 0.0014416001133137814 -0.0061032948149947249 -0.016466538682565254 -0.065144050589258984 -0.05186021861302216 -0.45666016834083301 0.28263573455873137 -0.10456052703981471 0.001435637203096132 -0.0043179957887316042 0.0048027380798639514 0.0010387397064206794 0.21824150510860688 0.0025205006017559252
leaf_weight=200 980 84 3179 178 287 224 97 141 19422 15050 656 1659 937 10630
leaf_count=200 980 84 3179 178 287 224 97 141 19422 15050 656 1659 937 10630
internal_value=-8.59871e-05 -0.0099308 -3.27439e-05 -0.00239801 -0.00529506 -0.00990408 -0.00149074 0.00374486 5.5008e-05 0.000175148 0.000749702 0.00378262 0.00751252 -0.00033236
internal_weight=53724 284 53440 1907 927 402 525 238 51533 48354 22674 3252 1593 25680
internal_count=53724 284 53440 1907 927 402 525 238 51533 48354 22674 3252 1593 25680
cat_boundaries=0 1 2
cat_threshold=42572 10
is_linear=0
shrinkage=0.035


Tree=246
num_leaves=15
num_cat=1
split_feature=13 21 30 1 32 5 7 3 28 0 5 22 23 0
split_gain=23.0072 9.81857 9.08606 12.4576 12.0944 10.6479 9.41373 11.4678 9.03237 8.85639 9.67123 10.3309 28.5265 31.8861
threshold=1.2250000000000003 2663.9356884057975 -0.99465740988130902 33.100000000000009 0 128.20000000000002 132.04083333333335 145.10000000000002 -0.22252093395631442 3250.0000000000005 2320.0000000000005 0.86978578716165356 0.87913198361864497 75.15000000000002
decision_type=10 2 2 10 1 10 2 8 2 10 10 10 10 10
left_child=1 -1 3 -2 5 -5 8 -8 -6 10 11 12 -4 -14
right_child=2 -3 9 4 6 -7 7 -9 -10 -11 -12 -13 13 -15
leaf_value=-0.00074544782862289273 0.0013911441093478008 -0.0058896794964699052 0.00061382919931383571 -0.062864008818634923 -0.10034235738470522 -0.44067706244890409 0.40210951864348288 -0.017034430746428627 -0.011611839475186693 11.317301228721536 -0.7772114939713971 -0.00080266973027592675 0.0036470554491122302 0.33533454334559232
leaf_weight=200 980 84 9370 178 118 224 52 186 169 65 189 40055 1144 710
leaf_count=200 980 84 9370 178 118 224 52 186 169 65 189 40055 1144 710
internal_value=-8.20786e-05 -0.0099308 -2.88147e-05 -0.00239801 -0.00529506 -0.00973621 -0.00162037 0.00345679 -0.00587329 5.90826e-05 4.2158e-05 7.16598e-05 0.00100989 0.00497041
internal_weight=53724 284 53440 1907 927 402 525 238 287 51533 51468 51279 11224 1854
internal_count=53724 284 53440 1907 927 402 525 238 287 51533 51468 51279 11224 1854
cat_boundaries=0 1
cat_threshold=42572
is_linear=0
shrinkage=0.035


Tree=247
num_leaves=15
num_cat=4
split_feature=14 16 0 10 0 30 3 32 9 33 23 32 22 32
split_gain=15.946 9.42039 24.1017 20.2666 19.4228 15.2372 20.2971 25.3651 18.6594 17.2789 24.2214 30.98 21.6279 20.3406
threshold=1.2250000000000003 3.4429875648046795 30.150000000000002 68.215476190476195 6.0500000000000007 -0.6523320455745395 280.75000000000006 0 2017.5000000000005 1 1.1210356942215858 2 0.84960516535972708 3
decision_type=10 8 8 10 10 2 8 1 8 1 8 1 8 1
left_child=-1 3 -3 4 -2 6 -4 8 -8 10 13 12 -12 -7
right_child=1 2 5 -5 -6 9 7 -9 -10 -11 11 -13 -14 -15
leaf_value=-0.0046808649965479716 -0.00064576134569460436 -0.014061172945012875 -0.002235398584815123 -0.03650580626305569 0.0049022206347949827 -0.041349074279136679 -0.071395721960869879 -0.057824564373796086 -0.43913620346336363 -0.011202230387593062 0.25692453748726229 0.095515957113750577 -0.039655887175897749 0.031513163794219465
leaf_weight=316 5723 4892 7104 419 9477 2915 473 1583 597 9187 255 4197 2275 4311
leaf_count=316 5723 4892 7104 419 9477 2915 473 1583 597 9187 255 4197 2275 4311
internal_value=-7.29587e-05 -2.62108e-05 -0.000325052 0.000696685 0.000906939 1.59565e-05 -0.00114372 -0.00375282 -0.00787097 0.000505077 0.00128043 0.00279189 -0.000275049 -0.000125847
internal_weight=53724 53408 37789 15619 15200 32897 9757 2653 1070 23140 13953 6727 2530 7226
internal_count=53724 53408 37789 15619 15200 32897 9757 2653 1070 23140 13953 6727 2530 7226
cat_boundaries=0 1 2 3 4
cat_threshold=26698 10 8967 53319
is_linear=0
shrinkage=0.035


Tree=248
num_leaves=15
num_cat=3
split_feature=14 20 33 30 22 32 30 30 33 23 22 26 0 3
split_gain=15.93 9.03571 11.8119 19.4203 18.6298 24.6763 15.9234 15.9747 18.4937 15.4588 14.9562 14.481 14.094 13.551
threshold=1.2250000000000003 829.2261904761906 0 0.64414586362404946 0.90342656680102584 1 0.97461712852231652 -0.93543596745397617 2 1.124202013102483 1.1249257448704018 299.50000000000006 2775.0000000000005 34.100000000000009
decision_type=10 10 1 2 10 1 2 2 1 8 10 2 10 8
left_child=-1 -2 3 4 -3 -6 7 8 10 -5 -4 -7 -9 -10
right_child=1 2 6 9 5 11 -8 12 13 -11 -12 -13 -14 -15
leaf_value=-0.0045170347216687929 -0.017270062903319235 0.019579356956508181 0.0016195009515478811 0.011937704409152162 0.0082243111424340591 -0.016600995624442075 -0.018179285146642601 0.0007800893587678637 0.0057366363716332466 0.10880483129586922 -0.037281954687078213 -0.10785534983136411 18.844665352162117 -0.1367285496064938
leaf_weight=316 3210 2171 2887 1010 2943 3282 2171 32257 247 1114 508 137 53 1418
leaf_count=316 3210 2171 2887 1010 2943 3282 2171 32257 247 1114 508 137 53 1418
internal_value=-7.68672e-05 -3.01425e-05 8.50547e-05 0.00111835 0.000373038 -0.000582692 -0.000193776 -2.43478e-05 -0.00185192 0.00410991 -0.000359238 -0.00259901 0.000262107 -0.00485417
internal_weight=53724 53408 50198 10657 8533 6362 39541 37370 5060 2124 3395 3419 32310 1665
internal_count=53724 53408 50198 10657 8533 6362 39541 37370 5060 2124 3395 3419 32310 1665
cat_boundaries=0 1 2 3
cat_threshold=2 23649 5
is_linear=0
shrinkage=0.035


Tree=249
num_leaves=15
num_cat=1
split_feature=14 16 0 10 32 0 13 1 10 6 0 11 22 24
split_gain=15.9193 8.67246 22.1542 19.2021 19.0235 16.7823 16.4933 18.409 15.6336 27.9339 19.4845 17.0814 14.0606 14.0113
threshold=1.2250000000000003 3.4429875648046795 30.150000000000002 68.215476190476195 0 6.0500000000000007 14.025000000000002 19.550000000000004 31.530952380952382 43.050000000000004 11.550000000000002 84.96250000000002 0.70845910833487569 2.5000000000000004
decision_type=10 8 8 10 1 10 10 10 8 10 10 10 10 2
left_child=-1 3 8 4 -2 6 -6 -8 10 -10 -3 -11 -12 -4
right_child=1 2 13 -5 5 -7 7 -9 9 11 12 -13 -14 -15
leaf_value=-0.0043589385064103864 0.010074418251854454 -0.03475848174888381 0.013153874827649679 -0.035284785577153102 -0.0004049372652708261 0.0028815731126689893 -0.040350162911829843 -0.006736973158615607 -0.08842090428072151 -0.029032854881181385 0.054580098549343814 1.2336278407347703 -0.0078852165956699773 -0.012203087946661847
leaf_weight=316 3571 530 15338 419 3967 6946 254 462 631 289 315 71 3056 17559
leaf_count=316 3571 530 15338 419 3967 6946 254 462 631 289 315 71 3056 17559
internal_value=-7.94729e-05 -3.27636e-05 -0.000319495 0.000660842 0.000865505 0.000177345 -0.00144091 -0.00631068 -0.00251583 -0.00643072 -0.00151434 0.00134247 -0.000528732 7.44636e-06
internal_weight=53724 53408 37789 15619 15200 11629 4683 716 4892 991 3901 360 3371 32897
internal_count=53724 53408 37789 15619 15200 11629 4683 716 4892 991 3901 360 3371 32897
cat_boundaries=0 1
cat_threshold=20614
is_linear=0
shrinkage=0.035


Tree=250
num_leaves=15
num_cat=2
split_feature=0 22 30 7 30 9 23 5 28 5 23 26 32 32
split_gain=14.3988 13.5384 31.0091 19.9524 16.5416 18.4092 15.98 22.9567 15.4203 11.7356 11.7268 10.9711 11.0004 10.6532
threshold=3725.0000000000005 1.8174112776305755 -0.52765736634565841 61.459935897435905 0.080547328232315238 1997.5000000000002 1.8459722810627612 23.100000000000005 -0.22252093395631442 2137.5000000000005 2.369857963854511 126.50000000000001 0 1
decision_type=10 8 2 2 2 8 10 8 2 10 8 2 1 1
left_child=1 6 3 -3 5 -4 9 8 -8 -1 -5 -9 -13 -6
right_child=-2 2 4 10 13 -7 7 11 -10 -11 -12 12 -14 -15
leaf_value=-0.00019273824347275427 19.520278291486111 -0.37356680688910676 -0.13329462286150728 -0.98954264615706067 0.023312659067034044 0.48994048458411743 0.03373925817896288 0.50040217324034697 -0.046248233349839157 -0.84285522893331444 0.18933327194223262 -0.086256021196586666 0.38463579578967022 -0.19631297169651188
leaf_weight=51600 50 85 105 64 141 217 175 225 161 256 74 109 237 225
leaf_count=51600 50 85 105 64 141 217 175 225 161 256 74 109 237 225
internal_value=-8.07757e-05 -9.91077e-05 -0.00431769 -0.0155044 -0.000606061 0.00513761 -2.5868e-05 0.00456689 -0.00266862 -0.000106631 -0.00685315 0.00881076 0.00478632 -0.00566038
internal_weight=53724 53674 911 223 688 322 52763 907 336 51856 138 571 346 366
internal_count=53724 53674 911 223 688 322 52763 907 336 51856 138 571 346 366
cat_boundaries=0 1 2
cat_threshold=4500 32824
is_linear=0
shrinkage=0.035


Tree=251
num_leaves=15
num_cat=2
split_feature=0 13 5 23 23 22 32 23 32 1 0 23 30 0
split_gain=14.3988 13.4992 11.0471 8.63104 11.823 16.5114 26.7672 16.1705 31.7979 19.7452 15.3669 16.8202 15.257 21.3299
threshold=3725.0000000000005 1.2250000000000003 2137.5000000000005 0.13344941042644634 0.41301601441261887 0.74907247462474325 0 0.66967604380121915 1 99.750000000000014 150.50000000000003 0.84377179218967935 -0.8901731938066898 8.5500000000000025
decision_type=10 10 10 8 8 10 1 8 1 10 8 10 2 10
left_child=1 -1 3 -3 -5 6 12 8 -7 -10 -8 -12 -6 -14
right_child=-2 2 -4 4 5 7 10 -9 9 -11 11 -13 13 -15
leaf_value=-0.0035852430998020005 18.837068551284094 0.13624159227295451 -0.81335529592064781 -0.023394436217172059 -0.00016180695747038067 -0.038349370108075272 0.0072008193406705862 -0.00012510436818351513 -0.012569744436373291 0.31389266990870146 -0.048534535637227413 1.263917048831217 0.0016497998558770324 0.081274252418598023
leaf_weight=283 50 155 256 1050 324 583 2033 45512 950 389 1130 54 331 624
leaf_count=283 50 155 256 1050 324 583 2033 45512 950 389 1130 54 331 624
internal_value=-8.07757e-05 -9.91077e-05 -5.83377e-05 -2.30523e-05 -4.75606e-05 2.69568e-05 0.00205288 -0.000165265 -0.00330566 -0.000284343 0.000335705 -0.0028259 0.00630216 0.00856771
internal_weight=53724 53674 53391 53135 52980 51930 4496 47434 1922 1339 3217 1184 1279 955
internal_count=53724 53674 53391 53135 52980 51930 4496 47434 1922 1339 3217 1184 1279 955
cat_boundaries=0 1 2
cat_threshold=8327 20705
is_linear=0
shrinkage=0.035


Tree=252
num_leaves=15
num_cat=1
split_feature=22 30 7 23 3 25 30 9 29 23 17 16 32 9
split_gain=13.569 28.441 16.8014 16.1072 25.3392 14.5903 13.695 14.2007 12.9257 12.1154 11.4651 10.2723 10.2128 10.1483
threshold=1.8174112776305755 -0.52765736634565841 61.459935897435905 1.8459722810627612 22.050000000000004 8.5000000000000018 0.080547328232315238 2022.5000000000005 -0.022576249993022688 2.369857963854511 69.23228689915112 66.01711033602956 0 1897.5000000000002
decision_type=8 2 2 10 10 2 2 8 2 8 10 8 1 10
left_child=3 2 -2 -1 5 13 7 11 12 -4 -8 -3 -6 -5
right_child=1 6 9 4 8 -7 10 -9 -10 -11 -12 -13 -14 -15
leaf_value=-0.00026188863244989096 -0.36005106692923911 -0.18263428553585992 -0.99876216553537323 -0.07386700701041278 0.44131638735856576 0.036586031473316613 -0.0090262577034274302 0.46946310346798426 0.49871978560694319 0.18271098607714031 -0.53932817145976097 0.67134987329283669 -0.04858638196555394 -0.011004469807277739
leaf_weight=51884 85 81 65 87 104 115 244 195 345 74 125 50 164 106
leaf_count=51884 85 81 65 87 104 115 244 195 345 74 125 50 164 106
internal_value=-7.55644e-05 -0.0042803 -0.0149782 -1.98826e-06 0.00457343 -0.00357827 -0.00075 0.00444109 0.00866505 -0.00704861 -0.00533422 -0.004375 0.00282051 -0.00936869
internal_weight=53724 919 224 52805 921 308 695 326 613 139 369 131 268 193
internal_count=53724 919 224 52805 921 308 695 326 613 139 369 131 268 193
cat_boundaries=0 1
cat_threshold=43017
is_linear=0
shrinkage=0.035


Tree=253
num_leaves=15
num_cat=1
split_feature=22 30 7 23 3 30 21 25 29 23 17 32 3 1
split_gain=13.5774 28.441 16.8014 15.5702 22.1782 13.6038 14.6815 13.2965 12.582 12.1154 10.7488 9.34406 9.12471 27.2457
threshold=1.8174112776305755 -0.52765736634565841 61.459935897435905 1.8459722810627612 22.050000000000004 -0.10837475778693638 2031.1952380952382 8.5000000000000018 -0.022576249993022688 2.369857963854511 66.84941723077705 0 39.850000000000009 24.100000000000005
decision_type=8 2 2 10 10 2 2 2 2 8 10 1 8 10
left_child=3 2 -2 12 7 6 -3 -5 11 -4 -7 -6 13 -1
right_child=1 5 9 4 8 10 -8 -9 -10 -11 -12 -13 -14 -15
leaf_value=-0.00041561066874319934 -0.34744927958671579 -0.029500851111535272 -0.96380548974163538 -0.044617391167390233 0.42587031380101736 -0.0061027425681554354 0.82072035481535555 0.035305520371750547 0.48126459311070041 0.17631610156443991 -0.53529608348345714 -0.046885858596759714 -0.0060960034770732472 0.012545617971083908
leaf_weight=14403 85 145 65 193 104 273 135 115 345 74 142 164 31375 6106
leaf_count=14403 85 145 65 193 104 273 135 115 345 74 142 164 31375 6106
internal_value=-7.42616e-05 -0.0042803 -0.0149782 -6.62753e-07 0.00449784 -0.00075 0.00515789 -0.00313099 0.00832524 -0.00704861 -0.00475 0.0025641 -8.0942e-05 0.000493078
internal_weight=53724 919 224 52805 921 695 280 308 613 139 415 268 51884 20509
internal_count=53724 919 224 52805 921 695 280 308 613 139 415 268 51884 20509
cat_boundaries=0 1
cat_threshold=43017
is_linear=0
shrinkage=0.035


Tree=254
num_leaves=15
num_cat=2
split_feature=22 23 30 33 4 23 16 32 26 17 14 13 29 23
split_gain=13.5774 26.6025 18.4935 16.3445 17.3762 12.1226 22.3577 17.88 9.94373 9.44333 10.2801 9.31245 12.5638 8.37449
threshold=1.8174112776305755 2.1938679142639539 -0.38243420677835349 0 28.050000000000004 1.8459722810627612 23.380903888982996 1 266.50000000000006 23.403573930647386 64.050000000000011 245.50000000000003 0.81428061195174062 0.41301601441261887
decision_type=8 8 2 1 10 10 10 1 2 8 10 8 2 8
left_child=5 2 -2 4 -3 13 7 -7 -5 -4 -11 -6 -13 -1
right_child=1 3 9 8 11 6 -8 -9 -10 10 -12 12 -14 -15
leaf_value=-0.018010829300400672 -0.41889762857403906 -0.067493143630736468 0.068485155190753044 -0.42439286185672481 1.1717755863324315 -0.071857901114390804 0.59483961375144978 0.015602728534062815 0.0035119859139622635 -0.39698362197514481 -0.0929451329046702 -0.88485645267539537 3.0894300991673957 -8.6082557367817011e-06
leaf_weight=1254 138 100 52 134 70 119 454 348 120 50 112 52 91 50630
leaf_count=1254 138 100 52 134 70 119 454 348 120 50 112 52 91 50630
internal_value=-7.42616e-05 -0.0042803 -0.0117647 0.000428322 0.00565549 -6.62753e-07 0.00396868 -0.0014089 -0.00598513 -0.00511416 -0.00922156 0.0113991 0.00591216 -7.14988e-05
internal_weight=53724 919 352 567 313 52805 921 467 254 214 162 213 143 51884
internal_count=53724 919 352 567 313 52805 921 467 254 214 162 213 143 51884
cat_boundaries=0 1 2
cat_threshold=8 40966
is_linear=0
shrinkage=0.035


Tree=255
num_leaves=15
num_cat=2
split_feature=22 30 7 26 10 32 23 16 32 9 15 16 23 22
split_gain=14.0709 23.4036 17.2574 13.0672 13.0034 12.9645 12.5805 21.7473 16.6594 11.3402 10.3633 16.5458 8.37449 15.569
threshold=1.8174112776305755 -0.52765736634565841 61.459935897435905 97.500000000000014 520.08333333333337 0 1.8459722810627612 23.380903888982996 1 2022.5000000000005 32.025000000000006 167.67230842796855 0.41301601441261887 0.77030831769964714
decision_type=8 2 2 2 10 1 10 10 1 8 2 10 8 10
left_child=6 2 -2 -3 -4 -5 12 8 -8 -7 -11 -12 -1 -14
right_child=1 3 4 5 -6 9 7 -9 -10 10 11 -13 13 -15
leaf_value=-0.01738045027488664 -0.32043480463619539 -0.22076662609268355 0.085966217445409554 -0.063018664480308059 -2.691144727651154 -0.037281217364990488 -0.069342874575387098 0.57402022727014912 0.015056633035370618 0.00054979807857503005 1.7625108603361235 0.2646633432073674 0.0085959340047338656 -0.0008269922755700244
leaf_weight=1254 85 187 83 126 56 136 119 454 348 95 83 68 5447 45183
leaf_count=1254 85 187 83 126 56 136 119 454 348 95 83 68 5447 45183
internal_value=-7.42616e-05 -0.00435606 -0.0140611 -0.00115 -0.00607639 0.00177388 6.62753e-07 0.00404428 -0.00126059 0.00493703 0.00948207 0.0150321 -7.14988e-05 -1.38244e-06
internal_weight=53724 919 224 695 139 508 52805 921 467 382 246 151 51884 50630
internal_count=53724 919 224 695 139 508 52805 921 467 382 246 151 51884 50630
cat_boundaries=0 1 2
cat_threshold=6529 40966
is_linear=0
shrinkage=0.035


Tree=256
num_leaves=15
num_cat=3
split_feature=22 23 20 30 21 23 16 32 17 14 32 29 22 32
split_gain=14.0196 19.6245 15.9218 14.9713 12.3156 10.8151 19.344 16.6594 8.9796 11.0023 8.66727 8.47671 15.0771 16.8194
threshold=1.8174112776305755 2.1938679142639539 2370.3571428571436 -0.38243420677835349 2031.1952380952382 1.8459722810627612 23.380903888982996 0 23.403573930647386 64.050000000000011 1 -0.108376950152639 1.0554134362698597 2
decision_type=8 8 8 2 2 10 10 1 8 10 1 2 10 1
left_child=5 3 4 -2 -3 11 7 -7 -5 -10 -8 12 13 -1
right_child=1 2 -4 8 -6 6 10 -9 9 -11 -12 -13 -14 -15
leaf_value=0.034127764340005674 -0.3891498313165303 -0.023741071466254201 -0.2762722412437334 0.068735987132511819 0.40622559259277169 -0.066915873965248548 0.19693051373507436 0.014529650879132642 -0.37956654665515505 -0.090460245802514452 1.0413417788058759 -0.0019632465222703477 -0.0042006778170671534 0.0012307937014714733
leaf_weight=3469 138 236 163 52 168 119 206 348 50 112 248 29417 8329 10669
leaf_count=3469 138 236 163 52 168 119 206 348 50 112 248 29417 8329 10669
internal_value=-8.20786e-05 -0.00435606 -0.000305944 -0.0107843 0.00342298 -7.29029e-06 0.0037419 -0.00126059 -0.00479452 -0.0088024 0.00884532 -7.41968e-05 0.000437656 0.00113342
internal_weight=53724 919 567 352 404 52805 921 467 214 162 454 51884 22467 14138
internal_count=53724 919 567 352 404 52805 921 467 214 162 454 51884 22467 14138
cat_boundaries=0 1 2 3
cat_threshold=40966 8983 1412
is_linear=0
shrinkage=0.035


Tree=257
num_leaves=15
num_cat=3
split_feature=0 10 5 22 23 32 8 3 32 16 1 9 14 32
split_gain=12.4122 9.87879 8.67568 7.78862 29.9604 29.9481 19.7339 18.2757 19.4651 17.6532 17.9005 18.1025 17.7475 16.7468
threshold=3725.0000000000005 inf 2137.5000000000005 0.97252553542215781 1.0292362046000101 0 104.79703175923056 1.0500000000000003 1 3.5570587088049024 50.050000000000004 1832.5000000000002 31.050000000000004 2
decision_type=10 8 10 10 10 1 2 10 1 10 8 10 10 1
left_child=1 2 3 4 13 -6 -7 -5 9 -9 11 -11 -13 -1
right_child=-2 -3 -4 7 5 6 -8 8 -10 10 -12 12 -14 -15
leaf_value=0.0050583832700965567 18.178091637859865 -0.34448017149621651 -0.78473227590261907 -0.012702694747678161 0.049561744969719268 0.0024161221771755062 1.7993854981938535 0.0014706815500839234 0.0022273192866039708 -0.055472463104130988 -0.02900760186395001 0.012811529271586315 -0.041137336951896628 -0.0033383784619580009
leaf_weight=9688 50 79 256 1576 680 1873 151 3659 15643 1156 7414 397 363 10739
leaf_count=9688 50 79 256 1576 680 1873 151 3659 15643 1156 7414 397 363 10739
internal_value=-7.29587e-05 -8.99793e-05 -7.11754e-05 -4.00232e-05 0.000443249 0.00390181 0.00171653 -0.000410088 -0.000207773 -0.00120847 -0.00201714 -0.00502863 -0.000823529 -1.5417e-05
internal_weight=53724 53674 53595 53339 23131 2704 2024 30208 28632 12989 9330 1916 760 20427
internal_count=53724 53674 53595 53339 23131 2704 2024 30208 28632 12989 9330 1916 760 20427
cat_boundaries=0 1 2 3
cat_threshold=20704 24967 25991
is_linear=0
shrinkage=0.035


Tree=258
num_leaves=15
num_cat=4
split_feature=0 13 17 6 29 23 32 32 32 24 26 4 32 16
split_gain=12.4025 11.0704 8.84094 17.3664 17.3188 16.9931 32.9303 25.0682 15.2544 15.4126 16.4613 18.3604 30.0816 16.7054
threshold=3725.0000000000005 1.2250000000000003 4.5618643185222014 55.100000000000009 -0.46801505794253101 1.0714699872991333 0 1 2 3.5000000000000004 130.50000000000003 321.00000000000006 3 5.3141208985256796
decision_type=10 10 8 10 2 10 1 1 1 2 2 10 1 10
left_child=1 -1 -3 -4 5 7 -7 -5 -6 10 13 -12 -13 -10
right_child=-2 2 3 4 8 6 -8 -9 9 -11 11 12 -14 -15
leaf_value=-0.0032212442227234476 17.54185843053477 0.00091925593094881023 -0.011987762691260857 0.14468369939401918 0.019037848479182246 -0.23388711113703786 0.074050953309593201 0.0015512096382028419 -0.038114875225146803 -0.067308780135283838 -0.0062677525604945576 0.2772272831651047 -0.4835391238654731 0.050907883878061007
leaf_weight=283 50 16357 13284 2543 7892 610 1928 2044 238 3385 1798 306 395 2611
leaf_count=283 50 16357 13284 2543 7892 610 1928 2044 238 3385 1798 306 395 2611
internal_value=-6.64446e-05 -8.34591e-05 -4.65391e-05 -0.000345852 0.000221006 0.0016641 -0.00063311 0.00293445 -0.000397775 -0.00140432 -0.000235382 -0.00230631 -0.00708924 0.00158199
internal_weight=53724 53674 53391 37034 23750 7125 2538 4587 16625 8733 5348 2499 701 2849
internal_count=53724 53674 53391 37034 23750 7125 2538 4587 16625 8733 5348 2499 701 2849
cat_boundaries=0 1 2 3 4
cat_threshold=8464 11532 38800 12
is_linear=0
shrinkage=0.035


Tree=259
num_leaves=15
num_cat=2
split_feature=0 13 5 23 6 23 22 32 23 32 0 23 5 3
split_gain=12.4083 10.2858 8.72879 7.72038 13.1266 10.1977 13.2005 23.7078 17.5674 26.7699 14.2602 19.4495 14.1665 14.5307
threshold=3725.0000000000005 1.2250000000000003 2137.5000000000005 0.13344941042644634 45.050000000000004 0.41301601441261887 0.77030831769964714 0 0.61903782367930316 1 150.50000000000003 0.85257315870794115 75.15000000000002 220.30000000000004
decision_type=10 10 10 8 10 8 10 1 8 1 8 10 8 10
left_child=1 -1 3 4 -3 -5 7 12 9 -8 -9 -12 -7 -14
right_child=-2 2 -4 5 -6 6 8 10 -10 -11 11 -13 13 -15
leaf_value=-0.0031085006749281244 16.927893385466053 -0.016657481260470709 -0.75012599596457452 -0.020022694520094159 0.98440699431049605 0.0082210682637748368 0.0092635194643876269 0.0059412083811840729 -0.00030195785038285907 -0.071481721063926307 -0.029593595897192564 1.1331054527730702 0.20088478260472289 0.0088598907785674905
leaf_weight=283 50 61 256 1050 94 553 447 2635 45600 566 1360 70 537 162
leaf_count=283 50 61 256 1050 94 553 447 2635 45600 566 1360 70 537 162
internal_value=-7.03531e-05 -8.73712e-05 -5.17829e-05 -2.04178e-05 0.00765625 -4.35972e-05 2.56089e-05 0.001677 -0.00016292 -0.00471022 0.000368873 -0.00243902 0.00585635 0.00919744
internal_weight=53724 53674 53391 53135 155 52980 51930 5317 46613 1013 4065 1430 1252 699
internal_count=53724 53674 53391 53135 155 52980 51930 5317 46613 1013 4065 1430 1252 699
cat_boundaries=0 1 2
cat_threshold=8326 36113
is_linear=0
shrinkage=0.035


Tree=260
num_leaves=15
num_cat=3
split_feature=0 20 6 16 19 2 22 32 5 11 26 33 24 32
split_gain=12.3869 9.42822 11.9825 17.2797 10.361 9.63449 9.23506 10.0446 8.51938 16.1012 11.8391 8.30896 16.6412 25.6624
threshold=3725.0000000000005 675.357142857143 61.850000000000001 13.038404810404877 46.01250000000001 67.700000000000017 1.1636634199134201 0 134.25000000000003 167.779020979021 69.500000000000014 1 1.0000000180025095e-35 2
decision_type=10 10 10 8 10 8 8 1 10 10 2 1 2 1
left_child=1 2 3 5 -5 -1 7 8 -4 -10 -11 12 13 -3
right_child=-2 11 6 4 -6 -7 -8 -9 9 10 -12 -13 -14 -15
leaf_value=0.010559771203316958 16.335417116974735 1.6678157476471032 -0.037379373920056552 -0.53911034122925339 -0.13879145598738296 -0.12720464843471299 0.53252476753150368 -0.15066065887344784 0.42494356000551081 0.46426915729656165 -0.32534263192415552 -0.00093029912159185105 0.0018425462726951382 0.016316298831956257
leaf_weight=145 50 122 146 67 59 59 107 358 80 76 61 39754 10815 1825
leaf_count=145 50 122 146 67 59 59 107 358 80 76 61 39754 10815 1825
internal_value=-5.60219e-05 -7.30267e-05 -0.00319003 -0.00877612 -0.0187023 -0.0023445 -0.00092437 -0.00236226 0.00175926 0.00614865 -0.00123239 -3.9984e-06 0.000772482 0.00374744
internal_weight=53724 53674 1158 330 126 204 828 721 363 217 137 52516 12762 1947
internal_count=53724 53674 1158 330 126 204 828 721 363 217 137 52516 12762 1947
cat_boundaries=0 1 2 3
cat_threshold=46118 2 1024
is_linear=0
shrinkage=0.035


Tree=261
num_leaves=15
num_cat=2
split_feature=0 10 17 19 3 32 5 16 24 32 1 17 10 1
split_gain=12.3869 9.90675 8.32497 16.2269 17.0127 16.968 19.5446 16.1125 15.3112 17.2703 16.3425 15.2463 13.8355 13.3952
threshold=3725.0000000000005 1.0000000180025095e-35 4.5618643185222014 41.670833333333341 28.550000000000004 0 20.100000000000005 10.839741694339406 2.5000000000000004 1 1204.0000000000002 314.99039336489574 36.516666666666673 24.100000000000005
decision_type=10 10 8 10 8 1 10 10 2 1 10 8 10 10
left_child=1 -1 13 5 -5 6 7 -4 9 10 -6 -11 -8 -3
right_child=-2 2 3 4 8 -7 12 -9 -10 11 -12 -13 -14 -15
leaf_value=-0.3211761880436283 15.763677517880614 2.7566339483117155e-05 -0.030916131113020148 0.062256528985617662 0.045133258592225514 -0.0056287669915862544 0.01364385417180846 -0.22770492372491752 -0.016186022469818602 -0.0035527153575645801 4.2680447094701908 -1.1609067024156026 -0.05241667089957041 0.0096191148209070401
leaf_weight=79 50 12435 646 327 6463 5511 709 235 15632 6656 179 121 567 4114
leaf_count=79 50 12435 646 327 6463 5511 709 235 15632 6656 179 121 567 4114
internal_value=-5.60219e-05 -7.30267e-05 -5.41978e-05 -0.00034574 2.8588e-05 -0.00177897 -0.00439917 -0.00841422 -6.14331e-05 0.000805647 0.0020715 -0.000438015 -0.00163934 0.000598345
internal_weight=53724 53674 53595 37046 29378 7668 2157 881 29051 13419 6642 6777 1276 16549
internal_count=53724 53674 53595 37046 29378 7668 2157 881 29051 13419 6642 6777 1276 16549
cat_boundaries=0 1 2
cat_threshold=3335 5390
is_linear=0
shrinkage=0.035


Tree=262
num_leaves=15
num_cat=2
split_feature=0 20 6 16 19 2 29 33 30 22 32 4 30 30
split_gain=12.3889 9.42033 11.9825 17.2797 10.361 9.63449 9.12053 8.22045 16.4637 19.6196 19.6379 13.5741 13.274 15.7123
threshold=3725.0000000000005 675.357142857143 61.850000000000001 13.038404810404877 46.01250000000001 67.700000000000017 0.97314989601849466 0 0.64414586362404946 0.93320260534987021 1 2775.0000000000005 0.97461712852231652 -0.9292178835113839
decision_type=10 10 10 8 10 8 2 1 2 10 1 8 2 2
left_child=1 2 3 5 -5 -1 -4 8 9 -3 11 -11 13 -9
right_child=-2 7 6 4 -6 -7 -8 12 -10 10 -12 -13 -14 -15
leaf_value=0.010189214389318956 15.211948804754787 0.011797361700352296 0.07077538024606729 -0.50900031270470236 -0.12269258844629759 -0.12262814070198329 -0.098757723064018366 -0.0060119801505836186 0.038988753394433508 0.0090060612258365518 -0.024552345301622938 -0.049367972230570933 -0.017096923588312132 0.00053903415171285829
leaf_weight=145 50 3264 490 67 59 59 338 5356 3059 2633 3641 165 2171 32227
leaf_count=145 50 3264 490 67 59 59 338 5356 3059 2633 3641 165 2171 32227
internal_value=-5.73247e-05 -7.43307e-05 -0.00319003 -0.00877612 -0.0187023 -0.0023445 -0.00092437 -5.3312e-06 0.000767003 6.12897e-05 -0.00105912 0.00114469 -0.000253464 -9.96329e-05
internal_weight=53724 53674 1158 330 126 204 828 52516 12762 9703 6439 2798 39754 37583
internal_count=53724 53674 1158 330 126 204 828 52516 12762 9703 6439 2798 39754 37583
cat_boundaries=0 1 2
cat_threshold=2 7273
is_linear=0
shrinkage=0.035


Tree=263
num_leaves=15
num_cat=1
split_feature=0 10 3 19 1 0 16 1 3 23 2 22 11 32
split_gain=12.3617 9.93474 8.22442 25.9559 22.255 24.0536 20.7493 24.2243 21.2288 31.7115 27.9847 17.9002 19.6691 17.548
threshold=3725.0000000000005 1.0000000180025095e-35 39.850000000000009 45.025000000000006 47.050000000000004 105.30000000000001 5.9000604625102779 22.550000000000004 14.65 0.41301601441261887 8.5500000000000025 1.1520107624818767 32.596428571428582 0
decision_type=10 10 8 10 8 10 10 10 10 10 10 10 8 1
left_child=1 -1 3 6 5 11 7 8 10 -10 -3 12 -4 -8
right_child=-2 2 4 -5 -6 -7 13 -9 9 -11 -12 -13 -14 -15
leaf_value=-0.29212001051743675 14.679530596588373 -0.00028089989298363705 0.0039097986543828707 0.045474404492622453 -0.0012578758665536683 1.0110594954213692 0.011617916105260811 0.011919394883094868 -0.036251524403215642 -0.0030613754585840703 0.0081874510562244766 -0.065811510075531973 -0.036813351917236427 -0.033808055318726923
leaf_weight=79 50 6141 812 912 28753 52 772 4588 690 3527 2531 514 2340 1963
leaf_count=79 50 6141 812 912 28753 52 772 4588 690 3527 2531 514 2340 1963
internal_value=-3.9085e-05 -5.60741e-05 -3.72201e-05 0.00050026 -0.000386901 -0.00293312 0.000238908 0.000682702 -9.50054e-05 -0.00213051 0.000895471 -0.00327976 -0.00228381 -0.00259307
internal_weight=53724 53674 53595 21124 32471 3718 20212 17477 12889 4217 8672 3666 3152 2735
internal_count=53724 53674 53595 21124 32471 3718 20212 17477 12889 4217 8672 3666 3152 2735
cat_boundaries=0 1
cat_threshold=24689
is_linear=0
shrinkage=0.035


Tree=264
num_leaves=15
num_cat=3
split_feature=0 22 23 32 20 21 30 23 6 32 32 10 1 1
split_gain=12.3656 8.88951 20.6457 12.7381 14.4585 14.7675 11.9486 9.64674 17.4517 14.4551 10.884 9.32694 38.9065 33.648
threshold=3725.0000000000005 1.8174112776305755 2.1938679142639539 0 2558.4523809523812 2021.2771739130437 -0.38243420677835349 1.8459722810627612 14.050000000000002 1 2 36.945238095238103 44.100000000000009 26.550000000000004
decision_type=10 8 8 1 8 2 2 10 8 1 1 10 8 10
left_child=1 7 6 -4 5 -5 -3 11 9 -9 -10 13 -13 -1
right_child=-2 2 3 4 -6 -7 -8 8 10 -11 -12 12 -14 -15
leaf_value=-0.00035595300923998876 14.16574702570778 -0.37191935756691158 0.10641006236063982 -0.23293824959933682 -0.40142922135092751 0.13410571964895102 -0.10817414748256686 0.021257475631601973 0.28701857101322464 -0.067836310087745572 0.0200130501584097 -0.047674812416816176 -0.0021506354588780143 0.016123693464638083
leaf_weight=16414 50 137 246 118 50 149 211 119 353 128 307 2250 28796 4396
leaf_count=16414 50 137 246 118 50 149 211 119 353 128 307 2250 28796 4396
internal_value=-4.16907e-05 -5.86822e-05 -0.00347707 0.000677817 -0.0039006 -0.000643382 -0.0101133 6.63281e-07 0.00356908 -0.00430556 0.00652632 -6.2089e-05 -0.000446362 0.00051117
internal_weight=53724 53674 911 563 317 267 348 52763 907 247 660 51856 31046 20810
internal_count=53724 53674 911 563 317 267 348 52763 907 247 660 51856 31046 20810
cat_boundaries=0 1 2 3
cat_threshold=1656 561 56424
is_linear=0
shrinkage=0.035


Tree=265
num_leaves=15
num_cat=2
split_feature=0 22 30 32 0 32 2 10 16 23 5 21 5 22
split_gain=12.3811 9.23602 19.542 19.1622 11.4102 10.1256 9.70382 9.25617 9.06377 8.74024 19.0184 8.57707 7.35903 8.02446
threshold=3725.0000000000005 1.8174112776305755 -0.52765736634565841 0 991.00000000000011 1 82.100000000000009 247.38095238095241 167.67230842796855 2.369857963854511 19.050000000000004 2048.8365800865809 2137.5000000000005 0.97252553542215781
decision_type=10 8 2 1 8 1 8 8 10 10 8 2 10 10
left_child=1 9 3 7 5 11 -6 -3 -8 12 -11 -4 13 -1
right_child=-2 2 4 -5 6 -7 8 -9 -10 10 -12 -13 -14 -15
leaf_value=0.0017333021633612325 13.669945879808008 0.089554009848369726 -0.070932514150360851 -0.40896517969321378 -0.063509334738192633 -0.1347088015144246 1.5253113889878842 -0.38337882749582347 0.21459118980118549 -0.048139752778361078 1.1867937634798316 0.067167797324805545 -0.74401798895968485 -0.0019745215888636383
leaf_weight=23130 50 55 112 109 52 278 84 59 61 92 126 101 256 29159
leaf_count=23130 50 55 112 109 52 278 84 59 61 92 126 101 256 29159
internal_value=-5.21134e-05 -6.91146e-05 -0.00355349 -0.0124342 -0.000606061 -0.00345766 0.00641089 -0.00108527 0.0109667 -8.62265e-06 0.00690583 0.00230263 -3.79638e-05 -8.70081e-06
internal_weight=53724 53674 911 223 688 491 197 114 145 52763 218 213 52545 52289
internal_count=53724 53674 911 223 688 491 197 114 145 52763 218 213 52545 52289
cat_boundaries=0 1 2
cat_threshold=33112 41002
is_linear=0
shrinkage=0.035


Tree=266
num_leaves=15
num_cat=4
split_feature=0 10 29 23 22 32 25 26 33 32 15 20 15 32
split_gain=12.3811 9.9132 8.24229 13.4128 11.8216 18.9224 14.4714 12.755 12.4098 11.3503 15.0487 12.1509 11.6438 11.3389
threshold=3725.0000000000005 1.0000000180025095e-35 -0.108376950152639 0.20512848593319441 1.0554134362698597 0 11.500000000000002 218.50000000000003 1 2 340.25000000000006 2108.4523809523812 380.12500000000006 3
decision_type=10 10 2 8 10 1 2 2 1 1 2 10 2 1
left_child=1 -1 3 -3 8 7 -7 -6 -5 -10 11 -11 -12 -13
right_child=-2 2 -4 4 5 6 -8 -9 9 10 12 13 -14 -15
leaf_value=-0.2713063810426864 13.191497774014728 0.27417327376430783 -0.0019147403259356978 0.0075573799918843328 -0.05925424540485652 -0.010269107967545411 0.014333962105443307 0.012942929232201755 0.029031943022203247 -0.0044109663840701269 -0.39511726767504302 0.030585252887512911 -0.30857321052169084 -0.0012047904752057505
leaf_weight=79 50 81 30439 6725 78 5941 1131 1851 1827 3284 123 841 241 1033
leaf_count=79 50 81 30439 6725 78 5941 1131 1851 1827 3284 123 841 241 1033
internal_value=-5.21134e-05 -6.91146e-05 -5.02799e-05 0.000447304 0.000395797 -0.000594604 -0.0014322 0.00246656 0.00102919 3.327e-05 -0.000758534 -0.00027116 -0.00758808 0.00197445
internal_weight=53724 53674 53595 23156 23075 9001 7072 1929 14074 7349 5522 5158 364 1874
internal_count=53724 53674 53595 23156 23075 9001 7072 1929 14074 7349 5522 5158 364 1874
cat_boundaries=0 1 2 3 4
cat_threshold=2088 6 1286 51288
is_linear=0
shrinkage=0.035


Tree=267
num_leaves=15
num_cat=4
split_feature=0 10 22 32 23 22 3 32 32 23 8 32 30 3
split_gain=10.5748 9.89169 7.42581 22.222 21.9635 16.5963 23.9912 16.2362 16.0677 15.2699 23.2834 13.7373 13.4766 12.2947
threshold=3725.0000000000005 1.0000000180025095e-35 0.92968248919523044 0 0.41301601441261887 0.65532947738070646 240.25000000000003 1 2 1.0771195213417017 20.027100584945568 3 -0.88220415136009767 1.0500000000000003
decision_type=10 10 10 1 10 10 10 1 1 10 2 1 2 10
left_child=1 -1 3 -3 7 6 8 12 -6 -7 11 -11 -5 -4
right_child=-2 2 13 4 5 9 -8 -9 -10 10 -12 -13 -14 -15
leaf_value=-0.26181065770619244 12.72979535192421 0.025900778767161754 -0.0070390991282167263 -0.070754613717020534 0.052039132126814394 -0.00090233793972066328 -0.4853625057034105 -0.0032406472049400785 0.0021630560267137436 0.035276986035860602 0.52671236707621272 -0.0072406974337826642 -0.013619024681924795 -0.00078543919595429172
leaf_weight=79 50 3160 1896 294 752 9172 222 2050 549 120 253 420 835 33872
leaf_count=79 50 3160 1896 294 752 9172 222 2050 549 120 253 420 835 33872
internal_value=-6.64446e-05 -8.2155e-05 -6.33396e-05 0.000520132 -5.4829e-05 0.000657792 0.00405432 -0.0026272 0.00586907 0.000136911 0.0047807 0.000642202 -0.00596591 -0.000354178
internal_weight=53724 53674 53595 17827 14667 11488 1523 3179 1301 9965 793 540 1129 35768
internal_count=53724 53674 53595 17827 14667 11488 1523 3179 1301 9965 793 540 1129 35768
cat_boundaries=0 1 2 3 4
cat_threshold=388 34920 61451 2160
is_linear=0
shrinkage=0.035


Tree=268
num_leaves=15
num_cat=2
split_feature=0 10 24 32 32 2 10 4 1 23 3 1 8 3
split_gain=10.5659 8.57568 7.37229 39.0234 15.8584 12.9428 15.6956 20.8658 14.7025 13.5729 11.678 12.3386 10.7127 10.3949
threshold=3725.0000000000005 1.0000000180025095e-35 5.5000000000000009 0 1 3.5500000000000003 32.007142857142867 30.100000000000005 9.0500000000000025 1.1560486222099895 230.50000000000003 601.00000000000011 1.5853676343952194 4.5500000000000007
decision_type=10 10 2 1 1 8 10 8 8 8 8 10 2 8
left_child=1 -1 -3 -4 12 -6 8 -8 13 -9 -11 -12 -5 -7
right_child=-2 2 3 4 5 6 7 9 -10 10 11 -13 -14 -15
leaf_value=-0.25264728468647574 12.284252514606864 0.00021447233089959996 -0.60328892766965347 0.012546141087292182 -0.0056664226484048506 0.0042857406106678701 -0.16572267275921143 -0.071516659351392994 0.018624336123558891 0.056254610184027748 -0.33928407269249378 1.9129616746306526 0.015621258770819298 -0.017792565299104869
leaf_weight=79 50 49244 262 58 77 65 140 869 765 428 185 72 1272 158
leaf_count=79 50 49244 262 58 77 65 140 869 765 428 185 72 1272 158
internal_value=-5.99304e-05 -7.56348e-05 -5.81157e-05 -0.00143825 -0.000571394 -0.00208183 -0.00166729 -0.00370806 0.00183283 -0.00251443 0.00116667 -0.00467557 0.00255019 -0.00598684
internal_weight=53724 53674 53595 4351 4089 2759 2682 1694 988 1554 685 257 1330 223
internal_count=53724 53674 53595 4351 4089 2759 2682 1694 988 1554 685 257 1330 223
cat_boundaries=0 1 2
cat_threshold=1024 2496
is_linear=0
shrinkage=0.035


Tree=269
num_leaves=15
num_cat=3
split_feature=10 17 6 22 23 22 32 1 32 8 24 32 21 3
split_gain=9.15066 6.66833 17.4287 14.3395 21.4086 25.8348 18.5541 13.4777 15.7114 12.9236 15.4805 15.6714 20.4277 19.4849
threshold=1.0000000180025095e-35 4.5618643185222014 30.100000000000005 0.88944039368958083 1.2062900538780637 1.1160902993564019 0 8.5500000000000025 1 9.737296885594029 2.5000000000000004 2 2021.2771739130437 270.75000000000006
decision_type=10 8 8 10 8 10 1 10 1 2 2 1 2 8
left_child=-1 7 3 6 5 -5 -3 -2 -9 -4 11 12 -11 -13
right_child=1 2 9 4 -6 -7 -8 8 -10 10 -12 13 -14 -15
leaf_value=-0.25289732084584365 -0.00050513675637511748 -0.019401164304106575 -0.01276932193036796 -0.016981685131367438 -0.0096521069934944331 -0.11471276484334302 0.024265095966193917 0.0009208624777410358 0.0090721688657775003 0.14561500566598304 -0.01101593294957871 0.026668499759564031 -0.0075964385719272092 -0.07092074995580902
leaf_weight=80 7561 507 4418 1061 2520 643 617 5357 3631 1530 14798 6906 776 3319
leaf_count=80 7561 507 4418 1061 2520 643 617 5357 3631 1530 14798 6906 776 3319
internal_value=-5.47191e-05 -3.65338e-05 -0.00029717 -0.00214459 -0.00307874 -0.00610298 0.00136404 0.000547602 0.00146336 1.43298e-05 0.000298346 0.00120333 0.00380009 0.000611816
internal_weight=53724 53644 37095 5348 4224 1704 1124 16549 8988 31747 27329 12531 2306 10225
internal_count=53724 53644 37095 5348 4224 1704 1124 16549 8988 31747 27329 12531 2306 10225
cat_boundaries=0 1 2 3
cat_threshold=7955 26218 5120
is_linear=0
shrinkage=0.035


Tree=270
num_leaves=15
num_cat=2
split_feature=10 29 22 32 6 32 22 26 10 26 3 23 4 16
split_gain=9.13819 7.17661 12.1945 17.7211 14.3846 14.3606 14.6666 13.4645 12.5987 16.1533 14.6096 12.0155 11.413 11.3767
threshold=1.0000000180025095e-35 -0.108376950152639 1.0554134362698597 0 1.9500000000000002 1 0.93320260534987021 333.50000000000006 460.15000000000003 336.50000000000006 210.60000000000002 1.0662356111726246 95.100000000000009 3.7282703764612863
decision_type=10 2 10 1 8 1 10 2 10 2 8 10 10 10
left_child=-1 2 4 8 -2 6 -6 -5 10 -10 12 -12 -4 -3
right_child=1 13 3 7 5 -7 -8 -9 9 -11 11 -13 -14 -15
leaf_value=-0.24404591461623909 0.0016668771687048246 0.00093990455422106886 0.0022826933613681656 -0.0098720255619312806 0.055300883911915392 0.0012158150965824888 0.011554433611545961 0.014118999701453038 2.1181783257137363 -0.94105035136607518 0.070054102811749744 -0.24197949348028486 0.25162199581627692 -0.012316256627114745
leaf_weight=80 169 9188 1059 5915 1542 10513 1927 1162 187 68 112 270 234 21298
leaf_count=80 169 9188 1059 5915 1542 10513 1927 1162 187 68 112 270 234 21298
internal_value=-6.25361e-05 -4.43624e-05 0.000420066 -0.00058644 0.00106068 0.000935869 0.00288318 -0.00139664 0.00237532 0.00955769 0.00127083 -0.00470284 0.003047 -0.000397166
internal_weight=53724 53644 23158 9007 14151 13982 3469 7077 1930 255 1675 382 1293 30486
internal_count=53724 53644 23158 9007 14151 13982 3469 7077 1930 255 1675 382 1293 30486
cat_boundaries=0 1 2
cat_threshold=2088 1412
is_linear=0
shrinkage=0.035


Tree=271
num_leaves=15
num_cat=2
split_feature=10 23 22 23 2 32 0 32 5 0 8 22 30 6
split_gain=9.12989 6.86576 14.1962 23.7855 22.117 14.0682 12.5057 14.1266 12.0466 13.351 12.3978 11.2163 11.1976 13.2796
threshold=1.0000000180025095e-35 0.54484478475140519 0.74907247462474325 0.85257315870794115 30.100000000000005 0 149.75000000000003 1 55.100000000000009 198.75000000000003 5.2395350778484637 0.68363360969387765 -0.97874870457683594 64.100000000000009
decision_type=10 8 10 10 8 1 8 1 10 10 2 10 2 8
left_child=-1 5 3 6 -5 8 -3 -8 10 -10 -2 -12 -7 -14
right_child=1 2 -4 4 -6 12 7 -9 9 -11 11 -13 13 -15
leaf_value=-0.23550430760467075 0.015373605664679732 0.010497232167380953 -0.00042528156382419361 -0.00079364317947574049 0.14986369112792547 -0.087107489506045938 -0.057378735516435957 0.016197035887926519 0.16630443203277681 -0.70221472555806164 0.0070296886084718962 -0.13788718475076892 -0.011926567934809706 0.0020413270089100878
leaf_weight=80 82 1789 47308 137 236 225 571 888 297 70 88 138 702 1113
leaf_count=80 82 1789 47308 137 236 225 571 888 297 70 88 138 702 1113
internal_value=-6.77474e-05 -4.95815e-05 4.1917e-05 0.00215251 0.010463 -0.00176287 0.00118352 -0.00121926 0.00258696 0.00686828 -0.00246006 -0.00666667 -0.00320195 -0.00228846
internal_weight=53724 53644 50929 3621 373 2715 3248 1459 675 367 308 226 2040 1815
internal_count=53724 53644 50929 3621 373 2715 3248 1459 675 367 308 226 2040 1815
cat_boundaries=0 1 2
cat_threshold=269 55400
is_linear=0
shrinkage=0.035


Tree=272
num_leaves=15
num_cat=1
split_feature=0 22 30 32 0 17 19 2 16 10 23 16 23 26
split_gain=8.89281 8.0026 19.2021 20.4727 11.891 10.0645 9.8475 8.31977 9.06377 8.23201 8.14264 27.6732 7.92778 7.75337
threshold=3725.0000000000005 1.8174112776305755 -0.52765736634565841 0 991.00000000000011 20.597146021788301 24.687500000000004 82.100000000000009 167.67230842796855 247.38095238095241 2.0739180411378979 23.380903888982996 2.6436217829168225 287.50000000000006
decision_type=10 8 2 1 8 8 10 8 10 8 10 10 10 2
left_child=1 10 3 9 5 -4 -7 -6 -9 -3 -1 13 -8 -12
right_child=-2 2 4 -5 7 6 12 8 -10 -11 11 -13 -14 -15
leaf_value=-0.00021023289730054631 11.852334305508146 0.087497251616991498 0.015898740633027039 -0.36111488445835249 -0.060434847070987403 -0.33033541140827272 -0.19019033085910395 1.473868468958287 0.21009567799495701 -0.31682315320589571 -0.052256093000361326 0.78540193244920742 0.48179188812778967 0.050712336657972854
leaf_weight=52302 50 55 125 109 52 52 219 84 61 59 143 250 95 68
leaf_count=52302 50 55 125 109 52 52 219 84 61 59 143 250 95 68
internal_value=-6.64446e-05 -8.0851e-05 -0.00332424 -0.0121272 -0.00040404 -0.00331653 -0.00622642 0.00675743 0.0109667 -0.000542636 -2.45414e-05 0.00458155 -0.00373041 -0.00469907
internal_weight=53724 53674 911 223 688 491 366 197 145 114 52763 461 314 211
internal_count=53724 53674 911 223 688 491 366 197 145 114 52763 461 314 211
cat_boundaries=0 1
cat_threshold=33112
is_linear=0
shrinkage=0.035


Tree=273
num_leaves=15
num_cat=4
split_feature=0 20 30 23 32 14 33 30 22 32 21 32 11 11
split_gain=8.88787 7.83939 17.0466 12.4153 14.946 12.3993 11.6201 17.1907 18.6948 17.3493 16.0972 18.3242 14.1096 18.4386
threshold=3725.0000000000005 791.83333333333337 0.04621408538533487 0.99383096619019362 0 59.975000000000009 1 0.94353349168649059 0.90342656680102584 2 1545.9629629629633 3 14.220833333333335 21.71565656565657
decision_type=10 10 2 8 1 8 1 2 10 1 2 1 10 10
left_child=1 2 3 4 -1 -6 7 8 -3 -9 12 -12 -10 -14
right_child=-2 6 -4 -5 5 -7 -8 9 10 -11 11 -13 13 -15
leaf_value=0.19599148206868366 11.437502604815364 0.018143934030237292 -0.0036498756414671354 -0.19388226182927371 0.0024668280410254152 -0.15784603777058889 -0.00091400561131200716 0.1941569832676692 0.0058043454001505792 0.057307879604238117 0.094829322818714812 -0.0094820317968309729 -0.027541409454606237 -0.0083504161762937568
leaf_weight=113 50 2485 2038 201 132 148 39754 259 541 759 713 546 328 5657
leaf_count=113 50 2485 2038 201 132 148 39754 259 541 759 713 546 328 5657
internal_value=-6.25361e-05 -7.69388e-05 -0.00193781 -0.00712855 -0.00342965 -0.00759322 1.9198e-05 0.00100947 0.000579075 0.00533724 -0.000265083 0.00335047 -0.00096463 -0.00145492
internal_weight=53724 53674 2632 594 393 280 51042 11288 10270 1018 7785 1259 6526 5985
internal_count=53724 53674 2632 594 393 280 51042 11288 10270 1018 7785 1259 6526 5985
cat_boundaries=0 1 2 3 4
cat_threshold=28416 2 4690 23912
is_linear=0
shrinkage=0.035


Tree=274
num_leaves=15
num_cat=2
split_feature=10 23 32 22 15 1 0 16 8 22 23 32 19 3
split_gain=7.88818 7.32315 14.428 13.2383 13.2 21.984 20.1752 13.1117 12.9359 12.5868 22.3745 19.179 14.1082 18.0474
threshold=1.0000000180025095e-35 0.5946424300406602 0 0.76553943925070445 1100.5000000000002 99.750000000000014 115.10000000000001 6.0249481325568119 14.803209339266706 0.77986405809086501 1.0292362046000101 1 85.537500000000009 30.100000000000005
decision_type=10 8 1 10 2 10 10 10 2 10 10 1 8 8
left_child=-1 2 3 -2 5 7 -7 8 -4 10 11 12 13 -3
right_child=1 9 4 -5 -6 6 -8 -9 -10 -11 -12 -13 -14 -15
leaf_value=-0.20798614985457373 -0.0051287751652985651 0.036571037810830709 -1.6923243205060336e-05 -0.068811522841128375 -1.0567882364385974 0.83073055529929629 0.14257758324784719 -0.048993338914559925 0.040938054594497439 -0.00034018654323633604 0.083157600040498478 0.0011898233515580416 0.24049686419300631 -0.036292992023464615
leaf_weight=80 1325 172 377 453 105 152 262 796 151 45791 171 3490 227 172
leaf_count=80 1325 172 377 453 105 152 262 796 151 45791 171 3490 227 172
internal_value=-5.21134e-05 -3.5229e-05 -0.00155405 -0.00378695 0.000621636 0.00136546 0.00835322 -0.000842739 0.00341463 7.48581e-05 0.00189993 0.00136867 0.00722696 0.00280802
internal_weight=53724 53644 3621 1778 1843 1738 414 1324 528 50023 4232 4061 571 344
internal_count=53724 53644 3621 1778 1843 1738 414 1324 528 50023 4232 4061 571 344
cat_boundaries=0 1 2
cat_threshold=23250 132
is_linear=0
shrinkage=0.035


Tree=275
num_leaves=15
num_cat=2
split_feature=10 17 6 32 14 23 22 16 30 8 5 30 32 24
split_gain=7.88818 7.22913 17.9954 15.3726 13.9829 17.918 12.7769 13.9739 12.589 12.1708 16.4217 14.8508 23.6733 16.9511
threshold=1.0000000180025095e-35 4.5618643185222014 30.100000000000005 0 20.975000000000005 1.6557367885011527 0.89875683720729149 9.3726107407596082 0.95936279103287792 9.737296885594029 80.15000000000002 -0.99052477729077237 1 5.5000000000000009
decision_type=10 8 8 1 8 8 10 10 2 2 8 2 1 2
left_child=-1 -2 3 -3 -5 6 -6 8 -8 10 -4 12 -11 -13
right_child=1 2 9 4 5 -7 7 -9 -10 11 -12 13 -14 -15
leaf_value=-0.20070663460966359 0.00079496146981185246 -0.032563126449540673 -0.0047960282296183017 0.013866592764909608 0.01032403192373911 0.022315634494458048 -0.03238622667238774 -0.18526636696732868 0.019367774739845169 0.018770419916851327 -0.045093325952887189 0.016791093485251665 -0.16646184615785622 -0.063738669010124163
leaf_weight=80 16549 1725 3597 917 373 823 1134 287 89 683 821 23814 612 2220
leaf_count=80 16549 1725 3597 917 373 823 1134 287 89 683 821 23814 612 2220
internal_value=-5.21134e-05 -3.5229e-05 -0.000306604 -0.00218382 -0.000875481 -0.00214312 -0.00402278 -0.00545215 -0.00379072 9.92063e-06 -0.00169342 0.000285542 -0.00336538 0.00046776
internal_weight=53724 53644 37095 5348 3623 2706 1883 1510 1223 31747 4418 27329 1295 26034
internal_count=53724 53644 37095 5348 3623 2706 1883 1510 1223 31747 4418 27329 1295 26034
cat_boundaries=0 1 2
cat_threshold=3351 22962
is_linear=0
shrinkage=0.035


Tree=276
num_leaves=15
num_cat=2
split_feature=3 32 22 23 29 10 1 22 29 29 23 6 23 32
split_gain=7.81639 15.0229 16.5022 15.5227 9.38097 8.23958 9.03862 14.0146 7.91798 13.1211 7.18873 15.6339 10.5821 11.5088
threshold=1.0500000000000003 0 1.1132586933191397 1.3782986629240372 -0.94705910369513524 448.6357142857143 19.100000000000005 1.1861016125459249 -0.79384350655589164 0.57782244426053786 0.13344941042644634 49.050000000000004 0.41301601441261887 1
decision_type=10 1 8 8 2 8 10 10 2 2 8 10 8 1
left_child=1 5 4 -4 -3 6 7 8 -1 -10 11 -2 13 -12
right_child=10 2 3 -5 -6 -7 -8 -9 9 -11 12 -13 -14 -15
leaf_value=-0.0096033820303193466 -0.015035022416206956 0.1557449507123384 -0.11623287322785537 -0.03191618236614744 -0.0054449986485301484 -0.60694728095777872 0.04306913698094543 -0.021334487483724997 0.008265872251142125 -0.0041642148429375586 -0.034460071930451537 0.92761415511206757 0.00033251053562090852 -0.0011046939047593375
leaf_weight=101 56 54 255 225 1217 81 594 81 241 185 446 98 49520 570
leaf_count=101 56 54 255 225 1217 81 594 81 241 185 446 98 49520 570
internal_value=-4.95077e-05 -0.00177361 -0.00386467 -0.00938144 -0.00178292 0.00110555 0.00185584 -0.00114192 0.000986842 0.00308585 5.38515e-05 0.00748428 3.04703e-05 -0.00349657
internal_weight=53724 3034 1751 480 1271 1283 1202 608 527 426 50690 154 50536 1016
internal_count=53724 3034 1751 480 1271 1283 1202 608 527 426 50690 154 50536 1016
cat_boundaries=0 1 2
cat_threshold=37509 6355
is_linear=0
shrinkage=0.035


Tree=277
num_leaves=15
num_cat=2
split_feature=0 16 0 10 32 23 22 0 22 1 16 30 3 32
split_gain=7.33093 7.42535 21.061 16.2965 15.786 19.1085 24.0777 14.0358 17.563 13.5194 21.9273 13.0075 22.1293 23.7051
threshold=3725.0000000000005 3.4429875648046795 30.150000000000002 68.215476190476195 0 0.8498027758051071 0.95611133739184007 11.050000000000002 0.60587144423659944 78.200000000000017 26.832815729997368 -0.6523320455745395 280.75000000000006 1
decision_type=10 8 8 10 1 10 8 10 10 10 8 2 8 1
left_child=1 3 4 7 5 -3 -7 -1 -9 10 -6 12 -4 -14
right_child=-2 2 11 -5 9 6 -8 8 -10 -11 -12 -13 13 -15
leaf_value=-0.00014788062059435171 11.036602594035102 -0.052413798152221948 -0.00062927228120129191 -0.031884124722547827 -0.0069454464630402599 0.032493274799310932 -0.024926073920441764 0.035962869716509679 0.0049324965560534123 1.1557713563154779 -0.32969809019846597 0.0073883571647647989 -0.25680982854045031 -0.05474200725835271
leaf_weight=8490 50 570 7108 419 3753 126 311 168 6763 56 106 23162 1174 1468
leaf_count=8490 50 570 7108 419 3753 126 311 168 6763 56 106 23162 1174 1468
internal_value=-4.42964e-05 -5.73781e-05 -0.00032374 0.000578731 -0.00245789 -0.00633562 -0.000871041 0.000764618 0.00193267 -0.00143384 -0.00169384 -4.25312e-06 -0.00107637 -0.00380808
internal_weight=53724 53674 37834 15840 4922 1007 437 15421 6931 3915 3859 32912 9750 2642
internal_count=53724 53674 37834 15840 4922 1007 437 15421 6931 3915 3859 32912 9750 2642
cat_boundaries=0 1 2
cat_threshold=2256 27242
is_linear=0
shrinkage=0.035


Tree=278
num_leaves=15
num_cat=1
split_feature=0 16 4 14 32 1 3 17 23 22 23 22 23 10
split_gain=7.32944 7.29237 20.145 18.9812 19.2127 20.9397 26.9543 15.4399 14.451 16.3529 14.0368 15.1625 23.7243 13.9792
threshold=3725.0000000000005 3.4429875648046795 26.100000000000005 39.100000000000009 0 21.550000000000004 12.050000000000002 13.374935098492719 1.1030205278592378 1.1677308760220795 2.369857963854511 1.6741816458481436 0.626883638330341 68.215476190476195
decision_type=10 8 8 8 1 10 8 10 8 10 10 8 10 10
left_child=1 13 3 4 5 6 -3 -5 9 -7 11 -4 -13 -1
right_child=-2 2 10 7 -6 8 -8 -9 -10 -11 -12 12 -14 -15
leaf_value=0.00097503448227421086 10.650321503243868 0.031418456576672568 9.1568914671142932e-05 -0.23323708740140139 -0.021902980890226589 0.012423129010808547 -0.021737470826927566 -0.11913975068880453 0.043098390309372195 -0.13872276392896624 0.55900289920257384 0.27609010142662743 -0.34480495546672119 -0.030768180357258503
leaf_weight=15421 50 263 32510 122 1686 283 1003 296 678 61 301 200 431 419
leaf_count=15421 50 263 32510 122 1686 283 1003 296 678 61 301 200 431 419
internal_value=-4.29935e-05 -5.60741e-05 -0.00032004 -0.00254719 -0.00179442 0.000303951 -0.00269866 -0.00959811 0.00402142 -0.00180516 -2.72072e-05 -9.609e-05 -0.00544811 0.000574314
internal_weight=53724 53674 37834 4392 3974 2288 1266 418 1022 344 33442 33141 631 15840
internal_count=53724 53674 37834 4392 3974 2288 1266 418 1022 344 33442 33141 631 15840
cat_boundaries=0 1
cat_threshold=62049
is_linear=0
shrinkage=0.035


Tree=279
num_leaves=15
num_cat=2
split_feature=22 20 23 2 32 16 26 23 32 3 5 4 17 22
split_gain=7.39864 17.2981 15.8286 11.7492 11.0648 13.1255 10.3645 9.5823 19.7629 18.2799 16.7369 13.1122 18.2357 11.1973
threshold=1.8174112776305755 2298.1666666666674 2.6436217829168225 82.100000000000009 0 21.297216451246104 251.50000000000003 1.5204589447365311 1 480.50000000000006 230.50000000000003 82.100000000000009 2.9800201725036604 1.3893855679076108
decision_type=8 8 8 8 1 10 2 10 1 8 10 10 8 10
left_child=7 2 4 -4 -2 -6 -3 -1 9 11 13 12 -9 -10
right_child=1 6 3 -5 5 -7 -8 8 10 -11 -12 -13 -14 -15
leaf_value=-0.00033499051070857489 0.05744695650081099 -0.31043665943244964 -0.074113915095906618 0.90296592833225187 0.012186383235951299 -0.49351012090781515 -0.013280039865052152 0.018523207970440166 0.034979544566130269 -2.1387095651855494 1.7416861801391386 0.37664503063731675 -0.10416886379413878 -0.00053743213206141293
leaf_weight=49996 109 182 73 191 77 138 149 80 765 85 287 243 401 948
leaf_count=49996 109 182 73 191 77 138 149 80 765 85 287 243 401 948
internal_value=-3.9085e-05 -0.00314394 0.000472175 0.0067658 -0.00468085 -0.00897826 -0.00947917 1.52433e-05 0.00200249 -0.00259102 0.00385608 -0.000768176 -0.00410494 0.00254657
internal_weight=53724 919 588 264 324 215 331 52805 2809 809 2000 724 481 1713
internal_count=53724 919 588 264 324 215 331 52805 2809 809 2000 724 481 1713
cat_boundaries=0 1 2
cat_threshold=33876 8470
is_linear=0
shrinkage=0.035


Tree=280
num_leaves=15
num_cat=0
split_feature=0 14 19 9 3 19 1 16 1 10 0 1 0 22
split_gain=7.32495 7.17004 17.2183 17.3611 6.56105 25.1518 22.2588 18.8357 21.8765 19.4181 23.2558 23.024 17.2021 17.814
threshold=3725.0000000000005 2620.0000000000005 44.01250000000001 2032.5000000000002 39.850000000000009 46.01250000000001 47.050000000000004 5.9000604625102779 22.550000000000004 15.323809523809526 11.550000000000002 13.050000000000002 85.050000000000011 1.2532208965727871
decision_type=10 8 10 8 8 10 8 8 10 10 10 10 10 8
left_child=1 4 -3 -4 5 7 12 8 9 11 -11 -1 13 -6
right_child=-2 2 3 -5 6 -7 -8 -9 -10 10 -12 -13 -14 -15
leaf_value=0.0001735225035514332 10.277571975298198 -0.11320131531344697 -1.2154840550947121 3.0278701737027625 -0.011998453439619096 0.045431624119846074 -8.7740409237397913e-05 -0.019018649480526614 0.011190613015521721 -0.035644406627481584 -0.0038803476348070825 0.019023512819315462 0.53714253936001854 -0.084804976093863574
leaf_weight=8195 50 54 85 55 3357 864 28646 2756 4605 633 3284 780 74 286
leaf_count=8195 50 54 85 55 3357 864 28646 2756 4605 633 3284 780 74 286
internal_value=-3.9085e-05 -5.21619e-05 -0.00668342 0 -2.74843e-05 0.000452372 -0.000340614 0.000202142 0.000625928 -0.00011398 -0.00216854 0.000783408 -0.00288689 -0.00323328
internal_weight=53724 53674 194 140 53480 21117 32363 20253 17497 12892 3917 8975 3717 3643
internal_count=53724 53674 194 140 53480 21117 32363 20253 17497 12892 3917 8975 3717 3643
is_linear=0
shrinkage=0.035


Tree=281
num_leaves=15
num_cat=4
split_feature=11 5 26 20 29 33 32 32 0 32 22 16 1 17
split_gain=9.01472 13.0999 6.68018 13.8858 23.6559 52.1428 23.6088 13.3221 12.7906 12.1908 13.7256 11.1007 12.6646 12.6643
threshold=1.0000000180025095e-35 47.050000000000004 91.500000000000014 774.64285714285722 0.92922379131507438 0 1 2 221.00000000000003 3 1.6741816458481436 5.2440442408486865 9.5500000000000025 8.477845459305918
decision_type=10 8 2 10 2 1 1 1 8 1 8 10 10 10
left_child=1 -1 9 7 -5 6 -6 -4 -8 -2 -11 12 -7 -13
right_child=2 -3 3 4 5 11 8 -9 -10 10 -12 13 -14 -15
leaf_value=-0.13059747950567099 -0.0091557566944568125 0.13332228054391249 0.013975089462869458 5.7271041499694646e-05 0.025465990914134529 -0.0024890853714768868 0.092279558040196913 -0.10006066835380781 1.5282041222110583 0.001540263989092523 -0.20026703650289074 -0.084179214294602275 0.022127956666133833 -0.011177203414885853
leaf_weight=51 6142 50 122 35935 332 433 268 350 285 7631 153 243 676 1053
leaf_count=51 6142 50 122 35935 332 433 268 350 285 7631 153 243 676 1053
internal_value=-3.9085e-05 -0.0102358 -1.89267e-05 0.000212458 0.000284604 0.00312291 0.0103056 -0.00572327 0.0147271 -0.000678343 0.000242339 0.000419421 0.00298474 -0.00177556
internal_weight=53724 101 53623 39697 39225 3290 885 472 553 13926 7784 2405 1109 1296
internal_count=53724 101 53623 39697 39225 3290 885 472 553 13926 7784 2405 1109 1296
cat_boundaries=0 1 2 3 4
cat_threshold=8 35601 9729 19981
is_linear=0
shrinkage=0.035


Tree=282
num_leaves=15
num_cat=2
split_feature=11 5 23 32 22 0 29 32 16 22 0 26 26 13
split_gain=8.98249 10.4531 6.41533 37.8795 20.9219 19.2978 17.4408 14.8715 14.795 13.4709 14.1721 12.8964 12.5841 12.3768
threshold=1.0000000180025095e-35 47.050000000000004 1.2062900538780637 0 1.267741240795133 1005.0000000000001 0.94425825643485939 1 4.0178174601211394 0.99740680031942175 149.75000000000003 314.50000000000006 321.50000000000006 650.12500000000011
decision_type=10 8 10 1 10 10 2 1 10 8 10 2 2 10
left_child=1 -1 -2 6 7 13 9 8 -5 10 -4 -11 -13 -6
right_child=2 -3 3 4 5 -7 -8 -9 -10 11 -12 12 -14 -15
leaf_value=-0.12602656772297252 -0.00081430097514848757 0.12865600072487565 -0.0027427968644216307 0.0072192932914607877 -0.00085530498042770027 2.2869905354219546 0.023983008203801674 0.01654281572939546 0.12228197986152697 -0.042958137822464063 0.63354633678924199 0.21982399503281685 -0.0046073542669281724 -0.9339585325475952
leaf_weight=51 43861 50 233 262 2638 291 368 2809 524 1916 80 55 455 131
leaf_count=51 43861 50 233 262 2638 291 368 2809 524 1916 80 55 455 131
internal_value=-5.73247e-05 -0.0102358 -3.72007e-05 0.000774035 0.00226162 0.000137031 -0.00241031 0.00407361 0.00830212 -0.0033801 0.00341195 -0.00426162 0.000679612 -0.000769647
internal_weight=53724 101 53623 9762 6655 3060 3107 3595 786 2739 313 2426 510 2769
internal_count=53724 101 53623 9762 6655 3060 3107 3595 786 2739 313 2426 510 2769
cat_boundaries=0 1 2
cat_threshold=8459 16576
is_linear=0
shrinkage=0.035


Tree=283
num_leaves=15
num_cat=2
split_feature=11 5 29 23 16 33 23 32 29 20 9 8 0 22
split_gain=7.8698 9.29948 6.71391 15.975 12.5126 19.5933 19.1237 40.1836 19.9607 26.0939 18.8047 18.9177 33.8911 18.4976
threshold=1.0000000180025095e-35 47.050000000000004 -0.2102246306142678 0.20512848593319441 3.3911649915625537 0 1.1210356942215858 1 0.95242846126021108 1941.8333333333337 1942.5000000000002 84.560300217437955 390.50000000000006 1.4052072675436353
decision_type=10 8 2 8 8 1 8 1 2 10 10 2 10 8
left_child=1 -1 3 -2 -4 6 -6 10 -9 -10 -8 -12 -13 -7
right_child=2 -3 4 -5 5 13 7 8 9 -11 11 12 -14 -15
leaf_value=-0.12161563785266842 0.40175079815481707 0.124153040699505 0.0010542676433595768 0.0011529412268603968 -0.015261714519634727 -0.016548438980263178 0.047705446635940368 -0.053652158737873962 -0.075733920363597301 0.33002614502154426 0.18198938945470863 -0.50636428537447198 1.3601122279181219 -0.11513722827970155
leaf_weight=51 72 50 8923 21394 8063 9107 1754 2430 225 291 490 71 230 573
leaf_count=51 72 50 8923 21394 8063 9107 1754 2430 225 291 490 71 230 573
internal_value=-4.82049e-05 -0.00957547 -2.9369e-05 0.000449909 -0.000349325 -0.000777142 8.25411e-05 0.00167485 -0.00111111 0.00510557 0.00488086 0.00936558 0.00240196 -0.00197834
internal_weight=53724 101 53623 21466 32157 23234 13554 5491 2946 516 2545 791 301 9680
internal_count=53724 101 53623 21466 32157 23234 13554 5491 2946 516 2545 791 301 9680
cat_boundaries=0 1 2
cat_threshold=10 54480
is_linear=0
shrinkage=0.035


Tree=284
num_leaves=15
num_cat=3
split_feature=11 5 33 24 32 20 0 32 30 13 4 3 1 26
split_gain=7.88488 9.29948 6.57626 17.3567 21.6052 15.2796 18.3637 16.8838 19.4685 17.7298 22.8622 16.3566 13.8401 13.1117
threshold=1.0000000180025095e-35 47.050000000000004 0 1.0000000180025095e-35 1 1635.3571428571431 40.250000000000007 2 0.11478523713130605 67.52500000000002 99.750000000000014 20.100000000000005 65.100000000000009 343.50000000000006
decision_type=10 8 1 2 1 10 10 1 2 10 10 10 10 2
left_child=1 -1 3 4 -2 6 -5 8 -8 -9 12 -7 -11 -14
right_child=2 -3 -4 5 -6 11 7 9 -10 10 -12 -13 13 -15
leaf_value=-0.11735909052782507 1.5741676947619574 0.11980768427502224 -0.00085052657488854833 0.0058318881360569647 0.015350065995208785 -0.027872882376839138 -0.094517641023868088 0.058241879945641103 -0.0044000326737918096 0.042455419737895926 0.012030410375801994 0.081320587720010606 -0.088807408339383054 0.1080845305993286
leaf_weight=51 134 50 39777 3513 1979 99 943 614 874 199 3732 739 954 66
leaf_count=51 134 50 39777 3513 1979 99 943 614 874 199 3732 739 954 66
internal_value=-3.9085e-05 -0.00957547 -2.0232e-05 0.000636318 0.00355288 0.000110325 -0.000240826 -0.00123189 -0.00414574 -0.000269713 -0.000967514 0.00465006 -0.00511846 -0.00676098
internal_weight=53724 101 53623 13846 2113 11733 10895 7382 1817 5565 4951 838 1219 1020
internal_count=53724 101 53623 13846 2113 11733 10895 7382 1817 5565 4951 838 1219 1020
cat_boundaries=0 1 2 3
cat_threshold=2 1024 8278
is_linear=0
shrinkage=0.035


Tree=285
num_leaves=15
num_cat=3
split_feature=11 5 22 23 32 4 22 6 3 32 22 32 22 23
split_gain=7.88057 9.29948 6.17136 23.7078 29.4036 25.9839 17.616 16.557 16.3276 26.0247 19.4708 19.1586 16.5853 19.752
threshold=1.0000000180025095e-35 47.050000000000004 0.97252553542215781 1.0292362046000101 0 45.050000000000004 0.86180754779840463 300.80000000000007 279.50000000000006 1 0.55273152394362557 2 0.74907247462474325 0.82707893497603779
decision_type=10 8 8 10 1 10 10 10 10 1 10 1 10 8
left_child=1 -1 3 8 -5 -6 -7 -4 11 -10 -11 12 -2 -14
right_child=2 -3 7 4 5 6 -8 -9 9 10 -12 -13 13 -15
leaf_value=-0.11325152235935124 0.041466576875295091 0.11561441532539653 -0.0024745382207673398 0.054634500076815716 -0.002490818484657176 0.42107096401314836 0.0841896621609554 0.13794593978806832 -0.35803233492063685 -0.70993365858155077 0.013687356401015763 -0.0012829701910492864 -0.010240068456635361 0.01680598521258218
leaf_weight=51 1304 50 27165 556 1133 201 822 3122 520 192 2124 11506 1699 3279
leaf_count=51 1304 50 27165 556 1133 201 822 3122 520 192 2124 11506 1699 3279
internal_value=-4.16907e-05 -0.00957547 -2.28425e-05 0.000404867 0.0034781 0.00157992 0.0056177 -0.000352403 0 -0.00246392 -0.000840841 0.000393413 0.00194537 0.00102549
internal_weight=53724 101 53623 23336 2712 2156 1023 30287 20624 2836 2316 17788 6282 4978
internal_count=53724 101 53623 23336 2712 2156 1023 30287 20624 2836 2316 17788 6282 4978
cat_boundaries=0 1 2 3
cat_threshold=20672 57410 24966
is_linear=0
shrinkage=0.035


Tree=286
num_leaves=15
num_cat=3
split_feature=0 17 19 32 16 23 22 23 32 23 26 26 14 33
split_gain=7.32196 7.62127 16.8743 21.2935 23.3822 14.1415 13.8477 20.3793 15.5269 13.0863 13.0266 12.9126 11.9936 11.7472
threshold=3725.0000000000005 4.5618643185222014 29.262500000000006 0 7.5277265270907661 2.369857963854511 1.6741816458481436 2.1938679142639539 1 1.8459722810627612 137.50000000000003 302.50000000000006 41.225000000000009 2
decision_type=10 8 10 1 8 10 10 8 1 10 2 2 8 1
left_child=1 -1 3 4 -3 6 9 -8 -9 11 -11 -4 -5 -13
right_child=-2 2 5 12 -6 -7 7 8 -10 10 -12 13 -14 -15
leaf_value=0.00076551866850467672 9.9121494094823568 -0.0090586265403256507 -0.0057266965942247873 -0.0044392575921850426 -0.15198031488784705 0.58732539332748124 -0.38175196343733597 0.5781209317699314 -0.3728223324363133 0.48598356977171686 0.0081913031481673226 0.10257867628772631 -0.10120835939519245 0.0066323209328859184
leaf_weight=16560 50 443 27422 3206 385 292 394 103 104 149 196 1331 187 2902
leaf_count=16560 50 443 27422 3206 385 292 394 103 104 149 196 1331 187 2902
internal_value=-3.64794e-05 -4.95538e-05 -0.000328134 -0.00241008 -0.00739027 -6.0642e-05 -0.000129884 -0.00537129 0.00346698 -3.06202e-05 0.0067 -0.000105022 -0.0011605 0.00169302
internal_weight=53724 53674 37114 4221 828 32893 32601 601 207 32000 345 31655 3393 4233
internal_count=53724 53674 37114 4221 828 32893 32601 601 207 32000 345 31655 3393 4233
cat_boundaries=0 1 2 3
cat_threshold=3334 17994 2
is_linear=0
shrinkage=0.035


Tree=287
num_leaves=15
num_cat=3
split_feature=17 6 32 17 1 32 0 10 1 3 24 32 1 9
split_gain=6.67926 16.5597 18.4844 17.9345 11.2253 14.8852 12.957 16.1641 14.1753 12.1557 11.1272 22.883 23.9335 18.5329
threshold=4.5618643185222014 13.750000000000002 0 5.8387420812057256 8.5500000000000025 1 28.100000000000005 31.530952380952382 28.050000000000004 14.65 1.5000000000000002 2 159.80000000000004 652.50000000000011
decision_type=8 8 1 8 10 1 10 10 10 8 2 1 10 10
left_child=4 2 -2 -4 -1 -6 9 8 -8 -7 11 12 -3 -14
right_child=1 10 3 -5 5 6 7 -9 -10 -11 -12 -13 13 -15
leaf_value=-0.00041763077431497878 -0.057696151546529011 0.030846573307295632 0.021992743350396974 -0.03204097449103422 0.00089189846161633404 0.011061075802478549 0.029274816069649216 0.0091285168064295357 0.053620370599777083 0.0005233912627432602 -0.0080840544451383431 -0.0008506219582658049 0.27760497936193673 1.0551315622945407
leaf_weight=7570 306 1870 216 645 5358 1256 85 400 188 1703 25189 8327 308 303
leaf_count=7570 306 1870 216 645 5358 1256 85 400 188 1703 25189 8327 308 303
internal_value=-3.51765e-05 -0.000295677 -0.00438993 -0.00163813 0.000549351 0.00138521 0.0031094 0.00748525 0.0139748 0.0021137 -0.000162352 0.000776843 0.00371595 0.00971591
internal_weight=53724 37164 1167 861 16560 8990 3632 673 273 2959 35997 10808 2481 611
internal_count=53724 37164 1167 861 16560 8990 3632 673 273 2959 35997 10808 2481 611
cat_boundaries=0 1 2 3
cat_threshold=35842 26218 5122
is_linear=0
shrinkage=0.035


Tree=288
num_leaves=15
num_cat=2
split_feature=16 23 32 19 22 32 10 22 16 29 26 6 19 17
split_gain=6.85377 6.57555 32.9073 17.7076 20.9175 16.4407 16.8312 14.7505 11.9829 11.9204 13.933 12.1281 11.9007 11.8985
threshold=1.0000000180025095e-35 1.2062900538780637 0 19.512500000000003 1.0817368032484314 1 57.016666666666673 1.0955453218490641 560.35846336601708 0.92922379131507438 91.500000000000014 75.15000000000002 23.512500000000003 22.613350843336484
decision_type=8 10 1 10 10 1 8 8 8 2 2 8 10 10
left_child=-1 8 3 -3 -5 6 -4 13 -2 12 -11 -12 -6 -8
right_child=1 2 5 4 9 -7 7 -9 -10 10 11 -13 -14 -15
leaf_value=0.0052519861880572409 -0.00079780576828783652 -0.0014799275615407026 0.12468133374954637 0.15591455324891323 0.077348421811508292 -0.0024459389825947754 -0.26423894977560058 -0.43151425438978042 -0.34383132517628701 -0.01765542834025503 0.056378395272606671 1.2787344032654167 0.020888151231536263 0.19040363964714171
leaf_weight=73 43660 1097 69 534 116 4439 72 327 217 151 161 152 2540 116
leaf_count=73 43660 1097 69 534 116 4439 72 327 217 151 161 152 2540 116
internal_value=-4.6902e-05 -6.19688e-05 0.000758769 0.00284201 0.00401749 -0.00121576 -0.0066611 -0.00895192 -0.000244861 0.002912 0.0080597 0.012217 0.00199925 -0.00108808
internal_weight=53724 53651 9774 4751 3654 5023 584 515 43877 3120 464 313 2656 188
internal_count=53724 53651 9774 4751 3654 5023 584 515 43877 3120 464 313 2656 188
cat_boundaries=0 1 2
cat_threshold=52452 256
is_linear=0
shrinkage=0.035


Tree=289
num_leaves=15
num_cat=4
split_feature=16 0 3 8 24 32 23 22 32 23 32 0 10 32
split_gain=7.08216 15.8542 12.8042 14.2599 10.608 18.2822 13.0476 19.1134 24.1343 19.0733 15.7524 12.5343 31.7838 17.8673
threshold=2.0528435526936364 23.050000000000004 31.050000000000004 11.171815648797725 4.5000000000000009 0 1.1210356942215858 1.0062608885017423 1 1.0771195213417017 2 229.75000000000003 212.58333333333334 3
decision_type=8 10 10 2 2 1 8 8 1 10 1 10 10 1
left_child=1 -1 3 -3 11 -6 7 -7 9 -9 -8 -2 -13 -14
right_child=4 2 -4 -5 5 6 10 8 -10 -11 -12 12 13 -15
leaf_value=0.00015198354053437948 -0.0018686824109947155 0.016824235734226818 2.376008546111308e-05 0.053189724774053232 -0.035255452261096068 0.0023871990831167982 -0.020398575227877212 0.1307486395289498 -0.060392146018997298 -0.244894346756312 0.04104190925694752 0.73514331679091993 0.37359973268936558 -0.019895066921430955
leaf_weight=8763 27157 757 540 54 3366 2765 1200 325 948 64 1371 251 2059 4104
leaf_count=8763 27157 757 540 54 3366 2765 1200 325 948 64 1371 251 2059 4104
internal_value=-4.55992e-05 0.000788615 0.00431047 0.00707721 -0.000239138 -0.00123706 -0.000172697 -0.00139761 -0.00482489 0.00251238 0.00177989 5.94174e-05 0.00145038 0.000947633
internal_weight=53724 10114 1351 811 43610 10039 6673 4102 1337 389 2571 33571 6414 6163
internal_count=53724 10114 1351 811 43610 10039 6673 4102 1337 389 2571 33571 6414 6163
cat_boundaries=0 1 2 3 4
cat_threshold=1579 260 33044 1036
is_linear=0
shrinkage=0.035


Tree=290
num_leaves=15
num_cat=3
split_feature=17 6 32 17 8 1 32 0 10 1 3 8 23 32
split_gain=7.30997 15.5336 16.8822 16.6393 11.8561 10.6476 13.7774 12.0886 17.2194 14.1753 12.3772 11.036 10.3443 15.6002
threshold=4.5618643185222014 13.750000000000002 0 5.8387420812057256 5.9895290804794961 8.5500000000000025 1 28.100000000000005 31.530952380952382 28.050000000000004 14.65 4.9562254211327579 1.6857212419431311 2
decision_type=8 8 1 8 2 10 1 10 10 10 8 2 10 1
left_child=5 2 4 -4 -2 -1 -7 10 9 -9 -8 -12 -3 -14
right_child=1 12 3 -5 -6 6 7 8 -10 -11 11 -13 13 -15
leaf_value=-0.00038040991924257145 0.0056672312336364609 -0.003867822531577554 0.020577326196600926 -0.030768528635072453 -0.077550378010165608 0.00091974389225904854 0.010557336438712742 0.028343524593486314 0.0089023458044793016 0.051214094780492693 -0.0036352674615080984 0.018610498099080178 0.12211335349414384 -0.0064808562072823156
leaf_weight=7570 67 34424 216 645 239 5358 1256 85 400 188 1244 459 675 898
leaf_count=7570 67 34424 216 645 239 5358 1256 85 400 188 1244 459 675 898
internal_value=-3.25709e-05 -0.000305093 -0.00427048 -0.00163813 -0.0111215 0.000578931 0.001393 0.00305182 0.00727876 0.0139748 0.00209008 0.000143443 -0.000175962 0.00259506
internal_weight=53724 37164 1167 861 306 16560 8990 3632 673 273 2959 1703 35997 1573
internal_count=53724 37164 1167 861 306 16560 8990 3632 673 273 2959 1703 35997 1573
cat_boundaries=0 1 2 3
cat_threshold=35842 26218 52336
is_linear=0
shrinkage=0.035


Tree=291
num_leaves=15
num_cat=4
split_feature=3 19 19 2 16 32 33 0 10 32 32 0 6 1
split_gain=7.171 21.0129 17.8984 18.6547 15.7529 22.5071 17.3265 13.342 15.9345 21.1896 14.9678 14.8669 13.0016 12.8816
threshold=39.850000000000009 45.025000000000006 41.016666666666673 28.550000000000004 4.7851950297266077 0 1 25.050000000000004 31.530952380952382 2 3 36.100000000000009 25.050000000000004 45.050000000000004
decision_type=8 10 10 8 8 1 1 10 10 1 1 10 10 10
left_child=1 4 3 -2 7 -6 12 -1 9 -9 11 -10 -7 -5
right_child=2 -3 -4 13 5 6 -8 8 10 -11 -12 -13 -14 -15
leaf_value=0.00021679520116804076 0.0017827852532451085 0.041473195644495225 -0.0012377329472359124 -0.047152922838245875 0.012132070564022573 -0.06398191247536654 -0.0087891834397058957 -0.0020374512441395966 -0.048337032309061369 0.025904645139229691 0.0082101800395197357 0.026800708808333396 -0.0061460503257313986 -0.0060519238879160938
leaf_weight=13113 967 912 29699 1288 1163 690 1940 589 201 1180 941 92 317 632
leaf_count=13113 967 912 29699 1288 1163 690 1940 589 201 1180 941 92 317 632
internal_value=-3.51765e-05 0.000466821 -0.000360836 -0.00298928 0.000231822 -0.00170109 -0.00332039 0.000725141 0.00282746 0.00495209 -0.000225989 -0.00693182 -0.00702055 -0.00498182
internal_weight=53724 21138 32586 2887 20226 4110 2947 16116 3003 1769 1234 293 1007 1920
internal_count=53724 21138 32586 2887 20226 4110 2947 16116 3003 1769 1234 293 1007 1920
cat_boundaries=0 1 2 3 4
cat_threshold=24929 1 18984 8272
is_linear=0
shrinkage=0.035


Tree=292
num_leaves=15
num_cat=3
split_feature=10 0 1 16 1 0 32 32 4 32 6 5 30 3
split_gain=7.01588 38.1385 28.7004 26.997 25.4335 18.5932 17.8765 15.6919 14.6639 18.1537 14.5203 14.2855 13.8989 19.5349
threshold=36.945238095238103 38.100000000000009 26.550000000000004 5.0066622281381763 89.65000000000002 14.65 0 1 35.100000000000009 2 49.050000000000004 54.050000000000004 -0.6523320455745395 280.75000000000006
decision_type=8 8 10 10 10 10 1 1 8 1 10 8 2 8
left_child=2 4 3 -1 6 7 -2 -5 9 -3 -8 -12 13 -10
right_child=1 8 -4 5 -6 -7 10 -9 12 -11 11 -13 -14 -15
leaf_value=0.00037936421971485171 -0.10448206456377759 0.00035113461633466518 0.014106392116864106 -0.0036795251824440081 1.2781500345035988 -0.0079976798933511263 -0.062907612203149985 -0.076867410819489307 -4.5582932638126299e-05 -0.090823744312509461 0.036549502818876013 -0.045961802115081843 0.010491700271159417 -0.16240390572176014
leaf_weight=14475 387 856 4509 244 67 1533 521 519 6129 706 89 233 20822 2634
leaf_count=14475 387 856 4509 244 67 1533 521 519 6129 706 89 233 20822 2634
internal_value=-1.69368e-05 -0.000340843 0.000476862 -0.000189855 -0.00620968 -0.00371143 -0.00736842 -0.00815755 -9.54995e-05 -0.00339502 -0.00428322 0.00149847 7.92497e-05 -0.00108976
internal_weight=53724 32444 21280 16771 1297 2296 1230 763 31147 1562 843 322 29585 8763
internal_count=53724 32444 21280 16771 1297 2296 1230 763 31147 1562 843 322 29585 8763
cat_boundaries=0 1 2 3
cat_threshold=421 8276 39628
is_linear=0
shrinkage=0.035


Tree=293
num_leaves=15
num_cat=2
split_feature=3 19 1 0 22 23 11 16 1 10 0 1 33 32
split_gain=6.86568 19.0685 16.8598 14.6796 14.453 16.7574 15.1704 13.8326 16.4882 19.9112 25.1907 21.5455 15.1689 18.3329
threshold=39.850000000000009 45.025000000000006 47.050000000000004 85.050000000000011 1.1720139141653731 1.2745455064764435 33.080128205128212 5.9000604625102779 22.550000000000004 14.841666666666669 11.550000000000002 13.050000000000002 0 1
decision_type=8 10 8 10 10 8 10 8 10 10 10 10 1 1
left_child=1 7 3 4 6 -6 -2 8 9 11 -11 -1 13 -9
right_child=2 -3 -4 -5 5 -7 -8 12 -10 10 -12 -13 -14 -15
leaf_value=0.00024515494882981108 0.0035965708695344569 0.039527910072847644 -0.00077308964972431235 0.50168644783469607 -0.096668447344308253 -0.025832382000528412 -0.031921718445051865 0.0073564470046395773 0.01007369443785394 -0.032551687538557375 -0.0029155468764860927 0.021495601698204931 -0.0014408613594219411 -0.077253637465930114
leaf_weight=8133 866 912 28855 74 206 250 2335 314 4588 682 3400 674 1904 531
leaf_count=8133 866 912 28855 74 206 250 2335 314 4588 682 3400 674 1904 531
internal_value=-7.81701e-06 0.000483375 -0.00032647 -0.00253881 -0.00285773 -0.0086551 -0.00201965 0.000259503 0.00062264 -1.90011e-05 -0.00203817 0.000917499 -0.00204611 -0.00590116
internal_weight=53724 21138 32586 3731 3657 456 3201 20226 17477 12889 4082 8807 2749 845
internal_count=53724 21138 32586 3731 3657 456 3201 20226 17477 12889 4082 8807 2749 845
cat_boundaries=0 1 2
cat_threshold=1 29792
is_linear=0
shrinkage=0.035


Tree=294
num_leaves=15
num_cat=5
split_feature=26 22 23 32 23 32 24 20 29 33 32 29 32 5
split_gain=6.48755 12.8944 20.1991 15.8035 24.9235 12.6151 14.441 12.5769 20.2915 43.2223 24.8411 12.3223 11.7062 11.2545
threshold=91.500000000000014 0.87476551624994314 0.3856267347173799 0 0.84049629194666198 1 4.5000000000000009 774.64285714285722 0.92922379131507438 2 3 0.93845596220871974 4 28.050000000000004
decision_type=2 10 8 1 8 1 2 10 2 1 1 2 1 10
left_child=1 2 -1 4 -3 11 -7 12 -9 10 13 -4 -2 -10
right_child=7 3 5 -5 -6 6 -8 8 9 -11 -12 -13 -14 -15
leaf_value=-0.053032126941920416 0.010969403124181359 -0.070920199179006563 0.046200718850265922 -0.0024241722431166024 -0.010182575283756243 0.0074965047205369636 -0.010560039336187509 9.3229531873085814e-05 0.093199789381914006 0.0016500442647899361 0.052038054405940559 -0.00051384640887647498 -0.094765161967147502 1.443183466326061
leaf_weight=314 107 300 375 7858 2247 2075 581 35982 96 2405 556 176 419 233
leaf_count=314 107 300 375 7858 2247 2075 581 35982 96 2405 556 176 419 233
internal_value=-1.82397e-05 -0.000668294 0.00116137 -0.0012877 -0.00367486 0.00199408 0.000969674 0.000209281 0.00028159 0.00291047 0.00945 0.00674028 -0.00514124 0.0169913
internal_weight=53724 13926 3521 10405 2547 3207 2656 39798 39272 3290 885 551 526 329
internal_count=53724 13926 3521 10405 2547 3207 2656 39798 39272 3290 885 551 526 329
cat_boundaries=0 1 2 3 4 5
cat_threshold=16517 33152 8 25740 1537
is_linear=0
shrinkage=0.035


Tree=295
num_leaves=15
num_cat=3
split_feature=16 22 23 19 32 3 32 22 32 17 6 29 22 17
split_gain=6.81765 6.60119 21.5101 25.6396 19.7188 16.0591 23.5082 19.5712 16.8114 15.8072 15.6098 14.63 14.8841 14.5986
threshold=1.0000000180025095e-35 0.97252553542215781 1.0796079784904449 81.708333333333357 0 279.50000000000006 1 0.55273152394362557 2 8.7747485476579499 300.80000000000007 -0.76141707087277943 0.91943273698139838 2.7427590621008355
decision_type=8 8 10 10 1 10 1 10 1 8 10 2 10 8
left_child=-1 2 5 4 -4 8 -7 -8 9 -2 13 12 -9 -3
right_child=1 10 3 -5 -6 6 7 11 -10 -11 -12 -13 -14 -15
leaf_value=0.0050434525581744974 -7.4135708840565869e-05 0.00097239457759727981 0.047124180482671807 0.3508818866670762 -0.001296202947193984 -0.33880987192913598 -0.69389936361717341 1.256252672755894 -0.00086647771401325406 0.049044736322789648 0.13263023839215807 -0.05037201471486441 -0.18008760226710283 -0.010437146243356975
leaf_weight=73 2924 5909 145 598 1002 530 192 186 12026 3702 3136 1923 100 21278
leaf_count=73 2924 5909 145 598 1002 530 192 186 12026 3702 3136 1923 100 21278
internal_value=-1.95425e-05 -3.45721e-05 0.000408006 0.00414 0.00106337 0.000105383 -0.00230075 -0.000796772 0.000484001 0.0018973 -0.000375066 0.000142276 0.00745704 -0.000644859
internal_weight=53724 53651 23328 1745 1147 21583 2931 2401 18652 6626 30323 2209 286 27187
internal_count=53724 53651 23328 1745 1147 21583 2931 2401 18652 6626 30323 2209 286 27187
cat_boundaries=0 1 2 3
cat_threshold=192 57410 24966
is_linear=0
shrinkage=0.035


Tree=296
num_leaves=15
num_cat=3
split_feature=10 0 1 16 6 33 10 0 2 1 4 32 32 6
split_gain=6.45122 32.3925 25.7739 25.1118 24.387 17.1688 14.475 45.1339 22.9449 17.6649 14.3089 17.9435 13.6007 13.5324
threshold=36.945238095238103 38.100000000000009 26.550000000000004 13.269639161398727 49.050000000000004 0 15.323809523809526 14.65 12.550000000000002 15.050000000000002 35.100000000000009 1 2 10.950000000000001
decision_type=8 8 10 10 10 1 10 10 10 10 8 1 1 10
left_child=2 4 3 6 -2 -6 8 -8 -1 12 11 -3 -10 -5
right_child=1 10 -4 13 5 -7 7 -9 9 -11 -12 -13 -14 -15
leaf_value=0.00013730871331234075 -0.074594181624721589 -0.084183340378606003 0.013310901305742126 -0.18955867206186877 0.027940592195252415 -0.07589554631531116 -0.028448156663131264 0.00056469259852335088 0.027742537312693723 0.041251009952852698 0.0013500875950956371 -0.0096620516707195143 0.0021710009174663192 -0.16671092977962024
leaf_weight=8626 798 395 4509 61 238 261 1496 5389 157 188 29585 1167 749 105
leaf_count=8626 798 395 4509 61 238 261 1496 5389 157 188 29585 1167 749 105
internal_value=-6.51417e-06 -0.000317113 0.000466996 -0.000164819 -0.00572581 0.000347222 -2.73931e-05 -0.00125472 0.000842159 0.0056051 -9.10054e-05 -0.00335035 0.00353458 -0.0135088
internal_weight=53724 32444 21280 16771 1297 499 16605 6885 9720 1094 31147 1562 906 166
internal_count=53724 32444 21280 16771 1297 499 16605 6885 9720 1094 31147 1562 906 166
cat_boundaries=0 1 2 3
cat_threshold=6 17712 1
is_linear=0
shrinkage=0.035


Tree=297
num_leaves=15
num_cat=2
split_feature=26 22 23 32 23 16 5 22 1 8 23 23 29 33
split_gain=6.22491 11.8779 14.5663 13.3339 14.5957 12.9934 14.8726 12.978 12.2696 11.3538 13.6295 10.8097 10.7686 35.544
threshold=93.500000000000014 0.87476551624994314 0.41301601441261887 0 0.73004570308192729 6.3245553203367626 27.100000000000005 1.8174112776305755 420.75000000000006 56.675240413140479 1.4092831972646713 1.3348314871537228 0.96687895796550427 1
decision_type=2 10 8 1 8 10 8 10 8 2 10 8 2 1
left_child=1 2 5 7 -5 6 -1 -3 9 10 -6 -11 -2 -14
right_child=12 3 -4 4 8 -7 -8 -9 -10 11 -12 -13 13 -15
leaf_value=-0.018264942019380174 0.00016958032973275029 0.0012575007047753984 0.0065735324620776366 -0.087426809038087014 -0.0040258039403040157 -0.18638995634602479 0.049003070263190326 -0.46404007437112343 -0.023853682090851581 -0.14904635228812368 0.044115542232890631 -0.56574816104673109 0.14253066075814805 0.00034255097116345559
leaf_weight=55 37272 5304 3253 230 3433 248 61 91 1114 106 241 96 536 1684
leaf_count=55 37272 5304 3253 230 3433 248 61 91 1114 106 241 96 536 1684
internal_value=-1.17255e-05 -0.00063918 0.00109194 -0.00122928 -0.00248711 -0.00550136 0.00404959 -6.4695e-06 -0.00208809 -0.00115434 -0.000703996 -0.00913043 0.000214447 0.00257978
internal_weight=53724 14232 3617 10615 5220 364 116 5395 4990 3876 3674 202 39492 2220
internal_count=53724 14232 3617 10615 5220 364 116 5395 4990 3876 3674 202 39492 2220
cat_boundaries=0 1 2
cat_threshold=46418 8
is_linear=0
shrinkage=0.035


Tree=298
num_leaves=15
num_cat=3
split_feature=16 33 21 22 32 24 0 0 30 20 6 20 22 32
split_gain=6.81078 6.25285 16.1671 17.1092 15.8639 15.3649 18.0471 13.7464 11.8836 13.5414 11.8076 13.3329 11.7653 16.6727
threshold=1.0000000180025095e-35 0 1167.1714285714288 0.9577047827369839 1 5.5000000000000009 500.50000000000006 9.0500000000000025 0.97461712852231652 1077.6785714285718 341.00000000000006 1325.3571428571431 0.86180754779840463 2
decision_type=8 1 2 8 1 2 10 8 2 10 10 10 8 1
left_child=-1 2 5 7 -5 12 -7 -4 9 -3 11 -9 -2 -14
right_child=1 8 3 4 -6 6 -8 10 -10 -11 -12 -13 13 -15
leaf_value=0.0048561906021318069 0.016317430059088204 -0.024246439283219325 -0.01620815573455411 0.059523065399378482 -0.014601057953898967 -0.023357009959429187 -6.307322023281225 0.19217012604416434 -0.015458421316439026 -0.00015610268192366663 -0.17334311957564177 0.046052248341372108 0.0084957302043059766 -0.017028537684109522
leaf_weight=73 1861 310 58 1534 1433 891 65 247 2170 37313 120 745 2719 4185
leaf_count=73 1861 310 58 1534 1433 891 65 247 2170 37313 120 745 2719 4185
internal_value=-1.43312e-05 -2.93537e-05 0.000610538 0.00244206 0.00102456 -0.000169134 -0.00437045 0.00601702 -0.000252336 -0.000106968 0.00689346 0.00814443 0.000291334 -0.000374873
internal_weight=53724 53651 13858 4137 2967 9721 956 1170 39793 37623 1112 992 8765 6904
internal_count=53724 53651 13858 4137 2967 9721 956 1170 39793 37623 1112 992 8765 6904
cat_boundaries=0 1 2 3
cat_threshold=2 24264 15393
is_linear=0
shrinkage=0.035


Tree=299
num_leaves=15
num_cat=3
split_feature=23 32 22 0 29 22 32 0 16 30 16 32 23 7
split_gain=6.01094 32.0905 14.5475 18.9141 14.8648 12.3307 17.2148 16.4013 11.86 10.3783 10.3127 10.281 53.0023 18.0749
threshold=1.2062900538780637 0 0.97986864607734647 140.50000000000003 0.94425825643485939 1.2345512468971889 1 1100.5000000000002 7.6615925237518354 -0.82899557272681157 560.35846336601708 2 0.99852451985666468 56.390096618357497
decision_type=10 1 8 10 2 10 1 10 10 2 8 1 10 2
left_child=10 2 3 9 -4 6 8 -7 -3 -2 11 12 13 -1
right_child=1 5 4 -5 -6 7 -8 -9 -10 -11 -12 -13 -14 -15
leaf_value=-0.067280849161617653 -0.047461126482102219 0.016858437108268395 -0.023353520086241811 1.1071865960332898 0.023471002655660406 0.00013169254046405677 0.0081312832354673136 2.4019932898576197 0.20381165240457513 0.010047139175205338 -0.32251039377812402 -0.0010744725157537172 -0.15642338058635444 0.22270703807991618
leaf_weight=197 53 620 3066 79 405 2872 1626 294 559 200 217 40911 938 1687
leaf_count=197 53 620 3066 79 405 2872 1626 294 559 200 217 40911 938 1687
internal_value=-2.60567e-05 0.000758769 -0.00175092 0.00519288 -0.00242664 0.00235633 0.00404804 0.000860927 0.00724037 0.000406977 -0.00020066 -0.000162445 0.00187522 0.00526204
internal_weight=53724 9774 3803 332 3471 5971 2805 3166 1179 253 43950 43733 2822 1884
internal_count=53724 9774 3803 332 3471 5971 2805 3166 1179 253 43950 43733 2822 1884
cat_boundaries=0 1 2 3
cat_threshold=12555 16612 256
is_linear=0
shrinkage=0.035


Tree=300
num_leaves=15
num_cat=4
split_feature=26 20 29 33 32 22 23 32 23 22 20 33 29 30
split_gain=6.20831 12.5108 17.0454 36.3291 23.7387 11.4661 15.7745 14.209 22.2596 12.0048 15.8032 10.9547 18.5207 14.8727
threshold=91.500000000000014 774.64285714285722 0.92922379131507438 0 1 0.87476551624994314 0.3856267347173799 2 0.75387963171674799 0.30778394688095173 2263.6666666666674 3 0.49065764355977465 -0.97507822412530132
decision_type=2 10 2 1 1 10 8 1 8 10 10 1 2 2
left_child=5 -2 11 4 -4 6 9 8 -7 -1 -11 12 -3 -13
right_child=1 2 3 -5 -6 7 -8 -9 -10 10 -12 13 -14 -15
leaf_value=0.01531945965682633 -0.057270504734246268 0.0042243912801893813 0.0088755864979335637 0.0018755697332441203 0.42669748235682964 -0.11754007067824845 0.0065242010331505191 -0.0021621145046385637 -0.01081572226606207 -0.13384522504210011 0.0110965893267222 -0.011346143087850181 -0.0074669783552441171 -0.00083980013377453759
leaf_weight=71 526 14931 333 2405 552 159 3207 7858 2388 178 65 2117 3025 15909
leaf_count=71 526 14931 333 2405 552 159 3207 7858 2388 178 65 2117 3025 15909
internal_value=-2.73595e-05 0.000195211 0.000267332 0.00267678 0.00867222 -0.000663269 0.00106211 -0.00124736 -0.00351093 -0.00636364 -0.0100202 4.66835e-05 0.000658283 -0.000562607
internal_weight=53724 39798 39272 3290 885 13926 3521 10405 2547 314 243 35982 17956 18026
internal_count=53724 39798 39272 3290 885 13926 3521 10405 2547 314 243 35982 17956 18026
cat_boundaries=0 1 2 3 4
cat_threshold=8 35617 16517 6
is_linear=0
shrinkage=0.035


Tree=301
num_leaves=15
num_cat=2
split_feature=16 10 1 0 2 1 23 5 8 32 5 24 32 9
split_gain=6.81765 6.22549 31.3296 37.8208 20.26 14.9784 14.279 12.8939 16.8289 12.0911 12.3701 10.3047 19.7646 21.631
threshold=1.0000000180025095e-35 15.323809523809526 17.550000000000004 15.950000000000001 12.550000000000002 15.050000000000002 0.13344941042644634 24.650000000000002 2.2137340930962002 0 14.050000000000002 1.0000000180025095e-35 1 1912.5000000000002
decision_type=8 8 8 10 10 10 8 10 2 1 8 2 1 8
left_child=-1 4 3 -3 -2 9 -4 8 -5 10 -6 12 13 -8
right_child=1 2 6 7 5 -7 11 -9 -10 -11 -12 -13 -14 -15
leaf_value=0.004753223473790682 0.00013085665613844557 -0.047469351836358829 0.44680897961143579 0.029328813657611773 0.034052831401160791 0.040055473066696018 0.15049336763951929 0.034007242994442875 -0.025067868830161429 0.0018609502224846788 -0.0001433469129914844 -0.0029109318461080671 -0.0022240812491525477 0.019921338820387203
leaf_weight=73 8616 661 132 54 98 193 609 274 438 751 57 35950 4035 1783
leaf_count=73 8616 661 132 54 98 193 609 274 438 751 57 35950 4035 1783
internal_value=-1.95425e-05 -3.45721e-05 -0.000211875 -0.00530377 0.000766975 0.00523098 -4.03397e-05 0 -0.00338028 0.00330406 0.0117353 -7.68015e-05 0.00121346 0.00372248
internal_weight=53724 53651 43936 1427 9715 1099 42509 766 492 906 155 42377 6427 2392
internal_count=53724 53651 43936 1427 9715 1099 42509 766 492 906 155 42377 6427 2392
cat_boundaries=0 1 2
cat_threshold=1 21510
is_linear=0
shrinkage=0.035


Tree=302
num_leaves=15
num_cat=1
split_feature=16 10 1 0 2 1 5 8 32 5 23 10 0 0
split_gain=6.81594 5.87471 28.4688 33.1833 19.3163 13.0485 12.2149 16.8289 12.0911 12.3701 11.813 9.62891 38.3891 23.8678
threshold=1.0000000180025095e-35 15.323809523809526 17.550000000000004 15.950000000000001 12.550000000000002 15.050000000000002 24.650000000000002 2.2137340930962002 0 14.050000000000002 0.13344941042644634 36.945238095238103 38.100000000000009 30.150000000000002
decision_type=8 8 8 10 10 10 10 2 1 8 8 8 8 10
left_child=-1 4 3 -3 -2 8 7 -5 9 -6 -4 13 -13 -12
right_child=1 2 10 6 5 -7 -8 -9 -10 -11 11 12 -14 -15
leaf_value=0.0045868606522080115 0.00012627667317360037 -0.04580792452208627 0.43117066532503567 0.028302305179595415 0.03286098230212018 0.038653531509361669 0.032816989489637433 -0.024190493421105838 0.0017958169646977232 -0.00013832977103676037 -0.00051136841162152896 -0.054501634379430335 -0.002469854034036381 0.018005333096808906
leaf_weight=73 8616 661 132 54 98 193 274 438 751 57 7650 1202 31008 2517
leaf_count=73 8616 661 132 54 98 193 274 438 751 57 7650 1202 31008 2517
internal_value=-1.82397e-05 -3.32675e-05 -0.000205503 -0.00505936 0.00074537 0.00510417 -9.07912e-05 -0.00338028 0.00330406 0.0117353 -4.19862e-05 -7.51498e-05 -0.000371566 0.000863645
internal_weight=53724 53651 43936 1427 9715 1099 766 492 906 155 42509 42377 32210 10167
internal_count=53724 53651 43936 1427 9715 1099 766 492 906 155 42509 42377 32210 10167
cat_boundaries=0 1
cat_threshold=1
is_linear=0
shrinkage=0.035


Tree=303
num_leaves=15
num_cat=1
split_feature=10 1 0 10 4 1 15 5 23 10 10 0 0 32
split_gain=6.13838 26.5581 27.6216 20.6417 15.2593 11.9989 11.0252 10.7301 10.6188 10.0511 9.82735 35.76 20.7832 23.6141
threshold=14.491666666666669 17.550000000000004 15.950000000000001 12.016666666666667 34.900000000000006 10.100000000000001 13.025000000000002 24.650000000000002 0.13344941042644634 18.008333333333336 36.945238095238103 38.100000000000009 30.150000000000002 0
decision_type=8 8 10 10 8 8 2 10 8 10 8 8 10 1
left_child=3 2 6 -1 5 -5 -2 9 -3 -4 12 -12 -10 -14
right_child=1 8 7 4 -6 -7 -8 -9 10 -11 11 -13 13 -15
leaf_value=7.5789707836639307e-05 -0.057465335573086154 0.41607969203865919 0.0036267086541261232 -0.016536684823910391 -0.019207458602537458 0.016358134685961378 -0.028971579720648621 0.03166839485750006 -9.8539178439871494e-06 -0.047757476365916623 -0.052594077176150375 -0.0024103701867851158 0.030080144269224153 -0.004741039974307722
leaf_weight=7996 117 132 329 134 75 1121 758 286 7811 225 1202 31021 1619 898
leaf_count=7996 117 132 329 134 75 1121 758 286 7811 225 1202 31021 1619 898
internal_value=-2.08454e-05 -0.000192329 -0.0044564 0.000795199 0.00482397 0.00575 -0.00878977 8.28402e-05 -2.04976e-05 -0.00275492 -5.18141e-05 -0.000352954 0.000887448 0.00364988
internal_weight=53724 44398 1715 9326 1330 1255 875 840 42683 554 42551 32223 10328 2517
internal_count=53724 44398 1715 9326 1330 1255 875 840 42683 554 42551 32223 10328 2517
cat_boundaries=0 1
cat_threshold=50417
is_linear=0
shrinkage=0.035


Tree=304
num_leaves=15
num_cat=3
split_feature=10 1 0 15 16 15 23 2 9 11 32 23 32 33
split_gain=5.83737 26.8104 26.1099 20.6003 14.4766 9.9268 9.65738 9.16201 9.05638 18.9805 22.5576 23.423 28.5038 16.2095
threshold=14.491666666666669 17.550000000000004 15.950000000000001 13.550000000000002 7.5806771905062194 13.025000000000002 0.35761826530182406 13.850000000000003 2367.5000000000005 35.616025641025651 0 0.99153735975173085 1 2
decision_type=8 8 10 2 10 2 8 8 10 8 1 10 1 1
left_child=3 2 5 4 6 -2 -1 -4 13 -10 11 -11 -13 -3
right_child=1 8 7 -5 -6 -7 -8 -9 9 10 -12 12 -14 -15
leaf_value=-0.010283748411788959 -0.055454048828028131 0.002535896412419838 0.085045341938975977 0.014396947015031032 -0.062413135983230984 -0.02795757443042592 0.0003292394518236153 -0.0042351687646075224 0.013831281957713559 0.1707524345413412 -0.021826919283902308 -0.22798472287348456 0.061432989375455438 -0.010997754573856221
leaf_weight=103 117 22787 78 910 78 758 8235 762 2343 1779 2893 450 1498 10933
leaf_count=103 117 22787 78 910 78 758 8235 762 2343 1779 2893 450 1498 10933
internal_value=-4.55992e-05 -0.000212823 -0.00449709 0.000750188 0.000207814 -0.00871023 0.000352391 -8.28402e-05 -4.01752e-05 0.000948372 -1.0566e-05 0.00178648 -0.000860215 -0.000303039
internal_weight=53724 44398 1715 9326 8416 875 8338 840 42683 8963 6620 3727 1948 33720
internal_count=53724 44398 1715 9326 8416 875 8338 840 42683 8963 6620 3727 1948 33720
cat_boundaries=0 1 2 3
cat_threshold=10524 256 10
is_linear=0
shrinkage=0.035


Tree=305
num_leaves=15
num_cat=1
split_feature=16 21 16 1 26 22 32 23 23 22 22 9 21 29
split_gain=6.85205 5.72508 10.6725 8.4095 6.12275 12.5505 16.6195 15.5692 15.3696 13.041 12.9684 11.4981 11.0765 18.3584
threshold=1.0000000180025095e-35 3229.576539855073 3.8171386673438747 5.5500000000000007 91.500000000000014 0.87751187565618982 0 0.73004570308192729 0.3856267347173799 0.39254815439153184 1.6741816458481436 2282.5000000000005 831.83110367892994 0.92922379131507438
decision_type=8 2 10 10 2 10 1 8 8 10 10 10 2 2
left_child=-1 4 3 -3 5 8 7 -7 9 -2 -8 -11 -6 -14
right_child=1 2 -4 -5 12 6 10 -9 -10 11 -12 -13 13 -15
leaf_value=0.0044121445087926259 0.0081883456038005422 0.0012928090618795408 -0.017163482461256905 0.045899561577737384 -0.03106984978905317 -0.092106904308549675 0.00051662921369311388 -0.011189149743763191 0.0068281373744753715 -0.16949484726502137 -0.16055894075464361 0.0017623981307270744 1.52469343831263e-05 0.014443691850571245
leaf_weight=73 118 55 94 53 1017 201 5788 4077 3240 140 158 55 35570 3085
leaf_count=73 118 55 94 53 1017 201 5788 4077 3240 140 158 55 35570 3085
internal_value=-4.55992e-05 -6.06642e-05 0.00574879 0.0130088 -8.31556e-05 -0.000718691 -0.00134128 -0.00300023 0.00107223 -0.00627358 -0.000140916 -0.011725 0.000137611 0.000232669
internal_weight=53724 53651 202 108 53449 13777 10224 4278 3553 313 5946 195 39672 38655
internal_count=53724 53651 202 108 53449 13777 10224 4278 3553 313 5946 195 39672 38655
cat_boundaries=0 1
cat_threshold=19085
is_linear=0
shrinkage=0.035


Tree=306
num_leaves=15
num_cat=2
split_feature=23 32 6 22 19 22 32 4 26 23 26 21 8 4
split_gain=5.71574 29.1497 16.319 21.6857 13.6763 17.8513 13.9122 11.4823 11.4703 10.8193 10.2237 18.4679 9.9735 16.5315
threshold=1.2062900538780637 0 8.5500000000000025 0.87751187565618982 19.512500000000003 1.0612330502670868 1 17.050000000000004 312.50000000000006 2.369857963854511 326.50000000000006 1433.1365740740741 16.510357992842366 64.90000000000002
decision_type=10 1 10 8 10 10 1 8 2 10 2 2 2 8
left_child=-1 2 -2 -4 6 -6 7 -3 9 -5 -10 -12 -7 -14
right_child=1 4 3 8 5 12 -8 -9 10 -11 11 -13 13 -15
leaf_value=-0.00073266011946529377 0.0054077672728983185 0.011853289723186543 0.250280670549343 -0.05029642835596182 0.14787208822939546 0.037804512032084292 -0.006111028656914784 -0.043453904580653305 0.18519129369124918 0.36572662331838945 0.3488504131114345 -0.076329889692652045 -0.063461736573866154 0.098535364808278708
leaf_weight=43950 967 384 78 2630 501 1081 833 72 133 169 136 297 368 2125
leaf_count=43950 967 384 78 2630 501 1081 833 72 133 169 136 297 368 2125
internal_value=-3.51765e-05 0.000730136 -0.00137627 -0.00250725 0.00245956 0.00345711 -0.000676198 0.00416136 -0.00293917 -0.00385699 0.0015937 -0.00103881 0.00258173 0.00135909
internal_weight=53724 9774 4410 3443 5364 4075 1289 456 3365 2799 566 433 3574 2493
internal_count=53724 9774 4410 3443 5364 4075 1289 456 3365 2799 566 433 3574 2493
cat_boundaries=0 1 2
cat_threshold=13067 176
is_linear=0
shrinkage=0.035


Tree=307
num_leaves=15
num_cat=2
split_feature=17 6 8 32 5 30 4 1 22 10 32 26 23 22
split_gain=5.86011 14.0842 12.4746 16.2707 15.0139 17.3405 14.1662 10.7791 16.9031 13.1928 19.721 10.7559 16.2923 15.8381
threshold=4.5618643185222014 30.100000000000005 7.1472443435144486 0 20.100000000000005 0.91159213926341531 21.550000000000004 21.050000000000004 0.88944039368958083 15.323809523809526 1 302.50000000000006 2.0739180411378979 1.6251824594520763
decision_type=8 8 2 1 8 2 10 10 8 8 1 2 10 10
left_child=-1 2 7 -4 5 -5 -7 9 -9 10 -2 12 -3 -13
right_child=1 11 3 4 -6 6 -8 8 -10 -11 -12 13 -14 -15
leaf_value=0.00061289716877568131 0.023175564535085409 -0.0058714026040632208 0.0022831652296387973 -0.087011718885857861 -0.024064879811938378 0.044111610218686127 -0.11677006238920158 0.091857861853250664 0.0074809429799559809 -0.020300402314746231 -0.017795647817472518 0.032884381851045891 0.37582970178116942 -0.50478885526940065
leaf_weight=16560 211 27117 969 525 1410 72 50 89 961 911 181 4183 395 90
leaf_count=16560 211 27117 969 525 1410 72 50 89 961 911 181 4183 395 90
internal_value=-5.73247e-05 -0.000301326 -0.00195672 -0.00344111 -0.00518581 -0.0096089 0.00220472 -4.45293e-05 0.00258768 -0.00216743 0.0031738 -2.09185e-05 -0.000274739 0.00161173
internal_weight=53724 37164 5379 3026 2057 647 122 2353 1050 1303 392 31785 27512 4273
internal_count=53724 37164 5379 3026 2057 647 122 2353 1050 1303 392 31785 27512 4273
cat_boundaries=0 1 2
cat_threshold=41064 45253
is_linear=0
shrinkage=0.035


Tree=308
num_leaves=15
num_cat=3
split_feature=21 16 1 16 26 6 26 9 32 32 10 32 26 23
split_gain=6.39314 9.71339 8.4095 5.75358 5.85814 14.4326 16.2977 17.0349 16.3497 12.2309 11.1552 10.2112 15.0187 11.2007
threshold=3229.576539855073 3.8171386673438747 5.5500000000000007 1.0000000180025095e-35 302.50000000000006 90.300000000000011 336.50000000000006 1005.0000000000002 0 1 103.34523809523812 2 362.50000000000006 0.99633868679112336
decision_type=2 10 10 8 2 10 2 8 1 1 10 1 2 10
left_child=3 2 -2 -1 -5 11 9 -8 -9 10 -7 12 13 -6
right_child=1 -3 -4 4 5 6 7 8 -10 -11 -12 -13 -14 -15
leaf_value=0.0042619111542590267 0.0012517524479878884 -0.016079110884852428 0.044297268625790746 -0.00078582704466188878 -0.0020795654154184763 0.24212380541716916 0.46664927814202251 -0.19047872690304957 0.069068577689632496 0.2452822011866698 -0.1684443355309749 -0.0066868982843683615 -0.063612818137094795 0.024772952157010766
leaf_weight=73 55 94 53 46658 1112 62 94 429 671 840 239 1961 120 1263
leaf_count=73 55 94 53 46658 1112 62 94 429 671 840 239 1961 120 1263
internal_value=-5.21134e-05 0.00608696 0.0130088 -7.58496e-05 -8.97033e-05 0.000870365 0.00309615 0.000233528 -0.00101357 0.00607766 -0.000110759 -0.000298139 0.00118526 0.00180882
internal_weight=53724 202 108 53522 53449 6791 2335 1194 1100 1141 301 4456 2495 2375
internal_count=53724 202 108 53522 53449 6791 2335 1194 1100 1141 301 4456 2495 2375
cat_boundaries=0 1 2 3
cat_threshold=39216 32918 33518
is_linear=0
shrinkage=0.035


Tree=309
num_leaves=15
num_cat=2
split_feature=21 16 1 26 22 32 23 32 23 22 24 22 23 20
split_gain=6.404 9.71339 8.4095 5.57619 11.1767 15.0711 15.2439 14.762 15.161 20.5895 15.752 11.7734 11.3073 11.8107
threshold=3229.576539855073 3.8171386673438747 5.5500000000000007 91.500000000000014 0.87751187565618982 0 0.73004570308192729 1 0.3856267347173799 0.47837056999104616 4.5000000000000009 1.8174112776305755 1.1596940844063131 2680.9166666666674
decision_type=2 10 10 2 10 1 8 1 10 10 2 10 10 10
left_child=3 2 -2 4 7 6 -6 -1 -9 -10 -11 -7 -8 -14
right_child=1 -3 -4 -5 5 11 12 8 9 10 -12 -13 13 -15
leaf_value=0.030617577399831498 0.0012079411123083151 -0.015516342003882581 0.042746864223888091 0.00041594354961369543 -0.089246696090512223 -0.00049240863674913991 -0.018228925415954472 -0.029244725446459816 0.10982450947573548 0.0083626187796570443 -0.015095329097925259 -0.40434709406750879 0.022417398956656943 -0.057342181362996694
leaf_weight=585 55 94 53 39721 188 6602 2607 757 78 1629 509 90 698 58
leaf_count=585 55 94 53 39721 188 6602 2607 757 78 1629 509 90 698 58
internal_value=-5.73247e-05 0.00608696 0.0130088 -8.10806e-05 -0.00068702 -0.00127391 -0.00311133 0.00100196 -1.17135e-05 0.0014498 0.000783948 -0.000292232 -0.00256681 0.0011958
internal_weight=53724 202 108 53522 13801 10243 3551 3558 2973 2216 2138 6692 3363 756
internal_count=53724 202 108 53522 13801 10243 3551 3558 2973 2216 2138 6692 3363 756
cat_boundaries=0 1 2
cat_threshold=17037 33152
is_linear=0
shrinkage=0.035


Tree=310
num_leaves=15
num_cat=2
split_feature=21 17 26 22 32 32 23 23 24 16 29 20 29 16
split_gain=5.73131 8.99605 5.48034 10.1605 14.5381 14.3443 23.0156 14.0279 14.6573 11.0837 10.7213 10.041 15.2033 34.79
threshold=3229.576539855073 6.117535649608306 91.500000000000014 0.87751187565618982 0 1 0.77530412965873985 0.3856267347173799 4.5000000000000009 0.52892518762500451 0.93845596220871974 816.90476190476204 0.92922379131507438 42.505479257369139
decision_type=2 10 2 10 1 1 8 10 2 8 2 10 2 8
left_child=2 -2 3 4 10 6 -5 -6 9 -9 -1 -4 -13 -14
right_child=1 -3 11 5 7 -7 -8 8 -10 -11 -12 12 13 -15
leaf_value=0.04206924698480892 0.014238299218328747 -0.062662162256931511 -0.041305916948176646 -0.086231628880740568 -0.028221160055833697 -0.00167218572145885 -0.010656816364214295 -0.0050120525563556468 -0.010210974450492289 0.017732320948999212 -0.0039578900661610744 -6.0091601860667871e-06 0.0049648538807184122 1.2925975030488244
leaf_weight=398 144 58 777 223 757 7207 2813 70 529 1617 187 35769 2770 405
leaf_count=398 144 58 777 223 757 7207 2813 70 529 1617 187 35769 2770 405
internal_value=-6.38389e-05 0.00574879 -8.63116e-05 -0.00068702 0.000923379 -0.00124658 -0.00325795 -8.19946e-05 0.00132373 0.00291667 0.00589167 0.000122464 0.000201289 0.00252044
internal_weight=53724 202 53522 13801 3558 10243 3036 2973 2216 1687 585 39721 38944 3175
internal_count=53724 202 53522 13801 3558 10243 3036 2973 2216 1687 585 39721 38944 3175
cat_boundaries=0 1 2
cat_threshold=33152 16525
is_linear=0
shrinkage=0.035


Tree=311
num_leaves=15
num_cat=2
split_feature=17 19 3 4 9 24 32 1 9 17 8 32 5 10
split_gain=6.02104 12.7418 14.3762 11.7561 13.7377 12.2284 17.4751 16.0785 22.7162 15.0568 11.606 11.0892 20.5783 14.4777
threshold=4.5618643185222014 41.670833333333341 28.550000000000004 26.100000000000005 1502.5000000000002 1.5000000000000002 0 297.25000000000006 652.50000000000011 242.07445245238239 7.423564329484492 1 18.050000000000004 31.530952380952382
decision_type=8 10 8 8 8 2 1 10 10 8 2 1 10 10
left_child=-1 11 -3 4 -4 6 7 -5 -9 10 -8 -2 -13 -14
right_child=1 2 3 5 -6 -7 9 8 -10 -11 -12 12 13 -15
leaf_value=0.00061196693221992845 -0.0011815222483420043 0.054630528135099013 0.050918868380365724 0.035625561476493359 -0.23035671196169616 -0.0086566947089252722 -0.052212845128874884 0.4510462370254516 1.862453249242058 -1.2616495247424326 0.0098715795287409955 -0.035917724936507571 0.0091415683726902511 -0.034611947489865826
leaf_weight=16560 3768 327 54 2456 136 20203 240 313 196 187 5347 1366 1176 1395
leaf_count=16560 3768 327 54 2456 136 20203 240 313 196 187 5347 1366 1176 1395
internal_value=-5.21134e-05 -0.000299443 3.2073e-05 -5.04513e-05 -0.00861538 7.25464e-06 0.00110075 0.00327685 0.00892023 -2.41838e-05 0.000306688 -0.00156615 -0.00286058 -0.00101902
internal_weight=53724 37164 29459 29132 190 28942 8739 2965 509 5774 5587 7705 3937 2571
internal_count=53724 37164 29459 29132 190 28942 8739 2965 509 5774 5587 7705 3937 2571
cat_boundaries=0 1 2
cat_threshold=5126 25320
is_linear=0
shrinkage=0.035


Tree=312
num_leaves=15
num_cat=5
split_feature=16 22 23 19 32 3 32 22 1 32 13 32 17 32
split_gain=5.71698 5.59246 17.8195 23.5708 16.4589 13.4778 21.0699 17.3285 16.4744 13.7724 13.3202 13.2827 12.4051 18.6101
threshold=1.0000000180025095e-35 0.97252553542215781 1.0771195213417017 85.537500000000009 0 279.50000000000006 1 0.55273152394362557 268.25000000000006 2 378.25000000000006 3 242.07445245238239 4
decision_type=8 8 10 10 1 10 1 10 10 1 10 1 10 1
left_child=-1 2 5 4 -4 8 -7 -8 9 -2 -10 -3 -13 -14
right_child=1 11 3 -5 -6 6 7 -9 10 -11 -12 12 13 -15
leaf_value=0.0040769777176022839 0.025549755132278452 -0.0092536652102545251 0.032551271028267249 0.33418209526400688 -0.0042926442892658838 -0.32915022652636955 -0.66881684054988855 0.0096303877895934434 0.55975879182691779 -0.00040534161898404976 -0.25916314327666162 0.00016117426260259029 -0.80878823632337038 3.2654754268852013
leaf_weight=73 2869 11842 369 599 828 530 192 2203 260 15379 99 18019 186 276
leaf_count=73 2869 11842 369 599 828 530 192 2203 260 15379 99 18019 186 276
internal_value=-4.55992e-05 -5.93596e-05 0.000348005 0.00369239 0.000844426 6.82546e-05 -0.00213823 -0.000711618 0.000415592 0.000268449 0.00778846 -0.000372758 0.00021383 0.00584582
internal_weight=53724 53651 23328 1796 1197 21532 2925 2395 18607 18248 359 30323 18481 462
internal_count=53724 53651 23328 1796 1197 21532 2925 2395 18607 18248 359 30323 18481 462
cat_boundaries=0 1 2 3 4 5
cat_threshold=53440 57410 16644 24966 536
is_linear=0
shrinkage=0.035


Tree=313
num_leaves=15
num_cat=2
split_feature=17 15 16 22 24 32 21 1 22 22 23 16 23 32
split_gain=6.05075 22.846 13.921 13.1343 13.0769 17.2994 21.8471 16.0739 13.7715 13.4314 23.5456 21.6391 16.8469 16.4767
threshold=5.2694203305209983 13.025000000000002 13.269639161398727 1.5858780692660879 1.5000000000000002 0 1974.9000000000003 229.75000000000003 1.5236325238862833 0.93320260534987021 1.1116250579927354 17.224014243686479 0.45127034967168128 1
decision_type=8 2 8 10 2 1 2 10 10 10 10 8 8 1
left_child=3 2 -2 -1 5 6 7 -3 -8 10 13 -12 -11 -6
right_child=1 4 -4 -5 9 -7 8 -9 -10 12 11 -13 -14 -15
leaf_value=0.00046542758826245039 -0.01646693086051303 0.060807503821568298 -0.19536691339514436 0.026599968172402025 0.035736461261942409 -0.00081494361909456364 -0.016529787352904963 1.1020611720074511 0.46147402208340943 0.69223319546545559 -0.012491338615872465 0.67930698812949863 -0.024754130836293558 -0.0080408387037952892
leaf_weight=18577 437 1296 107 103 2135 7510 1116 329 80 93 159 251 15521 6010
leaf_count=18577 437 1296 107 103 2135 7510 1116 329 80 93 159 251 15521 6010
internal_value=-4.03879e-05 -0.000311564 -0.00739526 0.00046829 -0.000198812 0.00084317 0.00317172 0.00581902 -0.000407993 -0.000644287 0.00047021 0.00860241 -0.00125488 5.58282e-05
internal_weight=53724 35044 544 18680 34500 10331 2821 1625 1196 24169 8555 410 15614 8145
internal_count=53724 35044 544 18680 34500 10331 2821 1625 1196 24169 8555 410 15614 8145
cat_boundaries=0 1 2
cat_threshold=5154 8592
is_linear=0
shrinkage=0.035


Tree=314
num_leaves=15
num_cat=5
split_feature=9 22 33 21 3 2 32 32 30 3 23 22 32 32
split_gain=5.99984 15.4706 13.8274 19.6162 10.5547 14.328 12.1616 10.4051 10.193 17.5776 16.6364 28.3113 26.2929 21.2978
threshold=2322.5000000000005 1.267741240795133 0 2333.2346153846161 19.550000000000004 23.100000000000005 1 2 -0.6391983530350368 280.75000000000006 1.1057432993112608 1.1761347337401558 3 4
decision_type=10 10 1 2 10 8 1 1 2 10 8 8 1 1
left_child=2 -2 3 -1 -5 -6 -7 -3 9 -4 11 -10 -12 -13
right_child=1 7 8 4 5 6 -8 -9 10 -11 12 13 -14 -15
leaf_value=-0.014908521026671112 0.0025928555067664763 -0.037967269200040864 -0.00098251306471301984 0.0040363975787862149 -0.077998346463324805 0.021265658170343482 -0.056577183325919059 -0.0035192725290256279 -0.00048633279358558995 -0.22220987361503491 -0.0054440612818820559 0.0037588142819026675 0.01689688721742123 -0.097125988399798122
leaf_weight=1008 12019 534 10671 630 105 706 843 905 12462 1809 4108 254 7276 394
leaf_count=1008 12019 534 10671 630 105 706 843 905 12462 1809 4108 254 7276 394
internal_value=-5.21134e-05 0.000587536 -0.000265948 -0.00243423 -0.000642202 -0.0021097 -0.00123874 -0.00283587 -7.19133e-05 -0.000885863 0.000342871 -0.000507053 0.00132145 -0.00761103
internal_weight=53724 13458 40266 3292 2284 1654 1549 1439 36974 12480 24494 13110 11384 648
internal_count=53724 13458 40266 3292 2284 1654 1549 1439 36974 12480 24494 13110 11384 648
cat_boundaries=0 1 2 3 4 5
cat_threshold=4 21650 61761 8973 38216
is_linear=0
shrinkage=0.035


Tree=315
num_leaves=15
num_cat=1
split_feature=17 15 24 17 32 9 2 3 16 16 23 16 10 4
split_gain=6.00042 19.6268 11.6551 16.7798 15.0639 24.4524 24.6049 14.0181 13.7578 13.5166 12.3069 15.5141 12.1092 14.9491
threshold=5.2694203305209983 13.025000000000002 1.5000000000000002 7.2168783648703387 0 1672.5000000000002 170.50000000000003 350.75000000000006 74.206917916503258 167.67230842796855 0.58652917209224187 9.2188077690821402 17.069047619047623 35.100000000000009
decision_type=8 2 2 10 1 8 8 8 10 10 8 10 10 8
left_child=-1 -2 3 -3 5 6 -5 8 10 -10 11 -6 -4 -14
right_child=1 2 12 4 7 -7 -8 -9 9 -11 -12 -13 13 -15
leaf_value=0.00053034485837588803 -0.035703463961092641 -0.014828118034358512 0.020710226140236161 0.03233106189177555 0.025113678945347339 0.029762934499814285 1.7078385549257298 -0.10614201490504248 1.3823340449184738 -0.34316492807609605 0.023402376308016389 -0.12784494005737856 -0.023731933110546371 -0.0070425094095012677
leaf_weight=18680 544 1271 355 250 102 820 231 1684 201 50 5444 278 2820 20994
leaf_count=18680 544 1271 355 250 102 820 231 1684 201 50 5444 278 2820 20994
internal_value=-4.95077e-05 -0.000319553 -0.000215041 0.000768673 0.0012973 0.00476064 0.0110185 0.000706843 0.00149095 0.00943359 0.00114085 -0.00490909 -0.0006356 -0.000731769
internal_weight=53724 35044 34500 10331 9060 1301 481 7759 6075 251 5824 380 24169 23814
internal_count=53724 35044 34500 10331 9060 1301 481 7759 6075 251 5824 380 24169 23814
cat_boundaries=0 1
cat_threshold=1056
is_linear=0
shrinkage=0.035


Tree=316
num_leaves=15
num_cat=3
split_feature=22 23 33 17 4 16 30 23 7 32 30 13 32 9
split_gain=6.28055 11.973 14.2017 12.9444 12.2698 7.53417 7.77992 7.34831 13.6112 13.4302 16.0231 8.47586 14.8425 8.33365
threshold=1.8174112776305755 2.369857963854511 0 20.597146021788301 28.050000000000004 15.351341598957672 0.63089349388778826 1.7549510370570294 113.21011705685621 1 0.91159213926341531 285.55000000000007 2 2322.5000000000005
decision_type=8 8 1 8 10 8 2 10 2 1 2 10 1 10
left_child=7 3 4 -2 -3 -4 -7 13 9 -9 -11 -10 -13 -1
right_child=1 2 5 -5 -6 6 -8 8 11 10 -12 12 -14 -15
leaf_value=-0.0012045517372887284 0.035761217277853453 -0.04241886439274508 0.0047207514891185734 -0.22125199982468005 1.215078704734871 -0.54110608631410828 0.0194425574031321 0.048888276575346119 1.2178220435842417 -0.019007314021036958 0.085689006036687387 1.9421743029400933 -0.49193775352867791 0.0017865038829712378
leaf_weight=38630 84 92 75 327 189 99 53 168 137 636 94 103 121 12916
leaf_count=38630 84 92 75 327 189 99 53 168 137 636 94 103 121 12916
internal_value=-5.60219e-05 -0.00291667 0.000682261 -0.00731971 0.00579392 -0.0056405 -0.0102548 -5.96478e-06 0.00263054 0.000310078 -0.00178523 0.00831967 0.0039738 -7.06097e-05
internal_weight=53724 919 508 411 281 227 152 52805 1259 898 730 361 224 51546
internal_count=53724 919 508 411 281 227 152 52805 1259 898 730 361 224 51546
cat_boundaries=0 1 2 3
cat_threshold=8 16480 34312
is_linear=0
shrinkage=0.035


Tree=317
num_leaves=15
num_cat=3
split_feature=24 32 32 0 19 8 2 17 29 4 23 23 3 33
split_gain=5.6298 33.764 13.9638 11.0244 29.9708 10.8364 10.832 14.6249 13.3179 11.8942 11.767 13.3865 10.9921 10.4163
threshold=5.5000000000000009 0 1 159.80000000000004 92.145833333333357 1.5853676343952194 3.5500000000000003 8.0560536046904545 -0.96689237009891416 29.100000000000005 1.1596940844063131 1.0690193960711627 220.30000000000004 2
decision_type=2 1 1 8 10 2 8 10 2 8 8 10 8 1
left_child=13 3 5 4 -2 -3 -4 -8 -9 -10 11 -11 -12 -1
right_child=1 2 6 -5 -6 -7 7 8 9 10 12 -13 -14 -15
leaf_value=0.0056581030967711885 -0.43399133227264142 0.012492961163583111 -0.0055900805739388625 -2.4196215988113288 0.24432285895788119 0.013868258996078993 0.0033679964236775599 -0.36508170685496066 -0.16519372842899085 -0.068903142088881542 0.086161461216329949 -0.30767237730618779 -0.20740273616337854 -0.00070022101826308029
leaf_weight=12480 67 58 78 139 58 1273 1271 97 88 565 349 69 254 36878
leaf_count=12480 67 58 78 139 58 1273 1271 97 88 565 349 69 254 36878
internal_value=-6.12332e-05 -0.00126516 -0.000459072 -0.0130466 -0.00565385 0.00247028 -0.00187186 -0.00149185 -0.00392432 -0.00297368 -0.00205717 -0.00536776 0.00143914 4.53781e-05
internal_weight=53724 4366 4102 264 125 1331 2771 2693 1422 1325 1237 634 603 49358
internal_count=53724 4366 4102 264 125 1331 2771 2693 1422 1325 1237 634 603 49358
cat_boundaries=0 1 2 3
cat_threshold=1024 2496 2
is_linear=0
shrinkage=0.035


Tree=318
num_leaves=15
num_cat=3
split_feature=3 19 1 0 22 11 32 0 16 33 32 7 1 3
split_gain=5.74716 18.5577 15.4848 14.305 14.4014 15.3137 12.8039 12.0823 11.7053 16.6455 20.3975 16.0928 13.9063 14.2972
threshold=39.850000000000009 45.025000000000006 47.050000000000004 109.75000000000001 1.2532208965727871 33.919871794871803 0 34.900000000000006 5.9000604625102779 1 2 34.008333333333347 22.550000000000004 14.65
decision_type=8 10 8 10 10 10 1 10 8 1 1 2 10 10
left_child=1 8 3 4 5 -2 7 -7 12 10 11 -10 13 -1
right_child=2 -3 -4 -5 -6 6 -8 -9 9 -11 -12 -13 -14 -15
leaf_value=0.00056486743762035503 0.0024073513590429931 0.036284059729693827 -0.00090290348341170567 0.96434536078762945 -0.063148089445101266 -0.097624038117047368 -0.018722408387987423 -0.028080929349342303 0.036574147935987185 -0.001059377415637073 -0.07226751714058563 -0.099317107043157701 0.0096501378438740397 -0.0060189402495080743
leaf_weight=8672 985 912 28855 50 287 259 1765 385 199 1904 497 149 4588 4217
leaf_count=8672 985 912 28855 50 287 259 1765 385 199 1904 497 149 4588 4217
internal_value=-5.21134e-05 0.000397295 -0.000343653 -0.00246387 -0.00272518 -0.00208002 -0.00358119 -0.00775417 0.000176462 -0.00194444 -0.00598256 0.000578512 0.000510525 -7.87188e-05
internal_weight=53724 21138 32586 3731 3681 3394 2409 644 20226 2749 845 348 17477 12889
internal_count=53724 21138 32586 3731 3681 3394 2409 644 20226 2749 845 348 17477 12889
cat_boundaries=0 1 2 3
cat_threshold=50305 1 30048
is_linear=0
shrinkage=0.035


Tree=319
num_leaves=15
num_cat=2
split_feature=16 26 32 24 29 23 2 8 15 16 23 29 22 32
split_gain=5.70755 5.47048 12.7795 11.2005 6.64145 10.0339 7.86926 7.55064 7.69411 6.93964 6.31133 5.53173 12.7 10.1539
threshold=1.0000000180025095e-35 10.500000000000002 0 2.5000000000000004 0.10837544681456425 1.2376273802286397 92.750000000000014 4.618418826294401 59.95000000000001 7.0710678118653858 0.96622150555834307 0.99818282439137029 0.64433746342902809 1
decision_type=8 2 1 2 2 10 8 2 2 10 8 2 10 1
left_child=-1 2 3 -2 5 7 9 -4 -9 -6 -5 -3 -13 -14
right_child=1 11 4 10 6 -7 -8 8 -10 -11 -12 12 13 -15
leaf_value=0.0039807161052464162 -0.0092416789667251475 0.00012299875239474235 -0.0042800541030627182 -0.19196779626533966 -0.0090270475050878672 -0.070115738307605133 0.058345094608331753 0.09207418874559116 0.16857381860603124 -0.39825797966004822 -0.052233881849843636 0.080711291929751142 -0.042514864247817107 -0.0044952668349521885
leaf_weight=73 208 51478 69 103 75 72 131 74 194 59 99 108 379 602
leaf_count=73 208 51478 69 103 75 72 131 74 194 59 99 108 379 602
internal_value=-3.77822e-05 -5.1532e-05 -0.00250689 -0.00724706 0.000507983 0.0032971 -0.00375926 0.00583333 0.00846154 -0.00956835 -0.0131884 -6.65754e-07 -0.00246344 -0.00372718
internal_weight=53724 53651 1084 410 674 409 265 337 268 134 202 52567 1089 981
internal_count=53724 53651 1084 410 674 409 265 337 268 134 202 52567 1089 981
cat_boundaries=0 1 2
cat_threshold=23076 16506
is_linear=0
shrinkage=0.035


Tree=320
num_leaves=15
num_cat=3
split_feature=3 19 3 11 1 10 0 32 1 32 20 3 10 32
split_gain=5.50404 18.482 13.3274 11.0437 10.7317 18.4609 37.4571 16.3918 16.2353 14.6416 11.7588 11.4888 15.9959 16.3699
threshold=39.850000000000009 45.025000000000006 43.050000000000004 60.422619047619058 24.100000000000005 15.323809523809526 14.65 0 13.050000000000002 1 1501.5476190476193 30.100000000000005 43.008333333333347 2
decision_type=8 10 8 8 10 8 10 1 10 1 8 10 10 1
left_child=1 3 -2 4 5 8 9 -6 -1 -7 -11 -9 13 -13
right_child=2 -3 -4 -5 7 6 -8 11 -10 10 -12 12 -14 -15
leaf_value=0.00014026144767783467 -0.031226312145256403 0.035009812682820649 -0.0017819253417555993 -0.1185162431726081 -0.025814412616769575 -0.049746172002404186 -0.0011871286543800432 0.015889030137003071 0.017123798864330884 0.0097551465144308843 -0.033408549647957177 0.0077875502350039849 0.1001703176716091 -0.020900313854573017
leaf_weight=8328 1407 912 31179 58 676 401 4113 3099 840 216 595 1101 136 663
leaf_count=8328 1407 912 31179 58 676 401 4113 3099 840 216 595 1101 136 663
internal_value=-3.25709e-05 0.000407227 -0.000317879 0.000186842 0.000232489 -0.000272796 -0.00191088 0.00152201 0.000679167 -0.00730485 -0.00436441 0.0022128 7.34908e-05 -0.000830978
internal_weight=53724 21138 32586 20226 20168 14493 5325 5675 9168 1212 811 4999 1900 1764
internal_count=53724 21138 32586 20226 20168 14493 5325 5675 9168 1212 811 4999 1900 1764
cat_boundaries=0 1 2 3
cat_threshold=1034 449 19045
is_linear=0
shrinkage=0.035


Tree=321
num_leaves=15
num_cat=3
split_feature=22 29 26 32 30 29 23 23 7 32 13 32 2 17
split_gain=5.4334 11.3976 11.2309 7.87691 8.91686 7.83244 7.64437 7.52508 12.4561 11.477 8.97907 13.8555 7.91014 7.41509
threshold=1.8174112776305755 0.94425825643485939 97.500000000000014 0 -0.50557503990954278 -0.46801505794253101 3.2477849613045007 1.7549510370570294 113.21011705685621 1 285.55000000000007 2 6.0500000000000007 3.2333489534143127
decision_type=8 2 2 1 2 2 8 10 2 1 10 1 10 10
left_child=7 3 -3 5 -5 -2 -6 -1 9 12 -10 -12 -9 -11
right_child=1 2 -4 4 6 -7 -8 8 10 13 11 -13 -14 -15
leaf_value=-0.00011754107567621908 0.088367035648457187 -0.12419724080990699 0.72903727276628494 -0.25454788302765319 -0.079098602951184066 -0.17958903678774066 0.078294047459773808 -0.0016380309826637975 1.1750899025029529 0.01899077922559601 1.8743123741253767 -0.47460576036698887 0.078092679432339066 -0.030903992850783768
leaf_weight=51546 116 79 100 122 225 167 110 96 137 50 103 121 169 583
leaf_count=51546 116 79 100 122 225 167 110 96 137 50 103 121 169 583
internal_value=-2.86624e-05 -0.00268939 0.00513587 -0.00460403 -0.0073411 0.00011745 -0.00442647 1.78943e-05 0.00268592 0.000465116 0.00812842 0.00366812 0.006375 -0.00210648
internal_weight=53724 919 179 740 457 283 335 52805 1259 898 361 224 265 633
internal_count=53724 919 179 740 457 283 335 52805 1259 898 361 224 265 633
cat_boundaries=0 1 2 3
cat_threshold=33882 16481 34312
is_linear=0
shrinkage=0.035


Tree=322
num_leaves=15
num_cat=1
split_feature=22 32 23 17 20 21 19 23 2 23 4 16 23 19
split_gain=7.23956 14.1274 15.6019 15.267 12.3462 11.6168 9.84277 8.62398 8.47074 7.70495 7.56068 7.3923 7.37619 22.0744
threshold=1.6741816458481436 0 2.1938679142639539 9.5264957267791726 2315.3571428571436 2027.0465367965369 29.262500000000006 1.9032856858383962 250.50000000000003 0.73525604905317465 31.550000000000004 14.960264830861922 1.8459722810627612 17.012500000000003
decision_type=8 1 8 8 10 2 8 8 10 10 10 8 10 10
left_child=12 2 8 -3 5 9 -4 -7 -2 -5 -9 -11 -1 -14
right_child=1 3 6 4 -6 7 -8 10 -10 11 -12 -13 13 -15
leaf_value=-5.5974987702591688e-05 0.0033218080744610926 0.015974445248952394 -0.020252083926370564 0.0035516627498166468 -0.32706773842535586 -0.43330353273028827 0.86933580712654634 -0.056113985924318682 -0.81575458884430818 0.0027234621872731604 1.5694585129225034 -0.38563210514004664 -0.012930014229360439 0.24389246145396137
leaf_weight=51647 124 128 71 89 179 59 198 52 71 54 112 202 207 531
leaf_count=51647 124 128 71 89 179 59 198 52 71 54 112 202 207 531
internal_value=-4.16907e-05 -0.00257813 0.0023382 -0.00515169 -0.00712101 -0.00452007 0.00779197 0.0016886 -0.005075 -0.0085 0.00579882 -0.0115326 2.33823e-05 0.00348587
internal_weight=53724 1339 464 875 747 568 269 223 195 345 164 256 52385 738
internal_count=53724 1339 464 875 747 568 269 223 195 345 164 256 52385 738
cat_boundaries=0 1
cat_threshold=33866
is_linear=0
shrinkage=0.035


Tree=323
num_leaves=15
num_cat=1
split_feature=22 32 23 17 29 26 13 23 11 22 20 3 2 13
split_gain=5.56556 14.3852 12.4173 10.7496 14.6499 14.4101 9.83717 9.25883 7.97644 7.93261 7.42039 6.61965 9.92227 5.98871
threshold=1.6741816458481436 0 2.1938679142639539 20.597146021788301 0.89404822654372251 97.500000000000014 16.025000000000002 2.0739180411378979 38.14692307692308 1.9128474196605498 2015.3571428571431 480.50000000000006 247.75000000000003 240.25000000000003
decision_type=8 1 8 8 2 2 10 8 10 10 8 10 10 10
left_child=-1 2 8 7 11 -6 -4 -3 -2 13 -7 12 -5 -10
right_child=1 3 6 4 5 10 -8 -9 9 -11 -12 -13 -14 -15
leaf_value=5.8770599671749142e-05 0.035135993853275101 0.038887579605520785 -0.032854195782734262 -0.20341553303938029 -0.4517206209172423 -0.013419098497570872 0.17702892408132925 -0.017083241879604066 0.087669200813899423 -0.36686875704177724 2.3895883302823506 -2.4719245349847396 0.10946113526421755 -0.46309201894038643
leaf_weight=52385 60 82 52 261 58 50 291 78 58 64 58 84 88 55
leaf_count=52385 60 82 52 261 58 50 291 78 58 64 58 84 88 55
internal_value=-4.16907e-05 -0.00226563 0.00188235 -0.00538114 -0.00759106 0.00122807 0.00613506 0.00254545 -0.00419421 -0.00788462 0.00867257 -0.0109475 -0.00860169 -0.00207627
internal_weight=53724 1339 580 759 599 166 343 160 237 177 108 433 349 113
internal_count=53724 1339 580 759 599 166 343 160 237 177 108 433 349 113
cat_boundaries=0 1
cat_threshold=33898
is_linear=0
shrinkage=0.035


Tree=324
num_leaves=15
num_cat=2
split_feature=22 30 0 17 4 4 15 5 26 23 6 32 32 9
split_gain=5.1445 13.7145 15.2606 8.6278 9.02032 7.90975 7.28735 9.43396 6.43959 5.41801 15.1816 11.5516 9.91586 11.2644
threshold=1.9128474196605498 -0.5129677127369543 971.00000000000011 47.56972553923751 57.550000000000004 7.0500000000000007 28.075000000000003 50.050000000000004 245.50000000000003 1.7549510370570294 149.75000000000003 0 1 2502.5000000000005
decision_type=8 2 8 8 10 10 2 8 2 10 10 1 1 10
left_child=9 6 3 5 -5 -3 -2 -8 -4 -1 12 -12 -11 -14
right_child=1 2 8 4 -6 -7 7 -9 -10 10 11 -13 13 -15
leaf_value=-0.00014804957181300483 -0.23173200858944923 -0.019889230308644035 1.8713745618876927 -0.38615886783213016 -0.025260429752260196 0.050458683483999019 0.054659432230307989 -0.86298460462368964 -0.0042734538554409698 0.024500883807680264 3.119419733445393 0.077640894227148469 -0.00645922772452348 -0.19516748423305064
leaf_weight=51652 51 78 100 115 109 71 52 76 57 519 103 102 579 60
leaf_count=51652 51 78 100 115 109 71 52 76 57 519 103 102 579 60
internal_value=-3.9085e-05 -0.0029902 -0.000130841 -0.00398148 -0.00825328 0.0025 -0.0112228 -0.00631579 0.00885802 6.60128e-07 0.00217471 0.0108333 0.000601892 -0.00230122
internal_weight=53724 709 530 373 224 149 179 128 157 53015 1363 205 1158 639
internal_count=53724 709 530 373 224 149 179 128 157 53015 1363 205 1158 639
cat_boundaries=0 1 2
cat_threshold=58376 18673
is_linear=0
shrinkage=0.035


Tree=325
num_leaves=15
num_cat=1
split_feature=16 26 32 26 5 4 16 22 9 6 6 5 6 0
split_gain=5.70755 5.27871 13.3014 14.4938 11.4812 15.7658 16.136 10.6888 10.5032 10.3613 10.1289 12.8247 10.0999 14.4261
threshold=1.0000000180025095e-35 302.50000000000006 0 349.50000000000006 1808.1000000000001 399.25000000000006 42.505479257369139 0.99740680031942175 1252.5000000000002 5.5500000000000007 94.750000000000014 42.050000000000004 441.50000000000006 450.50000000000006
decision_type=8 2 1 2 8 10 8 8 8 10 8 10 10 8
left_child=-1 -2 3 10 5 6 8 -8 9 -4 11 -3 13 -5
right_child=1 2 4 12 -6 -7 7 -9 -10 -11 -12 -13 -14 -15
leaf_value=0.0038456797171372761 -0.00060598774020150794 0.062716780925762036 -0.027701231764674629 -0.015272973819022033 -0.028219803491485868 0.75940402412260011 0.097401706114897749 -0.51118467721876859 -0.00028676435043646366 0.061359280333739614 0.35078142710608728 -0.11173846030376965 1.3718745502132306 -0.66095717074466787
leaf_weight=73 46860 214 50 194 413 395 81 176 4068 409 500 137 96 58
leaf_count=73 46860 214 50 194 413 395 81 176 4068 409 500 137 96 58
internal_value=-3.77822e-05 -5.1532e-05 0.000860065 0.0041804 0.000137328 0.000587384 2.92337e-05 -0.00841603 0.000517432 0.00550647 0.00666472 0.00206461 -0.0017847 -0.00544747
internal_weight=53724 53651 6791 1199 5592 5179 4784 257 4527 459 851 351 348 252
internal_count=53724 53651 6791 1199 5592 5179 4784 257 4527 459 851 351 348 252
cat_boundaries=0 1
cat_threshold=1544
is_linear=0
shrinkage=0.035


Tree=326
num_leaves=15
num_cat=2
split_feature=17 6 26 16 15 30 32 4 10 24 17 32 1 22
split_gain=5.84332 18.7143 12.84 16.8948 11.2873 11.0473 18.6589 11.8897 11.942 10.5997 13.8794 14.0852 13.943 12.7916
threshold=5.2694203305209983 13.750000000000002 291.50000000000006 4.1281553588336068 13.025000000000002 -0.99052477729077237 0 48.050000000000004 89.422619047619065 1.5000000000000002 7.2168783648703387 1 1052.5000000000002 0.90342656680102584
decision_type=8 8 2 10 2 2 1 10 10 2 10 1 10 10
left_child=-1 2 -2 -4 -3 6 -6 -8 -9 10 -7 12 -12 -11
right_child=1 4 3 -5 5 9 7 8 -10 13 11 -13 -14 -15
leaf_value=0.00049972815585402897 -0.043534022271284424 -0.047042324443285904 -0.049978243580683548 0.039787219197583927 -0.11229731587817308 -0.013161357445179728 -0.07814278175327144 0.07443937252549454 -0.012356486189755104 0.010164555150687786 0.052050872055058803 0.0011524572366197817 6.4321973322167478 -0.016726311623975008
leaf_weight=18680 770 113 65 139 580 1167 185 197 615 6666 3924 4515 117 15991
leaf_count=18680 770 113 65 139 580 1167 185 197 615 6666 3924 4515 117 15991
internal_value=-3.9085e-05 -0.000305572 -0.00507661 0.00267943 -0.000168452 -0.000130882 -0.00298673 -3.4585e-05 0.00179927 8.64598e-06 0.000975021 0.00146361 0.00295981 -0.000406187
internal_weight=53724 35044 974 204 34070 33957 1577 997 812 32380 9723 8556 4041 22657
internal_count=53724 35044 974 204 34070 33957 1577 997 812 32380 9723 8556 4041 22657
cat_boundaries=0 1 2
cat_threshold=41549 50222
is_linear=0
shrinkage=0.035


Tree=327
num_leaves=15
num_cat=3
split_feature=3 19 1 0 22 11 32 23 23 16 32 33 8 4
split_gain=5.88681 15.1397 12.4309 13.9487 14.4056 14.8642 12.9834 12.5274 11.5734 11.3399 19.6429 13.4179 13.3394 11.5366
threshold=39.850000000000009 45.025000000000006 47.050000000000004 109.75000000000001 1.1720139141653731 33.080128205128212 0 1.2745455064764435 0.13344941042644634 4.7851950297266077 1 2 15.512531421451508 45.050000000000004
decision_type=8 10 8 10 10 10 1 10 8 8 1 1 2 10
left_child=1 9 3 4 5 -2 -7 -6 -4 13 12 -12 -11 -1
right_child=2 -3 8 -5 7 6 -8 -9 -10 10 11 -13 -14 -15
leaf_value=0.00085123457869451535 0.00407461888040916 0.03345299306311942 0.79585389736350376 0.93177499879031167 -0.085072229573944835 -0.050965354591549647 -0.016934814745917778 -0.004874052924340502 -0.001906692776696808 0.018383782215058597 -0.040537686094003648 -0.0070071913765345703 -0.080579776003998668 -0.049417276582260784
leaf_weight=15985 866 912 103 50 288 521 1832 174 28752 1043 1007 1940 120 131
leaf_count=15985 866 912 103 50 288 521 1832 174 28752 1043 1007 1940 120 131
internal_value=-4.42964e-05 0.000410538 -0.000339357 -0.00223903 -0.00249729 -0.00166098 -0.00310221 -0.00824411 -9.33818e-05 0.000211062 -0.00142892 -0.00294227 0.00240662 0.000629614
internal_weight=53724 21138 32586 3731 3681 3219 2353 462 28855 20226 4110 2947 1163 16116
internal_count=53724 21138 32586 3731 3681 3219 2353 462 28855 20226 4110 2947 1163 16116
cat_boundaries=0 1 2 3
cat_threshold=19585 24929 1
is_linear=0
shrinkage=0.035


Tree=328
num_leaves=15
num_cat=2
split_feature=10 1 0 1 16 6 23 24 32 9 1 23 32 3
split_gain=5.71093 26.1735 24.2762 20.6873 21.2006 20.1827 13.4455 13.3487 14.4522 21.8169 20.79 12.655 14.4856 11.9439
threshold=36.945238095238103 42.050000000000004 118.10000000000001 26.550000000000004 5.0066622281381763 37.050000000000004 0.51811528013180297 1.0000000180025095e-35 0 2177.5000000000005 159.80000000000004 0.97112652953550838 1 279.50000000000006
decision_type=8 8 10 10 10 8 10 2 1 8 8 8 1 10
left_child=3 2 5 4 -1 -2 -6 8 9 10 -3 12 -7 -10
right_child=1 7 -4 -5 6 11 -8 -9 13 -11 -12 -13 -14 -15
leaf_value=0.00031620699900638096 -0.080908053197122104 0.025021711872118574 1.2402738493812719 0.012174313182900038 -0.066943726200211856 0.053474459624747728 -0.0077745930773967901 -0.0065019838530325563 0.023902900332047426 0.069383505327095252 2.4704302251475716 -0.05537310298239851 -0.020957174374288654 -0.11232586641119113
leaf_weight=14475 645 119 52 4509 628 226 1668 25848 2780 584 158 626 514 892
leaf_count=14475 645 119 52 4509 628 226 1668 25848 2780 584 158 626 514 892
internal_value=-4.42964e-05 -0.000336528 -0.00414652 0.000401222 -0.000164819 -0.00477431 -0.00328553 -7.71737e-05 0.00167364 0.00571347 0.0137766 -0.00234865 0.000751678 0.000702468
internal_weight=53724 32444 2063 21280 16771 2011 2296 30381 4533 861 277 1366 740 3672
internal_count=53724 32444 2063 21280 16771 2011 2296 30381 4533 861 277 1366 740 3672
cat_boundaries=0 1 2
cat_threshold=33794 8530
is_linear=0
shrinkage=0.035


Tree=329
num_leaves=15
num_cat=1
split_feature=3 19 1 0 22 11 32 11 23 23 29 9 29 2
split_gain=5.63251 14.6861 12.0281 13.8897 12.4137 13.2406 11.2367 11.0698 11.0585 10.294 10.0005 11.7631 11.6703 10.0324
threshold=39.850000000000009 45.025000000000006 47.050000000000004 109.75000000000001 1.1720139141653731 33.080128205128212 0 60.422619047619058 1.2745455064764435 0.13344941042644634 0.99700008544936913 2017.5000000000005 0.9916835347852474 37.550000000000004
decision_type=8 10 8 10 10 10 1 8 10 8 2 8 2 8
left_child=1 7 3 4 5 -2 -7 10 -6 -4 12 -12 -1 -14
right_child=2 -3 9 -5 8 6 -8 -9 -10 -11 11 -13 13 -15
leaf_value=0.00032968613217282839 0.0036353061167254635 0.031856037344508654 0.76822658039063718 0.85575328910430615 -0.08011998404194795 -0.046991590669819311 -0.01525148172541373 -0.11147971644085312 -0.0051272954502819797 -0.0018034160795411937 0.0030249205484965728 -0.017525542619169825 0.014351242011433915 -0.013778663109673418
leaf_weight=19259 866 912 103 50 288 521 1832 58 174 28752 235 289 308 77
leaf_count=19259 866 912 103 50 288 521 1832 58 174 28752 235 289 308 77
internal_value=-4.42964e-05 0.000400605 -0.000332914 -0.00220155 -0.00245931 -0.00168269 -0.00304283 0.000204142 -0.00779443 -9.09563e-05 0.000249839 -0.00449905 0.000377627 0.00637179
internal_weight=53724 21138 32586 3731 3681 3219 2353 20226 462 28855 20168 524 19644 385
internal_count=53724 21138 32586 3731 3681 3219 2353 20226 462 28855 20168 524 19644 385
cat_boundaries=0 1
cat_threshold=19585
is_linear=0
shrinkage=0.035


Tree=330
num_leaves=15
num_cat=4
split_feature=24 32 21 32 0 0 19 9 0 1 9 33 21 32
split_gain=5.4775 33.9485 13.271 12.8179 10.6225 9.84229 27.5039 8.50165 8.78243 8.8366 8.70933 8.08737 11.4464 14.5391
threshold=5.5000000000000009 0 1068.2971014492757 1 4.9500000000000011 159.80000000000004 90.012500000000017 1222.5000000000002 93.250000000000014 9.0500000000000025 2432.5000000000005 2 1191.300322061192 3
decision_type=2 1 2 1 10 10 8 8 10 10 10 1 2 1
left_child=11 5 -3 4 -4 6 -2 -5 9 -9 -10 12 -1 -14
right_child=1 2 3 7 -6 -7 -8 8 10 -11 -12 -13 13 -15
leaf_value=0.00059941067670207467 -0.40551239559935859 -0.032679131157351084 0.030602914675916131 0.023231341899303752 0.012203396879966777 -2.6132001520349846 0.21640663614779798 -0.0061128588975875951 -0.29793004010956026 0.0031206632928518644 0.29266613990345591 -0.00061141748513166396 0.059176278318898247 0.00091687130916980671
leaf_weight=9031 72 690 124 161 1399 127 65 312 217 1116 83 36878 1746 1703
leaf_count=9031 72 690 124 161 1399 127 65 312 217 1116 83 36878 1746 1703
internal_value=-4.55992e-05 -0.00123313 -0.000425067 0.000471174 0.0028446 -0.0130466 -0.00665493 -0.00145221 -0.00218119 -0.00102582 -0.00757377 5.95588e-05 0.000829132 0.00254343
internal_weight=53724 4366 4102 3412 1523 264 137 1889 1728 1428 300 49358 12480 3449
internal_count=53724 4366 4102 3412 1523 264 137 1889 1728 1428 300 49358 12480 3449
cat_boundaries=0 1 2 3 4
cat_threshold=1024 27072 2 18408
is_linear=0
shrinkage=0.035


Tree=331
num_leaves=15
num_cat=4
split_feature=3 19 3 11 32 20 33 1 26 32 11 32 23 6
split_gain=5.22115 13.281 11.7532 11.0594 10.8316 10.0398 13.1811 10.161 11.9259 11.6267 11.1156 12.8992 11.7846 10.2201
threshold=39.850000000000009 45.025000000000006 43.050000000000004 60.422619047619058 0 2330.4166666666674 1 17.050000000000004 61.500000000000007 2 35.616025641025651 3 1.0532791220893303 26.650000000000002
decision_type=8 10 8 8 1 10 1 10 2 1 10 1 10 8
left_child=1 3 -2 5 -3 6 -1 8 -7 -10 11 12 -9 -14
right_child=2 4 -4 -5 -6 7 -8 10 9 -11 -12 -13 13 -15
leaf_value=-0.0063062638862178208 -0.028935324652597603 -0.005627903800948051 -0.0018708570445996743 -0.10757771624627564 0.045476571768214388 -0.0030333007160678522 -0.00010621542259126927 -0.0065055002910118639 -9.69035321399936e-05 0.0041149240101934015 -0.014016929687326539 0.021242677456018079 0.0025017966746982891 0.035432832177263195
leaf_weight=645 1407 277 31179 58 635 780 12585 689 2453 953 433 1237 244 149
leaf_count=645 1407 277 31179 58 635 780 12585 689 2453 953 433 1237 244 149
internal_value=-4.42964e-05 0.000384051 -0.000322175 0.000197222 0.00450382 0.000242899 -0.000322629 0.00132075 0.000233834 0.0011287 0.00297062 0.00393072 0.00108478 0.00589196
internal_weight=53724 21138 32586 20226 912 20168 13230 6938 4186 3406 2752 2319 1082 393
internal_count=53724 21138 32586 20226 912 20168 13230 6938 4186 3406 2752 2319 1082 393
cat_boundaries=0 1 2 3 4
cat_threshold=916 4 63557 9066
is_linear=0
shrinkage=0.035


Tree=332
num_leaves=15
num_cat=2
split_feature=21 16 1 20 22 7 10 6 4 15 33 30 32 3
split_gain=5.68006 7.35584 8.49193 5.03406 16.1696 14.7385 12.9243 12.7024 11.9439 10.5615 10.201 13.8112 15.3097 15.5833
threshold=3229.576539855073 3.8171386673438747 5.5500000000000007 829.2261904761906 0.64433746342902809 317.10850000000005 24.255000000000006 450.50000000000006 400.50000000000006 28.075000000000003 0 0.68274389090025245 1 441.50000000000006
decision_type=2 10 10 10 8 2 8 10 10 2 1 2 1 8
left_child=3 2 -2 4 5 -1 -6 9 -9 -8 11 -5 -13 -14
right_child=1 -3 -4 10 6 -7 7 8 -10 -11 -12 12 13 -15
leaf_value=0.068130807570867244 0.00015961288454748759 -0.012053915226023407 0.04039043998496665 0.0019009739585216859 0.0072803455167709278 -0.27916606631946228 -0.18439377891930053 -0.47279538293374151 0.34547222737995276 -0.049437013328145631 -0.00073740653867458434 0.11872815736663055 0.026808920752888713 -0.34673988272057821
leaf_weight=210 55 94 53 8639 266 61 103 52 371 2205 39589 743 1130 153
leaf_count=210 55 94 53 8639 266 61 103 52 371 2205 39589 743 1130 153
internal_value=-3.77822e-05 0.00574879 0.0117699 -6.01566e-05 -0.00139016 0.00672101 -0.00213358 -0.0028527 0.0026986 -0.00387376 2.64629e-05 0.000986423 0.00358444 0.00121341
internal_weight=53724 202 108 53522 3268 271 2997 2731 423 2308 50254 10665 2026 1283
internal_count=53724 202 108 53522 3268 271 2997 2731 423 2308 50254 10665 2026 1283
cat_boundaries=0 1 2
cat_threshold=2 38722
is_linear=0
shrinkage=0.035


Tree=333
num_leaves=15
num_cat=4
split_feature=21 16 1 3 16 33 32 23 32 30 3 32 29 22
split_gain=5.67239 7.35584 8.49193 5.13428 22.0162 16.4866 16.3859 17.9923 20.5102 14.8096 19.5302 20.44 18.9373 14.4195
threshold=3229.576539855073 3.8171386673438747 5.5500000000000007 230.50000000000003 55.946402922801475 0 1 0.73525604905317465 2 0.60383265664488517 370.50000000000006 3 0.77244481603295057 0.61968439436793876
decision_type=2 10 10 8 10 1 1 8 1 2 10 1 2 10
left_child=3 2 -2 4 -1 -6 13 8 -8 10 -9 -12 -13 -5
right_child=1 -3 -4 6 5 -7 7 9 -10 -11 11 12 -14 -15
leaf_value=1.1948583558591963e-05 0.00015402643358832237 -0.011632028193112546 0.038976774585492834 -0.27700416486149398 0.76586861811848872 0.042500542679257625 -0.081889280212075879 -0.0044200588659535738 -0.21736839345730177 0.024723741767011965 -0.17143361291962891 -0.86900617071276376 -0.56501217657797342 0.015402613407605995
leaf_weight=40615 55 94 53 313 434 467 545 2398 267 1418 691 263 172 5939
leaf_count=40615 55 94 53 313 434 467 545 2398 267 1418 691 263 172 5939
internal_value=-3.38737e-05 0.00574879 0.0117699 -5.62333e-05 0.000128128 0.00552428 -0.000693531 -0.00203848 -0.00685435 -0.0012452 -0.00245962 -0.00625111 -0.0120556 0.000547311
internal_weight=53724 202 108 53522 41516 901 12006 5754 812 4942 3524 1126 435 6252
internal_count=53724 202 108 53522 41516 901 12006 5754 812 4942 3524 1126 435 6252
cat_boundaries=0 1 2 3 4
cat_threshold=8 36101 8250 4120
is_linear=0
shrinkage=0.035


Tree=334
num_leaves=15
num_cat=1
split_feature=10 1 0 1 16 15 16 23 23 24 32 23 22 3
split_gain=5.56244 24.7479 20.9383 17.9725 19.7273 15.6253 13.673 12.6072 12.3568 11.1933 13.9534 19.476 17.6711 12.4768
threshold=36.945238095238103 44.100000000000009 118.10000000000001 26.550000000000004 5.0066622281381763 37.050000000000004 5.9000604625102779 0.13344941042644634 0.51811528013180297 1.0000000180025095e-35 0 0.88794286034647818 0.84960516535972708 14.65
decision_type=8 8 10 10 10 2 10 8 10 2 1 8 10 10
left_child=3 2 5 4 -1 6 -2 -3 -6 10 11 12 -9 -11
right_child=1 7 -4 -5 8 -7 -8 9 -10 13 -12 -13 -14 -15
leaf_value=0.00032238630040478002 -0.031376110237335698 0.74643314564880958 1.1804771012015234 0.0116895854612309 -0.064420267880478915 -0.020593021317465134 -0.17115286023627038 -0.02577010939272981 -0.0075942840231414009 -0.069737726828174446 0.0068690274076601207 0.1113205510203321 1.1767495085688437 -0.003853986198206716
leaf_weight=14475 299 105 52 4509 628 1745 231 56 1668 1400 3626 659 133 24138
leaf_count=14475 299 105 52 4509 628 1745 231 56 1668 1400 3626 659 133 24138
internal_value=-3.51765e-05 -0.000323585 -0.00379717 0.00040451 -0.000123093 -0.0043136 -0.0095514 -5.46112e-05 -0.00313342 -9.79445e-05 0.00151596 0.00551564 0.0153351 -0.000380926
internal_weight=53724 32444 2327 21280 16771 2275 530 30117 2296 30012 4474 848 189 25538
internal_count=53724 32444 2327 21280 16771 2275 530 30117 2296 30012 4474 848 189 25538
cat_boundaries=0 1
cat_threshold=33794
is_linear=0
shrinkage=0.035


Tree=335
num_leaves=15
num_cat=3
split_feature=9 22 32 17 33 20 5 23 32 4 6 22 3 15
split_gain=5.17877 11.0924 23.1827 10.5713 10.0967 14.7547 13.3466 13.2776 10.6634 9.53805 9.45191 9.44092 9.2327 10.7106
threshold=2377.5000000000005 1.3377372216410082 0 101.52437743670725 1 2325.3571428571436 15.950000000000001 0.98925945489760381 2 2.5500000000000003 560.75000000000011 0.65532947738070646 199.75000000000003 105.17500000000001
decision_type=10 10 1 10 1 10 8 10 1 10 10 8 10 2
left_child=4 3 -3 10 5 -1 7 -7 -8 -9 11 -2 13 -10
right_child=1 2 -4 -5 -6 6 8 9 12 -11 -12 -13 -14 -15
leaf_value=-0.012631427821006841 0.015547446420028647 -0.10137876872346867 0.0084222077355789182 0.52744550028807113 -5.3690137392432564e-05 0.0040790062774230303 -0.025816819036889753 -0.004167964470993369 -0.0032753645026463033 0.0011095658156568423 -0.35020437970612878 0.0020644855849843305 -0.21964578852469702 0.30885831391747426
leaf_weight=1133 309 261 562 705 37795 711 1011 103 1015 332 254 8966 338 229
leaf_count=1133 309 261 562 705 37795 711 1011 103 1015 332 254 8966 338 229
internal_value=-3.25709e-05 0.000642289 -0.00325483 0.000957125 -0.000207513 -0.00170452 -0.000645032 0.00249348 -0.00203426 -0.00230682 0.00064978 0.000833513 -0.000219161 0.00117694
internal_weight=53724 11057 823 10234 42667 4872 3739 1146 2593 435 9529 9275 1582 1244
internal_count=53724 11057 823 10234 42667 4872 3739 1146 2593 435 9529 9275 1582 1244
cat_boundaries=0 1 2 3
cat_threshold=46085 4 41832
is_linear=0
shrinkage=0.035


Tree=336
num_leaves=15
num_cat=1
split_feature=10 1 0 6 1 16 23 16 32 23 23 0 13 0
split_gain=5.28186 22.7783 22.1178 17.694 17.4252 18.8309 12.844 16.3441 14.3216 12.7218 11.8831 12.7025 14.105 30.6286
threshold=36.945238095238103 42.050000000000004 87.050000000000011 37.050000000000004 26.550000000000004 5.0066622281381763 0.97112652953550838 10.839741694339406 0 0.51811528013180297 0.13344941042644634 36.100000000000009 82.52500000000002 99.750000000000014
decision_type=8 8 10 8 10 10 8 10 1 10 8 8 8 8
left_child=4 2 3 -2 5 -1 8 -8 -5 -7 -3 -12 -13 -14
right_child=1 10 -4 6 -6 9 7 -9 -10 -11 11 12 13 -15
leaf_value=0.00033789403058483104 -0.074433262424138891 0.71785616936053909 0.57060097204936 0.052381642695598016 0.011208192974613384 -0.062436699239608283 -0.021070108770938172 -0.19259631316034756 -0.01891140568199056 -0.0071513976039388992 -0.081919822105448709 0.0083093850257292701 -0.072821785647523576 -0.0029038005925482936
leaf_weight=14475 641 106 79 226 4509 628 436 172 509 1668 438 8761 1959 19117
leaf_count=14475 641 106 79 226 4509 628 436 172 509 1668 438 8761 1959 19117
internal_value=-4.03879e-05 -0.000321427 -0.00387573 -0.00461036 0.000388067 -0.000131438 -0.00231083 -0.0060522 0.000804054 -0.00307258 -7.94774e-05 -0.000121367 -3.40125e-05 -0.000524643
internal_weight=53724 32444 2063 1984 21280 16771 1343 608 735 2296 30381 30275 29837 21076
internal_count=53724 32444 2063 1984 21280 16771 1343 608 735 2296 30381 30275 29837 21076
cat_boundaries=0 1
cat_threshold=8530
is_linear=0
shrinkage=0.035


Tree=337
num_leaves=15
num_cat=1
split_feature=21 17 26 32 22 20 23 3 2 1 16 22 22 1
split_gain=5.06934 6.80727 4.92224 10.4676 10.6776 12.8522 11.6792 11.2783 11.0528 11.0065 13.2742 10.3116 9.2386 8.74206
threshold=3229.576539855073 6.117535649608306 91.500000000000014 0 0.93503786485435969 2660.3571428571436 0.54484478475140519 12.550000000000002 2.5500000000000003 601.00000000000011 46.69203106738015 0.70845910833487569 1.6741816458481436 200.75000000000003
decision_type=2 10 2 1 10 10 10 10 10 8 10 10 10 8
left_child=2 -2 3 12 6 -6 8 -7 -5 10 -10 -8 -1 -9
right_child=1 -3 -4 4 5 7 11 13 9 -11 -12 -13 -14 -15
leaf_value=0.0018371953241217765 0.011246705582756632 -0.054511579568305317 0.00031978100151183855 -0.043850687374799538 -0.010622499348351104 -0.0069016485233687084 0.05630423325234532 -0.019161365462538136 -0.0062969899098133534 0.054537566565700808 -0.53135942723860041 0.00092039072034903139 -0.16601534808783613 -0.17635698858237289
leaf_weight=6741 144 58 39721 120 3499 70 265 299 556 154 112 1686 150 149
leaf_count=6741 144 58 39721 120 3499 70 265 299 556 154 112 1686 150 149
internal_value=-5.60219e-05 0.00541063 -7.71573e-05 -0.000646458 -0.00160722 -0.00277598 1.20773e-05 -0.00789675 -0.00317846 -0.00169287 -0.00364042 0.00155675 0.000319288 -0.00571744
internal_weight=53724 202 53522 13801 6910 4017 2893 518 942 822 668 1951 6891 448
internal_count=53724 202 53522 13801 6910 4017 2893 518 942 822 668 1951 6891 448
cat_boundaries=0 1
cat_threshold=45426
is_linear=0
shrinkage=0.035


Tree=338
num_leaves=15
num_cat=3
split_feature=10 0 1 16 6 13 24 32 32 30 14 4 32 5
split_gain=4.92863 30.3665 23.4648 23.8199 23.0019 15.6472 13.6329 13.5948 11.4678 11.351 11.3992 25.8174 18.1908 13.1213
threshold=31.530952380952382 32.050000000000004 26.550000000000004 13.45185418297938 47.550000000000004 90.050000000000011 3.5000000000000004 0 1 -0.99864786094873803 37.025000000000006 35.100000000000009 2 23.100000000000005
decision_type=8 8 10 10 10 8 2 1 1 2 8 8 1 8
left_child=2 4 3 6 7 8 -1 -2 -6 -3 12 -12 -11 -14
right_child=1 9 -4 -5 5 -7 -8 -9 -10 10 11 -13 13 -15
leaf_value=-0.0010852999297786237 -0.072132362837126679 -0.076780201584184721 0.016267734937820473 -0.17811970765228033 0.050407210423502338 1.2330227474173434 0.0018312639188111947 -0.038231033852063494 -0.074113732644240884 0.029418305643058924 -0.055131746605580866 0.00016886799143144061 -0.082354959044412215 0.0086446938795668709
leaf_weight=10037 355 518 2502 108 112 58 6024 598 204 858 1275 29849 190 1036
leaf_count=10037 355 518 2502 108 112 58 6024 598 204 858 1275 29849 190 1036
internal_value=-6.38389e-05 -0.000308489 0.000395427 -9.30506e-05 -0.00549174 0.00184697 1.96066e-05 -0.00836639 -0.00130841 -0.000103762 -2.31837e-05 -0.00019114 0.00247966 -0.000282031
internal_weight=53724 35053 18671 16169 1327 374 16061 953 316 33726 33208 31124 2084 1226
internal_count=53724 35053 18671 16169 1327 374 16061 953 316 33726 33208 31124 2084 1226
cat_boundaries=0 1 2 3
cat_threshold=476 5378 32993
is_linear=0
shrinkage=0.035


Tree=339
num_leaves=15
num_cat=0
split_feature=17 10 1 23 4 10 5 26 8 26 29 1 0 4
split_gain=4.93655 10.0049 17.0035 20.9632 14.4126 15.6306 14.3792 13.9617 12.6936 12.3869 12.031 10.6807 10.2941 9.93101
threshold=0.70192278800603503 14.491666666666669 17.550000000000004 0.48712384133508008 34.900000000000006 12.016666666666667 26.650000000000002 260.50000000000006 1.8879166424955955 126.50000000000001 0.17646842360078763 11.550000000000002 8.0500000000000025 25.100000000000005
decision_type=10 8 8 10 8 10 10 2 2 2 2 10 10 10
left_child=-1 4 3 9 5 -2 8 -6 -5 -3 -8 12 -7 -10
right_child=1 2 -4 6 7 11 10 -9 13 -11 -12 -13 -14 -15
leaf_value=-0.00063564285365286027 0.0010239774166519422 -0.09424852974020842 -0.00038755597451508808 0.02103843749470137 -0.011220236637920258 -0.047219279108314943 -0.0080720071949476734 0.011476751763131624 -0.018077914268400976 -0.024898263499179701 0.074130702550429903 0.0167647044060476 0.007208728575758939 0.04419753651705547
leaf_weight=2020 5760 184 42575 53 353 83 124 75 860 243 143 783 370 98
leaf_count=2020 5760 184 42575 53 353 83 124 75 860 243 143 783 370 98
internal_value=-6.77474e-05 -1.35373e-06 -0.000200745 -0.00362281 0.00118724 0.00156978 -0.00136399 -0.00501155 -0.00327264 -0.0102894 0.00579044 0.00513296 0.000840611 -0.00421599
internal_weight=53724 51704 44280 1705 7424 6996 1278 428 1011 427 267 1236 453 958
internal_count=53724 51704 44280 1705 7424 6996 1278 428 1011 427 267 1236 453 958
is_linear=0
shrinkage=0.035


Tree=340
num_leaves=15
num_cat=0
split_feature=16 16 15 20 1 10 1 0 29 15 14 5 16 6
split_gain=4.70886 6.312 10.2375 18.9629 11.6401 10.0609 16.3666 19.2148 15.5329 15.3279 13.5299 13.0124 10.7508 8.76917
threshold=1.0000000180025095e-35 0.54772255750852961 29.725000000000005 3131.8333333333335 4.4500000000000011 14.008333333333335 15.050000000000002 9.0500000000000025 0.21022171450811275 13.550000000000002 16.525000000000002 12.100000000000001 7.5806771905062194 14.050000000000002
decision_type=8 10 2 8 8 10 8 10 2 2 10 10 10 10
left_child=-1 2 3 4 -2 9 7 8 -7 12 -9 -12 13 -3
right_child=1 5 -4 -5 -6 6 -8 10 -10 -11 11 -13 -14 -15
leaf_value=0.0036174294228270192 0.00027581390442721403 0.001620187155822613 0.086292243342820346 -0.0064320511943664199 -0.0035863790048901393 -0.019852707862293276 -0.00061824245079140645 -0.017367790551437313 -0.09765746477956104 0.015310771747935921 -0.088565568579701451 0.025160710236049842 -0.049275363293456227 -0.0060222074729942817
leaf_weight=73 944 5848 55 101 901 118 43249 392 146 752 80 440 71 554
leaf_count=73 944 5848 55 101 901 118 43249 392 146 752 80 440 71 554
internal_value=-6.77474e-05 -8.02333e-05 -0.00200648 -0.00243977 -0.00160811 -5.42058e-06 -0.000202453 -0.00426757 -0.0124907 0.00120539 -0.00183206 0.00186667 0.000653751 0.000808491
internal_weight=53724 53651 2001 1946 1845 51650 44425 1176 264 7225 912 520 6473 6402
internal_count=53724 53651 2001 1946 1845 51650 44425 1176 264 7225 912 520 6473 6402
is_linear=0
shrinkage=0.035


Tree=341
num_leaves=15
num_cat=0
split_feature=16 17 10 11 17 1 9 9 22 29 2 22 4 26
split_gain=4.70173 5.28128 9.62582 12.3134 9.08106 12.5848 12.481 8.7625 8.10806 7.76551 6.26776 7.89935 6.71159 8.32719
threshold=1.0000000180025095e-35 0.70192278800603503 4.0071428571428589 8.0954545454545492 0.8799965522561487 3.0500000000000003 1402.5000000000002 2482.5000000000005 1.1160902993564019 0.44505654568748165 3.9500000000000006 0.864379516098436 6.5500000000000007 105.50000000000001
decision_type=8 10 8 10 10 10 8 10 10 2 8 10 10 2
left_child=-1 2 7 8 5 6 -3 -2 -4 -8 -7 -12 -13 -14
right_child=1 4 3 -5 -6 10 9 -9 -10 -11 11 12 13 -15
leaf_value=0.0034908193930280797 0.00029951745596147828 0.012651539359347562 -0.0045198017491706469 0.0078437000569076942 -0.00030453975797986035 -0.0056223369714990647 -7.5870579533301465e-05 -0.0018167757156284238 -0.016316429613939101 -0.011175096053998456 -0.001299153551301613 0.011379191852188723 -0.0059648153058992435 0.014536258798991421
leaf_weight=73 972 52 732 82 50813 63 129 131 76 99 81 236 55 130
leaf_count=73 972 52 732 82 50813 63 129 131 76 99 81 236 55 130
internal_value=-6.12332e-05 -7.37103e-05 -0.00183934 -0.00453631 -5.41974e-06 0.00358235 -0.00245614 0.000347473 -0.00585486 -0.00600858 0.00657018 0.00786982 0.009777 0.00460526
internal_weight=53724 53651 1993 890 51658 845 280 1103 808 228 565 502 421 185
internal_count=53724 53651 1993 890 51658 845 280 1103 808 228 565 502 421 185
is_linear=0
shrinkage=0.035


Tree=342
num_leaves=15
num_cat=0
split_feature=16 17 10 11 9 22 10 1 0 1 2 9 4 26
split_gain=4.70173 5.07377 8.77894 12.0138 8.63074 8.38457 8.34323 17.243 20.6457 13.5603 20.9733 11.3858 10.9897 15.1399
threshold=1.0000000180025095e-35 0.70192278800603503 4.0071428571428589 8.0954545454545492 2482.5000000000005 1.1160902993564019 15.323809523809526 17.550000000000004 16.050000000000004 15.050000000000002 8.5500000000000025 1032.5000000000002 34.900000000000006 260.50000000000006
decision_type=8 10 8 10 10 10 8 8 10 10 10 8 8 2
left_child=-1 2 4 5 -2 -4 9 8 11 12 -11 -8 -3 -14
right_child=1 6 3 -5 -6 -7 7 -9 -10 10 -12 -13 13 -15
leaf_value=0.0033686407142721046 0.00028903434500282711 0.0016081607851947234 -0.0043616086879496854 0.0075691705549159214 -0.0017531885655814284 -0.015745354577451239 0.013995712093685456 -0.00052461061720513239 0.00065357722262963773 -0.0239577610134484 0.041992950965315287 -0.035845259358997003 -0.010749799156520422 0.010802317001766544
leaf_weight=73 972 7049 732 82 131 76 65 42408 700 101 254 653 351 77
leaf_count=73 972 7049 732 82 131 76 65 42408 700 101 254 653 351 77
internal_value=-6.12332e-05 -7.37103e-05 -0.0018043 -0.00437989 0.000284296 -0.00568266 -6.77467e-06 -0.000194839 -0.00398454 0.00104504 0.00768056 -0.00813278 0.000725074 -0.00468822
internal_weight=53724 53651 1993 890 1103 808 51658 43826 1418 7832 355 718 7477 428
internal_count=53724 53651 1993 890 1103 808 51658 43826 1418 7832 355 718 7477 428
is_linear=0
shrinkage=0.035


Tree=343
num_leaves=15
num_cat=3
split_feature=10 0 6 1 16 13 32 32 32 0 4 16 24 13
split_gain=4.8349 28.1558 22.8552 22.2443 22.9955 15.2885 13.7988 12.3202 12.0887 18.616 12.6821 12.1433 11.3378 11.2245
threshold=31.530952380952382 32.050000000000004 47.550000000000004 28.050000000000004 13.45185418297938 90.050000000000011 0 1 2 28.100000000000005 18.050000000000004 5.7503623074287509 3.5000000000000004 28.025000000000002
decision_type=8 8 10 10 10 8 1 1 1 8 10 10 2 10
left_child=3 2 6 4 12 7 -2 -4 10 13 -5 -11 -1 -10
right_child=1 -3 5 8 -6 -7 -8 -9 9 11 -12 -13 -14 -15
leaf_value=-0.00079410039097416185 -0.069543506929810345 -0.0010482580414606347 0.046988396256312001 -0.04164970336052929 -0.1715770045640044 1.1899311744657539 -0.036828724459224131 -0.07372729852477404 0.020403379618127267 0.047094294415252098 0.013746976828645032 0.027488074009990912 0.0017786928106979885 -0.050402515655354016
leaf_weight=10417 355 33726 122 134 109 58 598 194 143 481 792 177 6318 100
leaf_count=10417 355 33726 122 134 109 58 598 194 143 481 792 177 6318 100
internal_value=-4.82049e-05 -0.000290519 -0.00528153 0.000406672 8.3091e-06 0.00203166 -0.00814718 -0.00109034 0.00406932 0.00691594 0.00119022 0.0100302 0.000114994 -0.00127016
internal_weight=53724 35053 1327 18671 16844 374 953 316 1827 901 926 658 16735 243
internal_count=53724 35053 1327 18671 16844 374 953 316 1827 901 926 658 16735 243
cat_boundaries=0 1 2 3
cat_threshold=476 5382 26126
is_linear=0
shrinkage=0.035


Tree=344
num_leaves=15
num_cat=3
split_feature=10 1 0 22 1 16 0 32 13 0 32 19 0 32
split_gain=5.04294 24.2694 21.3599 16.2071 16.0702 15.3446 14.0531 16.4283 15.5319 18.5818 15.3138 14.1932 11.9234 11.4471
threshold=36.945238095238103 42.050000000000004 118.10000000000001 0.92338654166271406 28.050000000000004 5.0066622281381763 28.100000000000005 0 30.050000000000004 36.100000000000009 1 22.012500000000003 39.050000000000004 2
decision_type=8 8 10 8 10 10 8 1 10 10 1 10 10 1
left_child=4 2 3 -2 5 -1 10 8 12 -10 -6 -9 -8 -7
right_child=1 -3 -4 -5 6 13 7 11 9 -11 -12 -13 -14 -15
leaf_value=0.00038209971900710521 -0.0068353057546717199 -0.0010131798257563675 1.11874227509338 -0.057629025286702287 -0.031815940324016717 0.010439418661368532 0.054321949637087245 -0.074883889822441652 0.0031436289219427494 0.064579234345656655 0.022379022040004932 0.008796699342910658 -0.018847652025835483 -0.02006312933415522
leaf_weight=15036 836 30381 52 1175 412 489 471 104 843 345 310 1229 59 1982
leaf_count=15036 836 30381 52 1175 412 489 471 104 843 345 310 1229 59 1982
internal_value=-3.38737e-05 -0.000308484 -0.00397727 -0.00456597 0.000384778 -6.19575e-05 0.002455 0.00349313 0.00573572 0.00352054 -0.00192572 0.000545252 0.010729 -0.00261511
internal_weight=53724 32444 2063 2011 21280 17507 3773 3051 1718 1188 722 1333 530 2471
internal_count=53724 32444 2063 2011 21280 17507 3773 3051 1718 1188 722 1333 530 2471
cat_boundaries=0 1 2 3
cat_threshold=37109 45213 25633
is_linear=0
shrinkage=0.035


Tree=345
num_leaves=15
num_cat=1
split_feature=22 32 29 0 20 23 2 26 4 15 9 19 4 23
split_gain=5.09376 14.0234 13.5068 11.3837 14.1477 13.879 13.1858 9.46267 8.35619 6.7977 6.47587 10.7419 5.53135 5.29205
threshold=1.6741816458481436 0 0.89404822654372251 51.850000000000001 2276.8333333333335 2.1938679142639539 23.100000000000005 105.50000000000001 40.250000000000007 29.725000000000005 1997.5000000000002 237.58333333333334 7.0500000000000007 1.2062900538780637
decision_type=8 1 2 10 8 10 8 2 8 2 10 10 10 10
left_child=13 2 -2 4 12 10 -6 -4 -7 -8 -5 -12 -3 -1
right_child=1 3 7 5 6 8 9 -9 -10 -11 11 -13 -14 -15
leaf_value=-0.00044456298384887299 -0.25236943646431309 0.0034530979160904075 -0.16550041016547995 -0.28889756744373335 0.032412502670072271 -0.16778155850622681 -0.1065409584410522 2.0713361921130167 0.35191511436779327 0.012789732391804432 0.013468400464244327 -1.5870327830362516 0.1729213944769506 0.0041485685116789033
leaf_weight=43490 304 76 53 102 52 90 90 62 162 61 89 52 146 8895
leaf_count=43490 304 76 53 102 52 90 90 62 162 61 89 52 146 8895
internal_value=-3.38737e-05 -0.00216146 -0.00733871 0.000299465 0.00447674 -0.00329 -0.0021875 0.002625 0.00245136 -0.00740385 -0.00917339 -0.00407534 0.0104846 2.07101e-05
internal_weight=53724 1339 419 920 425 495 203 115 252 151 243 141 222 52385
internal_count=53724 1339 419 920 425 495 203 115 252 151 243 141 222 52385
cat_boundaries=0 1
cat_threshold=23300
is_linear=0
shrinkage=0.035


Tree=346
num_leaves=15
num_cat=2
split_feature=24 32 32 16 1 16 0 4 0 2 8 8 5 29
split_gain=5.24121 34.2261 12.6912 11.486 15.2096 10.4002 9.84229 25.9364 9.36454 11.1092 10.2267 9.15569 7.90611 7.82072
threshold=5.5000000000000009 0 1 9.9999999999999059 9.0500000000000025 1.0488088481701603 159.80000000000004 70.250000000000014 23.950000000000003 78.050000000000011 4.2820268877116776 2.4136780385345364 7.5500000000000007 -0.96235977360714686
decision_type=2 1 1 8 8 8 10 8 10 8 2 2 8 2
left_child=-1 6 12 4 -4 -6 7 -2 11 10 -10 -7 -3 -5
right_child=1 2 3 13 5 8 -8 -9 9 -11 -12 -13 -14 -15
leaf_value=0.00022322955890264785 -0.41532510021794544 0.017405068453754086 -0.0060922168812201629 -0.40718785367358595 0.030699901342673998 -0.0036132916127607122 -2.5219050600594741 0.19910861971595994 0.028057629694060077 0.029544978317824013 -0.038946442373470239 0.028904849923665436 0.011231975307971358 -0.099925248303950068
leaf_weight=49358 66 53 294 85 71 85 127 71 143 226 383 452 1278 1032
leaf_count=49358 66 53 294 85 71 85 127 71 143 226 383 452 1278 1032
internal_value=-2.3451e-05 -0.00118508 -0.000374059 -0.00172111 0.000126582 0.00169231 -0.0130466 -0.00665493 0.000946677 -0.00157199 -0.00435028 0.00445572 0.00241828 -0.00446078
internal_weight=53724 4366 4102 2771 1654 1360 264 137 1289 752 526 537 1331 1117
internal_count=53724 4366 4102 2771 1654 1360 264 137 1289 752 526 537 1331 1117
cat_boundaries=0 1 2
cat_threshold=1024 2496
is_linear=0
shrinkage=0.035


Tree=347
num_leaves=15
num_cat=3
split_feature=21 17 1 24 32 21 1 23 32 0 22 20 29 33
split_gain=5.00432 6.80727 4.74226 4.73839 34.4493 11.4758 14.2199 10.7602 10.489 14.9957 10.8982 11.9379 9.06419 8.05026
threshold=3229.576539855073 6.117535649608306 8.0500000000000025 5.5000000000000009 0 1068.2971014492757 5.0500000000000007 1.0032984379131624 1 4.9500000000000011 0.87751187565618982 1587.6785714285718 -0.67166439702596292 2
decision_type=2 10 10 2 1 2 10 8 1 10 10 8 2 1
left_child=3 2 -2 13 7 -6 12 -5 10 -10 11 -8 -7 -1
right_child=1 -3 -4 4 5 6 8 -9 9 -11 -12 -13 -14 -15
leaf_value=0.0054410190621962022 0.00039525234673021606 -0.051864448132643896 0.035177962277169163 -0.30623547226699066 -0.027992860143626744 0.0007426998300887345 0.080800301564653981 -1.1151410960175263 0.067832185186515376 0.011443877621558933 -0.02516222526765554 0.0012929965507861097 -0.011711358894020455 -0.00065781503165439413
leaf_weight=12480 72 58 72 113 690 113 95 151 100 1501 1043 344 207 36685
leaf_count=12480 72 58 72 113 690 113 95 151 100 1501 1043 344 207 36685
internal_value=-2.08454e-05 0.00541063 0.00939597 -4.1848e-05 -0.00114741 -0.000332278 0.000503228 -0.0130466 0.00123543 0.00318379 -0.000888444 0.00370495 -0.00646154 5.62335e-05
internal_weight=53724 202 144 53522 4357 4093 3403 264 3083 1601 1482 439 320 49165
internal_count=53724 202 144 53522 4357 4093 3403 264 3083 1601 1482 439 320 49165
cat_boundaries=0 1 2 3
cat_threshold=1024 36888 2
is_linear=0
shrinkage=0.035


Tree=348
num_leaves=15
num_cat=0
split_feature=21 1 16 16 16 15 20 30 23 10 1 0 1 2
split_gain=5.63412 6.53919 4.67485 5.35997 10.9026 14.3352 10.9311 8.30485 11.4947 7.3568 15.3394 18.2867 13.1962 16.6411
threshold=3229.576539855073 54.050000000000004 1.0000000180025095e-35 0.54772255750852961 0.51639777949432109 28.075000000000003 2535.9166666666674 -0.56369940867848845 0.98925945489760381 15.323809523809526 17.550000000000004 15.950000000000001 15.050000000000002 8.5500000000000025
decision_type=2 8 8 10 8 2 8 2 8 10 8 10 10 10
left_child=2 -2 -1 4 7 6 -6 8 -4 12 11 -11 -5 -14
right_child=1 -3 3 9 5 -7 -8 -9 -10 10 -12 -13 13 -15
leaf_value=0.0032058807467139384 0.0099628640130099561 -0.0072210490008836779 0.0022587297783781316 0.0011204061445059988 -0.0063548946054449102 0.063556144738663653 -0.035204510450063564 -0.00078425621000909117 -0.00043765953158456886 -0.034655726440288373 -0.00037002510735945299 -0.00030850189721221005 -0.021764199754389077 0.040429828118773069
leaf_weight=73 143 59 248 7442 384 51 70 912 315 648 42273 757 99 250
leaf_count=73 143 59 248 7442 384 51 70 912 315 648 42273 757 99 250
internal_value=-1.43312e-05 0.00574879 -3.6617e-05 -4.91076e-05 -0.00183375 -0.0062451 -0.00823529 -0.000307432 0.00301937 1.97187e-05 -0.00015704 -0.00374823 0.00101013 0.00761299
internal_weight=53724 202 53522 53449 1980 505 454 1475 563 51469 43678 1405 7791 349
internal_count=53724 202 53522 53449 1980 505 454 1475 563 51469 43678 1405 7791 349
is_linear=0
shrinkage=0.035


Tree=349
num_leaves=15
num_cat=4
split_feature=20 22 23 33 30 22 6 24 32 32 23 4 32 3
split_gain=4.94374 17.987 14.4271 8.74113 13.8301 13.4825 13.3603 13.2453 14.4015 13.0714 16.3831 13.5432 12.4464 14.6138
threshold=829.2261904761906 0.64433746342902809 0.53097034152342515 0 0.84658398682345093 0.8940304028713254 310.50000000000006 5.5000000000000009 1 2 0.68949216527613888 30.100000000000005 3 441.50000000000006
decision_type=10 8 10 1 2 10 8 2 1 1 10 10 1 8
left_child=1 2 -1 4 5 -2 9 8 -8 10 11 -7 -6 -14
right_child=3 -3 -4 -5 12 6 7 -9 -10 -11 -12 -13 13 -15
leaf_value=0.015716602950013262 0.015647192547051818 -0.020571240030417499 0.24383981680999287 -0.00049834974331178119 0.095701649489578211 -0.044698600205003103 -0.031184979400577791 -0.16152696046789658 0.11339672069048565 0.0017889007676160952 -0.03640926848389045 0.13022037786288237 0.052038025357983464 -0.47672882259189497
leaf_weight=190 2089 2997 81 39791 541 79 251 132 602 3393 2307 317 836 118
leaf_count=190 2089 2997 81 39791 541 79 251 132 602 3393 2307 317 836 118
internal_value=-7.81701e-06 -0.001326 0.00722826 7.76838e-05 0.00096676 0.000457766 -0.000271662 0.0035 0.00509907 -0.000883462 -0.00269132 0.0038404 0.00408333 0.00158927
internal_weight=53724 3268 271 50456 10665 9170 7081 985 853 6096 2703 396 1495 954
internal_count=53724 3268 271 50456 10665 9170 7081 985 853 6096 2703 396 1495 954
cat_boundaries=0 1 2 3 4
cat_threshold=2 21128 42758 38483
is_linear=0
shrinkage=0.035


Tree=350
num_leaves=15
num_cat=1
split_feature=10 1 0 1 6 0 13 16 9 13 24 20 32 16
split_gain=5.00287 22.0631 20.958 16.1862 16.0287 15.3034 15.234 14.3386 11.1483 13.1162 10.985 12.8619 15.7762 20.1325
threshold=36.945238095238103 42.050000000000004 118.10000000000001 28.050000000000004 37.050000000000004 26.650000000000002 28.550000000000004 5.0066622281381763 2452.5000000000005 36.550000000000004 1.0000000180025095e-35 2291.8333333333335 0 17.888543819998215
decision_type=8 8 10 10 8 8 10 10 10 10 2 8 1 10
left_child=3 2 4 7 -2 -5 -7 -1 9 -8 11 12 13 -3
right_child=1 10 -4 5 -6 6 8 -9 -10 -11 -12 -13 -14 -15
leaf_value=0.00041556276968250709 -0.069719219015081685 -0.072441039714990871 1.0796453054685113 -0.01731568317609309 -0.019626089303895092 0.049041232303917666 0.0003179512504663862 -0.014205938722568577 0.018611293723659109 0.054957471005252917 -0.0057670124982868035 -0.028962867986424962 0.028815430714511907 1.32190655451774
leaf_weight=15036 645 83 52 496 1366 530 1895 2471 634 218 25848 1382 2786 282
leaf_count=15036 645 83 52 496 1366 530 1895 2471 634 218 25848 1382 2786 282
internal_value=-2.60567e-06 -0.000276126 -0.00377418 0.000414376 -0.00435764 0.00249206 0.00335923 -3.39767e-05 0.00230196 0.00107413 -3.80109e-05 0.00155024 0.00278359 0.00948684
internal_weight=53724 32444 2063 21280 2011 3773 3277 17507 2747 2113 30381 4533 3151 365
internal_count=53724 32444 2063 21280 2011 3773 3277 17507 2747 2113 30381 4533 3151 365
cat_boundaries=0 1
cat_threshold=1024
is_linear=0
shrinkage=0.035


Tree=351
num_leaves=15
num_cat=0
split_feature=10 1 0 1 15 16 0 13 11 3 0 1 21 17
split_gain=4.76744 21.6764 20.4103 15.3002 14.1876 13.9915 13.4635 14.4907 12.5431 11.2885 46.3153 16.7275 15.3653 12.7323
threshold=36.945238095238103 44.100000000000009 118.10000000000001 28.050000000000004 37.050000000000004 13.45185418297938 26.650000000000002 28.550000000000004 42.379807692307701 20.100000000000005 17.550000000000004 15.050000000000002 3000.1041666666674 16.443866868082811
decision_type=8 8 10 10 2 10 8 10 10 10 10 10 2 10
left_child=3 2 4 5 8 9 -5 -8 -2 11 -11 -1 13 -12
right_child=1 -3 -4 6 -6 -7 7 -9 -10 10 12 -13 -14 -15
leaf_value=-1.0310098083907705e-05 -0.054978702118044544 -0.00034547201557067809 1.0418577197771137 -0.016709634264929819 -0.017063251247608061 -0.13559755560867048 0.047324789173280563 0.0099301200076268269 -0.17193945206519745 -0.031918334546802776 0.00016940403304158914 0.0097904172831653116 0.065121539436533704 0.091882998726939849
leaf_weight=10371 460 30117 52 496 1745 160 530 2747 70 1178 3252 2437 58 51
leaf_count=10371 460 30117 52 496 1745 160 530 2747 70 1178 3252 2437 58 51
internal_value=-9.11984e-06 -0.000276126 -0.00352702 0.000397933 -0.00403728 -3.7974e-05 0.00241795 0.00323126 -0.00902804 5.84947e-05 -0.00144036 0.000590026 0.00065508 0.000327993
internal_weight=53724 32444 2327 21280 2275 17507 3773 3277 530 17347 4539 12808 3361 3303
internal_count=53724 32444 2327 21280 2275 17507 3773 3277 530 17347 4539 12808 3361 3303
is_linear=0
shrinkage=0.035


Tree=352
num_leaves=15
num_cat=3
split_feature=3 4 32 32 3 22 24 4 32 29 21 30 5 0
split_gain=4.8756 17.1899 18.7557 15.7606 21.3579 18.0189 17.2403 14.8662 14.8652 15.2961 13.6284 13.3166 13.1839 12.4688
threshold=230.50000000000003 169.75000000000003 0 1 682.50000000000011 0.55273152394362557 4.5000000000000009 350.75000000000006 2 0.97508442350096236 1206.5608695652174 -0.88220415136009767 240.25000000000003 370.50000000000006
decision_type=8 10 1 1 10 8 2 8 1 2 2 2 8 8
left_child=1 -1 -3 4 7 13 8 10 9 -7 -2 -9 -12 -5
right_child=3 2 -4 5 -6 6 -8 11 -10 -11 12 -13 -14 -15
leaf_value=-1.5095367570212571e-05 -0.063481029245033724 0.17793160751323842 0.028238869275509445 -0.041211927372569769 -1.562050353050271 0.39096301043788662 -0.029430974816312367 -0.4537997017533047 0.0051666821356681795 2.9932278765117903 -0.0070472700347701386 -0.13667149024719152 0.11813041243993583 -0.96229411956527044
leaf_weight=39169 366 801 1736 186 117 1150 2322 122 5848 86 656 517 517 131
leaf_count=39169 366 801 1736 186 117 1150 2322 122 5848 86 656 517 517 131
internal_value=-7.81701e-06 0.000171178 0.00296027 -0.000628795 -0.00322727 -1.07825e-05 0.000267772 -0.00243701 0.00112569 0.00458833 -0.00056671 -0.00690217 0.00127759 -0.00815217
internal_weight=53724 41706 2537 12018 2295 9723 9406 2178 7084 1236 1539 639 1173 317
internal_count=53724 41706 2537 12018 2295 9723 9406 2178 7084 1236 1539 639 1173 317
cat_boundaries=0 1 2 3
cat_threshold=24724 24610 1024
is_linear=0
shrinkage=0.035


Tree=353
num_leaves=15
num_cat=1
split_feature=13 0 1 32 0 6 0 23 14 23 4 8 10 30
split_gain=5.05386 34.8014 23.843 17.104 22.6316 15.2278 13.4247 12.3689 12.1187 11.6666 19.9842 10.3967 10.3618 10.3032
threshold=117.80000000000001 120.25000000000001 127.75000000000001 0 124.25000000000001 85.050000000000011 62.600000000000009 0.96145939372814027 160.25000000000003 2.0739180411378979 64.90000000000002 23.122155121760866 120.04166666666667 -0.8901731938066898
decision_type=8 10 8 1 10 8 8 8 10 8 8 2 10 2
left_child=1 -1 3 7 12 9 -7 -2 -6 -4 -11 -3 -5 -8
right_child=2 11 5 4 8 6 13 -9 -10 10 -12 -13 -14 -15
leaf_value=0.00016404997333155483 0.21598402281320789 0.32576917905887698 -0.20473692778164088 -0.068461498867691914 -0.06563861240596823 2.0722205064185024 -0.066123667545824105 -0.10105666879490301 0.66017148701416739 -0.25317653160368481 0.20094742286200346 0.23341255754496248 -0.30041129600427707 0.021768399567489213
leaf_weight=36153 265 184 770 156 247 65 2386 467 60 105 242 379 364 11881
leaf_count=36153 265 184 770 156 247 65 2386 467 60 105 242 379 364 11881
internal_value=-1.5634e-05 0.000215408 -0.000514313 -0.00463235 -0.00802257 -9.73858e-05 0.000209946 -0.000655957 -0.000560897 -0.00402406 0.00129261 0.00881162 -0.0125333 0.000134879
internal_weight=53724 36716 17008 1559 827 15449 14332 732 307 1117 347 563 520 14267
internal_count=53724 36716 17008 1559 827 15449 14332 732 307 1117 347 563 520 14267
cat_boundaries=0 1
cat_threshold=9480
is_linear=0
shrinkage=0.035


Tree=354
num_leaves=15
num_cat=0
split_feature=16 16 1 15 16 22 29 6 6 9 24 14 10 15
split_gain=4.63068 5.02587 11.5464 12.3061 12.5561 15.6122 9.85293 7.89184 7.49459 10.7757 9.09675 7.20252 7.58147 14.6413
threshold=1.0000000180025095e-35 0.54772255750852961 4.4500000000000011 29.725000000000005 0.51639777949432109 1.0105355656276018 0.42958674266195179 6.0500000000000007 5.0500000000000007 2367.5000000000005 2.5000000000000004 1.3750000000000002 14.008333333333335 13.550000000000002
decision_type=8 10 8 2 8 10 2 8 10 8 2 10 10 2
left_child=-1 2 6 4 8 -6 -2 -7 -4 -10 -11 -3 13 -13
right_child=1 11 3 -5 5 7 -8 -9 9 10 -12 12 -14 -15
leaf_value=0.0030917199068872516 0.0011124578994960799 -0.017845647764964528 -0.0024832561696757718 0.083379501812676851 -0.017077779792783448 -0.0067813199280403616 -0.00089956536770165857 0.014557863300083211 0.0060901170825154432 0.0044876682964940214 -0.01635789705795376 0.00084840250493344548 -0.00078053403688735487 0.014591645068433582
leaf_weight=73 605 76 344 55 211 52 390 61 150 64 69 6438 44384 752
leaf_count=73 605 76 344 55 211 52 390 61 150 64 69 6438 44384 752
internal_value=3.9085e-06 -8.47995e-06 -0.00172732 -0.00436202 -0.00530858 -0.0108511 0.000945 -0.00029661 -0.00238133 0.00182292 -0.00532609 5.82712e-05 7.46428e-05 0.00112856
internal_weight=53724 53651 2001 1006 951 324 995 113 627 283 133 51650 51574 7190
internal_count=53724 53651 2001 1006 951 324 995 113 627 283 133 51650 51574 7190
is_linear=0
shrinkage=0.035


Tree=355
num_leaves=15
num_cat=2
split_feature=3 15 32 30 17 32 21 3 22 16 2 30 26 23
split_gain=4.40519 18.6231 16.8712 15.6551 15.5996 14.8451 14.2887 12.388 11.0982 14.3433 10.4522 12.0967 12.0061 10.9961
threshold=240.25000000000003 278.12500000000006 0 -0.45273527932988084 14.433756729740841 1 1024.6362433862435 250.50000000000003 0.63349840371956823 50.173327995434313 380.50000000000006 0.91852788691372023 283.50000000000006 0.85257315870794115
decision_type=8 2 1 2 8 1 2 8 10 8 10 2 2 10
left_child=1 -1 3 4 -2 -6 -5 -4 9 -9 -10 12 13 -12
right_child=2 -3 7 6 5 -7 -8 8 10 -11 11 -13 -14 -15
leaf_value=0.00023742446761374495 0.0050029959614852028 0.37635980574872802 -0.30071283378532759 -0.12931055953503842 -0.14005463948665167 -0.38942509116825547 0.0076811886286329498 0.027270912652739062 -0.0012528009363524273 -0.57219405741732698 0.65517156719805092 -0.21610395438547075 1.0971767124257805 0.02940646186560571
leaf_weight=41569 366 396 192 519 532 933 2305 140 3679 214 724 450 397 1308
leaf_count=41569 366 396 192 519 532 933 2305 140 3679 214 724 450 397 1308
internal_value=6.51417e-06 0.000174291 -0.000592061 -0.00222591 -0.00474673 -0.00635714 -0.000593849 0.000481809 0.00072864 -0.00526462 0.00105592 0.0026335 0.00360929 0.00250859
internal_weight=53724 41965 11759 4655 1831 1465 2824 7104 6912 354 6558 2879 2429 2032
internal_count=53724 41965 11759 4655 1831 1465 2824 7104 6912 354 6558 2879 2429 2032
cat_boundaries=0 1 2
cat_threshold=25146 528
is_linear=0
shrinkage=0.035


Tree=356
num_leaves=15
num_cat=3
split_feature=10 0 2 1 32 16 19 32 4 24 0 13 30 32
split_gain=4.42563 25.3906 21.7119 20.4787 20.0726 19.6667 16.9304 11.3585 12.1178 10.9596 10.854 13.305 10.4666 12.3774
threshold=31.530952380952382 32.050000000000004 89.65000000000002 28.050000000000004 0 13.45185418297938 27.258333333333336 1 18.050000000000004 3.5000000000000004 28.100000000000005 28.025000000000002 -0.99864786094873803 2
decision_type=8 8 10 10 1 10 10 1 10 2 8 10 2 1
left_child=3 2 4 5 -2 9 -6 10 -9 -1 11 -5 13 -3
right_child=1 12 -4 7 6 -7 -8 8 -10 -11 -12 -13 -14 -15
leaf_value=-0.00072605952966497088 -0.068262026308007304 0.010484713498612451 0.92869766669849063 0.022254559483768682 -0.14784647358371214 -0.15688181439404286 0.00060492643049123282 -0.028320699090246058 0.013284762457009746 0.0018920473827986758 0.03968923992773777 -0.047339703790330832 0.00038636519656467529 -0.12288045379176872
leaf_weight=10417 566 227 73 128 75 109 613 156 862 6318 595 86 33208 291
leaf_count=10417 566 227 73 128 75 109 613 156 862 6318 595 86 33208 291
internal_value=5.21134e-06 -0.000226624 -0.00496622 0.000440405 -0.00606037 5.81637e-05 -0.00189189 0.00395469 0.00142304 0.00015681 0.0070085 0.000319635 -3.94296e-05 -0.0049522
internal_weight=53724 35053 1327 18671 1254 16844 688 1827 1018 16735 809 214 33726 518
internal_count=53724 35053 1327 18671 1254 16844 688 1827 1018 16735 809 214 33726 518
cat_boundaries=0 1 2 3
cat_threshold=32989 37104 6548
is_linear=0
shrinkage=0.035


Tree=357
num_leaves=15
num_cat=1
split_feature=21 1 16 26 32 22 22 9 17 26 23 8 8 27
split_gain=4.36016 7.97773 9.8283 4.56627 10.0362 9.70917 9.55058 11.772 9.54611 9.80261 11.3816 9.15548 10.9993 13.8262
threshold=3229.576539855073 1.6500000000000001 3.8171386673438747 91.500000000000014 0 1.6741816458481436 0.88219178082191785 3102.5000000000005 174.66587125970975 29.500000000000004 0.70790020239852625 142.62135666079874 82.113577173232002 0.6078576107927941
decision_type=2 10 10 2 1 8 10 10 10 2 8 2 2 2
left_child=3 -2 -3 4 5 -1 8 11 -6 -10 -11 12 -8 -14
right_child=1 2 -4 -5 6 -7 7 -9 9 10 -12 -13 13 -15
leaf_value=0.0019173652839723934 -0.0022911030008458308 0.028648457819878237 0.00083567751304926231 0.00050747463631990568 0.0046655616107994296 -0.15224730211314669 -0.0096075483343978866 -0.060492582324075977 -0.77476088391390829 -0.51107395326001825 0.75700105028782039 0.60309335269507025 -0.63560192252884451 0.18417405986338214
leaf_weight=6738 58 69 75 39721 1839 153 4096 92 75 76 61 404 190 77
leaf_count=6738 58 69 75 39721 1839 153 4096 92 75 76 61 404 190 77
internal_value=2.60567e-06 0.00507246 0.00939597 -1.70008e-05 -0.000565334 0.000380104 -0.00150614 -0.002353 0.000493677 -0.00645161 -0.000739437 -0.00210499 -0.00257212 -0.00939338
internal_weight=53724 202 144 53522 13801 6891 6910 4859 2051 212 137 4767 4363 267
internal_count=53724 202 144 53522 13801 6891 6910 4859 2051 212 137 4767 4363 267
cat_boundaries=0 1
cat_threshold=45426
is_linear=0
shrinkage=0.035


Tree=358
num_leaves=15
num_cat=1
split_feature=16 21 21 7 23 32 21 0 28 29 6 10 8 29
split_gain=4.61795 4.68238 9.79084 10.9975 8.72512 24.9241 24.2854 16.4847 12.6561 12.5547 13.692 8.98191 11.1737 9.98362
threshold=1.0000000180025095e-35 2939.5643939393944 2900.1851851851857 99.632996632996651 0.95221930005433419 0 3000.1041666666674 60.150000000000006 -0.22252093395631442 0.93845596220871974 84.90000000000002 64.035714285714292 100.94668514758102 0.66527693225344786
decision_type=8 2 2 2 8 1 2 8 2 2 10 8 2 2
left_child=-1 2 -2 -4 6 7 11 -6 -8 -7 -11 -3 13 -13
right_child=1 4 3 -5 5 9 8 -9 -10 10 -12 12 -14 -15
leaf_value=0.0028912165831105588 -8.3937566051318644e-05 0.014913228748459739 -0.012335220845654461 -0.3419610208483061 0.08050178549534856 0.0023852313707308356 0.0075098980824669518 -0.22739409238362668 -0.033019715922087411 0.032490940570050718 -0.11774524691811053 0.45427566723253071 0.017393493390761919 0.24326385360396729
leaf_weight=73 50694 189 345 61 66 1170 186 332 159 133 51 131 64 70
leaf_count=73 50694 189 345 61 66 1170 186 332 159 133 51 131 64 70
internal_value=1.5634e-05 3.26152e-06 -6.98562e-05 -0.00545012 0.00146518 7.96813e-05 0.00448383 -0.00745763 -0.0025 0.00235208 0.0107407 0.00976035 0.0138704 0.0178398
internal_weight=53724 53651 51100 406 2551 1752 799 398 345 1354 184 454 265 201
internal_count=53724 53651 51100 406 2551 1752 799 398 345 1354 184 454 265 201
cat_boundaries=0 1
cat_threshold=260
is_linear=0
shrinkage=0.035


Tree=359
num_leaves=15
num_cat=0
split_feature=21 1 23 2 6 27 4 0 6 26 29 24 7 23
split_gain=4.5824 13.9932 11.0953 11.8125 8.96918 8.18243 7.30671 6.66326 6.14718 4.77135 11.0303 16.0281 12.1679 10.0426
threshold=3027.3863636363644 155.30000000000004 1.0614142850984958 99.750000000000014 2.9500000000000006 1.0000000180025095e-35 65.100000000000009 27.100000000000005 73.100000000000009 10.500000000000002 0.10837544681456425 3.5000000000000004 104.12826086956522 1.2376273802286397
decision_type=2 8 8 8 10 2 10 10 10 2 2 2 2 10
left_child=9 2 3 8 -4 7 -5 -6 -2 10 13 12 -12 -1
right_child=1 -3 4 6 5 -7 -8 -9 -10 -11 11 -13 -14 -15
leaf_value=0.017958475943490433 0.00084838181947967785 -0.057418286187662954 -0.0011583583829389377 0.00098719171240103194 0.043562921589931913 0.094870558248961359 -0.15252556751295901 -0.033524963786305401 0.095031003905994435 7.6894634707380674e-05 -0.032249191361834323 -0.15887584593976531 0.58470030741775258 -0.084529711879061123
leaf_weight=554 149 171 50 54 112 89 63 72 53 51835 96 247 81 98
leaf_count=554 149 171 50 54 112 89 63 72 53 51835 96 247 81 98
internal_value=1.04227e-05 0.00261002 0.00497682 0.000324074 0.00949695 0.0119604 -0.00831967 0.00740741 0.00541063 -2.97642e-05 -0.00233117 -0.00668998 0.00134615 0.000532725
internal_weight=53724 813 642 319 323 273 117 184 202 52911 1076 424 177 652
internal_count=53724 813 642 319 323 273 117 184 202 52911 1076 424 177 652
is_linear=0
shrinkage=0.035


Tree=360
num_leaves=15
num_cat=0
split_feature=21 1 23 2 6 22 20 3 6 2 23 6 14 4
split_gain=4.8701 11.8093 8.63496 9.91858 8.1443 6.89474 6.97275 6.33117 6.14718 5.71461 5.08453 5.81395 4.28059 8.32249
threshold=3027.3863636363644 155.30000000000004 1.0614142850984958 99.750000000000014 2.9500000000000006 1.1249257448704018 3033.7500000000005 83.90000000000002 73.100000000000009 78.050000000000011 0.89675329827265726 92.750000000000014 3225.0000000000005 2215.0000000000005
decision_type=2 8 8 8 10 10 10 8 10 8 10 8 10 10
left_child=12 2 3 8 -4 9 -7 -5 -2 -6 -3 -12 13 -1
right_child=1 10 4 7 5 6 -8 -9 -10 -11 11 -13 -14 -15
leaf_value=-2.61343330245728e-05 0.0008186884557978858 -0.13283653557662012 -0.0011178158395360733 0.0006140356317421514 0.03380774169714354 0.030030733168421374 -0.038373481779946955 -0.16679947299315331 0.091704918769284383 0.32460056968519357 0.029586547421412361 -0.12240471699970643 6.4846549410954166 -1.0193946009646091
leaf_weight=52662 149 63 50 58 93 68 50 59 53 62 58 50 63 186
leaf_count=52662 149 63 50 58 93 68 50 59 53 62 58 50 63 186
internal_value=1.5634e-05 0.0026956 0.00486862 0.000756173 0.00885671 0.011205 0.00455285 -0.00717213 0.00541063 0.0159688 -0.00536932 -0.000619469 -2.57956e-05 -3.7084e-05
internal_weight=53724 813 642 319 323 273 118 117 202 155 171 108 52911 52848
internal_count=53724 813 642 319 323 273 118 117 202 155 171 108 52911 52848
is_linear=0
shrinkage=0.035


Tree=361
num_leaves=15
num_cat=2
split_feature=21 14 1 23 0 30 0 8 30 21 22 32 33 29
split_gain=4.86064 10.2495 9.42219 8.69871 6.27165 7.28257 7.17552 7.35653 7.27602 4.81281 4.15626 14.044 15.3774 32.8131
threshold=3027.3863636363644 120.12500000000001 1.6500000000000001 0.83341372435526406 97.750000000000014 0.1318557721318592 55.100000000000009 18.311304607913772 0.53312596302726967 3145.87962962963 1.03699550618226 0 1 0.55656748448714433
decision_type=2 10 10 10 8 2 10 2 2 2 8 1 1 2
left_child=10 2 3 -2 6 -6 8 -8 -4 -5 -1 -12 13 -13
right_child=1 -3 4 9 5 -7 7 -9 -10 -11 11 12 -14 -15
leaf_value=0.00068490074392284499 -0.013809291875992859 -0.21374226656231116 0.028979833693213913 0.005491660629987862 0.030857487177744131 0.11803719881249186 -0.086445447617266094 0.054240430086809475 -0.013707623090941496 -0.0023527449534265239 -0.014646103574359134 -0.0044388639394257372 -0.0014946625895120825 0.064328733896847012
leaf_weight=32048 51 88 214 52 84 72 74 51 53 74 6603 1913 10722 1625
leaf_count=32048 51 88 214 52 84 72 74 51 53 74 6603 1913 10722 1625
internal_value=1.82397e-05 0.0026956 0.00407534 -0.00288462 0.00632911 0.0121739 0.00387909 -0.00296154 0.00707721 0.0021374 -2.31499e-05 -0.000407562 0.000210858 0.00220659
internal_weight=53724 813 725 177 548 156 392 125 267 126 52911 20863 14260 3538
internal_count=53724 813 725 177 548 156 392 125 267 126 52911 20863 14260 3538
cat_boundaries=0 1 2
cat_threshold=8582 8
is_linear=0
shrinkage=0.035


Tree=362
num_leaves=15
num_cat=1
split_feature=21 14 1 1 30 0 0 21 23 26 32 24 29 21
split_gain=4.55031 10.0924 8.05405 10.6859 9.51453 8.35487 8.61071 8.80933 4.43721 4.28577 12.6254 14.7544 10.1842 8.1398
threshold=3027.3863636363644 120.12500000000001 85.050000000000011 54.050000000000004 0.38043945030393422 19.550000000000004 55.100000000000009 3145.87962962963 1.1175560133120921 10.500000000000002 0 2.5000000000000004 0.10837544681456425 1635.0925925925928
decision_type=2 10 10 8 2 10 10 2 10 2 1 2 2 2
left_child=9 2 3 4 8 -5 -7 -8 -2 10 13 -12 -13 -1
right_child=1 -3 -4 5 -6 6 7 -9 -10 -11 11 12 -14 -15
leaf_value=0.05204604744949539 0.028010491566523899 -0.20626128723263018 0.18102103901762068 -0.055797598130584276 2.4104393761433255e-05 0.040401277529458039 0.021893784389655942 -0.1383236004286407 0.028190129038930513 7.4858542529366857e-05 -0.00061602588758486127 -0.042881559164010388 -0.3344614284946209 -0.009529112675691424
leaf_weight=204 119 88 96 62 164 61 82 57 84 51835 275 143 115 339
leaf_count=204 119 88 96 62 164 61 82 57 84 51835 275 143 115 339
internal_value=1.95425e-05 0.00261002 0.00397945 0.00248423 0.00630376 -0.0028839 0.000682927 -0.00413194 0.011274 -2.05042e-05 -0.00220167 -0.00593978 -0.0119772 0.0015681
internal_weight=53724 813 725 629 367 262 200 139 203 52911 1076 533 258 543
internal_count=53724 813 725 629 367 262 200 139 203 52911 1076 533 258 543
cat_boundaries=0 1
cat_threshold=41307
is_linear=0
shrinkage=0.035


Tree=363
num_leaves=15
num_cat=2
split_feature=9 22 32 29 26 16 1 3 29 3 17 33 21 3
split_gain=4.61775 12.9246 18.621 11.2358 10.8561 11.4608 10.0423 9.80316 9.06245 9.018 8.89671 8.14553 14.9032 11.9724
threshold=2432.5000000000005 1.1006631528702135 0 -0.43733984355855576 221.50000000000003 2.318404623873918 73.100000000000009 6.0500000000000007 -0.30163705152652742 128.20000000000002 1.2326830638348512 1 2265.2086956521744 37.050000000000004
decision_type=10 8 1 2 2 10 10 10 2 10 8 1 2 10
left_child=11 3 6 4 -2 10 -3 -4 -5 -8 -6 12 -1 -14
right_child=1 2 7 8 5 -7 9 -9 -10 -11 -12 -13 13 -15
leaf_value=-0.02043022597916375 0.058045992961012628 -0.010120332463017441 -0.015404810389600595 -0.030400422227078432 0.0028758498756947621 0.03825662304727967 -0.31241418175446656 0.019655473865883552 0.0029583342753324439 -0.26742228883913299 -0.015544982118878746 0.00026241667485207067 0.00048478107412424536 -0.045768201934970068
leaf_weight=438 250 463 127 298 220 1343 108 1201 3935 147 280 38308 3929 2677
leaf_count=438 250 463 127 298 220 1343 108 1201 3935 147 280 38308 3929 2677
internal_value=2.21482e-05 0.000777128 -0.00163823 0.001559 0.00365348 0.00270833 -0.00611187 0.000833954 0.000520293 -0.0117115 -0.00180198 -0.000117292 -0.0012098 -0.000794131
internal_weight=53724 8372 2046 6326 2093 1843 718 1328 4233 255 500 45352 7044 6606
internal_count=53724 8372 2046 6326 2093 1843 718 1328 4233 255 500 45352 7044 6606
cat_boundaries=0 1 2
cat_threshold=13379 4
is_linear=0
shrinkage=0.035


Tree=364
num_leaves=15
num_cat=3
split_feature=3 30 10 32 32 13 1 3 1 0 8 24 26 32
split_gain=4.32463 17.6005 17.4397 15.6429 14.7574 18.942 13.3109 13.199 23.4662 23.9643 16.878 11.9208 15.8685 15.5127
threshold=219.00000000000003 -0.99628250747696534 168.35000000000005 0 1 270.12500000000006 185.75000000000003 123.75000000000001 110.40000000000002 229.75000000000003 31.995100474064078 4.5000000000000009 14.500000000000002 2
decision_type=8 2 10 1 1 10 8 10 10 8 2 2 2 1
left_child=2 -2 7 -3 5 6 -4 8 -1 10 -10 13 -13 -5
right_child=1 3 4 11 -6 -7 -8 -9 9 -11 -12 12 -14 -15
leaf_value=5.3595335791012391e-05 -0.28917411906762536 -0.22147270045659348 0.030541039402452487 0.038004079820660917 0.062875119142915284 -0.32975404585651863 0.41325078634771872 -0.042336893072493782 0.096146759821123598 0.38885506384794116 -0.060668391609041424 -0.56290883117831358 -0.018855337973363372 -0.0087788462659775142
leaf_weight=33624 322 379 158 3824 1285 75 412 3621 1223 319 452 103 2773 5154
leaf_count=33624 322 379 158 3824 1285 75 412 3621 1223 319 452 103 2773 5154
internal_value=1.95425e-05 -0.000548965 0.000192962 -0.000334613 0.00343669 0.00768939 0.00998261 3.29987e-05 0.000237768 0.00392196 0.00222917 -0.000106159 -0.00206526 0.000522097
internal_weight=53724 12555 41169 12233 1930 645 570 39239 35618 1994 1675 11854 2876 8978
internal_count=53724 12555 41169 12233 1930 645 570 39239 35618 1994 1675 11854 2876 8978
cat_boundaries=0 1 2 3
cat_threshold=2 59472 34381
is_linear=0
shrinkage=0.035


Tree=365
num_leaves=15
num_cat=2
split_feature=3 4 32 23 32 14 1 13 1 21 4 8 0 8
split_gain=4.36913 21.1996 11.9355 13.0537 12.5501 11.9125 12.3559 20.6531 25.3695 19.9611 13.5666 12.4608 12.2386 12.6972
threshold=104.10000000000001 99.750000000000014 0 0.6500672140013809 1 140.07500000000002 118.10000000000001 82.52500000000002 80.250000000000014 986.27717391304361 79.850000000000009 25.54935953208356 160.50000000000003 35.833148598743797
decision_type=8 10 1 8 1 8 10 8 10 2 8 2 8 2
left_child=1 5 3 4 -2 6 7 8 -1 -10 -11 -8 13 -13
right_child=2 -3 -4 -5 -6 -7 11 -9 9 10 -12 12 -14 -15
leaf_value=5.5301379595470994e-05 -0.022140094070539507 0.062477439504741938 0.0050402359303634908 -0.012682537475839173 -0.15550808244426478 -0.19118973893276103 0.3386775052442999 -0.056908771828776072 -0.16818372947246746 0.22678431555290027 0.036425715438519149 0.11463570618711992 0.42920303513218772 -0.33318346346384209
leaf_weight=29116 355 2074 13553 5959 246 52 184 1383 53 286 148 115 121 79
leaf_count=29116 355 2074 13553 5959 246 52 184 1383 53 286 148 115 121 79
internal_value=2.60567e-06 0.000246757 -0.000405358 -0.0016289 -0.0065264 2.1083e-05 5.00159e-05 -3.83982e-05 0.000157221 0.00803862 0.0105239 0.00548611 0.00120313 -0.00422111
internal_weight=53724 33611 20113 6560 601 31537 31485 30986 29603 487 434 499 315 194
internal_count=53724 33611 20113 6560 601 31537 31485 30986 29603 487 434 499 315 194
cat_boundaries=0 1 2
cat_threshold=20587 42
is_linear=0
shrinkage=0.035


Tree=366
num_leaves=15
num_cat=2
split_feature=10 0 1 32 1 16 0 30 32 23 22 22 23 3
split_gain=4.73995 21.335 21.7333 20.2305 14.6718 13.8171 12.8971 13.8799 13.4176 12.1758 12.9768 11.5048 11.3993 36.5745
threshold=36.945238095238103 38.100000000000009 89.65000000000002 0 29.950000000000003 14.257308030823301 26.650000000000002 -0.4755978891912595 1 0.96395690184805305 0.90555215558275548 0.74320339105861899 0.35761826530182406 19.550000000000004
decision_type=8 8 10 1 10 10 8 2 1 8 10 10 10 10
left_child=4 2 3 -2 5 12 7 -6 9 10 -8 -10 13 -1
right_child=1 -3 -4 -5 6 -7 8 -9 11 -11 -12 -13 -14 -15
leaf_value=0.00062638497454860285 -0.10397262484556744 -0.0011476970441564661 1.0996148807408879 -0.027098593843445137 0.021067485119215291 -0.15181063620118224 0.034112114610284357 -0.05665209847032341 0.13151736731991065 0.03574021098621414 -0.029550887624242749 0.0016181785120851801 0.00066947793139621962 -0.032014573620678159
leaf_weight=2130 232 31147 67 998 193 143 278 232 71 1026 165 1467 14619 956
leaf_count=2130 232 31147 67 998 193 143 278 232 71 1026 165 1467 14619 956
internal_value=5.21134e-06 -0.000261025 -0.00465054 -0.0057247 0.000411088 7.84182e-06 0.00250509 -0.00317442 0.00331175 0.00568396 0.000859375 0.000991629 9.68379e-05 -0.00183436
internal_weight=53724 32444 1297 1230 21280 17848 3432 425 3007 1469 443 1538 17705 3086
internal_count=53724 32444 1297 1230 21280 17848 3432 425 3007 1469 443 1538 17705 3086
cat_boundaries=0 1 2
cat_threshold=133 37093
is_linear=0
shrinkage=0.035


Tree=367
num_leaves=15
num_cat=2
split_feature=13 0 1 32 0 0 1 6 23 15 8 32 22 30
split_gain=4.44247 35.7751 20.8848 16.1243 26.7888 14.3705 18.9687 15.4882 14.5561 16.4553 13.2909 10.857 10.743 10.7404
threshold=117.80000000000001 120.25000000000001 127.75000000000001 0 124.25000000000001 100.50000000000001 177.35000000000002 85.050000000000011 1.9828807267754229 34.975000000000009 21.809087772260593 1 1.1554709132448415 -0.8901731938066898
decision_type=8 10 8 1 10 8 10 8 8 2 2 1 10 2
left_child=1 -1 3 10 -5 6 11 8 -7 -10 -2 -4 -3 -9
right_child=2 12 5 4 -6 7 -8 13 9 -11 -12 -13 -14 -15
leaf_value=0.00015714900119945919 -0.10977840727399536 0.31929752826282753 0.2768479435181711 -0.27013047004812291 0.013005299959875176 -0.23403417840780111 2.7568474492316675 -0.063205407222105242 -0.54009888171314357 0.11661047105428893 0.077047205041851419 -0.17072756168045225 0.15330038845003388 0.02115535938533775
leaf_weight=36153 324 376 128 435 262 673 68 2358 50 325 538 105 187 11742
leaf_count=36153 324 376 128 435 262 673 68 2358 50 325 538 105 187 11742
internal_value=2.60567e-06 0.000219221 -0.000464939 -0.00431905 -0.00820927 -7.47379e-05 0.00743464 -0.000226358 -0.00432099 0.00119737 -0.00103763 0.0025 0.00893486 7.94045e-05
internal_weight=53724 36716 17008 1559 697 15449 301 15148 1048 375 862 233 563 14100
internal_count=53724 36716 17008 1559 697 15449 301 15148 1048 375 862 233 563 14100
cat_boundaries=0 1 2
cat_threshold=25864 9484
is_linear=0
shrinkage=0.035


Tree=368
num_leaves=15
num_cat=2
split_feature=22 19 20 6 32 16 1 9 24 30 32 19 16 26
split_gain=4.41481 13.9245 16.7136 13.3664 12.2541 18.3369 11.9369 12.5798 11.4832 10.6198 10.6135 14.8228 18.3387 17.6603
threshold=1.03699550618226 885.12500000000011 2263.6666666666674 620.25000000000011 0 3.5570587088049024 4002.5000000000005 2132.5000000000005 1.0000000180025095e-35 -0.99761278905001471 1 347.62500000000006 55.946402922801475 130.50000000000003
decision_type=8 8 8 10 1 8 8 10 2 2 1 10 10 2
left_child=1 10 -3 4 5 -2 8 -8 -5 -6 11 12 -1 -13
right_child=3 2 -4 6 9 -7 7 -9 -10 -11 -12 13 -14 -15
leaf_value=-0.00026268445918067765 0.0065302793417496572 -0.45067713871923432 0.11218076716397321 2.9700403928769536 -0.061067674755599204 -0.040936095463140226 7.7294831339131385 0.002290634609958602 -0.0046590525452629098 0.00044738744728382688 0.0038904153903315968 0.028844494918199362 0.74784631447871841 -0.31007792361866737
leaf_weight=12740 1166 658 389 82 200 5548 85 59 478 13609 17340 549 180 641
leaf_count=12740 1166 658 389 82 200 5548 85 59 478 13609 17340 549 180 641
internal_value=1.17255e-05 0.000268137 -0.00369297 -0.000380793 -0.000543891 -0.00176846 0.00434415 0.0131544 0.0019823 5.31684e-05 0.000400572 -0.000312212 3.24952e-05 -0.00404184
internal_weight=53724 32497 1047 21227 20523 6714 704 144 560 13809 31450 14110 12920 1190
internal_count=53724 32497 1047 21227 20523 6714 704 144 560 13809 31450 14110 12920 1190
cat_boundaries=0 1 2
cat_threshold=8582 51816
is_linear=0
shrinkage=0.035


Tree=369
num_leaves=15
num_cat=4
split_feature=20 10 22 21 30 32 24 33 30 23 32 10 21 32
split_gain=4.15249 15.5321 13.1693 11.5738 10.9042 9.5409 22.28 8.39755 12.6707 13.7902 22.3481 13.5776 11.455 11.0598
threshold=829.2261904761906 18.008333333333336 0.64433746342902809 681.17692307692323 0.04621408538533487 0 5.5000000000000009 1 0.84658398682345093 1.0409866595720423 2 6.1196428571428578 1545.9629629629633 3
decision_type=10 8 8 2 2 1 2 1 2 10 1 10 2 1
left_child=1 -1 3 -3 -4 6 -6 8 9 -2 -11 -12 -13 -10
right_child=7 2 4 -5 5 -7 -8 -9 13 10 11 12 -14 -15
leaf_value=0.0070433945917501061 0.0076276837053964423 -0.012010637862579028 -0.072384525834037705 0.22175498390377091 0.043532151674457967 -0.056677879469117877 -0.18060070667905487 -0.00039995451348882053 0.092322091469071277 -0.063172053581976403 -0.0057997494821611234 -0.0024122783249197256 0.052465348733534652 0.029723568507877902
leaf_weight=193 5810 122 691 120 1003 1014 125 39791 541 909 53 1935 463 954
leaf_count=193 5810 122 691 120 1003 1014 125 39791 541 909 53 1935 463 954
internal_value=1.04227e-05 -0.00119768 -0.00180682 0.00595142 -0.00247886 -0.00123894 0.000979878 8.87814e-05 0.000960206 0.000473025 -0.00131055 0.000439984 0.000844777 0.00394333
internal_weight=53724 3268 3075 242 2833 2142 1128 50456 10665 9170 3360 2451 2398 1495
internal_count=53724 3268 3075 242 2833 2142 1128 50456 10665 9170 3360 2451 2398 1495
cat_boundaries=0 1 2 3 4
cat_threshold=46306 2 8454 38483
is_linear=0
shrinkage=0.035


Tree=370
num_leaves=15
num_cat=0
split_feature=16 16 15 20 0 8 9 6 16 24 20 0 5 1
split_gain=4.25644 11.4659 12.0508 9.83748 9.56679 6.92184 7.99858 6.82839 6.74303 10.5445 8.54008 8.36595 9.57338 8.21581
threshold=0.54772255750852961 0.51639777949432109 28.075000000000003 2535.9166666666674 13.750000000000002 1.9460702470336229 1932.5000000000002 14.050000000000002 1.9235384061664329 3.5000000000000004 1000.4166666666669 5.0500000000000007 1.4500000000000002 9.0500000000000025
decision_type=10 8 2 8 10 2 8 8 10 2 10 10 10 8
left_child=1 4 3 -3 5 7 -7 -1 9 10 -2 12 -11 -10
right_child=8 2 -4 -5 -6 6 -8 -9 13 11 -12 -13 -14 -15
leaf_value=0.0002444301373233626 0.0069147038075587823 -0.0058589557532493812 0.07574855064743137 -0.027902653266478641 0.012123531400526764 0.00069160032477625375 -0.009456160221817958 -0.0028730887232022886 -0.0096350296005552043 0.0084153389670920641 -0.00038941413369923076 0.0072203185503462216 -0.0016151022279809048 -0.00032298726808273505
leaf_weight=1232 245 384 51 70 70 62 70 135 862 93 4392 1911 843 43304
leaf_count=1232 245 384 51 70 70 62 70 135 862 93 4392 1911 843 43304
internal_value=3.9085e-06 -0.00154882 -0.00610784 -0.00793028 -6.6709e-05 -0.000674867 -0.00817518 7.65306e-05 6.64021e-05 0.00103752 7.53985e-06 0.00271213 0 -9.82545e-05
internal_weight=53724 2074 505 454 1569 1499 132 1367 51650 7484 4637 2847 936 44166
internal_count=53724 2074 505 454 1569 1499 132 1367 51650 7484 4637 2847 936 44166
is_linear=0
shrinkage=0.035


Tree=371
num_leaves=15
num_cat=1
split_feature=22 6 5 24 32 0 23 30 24 30 3 26 4 21
split_gain=4.27128 12.3082 11.9152 11.6259 11.2001 21.2416 15.4217 19.5736 14.568 12.9943 12.8979 12.3038 12.082 16.7129
threshold=1.03699550618226 620.25000000000011 1255.0000000000002 2.5000000000000004 0 113.65000000000002 1.1635321762957724 -0.50557503990954278 2.5000000000000004 0.42763731121559989 1.4500000000000002 189.50000000000003 47.050000000000004 1167.1714285714288
decision_type=8 10 10 2 1 8 8 2 2 2 10 2 10 2
left_child=2 4 -1 -3 5 -2 9 12 -7 10 11 -6 -8 -14
right_child=1 3 -4 -5 6 8 7 -9 -10 -11 -12 -13 13 -15
leaf_value=0.00092035932325948986 0.00068115203975626542 1.8160310524913332 -0.42680226727102566 0.01733108368812623 -0.031835721396914124 -0.0098875159614058832 -0.00946376561645987 0.012452960315596668 -0.20171637832660552 -0.019554073192879003 0.0023438398248137584 0.00010032234707801014 -0.21273645947633485 0.07171291744884549
leaf_weight=31957 4641 322 540 382 119 2459 1105 5146 1951 1443 2572 117 143 827
leaf_count=31957 4641 322 540 382 119 2459 1105 5146 1951 1443 2572 117 143 827
internal_value=-1.30283e-06 -0.000387387 0.000250908 0.00414669 -0.000543891 -0.00146316 0.000182815 0.00116731 -0.00320272 -0.00148849 -9.95379e-05 -0.00784232 -0.00169952 0.00114872
internal_weight=53724 21227 32497 704 20523 9051 11472 7221 4410 4251 2808 236 2075 970
internal_count=53724 21227 32497 704 20523 9051 11472 7221 4410 4251 2808 236 2075 970
cat_boundaries=0 1
cat_threshold=9607
is_linear=0
shrinkage=0.035


Tree=372
num_leaves=15
num_cat=0
split_feature=16 16 15 30 20 23 29 1 17 27 30 8 6 26
split_gain=4.65603 11.1296 12.0508 9.86698 9.83748 7.63835 9.21402 11.9117 11.1681 7.02579 9.97289 6.74404 15.5303 10.0261
threshold=0.54772255750852961 0.51639777949432109 28.075000000000003 -0.56369940867848845 2535.9166666666674 0.98925945489760381 -0.67166439702596292 1.2500000000000002 0.57498353072593111 0.6078576107927941 -0.8901731938066898 0.56784925558152199 1.4500000000000002 259.50000000000006
decision_type=10 8 2 2 8 8 2 8 10 2 2 2 10 2
left_child=1 3 4 5 -3 9 -7 -8 -9 10 -1 13 -13 -5
right_child=-2 2 -4 11 -6 6 7 8 -10 -11 -12 12 -14 -15
leaf_value=0.0028209064464810112 0.00031725769738344845 -0.0056126176663086084 0.073428583171347317 -0.00015002819098949906 -0.026599970409433536 0.0025989037304238963 0.0012152407704708547 -0.0032374293249511406 0.0030049574704334716 0.004847379322522047 -0.00098356966845047585 -0.005001578315025788 -0.0014752039032759985 0.0083013314075147324
leaf_weight=113 51650 384 51 322 70 55 55 148 74 87 68 67 518 62
leaf_count=113 51650 384 51 322 70 55 55 148 74 87 68 67 518 62
internal_value=7.81701e-06 -0.00161616 -0.00610784 -0.000155654 -0.00793028 0.00335537 -0.000207715 -0.00285461 -0.00647577 0.00769231 0.00357527 -0.00233573 -0.00468644 0.00125964
internal_weight=53724 2074 505 1569 454 600 332 277 222 268 181 969 585 384
internal_count=53724 2074 505 1569 454 600 332 277 222 268 181 969 585 384
is_linear=0
shrinkage=0.035


Tree=373
num_leaves=15
num_cat=3
split_feature=21 22 32 23 22 22 0 4 32 20 23 30 9 32
split_gain=4.01426 13.0334 13.17 22.7424 29.1072 9.87549 20.9813 11.9443 10.4165 8.98295 8.41991 13.9838 13.053 10.9681
threshold=2479.8913043478265 1.1006631528702135 0 0.876210869786887 0.73686226289584555 1.1132586933191397 67.100000000000009 720.50000000000011 1 2527.0833333333335 0.95000784272717786 0.87709077819680659 2722.5000000000005 2
decision_type=2 8 1 10 10 10 8 8 1 10 8 2 8 1
left_child=-1 2 3 4 -2 6 -3 8 -7 -9 11 13 -12 -4
right_child=1 5 10 -5 -6 7 -8 9 -10 -11 12 -13 -14 -15
leaf_value=-0.000358343263345855 0.052394706149533961 0.0067538457611456253 0.15717400631456244 0.02116385178350216 -0.005334645285058795 0.015364742682399088 -0.43253612808696423 1.7494296885817939 -0.017074354499410208 0.020182205979107311 0.017537266449772746 -0.070570778546440852 -0.012275655846399546 0.0030053261599603336
leaf_weight=44947 241 94 451 1342 1057 530 99 56 1411 155 724 327 1453 837
leaf_count=44947 241 94 451 1342 1057 530 99 56 1411 155 724 327 1453 837
internal_value=1.30283e-05 0.000697449 0.00151157 0.00340113 0.000107444 -0.00153404 -0.00901515 -0.000843764 -0.00170863 0.00696759 0.000183872 0.00209568 -0.00123511 0.0037355
internal_weight=53724 8777 6432 2640 1298 2345 193 2152 1941 211 3792 1615 2177 1288
internal_count=53724 8777 6432 2640 1298 2345 193 2152 1941 211 3792 1615 2177 1288
cat_boundaries=0 1 2 3
cat_threshold=46273 18552 276
is_linear=0
shrinkage=0.035


Tree=374
num_leaves=15
num_cat=1
split_feature=23 32 22 1 6 3 6 29 5 2 14 23 1 0
split_gain=3.88179 14.68 12.5261 13.5007 13.0378 13.9356 12.1938 10.746 9.22986 14.2994 8.86888 9.5368 9.20506 14.971
threshold=0.61162371633080947 0 0.76553943925070445 66.800000000000026 30.100000000000005 20.100000000000005 64.100000000000009 0.93237596376505805 1255.0000000000002 451.00000000000006 351.00000000000006 0.43440634645061732 99.750000000000014 85.050000000000011
decision_type=8 1 8 8 8 8 10 2 10 10 10 10 10 10
left_child=1 8 3 4 -3 -6 -7 -8 9 10 12 -12 -1 -14
right_child=-2 2 -4 -5 5 6 7 -9 -10 -11 11 -13 13 -15
leaf_value=0.0013679283742743982 0.0002601579877686966 -0.0060903800757067415 -0.053638916188977849 -0.033112058088781107 0.05435321124040924 -0.036305531173824471 0.079094162975155952 -0.055133501938849409 -0.67562634464431237 4.1958069527528501 -0.67751464984456766 0.22731746494095703 0.62320074131703973 0.090442794123172812
leaf_weight=1410 49739 257 531 666 82 137 201 86 141 75 60 56 108 175
leaf_count=1410 49739 257 531 666 82 137 201 86 141 75 60 56 108 175
internal_value=6.51417e-06 -0.00104386 -0.00318987 -0.00148884 0.0016862 0.00493151 0.00228438 0.00635274 0.00104657 0.00170461 0.00106119 -0.00809917 0.00171084 0.00741319
internal_weight=53724 3985 1960 1429 763 506 424 287 2025 1884 1809 116 1693 283
internal_count=53724 3985 1960 1429 763 506 424 287 2025 1884 1809 116 1693 283
cat_boundaries=0 1
cat_threshold=42285
is_linear=0
shrinkage=0.035


Tree=375
num_leaves=15
num_cat=0
split_feature=16 15 16 3 22 6 30 3 16 24 8 2 17 30
split_gain=4.08783 9.53643 13.6741 8.34461 9.02191 9.33973 7.51003 7.10644 6.59523 10.354 8.16279 15.3082 12.847 8.85944
threshold=0.54772255750852961 27.525000000000002 0.51639777949432109 3.0500000000000003 1.0090102390757774 6.0500000000000007 -0.56369940867848845 5.5500000000000007 1.9235384061664329 3.5000000000000004 2.0844048251971521 6.0500000000000007 1.8360888383252807 -0.99052477729077237
decision_type=10 2 8 8 10 8 2 8 10 2 2 8 10 2
left_child=1 2 6 -4 7 -6 -1 -5 9 -2 11 -10 -12 -14
right_child=8 -3 3 4 5 -7 -8 -9 10 -11 12 -13 13 -15
leaf_value=0.00076465620973724564 1.2042461384300653e-05 0.023339437121894149 0.0049721376143365475 -0.0087647325449410948 -0.0063363336045206544 0.014044892406781926 -0.00067316107143527992 -0.018645590900145434 -0.023113356254497383 0.0043321900447256569 -0.018509715393774225 0.012575368416616156 -0.018329562148413886 -1.4205940042373301e-05
leaf_weight=575 4637 87 66 144 72 61 958 111 89 2847 142 420 2042 41473
leaf_count=575 4637 87 66 144 72 61 958 111 89 2847 142 420 2042 41473
internal_value=6.51417e-06 -0.00151515 -0.00202058 -0.00732026 -0.00926209 -0.00177536 -0.00043238 -0.0130577 6.77572e-05 0.00102817 -9.5085e-05 0.00428988 -0.000146695 -0.000111788
internal_weight=53724 2074 1987 454 388 133 1533 255 51650 7484 44166 509 43657 43515
internal_count=53724 2074 1987 454 388 133 1533 255 51650 7484 44166 509 43657 43515
is_linear=0
shrinkage=0.035


Tree=376
num_leaves=15
num_cat=2
split_feature=21 22 32 23 22 22 0 7 17 16 3 21 4 32
split_gain=3.90622 13.2897 12.09 22.3934 26.4062 8.88864 19.7606 11.2919 12.4278 11.3762 8.49783 9.38575 7.88008 10.9564
threshold=2479.8913043478265 1.1006631528702135 0 0.876210869786887 0.73686226289584555 1.1132586933191397 67.100000000000009 424.56439393939399 5.574291638650295 3.1415135114732835 15.950000000000001 3145.87962962963 1405.0000000000002 1
decision_type=2 8 1 10 10 10 8 2 8 10 10 2 8 1
left_child=-1 2 3 4 -2 6 -3 8 -7 -10 -5 -12 -4 -14
right_child=1 5 12 10 -6 7 -8 -9 9 -11 11 -13 13 -15
leaf_value=-0.00035277350947094283 0.050551364418579943 0.0065088528378351111 -0.0005899192148954769 0.0018260543538618592 -0.0051565410217521996 0.0047070669565718688 -0.41740597192559059 0.72950806405955548 -0.064828301317829629 -0.037995422133351685 0.054371397652271163 -0.04541115584173689 0.078503291489200544 -0.0074252998132587414
leaf_weight=44947 241 94 3554 357 1057 489 99 271 56 1336 909 76 132 106
leaf_count=44947 241 94 3554 357 1057 489 99 271 56 1336 909 76 132 106
internal_value=1.43312e-05 0.000689478 0.00151157 0.00332203 5.37222e-05 -0.00156383 -0.00866162 -0.000908669 -0.00187434 -0.00355762 0.00649592 0.00816667 0.000239033 0.00633745
internal_weight=53724 8777 6432 2640 1298 2345 193 2152 1881 1392 1342 985 3792 238
internal_count=53724 8777 6432 2640 1298 2345 193 2152 1881 1392 1342 985 3792 238
cat_boundaries=0 1 2
cat_threshold=46273 808
is_linear=0
shrinkage=0.035


Tree=377
num_leaves=15
num_cat=3
split_feature=22 32 23 23 32 30 22 5 9 29 22 29 30 32
split_gain=3.78346 15.9899 14.7397 14.6573 15.5287 17.0177 15.4122 17.338 13.3487 11.5264 11.0658 14.8132 12.2891 12.5065
threshold=0.93320260534987021 0 0.87913198361864497 0.41301601441261887 1 -0.88220415136009767 0.65532947738070646 601.00000000000011 847.50000000000011 -0.79384350655589164 0.71617794301896354 0.38243310158943505 -0.84774213365954088 2
decision_type=8 1 10 10 1 2 10 10 10 2 10 2 2 1
left_child=1 2 9 4 5 -3 7 -5 -4 -1 11 -11 13 -12
right_child=-2 3 8 6 -6 -7 -8 -9 -10 10 12 -13 -14 -15
leaf_value=0.07470928791861578 -0.00066276248735688717 -0.072373876229676823 -0.12622618941108618 0.015388250267656747 -0.002247828883381469 -0.01412203406833256 -6.5637218685409295e-05 -0.4063264181716818 0.059122965704588623 -0.0021409389864596754 0.35982662843546209 0.08711762844970361 -0.022976275148294659 -0.0067804802629824234
leaf_weight=372 35469 238 71 1280 2215 648 9567 179 1154 358 212 252 1382 327
leaf_count=372 35469 238 71 1280 2215 648 9567 179 1154 358 212 252 1382 327
internal_value=1.04227e-05 0.00041977 0.00233164 -0.000141069 -0.00226497 -0.00613762 0.000456894 0.00380123 0.00554878 0.000974897 0.000124211 0.00421138 -0.0011812 0.00328125
internal_weight=53724 18255 4128 14127 3101 886 11026 1459 1225 2903 2531 610 1921 539
internal_count=53724 18255 4128 14127 3101 886 11026 1459 1225 2903 2531 610 1921 539
cat_boundaries=0 1 2 3
cat_threshold=16772 2152 260
is_linear=0
shrinkage=0.035


Tree=378
num_leaves=15
num_cat=3
split_feature=23 32 22 6 33 23 5 29 21 22 32 0 23 0
split_gain=3.78166 13.8248 11.7404 11.2475 10.5578 9.37058 9.955 9.27965 8.98664 8.46325 10.304 16.6229 14.3908 11.0924
threshold=0.61162371633080947 0 0.77527575969891271 4.0500000000000007 1 0.13344941042644634 1255.0000000000002 -0.79384350655589164 2452.1980676328508 0.89875683720729149 2 3.0500000000000003 0.89675329827265726 69.90000000000002
decision_type=8 1 8 8 1 10 10 2 2 8 1 10 8 10
left_child=1 2 8 -3 -5 -6 -7 -4 -1 10 12 -12 -2 -14
right_child=9 3 7 4 5 6 -8 -9 -10 -11 11 -13 13 -15
leaf_value=-0.0077751844688868452 0.0019209074488454505 0.0072173619554666254 0.019487876031328285 0.05981819768763727 0.31527334893089581 -0.0042886918492585843 -0.88671992143369671 -0.065213721617424891 0.037410795524379037 -0.00048739540011254363 -0.0047097033001044699 0.0045950409960013377 0.017831969577338069 0.26800323801490322
leaf_weight=1179 1917 107 79 472 81 1548 93 328 98 38451 1741 6020 1174 436
leaf_count=1179 1917 107 79 472 81 1548 93 328 98 38451 1741 6020 1174 436
internal_value=1.04227e-05 -0.00102632 -0.00341966 0.000740501 0.000190996 -0.00108808 -0.00167983 -0.0085801 -0.00177457 9.35791e-05 0.000935978 0.00022055 0.0025 0.00494118
internal_weight=53724 3985 1684 2301 2194 1722 1641 407 1277 49739 11288 7761 3527 1610
internal_count=53724 3985 1684 2301 2194 1722 1641 407 1277 49739 11288 7761 3527 1610
cat_boundaries=0 1 2 3
cat_threshold=23248 2 8596
is_linear=0
shrinkage=0.035


Tree=379
num_leaves=15
num_cat=2
split_feature=10 0 6 32 1 10 0 1 26 0 3 22 32 7
split_gain=3.96179 21.5811 24.0415 14.8367 13.694 16.3854 23.8457 16.823 13.4262 12.2832 12.6163 12.1797 11.6821 11.6181
threshold=36.945238095238103 37.100000000000009 47.550000000000004 0 20.100000000000005 18.008333333333336 13.050000000000002 15.050000000000002 272.50000000000006 12.050000000000002 13.850000000000003 0.88696215972411474 1 14.093478260869567
decision_type=8 8 10 1 10 10 10 10 2 8 10 10 1 2
left_child=4 2 3 -2 5 7 8 -1 12 -9 -11 -4 -7 -12
right_child=1 -3 11 -5 -6 6 -8 9 -10 10 13 -13 -14 -15
leaf_value=1.1528672574150357e-05 -0.026947911257632403 -0.00076352484225285634 -0.02787634695065663 -0.11484706025418644 0.0064364169455395455 -0.08317565175581057 -0.0037147447430273851 -0.020367752203411815 -0.11579863642999239 0.032864135515375044 -0.030516509677874403 0.045392408730808291 -0.0010805078094739519 0.012974738997755076
leaf_weight=10035 294 31373 313 338 6998 258 2781 89 85 298 69 126 222 445
leaf_count=10035 294 31373 313 338 6998 258 2781 89 85 298 69 126 222 445
internal_value=1.04227e-05 -0.000232981 -0.00510688 -0.00945055 0.000381489 -0.000240078 -0.00238138 0.000415867 -0.00890351 0.00498344 0.00634027 0.00118243 -0.00649485 0.00296724
internal_weight=53724 32444 1071 632 21280 14282 3346 10936 565 901 812 439 480 514
internal_count=53724 32444 1071 632 21280 14282 3346 10936 565 901 812 439 480 514
cat_boundaries=0 1 2
cat_threshold=58410 4585
is_linear=0
shrinkage=0.035


Tree=380
num_leaves=15
num_cat=3
split_feature=22 32 23 32 22 3 3 1 32 26 1 13 29 29
split_gain=3.90888 15.8748 14.3683 16.4044 12.8622 19.3453 11.9636 22.4256 11.3166 11.0559 10.67 20.6348 10.5813 15.5884
threshold=0.87476551624994314 0 0.41301601441261887 1 0.65532947738070646 240.25000000000003 39.050000000000004 29.950000000000003 2 335.50000000000006 165.40000000000003 260.25000000000006 0.98372640911059162 0.96687895796550427
decision_type=8 1 10 1 10 10 8 10 1 2 10 10 2 2
left_child=1 9 3 -3 5 8 7 -5 -4 -1 -8 -12 13 -6
right_child=-2 2 4 6 12 -7 10 -9 -10 -11 11 -13 -14 -15
leaf_value=0.02447206684846805 -0.00045387100213431178 0.0092617135395728373 0.00093656849293878412 -0.0079011938248555458 -0.00016400988087003301 -0.3430013925046283 -0.10540009410080559 0.084607807233873511 0.044825626496677679 -0.11707261265712089 0.379670395112848 -0.35968078250347063 0.022162492994566012 -0.05358285990341255
leaf_weight=2089 41198 798 498 628 5661 222 722 91 803 108 70 198 464 174
leaf_count=2089 41198 798 498 628 5661 222 722 91 803 108 70 198 464 174
internal_value=1.17255e-05 0.000553028 -2.36852e-05 -0.00232683 0.000715472 0.0035962 -0.00424304 -0.000821823 0.00522588 0.00324367 -0.00675377 -0.000769231 1.66561e-05 -0.000389555
internal_weight=53724 12526 10329 2507 7822 1523 1709 719 1301 2197 990 268 6299 5835
internal_count=53724 12526 10329 2507 7822 1523 1709 719 1301 2197 990 268 6299 5835
cat_boundaries=0 1 2 3
cat_threshold=388 16914 2672
is_linear=0
shrinkage=0.035


Tree=381
num_leaves=15
num_cat=1
split_feature=29 32 9 1 7 5 5 14 5 6 23 6 0 24
split_gain=4.01667 10.2461 6.4124 7.61649 10.8955 7.77026 5.99625 6.15329 9.68155 5.99855 7.13742 5.00805 4.97587 4.69267
threshold=0.99818282439137029 0 667.50000000000011 220.30000000000004 121.57417582417584 52.550000000000004 4.9500000000000011 27.525000000000002 34.100000000000009 80.15000000000002 1.0199786172487528 10.950000000000001 113.65000000000002 5.5000000000000009
decision_type=2 1 10 10 2 8 10 10 10 8 10 10 10 2
left_child=13 6 -3 4 5 11 -2 -8 -9 -10 12 -4 -11 -1
right_child=1 2 3 -5 -6 -7 7 8 9 10 -12 -13 -14 -15
leaf_value=0.00044431846522599019 -0.024411638872759683 -0.031522530248324243 0.0097977238136074309 -0.73700660598252998 0.34649164371166341 -0.1189598818272997 0.023364177145836839 -0.088921546259111153 0.070096923227959379 -0.053227310157872201 -0.30836296100360872 -0.016986269717998524 0.41868105696330171 -0.0048960178026878787
leaf_weight=48369 71 149 67 55 51 71 115 53 78 101 67 147 64 4266
leaf_count=48369 71 149 67 55 51 71 115 53 78 101 67 147 64 4266
internal_value=1.95425e-05 -0.00207952 -0.00542342 -0.00309343 -0.00102639 -0.00374138 0.00130319 0.00275362 0.000475543 0.00288889 0 -0.000319635 0.00391176 6.31649e-05
internal_weight=53724 1089 540 391 336 285 549 478 363 310 232 214 165 52635
internal_count=53724 1089 540 391 336 285 549 478 363 310 232 214 165 52635
cat_boundaries=0 1
cat_threshold=49024
is_linear=0
shrinkage=0.035


Tree=382
num_leaves=15
num_cat=2
split_feature=29 22 32 25 22 23 32 5 6 0 21 0 6 1
split_gain=4.51079 10.3909 9.42014 8.1992 6.25529 7.9186 7.8525 5.94806 9.25578 5.9835 5.46195 5.38846 5.15352 5.92891
threshold=0.99818282439137029 0.65532947738070646 0 3.5000000000000004 0.82585202494391363 1.0199786172487528 1 130.10000000000002 110.25000000000001 31.050000000000004 2327.0032051282055 15.950000000000001 44.100000000000009 72.050000000000011
decision_type=2 10 1 2 10 8 1 10 8 8 2 10 10 8
left_child=-1 3 4 -2 -3 10 -7 8 9 11 -6 -4 -11 -14
right_child=1 2 7 -5 5 6 -8 -9 -10 12 -12 -13 13 -15
leaf_value=0.00018976490347656139 -0.0051853397347021929 -0.014439965323394406 -0.013302677387465539 0.13137200986796699 0.14146582024607654 0.011043783330122247 -0.030667015941773991 -0.39367646471627427 0.060486441559822919 -0.048702353464432024 -0.0065968435442208947 0.017688817956039247 0.040468386660756014 -0.13943144101140562
leaf_weight=52635 56 87 53 62 91 125 117 112 74 90 51 69 51 51
leaf_count=52635 56 87 53 62 91 125 117 112 74 90 51 69 51 51
internal_value=1.69368e-05 -0.0022075 -0.00340676 0.00739837 0.000216049 0.00215938 -0.0017004 -0.00666019 -0.00463104 -0.00724138 0.00857143 -0.00110236 -0.0110152 -0.00523364
internal_weight=53724 1089 971 118 471 384 242 500 388 314 142 122 192 102
internal_count=53724 1089 971 118 471 384 242 500 388 314 142 122 192 102
cat_boundaries=0 1 2
cat_threshold=40833 33664
is_linear=0
shrinkage=0.035


Tree=383
num_leaves=15
num_cat=1
split_feature=20 16 6 6 26 32 9 30 22 19 23 29 16 17
split_gain=4.09476 9.93609 10.154 12.0321 11.3874 10.8323 8.79122 7.83615 9.96329 10.7917 6.8186 10.6176 9.6623 9.01323
threshold=791.83333333333337 3.1415135114732835 21.050000000000004 26.100000000000005 12.500000000000002 0 752.50000000000011 0.04621408538533487 0.96822255676921321 57.275000000000013 0.87913198361864497 0.84773968378660736 114.25219698003083 64.244050042432008
decision_type=10 8 8 8 2 1 8 2 10 10 8 2 10 8
left_child=1 6 -3 -4 -5 7 -1 -6 9 -9 12 -12 -7 -13
right_child=-2 2 3 4 5 10 -8 8 -10 -11 11 13 -14 -15
leaf_value=0.015276978560730604 0.00026227202648662851 -0.12134096655032392 0.090866810843298798 -0.54282156794288305 -0.085785945360768681 0.1595167180815934 -0.0048040988982412988 -0.069534984281345552 -0.080144207536798087 0.061167902177945495 0.039049707698654075 -0.18509013172077846 -0.50188535918310728 0.72776957090160221
leaf_weight=164 51084 90 56 58 170 434 103 81 294 155 521 315 105 94
leaf_count=164 51084 90 56 58 170 434 103 81 294 155 521 315 105 94
internal_value=1.95425e-05 -0.00132325 -0.00204584 -0.00157561 -0.00199149 -0.00156164 0.00501838 -0.00509091 -0.00300935 0.00232365 0.000165094 -0.00164706 0.00328125 -0.00583333
internal_weight=53724 2640 2373 2283 2227 2169 267 700 530 236 1469 930 539 409
internal_count=53724 2640 2373 2283 2227 2169 267 700 530 236 1469 930 539 409
cat_boundaries=0 1
cat_threshold=16629
is_linear=0
shrinkage=0.035


Tree=384
num_leaves=15
num_cat=2
split_feature=22 32 5 1 30 21 26 3 23 22 32 3 1 19
split_gain=3.98192 16.051 13.6217 17.0086 15.8459 11.585 11.121 9.43633 9.19745 18.4835 16.5285 9.88118 19.0479 9.37933
threshold=0.87476551624994314 0 520.50000000000011 321.00000000000006 -0.36648370705903521 2642.2119565217395 335.50000000000006 350.75000000000006 0.41301601441261887 0.65532947738070646 1 36.100000000000009 24.100000000000005 9.9762500000000021
decision_type=8 1 10 10 2 2 2 8 10 10 1 10 10 10
left_child=1 6 3 8 -4 -6 -1 -5 10 -10 -3 12 13 -12
right_child=-2 2 4 7 5 -7 -8 -9 9 -11 11 -13 -14 -15
leaf_value=0.023639762282623808 -0.00044966483839770538 0.0047333806147600481 -0.46835398614952484 1.6971812562695077 -0.10625537083547718 1.189642144304059 -0.11300644365295345 0.35614159583400412 0.012784711957726309 -6.4628204303360815e-05 0.0017149346941577649 -0.10010136969095439 0.074018668139299665 -0.027615261168211575
leaf_weight=2089 41198 893 508 58 476 89 108 105 1299 5681 150 584 134 352
leaf_count=2089 41198 893 508 58 476 89 108 105 1299 5681 150 584 134 352
internal_value=2.3451e-05 0.000569787 -1.01508e-05 0.00042328 -0.00373377 0.000307018 0.00327532 0.0114583 0.000219279 0.000831782 -0.00180123 -0.00442105 -0.00141966 -0.00455621
internal_weight=53724 12526 10329 9256 1073 565 2197 163 9093 6980 2113 1220 636 502
internal_count=53724 12526 10329 9256 1073 565 2197 163 9093 6980 2113 1220 636 502
cat_boundaries=0 1 2
cat_threshold=388 49682
is_linear=0
shrinkage=0.035


Tree=385
num_leaves=15
num_cat=3
split_feature=29 22 32 25 33 7 21 23 5 2 2 5 23 32
split_gain=4.00671 10.1186 9.91224 8.1992 6.9929 9.05734 7.3233 6.95903 9.11307 5.96748 5.2772 5.84715 4.83671 14.5434
threshold=0.99818282439137029 0.65532947738070646 0 3.5000000000000004 1 139.82051282051285 726.73913043478262 1.4439057202571777 47.550000000000004 18.550000000000004 20.100000000000005 34.100000000000009 0.61162371633080947 2
decision_type=2 10 1 2 1 2 2 8 10 10 8 10 8 1
left_child=12 3 7 -2 6 10 -4 8 9 -3 -6 -12 13 -1
right_child=1 2 4 -5 5 -7 -8 -9 -10 -11 11 -13 -14 -15
leaf_value=0.0042132772645088329 -0.0054604972834350687 -0.012985609294726214 -0.040867742640412215 0.12524575084996312 0.0019184999094927948 0.23698884164294137 0.01823738192254247 -0.083104087781146571 -0.2117151642334901 0.055125648999127336 -0.05177656086052506 -0.032659349434274856 0.00041489797054601325 -0.010658670365118691
leaf_weight=1785 56 72 71 62 63 56 223 109 140 58 98 81 48770 2080
leaf_count=1785 56 72 71 62 63 56 223 109 140 58 98 81 48770 2080
internal_value=1.69368e-05 -0.00207952 -0.00326332 0.00739837 -0.000345964 -0.00402556 0.00339806 -0.00755076 -0.00458182 0.00207407 -0.00708502 -0.0100815 6.05053e-05 -0.00113049
internal_weight=53724 1089 971 118 592 298 294 379 270 130 242 179 52635 3865
internal_count=53724 1089 971 118 592 298 294 379 270 130 242 179 52635 3865
cat_boundaries=0 1 2 3
cat_threshold=16478 3 34093
is_linear=0
shrinkage=0.035


Tree=386
num_leaves=15
num_cat=1
split_feature=29 22 32 25 20 21 4 22 6 8 1 23 5 1
split_gain=4.01169 10.1186 9.10558 8.1992 6.72345 5.61273 11.4887 5.26647 5.22223 10.4734 7.60256 9.04903 6.40573 4.07995
threshold=0.99818282439137029 0.65532947738070646 0 3.5000000000000004 2388.4523809523812 1925.9545454545457 280.75000000000006 0.82585202494391363 19.050000000000004 5.9895290804794961 51.850000000000001 0.99633868679112336 9.5500000000000025 30.100000000000005
decision_type=2 10 1 2 10 2 8 10 10 2 10 10 10 8
left_child=-1 3 5 -2 7 -3 13 -4 12 -10 -11 -12 -9 -7
right_child=1 2 4 -5 -6 6 -8 8 9 10 11 -13 -14 -15
leaf_value=0.00017851912852819398 -0.0052693798785148401 -0.067540317485527912 -0.015339955910773747 0.12086214957021439 -0.02898186087695729 0.023327610058806805 -0.56296221432851723 0.0012367192027938757 -0.045934963183451367 0.065498176289123508 0.1420905832076084 -0.22612793310365506 0.033310429709207688 -0.035761131982372844
leaf_weight=52635 56 161 85 62 86 51 70 72 68 79 64 75 63 97
leaf_count=52635 56 161 85 62 86 51 70 72 68 79 64 75 63 97
internal_value=1.82397e-05 -0.00207952 -0.00326332 0.00739837 -0.000461285 -0.0073731 -0.00376682 0.00109589 0.00271127 0 0.00376682 -0.00121528 0.00825 0.00183007
internal_weight=53724 1089 971 118 592 379 218 506 421 286 218 139 135 148
internal_count=53724 1089 971 118 592 379 218 506 421 286 218 139 135 148
cat_boundaries=0 1
cat_threshold=16478
is_linear=0
shrinkage=0.035


Tree=387
num_leaves=15
num_cat=3
split_feature=22 32 3 23 1 13 16 26 5 29 32 17 30 32
split_gain=3.80215 14.0007 13.6667 13.0783 12.6874 13.1944 11.7063 10.733 10.2105 11.3802 11.3945 9.74551 19.2542 13.5657
threshold=0.87476551624994314 0 450.50000000000006 0.72525638203510823 297.25000000000006 490.50000000000006 50.173327995434313 335.50000000000006 100.50000000000001 -0.76141707087277943 1 31.466673086799684 -0.97874870457683594 2
decision_type=8 1 10 10 10 10 10 2 8 2 1 10 2 1
left_child=1 7 4 -4 11 6 -6 8 -1 -10 -11 -3 -13 -14
right_child=-2 2 3 -5 5 -7 -8 -9 9 10 -12 12 13 -15
leaf_value=0.0034345492447088693 -0.00042986164872061756 0.001401093968767464 -0.46588562899080888 0.27139432680869452 0.16543870824717291 -0.60045107729169878 1.1618823538218224 -0.10907198772356762 0.39063454562970584 0.1097661688992965 0.050052963314570396 -0.25495552318167197 -0.11266709206140321 0.037608406551945535
leaf_weight=1100 41198 7484 506 220 185 53 147 108 156 233 600 261 548 925
leaf_count=1100 41198 7484 506 220 185 53 147 108 156 233 600 261 548 925
internal_value=2.47539e-05 0.000558615 1.6918e-05 -0.00459644 0.000367923 0.00655128 0.00913947 0.00308544 0.00366046 0.00623239 0.00455251 0.000106256 -0.00225417 -0.000686739
internal_weight=53724 12526 10329 726 9603 385 332 2197 2089 989 833 9218 1734 1473
internal_count=53724 12526 10329 726 9603 385 332 2197 2089 989 833 9218 1734 1473
cat_boundaries=0 1 2 3
cat_threshold=388 128 37954
is_linear=0
shrinkage=0.035


Tree=388
num_leaves=15
num_cat=2
split_feature=16 22 32 23 23 22 0 32 2 3 1 23 1 8
split_gain=3.68521 3.7853 12.8736 12.7427 12.0594 18.9924 19.0228 11.618 10.0389 8.98839 11.8292 8.60485 12.1396 8.35935
threshold=1.0000000180025095e-35 0.87476551624994314 0 0.89675329827265726 0.41301601441261887 0.50538657577971635 50.050000000000004 1 23.950000000000003 12.050000000000002 23.950000000000003 0.31404353297100485 89.65000000000002 11.519395589336645
decision_type=8 8 1 10 8 10 10 1 8 8 10 8 10 2
left_child=-1 2 3 8 5 6 7 -4 13 -7 -11 12 -3 -2
right_child=1 11 4 -5 -6 9 -8 -9 -10 10 -12 -13 -14 -15
leaf_value=0.0028483610854127522 0.0084596444780423545 -0.0025632668685154274 -0.0058593108151426378 0.058952650163495483 0.0009349991817629589 0.0030996312753027891 -0.18668627039923694 0.033739884691394315 0.0053797984554685742 -0.12653082243685129 -0.14528634848944405 -0.00051582001401963458 2.699080531540353 0.20759170930569804
leaf_weight=73 194 88 110 446 8894 68 228 213 1982 138 192 40990 55 53
leaf_count=73 194 88 110 446 8894 68 228 213 1982 138 192 40990 55 53
internal_value=2.60567e-05 1.5003e-05 0.000547792 0.00269331 -3.90546e-05 -0.00377883 0.000440647 0.0058689 0.0016137 -0.00955335 -0.0119104 -0.000147188 0.00827703 0.00819444
internal_weight=53724 53651 12518 2675 9843 949 551 323 2229 398 330 41133 143 247
internal_count=53724 53651 12518 2675 9843 949 551 323 2229 398 330 41133 143 247
cat_boundaries=0 1 2
cat_threshold=16772 10307
is_linear=0
shrinkage=0.035


Tree=389
num_leaves=15
num_cat=2
split_feature=20 22 21 10 21 15 16 30 29 24 32 29 32 0
split_gain=3.49084 13.1158 12.6884 10.7891 11.2693 10.8279 9.63381 11.5845 11.5401 9.77474 16.4571 11.9128 8.68286 8.32954
threshold=829.2261904761906 0.64433746342902809 681.17692307692323 24.255000000000006 681.17692307692323 28.075000000000003 1.75119007154183 0.04621408538533487 0.72695311118111527 5.5000000000000009 0 0.35846314187849709 1 19.550000000000004
decision_type=10 8 2 8 2 2 10 2 2 2 1 2 1 10
left_child=1 2 -1 4 -3 13 -7 8 -8 10 11 -9 -11 -5
right_child=-2 3 -4 5 -6 6 7 9 -10 12 -12 -13 -14 -15
leaf_value=-0.0038818533065635391 0.00022715412250930657 0.038731016786029422 0.21834448508255222 -0.1968355288894113 1.2200252292027259e-05 0.099919124895992098 0.19859886542512656 -0.11357399629301035 -0.093303578621608818 -0.22598207949743088 -0.048372728316503279 0.1116302292669876 0.0032545639276646203 -0.033986755649897435
leaf_weight=144 50456 82 127 53 184 52 50 90 544 105 1104 581 102 50
leaf_count=144 50456 82 127 53 184 52 50 90 544 105 1104 581 102 50
internal_value=1.69368e-05 -0.00109074 0.00621377 -0.00176049 0.00490775 -0.00241776 -0.00196734 -0.00227819 -0.00654424 -0.000986412 -0.00013764 0.00413265 -0.00808962 -0.013287
internal_weight=53724 3268 271 2997 266 2731 2628 2576 594 1982 1775 671 207 103
internal_count=53724 3268 271 2997 266 2731 2628 2576 594 1982 1775 671 207 103
cat_boundaries=0 1 2
cat_threshold=46144 58432
is_linear=0
shrinkage=0.035


Tree=390
num_leaves=15
num_cat=2
split_feature=20 32 23 5 6 30 1 5 22 32 10 6 24 23
split_gain=3.45266 8.54659 11.0606 11.0912 12.7511 7.74986 9.47933 7.96086 7.47914 10.2843 8.16292 17.951 7.39756 7.13156
threshold=791.83333333333337 0 1.0057874091937598 2320.0000000000005 82.100000000000009 0.04621408538533487 57.550000000000004 178.25000000000003 0.88944039368958083 1 24.255000000000006 46.050000000000004 1.5000000000000002 0.85591394755125461
decision_type=10 1 8 8 8 2 10 8 8 1 8 8 2 8
left_child=1 2 3 4 -1 6 -3 -8 9 -7 -10 -12 -4 -9
right_child=-2 5 12 -5 -6 8 7 13 10 -11 11 -13 -14 -15
leaf_value=0.010841370546917998 0.00020585781490141343 -0.0078947885051528933 0.030726241087650374 -0.21309517181016668 0.43890288971683566 0.086059194123173671 -0.18927851741234097 0.051956666125844965 0.015171361265400153 -0.014647984627663322 -0.15860025276983711 -0.035490323453402195 -0.099170639515296172 -0.47633959829786227
leaf_weight=101 51084 244 81 70 84 219 110 77 71 191 133 1035 168 56
leaf_count=101 51084 244 81 70 84 219 110 77 71 191 133 1035 168 56
internal_value=1.5634e-05 -0.00121739 0.00283237 0.00794231 0.0123421 -0.00218038 -0.00604675 -0.0108669 -0.00103688 0.00303614 -0.00239148 -0.00310315 -0.00234252 -0.00481884
internal_weight=53724 2640 504 255 185 2136 487 243 1649 410 1239 1168 249 133
internal_count=53724 2640 504 255 185 2136 487 243 1649 410 1239 1168 249 133
cat_boundaries=0 1 2
cat_threshold=9217 32922
is_linear=0
shrinkage=0.035


Tree=391
num_leaves=15
num_cat=2
split_feature=20 32 23 5 6 6 10 30 23 19 24 16 3 33
split_gain=3.87289 7.75006 9.93548 10.1082 10.6341 7.88343 10.6439 8.33454 8.86005 8.31062 7.39756 6.93492 7.31322 6.88418
threshold=791.83333333333337 0 1.0057874091937598 2320.0000000000005 82.100000000000009 19.550000000000004 24.255000000000006 0.04621408538533487 0.77106788556136252 36.51250000000001 1.5000000000000002 10.198039027182629 74.950000000000017 1
decision_type=10 1 8 8 8 10 10 2 8 10 2 8 10 1
left_child=1 2 3 4 -1 11 -7 8 -8 -9 -4 -3 -13 -2
right_child=13 5 10 -5 -6 6 7 9 -10 -11 -12 12 -14 -15
leaf_value=0.010461922577775878 0.0051560987327472678 -0.00033558010017927577 0.029650822649582659 -0.20563684079681432 0.42354128857674661 0.0415075341938939 -0.0035726774836830448 -0.070471486640524189 -0.16151054938558176 -0.0021097634923442857 -0.095699667132260788 -0.47303042200648526 -0.18175151944033219 -0.00036320037750045222
leaf_weight=101 11293 118 81 70 84 140 166 70 227 1255 168 60 100 39791
leaf_count=101 11293 118 81 70 84 140 166 70 227 1255 168 60 100 39791
internal_value=9.11984e-06 -0.00129679 0.00256262 0.00740385 0.0116053 -0.00221292 -0.00139023 -0.00215322 -0.00659548 -0.000815789 -0.00234252 -0.00766784 -0.012303 7.67288e-05
internal_weight=53724 2640 504 255 185 2136 1858 1718 393 1325 249 278 160 51084
internal_count=53724 2640 504 255 185 2136 1858 1718 393 1325 249 278 160 51084
cat_boundaries=0 1 2
cat_threshold=9217 2
is_linear=0
shrinkage=0.035


Tree=392
num_leaves=15
num_cat=2
split_feature=20 26 32 6 7 30 22 3 32 8 1 8 20 29
split_gain=4.1371 7.59971 7.53006 7.63892 11.904 9.86755 14.9828 8.32705 7.83688 7.68797 13.3371 7.6117 8.67659 8.9401
threshold=791.83333333333337 12.500000000000002 0 19.550000000000004 23.936141304347831 0.04621408538533487 0.88944039368958083 55.100000000000009 1 15.755522526399877 57.550000000000004 108.80115949249456 690.77380952380963 0.8697513045430848
decision_type=10 2 1 10 2 2 10 10 1 2 10 2 10 2
left_child=1 -1 -3 -4 -5 9 11 -8 -9 -6 -11 12 13 -7
right_child=-2 2 3 4 5 6 7 8 -10 10 -12 -13 -14 -15
leaf_value=-0.42301440996338768 0.0001730821763068291 0.010933723262408589 -0.021063377731840541 0.053522154221662253 -0.13421363800050395 -0.0076961124336801766 -0.11049162539346932 0.025134338926788919 -0.079609932898809604 0.067314879063472818 -0.21148767400237176 -0.25200447744940224 0.24963315024102525 0.13823084085467408
leaf_weight=73 51084 936 197 58 103 110 131 422 205 78 137 61 76 53
leaf_count=73 51084 936 197 58 103 110 131 422 205 78 137 61 76 53
internal_value=0 -0.00134972 -0.00102061 -0.00244532 -0.00155664 -0.00223027 -0.000592662 -0.00321101 -0.00149525 -0.00758514 -0.00365909 0.00596721 0.00875 0.00395833
internal_weight=53724 2640 2567 1631 1434 1376 1058 758 627 318 215 300 239 163
internal_count=53724 2640 2567 1631 1434 1376 1058 758 627 318 215 300 239 163
cat_boundaries=0 1 2
cat_threshold=46081 2886
is_linear=0
shrinkage=0.035


Tree=393
num_leaves=15
num_cat=1
split_feature=20 26 6 13 29 25 17 11 0 14 6 22 33 30
split_gain=3.81132 7.67511 6.8919 11.3514 8.49738 7.6112 10.2705 10.2526 6.76544 6.71245 10.2416 6.57171 6.41298 14.481
threshold=791.83333333333337 12.500000000000002 270.75000000000006 165.12500000000003 0.81428061195174062 3.5000000000000004 34.078563420412372 28.369318181818183 2505.0000000000005 3225.0000000000005 1703.0000000000002 1.1761347337401558 0 0.94353349168649059
decision_type=10 2 10 8 2 2 10 8 8 10 10 10 1 2
left_child=1 -1 3 5 8 6 11 -7 -4 10 12 -3 13 -2
right_child=9 2 4 -5 -6 7 -8 -9 -10 -11 -12 -13 -14 -15
leaf_value=-0.40820890561466916 0.001760357375941988 0.0010723633156628587 0.70190701965325875 -0.20877302286081398 -0.025609364765633701 0.012137335306757029 0.23556243195380616 -0.068704182205269831 -0.1447920400379212 8.6513510321612728 -0.35967512384473482 -0.13175634503156758 -0.00030885479696130208 0.08729417025800619
leaf_weight=73 10246 1032 232 316 411 56 70 307 59 54 297 84 39499 988
leaf_count=73 10246 1032 232 316 411 56 70 307 59 54 297 84 39499 988
internal_value=-1.30283e-06 -0.00129679 -0.000966174 -0.00207754 0.0019802 -0.000833333 0.000528967 -0.00523098 0.00650338 6.57676e-05 5.21211e-05 -0.000312221 9.03662e-05 0.000827629
internal_weight=53724 2640 2567 1865 702 1549 1186 363 291 51084 51030 1116 50733 11234
internal_count=53724 2640 2567 1865 702 1549 1186 363 291 51084 51030 1116 50733 11234
cat_boundaries=0 1
cat_threshold=2
is_linear=0
shrinkage=0.035


Tree=394
num_leaves=15
num_cat=1
split_feature=20 22 21 10 6 4 15 21 2 17 14 6 23 33
split_gain=3.50892 8.61413 10.2507 9.35811 12.0895 11.8106 10.5957 10.3508 8.04044 8.6558 6.71268 11.0651 6.54763 6.3626
threshold=816.90476190476204 0.64433746342902809 681.17692307692323 24.255000000000006 450.50000000000006 400.50000000000006 2212.5000000000005 681.17692307692323 24.550000000000004 101.52437743670725 3225.0000000000005 1703.0000000000002 0.91473535026372299 0
decision_type=10 8 2 8 10 10 2 2 8 10 10 10 8 1
left_child=1 2 -1 7 8 -6 -7 -3 -5 -10 11 13 -9 -2
right_child=10 3 -4 4 5 6 -8 12 9 -11 -12 -13 -14 -15
leaf_value=-0.0033126030320575154 0.0053171823490414036 0.036925365121997282 0.1967970413173119 -0.12880161750193242 -0.47189787564241165 0.55371698063392649 -0.60257401248427644 0.015199722846513542 -0.033166850804064299 -1.3989266950233206 8.348553746035634 -0.35027844835767047 -0.011536012921219535 -0.00029804487906766043
leaf_weight=144 10819 82 117 53 51 298 58 76 1995 93 54 295 90 39499
leaf_count=144 10819 82 117 53 51 298 58 76 1995 93 54 295 90 39499
internal_value=-3.9085e-06 -0.00115447 0.00486842 -0.00172438 -0.00235801 0.0031432 0.00542936 0.00470356 -0.00340867 -0.00304348 6.56181e-05 5.1859e-05 -0.000409357 9.18069e-05
internal_weight=53724 3057 261 2796 2548 407 356 248 2141 2088 50667 50613 166 50318
internal_count=53724 3057 261 2796 2548 407 356 248 2141 2088 50667 50613 166 50318
cat_boundaries=0 1
cat_threshold=2
is_linear=0
shrinkage=0.035


Tree=395
num_leaves=15
num_cat=2
split_feature=21 16 29 29 16 1 3 32 23 1 22 32 0 14
split_gain=3.52745 9.68013 12.1885 10.963 15.4824 10.9684 16.3439 10.7946 13.4024 20.7389 12.8128 12.391 11.63 24.7447
threshold=2420.0925925925931 107.61483346155016 -0.79384350655589164 -0.43733984355855576 4.6157081405429503 6.1000000000000005 34.100000000000009 0 0.99383096619019362 46.050000000000004 0.88696215972411474 1 87.050000000000011 138.25000000000003
decision_type=2 10 2 2 8 8 10 1 8 10 10 1 8 8
left_child=-1 3 -3 -2 5 -5 -7 8 9 -6 -11 -10 -9 -14
right_child=1 2 -4 4 7 6 -8 12 11 10 -12 -13 13 -15
leaf_value=-0.00042738207294632961 0.0074415108451037163 -0.42013586888534493 0.69022031860517963 -0.0017142318024388071 -0.014613891924206543 0.0095663093836298261 -0.0071286895832743018 -0.05123652347752343 -0.10383054330045646 0.001631953057709339 0.33633098039992937 0.045806296091971038 0.054305090462418167 -0.17637753220848199
leaf_weight=43074 3585 87 567 350 267 1501 900 687 822 119 209 161 425 970
leaf_count=43074 3585 87 567 350 267 1501 900 687 822 119 209 161 425 970
internal_value=-5.21134e-06 0.000564993 0.00467375 0.000293971 -0.000572787 0.00140965 0.00225478 -0.00206276 0.000131827 0.00425833 0.0100901 -0.00237348 -0.00370529 -0.001875
internal_weight=53724 10650 654 9996 6411 2751 2401 3660 1578 595 328 983 2082 1395
internal_count=53724 10650 654 9996 6411 2751 2401 3660 1578 595 328 983 2082 1395
cat_boundaries=0 1 2
cat_threshold=42290 9474
is_linear=0
shrinkage=0.035


Tree=396
num_leaves=15
num_cat=2
split_feature=21 6 22 1 23 6 23 30 0 32 0 32 19 22
split_gain=3.39743 7.15567 7.35484 6.95629 5.21782 3.26647 14.5029 12.7001 17.3568 18.4842 15.4028 11.3033 11.4485 11.1942
threshold=642.81250000000011 1005.0000000000001 0.92743311309672294 125.25000000000001 1.0176834797836083 118.10000000000001 0.13344941042644634 -0.6523320455745395 300.80000000000007 0 280.75000000000006 1 106.77500000000002 1.023867847591178
decision_type=2 8 10 8 10 10 8 2 8 1 10 1 10 10
left_child=1 2 3 -1 -4 -2 -7 8 10 13 11 -8 -13 -10
right_child=5 -3 4 -5 -6 6 7 -9 9 -11 -12 12 -14 -15
leaf_value=-0.0049509121666412841 -0.00034188429295057388 -0.24074848752333539 -0.19159873864688609 0.15609485339930346 0.017139950989153052 1.3210495758121477 -0.070357730180841169 0.032714871758552706 -0.27941002537460369 -0.052311253755791542 0.40219236466490349 0.15124938254666753 0.0054076714735261794 -0.048118910653520364
leaf_weight=132 37860 57 105 69 59 75 408 10423 587 1355 175 173 1942 304
leaf_count=132 37860 57 105 69 59 75 408 10423 587 1355 175 173 1942 304
internal_value=-5.21134e-06 -0.00311475 -0.00122973 0.00322816 -0.00662722 1.96972e-05 0.000448631 0.000371129 -0.00108911 -0.00335851 0.000802812 9.69146e-05 0.0011338 -0.00722406
internal_weight=53724 422 365 201 164 53302 15442 15367 4944 2246 2698 2523 2115 891
internal_count=53724 422 365 201 164 53302 15442 15367 4944 2246 2698 2523 2115 891
cat_boundaries=0 1 2
cat_threshold=26698 8385
is_linear=0
shrinkage=0.035


Tree=397
num_leaves=15
num_cat=1
split_feature=21 16 9 29 16 3 3 32 26 25 4 29 29 22
split_gain=3.3832 8.73432 12.2482 10.5911 14.7538 11.5003 14.3904 11.3554 11.2947 12.0685 10.7592 10.1166 11.9461 10.0956
threshold=2420.0925925925931 107.61483346155016 2542.5000000000005 -0.43733984355855576 4.6157081405429503 6.0500000000000007 34.100000000000009 0 19.500000000000004 1.5000000000000002 411.00000000000006 -0.30983472475487867 -0.099819732675876835 0.68363360969387765
decision_type=2 10 8 2 8 8 10 1 2 2 8 2 2 10
left_child=-1 3 -3 10 5 -5 -7 8 -6 -10 -2 -8 -13 -11
right_child=1 2 -4 4 7 6 11 -9 9 13 -12 12 -14 -15
leaf_value=-0.00041340621578699115 0.0043233266333557643 1.409689566063097 0.16745158534658461 -0.0011960780938607698 0.2012983363458343 0.010940811094012287 -0.066582346691972744 -0.048233325905092744 -0.13917928507542993 0.12447881385111685 0.056891309100738342 0.043579971747479594 -0.0089882019437846072 0.00019204046505066688
leaf_weight=43074 3179 207 447 397 96 1454 76 2775 56 56 406 92 732 677
leaf_count=43074 3179 207 447 397 96 1454 76 2775 56 56 406 92 732 677
internal_value=0 0.000558423 0.00446131 0.00030097 -0.000550966 0.00138425 0.00231454 -0.00200546 0.00143889 4.40806e-05 0.00182312 -0.00116022 0 0.00128049
internal_weight=53724 10650 654 9996 6411 2751 2354 3660 885 789 3585 900 824 733
internal_count=53724 10650 654 9996 6411 2751 2354 3660 885 789 3585 900 824 733
cat_boundaries=0 1
cat_threshold=42082
is_linear=0
shrinkage=0.035


Tree=398
num_leaves=15
num_cat=1
split_feature=21 23 22 9 1 30 5 1 6 30 0 32 0 24
split_gain=3.51517 9.47157 13.878 7.48988 8.82759 5.55878 5.06839 5.8806 4.22946 11.1429 18.845 18.3078 13.5307 10.9207
threshold=3027.3863636363644 0.876210869786887 0.83274611571554291 3155.0000000000005 155.30000000000004 -0.022575793296316496 100.50000000000001 51.850000000000001 118.10000000000001 -0.6523320455745395 300.80000000000007 0 280.75000000000006 5.5000000000000009
decision_type=2 8 10 10 8 2 10 10 10 2 8 1 8 2
left_child=8 2 -2 4 6 -4 7 -3 -1 10 12 -12 -10 -11
right_child=1 3 5 -5 -6 -7 -8 -9 9 13 11 -13 -14 -15
leaf_value=-0.00054221655253876126 0.029527354274307388 0.024880996157514101 -0.015276513443753272 -0.00090342329480627378 -0.024497249667222009 -0.027715122830983666 0.25681918119194724 -0.010842159499224948 0.0033394712414002471 0.045602252007704187 -0.2282777547062898 -0.049992410945435641 0.3881301011191835 -0.079129729346593652
leaf_weight=37301 81 205 54 165 97 72 54 85 2529 9722 891 1351 175 942
leaf_count=37301 81 205 54 165 97 72 54 85 2529 9722 891 1351 175 942
internal_value=-9.11984e-06 0.00226773 -0.00412736 0.00446809 0.00682735 -0.0112214 0.00942693 0.00735593 -4.43155e-05 0.000439321 -0.000933145 -0.00330218 0.00103359 0.00107601
internal_weight=53724 813 207 606 441 126 344 290 52911 15610 4946 2242 2704 10664
internal_count=53724 813 207 606 441 126 344 290 52911 15610 4946 2242 2704 10664
cat_boundaries=0 1
cat_threshold=26698
is_linear=0
shrinkage=0.035


Tree=399
num_leaves=15
num_cat=1
split_feature=20 22 21 10 6 4 21 10 15 10 15 4 32 5
split_gain=3.17469 10.4558 10.143 8.90455 9.49938 9.82452 9.02167 8.36027 7.79326 11.5716 7.60506 6.92232 7.42161 9.77631
threshold=829.2261904761906 0.64433746342902809 681.17692307692323 24.255000000000006 450.50000000000006 400.50000000000006 681.17692307692323 538.53571428571433 28.075000000000003 474.47619047619054 2212.5000000000005 431.00000000000006 0 108.10000000000001
decision_type=10 8 2 8 10 10 2 10 2 8 2 10 1 10
left_child=1 2 -1 6 7 -6 -3 8 -5 11 -7 12 13 -10
right_child=-2 3 -4 4 5 10 -8 -9 9 -11 -12 -13 -14 -15
leaf_value=-0.0031362908062376872 0.0001557813696114252 0.035468074332777898 0.18996951599090386 -0.14517999232312567 -0.46192459797555407 0.40666968120642372 -0.00012079770974327664 -1.6374470195338502 -0.031424072024432863 0.2531456711951669 -0.58419559378902708 -0.82492858056571017 -0.053673311116227189 0.060331192631598619
leaf_weight=144 50456 82 127 103 52 311 184 53 600 79 60 55 1021 397
leaf_count=144 50456 82 127 103 52 311 184 53 600 79 60 55 1021 397
internal_value=-1.30283e-05 -0.00106936 0.0054529 -0.00166722 -0.00226425 0.00253505 0.00439114 -0.00314743 -0.0028031 -0.00233658 0.00456117 -0.00284649 -0.00249135 -0.000311265
internal_weight=53724 3268 271 2997 2731 423 266 2308 2255 2152 371 2073 2018 997
internal_count=53724 3268 271 2997 2731 423 266 2308 2255 2152 371 2073 2018 997
cat_boundaries=0 1
cat_threshold=42790
is_linear=0
shrinkage=0.035


end of trees

feature_importances:
lag_1=935
market_code=763
recent_ratio=556
mean_7=413
lag_2=394
trend_ratio=310
median_7=283
std_7=259
weekday=167
season_cos=159
lag_28=118
lag_7=108
std_14=103
year_day=98
season_sin=95
rolling_std=94
lag_21=91
weekly_seasonal=77
price_mean_28=77
commodity_code=71
lag_14=67
price_mean_7=63
lag_3=59
price_lag=58
mean_14=58
median_14=50
median_28=36
rolling_mean=24
month=8
weekday_sin=3
weekday_cos=3

parameters:
[boosting: gbdt]
[objective: regression_l1]
[metric: l1]
[tree_learner: serial]
[device_type: cpu]
[data_sample_strategy: bagging]
[data: ]
[valid: ]
[num_iterations: 400]
[learning_rate: 0.035]
[num_leaves: 15]
[num_threads: 2]
[seed: 42]
[deterministic: 1]
[force_col_wise: 1]
[force_row_wise: 0]
[histogram_pool_size: -1]
[max_depth: -1]
[min_data_in_leaf: 50]
[min_sum_hessian_in_leaf: 0.001]
[bagging_fraction: 1]
[pos_bagging_fraction: 1]
[neg_bagging_fraction: 1]
[bagging_freq: 0]
[bagging_seed: 400]
[bagging_by_query: 0]
[feature_fraction: 1]
[feature_fraction_bynode: 1]
[feature_fraction_seed: 30056]
[extra_trees: 0]
[extra_seed: 12879]
[early_stopping_round: 0]
[early_stopping_min_delta: 0]
[first_metric_only: 0]
[max_delta_step: 0]
[lambda_l1: 0]
[lambda_l2: 5]
[linear_lambda: 0]
[min_gain_to_split: 0]
[drop_rate: 0.1]
[max_drop: 50]
[skip_drop: 0.5]
[xgboost_dart_mode: 0]
[uniform_drop: 0]
[drop_seed: 17869]
[top_rate: 0.2]
[other_rate: 0.1]
[min_data_per_group: 100]
[max_cat_threshold: 32]
[cat_l2: 10]
[cat_smooth: 10]
[max_cat_to_onehot: 4]
[top_k: 20]
[monotone_constraints: ]
[monotone_constraints_method: basic]
[monotone_penalty: 0]
[feature_contri: ]
[forcedsplits_filename: ]
[refit_decay_rate: 0.9]
[cegb_tradeoff: 1]
[cegb_penalty_split: 0]
[cegb_penalty_feature_lazy: ]
[cegb_penalty_feature_coupled: ]
[path_smooth: 0]
[interaction_constraints: ]
[verbosity: -1]
[saved_feature_importance_type: 0]
[use_quantized_grad: 0]
[num_grad_quant_bins: 4]
[quant_train_renew_leaf: 0]
[stochastic_rounding: 1]
[linear_tree: 0]
[max_bin: 255]
[max_bin_by_feature: ]
[min_data_in_bin: 3]
[bin_construct_sample_cnt: 200000]
[data_random_seed: 175]
[is_enable_sparse: 1]
[enable_bundle: 1]
[use_missing: 1]
[zero_as_missing: 0]
[feature_pre_filter: 1]
[pre_partition: 0]
[two_round: 0]
[header: 0]
[label_column: ]
[weight_column: ]
[group_column: ]
[ignore_column: ]
[categorical_feature: 31,32,33]
[forcedbins_filename: ]
[precise_float_parser: 0]
[parser_config_file: ]
[objective_seed: 16083]
[num_class: 1]
[is_unbalance: 0]
[scale_pos_weight: 1]
[sigmoid: 1]
[boost_from_average: 1]
[reg_sqrt: 0]
[alpha: 0.9]
[fair_c: 1]
[poisson_max_delta_step: 0.7]
[tweedie_variance_power: 1.5]
[lambdarank_truncation_level: 30]
[lambdarank_norm: 1]
[label_gain: ]
[lambdarank_position_bias_regularization: 0]
[eval_at: ]
[multi_error_top_k: 1]
[auc_mu_weights: ]
[num_machines: 1]
[local_listen_port: 12400]
[time_out: 120]
[machine_list_filename: ]
[machines: ]
[gpu_platform_id: -1]
[gpu_device_id: -1]
[gpu_device_id_list: ]
[gpu_use_dp: 0]
[num_gpu: 1]

end of parameters

pandas_categorical:[]
