tree
version=v4
num_class=1
num_tree_per_iteration=1
label_index=0
max_feature_idx=33
objective=regression
feature_names=lag_1 lag_2 lag_3 lag_7 lag_14 lag_21 lag_28 rolling_mean rolling_std price_lag mean_7 mean_14 mean_28 median_7 median_14 median_28 std_7 std_14 std_28 weekly_seasonal price_mean_7 price_mean_28 trend_ratio recent_ratio weekday month year_day weekday_sin weekday_cos season_sin season_cos state_code market_code commodity_code
feature_infos=[0.01:9250] [0.01:9050] [0.01:11150] [0.01:11150] [0.01:11150] [0.01:11150] [0.01:11150] [1.0333333333333334:6209.5238095238092] [0.076138698762687571:2368.4079442689313] [500:5500] [0.024999999999999998:7175] [0.042727272727272565:7100] [1.0333333333333334:6209.5238095238092] [0.01:7150] [0.01:7050] [0.01:6600] [0:5095.8308122097878] [0:3219.2069416757499] [0.076138698762687571:2368.4079442689313] [0.01:6433.333333333333] [516:4016.6666666666665] [551.08695652173913:3472.608695652174] [0.0097951914514692786:3.2754889721181852] [0.0013347439657519877:10.347510373443981] [0:6] [1:12] [1:365] [-0.97492791218182362:0.97492791218182362] [-0.90096886790241903:1] [-0.9999994220246925:0.99998555065071859] [-0.99997919295908233:0.9999907524084426] none -1:13:10:5:8:14:12:11:3:15:6:1:2:0:7:4:9 -1:1:0:3:2
tree_sizes=1439 1517 1513 1514 1519 1519 1523 1520 1521 1522 1512 1523 1526 1516 1527 1523 1518 1524 1514 1520 1514 1523 1516 1520 1518 1520 1517 1521 1520 1519 1523 1519 1526 1522 1524 1515 1524 1514 1528 1527 1515 1525 1533 1531 1523 1527 1514 1524 1524 1520 1519 1527 1525 1515 1528 1526 1523 1526 1528 1529 1517 1532 1523 1525 1520 1525 1519 1534 1544 1533 1545 1521 1517 1530 1525 1529 1530 1501 1520 1515 1525 1532 1524 1537 1533 1532 1514 1534 1528 1518 1509 1547 1510 1543 1535 1527 1525 1546 1527 1540 1548 1532 1539 1549 1545 1543 1563 1543 1567 1558 1552 1526 1568 1551 1549 1544 1556 1551 1548 1564 1552 1568 1548 1519 1534 1571 1546 1535 1532 1552 1538 1569 1535 1551 1529 1547 1563 1552 1551 1527 1547 1551 1526 1544 1543 1541 1549 1548 1544 1534 1531 1541 1520 1524 1542 1537 1534 1513 1563 1525 1536 1523 1545 1536 1540 1516 1527 1513 1521 1510 1547 1518 1568 1527 1520 1501 1537 1540 1537 1512 1521 1545 1535 1506 1536 1534 1555 1510 1533 1510 1536 1501 1562 1558 1526 1546 1532 1520 1522 1532 1511 1517 1504 1535 1553 1529 1541 1558 1498 1533 1560 1518 1530 1533 1509 1565 1532 1508 1534 1566 1506 1552 1541 1522 1512 1537 1514 1529 1533 1503 1536 1529 1527 1531 1546 1517 1524 1537 1521 1522 1537 1519 1530 1540 1498 1530 1540 1557 1557 1523 1533 1557 1542 1547 1515 1527 1527 1550 1507 1518 1523 1531 1514 1524 1505 1520 1537 1542 1531 1513 1543 1541 1522 1551 1520 1522 1513 1529 1547 1518 1521 1521 1516 1512 1527 1541 1543 1530 1543 1522 1519 1526 1511 1511 1520 1558 1535 1540 1544 1511 1534 1544 1540 1541 1520 1535 1517 1504 1503 1512 1540 1533 1517 1517 1534 1531 1517 1510 1520 1519 1546 1520 1524 1518 1536 1533 1528 1524 1520 1532 1513 1521 1524 1532 1515 1528 1527 1550 1518 1522 1513 1529 1516 1519 1527 1534 1490 1553 1544 1523 1522 1517 1523 1521 1514 1526 1553 1534 1546 1512 1529 1514 1531 1537 1530 1537 1518 1514 1531 1518 1536 1538 1525 1517 1539 1549 1524 1491 1544 1497 1519 1529 1522 1525 1523 1534 1523 1523 1505 1511 1499 1515 1536 1505 1508 1540 1513 1536 1498 1511

Tree=0
num_leaves=15
num_cat=0
split_feature=10 10 10 13 10 10 13 13 13 10 10 0 10 10
split_gain=69070.6 13303.5 12945.1 2171.98 1739.71 1561.3 1446.12 355.356 334.923 294.565 279.643 236.86 231.44 210.774
threshold=59.175000000000004 228.6428571428572 14.008333333333335 620.25000000000011 30.715476190476192 5.6083333333333352 110.10000000000001 1367.5000000000002 350.25000000000006 22.607142857142865 3.0500000000000003 46.100000000000009 152.88690476190479 81.683333333333351
decision_type=10 10 8 10 8 10 10 10 10 10 10 10 10 10
left_child=2 6 5 8 9 10 13 -5 -3 -4 -1 -6 -8 -2
right_child=1 3 4 7 11 -7 12 -9 -10 -11 -12 -13 -14 -15
leaf_value=3.9596520792395924 4.0704209959523876 4.1191657569244082 4.0251952802327482 4.1557966607387975 4.0495756975627399 4.0031965819924009 4.0914354618480235 4.1865261002984457 4.134840208901938 4.0378525284990276 3.9813374974616131 4.0617544496574807 4.1037986923770706 4.0814490593636634
leaf_weight=1287 4398 3633 4413 2168 6605 5614 4472 666 3364 4730 2214 2782 3263 4115
leaf_count=1287 4398 3633 4413 2168 6605 5614 4472 666 3364 4730 2214 2782 3263 4115
internal_value=4.06432 4.10518 4.02578 4.13731 4.04259 3.99164 4.08572 4.16322 4.12675 4.03173 3.97323 4.05318 4.09667 4.07576
internal_weight=53724 26079 27645 9831 18530 9115 16248 2834 6997 9143 3501 9387 7735 8513
internal_count=53724 26079 27645 9831 18530 9115 16248 2834 6997 9143 3501 9387 7735 8513
is_linear=0
shrinkage=1


Tree=1
num_leaves=15
num_cat=0
split_feature=10 10 13 13 10 10 10 13 10 10 10 0 0 10
split_gain=64328.6 12391.1 12061.4 2023.77 1544.64 1540.67 1348.53 331.515 317.559 313.788 280.731 206.896 200.178 198.263
threshold=59.175000000000004 228.6428571428572 14.025000000000002 620.25000000000011 6.1196428571428578 31.530952380952382 111.84523809523812 1367.5000000000002 3.4025000000000003 353.45238095238102 22.607142857142865 169.75000000000003 47.050000000000004 81.683333333333351
decision_type=10 10 8 10 10 8 10 10 10 10 10 10 10 10
left_child=2 6 4 9 8 10 13 -5 -1 -3 -4 -8 -7 -2
right_child=1 3 5 7 -6 12 11 -9 -10 -11 -12 -13 -14 -15
leaf_value=-0.099395276568656751 0.0058853879670689047 0.052838835368810781 -0.037362165970675369 0.088280027768166638 -0.057300180409661269 -0.013681324459291501 0.027678461487009458 0.11795844566260205 -0.077984576883900453 0.068003942932647679 -0.025070323726908136 0.040626269521260833 -0.0022369578745691822 0.016556479601175046
leaf_weight=1500 4398 3601 4187 2168 5433 6307 5574 666 2427 3396 5126 2124 2665 4152
leaf_count=1500 4398 3601 4187 2168 5433 6307 5574 666 2427 3396 5126 2124 2665 4152
internal_value=3.16206e-07 0.0394284 -0.0371947 0.0704352 -0.0694978 -0.0206445 0.0206516 0.09545 -0.0862788 0.0602425 -0.0306137 0.031275 -0.0102851 0.0110741
internal_weight=53724 26079 27645 9831 9360 18285 16248 2834 3927 6997 9313 7698 8972 8550
internal_count=53724 26079 27645 9831 9360 18285 16248 2834 3927 6997 9313 7698 8972 8550
is_linear=0
shrinkage=0.035


Tree=2
num_leaves=15
num_cat=0
split_feature=10 10 10 10 13 10 10 10 0 10 13 10 10 0
split_gain=59924.9 12389.8 10317.7 1706.47 1666.65 1573.66 1153.31 297.015 264.152 263.177 254.497 243.288 220.992 212.081
threshold=66.02500000000002 15.323809523809526 254.08333333333334 32.50833333333334 671.25000000000011 6.1196428571428578 121.70833333333336 3.0500000000000003 49.050000000000004 400.16666666666669 1367.5000000000002 23.00714285714286 10.208333333333336 180.25000000000003
decision_type=10 8 10 8 10 10 10 10 10 10 10 10 10 10
left_child=1 5 6 11 9 7 -2 -1 -5 -4 -6 -3 -7 -8
right_child=2 3 4 8 10 12 13 -9 -10 -11 -12 -13 -14 -15
leaf_value=-0.097555666152537801 0.014025680573278345 -0.034965359373857655 0.054322607291429348 -0.01185398851969623 0.086932818867180822 -0.061202929374209174 0.029251312630883434 -0.076129985200596842 5.5516645834973122e-05 0.068852207463827322 0.11386066195772943 -0.023523912084448137 -0.047205423394706604 0.04261510616156429
leaf_weight=1287 8327 4022 3776 6475 1828 2996 5049 2640 3521 2811 666 5399 2828 2099
leaf_count=1287 8327 4022 3776 6475 1828 2996 5049 2640 3521 2811 666 5399 2828 2099
internal_value=6.46567e-07 -0.0339134 0.040283 -0.01774 0.069891 -0.0660936 0.0228915 -0.083267 -0.00766104 0.0605706 0.0943371 -0.0284244 -0.0544524 0.0332026
internal_weight=53724 29168 24556 19417 9081 9751 15475 3927 9996 6587 2494 9421 5824 7148
internal_count=53724 29168 24556 19417 9081 9751 15475 3927 9996 6587 2494 9421 5824 7148
is_linear=0
shrinkage=0.035


Tree=3
num_leaves=15
num_cat=0
split_feature=10 10 10 10 10 13 10 10 13 10 10 10 10 10
split_gain=55829 10752.1 10486.2 1762.28 1560.31 1179.03 1127.09 293.757 268.455 262.027 221.047 205.103 194.061 174.249
threshold=59.175000000000004 228.6428571428572 13.173333333333336 635.33333333333337 28.838095238095246 110.10000000000001 4.9183333333333339 371.4500000000001 1367.5000000000002 39.676190476190477 8.2242857142857151 21.338095238095242 152.88690476190479 81.683333333333351
decision_type=10 10 8 10 8 10 10 10 10 8 10 10 10 10
left_child=2 5 6 7 11 13 -1 -3 -5 -6 -8 -4 -7 -2
right_child=1 3 4 8 9 12 10 -9 -10 -11 -12 -13 -14 -15
leaf_value=-0.084781782456714985 0.0053917459981232471 0.049903081704586294 -0.036764495028992289 0.082878775585324388 -0.016658055311693704 0.024334832561558693 -0.065137042484483404 0.064514888059365588 0.10990523589201738 -0.005615539709006862 -0.051040261176871445 -0.0257705808433716 0.035652357928934786 0.015418470963734138
leaf_weight=2837 4398 3975 4240 2040 5242 4472 2706 3150 666 5298 3095 4227 3263 4115
leaf_count=2837 4398 3975 4240 2040 5242 4472 2706 3150 666 5298 3095 4227 3263 4115
internal_value=8.11388e-07 0.0367319 -0.03465 0.0656153 -0.0201089 0.0192409 -0.0666159 0.0564037 0.089721 -0.0111128 -0.0576664 -0.0312944 0.0291291 0.0102447
internal_weight=53724 26079 27645 9831 19007 16248 8638 7125 2706 10540 5801 8467 7735 8513
internal_count=53724 26079 27645 9831 19007 16248 8638 7125 2706 10540 5801 8467 7735 8513
is_linear=0
shrinkage=0.035


Tree=4
num_leaves=15
num_cat=0
split_feature=10 10 10 10 10 10 10 10 10 0 13 0 10 0
split_gain=51999.2 10757.8 8959.09 1482.56 1449.12 1367.82 1004.57 273.305 260.4 251.643 199.151 197.77 191.982 189.918
threshold=66.02500000000002 15.323809523809526 254.08333333333334 34.510000000000012 697.15476190476204 6.1196428571428578 128.84523809523813 2.6266666666666674 23.50714285714286 420.75000000000006 1367.5000000000002 97.750000000000014 10.208333333333336 51.850000000000001
decision_type=10 8 10 8 10 10 10 10 10 10 10 10 10 10
left_child=1 5 6 8 9 7 11 -1 -3 -4 -6 -2 -7 -5
right_child=2 3 4 13 10 12 -8 -9 -10 -11 -12 -13 -14 -15
leaf_value=-0.093176380270813625 0.0098033672932390202 -0.032214444123857426 0.052046507320403952 -0.009518537790460609 0.081780238495508445 -0.057015281401423173 0.032018571424104428 -0.071581319670393176 -0.020881395760612157 0.066979060721926886 0.10608721616448927 0.020412826472305138 -0.043969192277254494 0.0015118108834721656
leaf_weight=1072 5635 4277 4621 6352 1677 2996 6342 2855 6055 2117 666 3498 2828 2733
leaf_count=1072 5635 4277 4621 6352 1677 2996 6342 2855 6055 2117 666 3498 2828 2733
internal_value=1.11591e-06 -0.0315907 0.0375251 -0.0165201 0.0651151 -0.0615766 0.0213191 -0.0775874 -0.0255861 0.0567843 0.0889007 0.0138758 -0.0507236 -0.00620132
internal_weight=53724 29168 24556 19417 9081 9751 15475 3927 10332 6738 2343 9133 5824 9085
internal_count=53724 29168 24556 19417 9081 9751 15475 3927 10332 6738 2343 9133 5824 9085
is_linear=0
shrinkage=0.035


Tree=5
num_leaves=15
num_cat=0
split_feature=10 10 10 13 10 10 10 10 0 10 10 0 0 10
split_gain=48451.8 9502.02 8970.42 1630.28 1309.87 984.169 973.338 288.558 253.878 226.14 193.338 174.007 170.342 146.769
threshold=58.058333333333344 218.38095238095241 13.173333333333336 585.12500000000011 28.422619047619051 4.9183333333333339 105.03571428571429 1169.2500000000002 321.00000000000006 39.676190476190477 7.8690476190476204 18.550000000000004 150.50000000000003 2.6266666666666674
decision_type=10 10 8 10 8 10 10 10 8 8 10 8 10 10
left_child=2 6 5 8 11 13 -2 -5 -3 -6 -7 -4 -8 -1
right_child=1 3 4 7 9 10 12 -9 -10 -11 -12 -13 -14 -15
leaf_value=-0.089930347583032699 0.008439847229837481 0.042904176538569323 -0.037280723078590552 0.074366603213262203 -0.015727028593657287 -0.061217903377793731 0.022253743067989707 0.099011962227106634 0.056623248866718177 -0.0054746558820891328 -0.047937120622020005 -0.026060770134273874 0.03329587186090003 -0.072179959035315419
leaf_weight=1072 7936 2909 2464 2207 5496 2495 5655 889 4202 5075 3306 5749 2504 1765
leaf_count=1072 7936 2909 2464 2207 5496 2495 5655 889 4202 5075 3306 5749 2504 1765
internal_value=1.2147e-06 0.0339365 -0.0325483 0.0603459 -0.0189646 -0.0620592 0.0171749 0.0815916 0.0510451 -0.0108099 -0.053697 -0.0294475 0.0256609 -0.0790336
internal_weight=53724 26302 27422 10207 18784 8638 16095 3096 7111 10571 5801 8213 8159 2837
internal_count=53724 26302 27422 10207 18784 8638 16095 3096 7111 10571 5801 8213 8159 2837
is_linear=0
shrinkage=0.035


Tree=6
num_leaves=15
num_cat=0
split_feature=10 10 10 10 13 10 13 13 10 10 0 0 0 0
split_gain=45147.3 9341.67 7775.84 1314.75 1265.47 1178.97 873.731 291.472 288.037 202.409 192.621 162.865 156.077 131.389
threshold=66.02500000000002 16.173333333333336 254.08333333333334 6.6690476190476202 776.75000000000011 35.01428571428572 130.25000000000003 410.25000000000006 3.4025000000000003 25.025000000000002 97.750000000000014 46.100000000000009 9.5500000000000025 200.75000000000003
decision_type=10 8 10 10 10 8 10 10 10 10 10 8 8 10
left_child=1 3 6 8 7 9 10 -4 -1 -3 -2 -7 -5 -8
right_child=2 5 4 12 -6 11 13 -9 -10 -11 -12 -13 -14 -15
leaf_value=-0.08367770202284637 0.0092121932038867725 -0.02829744398050997 0.047424137842901108 -0.053952297218455715 0.086012965439150255 -0.011442229133346839 0.027366206765287913 0.061921797946697658 -0.064149084373202048 -0.018341126940363942 0.019391525926325197 -0.0017077769961595043 -0.041341359869557455 0.039637555389574516
leaf_weight=1500 5724 4768 4015 1859 1916 3466 4504 3150 2897 5370 3798 5357 3951 1449
leaf_count=1500 5724 4768 4015 1859 1916 3466 4504 3150 2897 5370 3798 5357 3951 1449
internal_value=1.11024e-06 -0.0294358 0.0349656 -0.0564247 0.0606691 -0.0148961 0.0198676 0.0538366 -0.0708986 -0.0230353 0.0132804 -0.00553614 -0.0454193 0.0303839
internal_weight=53724 29168 24556 10207 9081 18961 15475 7165 4397 10138 9522 8823 5810 5953
internal_count=53724 29168 24556 10207 9081 18961 15475 7165 4397 10138 9522 8823 5810 5953
is_linear=0
shrinkage=0.035


Tree=7
num_leaves=15
num_cat=0
split_feature=10 10 10 13 10 10 13 10 0 0 10 10 10 0
split_gain=42052.5 8112.49 7909.52 1465.38 1227.66 818.246 779.713 259.988 239.726 200.633 186.947 175.75 142.271 100.682
threshold=59.175000000000004 212.58333333333334 12.792857142857146 585.12500000000011 28.838095238095246 4.5208333333333348 100.12500000000001 1169.2500000000002 300.80000000000007 38.100000000000009 7.5845238095238106 18.516666666666669 145.07142857142858 82.100000000000009
decision_type=10 10 8 10 8 10 10 10 8 8 10 10 10 10
left_child=2 6 5 8 11 -1 13 -5 -3 -6 -7 -4 -8 -2
right_child=1 3 4 7 9 10 12 -9 -10 -11 -12 -13 -14 -15
leaf_value=-0.075698205188108783 0.0049323288239909394 0.038611401596737809 -0.034509820431696446 0.069215427629908996 -0.015691665288131713 -0.058302239839341373 0.019552133571804523 0.092573249583409678 0.052047835422362368 -0.0057789815118992807 -0.045571339636647328 -0.023852643909030146 0.028984634277692638 0.01369020782584171
leaf_weight=2402 5057 2639 2885 2207 4092 2717 4935 889 4666 6448 3308 5793 3326 2360
leaf_count=2402 5057 2639 2885 2207 4092 2717 4935 889 4666 6448 3308 5793 3326 2360
internal_value=1.03272e-06 0.0318797 -0.0300721 0.0558398 -0.0176669 -0.0583352 0.0159714 0.076061 0.0472235 -0.00963305 -0.051356 -0.0274135 0.023365 0.00772633
internal_weight=53724 26079 27645 10401 19218 8427 15678 3096 7305 10540 6025 8678 8261 7417
internal_count=53724 26079 27645 10401 19218 8427 15678 3096 7305 10540 6025 8678 8261 7417
is_linear=0
shrinkage=0.035


Tree=8
num_leaves=15
num_cat=0
split_feature=10 13 10 10 13 10 10 0 0 10 13 13 10 0
split_gain=39179 8114.48 6751.89 1206.91 1107.64 949.394 758.119 195.269 189.774 185.389 182.761 180.975 156.67 153.187
threshold=66.02500000000002 14.025000000000002 254.08333333333334 32.007142857142867 671.25000000000011 5.6083333333333352 128.84523809523813 49.050000000000004 400.50000000000006 22.607142857142865 2.5250000000000004 1627.5000000000002 9.5266666666666691 97.750000000000014
decision_type=10 8 10 8 10 10 10 10 10 10 10 10 10 10
left_child=1 5 6 9 8 10 13 -5 -4 -3 -1 -6 -7 -2
right_child=2 3 4 7 11 12 -8 -9 -10 -11 -12 -13 -14 -15
leaf_value=-0.081004416333706489 0.0084539327057358577 -0.029196030695545879 0.044528235428348904 -0.0098662812532565123 0.071199471460602862 -0.051331949341038768 0.02779873076037518 0.00030546980372501352 0.057384933416429543 -0.019322899052009124 -0.062939619571947214 0.095945211432643188 -0.039589111932943517 0.017790779137796264
leaf_weight=1103 5635 4187 4354 6708 1983 2965 6342 3526 2233 5387 2398 511 2894 3498
leaf_count=1103 5635 4187 4354 6708 1983 2965 6342 3526 2233 5387 2398 511 2894 3498
internal_value=1.19252e-06 -0.027421 0.0325727 -0.0147243 0.0565241 -0.0542682 0.0185039 -0.00636329 0.0489269 -0.0236537 -0.0687384 0.0764515 -0.0455704 0.0120378
internal_weight=53724 29168 24556 19808 9081 9360 15475 10234 6587 9574 3501 2494 5859 9133
internal_count=53724 29168 24556 19808 9081 9360 15475 10234 6587 9574 3501 2494 5859 9133
is_linear=0
shrinkage=0.035


Tree=9
num_leaves=15
num_cat=0
split_feature=10 10 10 10 10 10 10 13 10 10 10 0 0 0
split_gain=36502.8 7169.02 6766.61 1273.97 1028.91 714.86 705.719 269.685 181.476 177.981 177.756 152.435 145.026 81.1459
threshold=58.058333333333344 212.58333333333334 12.792857142857146 538.53571428571433 28.422619047619051 4.3071428571428578 98.366666666666688 961.25000000000011 7.5845238095238106 323.20714285714291 39.676190476190477 18.550000000000004 150.50000000000003 76.90000000000002
decision_type=10 10 8 10 8 10 10 10 10 10 8 8 10 10
left_child=2 6 5 9 11 -1 13 -5 -7 -3 -6 -4 -8 -2
right_child=1 3 4 7 10 8 12 -9 -10 -11 -12 -13 -14 -15
leaf_value=-0.071654108512031786 0.0032921164765376738 0.03749366356890637 -0.032791339176529578 0.061523513753709069 -0.013743670250859284 -0.054686293243787293 0.018520753893504844 0.082438801618470739 -0.042428336925510152 0.048922417577323678 -0.0046543947824959431 -0.022560820351928811 0.028717910541768595 0.010951139194539978
leaf_weight=2187 4196 3402 2641 2149 5496 2932 6509 1294 3308 3556 5075 5783 2351 2845
leaf_count=2187 4196 3402 2641 2149 5496 2932 6509 1294 3308 3556 5075 5783 2351 2845
internal_value=1.24909e-06 0.0294563 -0.028251 0.0520434 -0.016663 -0.0543459 0.0146702 0.0694924 -0.0482272 0.0433655 -0.00938429 -0.0257857 0.0212412 0.00639241
internal_weight=53724 26302 27422 10401 18995 8427 15901 3443 6240 6958 10571 8424 8860 7041
internal_count=53724 26302 27422 10401 18995 8427 15901 3443 6240 6958 10571 8424 8860 7041
is_linear=0
shrinkage=0.035


Tree=10
num_leaves=15
num_cat=0
split_feature=10 10 10 10 10 10 10 11 0 10 0 0 0 0
split_gain=33998 7050.1 5863.53 997.775 993.2 894.685 630.82 231.411 194.865 172.988 151.67 139.493 125.763 113.614
threshold=66.02500000000002 16.173333333333336 247.38095238095241 697.15476190476204 6.6690476190476202 36.01428571428572 120.04166666666667 3.4472222222222229 350.75000000000006 25.430952380952384 1410.0000000000002 170.50000000000003 9.5500000000000025 56.850000000000009
decision_type=10 8 10 10 10 8 10 10 8 10 10 10 8 10
left_child=1 4 6 8 7 9 -2 -1 -4 -3 -5 -8 -6 -7
right_child=2 5 3 10 12 13 11 -9 -10 -11 -12 -13 -14 -15
leaf_value=-0.07304330309104419 0.010328484154358872 -0.02439532710613717 0.038135916494155125 0.066634760557927122 -0.047072347725733196 -0.0066278662388586981 0.02110791175847827 -0.055555214883139172 0.050384222436504818 -0.015419914504116445 0.088882739729185034 0.031573063684861034 -0.035770950449920305 0.0028859621936770715
leaf_weight=1493 8122 4979 2748 1786 1859 6275 4798 2904 4178 5674 557 2367 3951 2033
leaf_count=1493 8122 4979 2748 1786 1859 6275 4798 2904 4178 5674 557 2367 3951 2033
internal_value=1.36605e-06 -0.0255435 0.0303429 0.0523011 -0.0489896 -0.0129124 0.0170162 -0.0615695 0.0455555 -0.0196243 0.0721018 0.0245847 -0.0394244 -0.00429946
internal_weight=53724 29168 24556 9269 10207 18961 15287 4397 6926 10653 2343 7165 5810 8308
internal_count=53724 29168 24556 9269 10207 18961 15287 4397 6926 10653 2343 7165 5810 8308
is_linear=0
shrinkage=0.035


Tree=11
num_leaves=15
num_cat=0
split_feature=10 13 10 10 10 13 10 13 0 10 10 0 0 0
split_gain=31677.5 6412.92 5728.5 1112.79 869.537 676.381 593.93 233.327 168.069 155.511 153.763 116.262 115.177 98.6281
threshold=56.016666666666673 210.25000000000003 12.408333333333335 538.53571428571433 26.670833333333338 100.12500000000001 4.0071428571428589 961.25000000000011 39.850000000000009 323.20714285714291 7.5845238095238106 139.10000000000002 18.050000000000004 73.100000000000009
decision_type=10 10 8 10 8 10 10 10 10 10 10 8 8 8
left_child=2 5 6 9 12 13 -1 -5 -6 -3 -8 -7 -4 -2
right_child=1 3 4 7 8 11 10 -9 -10 -11 -12 -13 -14 -15
leaf_value=-0.067921695806504701 0.0013311569999497361 0.034926106924101148 -0.03106249825056915 0.057442212404694513 -0.013084463722039351 0.015525175573921138 -0.051286427457667552 0.076913415908833563 -0.0041564397276267406 0.045633779650069983 -0.040006215587998356 0.023961415250528847 -0.021953778954103151 0.0092562022359082303
leaf_weight=1975 3171 3389 2649 2142 7008 3531 3144 1294 4099 3535 3096 4763 5035 4893
leaf_count=1975 3171 3389 2649 2142 7008 3531 3144 1294 4099 3535 3096 4763 5035 4893
internal_value=1.48793e-06 0.0270191 -0.0267281 0.0485597 -0.0160623 0.0133661 -0.0511004 0.0648762 -0.00979296 0.0404218 -0.0457262 0.0203814 -0.0251121 0.0061426
internal_weight=53724 26718 27006 10360 18791 16358 8215 3436 11107 6924 6240 8294 7684 8064
internal_count=53724 26718 27006 10360 18791 16358 8215 3436 11107 6924 6240 8294 7684 8064
is_linear=0
shrinkage=0.035


Tree=12
num_leaves=15
num_cat=0
split_feature=10 10 10 13 10 13 13 13 10 0 0 0 0 0
split_gain=29511.1 6537.43 4684.81 900.693 893.653 728.308 631.148 192.931 155.544 151.247 135.586 132.801 116.112 103.853
threshold=71.183333333333351 16.651428571428578 284.30952380952385 6.4750000000000005 37.422619047619058 776.75000000000011 144.75000000000003 2.5250000000000004 25.841666666666669 461.50000000000006 107.90000000000002 9.5500000000000025 49.050000000000004 200.75000000000003
decision_type=10 8 10 10 8 10 10 10 10 10 10 8 8 8
left_child=1 3 6 7 8 9 10 -1 -3 -4 -2 -5 -6 -8
right_child=2 4 5 11 12 -7 13 -9 -10 -11 -12 -13 -14 -15
leaf_value=-0.070790279390154226 0.0092098455768123127 -0.022231303644122642 0.04115356707025547 -0.044148423084785761 -0.0082528287037193348 0.069846188618359395 0.022324132898729247 -0.053171525770262358 -0.013866750492892953 0.053190834466792153 0.017742209710192393 -0.033099240688952432 0.00023333894268787045 0.031863947954143719
leaf_weight=1103 5860 5011 4242 2078 3008 1916 2811 3081 6061 1971 3758 4155 5733 2936
leaf_count=1103 5860 5011 4242 2078 3008 1916 2811 3081 6061 1971 3758 4155 5733 2936
internal_value=1.55147e-06 -0.0228653 0.0294232 -0.0453058 -0.0110584 0.0509047 0.0180453 -0.0578952 -0.0176607 0.0450119 0.0125511 -0.0368153 -0.00269002 0.0272212
internal_weight=53724 30230 23494 10417 19813 8129 15365 4184 11072 6213 9618 6233 8741 5747
internal_count=53724 30230 23494 10417 19813 8129 15365 4184 11072 6213 9618 6233 8741 5747
is_linear=0
shrinkage=0.035


Tree=13
num_leaves=15
num_cat=0
split_feature=10 10 10 13 10 10 10 10 0 0 0 10 0 0
split_gain=27496.1 5566.22 4979.4 976.372 754.689 583.324 519.405 230.897 132.76 127.084 126.128 119.022 118.684 71.7854
threshold=56.016666666666673 212.58333333333334 12.408333333333335 514.37500000000011 28.422619047619051 96.732142857142875 4.3071428571428578 1169.2500000000002 300.80000000000007 18.550000000000004 37.100000000000009 7.8690476190476204 150.50000000000003 67.100000000000009
decision_type=10 10 8 10 8 10 10 10 8 8 8 10 10 8
left_child=2 5 6 8 9 13 -1 -5 -3 -4 -6 -8 -7 -2
right_child=1 3 4 7 10 12 11 -9 -10 -11 -12 -13 -14 -15
leaf_value=-0.062316381203581711 -0.00028241785059959903 0.0309003169523356 -0.028710512722491578 0.054532325748946592 -0.0134277242245686 0.015930105350205323 -0.047058877723063865 0.075607990981657172 0.041184201455405106 -0.019578838652655802 -0.0054001907366050886 -0.036925268191911949 0.02510422653488651 0.0072979204377186498
leaf_weight=2187 2193 2617 2807 2773 3893 6710 3145 890 4121 5829 6262 2883 2357 5057
leaf_count=2187 2193 2617 2807 2773 3893 6710 3145 890 4121 5829 6262 2883 2357 5057
internal_value=1.49715e-06 0.0251729 -0.0249015 0.0451765 -0.0149575 0.012412 -0.0476245 0.0597492 0.0372159 -0.0225618 -0.0084827 -0.0422469 0.0183275 0.00500638
internal_weight=53724 26718 27006 10401 18791 16317 8215 3663 6738 8636 10155 6028 9067 7250
internal_count=53724 26718 27006 10401 18791 16317 8215 3663 6738 8636 10155 6028 9067 7250
is_linear=0
shrinkage=0.035


Tree=14
num_leaves=15
num_cat=0
split_feature=10 10 10 13 10 13 10 10 0 0 0 0 10 13
split_gain=25613.1 5679.21 4069.36 783.271 777.048 659.159 522.537 185.249 141.809 138.31 110.796 108.302 103.708 97.6784
threshold=71.183333333333351 16.651428571428578 278.58571428571435 6.5250000000000012 36.945238095238103 776.75000000000011 140.01666666666668 2.6266666666666674 461.50000000000006 25.050000000000004 107.90000000000002 49.050000000000004 10.591666666666669 1627.5000000000002
decision_type=10 8 10 10 8 10 10 10 10 10 10 8 10 10
left_child=1 3 6 7 9 8 10 -1 -4 -3 -2 -6 -5 -7
right_child=2 4 5 12 11 13 -8 -9 -10 -11 -12 -13 -14 -15
leaf_value=-0.066414752588568465 0.0084866739818814287 -0.020174539482047206 0.038033738787593349 -0.039043857067065355 -0.0078364175974086868 0.059821171154552114 0.024829075860826805 -0.049200483615671677 0.049585122633744268 -0.012210029281580864 0.016363001891309743 0.00020264850739107755 -0.029620649651197442 0.079129502513814121
leaf_weight=1072 5804 5959 4428 2749 3182 1405 5843 3328 1971 4904 3532 5768 3268 511
leaf_count=1072 5804 5959 4428 2749 3182 1405 5843 3328 1971 4904 3532 5768 3268 511
internal_value=1.56478e-06 -0.0213016 0.0274113 -0.0422173 -0.0102969 0.0470868 0.0166211 -0.0534651 0.0416277 -0.0165863 0.0114736 -0.00265827 -0.0339547 0.0651633
internal_weight=53724 30230 23494 10417 19813 8315 15179 4400 6399 10863 9336 8950 6017 1916
internal_count=53724 30230 23494 10417 19813 8315 15179 4400 6399 10863 9336 8950 6017 1916
is_linear=0
shrinkage=0.035


Tree=15
num_leaves=15
num_cat=0
split_feature=10 10 10 13 10 10 10 0 0 0 10 0 0 0
split_gain=23869.9 4923.61 4257.79 899.772 634.655 482.567 457.687 205.215 137.402 132.152 113.797 101.494 81.7183 59.9834
threshold=55.007142857142867 200.84523809523813 12.408333333333335 514.37500000000011 25.841666666666669 93.358333333333334 4.0071428571428589 1100.5000000000002 39.050000000000004 280.75000000000006 7.5845238095238106 125.25000000000001 18.550000000000004 67.100000000000009
decision_type=10 10 8 10 8 10 10 10 10 8 10 8 10 8
left_child=2 5 6 9 12 13 -1 -5 -6 -3 -8 -7 -4 -2
right_child=1 3 4 7 8 11 10 -9 -10 -11 -12 -13 -14 -15
leaf_value=-0.059133048867082434 -0.00042994579622082131 0.027400742205038544 -0.025639787732940567 0.051091507670332034 -0.011770371646578143 0.011766372436153862 -0.04443774255928918 0.071660199862097859 -0.0036960287176799203 0.037688950395024741 -0.034729496355396627 0.019355591419119828 -0.018070062739802224 0.0064277797129174835
leaf_weight=1975 2333 2375 3943 2859 7373 3609 3144 804 3981 4739 3096 5501 3270 4722
leaf_count=1975 2333 2375 3943 2859 7373 3609 3144 804 3981 4739 3096 5501 3270 4722
internal_value=1.67914e-06 0.0232599 -0.0233954 0.0415794 -0.0141062 0.0110374 -0.0443691 0.0556977 -0.00894218 0.0342759 -0.0396526 0.0163572 -0.022223 0.00416132
internal_weight=53724 26942 26782 10777 18567 16165 8215 3663 11354 7114 6240 9110 7213 7055
internal_count=53724 26942 26782 10777 18567 16165 8215 3663 11354 7114 6240 9110 7213 7055
is_linear=0
shrinkage=0.035


Tree=16
num_leaves=15
num_cat=0
split_feature=10 13 10 10 10 13 10 13 0 0 0 10 0 10
split_gain=22236.3 4730.49 3847.83 858.104 578.377 474.598 406.039 203.199 118.23 114.696 99.088 92.8465 82.6004 54.9197
threshold=53.44166666666667 195.25000000000003 12.016666666666667 502.58333333333343 25.841666666666669 88.575000000000017 4.0071428571428589 961.25000000000011 330.75000000000006 34.100000000000009 125.25000000000001 7.2928571428571436 18.550000000000004 1.8708333333333333
decision_type=10 10 8 10 8 10 10 10 10 8 8 10 10 10
left_child=2 5 6 8 12 -2 13 -5 -3 -6 -7 -8 -4 -1
right_child=1 3 4 7 9 10 11 -9 -10 -11 -12 -13 -14 -15
leaf_value=-0.06618911005882476 0.003213378696221578 0.029355884988975546 -0.024949167653433118 0.047328739946066588 -0.013835776649423578 0.011180540593033318 -0.043210300743855228 0.064838848159898696 0.039037513594184448 -0.0063200445331382882 0.018387112192209856 -0.034241163299980726 -0.017437885100156626 -0.052383164877334881
leaf_weight=648 6882 4668 4152 2524 3854 4171 2924 1294 2433 7050 5420 3097 3280 1327
leaf_count=648 6882 4668 4152 2524 3854 4171 2924 1294 2433 7050 5420 3097 3280 1327
internal_value=1.70994e-06 0.022077 -0.0229621 0.0399372 -0.0141201 0.01023 -0.0432165 0.0533403 0.0326982 -0.00898159 0.0152605 -0.0386291 -0.0216481 -0.0570686
internal_weight=53724 27392 26332 10919 18336 16473 7996 3818 7101 10904 9591 6021 7432 1975
internal_count=53724 27392 26332 10919 18336 16473 7996 3818 7101 10904 9591 6021 7432 1975
is_linear=0
shrinkage=0.035


Tree=17
num_leaves=15
num_cat=0
split_feature=10 10 10 10 10 13 13 11 0 0 0 0 0 0
split_gain=20723.1 4783.43 3126.14 689.229 648.106 523.986 405.174 178.545 110.068 107.798 104.493 95.739 87.7796 84.7869
threshold=74.836666666666687 17.508333333333336 284.30952380952385 7.2928571428571436 37.838095238095242 776.75000000000011 155.25000000000003 3.4472222222222229 450.50000000000006 29.100000000000005 97.750000000000014 57.550000000000004 1808.1000000000001 12.550000000000002
decision_type=10 8 10 10 8 10 10 8 10 10 8 10 10 10
left_child=1 3 6 7 9 8 10 -1 -4 -3 -2 -6 -7 -5
right_child=2 4 5 13 11 12 -8 -9 -10 -11 -12 -13 -14 -15
leaf_value=-0.057422503078088195 0.0062397300932118729 -0.01696769700271002 0.034277456591596082 -0.032324007329181219 -0.0042976518488521496 0.054711609326777613 0.024113947339778206 -0.04256337652067476 0.044404978096677053 -0.0096756566820473972 0.014018869652470895 0.0032179616505480569 0.075267872383388196 -0.023269533172973565
leaf_weight=1493 3056 6933 4141 3986 6019 1557 4702 3406 2072 3910 6960 3164 359 1966
leaf_count=1493 3056 6933 4141 3986 6019 1557 4702 3406 2072 3910 6960 3164 359 1966
internal_value=1.50278e-06 -0.0186959 0.025269 -0.0374053 -0.00855142 0.0426851 0.0156385 -0.0471457 0.0376879 -0.0143438 0.0116497 -0.00170781 0.0587491 -0.0293553
internal_weight=53724 30877 22847 10851 20026 8129 14718 4899 6213 10843 10016 9183 1916 5952
internal_count=53724 30877 22847 10851 20026 8129 14718 4899 6213 10843 10016 9183 1916 5952
is_linear=0
shrinkage=0.035


Tree=18
num_leaves=15
num_cat=0
split_feature=13 10 10 10 10 10 13 0 13 0 0 0 0 10
split_gain=19305.7 4051.6 3390.61 732.315 520.501 409.583 355.296 148.276 136.96 117.662 85.1181 71.1772 70.315 60.101
threshold=54.975000000000009 200.84523809523813 12.016666666666667 611.88333333333344 25.430952380952384 91.675000000000026 4.0250000000000012 330.75000000000006 1627.5000000000002 34.900000000000006 128.20000000000002 8.5500000000000025 16.050000000000004 1.8708333333333333
decision_type=10 10 8 10 8 10 10 8 10 8 8 10 8 10
left_child=2 5 6 7 12 -2 13 -3 -5 -6 -7 -8 -4 -1
right_child=1 3 4 8 9 10 11 -9 -10 -11 -12 -13 -14 -15
leaf_value=-0.061895829036854685 0.0034045224639733937 0.026489799335222108 -0.025753413160922247 0.0487311343195099 -0.013085484058206356 0.010633197258700154 -0.038148387371734808 0.036255234723474652 0.069419135311979435 -0.0056594397794820549 0.017429361199521012 -0.029238505719904849 -0.018088709734071583 -0.048125171527344759
leaf_weight=648 7052 3581 2129 2378 4089 3931 4155 4307 511 7272 5417 1639 5061 1554
leaf_count=648 7052 3581 2129 2378 4089 3931 4155 4307 511 7272 5417 1639 5061 1554
internal_value=1.6773e-06 0.0207362 -0.0212248 0.0374023 -0.0130066 0.00977629 -0.0402713 0.0318415 0.052504 -0.00833677 0.0145787 -0.0356554 -0.0203746 -0.0523086
internal_weight=53724 27177 26547 10777 18551 16400 7996 7888 2889 11361 9348 5794 7190 2202
internal_count=53724 27177 26547 10777 18551 16400 7996 7888 2889 11361 9348 5794 7190 2202
is_linear=0
shrinkage=0.035


Tree=19
num_leaves=15
num_cat=0
split_feature=10 13 13 13 13 10 13 10 0 11 0 0 0 0
split_gain=17997.2 3891.87 2977.77 558.356 527.145 511.457 328.742 132.468 110.194 109.098 98.2728 81.1655 79.3753 77.7854
threshold=69.158333333333346 16.025000000000002 250.25000000000003 5.5250000000000012 776.75000000000011 36.01428571428572 130.25000000000003 400.16666666666669 9.0500000000000025 2.3198717948717955 25.050000000000004 57.550000000000004 87.050000000000011 1808.1000000000001
decision_type=10 8 10 10 10 8 10 10 8 10 10 10 8 10
left_child=1 3 6 9 7 10 12 -4 -5 -1 -3 -7 -2 -6
right_child=2 5 4 8 13 11 -8 -9 -10 -11 -12 -13 -14 -15
leaf_value=-0.057817975284760736 0.0039388050940573696 -0.017119576263726975 0.029377511466960785 -0.035491415965585811 0.051016016104118482 -0.0047106660187914611 0.019314059224192701 0.039116784729028735 -0.026031798577336108 -0.042967912013098387 -0.010253869886001571 0.0028901878048719788 0.0110047916093632 0.070343011773836159
leaf_weight=851 2887 5909 3726 2421 1557 6589 6019 3369 4341 2785 4556 2325 6030 359
leaf_count=851 2887 5909 3726 2421 1557 6589 6019 3369 4341 2785 4556 2325 6030 359
internal_value=1.52865e-06 -0.0181637 0.0225882 -0.035433 0.0384738 -0.00889089 0.0129946 0.0340264 -0.0294423 -0.0465182 -0.0141369 -0.00272766 0.00872057 0.054811
internal_weight=53724 29777 23947 10398 9011 19379 14936 7095 6762 3636 10465 8914 8917 1916
internal_count=53724 29777 23947 10398 9011 19379 14936 7095 6762 3636 10465 8914 8917 1916
is_linear=0
shrinkage=0.035


Tree=20
num_leaves=15
num_cat=0
split_feature=10 13 10 13 10 13 10 0 0 0 0 0 0 0
split_gain=16774.1 3769.97 2744.4 654.619 405.618 404.626 294.971 167.156 92.1014 91.3626 78.8299 63.9723 52.3123 51.8129
threshold=50.016666666666673 195.25000000000003 11.658333333333335 490.50000000000006 23.50714285714286 88.575000000000017 4.0071428571428589 1043.5000000000002 250.50000000000003 32.050000000000004 140.50000000000003 6.0500000000000007 58.550000000000004 14.050000000000002
decision_type=10 10 8 10 8 10 10 10 8 8 10 8 8 8
left_child=2 5 6 8 13 12 -1 -5 -3 -6 -7 -8 -2 -4
right_child=1 3 4 7 9 10 11 -9 -10 -11 -12 -13 -14 -15
leaf_value=-0.049649716699561766 -0.0026578104699907985 0.021271230422945427 -0.02586308743796948 0.042065261260805266 -0.012965909850542004 0.011191307528018982 -0.039270638388856131 0.059687067593068285 0.030615825896381059 -0.006553344797035893 0.018228071644156296 -0.031163039333565255 0.0040762569343573288 -0.018291876597023308
leaf_weight=1975 1861 1797 1498 3043 4457 6833 1898 893 5186 7039 2758 3898 5829 4759
leaf_count=1975 1861 1797 1498 3043 4457 6833 1898 893 5186 7039 2758 3898 5829 4759
internal_value=1.58139e-06 0.018606 -0.020553 0.0347008 -0.0129536 0.00842946 -0.0378945 0.046134 0.028228 -0.00904405 0.0132233 -0.0338496 0.00244593 -0.0201237
internal_weight=53724 28200 25524 10919 17753 17281 7771 3936 6983 11496 9591 5796 7690 6257
internal_count=53724 28200 25524 10919 17753 17281 7771 3936 6983 11496 9591 5796 7690 6257
is_linear=0
shrinkage=0.035


Tree=21
num_leaves=15
num_cat=0
split_feature=10 10 10 10 10 13 13 13 0 0 0 0 0 0
split_gain=15627.7 3610.38 2363.83 550.171 473.541 403.079 307.679 139.708 95.308 86.2827 82.7165 72.5739 64.2626 63.3335
threshold=74.836666666666687 18.008333333333336 284.30952380952385 7.2928571428571436 39.676190476190477 801.25000000000011 155.25000000000003 2.0250000000000004 461.50000000000006 25.050000000000004 107.90000000000002 12.550000000000002 2025.0000000000002 51.850000000000001
decision_type=10 8 10 10 8 10 10 10 10 8 10 10 10 8
left_child=1 3 6 7 9 8 10 -1 -4 -3 -2 -5 -7 -6
right_child=2 4 5 11 13 12 -8 -9 -10 -11 -12 -13 -14 -15
leaf_value=-0.054051187104214519 0.0071546867474252505 -0.016341459280201264 0.029823105118325862 -0.028029227079873438 -0.0049784797406010311 0.048651665673927619 0.020955110876220977 -0.038156589760507426 0.039148984223644698 -0.0098112353064362268 0.01355063118079068 -0.019938107359940477 0.06843704038730232 0.0012641284345894514
leaf_weight=857 5422 3728 4266 4049 3156 1501 4702 4042 2088 7522 4594 2149 274 5374
leaf_count=857 5422 3728 4266 4049 3156 1501 4702 4042 2088 7522 4594 2149 274 5374
internal_value=1.52838e-06 -0.0162353 0.0219438 -0.0322094 -0.00726758 0.0370884 0.0135695 -0.0409894 0.0329161 -0.0119815 0.0100936 -0.0252422 0.0518895 -0.00104713
internal_weight=53724 30877 22847 11097 19780 8129 14718 4899 6354 11250 10016 6198 1775 8530
internal_count=53724 30877 22847 11097 19780 8129 14718 4899 6354 11250 10016 6198 1775 8530
is_linear=0
shrinkage=0.035


Tree=22
num_leaves=15
num_cat=0
split_feature=10 13 10 10 10 13 10 0 13 0 0 0 0 0
split_gain=14560 3276.37 2384.62 571.544 352.842 350.755 259.853 120.829 109.509 87.8908 70.2501 56.2828 47.146 46.7482
threshold=50.016666666666673 195.25000000000003 11.658333333333335 611.88333333333344 23.00714285714286 88.575000000000017 4.0071428571428589 361.00000000000006 1627.5000000000002 37.100000000000009 115.10000000000001 6.0500000000000007 230.50000000000003 67.100000000000009
decision_type=10 10 8 10 8 10 10 10 10 10 8 8 8 8
left_child=2 5 6 7 -4 13 -1 12 -5 -6 -7 -8 -3 -2
right_child=1 3 4 8 9 10 11 -9 -10 -11 -12 -13 -14 -15
leaf_value=-0.046345156280624904 -0.00089367667818747508 0.018414840821373391 -0.018967828651480972 0.042351032708004561 -0.010515651115371959 0.0078924053919420655 -0.036599897212362099 0.033794474844040565 0.060815757385982105 -0.003906123582324156 0.014353995843679945 -0.028998940420813541 0.026310305310405797 0.0046232532228457765
leaf_weight=1975 3272 1265 6002 2375 8220 3040 1898 2584 511 3531 6551 3898 4184 4418
leaf_count=1975 3272 1265 6002 2375 8220 3040 1898 2584 511 3531 6551 3898 4184 4418
internal_value=1.66268e-06 0.0173348 -0.0191484 0.032339 -0.0120646 0.00784781 -0.0353133 0.0275062 0.04572 -0.00853209 0.0123111 -0.0315174 0.0244959 0.00227681
internal_weight=53724 28200 25524 10919 17753 17281 7771 8033 2886 11751 9591 5796 5449 7690
internal_count=53724 28200 25524 10919 17753 17281 7771 8033 2886 11751 9591 5796 5449 7690
is_linear=0
shrinkage=0.035


Tree=23
num_leaves=15
num_cat=0
split_feature=10 10 10 13 10 13 0 0 0 11 0 0 0 0
split_gain=13563.1 3139.91 2053.39 479.44 410.898 353.637 270.83 101.273 91.584 89.2786 86.6332 77.611 57.4241 56.9299
threshold=74.836666666666687 18.008333333333336 284.30952380952385 5.5250000000000012 39.676190476190477 801.25000000000011 169.75000000000003 9.0500000000000025 107.90000000000002 2.3198717948717955 400.50000000000006 29.100000000000005 2025.0000000000002 49.050000000000004
decision_type=10 8 10 10 8 10 10 8 8 10 8 10 10 8
left_child=1 3 6 9 11 10 8 -5 -2 -1 -4 -3 -7 -6
right_child=2 4 5 7 13 12 -8 -9 -10 -11 -12 -13 -14 -15
leaf_value=-0.05065756719193866 0.0058147654677175803 -0.013492799087608427 0.025609055187031132 -0.030829854004613862 -0.0055747642421948539 0.045367718164649497 0.021013191718462141 -0.022027397100837658 0.012387922291125847 -0.037261329284088082 0.034097139877077187 -0.0075237441448882262 0.064035958700603066 0.0008057001115808044
leaf_weight=851 4156 6831 2597 2429 2367 1501 3579 5033 6983 2784 3757 4419 274 6163
leaf_count=851 4156 6831 2597 2429 2367 1501 3579 5033 6983 2784 3757 4419 274 6163
internal_value=1.80759e-06 -0.0151245 0.0204433 -0.0300215 -0.00676147 0.0345584 0.0126383 -0.0249115 0.00993916 -0.0404628 0.0306508 -0.0111525 0.0484212 -0.000967051
internal_weight=53724 30877 22847 11097 19780 8129 14718 7462 11139 3635 6354 11250 1775 8530
internal_count=53724 30877 22847 11097 19780 8129 14718 7462 11139 3635 6354 11250 1775 8530
is_linear=0
shrinkage=0.035


Tree=24
num_leaves=15
num_cat=0
split_feature=10 10 10 13 10 10 13 0 0 0 0 0 0 0
split_gain=12637.8 2849.44 2074.94 504.533 307.074 298.351 227.229 140.024 70.8709 62.55 56.5498 55.0152 47.4786 46.7918
threshold=50.016666666666673 195.08333333333334 11.658333333333335 474.50000000000006 25.025000000000002 91.675000000000026 4.0250000000000012 1005.0000000000001 250.50000000000003 32.050000000000004 115.10000000000001 18.550000000000004 65.100000000000009 620.25000000000011
decision_type=10 10 8 10 8 10 10 10 8 8 8 10 8 8
left_child=2 5 6 8 11 12 -1 13 -3 -6 -7 -4 -2 -5
right_child=1 3 4 7 9 10 -8 -9 -10 -11 -12 -13 -14 -15
leaf_value=-0.042494264110504207 -0.00098423805030157531 0.018115660181944885 -0.019341276318093049 0.030415757171251334 -0.011100370985783524 0.0073032381309343624 -0.029096986744276878 0.051798356428861311 0.026339353623365789 -0.0054404310512660052 0.013362544093607435 -0.013051911143730818 0.0045140298967051573 0.039536626250552605
leaf_weight=2202 3163 1802 4282 1236 3685 2693 5569 935 4989 6864 6477 2922 4900 2005
leaf_count=2202 3163 1802 4282 1236 3685 2693 5569 935 4989 6864 6477 2922 4900 2005
internal_value=1.88029e-06 0.0161504 -0.0178394 0.0300929 -0.0112315 0.00727134 -0.0329181 0.0396807 0.0241721 -0.0074219 0.011588 -0.0168011 0.00235786 0.0361105
internal_weight=53724 28200 25524 10967 17753 17233 7771 4176 6791 10549 9170 7204 8063 3241
internal_count=53724 28200 25524 10967 17753 17233 7771 4176 6791 10549 9170 7204 8063 3241
is_linear=0
shrinkage=0.035


Tree=25
num_leaves=15
num_cat=0
split_feature=10 13 13 10 10 0 13 1 0 10 0 0 0 0
split_gain=11772.3 2729.94 1789 398.905 373.18 303.963 267.577 87.1156 83.3262 78.4627 76.6537 62.0487 58.8858 47.2167
threshold=74.836666666666687 16.025000000000002 308.95000000000005 37.838095238095242 5.6083333333333352 170.50000000000003 855.50000000000011 110.40000000000002 10.100000000000001 1.8708333333333333 25.050000000000004 431.00000000000006 46.100000000000009 2025.0000000000002
decision_type=10 8 10 8 10 10 10 10 10 10 10 8 8 10
left_child=1 4 5 10 9 7 11 -2 -6 -1 -3 -4 -5 -8
right_child=2 3 6 12 8 -7 13 -9 -10 -11 -12 -13 -14 -15
leaf_value=-0.049313415052742914 0.0065394211948274286 -0.013743514891646441 0.025062833736753443 -0.0058820067000044758 -0.02697198896640653 0.020573981930692285 0.042915478871100171 0.012656726476587693 -0.01894485823028547 -0.035370676948117359 -0.0079443061266648955 0.032725528732577169 0.00044455444662057982 0.060166112393569608
leaf_weight=648 6112 6087 2260 2457 4272 4040 1323 5379 2625 2853 5212 3460 6723 273
leaf_count=648 6112 6087 2260 2457 4272 4040 1323 5379 2625 2853 5212 3460 6723 273
internal_value=2.04206e-06 -0.0140903 0.0190463 -0.00667162 -0.0286913 0.0123177 0.0333123 0.00940722 -0.0239328 -0.038018 -0.0110732 0.0297225 -0.00125101 0.0460449
internal_weight=53724 30877 22847 20479 10398 15531 7316 11491 6897 3501 11299 5720 9180 1596
internal_count=53724 30877 22847 20479 10398 15531 7316 11491 6897 3501 11299 5720 9180 1596
is_linear=0
shrinkage=0.035


Tree=26
num_leaves=15
num_cat=0
split_feature=10 13 13 10 10 13 10 13 0 0 0 0 0 0
split_gain=10971.3 2477.18 1804.89 436.676 278.933 265.058 196.552 125.887 72.678 58.3787 57.2096 55.01 52.808 37.8027
threshold=50.016666666666673 195.25000000000003 11.050000000000002 474.47619047619054 22.607142857142865 88.575000000000017 3.4025000000000003 1367.5000000000002 37.100000000000009 250.50000000000003 150.50000000000003 6.0500000000000007 601.00000000000011 58.550000000000004
decision_type=10 10 8 10 8 10 10 10 10 8 10 8 8 8
left_child=2 5 6 9 -4 13 -1 12 -6 -3 -7 -8 -5 -2
right_child=1 3 4 7 8 10 11 -9 -10 -11 -12 -13 -14 -15
leaf_value=-0.042250966374264211 -0.0023821233257912953 0.017033274147978228 -0.016767047871623968 0.02766509113035032 -0.0092113030362033898 0.0093092491603915355 -0.032427728408628329 0.051143572339059404 -0.0032273778857184574 0.024527008100583166 0.016067640470225651 -0.025387001190692836 0.037255444980339142 0.0033422182713628902
leaf_weight=1500 1861 1793 5869 1122 8454 7658 2274 666 3532 4942 1933 3895 2396 5829
leaf_count=1500 1861 1793 5869 1122 8454 7658 2274 666 3532 4942 1933 3895 2396 5829
internal_value=2.11036e-06 0.0150483 -0.0166212 0.0280948 -0.0105164 0.0067991 -0.0308183 0.0369888 -0.00745006 0.0225461 0.010679 -0.0280065 0.0342404 0.00195627
internal_weight=53724 28200 25524 10919 17855 17281 7669 4184 11986 6735 9591 6169 3518 7690
internal_count=53724 28200 25524 10919 17855 17281 7669 4184 11986 6735 9591 6169 3518 7690
is_linear=0
shrinkage=0.035


Tree=27
num_leaves=15
num_cat=0
split_feature=10 10 13 10 10 0 0 13 0 0 0 0 0 0
split_gain=10218.1 2374.27 1556.65 369.542 309.954 274.697 230.482 100.186 78.9714 61.8725 55.7361 52.1321 46.4595 41.9643
threshold=74.836666666666687 18.008333333333336 313.62500000000006 7.2928571428571436 39.676190476190477 170.50000000000003 786.00000000000011 2.0250000000000004 104.20000000000002 25.050000000000004 450.50000000000006 12.550000000000002 58.550000000000004 2025.0000000000002
decision_type=10 8 10 10 8 10 10 10 8 8 8 10 10 10
left_child=1 3 5 7 9 8 10 -1 -2 -3 -4 -5 -6 -8
right_child=2 4 6 11 12 -7 13 -9 -10 -11 -12 -13 -14 -15
leaf_value=-0.044317755895599796 0.0047331699993592687 -0.013359607691648736 0.023750039907093175 -0.02273073029249309 -0.0027537376718807989 0.019261162520454966 0.0400443076476589 -0.030883327016089951 0.010850199074440998 -0.0078314506072184684 0.030977507165054007 -0.015884213702975224 0.0026278307362623127 0.056254484388563369
leaf_weight=857 3948 3728 2466 4049 5469 4152 1327 4042 7554 7522 3126 2149 3061 274
leaf_count=857 3948 3728 2466 4049 5469 4152 1327 4042 7554 7522 3126 2149 3061 274
internal_value=2.21461e-06 -0.013127 0.0177449 -0.026081 -0.00585473 0.0115458 0.0312185 -0.0332763 0.00875353 -0.00966848 0.0278144 -0.0203716 -0.000822148 0.0429851
internal_weight=53724 30877 22847 11097 19780 15654 7193 4899 11502 11250 5592 6198 8530 1601
internal_count=53724 30877 22847 11097 19780 15654 7193 4899 11502 11250 5592 6198 8530 1601
is_linear=0
shrinkage=0.035


Tree=28
num_leaves=15
num_cat=0
split_feature=10 10 13 13 10 10 11 13 0 0 0 0 0 0
split_gain=9522.92 2154.57 1568.5 381.917 242.58 224.969 172.925 111.594 58.8064 50.5562 50.3107 50.1672 45.9145 43.5521
threshold=50.016666666666673 195.08333333333334 11.050000000000002 474.50000000000006 25.025000000000002 98.366666666666688 3.4472222222222229 1367.5000000000002 330.75000000000006 8.5500000000000025 78.050000000000011 32.050000000000004 14.050000000000002 702.50000000000011
decision_type=10 10 8 10 8 10 8 10 10 10 10 8 8 8
left_child=2 5 6 8 12 10 -1 13 -3 -8 -2 -6 -4 -5
right_child=1 3 4 7 11 -7 9 -9 -10 -11 -12 -13 -14 -15
leaf_value=-0.03947319527104428 0.00067889837751695513 0.018714938474271553 -0.019896857095621858 0.027459084951330811 -0.0096878112675523025 0.010449239863919112 -0.027826136874647918 0.047805122032472884 0.025802294946814457 -0.020057805702939042 0.0063478660968742861 -0.0046165893513086748 -0.013180081366589059 0.03563024768275852
leaf_weight=1493 6158 4625 1631 1624 3679 8294 4782 666 2166 1394 2781 6861 5684 1886
leaf_count=1493 6158 4625 1631 1624 3679 8294 4782 666 2166 1394 2781 6861 5684 1886
internal_value=2.30239e-06 0.0140202 -0.015485 0.026144 -0.00979396 0.00629931 -0.0287198 0.0344857 0.0209928 -0.0260904 0.00244513 -0.00639046 -0.0146903 0.0318941
internal_weight=53724 28200 25524 10967 17855 17233 7669 4176 6791 6176 8939 10540 7315 3510
internal_count=53724 28200 25524 10967 17855 17233 7669 4176 6791 6176 8939 10540 7315 3510
is_linear=0
shrinkage=0.035


Tree=29
num_leaves=15
num_cat=0
split_feature=10 10 10 13 10 10 10 0 0 0 0 10 0 0
split_gain=8869.22 2008.12 1461.26 367.091 206.001 200.875 176.979 104.81 59.2579 57.6974 50.0134 49.8293 45.8813 33.4438
threshold=50.016666666666673 190.15476190476193 12.016666666666667 474.50000000000006 28.422619047619051 86.683333333333351 4.9183333333333339 1410.0000000000002 229.75000000000003 20.100000000000005 115.10000000000001 1.8708333333333333 620.25000000000011 41.050000000000004
decision_type=10 10 8 10 8 10 10 10 8 10 8 10 8 10
left_child=2 5 6 8 9 -2 11 12 -3 -4 -7 -1 -5 -6
right_child=1 3 4 7 13 10 -8 -9 -10 -11 -12 -13 -14 -15
leaf_value=-0.04322513334738351 0.0015536302670909109 0.013047391002924512 -0.015281104089546792 0.025283974454797815 -0.006700799672854113 0.0057287321816167133 -0.023428664424184422 0.047592286469007899 0.021622989762665641 -0.0094454269639423338 0.011034410737642709 -0.031691082465719625 0.033927922731434759 -0.0016817023788908169
leaf_weight=648 7262 1226 5441 1236 6499 3311 5159 558 5767 3414 6458 2189 2382 2174
leaf_count=648 7262 1226 5441 1236 6499 3311 5159 558 5767 3414 6458 2189 2382 2174
internal_value=2.34607e-06 0.0135305 -0.0149439 0.0250606 -0.00928314 0.00596396 -0.0273393 0.0332834 0.0201299 -0.0130378 0.00924001 -0.034397 0.0310139 -0.00544439
internal_weight=53724 28200 25524 11169 17528 17031 7996 4176 6993 8855 9769 2837 3618 8673
internal_count=53724 28200 25524 11169 17528 17031 7996 4176 6993 8855 9769 2837 3618 8673
is_linear=0
shrinkage=0.035


Tree=30
num_leaves=15
num_cat=0
split_feature=13 13 10 10 0 10 10 0 0 0 0 0 13 0
split_gain=8268.15 1790.71 1394.1 287.045 224.803 221.791 215.395 63.8049 60.0518 52.9468 51.8964 50.4893 50.2998 45.9342
threshold=67.52500000000002 14.025000000000002 284.30952380952385 32.007142857142867 741.00000000000011 5.1366666666666676 136.07142857142858 51.850000000000001 361.00000000000006 9.0500000000000025 200.75000000000003 21.550000000000004 1.6250000000000002 90.300000000000011
decision_type=10 8 10 8 10 10 10 10 8 10 8 8 10 10
left_child=1 5 6 11 8 12 13 -5 -4 -7 -8 -3 -1 -2
right_child=2 3 4 7 -6 9 10 -9 -10 -11 -12 -13 -14 -15
leaf_value=-0.042306756266971703 0.0035289332094424106 -0.014409801713416017 0.018665951258295545 -0.0043071510315386445 0.037911467205616452 -0.023812184837298064 0.011142323930663639 0.0016561079210701349 0.026177102663774394 -0.017111173450736018 0.017467811797184495 -0.0090546554074445243 -0.030462781674017461 0.0084063930741654896
leaf_weight=587 4974 3340 1960 7608 1816 3886 3411 3087 4353 2422 3054 6234 2465 4527
leaf_count=587 4974 3340 1960 7608 1816 3886 3411 3087 4353 2422 3054 6234 2465 4527
internal_value=2.35626e-06 -0.0123788 0.0152265 -0.00652868 0.0270218 -0.0250369 0.00921449 -0.00258595 0.0238617 -0.0212549 0.0141416 -0.0109294 -0.0328062 0.00585613
internal_weight=53724 29629 24095 20269 8129 9360 15966 10695 6313 6308 6465 9574 3052 9501
internal_count=53724 29629 24095 20269 8129 9360 15966 10695 6313 6308 6465 9574 3052 9501
is_linear=0
shrinkage=0.035


Tree=31
num_leaves=15
num_cat=0
split_feature=10 10 13 10 10 0 10 11 1 0 0 13 0 0
split_gain=7703.76 1795.29 1178.01 295.093 226.826 214.157 181.627 84.9453 62.8996 53.9895 46.1013 37.4028 36.597 32.9766
threshold=74.836666666666687 18.516666666666669 313.62500000000006 7.8690476190476204 42.422619047619058 170.50000000000003 910.08333333333337 2.3198717948717955 115.25000000000001 25.050000000000004 601.00000000000011 2610.0000000000005 10.100000000000001 69.90000000000002
decision_type=10 8 10 10 8 10 10 8 10 8 10 10 8 8
left_child=1 3 5 7 9 8 10 -1 13 -3 -4 -8 -5 -2
right_child=2 4 6 12 -6 -7 11 -9 -10 -11 -12 -13 -14 -15
leaf_value=-0.038760408537166419 -0.0033354722651611534 -0.011580320990335806 0.022614539201475856 -0.021610817734104251 -0.00028100349998691558 0.016827500828050391 0.036191634969916744 -0.026496676833298927 0.010420479730374566 -0.0064404509722967964 0.030405937329798141 0.056384091317653658 -0.015395908059123305 0.0059519783317459512
leaf_weight=851 506 3604 4523 1652 7663 4152 1286 4481 5159 8298 1244 140 4328 5837
leaf_count=851 506 3604 4523 1652 7663 4152 1286 4481 5159 8298 1244 140 4328 5837
internal_value=2.22e-06 -0.0113978 0.0154081 -0.0224938 -0.00497819 0.0100153 0.027129 -0.0284885 0.00755005 -0.00800105 0.0243201 0.0383641 -0.0171294 0.00520905
internal_weight=53724 30877 22847 11312 19565 15654 7193 5332 11502 11902 5767 1426 5980 6343
internal_count=53724 30877 22847 11312 19565 15654 7193 5332 11502 11902 5767 1426 5980 6343
is_linear=0
shrinkage=0.035


Tree=32
num_leaves=15
num_cat=0
split_feature=10 13 13 10 10 0 11 13 0 0 0 0 0 1
split_gain=7178.46 1634.22 1177.77 296.515 183.358 177.894 135.406 91.2492 56.9441 49.9229 45.2566 38.7641 34.5484 29.3721
threshold=50.016666666666673 190.07500000000002 11.050000000000002 474.47619047619054 22.607142857142865 84.100000000000009 4.0038461538461547 1506.2500000000002 128.20000000000002 34.100000000000009 289.00000000000006 601.00000000000011 8.5500000000000025 78.200000000000017
decision_type=8 10 10 10 10 8 8 10 10 10 10 8 10 8
left_child=2 5 6 10 -4 -2 -1 11 13 -6 -3 -5 -8 -7
right_child=1 3 4 7 9 8 12 -9 -10 -11 -12 -13 -14 -15
leaf_value=-0.032999883170411116 0.00063535297069491263 0.015393899199414304 -0.013596174626322148 0.022192642616328095 -0.0078614028189770251 0.0011206521353477818 -0.023765547536587994 0.04296923821015379 0.011357765681199696 -0.0032186086120470133 0.021162114314651467 0.030330381700227348 -0.017257285769353838 0.0071591520422650406
leaf_weight=1934 6177 3619 5869 1123 7214 1191 4343 585 4048 4692 3253 2476 1392 5808
leaf_count=1934 6177 3619 5869 1123 7214 1191 4343 585 4048 4692 3253 2476 1392 5808
internal_value=2.32111e-06 0.0121367 -0.0134843 0.0226352 -0.00853393 0.00539307 -0.024945 0.0299916 0.00805189 -0.00603386 0.0181378 0.0278255 -0.0222023 0.00613313
internal_weight=53724 28280 25444 11056 17775 17224 7669 4184 11047 11906 6872 3599 5735 6999
internal_count=53724 28280 25444 11056 17775 17224 7669 4184 11047 11906 6872 3599 5735 6999
is_linear=0
shrinkage=0.035


Tree=33
num_leaves=15
num_cat=0
split_feature=13 13 13 10 13 10 10 0 0 13 0 0 0 13
split_gain=6688.62 1451.17 1128.79 233.706 198.841 182.904 155.211 58.7425 55.7601 43.1373 42.5704 42.359 41.0205 37.6641
threshold=67.52500000000002 14.025000000000002 267.70000000000005 32.007142857142867 855.50000000000011 5.1366666666666676 136.07142857142858 381.00000000000006 44.100000000000009 1.6250000000000002 9.0500000000000025 24.100000000000005 200.75000000000003 2610.0000000000005
decision_type=10 8 10 8 10 10 10 8 8 10 10 10 8 10
left_child=1 5 6 11 7 9 -2 -4 -5 -1 -7 -3 -8 -6
right_child=2 3 4 8 13 10 12 -9 -10 -11 -12 -13 -14 -15
leaf_value=-0.038364313638775384 0.0052550559298451555 -0.01174544549603578 0.017139412321327308 -0.0055510028329454047 0.033123274646764136 -0.021387629327307572 0.0098983179962323364 0.023825061058181923 -0.00033986540322530553 -0.0274187953170947 -0.015378634281472349 -0.0069756481416802778 0.015790071764882226 0.053026634504055162
leaf_weight=587 9501 5736 2685 4039 1456 3886 3394 4334 6656 2465 2422 3838 2585 140
leaf_count=587 9501 5736 2685 4039 1456 3886 3394 4334 6656 2465 2422 3838 2585 140
internal_value=2.41451e-06 -0.0111335 0.0136954 -0.00586713 0.0238473 -0.0225285 0.00803973 0.0212816 -0.00230954 -0.0295833 -0.0190944 -0.00983798 0.0124567 0.0350293
internal_weight=53724 29629 24095 20269 8615 9360 15480 7019 10695 3052 6308 9574 5979 1596
internal_count=53724 29629 24095 20269 8615 9360 15480 7019 10695 3052 6308 9574 5979 1596
is_linear=0
shrinkage=0.035


Tree=34
num_leaves=15
num_cat=0
split_feature=10 10 10 13 10 0 0 14 1 0 0 0 0 0
split_gain=6234.93 1455.59 956.582 233.226 189.178 183.08 144.616 60.4596 53.4783 48.4944 42.7025 39.7191 28.7794 28.4249
threshold=74.836666666666687 18.008333333333336 323.20714285714291 6.5250000000000012 42.422619047619058 170.50000000000003 801.00000000000011 1.9750000000000003 110.40000000000002 29.100000000000005 400.50000000000006 12.550000000000002 2025.0000000000002 69.90000000000002
decision_type=10 8 10 10 8 10 10 10 10 10 8 10 10 8
left_child=1 3 5 7 9 8 10 -1 13 -3 -4 -5 -8 -2
right_child=2 4 6 11 -6 -7 12 -9 -10 -11 -12 -13 -14 -15
leaf_value=-0.036832994553099942 -0.0033958986412238857 -0.0091706721548782486 0.017195840213192447 -0.018112884828713288 -0.00025460948963390887 0.015231871485297522 0.031755729396554057 -0.024907781161770646 0.0093249415033017681 -0.0046784751975827762 0.024043058584362953 -0.012253037454468062 0.045209719669277552 0.0052543701373833195
leaf_weight=633 504 7011 1669 4563 7663 4330 1204 3770 5400 5106 3851 2131 275 5614
leaf_count=633 504 7011 1669 4563 7663 4330 1204 3770 5400 5106 3851 2131 275 5614
internal_value=2.43063e-06 -0.0102533 0.013862 -0.0203962 -0.00455929 0.00909779 0.0246355 -0.0266621 0.00678618 -0.00728041 0.0219902 -0.016258 0.0344012 0.00453957
internal_weight=53724 30877 22847 11097 19780 15848 6999 4403 11518 12117 5520 6694 1479 6118
internal_count=53724 30877 22847 11097 19780 15848 6999 4403 11518 12117 5520 6694 1479 6118
is_linear=0
shrinkage=0.035


Tree=35
num_leaves=15
num_cat=0
split_feature=10 13 13 10 10 0 10 1 0 0 0 0 15 0
split_gain=5811.36 1315.21 959.029 242.858 150.478 143.139 113.651 80.4927 45.6611 44.0664 37.1754 35.2339 33.7739 32.1363
threshold=50.016666666666673 190.07500000000002 11.050000000000002 460.15000000000003 22.607142857142865 85.050000000000011 3.4025000000000003 1204.0000000000002 30.150000000000002 128.20000000000002 250.50000000000003 6.0500000000000007 102.62500000000001 620.25000000000011
decision_type=10 10 8 10 8 8 10 10 8 10 8 8 2 8
left_child=2 5 6 10 -4 -2 -1 13 -6 -7 -3 -8 -10 -5
right_child=1 3 4 7 8 9 11 -9 12 -11 -12 -13 -14 -15
leaf_value=-0.031131912749953746 0.00072357644313884514 0.011937342113502952 -0.012236916704730276 0.020186030552085673 -0.0082467322833158687 0.0055972327532226177 -0.023831480663384592 0.037666760842701097 -0.003960988125881886 0.01023003237740319 0.017801317454699681 -0.018224484758158455 0.0222091775050112 0.027214083710025944
leaf_weight=1500 6376 1898 5869 1366 4367 6725 2274 713 7563 4043 4789 3895 56 2290
leaf_count=1500 6376 1898 5869 1366 4367 6725 2274 713 7563 4043 4789 3895 56 2290
internal_value=2.47067e-06 0.010953 -0.0120959 0.0203628 -0.00764593 0.00488062 -0.0224447 0.0267892 -0.00539377 0.00734062 0.0161471 -0.0203089 -0.0037542 0.0246193
internal_weight=53724 28200 25524 11056 17855 17144 7669 4369 11986 10768 6687 6169 7619 3656
internal_count=53724 28200 25524 11056 17855 17144 7669 4369 11986 10768 6687 6169 7619 3656
is_linear=0
shrinkage=0.035


Tree=36
num_leaves=15
num_cat=0
split_feature=13 13 10 13 10 0 0 1 0 14 0 0 0 0
split_gain=5415.97 1253.03 842.774 180.67 179.968 163.957 127.473 49.0301 47.5437 45.9712 40.7358 39.7987 33.3162 23.8775
threshold=72.700000000000017 16.025000000000002 323.20714285714291 5.5250000000000012 35.01428571428572 170.50000000000003 882.50000000000011 110.40000000000002 57.550000000000004 1.5250000000000001 450.50000000000006 9.0500000000000025 21.550000000000004 2412.5000000000005
decision_type=10 8 10 10 8 10 10 10 10 10 8 8 8 10
left_child=1 3 5 9 12 7 10 -2 -6 -1 -4 -5 -3 -8
right_child=2 4 6 11 8 -7 13 -9 -10 -11 -12 -13 -14 -15
leaf_value=-0.035393446568379242 0.0041626451478373461 -0.011349005977099015 0.016928252222914931 -0.019718391582319923 -0.0028515345341292996 0.014241350003086427 0.030661126627004504 0.0087114897720858217 0.0023583304272186949 -0.024067645585088171 0.023100938924606948 -0.014048716409198575 -0.0067119913414542664 0.045604922119215886
leaf_weight=542 6342 2577 2274 2421 7322 4307 1149 5376 3030 3094 3402 4341 7373 174
leaf_count=542 6342 2577 2274 2421 7322 4307 1149 5376 3030 3094 3402 4341 7373 174
internal_value=2.56637e-06 -0.00962053 0.0128332 -0.0194981 -0.00455803 0.00840334 0.0229627 0.0062524 -0.00132622 -0.0258022 0.020645 -0.0160917 -0.00791805 0.0327908
internal_weight=53724 30700 23024 10398 20302 16025 6999 11718 10352 3636 5676 6762 9950 1323
internal_count=53724 30700 23024 10398 20302 16025 6999 11718 10352 3636 5676 6762 9950 1323
is_linear=0
shrinkage=0.035


Tree=37
num_leaves=15
num_cat=0
split_feature=13 13 10 13 10 0 0 1 1 0 0 7 0 0
split_gain=5045.8 1168.37 815.001 239.474 140.136 114.912 89.5921 79.94 46.1415 42.6045 37.4769 30.5666 29.65 26.3953
threshold=49.025000000000006 170.12500000000003 10.591666666666669 420.37500000000006 21.338095238095242 87.050000000000011 3.0500000000000003 1204.0000000000002 97.750000000000014 29.950000000000003 219.00000000000003 27.456439393939394 620.25000000000011 6.0500000000000007
decision_type=8 10 10 10 10 10 8 10 10 8 8 2 8 10
left_child=2 5 6 10 -4 8 -1 12 11 -6 -3 -2 -5 -8
right_child=1 3 4 7 9 -7 13 -9 -10 -11 -12 -13 -14 -15
leaf_value=-0.029828357514842536 -0.025115196407842044 0.0093563914609658058 -0.011965793491302537 0.01899033322411622 -0.0084139415869946745 0.0072875799915272151 -0.021606580728692631 0.035350326703470589 0.0075051536508094286 -0.0039575485715748057 0.015633556366077394 0.00060950958713356642 0.025128073858467888 -0.016715341146722681
leaf_weight=1289 52 1517 5741 1813 3814 7537 3365 710 1312 8496 5471 7746 2378 2483
leaf_count=1289 52 1517 5741 1813 3814 7537 3365 710 1312 8496 5471 7746 2378 2483
internal_value=2.57956e-06 0.0100792 -0.0114131 0.0184572 -0.00745079 0.004092 -0.0214225 0.0243946 0.00144564 -0.00534113 0.0142785 0.000421984 0.0224987 -0.0195459
internal_weight=53724 28536 25188 11889 18051 16647 7137 4901 9110 12310 6988 7798 4191 5848
internal_count=53724 28536 25188 11889 18051 16647 7137 4901 9110 12310 6988 7798 4191 5848
is_linear=0
shrinkage=0.035


Tree=38
num_leaves=15
num_cat=0
split_feature=10 13 10 10 10 0 10 0 0 0 0 0 10 13
split_gain=4700.62 1100.5 723.19 160.444 157.941 140.378 112.775 43.3347 40.496 35.7704 34.4186 33.5265 32.9519 27.2834
threshold=74.836666666666687 16.025000000000002 323.20714285714291 36.945238095238103 5.1366666666666676 160.50000000000003 982.50000000000011 10.950000000000001 95.100000000000009 551.00000000000011 49.050000000000004 25.050000000000004 1.8708333333333333 2610.0000000000005
decision_type=10 8 10 8 10 10 10 10 8 10 8 10 10 10
left_child=1 4 5 11 12 8 9 -6 -2 -4 -5 -3 -1 -8
right_child=2 3 6 10 7 -7 13 -9 -10 -11 -12 -13 -14 -15
leaf_value=-0.032073530091363572 0.0022958228332669159 -0.0088495652267128154 0.017427482570599843 -0.0038531844446573478 -0.017339860484757792 0.012960862296561794 0.028867741073657305 -0.011632678381811519 0.0070397079849687152 0.02355764652143259 0.00059117422709899518 -0.0049330368528241351 -0.022876424463743199 0.046123164274569216
leaf_weight=648 3036 6013 4012 3198 4801 4707 1109 2545 8105 1738 6396 4872 2404 140
leaf_count=648 3036 6013 4012 3198 4801 4707 1109 2545 8105 1738 6396 4872 2404 140
internal_value=2.49662e-06 -0.00890243 0.0120365 -0.00419219 -0.0181728 0.0078941 0.021404 -0.0153719 0.00574858 0.0192992 -0.000891514 -0.00709964 -0.0248784 0.0309781
internal_weight=53724 30877 22847 20479 10398 15848 6999 7346 11141 5750 9594 10885 3052 1249
internal_count=53724 30877 22847 20479 10398 15848 6999 7346 11141 5750 9594 10885 3052 1249
is_linear=0
shrinkage=0.035


Tree=39
num_leaves=15
num_cat=0
split_feature=13 13 10 13 0 0 10 10 0 0 0 0 0 1
split_gain=4379.56 1016.74 708.622 208.189 125.12 100.646 79.4476 70.4907 43.1716 35.2565 33.8512 31.3785 20.8858 18.4093
threshold=49.025000000000006 170.12500000000003 10.591666666666669 420.37500000000006 20.100000000000005 79.850000000000009 3.4025000000000003 1624.1666666666667 34.100000000000009 120.25000000000001 219.00000000000003 702.50000000000011 5.5500000000000007 80.250000000000014
decision_type=8 10 10 10 8 8 10 10 10 10 8 8 8 8
left_child=2 5 6 10 -4 -2 -1 11 -6 13 -3 -5 -8 -7
right_child=1 3 4 7 8 9 12 -9 -10 -11 -12 -13 -14 -15
leaf_value=-0.027169835610548036 -0.00015555717543998479 0.0086337707229062633 -0.01171623995215392 0.018202957664817321 -0.0066110181823370584 0.0015388283766910478 -0.021161975152363375 0.034851137629111184 -0.0023889446024484601 0.0084616556439057466 0.014597103263157355 0.024300967020082564 -0.016481856319255229 0.0053781265179257062
leaf_weight=1500 5339 1517 4892 2220 8626 2134 1840 533 4533 3728 5471 2148 3797 5446
leaf_count=1500 5339 1517 4892 2220 8626 2134 1840 533 4533 3728 5471 2148 3797 5446
internal_value=2.53077e-06 0.00939034 -0.0106329 0.0172058 -0.00693815 0.00380518 -0.0199662 0.0227418 -0.00515806 0.00567445 0.0133096 0.0212261 -0.0180269 0.00429897
internal_weight=53724 28536 25188 11889 18051 16647 7137 4901 13159 11308 6988 4368 5637 7580
internal_count=53724 28536 25188 11889 18051 16647 7137 4901 13159 11308 6988 4368 5637 7580
is_linear=0
shrinkage=0.035


Tree=40
num_leaves=15
num_cat=0
split_feature=13 10 14 0 10 0 0 0 0 0 1 1 0 13
split_gain=4080.05 864.928 732.555 175.96 119.774 88.9625 87.0709 58.2433 36.6185 34.5344 34.341 32.6952 31.5382 30.27
threshold=54.975000000000009 190.15476190476193 14.525000000000002 601.00000000000011 4.9183333333333339 28.100000000000005 107.90000000000002 300.80000000000007 1808.1000000000001 64.100000000000009 97.750000000000014 720.50000000000011 10.950000000000001 1.6250000000000002
decision_type=10 10 8 10 10 8 10 8 10 10 10 10 10 10
left_child=2 6 4 7 13 -4 10 -3 -5 -7 -2 -9 -6 -1
right_child=1 3 5 8 12 9 -8 11 -10 -11 -12 -13 -14 -15
leaf_value=-0.030801111948082615 0.00121004213597878 0.010983637170408801 -0.0087166503816465454 0.023404863370198488 -0.016474547301583795 -0.0037947445899208839 0.0076441700229530323 0.016153651784020735 0.035823695594495768 0.0087125403505562398 0.0061290346743201937 0.027193336660118955 -0.011063609047123965 -0.021606448610116031
leaf_weight=591 7760 3322 6285 2090 4777 10480 6011 5036 361 273 2237 360 1891 2250
leaf_count=591 7760 3322 6285 2090 4777 10480 6011 5036 361 273 2237 360 1891 2250
internal_value=2.5408e-06 0.00953454 -0.00975563 0.0170076 -0.017536 -0.00540947 0.00431678 0.0146622 0.0253032 -0.0034733 0.00231326 0.0169147 -0.0149495 -0.0235699
internal_weight=53724 27177 26547 11169 9509 17038 16008 8718 2451 10753 9997 5396 6668 2841
internal_count=53724 27177 26547 11169 9509 17038 16008 8718 2451 10753 9997 5396 6668 2841
is_linear=0
shrinkage=0.035


Tree=41
num_leaves=15
num_cat=0
split_feature=13 13 13 10 10 0 0 0 0 0 0 0 0 0
split_gain=3802.71 883.103 616.008 181.881 123.039 88.5017 66.2429 63.59 34.9836 31.4136 31.3277 21.5214 18.5455 18.4182
threshold=49.025000000000006 170.12500000000003 9.5250000000000021 424.35714285714295 21.338095238095242 76.90000000000002 3.0500000000000003 928.50000000000011 38.100000000000009 128.20000000000002 210.60000000000002 14.050000000000002 601.00000000000011 6.0500000000000007
decision_type=8 10 10 10 10 8 8 10 10 10 8 8 8 10
left_child=2 5 6 10 11 -2 -1 12 -6 -7 -3 -4 -5 -8
right_child=1 3 4 7 8 9 13 -9 -10 -11 -12 -13 -14 -15
leaf_value=-0.026223520496311464 -0.00025290719429320297 0.007760123692369285 -0.013268972505108062 0.016130887204220054 -0.0056406401094068791 0.004074234768256183 -0.01896946974618011 0.02830897382852238 -0.0012696193393892804 0.0081016011733403802 0.013584034719478813 -0.0089911422407928099 0.021249626007652171 -0.014635909192190332
leaf_weight=1285 5178 1455 2375 1745 9350 8103 3277 1185 2955 3366 5501 3850 2003 2096
leaf_count=1285 5178 1455 2375 1745 9350 8103 3277 1185 2955 3366 5501 3850 2003 2096
internal_value=2.59777e-06 0.00875033 -0.00990765 0.0160341 -0.00662354 0.00354513 -0.0190359 0.0211798 -0.0045919 0.00525923 0.0123723 -0.0106326 0.0188911 -0.0172941
internal_weight=53724 28536 25188 11889 18530 16647 6658 4933 12305 11469 6956 6225 3748 5373
internal_count=53724 28536 25188 11889 18530 16647 6658 4933 12305 11469 6956 6225 3748 5373
is_linear=0
shrinkage=0.035


Tree=42
num_leaves=15
num_cat=0
split_feature=13 11 13 13 0 0 0 13 1 1 0 0 0 0
split_gain=3544.04 828.133 555.803 142.83 111.879 107.914 90.4425 41.093 38.2608 35.7831 28.8681 28.8152 24.9978 22.0586
threshold=72.700000000000017 18.639610389610393 313.62500000000006 6.5250000000000012 44.100000000000009 180.25000000000003 928.50000000000011 1.6250000000000002 43.050000000000004 127.75000000000001 431.00000000000006 14.050000000000002 24.100000000000005 58.550000000000004
decision_type=10 8 10 10 10 10 10 10 10 10 8 10 8 8
left_child=1 3 5 7 8 9 10 -1 12 13 -4 -5 -3 -2
right_child=2 4 6 11 -6 -7 -8 -9 -10 -11 -12 -13 -14 -15
leaf_value=-0.028909389512427126 -0.0067142536729010004 -0.0086721131335514325 0.013382394662660033 -0.013462258498412958 0.00063451589382201021 0.011945867213752771 0.027335229908493287 -0.01885778755516046 -0.00036442695646495427 0.0077293404341335671 0.018524498416083932 -0.0081766266580954507 -0.0049356135312962077 0.0040526192782517683
leaf_weight=595 236 2935 2172 5162 5876 3697 1181 3812 1780 4193 3840 1714 8826 7705
leaf_count=595 236 2935 2172 5162 5876 3697 1181 3812 1780 4193 3840 1714 8826 7705
internal_value=2.5393e-06 -0.00778187 0.0103816 -0.0153208 -0.00339828 0.00671249 0.0184468 -0.0202461 -0.00514786 0.00511371 0.0166794 -0.0121516 -0.00587136 0.00372861
internal_weight=53724 30700 23024 11283 19417 15831 7193 4407 13541 12134 6012 6876 11761 7941
internal_count=53724 30700 23024 11283 19417 15831 7193 4407 13541 12134 6012 6876 11761 7941
is_linear=0
shrinkage=0.035


Tree=43
num_leaves=15
num_cat=0
split_feature=10 11 10 10 0 0 1 13 1 0 0 0 1 0
split_gain=3300.9 798.575 493.976 133.688 109.273 97.5456 82.834 45.3359 38.2293 34.7732 29.3066 24.1377 22.9394 20.9473
threshold=77.035714285714292 18.639610389610393 323.20714285714291 7.8690476190476204 44.100000000000009 200.75000000000003 901.00000000000011 2.0250000000000004 43.050000000000004 107.90000000000002 551.00000000000011 24.100000000000005 2505.0000000000005 14.050000000000002
decision_type=10 8 10 10 10 10 10 10 10 8 10 8 10 10
left_child=1 3 5 7 8 9 10 -1 11 -2 -4 -3 -8 -5
right_child=2 4 6 13 -6 -7 12 -9 -10 -11 -12 -13 -14 -15
leaf_value=-0.026233626103569427 0.0025408602052373933 -0.0083963186941167414 0.014465793110022431 -0.012495618172514791 0.00064120193129242956 0.012162032011991576 0.024276319061471627 -0.017355117012595025 -0.0002556977509413597 0.0065739180731052838 0.019961890621529373 -0.0047277439331673042 0.039829693137340853 -0.0078691283941224859
leaf_weight=863 3820 2940 3994 4226 6373 3222 1087 4469 1867 8388 1775 8832 143 1725
leaf_count=863 3820 2940 3994 4226 6373 3222 1087 4469 1867 8388 1775 8832 143 1725
internal_value=2.42929e-06 -0.00734171 0.010249 -0.0147856 -0.00314209 0.00674704 0.0179591 -0.0188154 -0.00490948 0.00531349 0.0161726 -0.00564713 0.0262385 -0.0111623
internal_weight=53724 31295 22429 11283 20012 15430 6999 5332 13639 12208 5769 11772 1230 5951
internal_count=53724 31295 22429 11283 20012 15430 6999 5332 13639 12208 5769 11772 1230 5951
is_linear=0
shrinkage=0.035


Tree=44
num_leaves=15
num_cat=0
split_feature=10 13 13 10 10 0 0 13 0 0 0 0 1 4
split_gain=3076.2 704.025 508.694 153.909 102.231 72.2318 56.1143 55.588 28.1022 27.7188 26.4556 24.2153 23.7474 20.0573
threshold=50.016666666666673 165.12500000000003 9.5250000000000021 424.35714285714295 21.338095238095242 79.850000000000009 3.0500000000000003 1757.5000000000002 230.50000000000003 36.100000000000009 702.50000000000011 39.850000000000009 105.30000000000001 411.00000000000006
decision_type=8 10 8 10 10 8 8 10 8 10 8 10 8 10
left_child=2 5 6 8 -4 11 -1 10 -3 -6 -5 -2 -7 -14
right_child=1 3 4 7 9 12 -8 -9 -10 -11 -12 -13 13 -15
leaf_value=-0.023748682574763862 -0.010176885618513064 0.0076951993147728213 -0.0095440454434405093 0.015097263061173581 -0.0051316124119231482 0.0027416253267674908 -0.015534144790204442 0.031082604533168877 0.012479253952083068 -0.0015396830860236706 0.020589634464117455 0.00028825336669672993 0.0058804524614389717 0.026994369916792497
leaf_weight=1285 282 2193 6225 2239 8799 4402 5373 435 5037 3762 2260 4811 6570 51
leaf_count=1285 282 2193 6225 2239 8799 4402 5373 435 5037 3762 2260 4811 6570 51
internal_value=2.48471e-06 0.00794591 -0.00882614 0.0143006 -0.00587718 0.00314655 -0.0171362 0.0190707 0.0110345 -0.00405688 0.0178761 -0.000300616 0.00473867 0.00606334
internal_weight=53724 28280 25444 12164 18786 16116 6658 4934 7230 12561 4499 5093 11023 6621
internal_count=53724 28280 25444 12164 18786 16116 6658 4934 7230 12561 4499 5093 11023 6621
is_linear=0
shrinkage=0.035


Tree=45
num_leaves=15
num_cat=0
split_feature=13 7 13 10 0 10 13 1 0 0 13 10 0 0
split_gain=2866.21 631.988 487.436 105.469 97.9377 94.6192 76.7556 33.5304 32.1803 28.0553 23.8745 23.4058 22.3563 21.8609
threshold=67.52500000000002 15.48330434782609 308.95000000000005 31.530952380952382 159.80000000000004 4.5208333333333348 961.25000000000011 105.30000000000001 58.550000000000004 12.050000000000002 2610.0000000000005 1.430952380952381 18.550000000000004 541.25000000000011
decision_type=10 2 10 8 10 10 10 10 10 10 10 10 8 10
left_child=1 5 4 12 7 11 13 -2 -5 -7 -8 -1 -3 -4
right_child=2 3 6 8 -6 9 10 -9 -10 -11 -12 -13 -14 -15
leaf_value=-0.028050673994818288 0.0023337508321639756 -0.0097869917591188512 0.013398734779403558 -0.0023613579181675274 0.0099002237143279107 -0.013683967406481144 0.022413855183321577 0.0060649139751515297 0.0024236048938633841 -0.0080277051471648892 0.038215306962358545 -0.018914099986930475 -0.0055948314062514637 0.018092535831929411
leaf_weight=449 6697 2014 4221 8799 4798 5853 1154 5284 2136 1348 140 1966 7064 1801
leaf_count=449 6697 2014 4221 8799 4798 5853 1154 5284 2136 1348 140 1966 7064 1801
internal_value=2.58396e-06 -0.00728714 0.00896622 -0.00374214 0.00567617 -0.0146593 0.0165028 0.00398116 -0.001426 -0.0126314 0.024264 -0.0206672 -0.00652976 0.0148164
internal_weight=53724 29629 24095 20013 16779 9616 7316 11981 10935 7201 1294 2415 9078 6022
internal_count=53724 29629 24095 20013 16779 9616 7316 11981 10935 7201 1294 2415 9078 6022
is_linear=0
shrinkage=0.035


Tree=46
num_leaves=15
num_cat=0
split_feature=13 13 13 10 0 0 0 13 1 0 7 0 0 0
split_gain=2671.02 622.524 435.498 134.009 87.2026 62.7919 49.3216 48.991 29.8081 28.5105 26.5817 25.6736 23.6999 15.9263
threshold=49.025000000000006 165.12500000000003 9.5250000000000021 424.35714285714295 20.100000000000005 87.050000000000011 3.0500000000000003 1757.5000000000002 118.10000000000001 34.100000000000009 27.456439393939394 219.00000000000003 702.50000000000011 2775.0000000000005
decision_type=8 10 10 10 8 10 8 10 10 10 2 8 8 8
left_child=2 5 6 11 -4 8 -1 12 10 -6 -2 -3 -5 -9
right_child=1 3 4 7 9 -7 -8 13 -10 -11 -12 -13 -14 -15
leaf_value=-0.02217700508669675 -0.023503706287184175 0.0065314098250332919 -0.0093279236364173165 0.014031639052820843 -0.0051887122376270802 0.0052902804588143421 -0.01447656265370522 0.023101840080045781 0.0074852253618568343 -0.0017597710648128563 0.00048024604144322172 0.011454858787736341 0.019226375471804936 0.038186879448413133
leaf_weight=1285 52 1730 5313 2239 8696 7305 5373 274 772 4521 8243 5500 2260 161
leaf_count=1285 52 1730 5313 2239 8696 7305 5373 274 772 4521 8243 5500 2260 161
internal_value=2.57958e-06 0.00733399 -0.00830314 0.0133298 -0.00554182 0.00287655 -0.0159783 0.0177808 0.000930046 -0.00401692 0.000315826 0.0102821 0.0166596 0.0290555
internal_weight=53724 28536 25188 12164 18530 16372 6658 4934 9067 13217 8295 7230 4499 435
internal_count=53724 28536 25188 12164 18530 16372 6658 4934 9067 13217 8295 7230 4499 435
is_linear=0
shrinkage=0.035


Tree=47
num_leaves=15
num_cat=0
split_feature=13 7 10 10 10 0 1 0 11 0 13 0 0 0
split_gain=2488.11 585.243 391.813 103.679 83.4905 81.9452 65.1217 33.1099 30.8597 29.8059 25.9983 25.5997 21.5732 20.3883
threshold=72.700000000000017 15.48330434782609 323.20714285714291 32.007142857142867 5.1366666666666676 200.75000000000003 901.00000000000011 45.050000000000004 171.80194805194807 107.90000000000002 1.6250000000000002 330.75000000000006 12.050000000000002 21.550000000000004
decision_type=10 2 10 8 10 10 10 8 8 8 10 8 10 10
left_child=1 4 5 13 10 9 11 -5 -9 -2 -1 -4 -6 -3
right_child=2 3 6 7 12 -7 -8 8 -10 -11 -12 -13 -14 -15
leaf_value=-0.025089099927084593 0.0020709085629655771 -0.0076174219977485158 0.0072412871753734752 -0.0033956061064250504 -0.012452555771753937 0.010680177927628539 0.02294483667084625 0.00020478032532404358 0.025411234377941586 0.0056358537802557737 -0.016785357150188859 0.014837214992195031 -0.0074313098201022479 -0.0043359170641334112
leaf_weight=601 4363 4745 624 4563 5204 3207 1230 7129 55 8455 2463 5145 1348 4592
leaf_count=601 4363 4745 624 4563 5204 3207 1230 7129 55 8455 2463 5145 1348 4592
internal_value=2.65006e-06 -0.00651981 0.00869917 -0.0032548 -0.0136732 0.00567871 0.0156058 -0.00106582 0.000415298 0.0044237 -0.0184523 0.0140226 -0.0114259 -0.00600674
internal_weight=53724 30700 23024 21084 9616 16025 6999 11747 7184 12818 3064 5769 6552 9337
internal_count=53724 30700 23024 21084 9616 16025 6999 11747 7184 12818 3064 5769 6552 9337
is_linear=0
shrinkage=0.035


Tree=48
num_leaves=15
num_cat=0
split_feature=10 13 10 10 0 0 0 0 0 0 0 0 1 15
split_gain=2318.29 539.506 380.532 116.819 75.1527 58.7824 44.6109 44.3243 26.7168 23.0239 21.2925 19.8036 19.1777 19.1135
threshold=49.276190476190486 165.12500000000003 10.208333333333336 424.35714285714295 19.550000000000004 79.850000000000009 1410.0000000000002 3.0500000000000003 30.150000000000002 280.75000000000006 39.850000000000009 702.50000000000011 84.100000000000009 310.25000000000006
decision_type=8 10 10 10 8 8 10 8 10 10 10 8 8 2
left_child=2 5 7 9 -4 10 11 -1 -6 -3 -2 -5 -7 -14
right_child=1 3 4 6 8 12 -8 -9 -10 -11 -12 -13 13 -15
leaf_value=-0.020603247982498126 -0.009257265352805558 0.0080220301869384503 -0.0091481592310328746 0.012992546152817475 -0.0050798648253313049 0.0013277466700441611 0.025934228363199641 -0.013345185996603276 -0.0019604711884800966 0.012126274090295184 0.00019775898071089829 0.017811891165289691 0.0047585875758919339 0.025509552276693288
leaf_weight=1287 305 4501 4258 2247 8464 2353 560 5636 5595 2729 4958 2127 8654 50
leaf_count=1287 305 4501 4258 2247 8464 2353 560 5636 5595 2729 4958 2127 8654 50
internal_value=2.59611e-06 0.00684607 -0.00772027 0.012424 -0.00507579 0.00268608 0.0165797 -0.0147084 -0.00383959 0.00957851 -0.000358442 0.0153538 0.00413474 0.00489237
internal_weight=53724 28484 25240 12164 18317 16320 4934 6923 14059 7230 5263 4374 11057 8704
internal_count=53724 28484 25240 12164 18317 16320 4934 6923 14059 7230 5263 4374 11057 8704
is_linear=0
shrinkage=0.035


Tree=49
num_leaves=15
num_cat=0
split_feature=13 13 13 13 0 0 1 0 0 1 7 0 1 0
split_gain=2159.41 504.131 354.116 108.947 75.4624 52.2127 42.1886 38.8812 26.7907 25.8107 24.4006 20.6884 14.6323 14.5553
threshold=49.025000000000006 165.12500000000003 9.0250000000000021 420.37500000000006 19.550000000000004 87.050000000000011 1204.0000000000002 2.5500000000000003 30.150000000000002 118.10000000000001 27.456439393939394 230.50000000000003 38.100000000000009 6.0500000000000007
decision_type=8 10 10 10 8 10 10 8 10 10 2 8 10 10
left_child=2 5 7 11 -4 9 -5 -1 12 10 -2 -3 -6 -9
right_child=1 3 4 6 8 -7 -8 13 -10 -11 -12 -13 -14 -15
leaf_value=-0.020965887545868755 -0.02258436509979922 0.0063910288232119656 -0.0088793830651509378 0.014654191238649035 -0.0054141295804312397 0.004784420355576165 0.023965356238967891 -0.01472820561364957 -0.0018592164709585362 0.0069082591675055285 0.00039450545028490237 0.010490187474536301 -8.6751728742740072e-05 -0.010838072751936751
leaf_weight=995 52 2193 4696 4191 7846 7305 710 3511 5549 772 8243 5070 687 1904
leaf_count=995 52 2193 4696 4191 7846 7305 710 3511 5549 772 8243 5070 687 1904
internal_value=2.66579e-06 0.00659465 -0.00746535 0.0119903 -0.0050383 0.0025834 0.0160261 -0.0145659 -0.0037547 0.000808453 0.000236936 0.00925773 -0.00498552 -0.0133716
internal_weight=53724 28536 25188 12164 18778 16372 4901 6410 14082 9067 8295 7263 8533 5415
internal_count=53724 28536 25188 12164 18778 16372 4901 6410 14082 9067 8295 7263 8533 5415
is_linear=0
shrinkage=0.035


Tree=50
num_leaves=15
num_cat=0
split_feature=10 13 10 0 0 0 0 0 0 0 1 0 0 7
split_gain=2011.27 467.911 330.956 103.112 70.6842 52.4578 40.1155 36.1268 24.8383 24.0374 22.2687 22.0645 16.4858 14.9219
threshold=49.276190476190486 165.12500000000003 9.5266666666666691 601.00000000000011 18.550000000000004 67.100000000000009 280.75000000000006 2.5500000000000003 30.150000000000002 2025.0000000000002 720.50000000000011 125.25000000000001 39.850000000000009 33.072670807453427
decision_type=8 10 10 10 8 8 8 8 10 10 10 10 8 2
left_child=2 5 7 6 -4 12 -3 -1 -6 -5 -8 13 -2 -7
right_child=1 3 4 9 8 11 10 -9 -10 -11 -12 -13 -14 -15
leaf_value=-0.020198970687664762 -0.0089148012167368559 0.0070074774564232514 -0.0087388453641036243 0.016692156768710002 -0.0048101383036509276 -0.015331092696869747 0.011132639477587728 -0.012878750160269424 -0.0018266428730449489 0.027883712506387385 0.02017004010186961 0.0060374179767448497 -0.00047685665750824815 0.0028080519837320834
leaf_weight=993 305 3615 4362 2166 8816 51 5749 5473 5596 275 359 3281 3345 9338
leaf_count=993 305 3615 4362 2166 8816 51 5749 5473 5596 275 359 3281 3345 9338
internal_value=2.51461e-06 0.00637675 -0.00719082 0.0115714 -0.00483646 0.0025026 0.00994718 -0.0140177 -0.00365272 0.0180074 0.0116799 0.00356734 -0.00119318 0.00270141
internal_weight=53724 28484 25240 12164 18774 16320 9723 6466 14412 2441 6108 12670 3650 9389
internal_count=53724 28484 25240 12164 18774 16320 9723 6466 14412 2441 6108 12670 3650 9389
is_linear=0
shrinkage=0.035


Tree=51
num_leaves=15
num_cat=0
split_feature=13 11 13 11 0 0 0 1 14 1 0 0 13 0
split_gain=1874.35 467.87 278.514 80.7407 70.1261 69.4205 45.2918 25.0103 24.8462 22.402 19.2236 18.8096 16.4946 16.4596
threshold=77.52500000000002 18.639610389610393 350.25000000000006 6.6396103896103904 200.75000000000003 44.100000000000009 928.50000000000011 45.050000000000004 1.5250000000000001 150.50000000000003 250.50000000000003 13.050000000000002 1627.5000000000002 58.550000000000004
decision_type=10 8 10 10 10 10 10 10 10 10 8 10 10 8
left_child=1 3 4 8 9 7 10 -3 -1 13 -4 -5 -12 -2
right_child=2 5 6 11 -6 -7 -8 -9 -10 -11 12 -13 -14 -15
leaf_value=-0.022000084348553675 -0.00676109418423489 -0.004249095199592285 -0.0010104591354320293 -0.010043428675580224 0.0094607707748847209 0.00065619647813350897 0.020288475018063749 0.00049624422895230217 -0.013901114633103551 0.0068707288692062959 0.012682818619050105 -0.0060496876410834196 0.029240746346230691 0.0034506498324737688
leaf_weight=546 193 12147 123 4853 3858 6581 1181 1531 3783 2672 4821 2101 73 9261
leaf_count=546 193 12147 123 4853 3858 6581 1181 1531 3783 2672 4821 2101 73 9261
internal_value=2.48703e-06 -0.00547951 0.00779717 -0.0111899 0.00535211 -0.00229723 0.0140933 -0.00371795 -0.0149468 0.00404154 0.0126162 -0.00884202 0.0129594 0.00323872
internal_weight=53724 31542 22182 11283 15984 20259 6198 13678 4329 12126 5017 6954 4894 9454
internal_count=53724 31542 22182 11283 15984 20259 6198 13678 4329 12126 5017 6954 4894 9454
is_linear=0
shrinkage=0.035


Tree=52
num_leaves=15
num_cat=0
split_feature=10 11 13 13 0 0 1 1 1 13 0 0 0 0
split_gain=1745.87 435.848 259.32 75.7162 63.8924 63.2958 42.6717 23.4869 20.7806 20.6504 20.1715 18.0315 17.675 14.739
threshold=78.345238095238116 18.639610389610393 350.25000000000006 5.5250000000000012 200.75000000000003 44.100000000000009 1204.0000000000002 44.100000000000009 150.50000000000003 1.6250000000000002 9.0500000000000025 45.050000000000004 702.50000000000011 221.00000000000003
decision_type=10 8 10 10 10 10 10 10 10 10 8 8 10 8
left_child=1 3 4 9 8 7 12 -3 11 -1 -5 -2 13 -4
right_child=2 5 6 10 -6 -7 -8 -9 -10 -11 -12 -13 -14 -15
leaf_value=-0.02100325764444036 -0.011169352672001887 -0.0041453623768496692 -0.0034918796612196661 -0.011472427498466024 0.0090784066767557667 0.00060225066190875331 0.021704547049132931 0.00010283635905196914 0.0066253217793905399 -0.013744900415286322 -0.0075748912083358124 0.0032967883000664085 0.016101220549377519 0.011670590693119558
leaf_weight=595 102 11836 78 2408 3873 6586 710 1842 2689 3045 5235 9315 1324 4086
leaf_count=595 102 11836 78 2408 3873 6586 710 1842 2689 3045 5235 9315 1324 4086
internal_value=2.46229e-06 -0.00528731 0.00752671 -0.010799 0.00516677 -0.00221648 0.0136018 -0.00357343 0.00391211 -0.0149585 -0.00880954 0.00313425 0.0125347 0.0113827
internal_weight=53724 31547 22177 11283 15979 20264 6198 13678 12106 3640 7643 9417 5488 4164
internal_count=53724 31547 22177 11283 15979 20264 6198 13678 12106 3640 7643 9417 5488 4164
is_linear=0
shrinkage=0.035


Tree=53
num_leaves=15
num_cat=0
split_feature=13 7 13 10 0 14 13 0 1 1 14 0 0 0
split_gain=1626.31 406.259 241.593 76.1912 60.8397 58.6048 40.4459 28.0787 19.812 19.4202 18.4349 16.4653 16.0776 15.7154
threshold=77.52500000000002 15.48330434782609 350.25000000000006 31.530952380952382 200.75000000000003 4.9500000000000011 1757.5000000000002 58.550000000000004 720.50000000000011 150.50000000000003 1.3750000000000002 13.050000000000002 221.00000000000003 3250.0000000000005
decision_type=10 2 10 8 10 10 10 10 10 10 10 10 8 8
left_child=1 5 4 -3 9 10 8 -5 12 -2 -1 -7 -4 -8
right_child=2 3 6 7 -6 11 13 -9 -10 -11 -12 -13 -14 -15
leaf_value=-0.022497559575492453 0.0030175730566430838 -0.0049259879589501074 -0.0048985694064639321 -0.001758383507714414 0.0088127394556476238 -0.010116378694743841 0.018827904889096872 0.0018826933593957638 0.015889346561014792 0.006399249328789559 -0.01420146946672275 -0.0053873966792117294 0.011386142777726762 0.034537907636807703
leaf_weight=401 9454 9078 73 9247 3858 5813 317 3601 1460 2672 2312 1090 4230 118
leaf_count=401 9454 9078 73 9247 3858 5813 317 3601 1460 2672 2312 1090 4230 118
internal_value=2.36499e-06 -0.00510405 0.00726301 -0.00247241 0.00498578 -0.0111002 0.013127 -0.000737538 0.0123294 0.00376507 -0.0154668 -0.0093741 0.0111045 0.0234335
internal_weight=53724 31542 22182 21926 15984 9616 6198 12848 5763 12126 2713 6903 4303 435
internal_count=53724 31542 22182 21926 15984 9616 6198 12848 5763 12126 2713 6903 4303 435
is_linear=0
shrinkage=0.035


Tree=54
num_leaves=15
num_cat=0
split_feature=13 13 13 0 0 0 0 0 0 1 0 14 0 19
split_gain=1515.31 352.523 250.742 80.3721 56.2976 40.2932 30.0115 29.2567 22.2295 20.8086 17.9597 16.0332 15.7429 13.2926
threshold=49.025000000000006 165.12500000000003 9.0250000000000021 551.00000000000011 20.100000000000005 76.90000000000002 250.50000000000003 4.9500000000000011 2412.5000000000005 720.50000000000011 38.100000000000009 1.5250000000000001 140.50000000000003 29.987500000000004
decision_type=8 10 10 10 8 8 8 10 10 10 10 8 10 8
left_child=2 5 7 6 -4 -2 -3 11 -5 -8 -6 -1 13 -7
right_child=1 3 4 8 10 12 9 -9 -10 -11 -12 -13 -14 -15
leaf_value=-0.020136761222502048 -0.00038336049172201571 0.0054852611802825276 -0.0071827132061513897 0.014404512235110479 -0.0036641300486279756 -0.011743577032942666 0.0093203335436157133 -0.0097204822443654609 0.027423854952823769 0.018284829275961145 -0.0005711485907131474 -0.013390376858088051 0.0062637048211841686 0.0028760114207078418
leaf_weight=537 5176 2875 5514 2606 10301 72 6173 3059 174 336 2963 2814 1887 9237
leaf_count=537 5176 2875 5514 2606 10301 72 6173 3059 174 336 2963 2814 1887 9237
internal_value=2.40261e-06 0.00552445 -0.00625349 0.0100364 -0.00421121 0.00217015 0.00847947 -0.0122284 0.0152672 0.00979677 -0.00297367 -0.0144999 0.00335031 0.00275669
internal_weight=53724 28536 25188 12164 18778 16372 9384 6410 2780 6509 13264 3351 11196 9309
internal_count=53724 28536 25188 12164 18778 16372 9384 6410 2780 6509 13264 3351 11196 9309
is_linear=0
shrinkage=0.035


Tree=55
num_leaves=15
num_cat=0
split_feature=10 10 13 11 0 0 7 0 20 0 14 0 1 0
split_gain=1411.81 353.519 211.501 60.4386 54.6166 50.3878 38.089 36.4788 19.7849 19.0427 18.2826 17.1955 17.1594 17.0199
threshold=78.345238095238116 18.516666666666669 350.25000000000006 6.3409740259740266 190.50000000000003 44.100000000000009 40.270032051282058 1410.0000000000002 3217.261904761905 25.050000000000004 1.5250000000000001 14.050000000000002 127.75000000000001 45.050000000000004
decision_type=8 10 10 10 10 10 2 10 8 8 8 10 10 8
left_child=1 3 4 10 6 9 -2 -4 12 -3 -1 -5 13 -8
right_child=2 5 7 11 -6 -7 8 -9 -10 -11 -12 -13 -14 -15
leaf_value=-0.019135435749590736 -0.023346452851994683 -0.0053433532618865857 0.011373861612246761 -0.0087137467655417928 0.0080022127478543478 0.00052305580718086818 -0.012618217220853854 0.020794573394882745 0.023121545902556846 -0.0024008082000726468 -0.012156893399416197 -0.0046316504509839301 0.0051050092051882117 0.0025443165665476756
leaf_weight=546 60 3713 5640 5528 4296 6585 87 558 58 9857 3574 1664 4556 7002
leaf_count=546 60 3713 5640 5528 4296 6585 87 558 58 9857 3574 1664 4556 7002
internal_value=2.37476e-06 -0.00476909 0.00674785 -0.00971958 0.00462573 -0.00198891 0.00338972 0.0122381 0.00353671 -0.00320761 -0.0131038 -0.00777315 0.00342928 0.00234947
internal_weight=53724 31467 22257 11312 16059 20155 11763 6198 11703 13570 4120 7192 11645 7089
internal_count=53724 31467 22257 11312 16059 20155 11763 6198 11703 13570 4120 7192 11645 7089
is_linear=0
shrinkage=0.035


Tree=56
num_leaves=15
num_cat=0
split_feature=10 13 13 0 0 0 13 0 1 0 0 0 23 14
split_gain=1316.25 304.574 218.811 71.9138 48.7286 38.9315 35.8254 26.1717 17.3007 16.3082 16.2479 14.1416 14.0532 13.7736
threshold=49.276190476190486 165.12500000000003 9.0250000000000021 370.50000000000006 19.550000000000004 67.100000000000009 1757.5000000000002 4.9500000000000011 461.50000000000006 30.150000000000002 128.20000000000002 3250.0000000000005 0.53097034152342515 1.5250000000000001
decision_type=8 10 10 8 8 8 10 10 8 10 10 8 10 8
left_child=2 5 7 12 -4 -2 8 13 -5 -6 -7 -8 -3 -1
right_child=1 3 4 6 9 10 11 -9 -10 -11 -12 -13 -14 -15
leaf_value=-0.018774914733130778 -0.0011505744695461519 0.0001709012766004538 -0.0069977288604766664 0.0085251028945523173 -0.0038451844077463126 0.0022260227439341363 0.017199343564135702 -0.0090292408402196395 0.01248500800617007 -0.0014108718506912368 0.00512440423222057 0.032083165863665143 0.0069120219730548103 -0.012519388654606394
leaf_weight=537 3650 409 4705 2117 8545 9511 312 3059 4033 5580 3159 118 5175 2814
leaf_count=537 3650 409 4705 2117 8545 9511 312 3059 4033 5580 3159 118 5175 2814
internal_value=2.23666e-06 0.00515881 -0.00581696 0.00934984 -0.00391374 0.00203315 0.0118304 -0.0114004 0.0111299 -0.00288436 0.00295041 0.0216056 0.00641886 -0.0135483
internal_weight=53724 28484 25240 12164 18830 16320 6580 6410 6150 14125 12670 430 5584 3351
internal_count=53724 28484 25240 12164 18830 16320 6580 6410 6150 14125 12670 430 5584 3351
is_linear=0
shrinkage=0.035


Tree=57
num_leaves=15
num_cat=0
split_feature=13 13 13 0 0 0 0 0 0 1 15 0 13 23
split_gain=1226.2 284.603 203.088 67.7511 46.2342 33.5111 30.2491 24.7931 17.1527 15.5935 18.4879 15.3075 14.1563 12.0913
threshold=49.025000000000006 165.12500000000003 9.0250000000000021 702.50000000000011 18.050000000000004 67.100000000000009 300.80000000000007 2.9500000000000006 30.150000000000002 85.050000000000011 310.25000000000006 2505.0000000000005 1627.5000000000002 0.53097034152342515
decision_type=8 10 10 10 8 8 8 8 10 8 2 10 10 10
left_child=2 5 7 6 -4 -2 13 -1 -6 -7 -11 -5 -8 -3
right_child=1 3 4 11 8 9 12 -9 -10 10 -12 -13 -14 -15
leaf_value=-0.01591393579582755 -0.00095892903016916227 -0.00041865385413984772 -0.0069747905994246486 0.014066062975890071 -0.0037887642128173896 0.0009021882301254796 0.0092719340795262145 -0.010013256105429035 -0.0013096775698030357 0.0034783085340289554 0.023862330785021188 0.025908618584190583 0.024668627699812581 0.0061768705924522141
leaf_weight=1062 3729 373 4296 1778 8933 3698 5963 5348 5549 8895 50 149 71 3830
leaf_count=1062 3729 373 4296 1778 8933 3698 5963 5348 5549 8895 50 149 71 3830
internal_value=2.25934e-06 0.00496966 -0.00562528 0.00902371 -0.00378728 0.00195576 0.0078832 -0.0110025 -0.00283964 0.00281548 0.00360552 0.0150464 0.00947338 0.00559174
internal_weight=53724 28536 25188 12164 18778 16372 10237 6410 14482 12643 8945 1927 6034 4203
internal_count=53724 28536 25188 12164 18778 16372 10237 6410 14482 12643 8945 1927 6034 4203
is_linear=0
shrinkage=0.035


Tree=58
num_leaves=15
num_cat=0
split_feature=13 13 13 1 0 0 0 0 7 1 1 0 23 0
split_gain=1142.07 265.096 189.563 63.4873 40.757 32.1676 31.5324 24.9975 20.603 18.4106 17.4472 15.2746 14.8864 13.9447
threshold=49.025000000000006 165.12500000000003 14.025000000000002 720.50000000000011 4.9500000000000011 370.50000000000006 87.050000000000011 25.050000000000004 27.456439393939394 118.10000000000001 2505.0000000000005 8.5500000000000025 0.53097034152342515 65.100000000000009
decision_type=8 10 10 10 8 10 10 8 2 10 10 10 8 10
left_child=2 6 4 5 -1 12 8 -4 -2 -10 -5 -6 -3 -9
right_child=1 3 7 10 11 -7 -8 13 9 -11 -12 -13 -14 -15
leaf_value=-0.013348814015844717 -0.020468764900834414 -0.00031481364516366744 -0.0050676342118352877 0.013630754415716753 -0.0093279375187803465 0.010479500462515997 0.0035980520839152194 -0.0022579764995210396 0.0001550331423172277 0.0057908915621144611 0.026470635050681195 -0.0059443994099561788 0.0066757476858375414 0.0088300705415606251
leaf_weight=2371 52 395 5244 1699 4276 3314 7305 10448 8243 772 143 2713 6613 136
leaf_count=2371 52 395 5244 1699 4276 3314 7305 10448 8243 772 143 2713 6613 136
internal_value=2.40486e-06 0.00479638 -0.00542866 0.00870902 -0.00937603 0.00763393 0.0018876 -0.00309212 0.000508324 0.000640603 0.0146965 -0.0080197 0.00628179 -0.0021114
internal_weight=53724 28536 25188 12164 9360 10322 16372 15828 9067 9015 1842 6989 7008 10584
internal_count=53724 28536 25188 12164 9360 10322 16372 15828 9067 9015 1842 6989 7008 10584
is_linear=0
shrinkage=0.035


Tree=59
num_leaves=15
num_cat=0
split_feature=13 13 13 0 0 0 0 0 0 0 7 11 13 0
split_gain=1063.99 261.731 166.297 59.7736 39.9513 33.4372 28.6594 21.3069 14.5526 14.5174 13.1306 19.3262 12.4179 12.2954
threshold=45.025000000000006 165.12500000000003 8.5250000000000021 771.10000000000014 17.550000000000004 67.100000000000009 330.75000000000006 4.9500000000000011 140.50000000000003 29.100000000000005 32.152334943639296 310.04166666666669 1627.5000000000002 2505.0000000000005
decision_type=8 10 10 10 8 8 8 10 10 10 2 8 10 10
left_child=2 5 7 6 -4 -2 -3 -1 10 -6 -7 -12 -8 -5
right_child=1 3 4 13 9 8 12 -9 -10 -11 11 -13 -14 -15
leaf_value=-0.012368921188136105 -0.00090915717504303579 0.0054322449821625398 -0.0067104659872667836 0.013546869908122696 -0.003821831664068819 -0.013825229201465847 0.0089117355951396793 -0.0081572709472626948 0.0054466373952688401 -0.0015378499622006583 0.0021047811970537232 0.022915214791968043 0.023347845541092718 0.024286343780430885
leaf_weight=3283 4450 4831 4280 1509 7965 58 5604 2761 1887 5976 10850 50 71 149
leaf_count=3283 4450 4831 4280 1509 7965 58 5604 2761 1887 5976 10850 50 71 149
internal_value=2.38225e-06 0.00447231 -0.00542416 0.00840503 -0.00375355 0.00170471 0.00742372 -0.0104533 0.00261026 -0.00284367 0.00211956 0.0022107 0.00911274 0.0145821
internal_weight=53724 29459 24265 12164 18221 17295 10506 6044 12845 13941 10958 10900 5675 1658
internal_count=53724 29459 24265 12164 18221 17295 10506 6044 12845 13941 10958 10900 5675 1658
is_linear=0
shrinkage=0.035


Tree=60
num_leaves=15
num_cat=0
split_feature=13 13 13 0 0 0 0 0 1 0 0 0 7 16
split_gain=990.974 243.8 154.882 55.9083 37.2078 31.1423 23.3208 20.0291 15.2306 14.8513 13.7498 13.5195 12.2332 17.1436
threshold=45.025000000000006 165.12500000000003 8.5250000000000021 601.00000000000011 17.550000000000004 67.100000000000009 250.50000000000003 2.5500000000000003 720.50000000000011 2120.0000000000005 120.25000000000001 29.100000000000005 32.152334943639296 1.2909944487339973
decision_type=8 10 10 10 8 8 8 8 10 10 10 10 2 10
left_child=2 5 7 6 -4 -2 -3 -1 -8 -5 12 -6 -7 -14
right_child=1 3 4 9 11 10 8 -9 -10 -11 -12 -13 13 -15
leaf_value=-0.01465488699083734 -0.00087737240150694137 0.0042590463750722639 -0.0064758737203182634 0.011868462122908726 -0.0036881514727698543 -0.013688904137891388 0.0076278528270294667 -0.0091755218471997833 0.015038765406070203 0.020944796731630556 0.0043872714805978878 -0.0014840702118518213 0.020894670558386837 0.0017981206329839756
leaf_weight=994 4450 2875 4280 2188 7965 57 6488 5050 360 253 3506 5976 53 9229
leaf_count=994 4450 2875 4280 2188 7965 57 6488 5050 360 253 3506 5976 53 9229
internal_value=2.48994e-06 0.00431632 -0.00523454 0.00811194 -0.00362229 0.0016452 0.00691641 -0.010088 0.00802813 0.0128501 0.00251912 -0.00274421 0.00181582 0.00191835
internal_weight=53724 29459 24265 12164 18221 17295 9723 6044 6848 2441 12845 13941 9339 9282
internal_count=53724 29459 24265 12164 18221 17295 9723 6044 6848 2441 12845 13941 9339 9282
is_linear=0
shrinkage=0.035


Tree=61
num_leaves=15
num_cat=0
split_feature=13 13 13 0 0 0 7 13 14 0 16 0 1 1
split_gain=923.012 236.195 138.958 46.6852 40.1713 33.6673 32.3397 26.8256 21.2063 17.9716 16.9248 12.4061 12.3356 12.2748
threshold=79.375000000000014 19.575000000000006 350.25000000000006 8.5500000000000025 200.75000000000003 45.050000000000004 38.337037037037042 2610.0000000000005 1.9750000000000003 702.50000000000011 1.9663841604998762 441.50000000000006 97.750000000000014 44.100000000000009
decision_type=8 10 10 10 10 10 2 10 10 8 10 10 8 10
left_child=1 3 4 8 6 13 -2 9 -1 -4 -8 -6 -12 -3
right_child=2 5 7 -5 11 -7 10 -9 -10 -11 12 -13 -14 -15
leaf_value=-0.015632403618852243 -0.023793648323044186 -0.0028982206200697811 0.0078112705510615978 -0.0050468669606535642 0.0065365479371885526 0.00067397667233058656 0.022267791345419195 0.024911107329526266 -0.0089019031216670749 0.011678558934802966 0.00058698494895945564 0.019575892610860967 0.0033624637204500282 3.6470016773880883e-05
leaf_weight=636 51 11442 3325 4831 3773 6144 50 140 6493 2733 2476 88 9482 2060
leaf_count=636 51 11442 3325 4831 3773 6144 50 140 6493 2733 2476 88 9482 2060
internal_value=2.52257e-06 -0.00383499 0.00548585 -0.00771179 0.00375284 -0.00147353 0.00275599 0.0099306 -0.00951289 0.00956415 0.00287861 0.00685867 0.00278826 -0.00245063
internal_weight=53724 31606 22118 11960 15920 19646 12059 6198 7129 6058 12008 3861 11958 13502
internal_count=53724 31606 22118 11960 15920 19646 12059 6198 7129 6058 12008 3861 11958 13502
is_linear=0
shrinkage=0.035


Tree=62
num_leaves=15
num_cat=0
split_feature=13 13 13 0 0 0 7 0 14 16 0 0 0 0
split_gain=859.862 229.96 121.321 43.4829 35.7083 34.4791 31.8144 25.335 19.8666 16.5497 14.0198 13.4524 12.5205 10.6133
threshold=82.52500000000002 19.575000000000006 350.25000000000006 8.5500000000000025 57.550000000000004 200.75000000000003 38.962250712250714 1410.0000000000002 1.5250000000000001 2.0528435526936364 29.100000000000005 250.50000000000003 441.50000000000006 113.65000000000002
decision_type=8 10 10 10 10 10 2 10 8 10 8 8 10 8
left_child=1 3 5 8 10 6 -2 11 -1 -8 -3 -4 -7 -11
right_child=2 4 7 -5 -6 12 9 -9 -10 13 -12 -13 -14 -15
leaf_value=-0.015651691596955061 -0.023780810093676504 -0.0037327018582842641 -0.002492680838392403 -0.0048704092387044902 0.0014479146551284897 0.0063012754385937848 0.021746879406531219 0.016708670746188505 -0.0086387300837280478 0.001218948917493981 -0.0014435731931025267 0.0091205005128494193 0.019462294049571147 0.0035485267194742542
leaf_weight=540 50 4599 123 4831 4428 3772 52 558 6589 3495 11421 5517 87 7662
leaf_count=540 50 4599 123 4831 4428 3772 52 558 6589 3495 11421 5517 87 7662
internal_value=2.56836e-06 -0.00358832 0.00546158 -0.00744231 -0.00133286 0.00376876 0.00278804 0.00958429 -0.00918054 0.00291711 -0.00210169 0.00886525 0.00662279 0.00281964
internal_weight=53724 32408 21316 11960 20448 15118 11259 6198 7129 11209 16020 5640 3859 11157
internal_count=53724 32408 21316 11960 20448 15118 11259 6198 7129 11209 16020 5640 3859 11157
is_linear=0
shrinkage=0.035


Tree=63
num_leaves=15
num_cat=0
split_feature=13 13 15 0 0 1 0 0 0 7 11 0 13 23
split_gain=801.147 197.207 126.577 47.0616 28.5077 26.7164 23.5556 17.6387 14.0195 13.6901 15.3367 12.7561 11.0792 10.5329
threshold=45.025000000000006 165.12500000000003 13.550000000000002 801.00000000000011 4.9500000000000011 75.15000000000002 330.75000000000006 24.100000000000005 200.75000000000003 30.91054545454546 341.57692307692315 73.100000000000009 1627.5000000000002 0.54484478475140519
decision_type=8 10 2 10 8 8 8 8 10 2 8 10 10 10
left_child=2 5 4 6 -1 -2 13 -4 9 -7 -11 -9 -8 -3
right_child=1 3 7 -5 -6 8 12 11 -10 10 -12 -13 -14 -15
leaf_value=-0.011321835156161413 -0.00045170409509093381 -0.0006690053537775967 -0.0045272376541198077 0.013146018280793492 -0.0068202624310132447 -0.014955792896216737 0.0077896609570276181 -0.0020685613908368022 0.013475190285593273 0.0023140530014947027 0.020690156718483198 0.012331465173047037 0.021309494382955815 0.0051615698451763321
leaf_weight=2355 5823 414 4802 1479 6606 51 5782 10431 135 11235 51 71 72 4417
leaf_count=2355 5823 414 4802 1479 6606 51 5782 10431 135 11235 51 71 72 4417
internal_value=2.54018e-06 0.00388126 -0.00470626 0.00729497 -0.00800895 0.00147891 0.0064793 -0.00277045 0.00245862 0.00232156 0.00240622 -0.00196539 0.00797399 0.00466173
internal_weight=53724 29459 24265 12164 8961 17295 10685 15304 11472 11337 11286 10502 5854 4831
internal_count=53724 29459 24265 12164 8961 17295 10685 15304 11472 11337 11286 10502 5854 4831
is_linear=0
shrinkage=0.035


Tree=64
num_leaves=15
num_cat=0
split_feature=13 13 13 0 0 7 0 13 14 16 0 0 0 0
split_gain=746.58 200.183 105.602 38.9205 31.4485 31.1428 28.4051 23.903 17.9891 16.4134 15.4308 12.3799 11.3399 9.99784
threshold=82.52500000000002 19.575000000000006 350.25000000000006 8.5500000000000025 58.550000000000004 40.270032051282058 210.60000000000002 2610.0000000000005 1.5250000000000001 2.0528435526936364 647.50000000000011 29.100000000000005 441.50000000000006 247.25000000000003
decision_type=8 10 10 10 10 2 10 10 8 10 8 8 10 10
left_child=1 3 5 8 11 -2 9 10 -1 -7 13 -3 -8 -4
right_child=2 4 7 -5 -6 6 12 -9 -10 -11 -12 -13 -14 -15
leaf_value=-0.014739695809775143 -0.022333970565201818 -0.0034848353525210973 -0.0042897230508940707 -0.004506175341121822 0.0014080250062656159 0.021837087225338277 0.0059733465435093452 0.023067424361818828 -0.0080683066203798871 0.0026530773828623367 0.010323590882572961 -0.0013364109188371829 0.018507491496148644 0.0071279580743129544
leaf_weight=540 52 4599 94 4831 4330 50 3554 140 6589 11375 3101 11519 87 2863
leaf_count=540 52 4599 94 4831 4330 50 3554 140 6589 11375 3101 11519 87 2863
internal_value=2.63172e-06 -0.00334337 0.00508935 -0.00693919 -0.001239 0.00351001 0.00360659 0.0089357 -0.00858362 0.00274655 0.00859036 -0.00195032 0.00629781 0.00675837
internal_weight=53724 32408 21316 11960 20448 15118 15066 6198 7129 11425 6058 16118 3641 2957
internal_count=53724 32408 21316 11960 20448 15118 15066 6198 7129 11425 6058 16118 3641 2957
is_linear=0
shrinkage=0.035


Tree=65
num_leaves=15
num_cat=0
split_feature=13 13 13 1 0 0 0 0 1 4 0 0 0 14
split_gain=695.981 179.238 105.553 41.73 27.1659 26.6598 19.1922 16.673 16.4387 12.2743 11.9259 10.2945 10.0231 8.88003
threshold=42.550000000000004 165.12500000000003 8.5250000000000021 500.50000000000006 14.050000000000002 67.100000000000009 370.50000000000006 4.9500000000000011 2505.0000000000005 480.50000000000006 100.50000000000001 30.150000000000002 120.25000000000001 1.3750000000000002
decision_type=8 10 10 10 8 8 10 10 10 10 8 10 10 8
left_child=2 5 7 6 -4 -2 10 13 -5 12 -3 -6 -7 -1
right_child=1 3 4 8 11 9 -8 -9 -10 -11 -12 -13 -14 -15
leaf_value=-0.015318333792091982 -0.0008479964789825813 -0.0065852468119853222 -0.0061877373933996076 0.0096980968297002961 -0.0031066433251864 0.0014748529609260794 0.0083353449373382588 -0.0064710425150780269 0.021803621142548888 0.017817829765501572 0.0048250413434296653 -0.001056141537698535 0.003671716683793444 -0.0095023457908267207
leaf_weight=376 5073 110 2957 2985 10262 9435 2319 2761 143 56 6607 4247 3486 2907
leaf_count=376 5073 110 2957 2985 10262 9435 2319 2761 143 56 6607 4247 3486 2907
internal_value=2.64428e-06 0.00351642 -0.00451289 0.00679936 -0.00313174 0.00130276 0.00558757 -0.00849827 0.0102854 0.00214354 0.00463342 -0.002507 0.00206874 -0.0101907
internal_weight=53724 30214 23510 12164 17466 18050 9036 6044 3128 12977 6717 14509 12921 3283
internal_count=53724 30214 23510 12164 17466 18050 9036 6044 3128 12977 6717 14509 12921 3283
is_linear=0
shrinkage=0.035


Tree=66
num_leaves=15
num_cat=0
split_feature=19 13 10 13 0 0 1 13 23 1 23 23 23 0
split_gain=649.093 174.886 112.218 55.2278 35.8322 28.338 24.5989 19.2284 14.5639 14.5242 11.5997 10.8486 9.37715 9.02409
threshold=46.01250000000001 165.12500000000003 8.8366666666666678 3275.0000000000005 461.50000000000006 16.050000000000004 75.15000000000002 1.3750000000000002 1.6557367885011527 682.50000000000011 0.54484478475140519 1.3693108396807774 1.5389900385948792 219.00000000000003
decision_type=10 8 10 8 10 8 8 10 10 10 8 10 8 10
left_child=2 6 7 4 9 -4 -2 -1 -7 10 -3 -6 -5 -8
right_child=1 3 5 12 11 8 13 -9 -10 -11 -12 -13 -14 -15
leaf_value=-0.015434843352279412 -0.00055182697738505272 -0.0004652993586974652 -0.0055488455191683743 0.018358407157219269 0.0082963848408902537 -0.002441000504448035 0.0021091313491185355 -0.0077986068376378875 0.0021212383693231642 0.011995215262749943 0.0052624046261486902 0.012837873546780875 0.042763507644561209 0.012788169242391763
leaf_weight=437 6134 458 3803 50 2607 13394 11149 5645 912 372 7731 889 50 93
leaf_count=437 6134 458 3803 50 2607 13394 11149 5645 912 372 7731 889 50 93
internal_value=2.61216e-06 0.00348421 -0.00424765 0.00670331 0.00648018 -0.00286473 0.0012307 -0.00835951 -0.00214952 0.00525528 0.00494197 0.00946793 0.0320162 0.00220312
internal_weight=53724 29533 24191 12157 12057 18109 17376 6082 14306 8561 8189 3496 100 11242
internal_count=53724 29533 24191 12157 12057 18109 17376 6082 14306 8561 8189 3496 100 11242
is_linear=0
shrinkage=0.035


Tree=67
num_leaves=15
num_cat=0
split_feature=13 13 13 0 0 0 1 0 4 16 1 0 23 23
split_gain=605.3 155.211 91.3431 39.9448 23.6636 22.1883 20.292 15.2394 11.6468 9.81473 9.42869 9.24824 9.1933 8.83168
threshold=42.550000000000004 155.25000000000003 8.5250000000000021 370.50000000000006 14.050000000000002 65.100000000000009 1204.0000000000002 4.9500000000000011 411.00000000000006 33.124482137642687 21.050000000000004 72.050000000000011 1.1635321762957724 0.54484478475140519
decision_type=8 10 10 8 8 8 10 10 10 8 8 10 10 10
left_child=2 5 7 13 -4 9 12 -1 -7 -2 -6 -12 -5 -3
right_child=1 3 4 6 10 8 -8 -9 -10 -11 11 -13 -14 -15
leaf_value=-0.0095332506096569777 -0.00050125837972631547 -0.00046905625877224476 -0.0057756893405156613 0.0065439064219107567 -0.0038610552320521583 0.0018343038109624318 0.013687213475258985 -0.0059786365083242662 0.016813097267659033 -0.0076467202246262361 -0.0018899374910508458 0.012133934053046436 0.0096673752748485508 0.0045426585423650216
leaf_weight=3283 4688 465 2957 4329 3715 12408 709 2761 59 243 10741 53 1621 5692
leaf_count=3283 4688 465 2957 4329 3715 12408 709 2761 59 243 10741 53 1621 5692
internal_value=2.79528e-06 0.00327968 -0.00420831 0.00620171 -0.00292349 0.00112604 0.0080812 -0.00791573 0.0019119 -0.000860776 -0.0023404 -0.00181549 0.00740226 0.00416408
internal_weight=53724 30214 23510 12816 17466 17398 6659 6044 12467 4931 14509 10794 5950 6157
internal_count=53724 30214 23510 12816 17466 17398 6659 6044 12467 4931 14509 10794 5950 6157
is_linear=0
shrinkage=0.035


Tree=68
num_leaves=15
num_cat=0
split_feature=19 13 13 13 0 0 0 10 0 23 1 16 0 16
split_gain=564.627 162.999 89.6234 50.4066 34.6078 22.9749 21.1545 17.7837 14.4273 11.0078 10.9746 13.7359 8.80381 8.49812
threshold=41.670833333333341 155.25000000000003 8.5250000000000021 3275.0000000000005 350.75000000000006 84.100000000000009 14.050000000000002 1.430952380952381 882.50000000000011 2.6436217829168225 118.10000000000001 34.034296427769441 6.0500000000000007 141.35398063537818
decision_type=10 8 10 8 8 10 8 10 10 10 10 10 10 10
left_child=2 5 7 4 13 10 -4 -1 -6 -8 11 -2 -9 -3
right_child=1 3 6 -5 8 -7 9 12 -10 -11 -12 -13 -14 -15
leaf_value=-0.014238623006376211 -7.6887405193471777e-05 0.0041727252922961746 -0.0055336164711964203 0.030186707093797734 0.0068245676339409042 0.0025243499071949324 -0.0023709720502010519 -0.0081098998622133357 0.01099183752610604 0.0068713040474540328 0.0042492348732539858 -0.006797751050935193 -0.0050116550453191792 -0.0032678663457876875
leaf_weight=483 9956 5645 2939 101 5607 6954 13767 3991 1263 155 679 382 1611 191
leaf_count=483 9956 5645 2939 101 5607 6954 13767 3991 1263 155 679 382 1611 191
internal_value=2.79375e-06 0.00310071 -0.00415228 0.0061171 0.00591397 0.000949979 -0.00283675 -0.00779219 0.00759813 -0.00226564 -4.44682e-05 -0.000328397 -0.00722418 0.00392662
internal_weight=53724 30778 22946 12807 12706 17971 16861 6085 6870 13922 11017 10338 5602 5836
internal_count=53724 30778 22946 12807 12706 17971 16861 6085 6870 13922 11017 10338 5602 5836
is_linear=0
shrinkage=0.035


Tree=69
num_leaves=15
num_cat=0
split_feature=13 13 1 1 0 0 0 1 1 4 0 23 0 1
split_gain=526.287 134.189 79.0415 33.2226 25.9136 20.7436 16.6778 10.7392 10.4826 10.4592 9.81799 9.79019 8.62139 7.93748
threshold=42.550000000000004 165.12500000000003 9.0500000000000025 720.50000000000011 14.050000000000002 65.100000000000009 341.00000000000006 2505.0000000000005 3.0500000000000003 480.50000000000006 73.100000000000009 0.53097034152342515 130.10000000000002 28.550000000000004
decision_type=8 10 8 10 8 8 10 10 10 10 10 8 10 10
left_child=2 5 8 6 -4 -2 11 -5 -1 12 13 -3 -7 -6
right_child=1 3 4 7 10 9 -8 -9 -10 -11 -12 -13 -14 -15
leaf_value=-0.01037697178460515 -0.00079075326787221318 -0.0014533381999307926 -0.0054943076336306318 0.0094005330938000883 -0.0028360173726768912 0.0013462642186106463 0.0069251499346271832 0.019422558680510252 -0.0067363710889399913 0.016338809950460421 0.011878021945642523 0.0043579386121815758 0.0035791297999325762 -0.0011360437535273581
leaf_weight=1292 4935 375 3524 1699 9094 10399 3910 143 4189 56 56 6037 2660 5355
leaf_count=1292 4935 375 3524 1699 9094 10399 3910 143 4189 56 56 6037 2660 5355
internal_value=2.76246e-06 0.0030583 -0.00392389 0.00589887 -0.00280354 0.00114291 0.00512156 0.010229 -0.00760322 0.00187055 -0.00214814 0.0040172 0.00180227 -0.00220659
internal_weight=53724 30214 23510 12164 18029 18050 10322 1842 5481 13115 14505 6412 13059 14449
internal_count=53724 30214 23510 12164 18029 18050 10322 1842 5481 13115 14505 6412 13059 14449
is_linear=0
shrinkage=0.035


Tree=70
num_leaves=15
num_cat=0
split_feature=19 13 13 13 0 0 1 13 23 1 16 1 23 23
split_gain=491.062 141.524 78.1833 46.2277 30.3416 20.1607 18.9706 16.4391 13.4183 10.0158 12.8478 9.29198 9.08442 8.95513
threshold=41.670833333333341 155.25000000000003 8.5250000000000021 3275.0000000000005 361.00000000000006 84.100000000000009 19.550000000000004 1.3750000000000002 1.3693108396807774 118.10000000000001 34.034296427769441 281.00000000000006 2.1938679142639539 1.4588254822188831
decision_type=10 8 10 8 8 10 8 10 10 10 10 8 10 10
left_child=2 5 7 4 -3 9 -4 -1 11 10 -2 -6 -9 -8
right_child=1 3 6 -5 8 -7 13 12 -10 -11 -12 -13 -14 -15
leaf_value=-0.013816869902269295 -7.1726389768367874e-05 0.0036899997374046332 -0.0044761064841506177 0.028751084135212709 0.0023616321690524975 0.0023626247581692277 -0.0022085986320816873 -0.0069016098335624027 0.010740995659046331 0.0040581153329942712 -0.0065716917214842059 0.0069299982639124073 0.0063928723166463905 0.00098748136866934192
leaf_weight=436 9956 5983 4904 101 619 6954 10767 5589 1064 679 382 5040 60 1190
leaf_count=436 9956 5983 4904 101 619 6954 10767 5589 1064 679 382 5040 60 1190
internal_value=2.81046e-06 0.00289187 -0.00387214 0.00570254 0.00550809 0.000887825 -0.00264344 -0.00727181 0.00712212 -4.37271e-05 -0.000314968 0.00643282 -0.00675488 -0.00189023
internal_weight=53724 30778 22946 12807 12706 17971 16861 6085 6723 11017 10338 5659 5649 11957
internal_count=53724 30778 22946 12807 12706 17971 16861 6085 6723 11017 10338 5659 5649 11957
is_linear=0
shrinkage=0.035


Tree=71
num_leaves=15
num_cat=0
split_feature=19 13 10 13 1 1 1 16 0 10 23 16 1 23
split_gain=457.472 123.157 79.2315 44.0278 25.794 20.9365 19.4074 15.8941 12.8409 11.5092 10.615 9.96488 10.7985 9.46273
threshold=46.01250000000001 170.12500000000003 8.8366666666666678 3275.0000000000005 461.50000000000006 19.550000000000004 78.200000000000017 8.3666002653402334 280.75000000000006 3.4025000000000003 1.4588254822188831 122.58670358577564 411.00000000000006 1.5389900385948792
decision_type=10 8 10 8 10 8 8 8 10 10 10 10 8 8
left_child=2 6 7 4 8 -4 -2 9 11 -1 -7 -3 -13 -5
right_child=1 3 5 13 -6 10 -8 -9 -10 -11 -12 12 -14 -15
leaf_value=-0.009498588929115254 -0.00048200936250843108 0.0034916192514638741 -0.0043502684644828454 0.015154318717054348 0.0079990745974562755 -0.0020052747875550655 0.0019377256286665077 -0.024613587997025916 0.0058757692524747211 -0.0059366647003747273 0.0013072027332527688 -0.010044541942411439 0.0055205181167241081 0.038824319536035719
leaf_weight=1500 6326 4184 4923 50 3495 11873 11324 58 3883 4524 1313 136 85 50
leaf_count=1500 6326 4184 4923 50 3495 11873 11324 58 3883 4524 1313 136 85 50
internal_value=2.81707e-06 0.00292567 -0.00356534 0.00567947 0.0054758 -0.00240333 0.00107057 -0.0070204 0.00440757 -0.00683074 -0.00167506 0.00310815 -0.00406829 0.0282745
internal_weight=53724 29533 24191 11883 11783 18109 17650 6082 8288 6024 13186 4405 221 100
internal_count=53724 29533 24191 11883 11783 18109 17650 6082 8288 6024 13186 4405 221 100
is_linear=0
shrinkage=0.035


Tree=72
num_leaves=15
num_cat=0
split_feature=13 7 1 13 0 0 23 1 16 6 1 16 0 23
split_gain=427.014 108.003 64.8204 38.0268 26.9481 21.7478 18.7557 14.5608 14.8658 13.6897 12.477 10.9614 9.41519 9.1918
threshold=42.550000000000004 261.48032407407413 9.0500000000000025 3275.0000000000005 107.90000000000002 13.050000000000002 1.1755379800227557 150.50000000000003 50.173327995434313 34.100000000000009 268.25000000000006 152.57237066941968 4.5500000000000007 2.6436217829168225
decision_type=8 2 8 8 10 8 10 10 8 10 8 10 10 10
left_child=2 4 12 6 7 -4 10 8 -2 -10 11 -3 -1 -7
right_child=1 3 5 -5 -6 13 -8 -9 9 -11 -12 -13 -14 -15
leaf_value=-0.0082893572833563928 0.00036242545254232782 0.0024533063115632922 -0.0051815431377941193 0.029452103210302696 0.002998404961320283 -0.0020357296834212753 0.0089670123195090094 0.005738506153645853 -0.019364001814596125 -0.0028247271420393147 0.0055214449728340437 -0.010056950315882109 -0.0053604899570846515 0.008414861115497144
leaf_weight=2806 12339 886 3108 79 7989 14822 1777 598 80 228 6148 90 2675 99
leaf_count=2806 12339 886 3108 79 7989 14822 1777 598 80 228 6148 90 2675 99
internal_value=2.79397e-06 0.0027551 -0.00353418 0.00597186 0.00139363 -0.00251962 0.00574704 0.000424905 0.000171489 -0.00736135 0.00493813 0.00125432 -0.00686611 -0.00196359
internal_weight=53724 30214 23510 8980 21234 18029 8901 13245 12647 308 7124 976 5481 14921
internal_count=53724 30214 23510 8980 21234 18029 8901 13245 12647 308 7124 976 5481 14921
is_linear=0
shrinkage=0.035


Tree=73
num_leaves=15
num_cat=0
split_feature=19 10 13 13 0 0 0 13 16 0 23 23 1 16
split_gain=398.604 114.859 63.2273 39.0724 25.6393 15.8983 15.4726 14.2964 12.8827 11.815 10.4502 8.88438 7.79802 9.69279
threshold=41.670833333333341 152.88690476190479 8.5250000000000021 2610.0000000000005 341.00000000000006 15.950000000000001 79.850000000000009 2.0250000000000004 167.67230842796855 4150.0000000000009 1.1635321762957724 3.2477849613045007 118.10000000000001 29.944392908634821
decision_type=10 8 10 8 8 8 10 10 10 8 10 10 10 10
left_child=2 6 7 4 8 -4 12 -1 -3 -5 -6 -7 13 -2
right_child=1 3 5 9 10 11 -8 -9 -10 -11 -12 -13 -14 -15
leaf_value=-0.010611165276728582 -0.00015138534131976946 0.0034203843469916336 -0.0044537275427587427 0.012916418346247628 0.0053983425264389926 -0.0018969189302672968 0.0019334376454436648 -0.0058258482479726058 -0.0058608661650336891 0.032422422796284871 0.0083714164946715065 0.0093977478936552832 0.0038992750090603105 -0.0056482767606116707
leaf_weight=905 8962 5596 3577 103 5126 13203 7731 5180 185 69 2056 81 544 406
leaf_count=905 8962 5596 3577 103 5126 13203 7731 5180 185 69 2056 81 544 406
internal_value=2.73135e-06 0.00260564 -0.00348842 0.005083 0.00485783 -0.00238347 0.000760362 -0.00654568 0.00311856 0.0214363 0.00625468 -0.00182454 -0.000155109 -0.000392501
internal_weight=53724 30778 22946 13135 12963 16861 17643 6085 5781 172 7182 13284 9912 9368
internal_count=53724 30778 22946 13135 12963 16861 17643 6085 5781 172 7182 13284 9912 9368
is_linear=0
shrinkage=0.035


Tree=74
num_leaves=15
num_cat=0
split_feature=19 10 13 13 0 1 0 13 16 0 1 23 23 23
split_gain=371.243 106.999 58.949 36.5892 23.9066 15.7298 14.4096 13.2831 11.8781 11.0704 10.0378 8.81023 8.1902 7.56271
threshold=41.670833333333341 152.88690476190479 8.0250000000000021 2610.0000000000005 350.75000000000006 19.550000000000004 79.850000000000009 1.3750000000000002 167.67230842796855 4150.0000000000009 461.50000000000006 1.1116250579927354 2.1938679142639539 0.58652917209224187
decision_type=10 8 10 8 8 8 10 10 10 8 8 8 10 8
left_child=2 6 7 4 8 -4 13 -1 -3 -5 -6 -12 -9 -2
right_child=1 3 5 9 10 -7 -8 12 -10 -11 11 -13 -14 -15
leaf_value=-0.012275404587595001 -0.0026786159086678489 0.0033663737607026812 -0.0039545319568280489 0.012485273047905478 0.0043094194571401635 -0.0016355390679827744 0.0018658110691796206 -0.0060620880328831226 -0.0053845013798034854 0.031364312516273682 0.0053626721465155911 0.0085451091434878296 0.0067418607438190122 0.00021957302221633034
leaf_weight=436 1259 5894 5113 103 2486 11999 7731 5340 192 69 1989 2402 58 8653
leaf_count=436 1259 5894 5113 103 2486 11999 7731 5340 192 69 1989 2402 58 8653
internal_value=2.77681e-06 0.00251477 -0.00336643 0.00490585 0.00468796 -0.0023294 0.000733749 -0.00640359 0.00308611 0.0207309 0.0061023 0.00711129 -0.0059184 -0.000149713
internal_weight=53724 30778 22946 13135 12963 17112 17643 5834 6086 172 6877 4391 5398 9912
internal_count=53724 30778 22946 13135 12963 17112 17643 5834 6086 172 6877 4391 5398 9912
is_linear=0
shrinkage=0.035


Tree=75
num_leaves=15
num_cat=0
split_feature=13 7 0 13 0 0 10 1 16 6 23 0 0 1
split_gain=346.359 87.7784 53.2617 32.0693 22.1577 16.4074 14.6664 12.2474 13.5759 12.0423 11.2115 9.57404 9.48054 8.15012
threshold=42.550000000000004 261.48032407407413 11.550000000000002 3275.0000000000005 100.50000000000001 801.00000000000011 7.5845238095238106 150.50000000000003 50.173327995434313 27.550000000000004 0.54484478475140519 3.0500000000000003 28.550000000000004 38.100000000000009
decision_type=8 2 8 8 10 10 10 10 8 10 8 10 10 10
left_child=2 4 11 5 7 10 -4 8 -2 -10 -3 -1 13 -8
right_child=1 3 6 -5 -6 -7 12 -9 9 -11 -12 -13 -14 -15
leaf_value=-0.0085273702513137678 0.0002963993831503401 3.2490472379606408e-05 -0.0067006666138729968 0.026942773088812828 0.0026643057117239611 0.0086361134714574503 -0.0027087201685511049 0.0052308977463272951 -0.02016107277821421 -0.0033878186999147133 0.0049255550830092781 -0.0051707366198443126 -0.00073280098292187413 0.0025270189838926247
leaf_weight=1313 12029 626 817 79 8305 1413 10149 595 63 242 6862 5309 5548 374
leaf_count=1313 12029 626 817 79 8305 1413 10149 595 63 242 6862 5309 5548 374
internal_value=2.8173e-06 0.0024816 -0.00318266 0.00538158 0.0012542 0.0051752 -0.00213839 0.00034774 0.000110149 -0.00712176 0.00451679 -0.00584222 -0.00190444 -0.00252152
internal_weight=53724 30214 23510 8980 21234 8901 16888 12929 12334 305 7488 6622 16071 10523
internal_count=53724 30214 23510 8980 21234 8901 16888 12929 12334 305 7488 6622 16071 10523
is_linear=0
shrinkage=0.035


Tree=76
num_leaves=15
num_cat=0
split_feature=19 13 10 13 0 0 16 1 0 0 23 0 16 16
split_gain=322.615 93.4162 51.1365 33.0873 22.6536 16.0236 14.0805 11.7506 11.6232 10.3107 10.3086 8.53078 6.99362 6.93418
threshold=41.670833333333341 144.75000000000003 8.2242857142857151 2610.0000000000005 250.50000000000003 13.050000000000002 8.3666002653402334 67.700000000000017 882.50000000000011 4150.0000000000009 2.6436217829168225 4.9500000000000011 36.867087381973796 122.58670358577564
decision_type=10 8 10 8 8 8 8 8 10 8 10 10 10 10
left_child=2 7 6 4 13 -4 11 12 -6 -5 -7 -1 -2 -3
right_child=1 3 5 9 8 10 -8 -9 -10 -11 -12 -13 -14 -15
leaf_value=-0.0070468656584837981 -0.00046146605699890988 0.0024621978135103504 -0.0045804965829817062 0.01160722563845209 0.0047676736745688912 -0.0018285838475840057 -0.022855128971554464 0.0012669269992581012 0.008465186911741196 0.029769397919393478 0.0065362594952225401 -0.0042483829778982305 -0.0076064164223078098 -0.0046993623716444465
leaf_weight=3173 5648 4149 2883 103 8158 14295 56 11113 1202 69 178 2361 168 168
leaf_count=3173 5648 4149 2883 103 8158 14295 56 11113 1202 69 178 2361 168 168
internal_value=2.73129e-06 0.00234443 -0.00313807 0.00447578 0.00427942 -0.00219924 -0.0060484 0.000600042 0.00524677 0.0195283 -0.00172348 -0.00585785 -0.00067421 0.00217839
internal_weight=53724 30778 22946 13849 13677 17356 5590 16929 9360 172 14473 5534 5816 4317
internal_count=53724 30778 22946 13849 13677 17356 5590 16929 9360 172 14473 5534 5816 4317
is_linear=0
shrinkage=0.035


Tree=77
num_leaves=15
num_cat=0
split_feature=13 7 1 13 0 0 1 23 1 16 6 0 0 23
split_gain=301.261 76.1614 46.9462 28.5 19.6818 15.3727 14.6315 10.4352 9.77587 12.2205 9.0901 8.14411 7.88297 7.55133
threshold=42.550000000000004 261.48032407407413 9.0500000000000025 3275.0000000000005 120.25000000000001 14.65 720.50000000000011 0.5029595298864088 169.50000000000003 85.988299658915011 39.050000000000004 73.100000000000009 39.850000000000009 1.3693108396807774
decision_type=8 2 8 8 10 8 10 8 10 8 10 10 8 8
left_child=2 4 -1 6 8 -4 7 -3 9 12 -11 -7 -2 -8
right_child=1 3 5 -5 -6 11 13 -9 -10 10 -12 -13 -14 -15
leaf_value=-0.0058037388287056025 -0.0038209024071441566 -0.00078220283962784345 -0.0041417332852895731 0.025340862611216534 0.0028159600347736893 -0.0016449553495874836 0.0057902209915725658 0.0044735577580631786 0.005113277846714049 -0.01941036667434894 -0.001594831099302122 0.011178972040453402 0.00056918949558414414 0.01052650510667319
leaf_weight=5481 515 496 3623 79 6273 14350 1082 6629 533 61 77 56 13775 694
leaf_count=5481 515 496 3623 79 6273 14350 1082 6629 533 61 77 56 13775 694
internal_value=2.67331e-06 0.00231446 -0.00296819 0.00501573 0.00117116 -0.00210478 0.00482121 0.00410739 0.000480799 0.000307954 -0.00987315 -0.00159124 0.000409693 0.00766536
internal_weight=53724 30214 23510 8980 21234 18029 8901 7125 14961 14428 138 14406 14290 1776
internal_count=53724 30214 23510 8980 21234 18029 8901 7125 14961 14428 138 14406 14290 1776
is_linear=0
shrinkage=0.035


Tree=78
num_leaves=15
num_cat=0
split_feature=19 13 10 13 1 0 16 0 6 1 0 23 0 0
split_gain=280.576 81.0656 44.5834 29.5071 20.485 13.8367 12.7073 11.3011 12.1011 10.7377 9.66732 9.35087 8.98768 7.96394
threshold=41.670833333333341 144.75000000000003 8.2242857142857151 2610.0000000000005 431.00000000000006 13.050000000000002 8.3666002653402334 115.10000000000001 450.50000000000006 84.100000000000009 6250.0000000000009 2.6436217829168225 441.50000000000006 4.9500000000000011
decision_type=10 8 10 8 10 8 8 8 8 10 8 10 10 10
left_child=2 9 6 4 7 -4 13 8 -3 -2 -5 -7 -9 -1
right_child=1 3 5 10 -6 11 -8 12 -10 -11 -12 -13 -14 -15
leaf_value=-0.0066112885330434773 -9.4211523721410447e-05 -5.148382593268672e-05 -0.004262548047790248 0.012142468327656388 0.0061607324657824954 -0.0017077442409953326 -0.02160711459550228 0.002965567214544434 -0.018848528795028956 0.0017460397525562033 0.030793516633857508 0.0062588840765341654 0.0065551718766080347 -0.0039088700456302288
leaf_weight=3173 10900 177 2883 121 3825 14295 56 8677 50 6029 51 178 948 2361
leaf_count=3173 10900 177 2883 121 3825 14295 56 8677 50 6029 51 178 948 2361
internal_value=2.67293e-06 0.00218648 -0.00292635 0.00417194 0.00398653 -0.00204974 -0.00564381 0.00313971 -0.00450879 0.000561487 0.0183864 -0.00160764 0.00332234 -0.00546291
internal_weight=53724 30778 22946 13849 13677 17356 5590 9852 227 16929 172 14473 9625 5534
internal_count=53724 30778 22946 13849 13677 17356 5590 9852 227 16929 172 14473 9625 5534
is_linear=0
shrinkage=0.035


Tree=79
num_leaves=15
num_cat=0
split_feature=13 0 1 1 0 0 0 16 1 0 0 19 10 3
split_gain=262.109 66.6494 41.1026 29.2523 15.7688 13.6364 13.2131 9.18792 8.3244 7.1466 6.95442 6.95006 5.90427 5.69963
threshold=42.550000000000004 219.00000000000003 9.0500000000000025 361.00000000000006 901.00000000000011 21.050000000000004 58.550000000000004 122.58670358577564 351.00000000000006 73.100000000000009 4.5500000000000007 61.291666666666679 1624.1666666666667 76.90000000000002
decision_type=8 10 8 10 10 8 8 10 8 10 10 10 8 8
left_child=2 3 10 6 11 -4 13 -8 -9 -7 -1 -3 -5 -2
right_child=1 4 5 12 -6 9 7 8 -10 -11 -12 -13 -14 -15
leaf_value=-0.0066434102107670876 -0.00044571406659560582 -0.0083356624745171189 -0.0032335971704002143 0.0064049113379725502 0.0083999105032666662 -0.001295394455966149 0.0013277503122707983 -0.010728719071187959 0.0050430344600798718 0.010721651231412029 -0.0041301501273428385 0.0042139410149719834 0.017108881062517289 -0.004081318230853441
leaf_weight=2806 2867 50 6556 829 1233 11417 16861 138 54 56 2675 7473 66 643
leaf_count=2806 2867 50 6556 829 1233 11417 16861 138 54 56 2675 7473 66 643
internal_value=2.61042e-06 0.00215895 -0.00276849 0.00110836 0.00473148 -0.00196061 0.000837825 0.00124031 -0.0062775 -0.00123209 -0.0054217 0.00412505 0.00728492 -0.00111658
internal_weight=53724 30214 23510 21458 8756 18029 20563 17053 192 11473 5481 7523 895 3510
internal_count=53724 30214 23510 21458 8756 18029 20563 17053 192 11473 5481 7523 895 3510
is_linear=0
shrinkage=0.035


Tree=80
num_leaves=15
num_cat=0
split_feature=13 0 0 1 0 0 0 1 16 4 0 1 11 23
split_gain=244.097 62.0773 38.6071 26.5827 14.4429 13.0044 11.2072 9.59043 9.10873 7.83532 7.64501 7.43509 7.28203 7.18455
threshold=42.550000000000004 230.50000000000003 11.050000000000002 361.00000000000006 1410.0000000000002 62.600000000000009 25.050000000000004 30.100000000000005 122.58670358577564 50.050000000000004 3.0500000000000003 351.00000000000006 3.4472222222222229 1.3980608637068686
decision_type=8 10 8 10 10 8 10 10 10 8 10 8 8 10
left_child=2 3 10 5 9 -2 7 12 -7 -3 -1 -10 -4 -11
right_child=1 4 6 -5 -6 8 -8 -9 11 13 -12 -13 -14 -15
leaf_value=-0.0073550662339269468 -0.00080795937109314571 -0.0086098431913555484 -0.0088449352382780014 0.0069847631472978455 0.010065811990487847 0.0014026437074149242 -0.00068428796081551418 0.0009308970901929773 -0.010210971897024485 0.0039026130174427982 -0.0043514350917131239 0.0045534982372773813 -0.0026919013463583322 0.00689897713327455
leaf_weight=1313 4507 53 238 900 564 16361 6747 897 142 6467 5200 55 9115 1165
leaf_count=1313 4507 53 238 900 564 16361 6747 897 142 6467 5200 55 9115 1165
internal_value=2.56571e-06 0.0020835 -0.00267163 0.00111077 0.00467138 0.000858204 -0.00179274 -0.00252168 0.00131183 0.0042692 -0.00496214 -0.00607823 -0.00285312 0.00436422
internal_weight=53724 30214 23510 21965 8249 21065 16997 10250 16558 7685 6513 197 9353 7632
internal_count=53724 30214 23510 21965 8249 21065 16997 10250 16558 7685 6513 197 9353 7632
is_linear=0
shrinkage=0.035


Tree=81
num_leaves=15
num_cat=0
split_feature=19 13 13 13 0 1 13 1 1 23 23 23 23 23
split_gain=227.751 66.4764 36.6397 27.0291 18.2089 13.0213 9.3105 9.2188 8.92527 8.49669 7.67879 7.48446 7.27332 7.24001
threshold=41.670833333333341 144.75000000000003 6.9750000000000005 3275.0000000000005 470.75000000000006 19.550000000000004 1.3750000000000002 87.050000000000011 682.50000000000011 1.5567201719485986 0.53097034152342515 1.3980608637068686 0.63452821575733587 3.2477849613045007
decision_type=10 8 10 8 10 8 10 10 10 8 8 10 10 10
left_child=2 7 6 4 8 -4 -1 12 10 -5 -3 -6 -2 -7
right_child=1 3 5 9 11 13 -8 -9 -10 -11 -12 -13 -14 -15
leaf_value=-0.010287737968518208 -0.0014843109740324035 -0.0015289903019664861 -0.0032494684209300323 0.0098720165935810671 0.0049114233927800809 -0.0013411603454268907 -0.0049060113499600523 0.0016390135059699742 0.0081796223388476037 0.031175816998563033 0.0029135023582182638 0.0087828841893115538 0.0004825597150033415 0.0092274466492235675
leaf_weight=436 3235 499 6136 51 2630 12129 4170 5734 373 50 9435 811 7960 75
leaf_count=436 3235 499 6136 51 2630 12129 4170 5734 373 50 9435 811 7960 75
internal_value=2.44719e-06 0.00196996 -0.00263648 0.00376791 0.00363071 -0.00193461 -0.00542604 0.000498448 0.00289224 0.0213915 0.00268969 0.0058353 -8.62124e-05 -0.00127246
internal_weight=53724 30778 22946 13849 13748 18340 4606 16929 10307 101 9934 3441 11195 12204
internal_count=53724 30778 22946 13849 13748 18340 4606 16929 10307 101 9934 3441 11195 12204
is_linear=0
shrinkage=0.035


Tree=82
num_leaves=15
num_cat=0
split_feature=19 13 13 13 0 0 0 9 10 1 23 0 6 16
split_gain=212.281 66.9583 31.4322 24.7485 16.9307 11.0636 10.7154 10.0797 8.82343 8.24399 7.69946 7.42439 9.66077 6.97424
threshold=37.525000000000006 144.75000000000003 6.9750000000000005 3275.0000000000005 491.00000000000006 12.550000000000002 39.850000000000009 2027.5000000000005 1.430952380952381 682.50000000000011 2.6436217829168225 118.10000000000001 480.50000000000006 26.832815729997368
decision_type=10 8 10 8 10 8 8 8 10 10 10 8 8 10
left_child=2 6 8 4 9 -4 13 -5 -1 11 -7 12 -3 -2
right_child=1 3 5 7 -6 10 -8 -9 -10 -11 -12 -13 -14 -15
leaf_value=-0.0097295282094800699 -0.0014529193229827798 0.00038005035715589963 -0.003750098070350304 0.0082851386544082247 0.005709177420347108 -0.0016257378084326051 0.00071455045306352875 0.030805045240558687 -0.0047120263736836025 0.0078759598781234959 0.0058966334123156158 0.0027754442029487487 -0.016181820188648999 -0.010058897306907892
leaf_weight=481 1921 187 3462 52 3263 13353 16245 51 4122 377 164 9877 51 118
leaf_count=481 1921 187 3462 52 3263 13353 16245 51 4122 377 164 9877 51 118
internal_value=2.53868e-06 0.00180524 -0.00268202 0.00363971 0.00350726 -0.0019855 0.000414231 0.0203457 -0.00524633 0.00282008 -0.00153232 0.00262784 -0.00342886 -0.00197435
internal_weight=53724 32142 21582 13858 13755 16979 18284 103 4603 10492 13517 10115 238 2039
internal_count=53724 32142 21582 13858 13755 16979 18284 103 4603 10492 13517 10115 238 2039
is_linear=0
shrinkage=0.035


Tree=83
num_leaves=15
num_cat=1
split_feature=19 13 13 13 1 0 1 1 32 24 0 10 23 14
split_gain=197.706 62.3775 29.2808 23.3322 15.2668 10.3731 14.2225 10.1019 9.07182 23.5133 8.72263 8.67836 8.38696 7.84172
threshold=37.525000000000006 144.75000000000003 6.9750000000000005 2610.0000000000005 281.00000000000006 21.550000000000004 31.550000000000004 51.850000000000001 0 5.5000000000000009 500.50000000000006 13.607142857142859 1.5996339621125826 380.12500000000006
decision_type=10 8 10 8 8 10 10 8 1 2 8 8 8 8
left_child=2 7 11 4 13 6 -4 -2 9 -7 -6 -1 -5 -3
right_child=1 3 5 12 10 8 -8 -9 -10 -11 -12 -13 -14 -15
leaf_value=-0.0048854362501765817 -0.0010644493082732529 0.0020576201758898925 -0.0029862587555402383 0.0088516415866917754 0.0031519648645726471 0.0015349195664693786 0.0025191150665019092 0.00086161097134830546 -0.00069979816301152047 -0.026941286291043136 0.0053862492459593519 -0.018591737808531215 0.024871342318932503 -0.006021091674678917
leaf_weight=4550 4384 4907 9298 101 4430 88 609 13900 6930 54 4200 53 73 147
leaf_count=4550 4384 4907 9298 101 4430 88 609 13900 6930 54 4200 53 73 147
internal_value=2.49846e-06 0.00174222 -0.00258826 0.00351282 0.00334721 -0.001916 -0.00264673 0.00039963 -0.000891181 -0.00921521 0.00424182 -0.00506326 0.0160795 0.00181693
internal_weight=53724 32142 21582 13858 13684 16979 9907 18284 7072 142 8630 4603 174 5054
internal_count=53724 32142 21582 13858 13684 16979 9907 18284 7072 142 8630 4603 174 5054
cat_boundaries=0 1
cat_threshold=1024
is_linear=0
shrinkage=0.035


Tree=84
num_leaves=15
num_cat=0
split_feature=13 11 0 19 13 0 23 0 1 14 11 13 16 1
split_gain=184.334 53.0084 30.8856 21.5487 20.6344 13.8283 13.4194 11.5441 7.5857 6.44787 6.4351 5.55642 5.35843 4.88591
threshold=84.550000000000011 20.554870129870135 210.60000000000002 30.012500000000006 3275.0000000000005 7.1000000000000005 1.3980608637068686 58.550000000000004 110.40000000000002 1.5250000000000001 428.31666666666672 33.775000000000006 34.034296427769441 461.50000000000006
decision_type=8 10 8 10 8 10 10 10 8 8 8 10 10 10
left_child=1 5 10 -4 6 9 8 12 -5 -1 -2 -9 -3 -10
right_child=2 7 3 4 -6 -7 -8 11 13 -11 -12 -13 -14 -15
leaf_value=-0.0082651169595432498 0.0011432399532532523 -0.00092200543274100486 -0.018149165700105104 -0.00097893280249787508 0.01953367648266174 -0.0022631178612713028 0.006779015236950057 0.01208732199008492 0.0029374979972895967 -0.0042550669707041751 -0.0075732289071505279 0.00088917998969100637 -0.0071903155589825478 0.0046693743969130662
leaf_weight=540 9291 15560 50 495 97 6098 1508 50 6763 5741 100 4402 164 2865
leaf_count=540 9291 15560 50 495 97 6098 1508 50 6763 5741 100 4402 164 2865
internal_value=2.36752e-06 -0.00165076 0.00254444 0.00373789 0.00383889 -0.00345332 0.00369966 -0.000544213 0.00323782 -0.00460613 0.00104644 0.00102836 -0.000989648 0.00345501
internal_weight=53724 32555 21169 11778 11728 12379 11631 20176 10123 6281 9391 4452 15724 9628
internal_count=53724 32555 21169 11778 11728 12379 11631 20176 10123 6281 9391 4452 15724 9628
is_linear=0
shrinkage=0.035


Tree=85
num_leaves=15
num_cat=0
split_feature=19 13 0 13 1 0 16 23 0 19 23 23 16 16
split_gain=172.181 54.0918 25.7545 21.1119 20.7022 13.3733 13.2537 10.8595 8.76827 8.23506 7.59298 7.50123 6.64361 6.38484
threshold=37.525000000000006 135.05000000000004 12.550000000000002 2112.5000000000005 28.550000000000004 250.50000000000003 12.80741506865612 1.6857212419431311 39.850000000000009 4.1375000000000011 2.6436217829168225 2.0739180411378979 26.281057558205347 26.832815729997368
decision_type=10 8 10 8 10 8 8 8 8 10 10 10 10 10
left_child=2 8 4 5 6 -3 9 -5 13 -1 12 -7 -4 -2
right_child=1 3 10 7 -6 11 -8 -9 -10 -11 -12 -13 -14 -15
leaf_value=-0.0058991094331987447 -0.0013474806925115853 0.0015358757782074576 -0.0012473948024703276 0.0075678339554022455 0.0019843309572743616 0.003607342174969204 -0.015942362813981609 0.021819320885426922 0.00059765607638643419 -0.0033922206238225778 0.0058617785202766792 0.0095720697294811221 -0.010501487037657475 -0.0096450496257921639
leaf_weight=2031 1921 5010 10566 223 746 9038 109 94 15477 7861 178 263 91 116
leaf_count=2031 1921 5010 10566 223 746 9038 109 94 15477 7861 178 263 91 116
internal_value=2.27958e-06 0.00162582 -0.00241546 0.00319651 -0.00362918 0.00299587 -0.00404869 0.012067 0.000313409 -0.00390965 -0.00121048 0.00378106 -0.0013313 -0.00184246
internal_weight=53724 32142 21582 14628 10747 14311 10001 317 17514 9892 10835 9301 10657 2037
internal_count=53724 32142 21582 14628 10747 14311 10001 317 17514 9892 10835 9301 10657 2037
is_linear=0
shrinkage=0.035


Tree=86
num_leaves=15
num_cat=0
split_feature=19 13 16 0 13 1 1 0 23 16 23 14 0 1
split_gain=160.616 60.1973 22.4474 20.1722 18.4061 12.64 11.0528 10.6266 8.78339 8.21998 8.06602 7.93434 10.7037 7.29318
threshold=30.012500000000006 135.05000000000004 96.072888995803538 11.550000000000002 2112.5000000000005 281.00000000000006 29.100000000000005 38.100000000000009 1.6557367885011527 8.130672185580563 1.486070603787448 380.12500000000006 177.10000000000002 3.0500000000000003
decision_type=10 8 8 10 8 8 10 8 8 10 10 8 10 8
left_child=2 7 3 6 5 11 9 -2 -6 13 -5 -3 -13 -1
right_child=1 4 -4 10 8 -7 -8 -9 -10 -11 -12 12 -14 -15
leaf_value=-0.0062969044210197294 -0.0014394973394350936 0.0018334370103700016 -0.023085877185927309 -0.0017951342526654381 0.0071033613030711297 0.0037431223073242648 0.0024785841681999529 0.00054682931653199319 0.019596974850340128 -0.011907457868963528 0.0014308629168043219 -0.015831275516554614 0.0025042978298357305 -0.0034146146214457484
leaf_weight=1257 4086 5591 61 7367 224 8576 335 17046 102 153 1086 69 80 7691
leaf_count=1257 4086 5591 61 7367 224 8576 335 17046 102 153 1086 69 80 7691
internal_value=2.21468e-06 0.00135777 -0.002699 -0.00262305 0.00308217 0.00289233 -0.00373522 0.000162511 0.0112494 -0.00396518 -0.00138007 0.00161902 -0.00622499 -0.0038228
internal_weight=53724 35774 17950 17889 14642 14316 9436 21132 326 9101 8453 5740 149 8948
internal_count=53724 35774 17950 17889 14642 14316 9436 21132 326 9101 8453 5740 149 8948
is_linear=0
shrinkage=0.035


Tree=87
num_leaves=15
num_cat=0
split_feature=13 11 0 19 13 23 0 0 1 11 14 23 16 1
split_gain=150.105 42.8562 25.3013 18.3482 17.5873 11.9802 11.3908 9.81828 6.50703 5.7933 5.66185 5.21614 4.7852 4.36414
threshold=84.550000000000011 20.554870129870135 210.60000000000002 30.012500000000006 3275.0000000000005 1.3980608637068686 7.1000000000000005 58.550000000000004 108.10000000000001 428.31666666666672 1.3750000000000002 1.9828807267754229 34.034296427769441 720.50000000000011
decision_type=8 10 8 10 8 10 10 10 8 8 8 10 10 10
left_child=1 6 9 -4 5 8 10 12 -5 -2 -1 -9 -3 -10
right_child=2 7 3 4 -6 -7 -8 11 13 -11 -12 -13 -14 -15
leaf_value=-0.0082971828610243405 0.0010320466201080825 -0.00084163259328470634 -0.016819017388265241 -0.0012805752643914555 0.017958255711824214 0.0062499959508739 -0.0020303036552505424 0.00069785226248851107 0.0027838947478388758 -0.0072380461546902863 -0.0038840795104891136 0.0065393470287589094 -0.0067650393750959435 0.0049033173311248453
leaf_weight=379 9291 15560 50 433 97 1508 6098 4261 8291 100 5902 191 164 1399
leaf_count=379 9291 15560 50 433 97 1508 6098 4261 8291 100 5902 191 164 1399
internal_value=2.05726e-06 -0.00148971 0.002296 0.00337618 0.00346941 0.00334091 -0.00311049 -0.00049475 0.00290468 0.000940178 -0.00415676 0.000955519 -0.000905544 0.00309226
internal_weight=53724 32555 21169 11778 11728 11631 12379 20176 10123 9391 6281 4452 15724 9690
internal_count=53724 32555 21169 11778 11728 11631 12379 20176 10123 9391 6281 4452 15724 9690
is_linear=0
shrinkage=0.035


Tree=88
num_leaves=15
num_cat=0
split_feature=19 13 16 0 10 0 1 0 23 15 23 14 19 16
split_gain=140.096 52.1239 20.4351 17.6303 16.4509 11.2176 9.80547 9.48125 7.70233 7.41349 8.53336 7.04882 6.95137 7.00549
threshold=30.012500000000006 135.05000000000004 96.072888995803538 12.550000000000002 1955.714285714286 230.50000000000003 45.050000000000004 38.100000000000009 2.0739180411378979 36.57500000000001 2.0739180411378979 390.25000000000006 4.1375000000000011 12.593509563024595
decision_type=10 8 8 10 8 8 10 8 10 2 10 8 10 10
left_child=2 7 3 6 5 11 12 -2 -7 10 -5 -3 -1 -14
right_child=1 4 -4 9 -6 8 -8 -9 -10 -11 -12 -13 13 -15
leaf_value=-0.0053394742702456317 -0.0013574690429426068 0.0014143515480783701 -0.021971940804752663 -0.0012884075089474888 0.0098522850388598048 0.003156698673407999 0.0085261200558549421 0.00051876305119111037 0.0089926194140642172 -0.0092679580444483649 0.0046689088897213056 -0.0078114224628818485 -0.002942036968918065 -0.014014932240628391
leaf_weight=2035 4086 4275 61 7352 398 9588 79 17046 282 132 302 99 7923 66
leaf_count=2035 4086 4275 61 7352 398 9588 79 17046 282 132 302 99 7923 66
internal_value=1.96249e-06 0.00126797 -0.00252081 -0.00244836 0.00287257 0.00267416 -0.00341273 0.000155747 0.00332791 -0.00119563 -0.00105046 0.00119686 -0.00351102 -0.00304222
internal_weight=53724 35774 17950 17889 14642 14244 10103 21132 9870 7786 7654 4374 10024 7989
internal_count=53724 35774 17950 17889 14642 14244 10103 21132 9870 7786 7654 4374 10024 7989
is_linear=0
shrinkage=0.035


Tree=89
num_leaves=15
num_cat=0
split_feature=13 11 0 19 13 23 0 0 1 23 16 1 0 13
split_gain=130.772 37.2422 21.9203 16.19 15.9488 10.7976 10.0201 8.73624 5.84578 5.31078 5.28556 5.16775 7.2989 4.99759
threshold=84.550000000000011 20.554870129870135 210.60000000000002 30.012500000000006 3275.0000000000005 1.3980608637068686 4.4500000000000011 58.550000000000004 110.40000000000002 1.5204589447365311 107.61483346155016 279.50000000000006 124.25000000000001 33.775000000000006
decision_type=8 10 8 10 8 10 8 10 8 10 8 10 10 10
left_child=1 6 10 -4 5 8 -1 -3 -5 -8 -2 12 -12 -9
right_child=2 7 3 4 -6 -7 9 13 -10 -11 11 -13 -14 -15
leaf_value=-0.005104169603761372 0.0010056537349408476 -0.00085057655187779251 -0.015821650618263947 -0.0010010964118962876 0.01703260103227484 0.0058752116873972398 -0.0026561745610991514 0.011392556149681862 0.0028901969906500475 0.0006036269156222588 -0.014779978013980916 0.0044763332824543896 0.00039556921298897484 0.00077302823900075152
leaf_weight=2100 9187 15724 50 495 97 1508 9627 50 9628 652 80 53 71 4402
leaf_count=2100 9187 15724 50 495 97 1508 9627 50 9628 652 80 53 71 4402
internal_value=1.8063e-06 -0.00139058 0.00214293 0.00314835 0.00323594 0.00311361 -0.00290148 -0.000463079 0.00269952 -0.00244921 0.000880945 -0.00462492 -0.00786048 0.000904942
internal_weight=53724 32555 21169 11778 11728 11631 12379 20176 10123 10279 9391 204 151 4452
internal_count=53724 32555 21169 11778 11728 11631 12379 20176 10123 10279 9391 204 151 4452
is_linear=0
shrinkage=0.035


Tree=90
num_leaves=15
num_cat=0
split_feature=19 10 16 0 13 1 23 0 16 3 1 16 0 23
split_gain=122.102 45.1773 18.5292 15.6357 15.2951 9.91207 9.13788 8.70884 8.41541 7.94409 7.64234 7.84053 7.70005 6.83467
threshold=30.012500000000006 134.30952380952382 96.072888995803538 11.550000000000002 961.25000000000011 45.050000000000004 1.3693108396807774 36.100000000000009 29.944392908634821 3250.0000000000005 268.25000000000006 152.57237066941968 150.50000000000003 1.486070603787448
decision_type=10 8 8 10 8 10 8 8 10 8 8 10 10 10
left_child=2 7 3 5 10 -1 -6 8 -2 -8 11 -3 -13 -5
right_child=1 4 -4 13 6 -7 9 -9 -10 -11 -12 12 -14 -15
leaf_value=-0.0033669033841999098 -0.001139876216464079 0.0015173355292117342 -0.020874840365193617 -0.0015722566384873623 0.003739431663893544 0.0090325343179138151 0.0078752507958399377 0.00045984832190792551 -0.011111519387879663 0.020249372385653924 0.00299032276901047 -0.013655488289562832 0.001777131814197697 0.0013971354905406538
leaf_weight=9361 3444 5267 61 7367 777 75 486 17413 102 72 8061 79 73 1086
leaf_count=9361 3444 5267 61 7367 777 75 486 17413 102 72 8061 79 73 1086
internal_value=1.75686e-06 0.00118366 -0.00235344 -0.00228446 0.00266269 -0.00326362 0.00623148 0.000137821 -0.00144195 0.00963757 0.00230707 0.00128889 -0.00642321 -0.00119016
internal_weight=53724 35774 17950 17889 14815 9436 1335 20959 3546 558 13480 5419 152 8453
internal_count=53724 35774 17950 17889 14815 9436 1335 20959 3546 558 13480 5419 152 8453
is_linear=0
shrinkage=0.035


Tree=91
num_leaves=15
num_cat=1
split_feature=13 19 19 0 13 23 23 0 0 1 16 32 11 23
split_gain=113.915 32.4213 19.1905 20.3713 14.0665 9.31511 9.29769 7.66207 7.33159 6.06678 5.56588 4.81142 4.61778 4.3111
threshold=84.550000000000011 16.512500000000006 30.012500000000006 230.50000000000003 3275.0000000000005 1.6557367885011527 1.2813114628272821 4.4500000000000011 25.050000000000004 75.15000000000002 29.944392908634821 0 428.31666666666672 2.1938679142639539
decision_type=8 10 8 8 8 10 10 8 8 8 10 1 10 10
left_child=1 7 -2 12 6 8 9 -1 10 -5 -3 -11 -4 -9
right_child=2 5 3 4 -6 -7 -8 13 -10 11 -12 -13 -14 -15
leaf_value=-0.004816422033626604 -0.016436254236074435 -0.0017399610136358005 0.00097801737338578396 -0.006779491813098038 0.016039498953933959 0.0037282353696532246 0.00515970638345497 -0.0025573020037785452 -0.00032211541877746208 -0.00098382034484082131 -0.012481533390314629 0.0027607006451330404 -0.0069454996825124215 0.0028192129563862221
leaf_weight=2080 64 4705 9847 81 97 603 1947 8064 16865 440 55 8607 86 183
leaf_count=2080 64 4705 9847 81 97 603 1947 8064 16865 440 55 8607 86 183
internal_value=1.68663e-06 -0.00129787 0.00200005 0.00205984 0.00308489 -0.00054475 0.00296424 -0.00291784 -0.000664734 0.00249339 -0.00187704 0.00258011 0.000905956 -0.00243636
internal_weight=53724 32555 21169 21105 11172 22228 11075 10327 21625 9128 4760 9047 9933 8247
internal_count=53724 32555 21169 21105 11172 22228 11075 10327 21625 9128 4760 9047 9933 8247
cat_boundaries=0 1
cat_threshold=32897
is_linear=0
shrinkage=0.035


Tree=92
num_leaves=15
num_cat=0
split_feature=19 13 16 13 0 1 0 23 3 15 23 6 0 16
split_gain=106.49 39.2734 16.7481 15.1856 13.8432 9.17343 8.35473 8.29101 7.16016 6.84866 7.66095 7.14422 6.11687 7.73741
threshold=30.012500000000006 110.10000000000001 96.072888995803538 961.25000000000011 11.550000000000002 45.050000000000004 361.00000000000006 1.3693108396807774 3250.0000000000005 37.525000000000006 2.0739180411378979 2.9500000000000006 36.100000000000009 29.944392908634821
decision_type=10 8 8 8 10 10 10 8 8 2 10 10 8 10
left_child=2 12 4 6 5 -1 -3 -5 -9 10 -6 -11 13 -2
right_child=1 3 -4 7 9 -7 -8 8 -10 11 -12 -13 -14 -15
leaf_value=-0.003153055425942357 -0.0010744021856879367 0.0015415188624492648 -0.019806279951678309 0.0034958916927581834 -0.00118930003399383 0.0087740356639551473 0.0034004774069617849 0.0074405112792311013 0.019186104301109234 -0.00074096133293055785 0.0043849456721868976 -0.017538884297634168 0.00028107620736138799 -0.011474650479956635
leaf_weight=9361 3444 12323 61 777 8024 75 3903 486 72 62 309 58 14684 85
leaf_count=9361 3444 12323 61 777 8024 75 3903 486 72 62 309 58 14684 85
internal_value=1.5689e-06 0.00110533 -0.00219791 0.00228608 -0.00213235 -0.00305366 0.00198958 0.00586896 0.009113 -0.0011027 -0.000980093 -0.00923675 -3.34616e-05 -0.00134078
internal_weight=53724 35774 17950 17561 17889 9436 16226 1335 558 8453 8333 120 18213 3529
internal_count=53724 35774 17950 17561 17889 9436 16226 1335 558 8453 8333 120 18213 3529
is_linear=0
shrinkage=0.035


Tree=93
num_leaves=15
num_cat=1
split_feature=19 10 16 0 10 1 1 0 3 0 0 32 24 23
split_gain=99.1908 36.6309 15.6923 12.9153 12.8621 8.36274 8.15837 7.74023 8.76307 7.70542 7.22244 7.06402 17.5467 7.30777
threshold=30.012500000000006 134.30952380952382 96.072888995803538 12.550000000000002 1624.1666666666667 431.00000000000006 29.100000000000005 95.100000000000009 240.25000000000003 62.600000000000009 3250.0000000000005 0 5.5000000000000009 1.6557367885011527
decision_type=10 8 8 10 8 10 10 8 8 10 8 1 2 10
left_child=2 9 3 6 5 7 -1 8 -3 -2 -6 12 -5 -13
right_child=1 4 -4 11 10 -7 -8 -9 -10 -11 -12 13 -14 -15
leaf_value=-0.0030695438545660096 -0.00043528776456919774 0.00050470161475241193 -0.019165576956319538 -0.0023222747119990262 0.0049192146618628925 0.0036750518908892933 0.0024029758461430314 0.0018298995159074316 -0.014920296719064937 0.00092843282671974114 0.01361879114304012 -0.0011025080555841973 -0.023596971953159265 0.0027291799414392091
leaf_weight=9761 12349 120 61 270 410 3500 342 10553 67 8610 165 6798 53 665
leaf_count=9761 12349 120 61 270 410 3500 342 10553 67 8610 165 6798 53 665
internal_value=1.4929e-06 0.00106676 -0.00212127 -0.00205781 0.00239856 0.00218954 -0.00288319 0.00170395 -0.00526653 0.000125019 0.0075115 -0.000985632 -0.00593861 -0.000758466
internal_weight=53724 35774 17950 17889 14815 14240 10103 10740 187 20959 575 7786 323 7463
internal_count=53724 35774 17950 17889 14815 14240 10103 10740 187 20959 575 7786 323 7463
cat_boundaries=0 1
cat_threshold=1026
is_linear=0
shrinkage=0.035


Tree=94
num_leaves=15
num_cat=0
split_feature=19 13 16 0 19 13 23 23 23 1 0 16 16 16
split_gain=92.3978 34.2097 14.7029 13.3992 12.1198 10.9865 7.92277 7.25303 6.02173 5.66233 5.56765 7.34709 5.30834 5.00314
threshold=30.012500000000006 110.10000000000001 96.072888995803538 361.00000000000006 4.9125000000000005 3275.0000000000005 1.486070603787448 1.1635321762957724 0.54484478475140519 100.50000000000001 38.100000000000009 29.944392908634821 364.94967701820059 122.58670358577564
decision_type=10 8 8 8 8 8 10 10 8 8 8 10 10 10
left_child=2 10 4 12 -1 7 8 9 -6 -5 11 -2 -3 -12
right_child=1 3 -4 5 6 -7 -8 -9 -10 -11 13 -13 -14 -15
leaf_value=-0.0041472933181472601 -0.0009460614784939967 0.0013680122842143173 -0.018545599282775639 -0.0055951304355664243 -0.0051822670100518976 0.014687970398683284 0.0012329807248462983 0.00493108393072288 -0.0016693186555810761 0.0025921911217613048 0.00033926853645199794 -0.010954096270547978 -0.0083793832121781368 -0.0094691535325273444
leaf_weight=2696 3984 10065 61 101 622 97 1116 1945 13455 5289 14083 87 64 59
leaf_count=2696 3984 10065 61 101 622 97 1116 1945 13455 5289 14083 87 64 59
internal_value=1.3299e-06 0.00102947 -0.00204745 0.00213147 -0.00198603 0.00325988 -0.00160127 0.00309885 -0.00182633 0.00243373 -3.33751e-05 -0.00117311 0.00130232 0.000295016
internal_weight=53724 35774 17950 17561 17889 7432 15193 7335 14077 5390 18213 4071 10129 14142
internal_count=53724 35774 17950 17561 17889 7432 15193 7335 14077 5390 18213 4071 10129 14142
is_linear=0
shrinkage=0.035


Tree=95
num_leaves=15
num_cat=0
split_feature=13 19 0 19 13 23 23 0 1 1 1 16 1 0
split_gain=86.0689 25.1109 15.394 11.8375 13.2014 8.30715 8.13849 6.62327 6.12196 4.71584 4.62663 4.09746 4.46438 6.08401
threshold=84.550000000000011 16.512500000000006 210.60000000000002 40.01250000000001 3275.0000000000005 1.3980608637068686 1.2548181698727643 3.0500000000000003 9.0500000000000025 45.050000000000004 87.050000000000011 107.61483346155016 279.50000000000006 124.25000000000001
decision_type=8 10 8 8 8 10 10 8 8 10 8 8 10 10
left_child=1 7 11 -4 5 10 8 -1 -3 -10 -5 -2 13 -13
right_child=2 6 3 4 -6 -7 -8 -9 9 -11 -12 12 -14 -15
leaf_value=-0.0048965431456908723 0.00079050360145194035 -0.0065859614020689983 -0.013492267708643341 -0.0033112584991833653 0.015527710815358755 0.0049734958477437568 0.0013564945709096344 -0.0022166452674897748 -0.00099521651244346022 0.00020775859776436326 0.0022866404766287824 -0.013492985317373979 0.004285367673487756 0.00036207771487840401
leaf_weight=1292 9187 210 51 180 92 1504 2641 9035 13756 5621 9951 80 53 71
leaf_count=1292 9187 210 51 180 92 1504 2641 9035 13756 5621 9951 80 53 71
internal_value=1.15393e-06 -0.00112845 0.00173818 0.00258074 0.00265636 0.00254796 -0.00046566 -0.00255413 -0.000711633 -0.000646286 0.0021856 0.000680659 -0.00416667 -0.00717555
internal_weight=53724 32555 21169 11778 11727 11635 22228 10327 19587 19377 10131 9391 204 151
internal_count=53724 32555 21169 11778 11727 11635 22228 10327 19587 19377 10131 9391 204 151
is_linear=0
shrinkage=0.035


Tree=96
num_leaves=15
num_cat=0
split_feature=19 0 13 16 0 23 1 14 1 15 23 16 1 16
split_gain=80.5978 29.7471 14.3889 13.3665 10.8859 8.89704 8.15093 6.94916 6.86379 6.11136 6.55016 6.00362 8.2598 5.93313
threshold=30.012500000000006 100.50000000000001 961.25000000000011 96.072888995803538 11.550000000000002 2.0739180411378979 45.050000000000004 3225.0000000000005 268.25000000000006 36.57500000000001 2.0739180411378979 50.173327995434313 177.35000000000002 12.593509563024595
decision_type=10 8 8 8 10 10 10 8 8 2 10 10 10 10
left_child=3 11 5 4 6 8 13 -4 -3 10 -6 -2 -13 -1
right_child=1 2 7 -5 9 -7 -8 -9 -10 -11 -12 12 -14 -15
leaf_value=-0.0026871114728206423 -0.00014131304869374872 0.00086786305328836555 0.0046137495474225104 -0.017642564198256216 -0.0010130544481006924 0.0065048625614423919 0.0084748740243958311 0.014519484762693633 0.0021992911110415635 -0.0082746275644715421 0.004149064754037827 -0.0084156136219884249 0.005359429012144536 -0.013015399068405015
leaf_weight=9297 14494 10730 1228 61 8013 433 75 90 8512 132 308 221 66 64
leaf_count=9297 14494 10730 1228 61 8013 433 75 90 8512 132 308 221 66 64
internal_value=1.06403e-06 0.000961312 0.00180803 -0.00191243 -0.00185387 0.00156997 -0.00267086 0.00534248 0.00145726 -0.000940841 -0.000819603 -0.000241465 -0.00521031 -0.00276464
internal_weight=53724 35774 20993 17950 17889 19675 9436 1318 19242 8453 8321 14781 287 9361
internal_count=53724 35774 20993 17950 17889 19675 9436 1318 19242 8453 8321 14781 287 9361
is_linear=0
shrinkage=0.035


Tree=97
num_leaves=15
num_cat=1
split_feature=19 13 16 13 19 23 23 23 16 3 1 23 23 32
split_gain=75.0773 27.924 12.5236 11.5088 10.4198 7.3138 7.06725 6.88283 6.09648 5.92331 5.47234 5.35572 5.0508 5.49774
threshold=30.012500000000006 110.10000000000001 96.072888995803538 961.25000000000011 4.9125000000000005 1.7549510370570294 1.3693108396807774 1.486070603787448 560.35846336601708 4250.0000000000009 281.00000000000006 0.54484478475140519 0.5029595298864088 0
decision_type=10 8 8 8 8 10 8 10 10 8 10 8 8 1
left_child=2 -2 4 5 -1 10 8 11 -5 -8 12 -6 13 -3
right_child=1 3 -4 6 7 -7 9 -9 -10 -11 -12 -13 -14 -15
leaf_value=-0.0037930178677581818 -3.2458736433452353e-05 -0.0090672157358979658 -0.017071854269015606 0.003897728445639256 -0.0048067817554367821 0.0052621704485040707 0.0066519260988131016 0.0012091580592996911 -0.0061587103654866127 0.018124352000191444 0.0024032890472226991 -0.0014941303800384816 0.0011896964663426358 -0.00017905246293577353
leaf_weight=2696 18213 105 61 699 622 660 498 1116 78 60 5464 13455 9689 308
leaf_count=2696 18213 105 61 699 622 660 498 1116 78 60 5464 13455 9689 308
internal_value=1.01213e-06 0.000927791 -0.00184578 0.00192342 -0.00178911 0.00166533 0.00504241 -0.00143238 0.00285528 0.00803553 0.00151118 -0.00164216 0.00102771 -0.00274139
internal_weight=53724 35774 17950 17561 17889 16226 1335 15193 777 558 15566 14077 10102 413
internal_count=53724 35774 17950 17561 17889 16226 1335 15193 777 558 15566 14077 10102 413
cat_boundaries=0 1
cat_threshold=6154
is_linear=0
shrinkage=0.035


Tree=98
num_leaves=15
num_cat=0
split_feature=10 1 19 13 0 23 14 1 16 23 23 23 16 16
split_gain=70.1606 20.2863 13.909 13.7497 8.64188 7.59212 10.6406 6.28728 5.75234 4.88169 4.81953 4.5241 4.47806 4.4381
threshold=81.683333333333351 9.0500000000000025 26.775000000000002 410.25000000000006 24.750000000000004 1.084705556032062 3225.0000000000005 87.050000000000011 141.35398063537818 1.5204589447365311 0.3856267347173799 1.2548181698727643 560.35846336601708 27.342623276106181
decision_type=8 8 8 8 8 8 8 8 10 10 8 10 10 10
left_child=1 10 -2 7 13 12 -7 8 -4 -9 -1 -6 -5 -3
right_child=2 4 3 5 11 6 -8 9 -10 -11 -12 -13 -14 -15
leaf_value=-0.0088500617034621767 -0.014764797250318226 -0.0015388748523261246 -0.00074057992853866544 0.0020348425667915137 -0.00045744778253254434 0.0040864206223570135 0.018063666860748465 0.0011185105413457322 -0.01230766148475761 0.0035580288026473231 -0.0027894500236976981 0.0010808427000747762 -0.0060176080708730633 -0.01053038124991444
leaf_weight=162 59 7739 1268 2354 15920 2612 64 14193 50 1078 5338 2741 83 63
leaf_count=162 59 7739 1268 2354 15920 2612 64 14193 50 1078 5338 2741 83 63
internal_value=9.03881e-07 -0.00104267 0.00153361 0.00158131 -0.000640395 0.00316749 0.00445377 0.00109162 -0.00122425 0.00129183 -0.00297584 -0.000231269 0.00174883 -0.00161818
internal_weight=53724 31963 21761 21702 26463 5113 2676 16589 1318 15271 5500 18661 2437 7802
internal_count=53724 31963 21761 21702 26463 5113 2676 16589 1318 15271 5500 18661 2437 7802
is_linear=0
shrinkage=0.035


Tree=99
num_leaves=15
num_cat=0
split_feature=19 0 13 16 19 1 3 23 23 14 1 23 0 14
split_gain=65.672 24.5239 11.4238 11.3661 9.3467 7.40347 7.05108 6.79599 6.19158 5.98697 5.38264 4.78976 4.40909 3.66877
threshold=30.012500000000006 130.10000000000002 961.25000000000011 96.072888995803538 4.9125000000000005 87.050000000000011 240.25000000000003 2.0739180411378979 1.486070603787448 3225.0000000000005 250.50000000000003 0.64286717777866997 36.100000000000009 1.3750000000000002
decision_type=10 8 8 8 8 8 10 10 10 8 8 8 10 10
left_child=3 6 5 4 13 -3 12 -7 11 -4 -8 -6 -2 -1
right_child=1 2 9 -5 8 7 10 -9 -10 -11 -12 -13 -14 -15
leaf_value=-0.0067551879845207932 -0.0010928743259713417 -0.00030568472676612745 0.0042357293272291168 -0.016231576349078257 -0.0036886493923911964 0.0016984911040363658 -0.013398581936845885 0.0065277757909629822 0.0011706860348814035 0.013474193043793811 0.00074637061663389466 -0.0013394463193776832 0.00028370380348804108 -0.0030360046930468444
leaf_weight=379 3574 2325 1227 61 1156 14071 80 362 1116 89 53 12921 13993 2317
leaf_count=379 3574 2325 1227 61 1156 14071 80 362 1116 89 53 12921 13993 2317
internal_value=7.80868e-07 0.000867568 0.00177424 -0.00172647 -0.00167249 0.00152666 -5.84977e-05 0.00182184 -0.00133464 0.00490915 -0.00793906 -0.0015336 3.40819e-06 -0.00357038
internal_weight=53724 35774 18074 17950 17889 16758 17700 14433 15193 1316 133 14077 17567 2696
internal_count=53724 35774 18074 17950 17889 16758 17700 14433 15193 1316 133 14077 17567 2696
is_linear=0
shrinkage=0.035


Tree=100
num_leaves=15
num_cat=1
split_feature=19 0 15 16 0 23 14 1 16 14 23 32 3 23
split_gain=61.1821 23.1897 14.8612 11.3976 10.382 8.70747 10.6331 7.03935 11.2268 5.23494 5.22863 6.42976 5.1307 4.62997
threshold=30.012500000000006 100.50000000000001 39.95000000000001 48.454806574351267 12.550000000000002 0.90503749086025886 3225.0000000000005 45.050000000000004 15.351341598957672 1.3750000000000002 0.58652917209224187 0 230.50000000000003 2.6436217829168225
decision_type=8 8 2 8 10 8 8 10 8 8 10 1 10 10
left_child=2 10 4 -3 7 -5 -7 8 9 -1 11 -2 -13 -6
right_child=1 3 -4 5 13 6 -8 -9 -10 -11 -12 12 -14 -15
leaf_value=-0.0063314444830424085 0.0033287222483424383 0.0010548545353714115 -0.016278211467378938 0.00077064695177578074 -0.00075800650806687631 0.0034471736688068007 0.016861581480070775 0.0085824326452954378 -0.016202445142908903 -0.0021550983691873767 1.5796197679526325e-05 -0.0023776170029800314 -0.011853195561058318 0.0052414721717713806
leaf_weight=379 229 14850 80 1775 7527 4340 69 67 67 9578 13075 1463 69 156
leaf_count=379 229 14850 80 1775 7527 4340 69 67 67 9578 13075 1463 69 156
internal_value=6.95851e-07 0.00083397 -0.00167318 0.00158122 -0.00160288 0.00284335 0.00367597 -0.00234075 -0.002418 -0.00231716 -0.000225635 -0.00201318 -0.00282319 -0.00063286
internal_weight=53724 35870 17854 21034 17774 6184 4409 10091 10024 9957 14836 1761 1532 7683
internal_count=53724 35870 17854 21034 17774 6184 4409 10091 10024 9957 14836 1761 1532 7683
cat_boundaries=0 1
cat_threshold=1280
is_linear=0
shrinkage=0.035


Tree=101
num_leaves=15
num_cat=0
split_feature=10 4 19 1 0 16 23 0 22 19 1 15 23 16
split_gain=57.0158 17.1481 11.8757 11.8708 8.27111 7.49149 6.9337 6.72597 6.52664 5.47227 5.23139 5.1857 4.6819 4.68458
threshold=81.683333333333351 19.050000000000004 26.775000000000002 268.25000000000006 786.00000000000011 152.57237066941968 2.369857963854511 150.50000000000003 1.1761347337401558 4.1375000000000011 45.050000000000004 29.025000000000002 0.77530412965873985 28.00327361657834
decision_type=8 8 8 8 8 8 10 10 8 10 10 2 10 10
left_child=1 9 -2 5 -5 -4 10 -7 -6 -1 12 -11 13 -3
right_child=2 6 3 4 8 7 -8 -9 -10 11 -12 -13 -14 -15
leaf_value=-0.0037470890891023933 -0.013677485559783237 -0.0014393563883651353 0.00075714104722883458 0.0016421693613810353 0.0025746004316523495 -0.012429927856705181 0.010737355713719044 0.0010488618370741174 0.0059478969336560312 -0.0015770343318092625 0.00046713536287001131 -0.0078626003493583296 -0.00027073197143851461 -0.0090975978934904576
leaf_weight=1900 59 5056 11149 7328 1936 96 64 81 1112 9263 6260 159 9166 95
leaf_count=1900 59 5056 11149 7328 1936 96 64 81 1112 9263 6260 159 9166 95
internal_value=6.38941e-07 -0.000940108 0.00138233 0.00142641 0.00228139 0.000642479 -0.000339521 -0.00640231 0.003813 -0.0020344 -0.000376573 -0.00168722 -0.000745512 -0.00158928
internal_weight=53724 31963 21761 21702 10376 11326 20641 177 3048 11322 20577 9422 14317 5151
internal_count=53724 31963 21761 21702 10376 11326 20641 177 3048 11322 20577 9422 14317 5151
is_linear=0
shrinkage=0.035


Tree=102
num_leaves=15
num_cat=0
split_feature=19 0 1 16 16 5 23 22 22 23 1 14 5 23
split_gain=53.3997 20.474 12.7315 9.96183 9.23921 8.0195 7.51487 6.43589 6.1878 5.99966 5.04144 4.8637 4.68473 4.21375
threshold=30.012500000000006 145.10000000000002 411.00000000000006 96.072888995803538 107.61483346155016 5.5500000000000007 1.6248060564443316 1.5858780692660879 0.74907247462474325 1.2548181698727643 51.850000000000001 530.75000000000011 350.75000000000006 0.64286717777866997
decision_type=10 10 10 8 10 8 10 10 10 10 8 8 10 8
left_child=3 2 4 5 10 -1 7 -3 -6 13 -2 -12 -10 -7
right_child=1 6 -4 -5 8 9 -8 -9 12 -11 11 -13 -14 -15
leaf_value=-0.0029974040685186989 -0.00065321857769282609 0.0017852648602635086 0.0046284227330920863 -0.015135998182196285 -0.015560894979539122 -0.0034900691903786379 0.0047073504169557181 -0.0056201765405919975 -0.0074627945795007174 0.00055591084873819405 0.00042566947735479555 0.010328724354850969 0.005223638478241731 -0.0012322577533341878
leaf_weight=3541 7210 10618 762 61 67 1112 1110 141 92 2172 15666 56 52 11064
leaf_count=3541 7210 10618 762 61 67 1112 1110 141 92 2172 15666 56 52 11064
internal_value=5.28877e-07 0.000782141 0.000192021 -0.00155699 4.49809e-05 -0.00150647 0.0019701 0.00168565 -0.00715985 -0.00113761 0.00011282 0.000464216 -0.00286002 -0.00143981
internal_weight=53724 35774 23905 17950 23143 17889 11869 10759 211 14348 22932 15722 144 12176
internal_count=53724 35774 23905 17950 23143 17889 11869 10759 211 14348 22932 15722 144 12176
is_linear=0
shrinkage=0.035


Tree=103
num_leaves=15
num_cat=1
split_feature=19 0 15 10 0 23 1 16 23 23 32 3 6 3
split_gain=49.7499 19.2363 13.757 9.90358 8.86964 6.6546 6.52234 11.3905 5.9454 5.19868 4.9058 7.61521 4.89948 4.83247
threshold=30.012500000000006 100.50000000000001 39.95000000000001 910.08333333333337 15.950000000000001 2.0739180411378979 29.100000000000005 14.960264830861922 1.3693108396807774 0.3856267347173799 0 240.25000000000003 113.10000000000001 4250.0000000000009
decision_type=8 8 2 8 10 10 10 8 8 8 1 10 8 8
left_child=2 10 4 5 6 12 7 9 -5 -1 -2 -12 -3 -10
right_child=1 3 -4 8 -6 -7 -8 -9 13 -11 11 -13 -14 -15
leaf_value=-0.0072624103443636153 0.0013222772578855904 0.0002206690353945365 -0.015560350388665137 0.0023136896129996956 -0.00039825579196656343 0.0055220648863838441 0.0027326821105063057 -0.016060822779895213 0.0056983514801000196 -0.0019690544094809023 -0.00041074210145877104 -0.011672082418179443 0.0014730143048989801 0.015853915907609376
leaf_weight=228 2162 5288 80 854 6397 427 338 67 540 10744 12605 69 13863 62
leaf_count=228 2162 5288 80 854 6397 427 338 67 540 10744 12605 69 13863 62
internal_value=4.30576e-07 0.000751832 -0.00150898 0.00143241 -0.00144138 0.0012246 -0.00202746 -0.00217438 0.00421305 -0.00208231 -0.000213233 -0.000476254 0.00112736 0.00686625
internal_weight=53724 35870 17854 21034 17774 19578 11377 11039 1456 10972 14836 12674 19151 602
internal_count=53724 35870 17854 21034 17774 19578 11377 11039 1456 10972 14836 12674 19151 602
cat_boundaries=0 1
cat_threshold=3328
is_linear=0
shrinkage=0.035


Tree=104
num_leaves=15
num_cat=1
split_feature=10 0 1 19 16 0 10 24 32 0 2 1 16 22
split_gain=46.5093 17.6102 11.3469 8.17034 7.77678 7.16817 6.3977 6.03215 15.1555 6.43814 5.89904 5.65261 5.40876 5.94243
threshold=30.00714285714286 145.10000000000002 461.50000000000006 13.525000000000002 107.61483346155016 11.050000000000002 95.016666666666694 5.5000000000000009 0 1410.0000000000002 350.75000000000006 28.550000000000004 8.130672185580563 1.1807271279209666
decision_type=8 10 10 8 10 10 10 2 1 10 8 10 10 10
left_child=5 2 3 -2 -5 11 -3 9 -9 -8 -6 12 -1 -14
right_child=1 6 -4 4 10 -7 7 8 -10 -11 -12 -13 13 -15
leaf_value=-0.0021372411576875902 -0.012956124151251832 0.013236886725334141 0.0047263372762860224 0.00015154611442167999 -0.01126233248982232 -0.00072201872230316319 0.0018114435787605571 -0.009900063074746869 0.0012007904379852871 0.0058146166346646298 -0.00048322021687959531 0.0034789313131592219 -0.0027918671873313461 -0.015910968354248722
leaf_weight=8977 54 55 649 23024 124 8471 10380 170 801 513 121 211 105 69
leaf_count=8977 54 55 649 23024 124 8471 10380 170 801 513 121 211 105 69
internal_value=3.64848e-07 0.000726243 0.000179457 5.19469e-05 8.49114e-05 -0.00146034 0.00182542 0.00176697 -0.000872609 0.00200255 -0.00605491 -0.00212766 -0.00225876 -0.00829339
internal_weight=53724 35891 23972 23323 23269 17833 11919 11864 971 10893 245 9362 9151 174
internal_count=53724 35891 23972 23323 23269 17833 11919 11864 971 10893 245 9362 9151 174
cat_boundaries=0 1
cat_threshold=33792
is_linear=0
shrinkage=0.035


Tree=105
num_leaves=15
num_cat=0
split_feature=19 5 1 13 14 23 23 26 23 16 23 30 16 17
split_gain=43.3463 13.9252 11.0518 9.85312 7.20128 6.21038 5.35809 6.31748 5.18085 5.75308 4.85354 5.16145 4.38294 3.73806
threshold=76.512500000000017 19.550000000000004 268.25000000000006 3275.0000000000005 1.3750000000000002 1.8459722810627612 0.20512848593319441 85.500000000000014 0.90200648767057934 42.505479257369139 1.2548181698727643 -0.26867065956352881 66.01711033602956 1.2850924883238075
decision_type=10 10 8 8 10 10 8 2 8 10 10 2 10 8
left_child=1 4 6 8 13 12 7 -2 -4 -10 -6 -12 -3 -1
right_child=2 5 3 -5 10 -7 -8 -9 9 -11 11 -13 -14 -15
leaf_value=-0.0048100202624492359 -0.014782075018118151 -0.00026174168926710657 0.00062706459638937656 0.013413758706605146 -0.0018702029759528362 0.0041506752893583423 0.00053212454087478238 -0.00038611255898870827 0.0013554664882517108 0.0032957122440654199 -0.0023599196342132573 0.0010335876320094254 -0.0086856848234195868 -0.014577263900929871
leaf_weight=358 56 17267 2850 87 10628 388 11915 97 3559 3972 832 1591 71 53
leaf_count=358 56 17267 2850 87 10628 388 11915 97 3559 3972 832 1591 71 53
internal_value=2.11561e-07 -0.000844828 0.00116961 0.00200155 -0.00169325 -0.000200197 0.000447431 -0.00595627 0.0018995 0.0023803 -0.00154806 -0.000134121 -0.000298732 -0.00622961
internal_weight=53724 31188 22536 10468 13462 17726 12068 153 10381 7531 13051 2423 17338 411
internal_count=53724 31188 22536 10468 13462 17726 12068 153 10381 7531 13051 2423 17338 411
is_linear=0
shrinkage=0.035


Tree=106
num_leaves=15
num_cat=1
split_feature=19 0 16 1 16 23 19 23 22 2 23 32 15 11
split_gain=40.6841 17.031 11.1912 10.3521 7.38751 6.68928 6.82598 6.36356 6.04219 5.66462 4.96948 5.22222 3.99411 3.90085
threshold=27.258333333333336 145.10000000000002 85.988299658915011 361.00000000000006 107.61483346155016 1.2548181698727643 4.1375000000000011 1.6248060564443316 1.5858780692660879 400.50000000000006 0.63452821575733587 0 34.975000000000009 531.14519230769247
decision_type=8 10 8 10 10 10 10 10 10 8 8 1 2 8
left_child=2 3 5 4 10 6 -1 8 -3 -6 11 -2 -8 -12
right_child=1 7 -4 -5 9 -7 12 -9 -10 -11 13 -13 -14 -15
leaf_value=-0.0038195653404928345 0.0013112462937306909 0.0015594531532776492 -0.017236584613438358 0.0038591051293462406 -0.011720044515306404 0.00018447707251676709 -0.0013863510469754499 0.0042286147687844227 -0.0056145732072883691 0.00020246467202525128 0.0001847416622853111 -0.0023891627753435622 -0.010302698579917271 0.0083448657746258616
leaf_weight=1678 619 10631 50 873 111 2669 11679 1123 141 84 22125 1817 57 67
leaf_count=1678 619 10631 50 873 111 2669 11679 1123 141 84 22125 1817 57 67
internal_value=1.28188e-07 0.0006311 -0.00146982 0.000124133 -7.9732e-06 -0.00141546 -0.00173375 0.00172576 0.00146299 -0.00670753 4.64234e-05 -0.00145253 -0.00143403 0.000211252
internal_weight=53724 37591 16133 25696 24823 16083 13414 11895 10772 195 24628 2436 11736 22192
internal_count=53724 37591 16133 25696 24823 16083 13414 11895 10772 195 24628 2436 11736 22192
cat_boundaries=0 1
cat_threshold=1286
is_linear=0
shrinkage=0.035


Tree=107
num_leaves=15
num_cat=2
split_feature=10 0 0 1 16 1 0 14 16 24 32 19 23 32
split_gain=38.0899 14.8039 7.46363 6.17975 5.22873 6.98566 5.14333 4.49914 6.00362 4.41192 13.2178 5.95033 4.96047 4.22811
threshold=30.00714285714286 100.50000000000001 786.00000000000011 9.0500000000000025 50.173327995434313 220.30000000000004 4.4500000000000011 2102.5000000000005 560.35846336601708 5.5000000000000009 0 75.02500000000002 1.6248060564443316 1
decision_type=8 8 10 10 8 10 10 8 8 2 1 10 10 1
left_child=3 4 7 6 -2 -6 -1 8 9 12 11 -11 13 -3
right_child=1 2 -4 -5 5 -7 -8 -9 -10 10 -12 -13 -14 -15
leaf_value=-0.0030912642878987125 -9.1309550011451927e-05 0.0016034842149181007 0.0035323567349753613 -0.00070475341310023188 -0.006625041846317699 0.0070665177619508059 -0.0013166128828308065 0.0088295271505530078 -0.008796664320949563 -0.018211620865622537 0.00070830059603892788 -0.0051108289793636739 0.0036519390369283088 0.00048463286175307567
leaf_weight=3286 14461 8906 1619 9408 283 50 5139 86 71 51 1403 207 971 7783
leaf_count=3286 14461 8906 1619 9408 283 50 5139 86 71 51 1403 207 971 7783
internal_value=1.05147e-08 0.000656909 0.00125205 -0.00132189 -0.000191921 -0.00449513 -0.0020102 0.00106165 0.00102493 0.00106329 -0.00065965 -0.00770457 0.00122548 0.00108325
internal_weight=53724 35891 21097 17833 14794 333 8425 19478 19392 19321 1661 258 17660 16689
internal_count=53724 35891 21097 17833 14794 333 8425 19478 19392 19321 1661 258 17660 16689
cat_boundaries=0 1 2
cat_threshold=41984 23572
is_linear=0
shrinkage=0.035


Tree=108
num_leaves=15
num_cat=1
split_feature=19 4 13 0 32 15 23 23 3 19 1 3 23 16
split_gain=35.5707 11.6154 9.40931 8.70749 6.13835 6.09985 5.94228 5.7859 4.75713 4.73997 4.61225 5.60753 3.95291 3.76694
threshold=76.512500000000017 19.050000000000004 3275.0000000000005 461.50000000000006 0 29.025000000000002 1.3693108396807774 0.78720956856955071 23.050000000000004 4.1375000000000011 110.40000000000002 230.50000000000003 2.0739180411378979 560.35846336601708
decision_type=10 8 8 10 1 2 10 10 10 10 10 10 10 10
left_child=1 5 3 4 13 9 -3 10 -7 -1 11 -6 -5 -2
right_child=2 6 -4 12 7 8 -8 -9 -10 -11 -12 -13 -14 -15
leaf_value=-0.0031421834269415739 0.0012558731654548356 -0.00045311284224877423 0.012053526308093417 0.0023365764411620456 -0.0018761325383005202 -0.016652461652151861 0.0015877340890667808 0.00076564638421613171 -0.0041361359775884711 -0.0012245338872245227 0.00034488369457671823 -0.0099160705496589736 0.0076801181329905783 -0.0071999186177093251
leaf_weight=1902 11676 17887 90 3330 1664 50 1932 4132 131 9286 1300 109 175 60
leaf_count=1902 11676 17887 90 3330 1664 50 1932 4132 131 9286 1300 109 175 60
internal_value=-3.0497e-08 -0.000765535 0.0010593 0.00101254 0.000715598 -0.00165709 -0.000253816 -8.92168e-05 -0.00794839 -0.0015518 -0.00123834 -0.00239691 0.00261393 0.00120857
internal_weight=53724 31188 22536 22446 18941 11369 19819 7205 181 11188 3073 1773 3505 11736
internal_count=53724 31188 22536 22446 18941 11369 19819 7205 181 11188 3073 1773 3505 11736
cat_boundaries=0 1
cat_threshold=27924
is_linear=0
shrinkage=0.035


Tree=109
num_leaves=15
num_cat=1
split_feature=6 4 23 23 23 23 10 15 14 19 0 23 32 1
split_gain=33.3641 14.1549 8.53756 8.17289 6.36696 6.23251 6.52197 5.62448 4.55147 4.54124 4.02848 3.90306 3.86225 3.74032
threshold=113.10000000000001 19.050000000000004 1.6857212419431311 1.4319226650830374 0.63452821575733587 0.78338076795575651 1169.2500000000002 29.025000000000002 1.3750000000000002 26.775000000000002 6250.0000000000009 1.5204589447365311 0 1703.0000000000002
decision_type=10 8 10 10 8 8 8 2 10 10 8 10 1 8
left_child=1 7 5 4 12 -2 -7 8 -1 -9 -8 -10 -3 -12
right_child=2 3 -4 -5 -6 6 10 9 11 -11 13 -13 -14 -15
leaf_value=-0.0052816572476089476 -0.00010623316161206086 0.00040323537715343126 0.0063137912358239567 0.0018761682625658884 -0.00015169432294516387 0.0013975544914520482 0.0035547972780713265 -0.014948214715304995 -0.0015575498269001487 -0.0034221441373074417 0.003978679064979695 0.00093450988174982054 -0.0032882581269272544 0.016119060160093745
leaf_weight=372 3447 474 407 2283 22298 11570 446 62 9975 123 63 831 1307 66
leaf_count=372 3447 474 407 2283 22298 11570 446 62 9975 123 63 831 1307 66
internal_value=-8.99309e-08 -0.000568097 0.00133901 -0.000122898 -0.000312786 0.00120717 0.00157983 -0.00160044 -0.00149819 -0.00757666 0.00520382 -0.00136556 -0.00232357 0.0105597
internal_weight=53724 37725 15999 26362 24079 15592 12145 11363 11178 185 575 10806 1781 129
internal_count=53724 37725 15999 26362 24079 15592 12145 11363 11178 185 575 10806 1781 129
cat_boundaries=0 1
cat_threshold=50436
is_linear=0
shrinkage=0.035


Tree=110
num_leaves=15
num_cat=1
split_feature=19 13 15 0 5 10 3 2 1 16 32 23 23 29
split_gain=31.3781 12.5352 12.2615 7.14933 6.74998 5.86098 5.58753 7.46181 6.35983 6.26997 5.6316 5.14588 4.91143 4.63549
threshold=30.012500000000006 410.25000000000006 39.95000000000001 90.300000000000011 5.5500000000000007 371.4500000000001 370.50000000000006 300.80000000000007 150.50000000000003 34.034296427769441 0 1.6557367885011527 0.68949216527613888 0.88621069759564464
decision_type=8 8 2 10 8 10 10 8 10 10 1 10 8 2
left_child=2 3 4 6 -1 -3 8 -8 9 -2 -11 -6 13 -7
right_child=1 5 -4 -5 11 12 7 -9 -10 10 -12 -13 -14 -15
leaf_value=-0.002501625570280234 -8.2200541609955241e-05 0.013582635219124232 -0.014463224995607402 0.00096553749709804863 -0.00093956363266602594 0.0002725794293536606 -0.016505332033118329 -0.00095336936516105203 0.002745353933867347 -0.0079729014772062998 -0.0010199140751791884 0.0022489829463647206 0.0024509987000400774 -0.0088063870085529801
leaf_weight=3541 16337 50 80 12713 13588 459 54 107 934 218 401 645 4521 76
leaf_count=3541 16337 50 80 12713 13588 459 54 107 934 218 401 645 4521 76
internal_value=-8.66135e-08 0.000596659 -0.00119882 0.000329933 -0.00113507 0.0022018 -0.000117855 -0.00650959 -5.85306e-05 -0.000213743 -0.003657 -0.000794329 0.00207595 -0.00108674
internal_weight=53724 35870 17854 30764 17774 5106 18051 161 17890 16956 619 14233 5056 535
internal_count=53724 35870 17854 30764 17774 5106 18051 161 17890 16956 619 14233 5056 535
cat_boundaries=0 1
cat_threshold=23561
is_linear=0
shrinkage=0.035


Tree=111
num_leaves=15
num_cat=0
split_feature=19 1 16 0 23 13 3 14 16 0 23 1 17 23
split_gain=29.3417 12.4735 10.3066 7.86412 5.64445 5.53259 5.78475 5.44871 4.53357 7.93366 3.75204 3.7056 3.68685 3.49832
threshold=27.258333333333336 80.250000000000014 85.988299658915011 350.75000000000006 1.2548181698727643 2375.0000000000005 4250.0000000000009 2.9750000000000005 36.867087381973796 45.050000000000004 1.4319226650830374 39.850000000000009 1.6240964341290129 1.084705556032062
decision_type=8 8 8 8 10 8 8 10 8 10 10 10 8 10
left_child=2 8 4 10 7 13 -7 12 -2 -10 -3 -11 -1 -5
right_child=1 3 -4 5 -6 6 -8 -9 9 11 -12 -13 -14 -15
leaf_value=-0.0033712674484289123 -0.00019407246545779519 0.00038407311065405278 -0.016378112267194826 0.0012621348955247792 0.00027304720247254855 0.0037173174582321587 0.016082358409578983 -0.0012820846047687652 -0.011043660173917773 0.0072081620419459031 0.0022950762885937436 -0.00278093128289924 -0.012308518370979878 0.0028655916366716501
leaf_weight=995 13528 14037 50 5691 2669 178 60 12363 126 56 1378 174 56 2363
leaf_count=995 13528 14037 50 5691 2669 178 60 12363 126 56 1378 174 56 2363
internal_value=-2.43063e-07 0.000535603 -0.00124858 0.00102344 -0.00119647 0.00189231 0.00710133 -0.00148885 -0.000297443 -0.00416844 0.000555593 -0.000247186 -0.00390349 0.00173407
internal_weight=53724 37591 16133 23707 16083 8292 238 13414 13884 356 15415 230 1051 8054
internal_count=53724 37591 16133 23707 16083 8292 238 13414 13884 356 15415 230 1051 8054
is_linear=0
shrinkage=0.035


Tree=112
num_leaves=15
num_cat=1
split_feature=6 4 23 23 23 23 10 16 3 23 19 0 32 16
split_gain=27.6494 11.7119 7.62488 7.08887 5.85487 5.38365 5.72958 5.29211 5.52547 4.15199 3.89486 3.74593 3.57105 3.48372
threshold=113.10000000000001 19.050000000000004 1.6857212419431311 1.486070603787448 0.63452821575733587 0.78338076795575651 1169.2500000000002 14.028712053353468 9.5500000000000025 1.7188378181118917 4.1375000000000011 4150.0000000000009 0 30.740437439095121
decision_type=10 8 10 10 8 8 8 8 10 10 10 8 1 10
left_child=1 7 5 4 12 -2 -7 9 -9 10 -1 -8 -3 -14
right_child=2 3 -4 -5 -6 6 11 8 -10 -11 -12 -13 13 -15
leaf_value=-0.0029813552293079409 -0.00012646898303989021 0.00041760408620451002 0.005919987099274578 0.0019297231041783879 -0.00012150203815862982 0.0012697165653531941 0.0032200732473706894 -0.015917875433615485 -0.0031228959464028273 0.0018866036798559651 -0.0011940255770495662 0.0098997106611908667 -0.0024525907143475947 -0.0078936455540448251
leaf_weight=1794 3447 474 407 1925 22656 11570 442 56 139 460 8914 133 1145 162
leaf_count=1794 3447 474 407 1925 22656 11570 442 56 139 460 8914 133 1145 162
internal_value=-2.77781e-07 -0.000517357 0.00121876 -0.000112394 -0.000273622 0.00109418 0.00144054 -0.0014564 -0.00710344 -0.00135467 -0.00149472 0.00483713 -0.00220297 -0.00313065
internal_weight=53724 37725 15999 26362 24437 15592 12145 11363 195 11168 10708 575 1781 1307
internal_count=53724 37725 15999 26362 24437 15592 12145 11363 195 11168 10708 575 1781 1307
cat_boundaries=0 1
cat_threshold=50436
is_linear=0
shrinkage=0.035


Tree=113
num_leaves=15
num_cat=1
split_feature=19 13 16 16 23 5 23 23 23 29 23 1 32 0
split_gain=25.836 8.81324 8.06924 7.32555 7.19324 6.82343 4.81711 4.31029 4.1643 3.85681 3.6705 3.4311 3.3203 4.39412
threshold=46.01250000000001 410.25000000000006 96.072888995803538 9.5742710775631519 3.2477849613045007 6.5500000000000007 0.58652917209224187 1.2548181698727643 0.73966057848001376 0.88621069759564464 0.3856267347173799 1204.0000000000002 0 480.50000000000006
decision_type=10 8 8 10 10 8 8 10 8 2 8 8 1 10
left_child=2 6 4 -3 5 10 -2 -7 9 -5 -1 -10 13 -8
right_child=1 3 -4 8 -6 7 12 -9 11 -11 -12 -13 -14 -15
leaf_value=-0.010659014046970818 -0.0012787605203803084 0.014735751251012766 -0.011252658352112541 0.00040524074719203163 0.0081638713775698205 -0.00078622409049717125 0.0010568160850771785 0.00068789670542736107 0.0016320577039617584 -0.0070916420296167166 -0.0019902774117084728 0.003783872972601755 0.00024101111743871212 0.010648935169762916
leaf_weight=56 1886 50 86 588 104 16891 8071 2834 3060 93 4220 1296 14435 54
leaf_count=56 1886 50 86 588 104 16891 8071 2834 3060 93 4220 1296 14435 54
internal_value=-2.95524e-07 0.000694308 -0.000848254 0.00201902 -0.000808808 -0.00084938 0.00041829 -0.000574308 0.0018783 -0.000662789 -0.00211612 0.00227587 0.000560414 0.00112569
internal_weight=53724 29533 24191 5087 24105 24001 24446 19725 5037 681 4276 4356 22560 8125
internal_count=53724 29533 24191 5087 24105 24001 24446 19725 5037 681 4276 4356 22560 8125
cat_boundaries=0 1
cat_threshold=27664
is_linear=0
shrinkage=0.035


Tree=114
num_leaves=15
num_cat=2
split_feature=6 5 23 16 23 23 23 10 32 23 16 32 16 0
split_gain=24.3898 10.3881 7.46654 7.25356 6.93224 5.70868 4.68924 5.07192 4.14451 3.71446 4.08851 3.52849 3.7211 3.49707
threshold=113.10000000000001 10.100000000000001 1.4319226650830374 25.771431211077637 1.6857212419431311 0.63452821575733587 0.78338076795575651 1169.2500000000002 0 2.1938679142639539 7.5806771905062194 1 30.740437439095121 6250.0000000000009
decision_type=10 8 10 8 10 8 8 8 1 10 10 1 8 8
left_child=1 3 5 9 6 11 -2 -8 -4 10 -1 -3 -13 -9
right_child=4 2 8 -5 -6 -7 7 13 -10 -11 -12 12 -14 -15
leaf_value=-0.0015768630087910985 -0.00011332364546548256 -0.00027997797791271271 -0.0045486251580376062 -0.014033513707751088 0.0056272425399612139 -0.00022987754277111654 0.0011884265891464467 0.003013418403766717 0.0018742849970994557 0.0037893849456238308 -0.007081441024421058 -0.0026078877582321565 -0.0089367522359284843 0.0095295013384650296
leaf_weight=6669 3447 836 116 53 407 25877 11570 446 2516 149 165 1222 122 129
leaf_count=6669 3447 836 116 53 407 25877 11570 446 2516 149 165 1222 122 129
internal_value=-2.56585e-07 -0.000485901 -0.00020769 -0.00169837 0.00114467 -0.000374984 0.00102589 0.00134914 0.00157298 -0.00159477 -0.00171485 -0.00209296 -0.00318973 0.00454484
internal_weight=53724 37725 30689 7036 15999 28057 15592 12145 2632 6983 6834 2180 1344 575
internal_count=53724 37725 30689 7036 15999 28057 15592 12145 2632 6983 6834 2180 1344 575
cat_boundaries=0 1 2
cat_threshold=256 60684
is_linear=0
shrinkage=0.035


Tree=115
num_leaves=15
num_cat=2
split_feature=19 1 16 23 13 23 32 23 14 15 32 0 22 16
split_gain=23.0666 9.96699 8.9868 6.70258 6.23395 5.2643 5.24903 4.67765 4.63123 4.25125 3.93921 3.68171 3.50705 3.39809
threshold=27.258333333333336 268.25000000000006 85.988299658915011 1.5389900385948792 226.25000000000003 0.63452821575733587 0 1.2548181698727643 1.9750000000000003 415.50000000000006 1 361.00000000000006 0.61968439436793876 167.67230842796855
decision_type=8 10 8 10 10 8 1 10 8 2 1 8 10 10
left_child=2 3 7 5 11 6 -2 8 -1 13 -5 -3 -8 -7
right_child=1 4 -4 10 -6 9 12 -9 -10 -11 -12 -13 -14 -15
leaf_value=-0.0043531640191670435 0.0017488202830048033 0.0036094801152487185 -0.015234422042288566 -0.0032980985359076774 0.0015036683270669164 0.00018516799873788146 -0.00051344291244273424 0.00027920693258557354 -0.0011844382030148834 0.0029054168955150303 0.0031085687918360485 0.016132305673090742 -0.0032478371912458234 -0.0072759747428509103
leaf_weight=587 539 67 50 119 7140 25276 1019 2669 12827 707 1284 51 1319 70
leaf_count=587 539 67 50 119 7140 25276 1019 2669 12827 707 1284 51 1319 70
internal_value=-3.13706e-07 0.00047479 -0.00110714 0.0001959 0.00163941 8.11175e-05 -0.00133833 -0.0010585 -0.00132467 0.000238092 0.00255404 0.00945766 -0.00205096 0.000163131
internal_weight=53724 37591 16133 30333 7258 28930 2877 16083 13414 26053 1403 118 2338 25346
internal_count=53724 37591 16133 30333 7258 28930 2877 16083 13414 26053 1403 118 2338 25346
cat_boundaries=0 1 2
cat_threshold=1284 257
is_linear=0
shrinkage=0.035


Tree=116
num_leaves=15
num_cat=1
split_feature=6 4 23 23 15 23 32 30 26 3 10 0 22 14
split_gain=21.6121 9.33453 6.33711 5.63957 5.30639 4.69502 4.52274 4.12903 4.38021 4.10745 3.54568 5.31957 3.77976 3.4409
threshold=113.10000000000001 19.050000000000004 1.9828807267754229 1.486070603787448 29.025000000000002 0.63452821575733587 0 -0.70900320270980455 220.50000000000003 24.900000000000002 1955.714285714286 6250.0000000000009 1.6251824594520763 1.3750000000000002
decision_type=10 8 10 10 2 8 1 2 2 10 8 8 10 10
left_child=1 4 6 5 13 -3 7 8 -2 -6 12 -12 -8 -1
right_child=2 3 -4 -5 9 -7 10 -9 -10 -11 11 -13 -14 -15
leaf_value=-0.004485808396398761 -0.0013832048720696559 -0.001967450411840399 0.0074334432336036127 0.0017255070718124657 -0.01521675445537337 -0.00010351847660783375 0.00128197412176317 0.00068716108460354882 -0.011452194507583046 -0.0036563960084749856 0.0028234130287553951 0.01492207257109906 -0.0051267130784853777 -0.0010813725686315086
leaf_weight=372 1022 1781 185 1925 50 22656 11886 2442 51 135 254 50 109 10806
leaf_count=372 1022 1781 185 1925 50 22656 11886 2442 51 135 254 50 109 10806
internal_value=-3.10921e-07 -0.000457465 0.00107745 -9.59332e-05 -0.0012958 -0.000239739 0.00100076 -0.00010776 -0.00191268 -0.00709904 0.00131651 0.00502258 0.00122163 -0.00119663
internal_weight=53724 37725 15999 26362 11363 24437 15814 3515 1073 185 12299 304 11995 11178
internal_count=53724 37725 15999 26362 11363 24437 15814 3515 1073 185 12299 304 11995 11178
cat_boundaries=0 1
cat_threshold=33003
is_linear=0
shrinkage=0.035


Tree=117
num_leaves=15
num_cat=3
split_feature=19 13 1 16 23 23 4 32 23 23 32 24 32 1
split_gain=20.2663 8.04659 7.41078 6.07498 5.75401 5.22844 5.08945 4.46102 5.0445 4.30902 4.45712 15.7961 4.05724 3.71405
threshold=37.01250000000001 12.050000000000002 281.00000000000006 96.072888995803538 3.2477849613045007 1.5020247908307789 4.0500000000000007 0 0.63452821575733587 0.55468373360975554 1 5.5000000000000009 2 45.050000000000004
decision_type=10 10 10 8 10 10 8 1 8 8 1 2 1 10
left_child=3 -2 5 4 6 7 -1 -3 -9 -8 11 -11 -7 -12
right_child=1 2 -4 -5 -6 12 9 8 -10 10 13 -13 -14 -15
leaf_value=-0.0023807007823180228 0.013808029502565662 0.00060578868665756491 0.0015556109487461676 -0.010527626441325993 0.0075763494265498601 0.0042685156053826369 -0.0032315728051308776 -0.0021922684596048262 -6.4854246064811132e-05 0.0023920979409012945 -0.00058945523202893037 -0.021246230345497139 0.00042050658904968421 0.0020461176398245957
leaf_weight=2335 51 12241 6790 74 95 669 755 1567 10390 86 17262 52 681 676
leaf_count=2335 51 12241 6790 74 95 669 755 1567 10390 86 17262 52 681 676
internal_value=-3.50849e-07 0.00055134 0.000528301 -0.000837814 -0.000801621 0.000255018 -0.000841005 0.000136518 -0.00034417 -0.000649505 -0.000540793 -0.00649251 0.00237073 -0.000489318
internal_weight=53724 32389 32338 21335 21261 25548 21166 24198 11957 18831 18076 138 1350 17938
internal_count=53724 32389 32338 21335 21261 25548 21166 24198 11957 18831 18076 138 1350 17938
cat_boundaries=0 1 2 3
cat_threshold=27924 1024 61000
is_linear=0
shrinkage=0.035


Tree=118
num_leaves=15
num_cat=2
split_feature=6 1 24 32 23 32 3 23 10 23 23 23 23 23
split_gain=19.1192 8.3834 6.02933 19.234 5.95041 5.75023 4.019 3.94823 4.42469 3.46251 3.40331 3.40085 4.5917 3.22067
threshold=113.10000000000001 9.0500000000000025 5.5000000000000009 0 1.6857212419431311 1 79.850000000000009 0.78338076795575651 1169.2500000000002 0.3856267347173799 2.0739180411378979 0.63452821575733587 0.13344941042644634 3.2477849613045007
decision_type=10 8 2 1 10 1 10 8 8 8 10 8 10 10
left_child=1 9 5 6 7 10 -4 -2 -9 -1 -3 12 -7 -13
right_child=4 2 3 -5 -6 11 -8 8 -10 -11 -12 13 -14 -15
leaf_value=-0.0066922973284822412 -0.00014194422745175653 0.00082941662050410657 -0.02009556555046128 -0.0010780709933887308 0.0051662632759020277 0.0080821525339375856 -0.0069431938155709461 0.0010498789624123223 0.0041846121344356578 -0.001535908113303133 0.0066763210224919031 -0.00022001931434863958 -0.002227576199962699 0.0059832602138043325
leaf_weight=160 3447 5235 78 2496 407 50 55 11570 575 5347 120 22567 1519 98
leaf_count=160 3447 5235 78 2496 407 50 55 11570 575 5347 120 22567 1519 98
internal_value=-3.28701e-07 -0.00043031 -0.00021448 -0.00181912 0.00101337 -7.16235e-05 -0.0140846 0.000903342 0.00119995 -0.00169166 0.000964745 -0.000301056 -0.0018744 -0.000191884
internal_weight=53724 37725 32218 2629 15999 29589 133 15592 12145 5507 5355 24234 1569 22665
internal_count=53724 37725 32218 2629 15999 29589 133 15592 12145 5507 5355 24234 1569 22665
cat_boundaries=0 1 2
cat_threshold=1024 19464
is_linear=0
shrinkage=0.035


Tree=119
num_leaves=15
num_cat=2
split_feature=19 1 16 13 23 23 16 0 23 24 32 16 32 1
split_gain=17.9751 8.09347 8.07113 5.57344 5.09972 4.16936 4.14991 6.98153 3.70333 3.68256 3.86674 3.48032 3.60753 3.39563
threshold=27.258333333333336 80.250000000000014 85.988299658915011 12.050000000000002 1.3980608637068686 0.3856267347173799 36.867087381973796 45.050000000000004 1.5204589447365311 1.0000000180025095e-35 0 560.35846336601708 1 39.850000000000009
decision_type=8 8 8 10 10 8 8 10 10 2 1 10 1 10
left_child=2 6 5 -3 9 -1 -2 -8 -7 10 -5 12 -11 -9
right_child=1 3 -4 4 -6 8 7 13 -10 11 -12 -13 -14 -15
leaf_value=-0.0055213305519924939 -0.00015308103769878304 0.011843157110270112 -0.014365170803762423 0.0042379098838701158 0.002255702259370758 -0.0010116843479583378 -0.010405059195877203 0.0068615245564123163 0.0010457440736070082 0.00078776445149646265 0.0011020057466259953 -0.0053410821284342099 -0.00028706476737948712 -0.002700769119198804
leaf_weight=234 13528 51 50 586 2572 14697 126 56 1152 12204 2608 123 5563 174
leaf_count=234 13528 51 50 586 2572 14697 126 56 1152 12204 2608 123 5563 174
internal_value=-3.46897e-07 0.000419058 -0.000977416 0.000812015 0.000785735 -0.000931344 -0.000251969 -0.00395553 -0.000861856 0.000605924 0.00169976 0.000410214 0.000451522 -0.000276105
internal_weight=53724 37591 16133 23707 23656 16083 13884 356 15849 21084 3194 17890 17767 230
internal_count=53724 37591 16133 23707 23656 16083 13884 356 15849 21084 3194 17890 17767 230
cat_boundaries=0 1 2
cat_threshold=1026 32020
is_linear=0
shrinkage=0.035


Tree=120
num_leaves=15
num_cat=3
split_feature=6 5 24 32 23 23 32 23 32 23 23 30 26 19
split_gain=16.9311 7.67766 6.3454 16.9345 6.06786 5.47775 4.40142 3.98232 3.83667 3.80563 5.02566 3.78759 4.08851 3.57288
threshold=113.10000000000001 7.0500000000000007 5.5000000000000009 0 1.6248060564443316 1.9828807267754229 1 0.3856267347173799 2 0.13344941042644634 0.63452821575733587 -0.70900320270980455 220.50000000000003 72.512500000000017
decision_type=10 8 2 1 10 10 1 8 1 8 8 2 2 8
left_child=1 7 4 13 6 8 -3 -1 11 -8 -11 12 -2 -4
right_child=5 2 3 -5 -6 -7 9 -9 -10 10 -12 -13 -14 -15
leaf_value=-0.010317166329576419 -0.0013555139663397832 0.00076004810157026873 -0.019460789435662519 -0.0011607560960625628 0.0020942307443103363 0.0068627420317467405 0.0084238108110924574 -0.0015827820719268883 0.0011731359615819608 -0.0021694900463276453 -0.00025469569541462924 0.00062287963825240959 -0.011083802353823557 -0.0070364945176212739
leaf_weight=60 1022 5016 73 2602 1508 185 55 4812 12299 1815 21726 2442 51 58
leaf_count=60 1022 5016 73 2602 1508 185 55 4812 12299 1815 21726 2442 51 58
internal_value=-3.34658e-07 -0.000404964 -0.000212563 -0.00182576 -6.59075e-05 0.000953593 -0.000180104 -0.00170082 0.000882317 -0.00038024 -0.000402755 -0.000138419 -0.00186717 -0.0134332
internal_weight=53724 37725 32853 2733 30120 15999 28612 4872 15814 23596 23541 3515 1073 131
internal_count=53724 37725 32853 2733 30120 15999 28612 4872 15814 23596 23541 3515 1073 131
cat_boundaries=0 1 2 3
cat_threshold=1024 19464 33003
is_linear=0
shrinkage=0.035


Tree=121
num_leaves=15
num_cat=2
split_feature=15 19 24 23 32 23 23 23 5 22 4 16 32 30
split_gain=15.95 9.09851 10.5269 6.26309 5.71581 5.71478 4.75001 4.36875 4.28971 3.95776 3.65959 4.00079 3.12441 3.0642
threshold=34.975000000000009 29.725000000000005 5.5000000000000009 1.6248060564443316 0 2.0739180411378979 0.66967604380121915 0.63452821575733587 4.4500000000000011 1.1807271279209666 495.40000000000003 364.94967701820059 1 -0.60555643346685839
decision_type=2 8 2 10 1 10 8 8 8 10 10 10 1 2
left_child=5 2 -2 4 10 6 9 -6 -8 -1 11 -3 -5 -9
right_child=1 3 -4 12 7 -7 8 13 -10 -11 -12 -13 -14 -15
leaf_value=-0.0021916449371230185 0.00038792319354028084 0.00067841364520931707 -0.017662086318476666 -0.0021248004439110364 -0.0017164198234723884 0.0033525144044988658 -0.0021693716974584363 -0.00063650147951758833 -0.00049001130594395696 -0.0099927066687572133 0.0020628236757285496 -0.0078343782965641703 0.0032904554702655126 0.00047962537011815858
leaf_weight=1768 86 13430 68 138 1745 397 2109 4342 15765 79 2628 63 1290 9816
leaf_count=1768 86 13430 68 138 1745 397 2109 4342 15765 79 2628 63 1290 9816
internal_value=-4.30233e-07 0.000466153 -0.00788699 0.000505781 0.000404413 -0.000779754 -0.000863769 -6.66042e-05 -0.000688715 -0.00255139 0.000868441 0.000635779 0.00276968 0.000137226
internal_weight=53724 33606 154 33452 32024 20118 19721 15903 17874 1847 16121 13493 1428 14158
internal_count=53724 33606 154 33452 32024 20118 19721 15903 17874 1847 16121 13493 1428 14158
cat_boundaries=0 1 2
cat_threshold=19732 385
is_linear=0
shrinkage=0.035


Tree=122
num_leaves=15
num_cat=2
split_feature=6 5 23 13 23 23 13 23 5 13 32 16 32 30
split_gain=15.0263 6.83416 4.98408 4.53792 4.08619 3.65875 4.46449 3.58529 3.51956 3.32881 3.08184 5.16959 2.95697 2.91988
threshold=113.10000000000001 19.550000000000004 1.9828807267754229 1.2250000000000003 1.8459722810627612 0.87913198361864497 3275.0000000000005 0.58652917209224187 1.9500000000000002 58.800000000000004 0 34.034296427769441 1 -0.26037106507032781
decision_type=10 10 10 10 10 8 8 8 10 8 1 10 1 2
left_child=1 3 5 8 7 -2 -7 10 -1 -6 11 -3 -11 -5
right_child=2 4 -4 13 9 6 -8 -9 -10 12 -12 -13 -14 -15
leaf_value=-0.0032731024661651733 5.1453967728292605e-05 -0.0022822971247125103 0.0065346875373721372 -0.0014554708686591487 0.0073241352877656202 0.0011424663222240909 0.011146282476457684 6.3095952955234851e-06 -0.013475368529835946 -0.0028841847013867158 0.00039065242248499627 -0.01155667422633865 0.0029592930466784519 -0.00043280895498266502
leaf_weight=171 5038 699 185 6466 144 10726 50 21905 52 136 451 78 356 7267
leaf_count=171 5038 699 185 6466 144 10726 50 21905 52 136 451 78 356 7267
internal_value=-5.20166e-07 -0.000381709 0.000898146 -0.00099634 -2.06937e-05 0.000830162 0.00119403 -9.70548e-05 -0.00589545 0.00273585 -0.00193341 -0.00323982 0.00133277 -0.00091467
internal_weight=53724 37725 15999 13956 23769 15814 10776 23133 223 636 1228 777 492 13733
internal_count=53724 37725 15999 13956 23769 15814 10776 23133 223 636 1228 777 492 13733
cat_boundaries=0 1 2
cat_threshold=4843 33173
is_linear=0
shrinkage=0.035


Tree=123
num_leaves=15
num_cat=0
split_feature=4 14 1 23 23 5 5 16 10 0 22 20 24 16
split_gain=14.058 6.81298 6.19982 5.61171 5.14484 4.96905 4.9654 4.66725 3.61395 4.84562 3.15994 3.14159 2.97228 2.94523
threshold=50.050000000000004 108.22500000000001 78.200000000000017 2.0739180411378979 2.0739180411378979 7.0500000000000007 87.050000000000011 7.5277265270907661 1955.714285714286 6250.0000000000009 1.5858780692660879 1492.6785714285718 1.0000000180025095e-35 141.35398063537818
decision_type=8 10 8 10 10 8 10 8 8 8 10 10 2 8
left_child=1 4 13 8 5 7 -3 -1 12 -10 -5 -6 -4 -2
right_child=2 6 3 10 11 -7 -8 -9 9 -11 -12 -13 -14 -15
leaf_value=-0.0015146231559561793 -0.00038337470446768879 -0.013245532579810568 0.0016386755758330375 0.010306798889148004 -0.002685329693451559 -0.00039433759983986655 -0.00093881988310961714 -0.0091716953337658211 0.0020998719024815896 0.012103509978329142 0.0029917743963126082 0.004563743711361418 0.00049307301774307558 -0.0083088107817557433
leaf_weight=4355 6120 85 3255 98 88 19811 74 95 299 70 267 361 18693 53
leaf_count=4355 6120 85 3255 98 88 19811 74 95 299 70 267 361 18693 53
internal_value=-5.17835e-07 -0.000610308 0.000525051 0.000792659 -0.000562999 -0.000631959 -0.00772113 -0.0016882 0.000721606 0.00413402 0.00506855 0.00312906 0.000663306 -0.00045809
internal_weight=53724 24869 28855 22682 24710 24261 159 4450 22317 369 365 449 21948 6173
internal_count=53724 24869 28855 22682 24710 24261 159 4450 22317 369 365 449 21948 6173
is_linear=0
shrinkage=0.035


Tree=124
num_leaves=15
num_cat=3
split_feature=6 1 24 32 32 23 26 32 23 1 3 26 22 3
split_gain=13.2362 6.11767 5.11289 16.4865 4.61878 4.54313 3.56109 3.37511 3.72661 3.70516 3.74419 5.51501 3.33093 3.28972
threshold=113.10000000000001 9.0500000000000025 5.5000000000000009 0 1 1.6857212419431311 232.50000000000003 2 0.65676634018723934 450.50000000000006 200.75000000000003 203.50000000000003 0.47837056999104616 79.850000000000009
decision_type=10 8 2 1 1 10 2 1 10 10 8 2 10 10
left_child=1 -1 4 13 -3 6 7 8 9 10 -2 -12 -8 -4
right_child=5 2 3 -5 -6 -7 12 -9 -10 -11 11 -13 -14 -15
leaf_value=-0.0014357700337384164 -0.0014156438832227669 0.0008864530484178105 -0.018473433683155082 -0.0009658351040527695 -0.00024799542953623849 0.0044715620010997428 0.009165314045734705 0.0007586333369240506 0.00034477730073840249 0.0031154111347471676 -0.0039835867345407242 -0.016293600964169444 0.0014583491979807577 -0.0065286122599160692
leaf_weight=5507 577 5355 78 2496 24234 407 65 8387 1708 130 269 50 4406 55
leaf_count=5507 577 5355 78 2496 24234 407 65 8387 1708 130 269 50 4406 55
internal_value=-5.07674e-07 -0.000358271 -0.000173901 -0.00165157 -4.23528e-05 0.000842933 0.000746811 0.000411079 -0.000654919 -0.00231908 -0.00312048 -0.00613472 0.00158051 -0.0130068
internal_weight=53724 37725 32218 2629 29589 15999 15592 11121 2734 1026 896 319 4471 133
internal_count=53724 37725 32218 2629 29589 15999 15592 11121 2734 1026 896 319 4471 133
cat_boundaries=0 1 2 3
cat_threshold=1024 19464 41161
is_linear=0
shrinkage=0.035


Tree=125
num_leaves=15
num_cat=1
split_feature=15 19 24 16 1 23 16 4 5 23 32 26 23 19
split_gain=12.5077 7.97854 9.40971 5.62001 4.99305 4.91552 4.39495 3.93797 3.69143 3.36404 3.62219 3.51257 3.09477 6.88195
threshold=34.975000000000009 29.725000000000005 5.5000000000000009 0.41403933560655665 431.00000000000006 2.0739180411378979 26.281057558205347 15.050000000000002 4.4500000000000011 1.6248060564443316 0 233.50000000000003 0.65676634018723934 387.56250000000006
decision_type=2 8 2 10 10 10 8 10 8 10 1 2 10 10
left_child=5 2 -2 -3 9 6 8 -8 -1 10 -5 12 13 -12
right_child=1 3 -4 4 -6 -7 7 -9 -10 -11 11 -13 -14 -15
leaf_value=-0.0020335762429310464 0.00041144806345423256 0.011629333415026356 -0.01665143947104273 0.00057423651312072668 0.0015969259190835498 0.0031416409307059071 -0.013874031836488124 -0.0022016931618061646 -0.00054561079550716532 0.0021867905877523065 -0.0010682781306092641 0.00065057772776632426 -0.00016233540662186733 -0.0077545132471001635
leaf_weight=2313 86 50 68 14987 3962 397 53 97 17258 1080 2702 3995 6478 198
leaf_count=2313 86 50 68 14987 3962 397 53 97 17258 1080 2702 3995 6478 198
internal_value=-5.82019e-07 0.000412596 -0.00740952 0.000449708 0.000431235 -0.000690704 -0.000768629 -0.00664043 -0.000721941 0.000274113 0.000200902 -0.000217815 -0.000588129 -0.00153735
internal_weight=53724 33606 154 33452 33402 20118 19721 150 19571 29440 28360 13373 9378 2900
internal_count=53724 33606 154 33452 33402 20118 19721 150 19571 29440 28360 13373 9378 2900
cat_boundaries=0 1
cat_threshold=27924
is_linear=0
shrinkage=0.035


Tree=126
num_leaves=15
num_cat=2
split_feature=1 4 16 23 13 16 32 32 23 23 2 0 16 0
split_gain=11.7778 5.44786 5.13437 4.4021 6.27556 5.03314 4.37441 3.98037 4.38198 3.80545 3.62886 3.4666 7.12874 5.91623
threshold=51.850000000000001 10.100000000000001 8.6583293230653382 1.210564017493591 1202.5000000000002 560.35846336601708 0 1 2.0739180411378979 2.1938679142639539 128.20000000000002 124.25000000000001 26.281057558205347 45.050000000000004
decision_type=8 8 8 8 8 10 1 1 10 10 10 10 8 10
left_child=11 2 -2 5 7 6 -3 9 -9 10 -5 12 -1 -14
right_child=1 3 -4 4 -6 -7 -8 8 -10 -11 -12 -13 13 -15
leaf_value=-0.00057639336205404584 -0.0012288515422792491 0.00085602608881059632 -0.01015358545254875 -0.0017893826042778057 0.0049934034321678939 -0.0068660385211257871 -0.0001868753331179217 0.0010111515437184401 0.0044737685376781315 -0.0088185283513334805 0.0019400123290958507 0.0073278569919404705 -0.010247948968650949 0.00038436931758144196
leaf_weight=21654 1151 8672 80 846 481 117 11376 7976 470 64 507 62 166 102
leaf_count=21654 1151 8672 80 846 481 117 11376 7976 470 64 507 62 166 102
internal_value=-6.36406e-07 0.000430626 -0.00184758 0.000522836 0.00110966 0.000221614 0.000264679 0.000917824 0.00120495 -0.000794663 -0.000389896 -0.000623239 -0.000647393 -0.00626839
internal_weight=53724 31740 1231 30509 10344 20165 20048 9863 8446 1417 1353 21984 21922 268
internal_count=53724 31740 1231 30509 10344 20165 20048 9863 8446 1417 1353 21984 21922 268
cat_boundaries=0 1 2
cat_threshold=11524 33025
is_linear=0
shrinkage=0.035


Tree=127
num_leaves=15
num_cat=5
split_feature=6 23 7 32 13 16 23 23 22 22 32 32 32 33
split_gain=11.1736 5.42403 5.57656 5.42174 4.27121 4.04678 3.70896 3.70079 3.64359 3.46735 3.1613 3.07644 2.91855 2.83536
threshold=113.10000000000001 1.2548181698727643 5.4587121212121223 0 3275.0000000000005 2.0843292429003371 1.1677313805959531 0.63452821575733587 0.87476551624994314 0.99452434828071268 1 2 3 4
decision_type=10 10 2 1 8 8 10 8 10 10 1 1 1 1
left_child=1 2 5 13 6 -1 12 11 -8 -9 -11 -4 -2 -3
right_child=4 3 7 -5 -6 -7 8 9 -10 10 -12 -13 -14 -15
leaf_value=-0.0018248347798910922 -0.00065862776125206524 0.0015234771867802014 -2.2718888870491187e-05 0.0012168125470970227 0.0090539783701349633 -0.010684236033533055 0.0096701630621424169 0.00013395947223641491 0.0016786657740494077 -0.0013468909381346541 -0.00022041946736176202 -0.0026148684944439738 0.00072377716133172445 -0.0019852407383813223
leaf_weight=2612 2249 358 888 4629 71 60 67 13682 2751 5053 7712 1540 10861 1191
leaf_count=2612 2249 358 888 4629 71 60 67 13682 2751 5053 7712 1540 10861 1191
internal_value=-6.71268e-07 -0.00032938 -0.0005151 0.000618621 0.00077427 -0.00204336 0.000734533 -0.00037335 0.00188546 -0.000253127 -0.000667911 -0.00167967 0.000486517 -0.00116748
internal_weight=53724 37725 31547 6178 15999 2672 15928 28875 2818 26447 12765 2428 13110 1549
internal_count=53724 37725 31547 6178 15999 2672 15928 28875 2818 26447 12765 2428 13110 1549
cat_boundaries=0 1 2 3 4 5
cat_threshold=263 33943 58636 32968 8
is_linear=0
shrinkage=0.035


Tree=128
num_leaves=15
num_cat=4
split_feature=4 24 32 23 32 22 32 32 23 23 2 28 5 16
split_gain=10.555 5.42795 12.0085 6.56166 5.24005 4.39586 4.55353 4.22235 3.80071 3.21267 3.16863 3.06644 2.73764 6.02675
threshold=27.550000000000004 5.5000000000000009 0 1.3980608637068686 1 0.94889526464176621 2 3 0.78720956856955071 0.3856267347173799 971.00000000000011 1.0000000180025095e-35 4.0500000000000007 12.149857925878697
decision_type=8 2 1 10 1 10 1 1 8 8 10 2 10 8
left_child=7 3 -3 4 -2 -5 -7 11 -6 -9 -4 -1 13 -11
right_child=1 2 10 5 8 6 -8 9 -10 12 -12 -13 -14 -15
leaf_value=-0.001431942770927767 0.0010767612190769557 -0.0085621745596795688 -0.00065417885191975701 0.011395453108047758 -0.00082444737153862557 0.003302803140747536 0.000539493984634973 -0.0046384935733862227 0.00026282828952481818 -0.0013523446307720972 0.0058770386175998057 -0.011679650996393787 -0.00040180153135403377 -0.013050225276838651
leaf_weight=69 7870 227 2865 55 4973 1342 1618 245 18854 3092 89 73 12302 50
leaf_count=69 7870 227 2865 55 4973 1342 1618 245 18854 3092 89 73 12302 50
internal_value=-6.547e-07 0.000316438 -0.00106626 0.000443283 0.000294708 0.00200219 0.00180873 -0.000759507 3.57596e-05 -0.000701131 -0.000446296 -0.00647756 -0.000637643 -0.00155894
internal_weight=53724 37893 3181 34712 31697 3015 2960 15831 23827 15689 2954 142 15444 3142
internal_count=53724 37893 3181 34712 31697 3015 2960 15831 23827 15689 2954 142 15444 3142
cat_boundaries=0 1 2 3 4
cat_threshold=1024 3328 19657 1280
is_linear=0
shrinkage=0.035


Tree=129
num_leaves=15
num_cat=2
split_feature=6 24 32 1 23 13 0 23 23 22 32 16 1 19
split_gain=10.0386 5.08293 13.829 5.45831 4.72875 3.94993 3.73941 3.45765 3.33659 5.63818 3.89523 3.20155 3.10561 2.86659
threshold=113.10000000000001 5.5000000000000009 0 20.100000000000005 0.3856267347173799 3275.0000000000005 4.9500000000000011 2.369857963854511 0.90200648767057934 0.85245708137896881 1 74.206917916503258 441.50000000000006 77.550000000000026
decision_type=10 2 1 10 8 8 10 10 10 10 1 8 10 8
left_child=1 3 13 4 -1 8 -6 -8 10 -10 12 -4 -2 -3
right_child=5 2 11 -5 6 -7 7 -9 9 -11 -12 -13 -14 -15
leaf_value=-0.0048417043589531203 -0.001980570454431676 -0.017303697353615088 -0.00098115864809055365 0.00021149503435896486 -0.0014536514126567189 0.0086959645802486014 -0.00031497745448610465 0.0051250450260744524 0.0053787104838675208 0.00098395107863838102 0.00057042972188767606 -0.0095143071068027486 0.0026330970747122833 -0.0061793355209577346
leaf_weight=321 1371 77 2825 18788 4343 71 11125 140 370 7877 6109 50 201 56
leaf_count=321 1371 77 2825 18788 4343 71 11125 140 370 7877 6109 50 201 56
internal_value=-7.21119e-07 -0.000312288 -0.00169127 -0.000192581 -0.0006691 0.000733809 -0.000581762 -0.000245126 0.000695599 0.00118426 0.0001705 -0.00114186 -0.00137545 -0.0121341
internal_weight=53724 37725 3008 34717 15929 15999 15608 11265 15928 8247 7681 2875 1572 133
internal_count=53724 37725 3008 34717 15929 15999 15608 11265 15928 8247 7681 2875 1572 133
cat_boundaries=0 1 2
cat_threshold=1024 32968
is_linear=0
shrinkage=0.035


Tree=130
num_leaves=15
num_cat=2
split_feature=1 19 13 24 32 23 26 23 16 4 0 14 32 29
split_gain=9.50716 4.53736 5.6045 3.8727 11.1799 4.50713 3.38353 4.65076 3.34183 6.27569 4.32072 3.34122 3.33198 4.04102
threshold=51.850000000000001 21.512500000000006 8.9750000000000014 5.5000000000000009 0 2.0739180411378979 248.50000000000003 2.0739180411378979 14.719601443879846 17.050000000000004 47.050000000000004 1.3750000000000002 1 0.60555468348150676
decision_type=8 8 10 2 1 10 2 10 10 8 10 10 1 2
left_child=6 11 -3 5 -5 -4 8 -8 -1 -10 -11 -2 -7 -14
right_child=1 2 3 4 -6 12 7 -9 9 10 -12 -13 13 -15
leaf_value=-0.0007062827989318016 -0.008053144792026682 0.010540739664472366 0.00053769513515473022 -0.0081309064751830251 -8.2485932692762752e-05 0.0066521785712039512 3.0880612473682572e-05 0.0069675928741272097 -0.013351119660786285 -0.0045230771968914054 0.0011381732602991125 -0.0008532868686674885 -0.0032939995540073146 0.0052427295247909926
leaf_weight=15628 77 63 26455 219 2207 244 5513 116 62 377 288 2213 133 129
leaf_count=15628 77 63 26455 219 2207 244 5513 116 62 377 288 2213 133 129
internal_value=-7.53953e-07 0.000386712 0.000503451 0.000480143 -0.000858048 0.000600693 -0.00056013 0.000179886 -0.000814803 -0.00312685 -0.00208109 -0.0011124 0.00385688 0.00089514
internal_weight=53724 31740 29450 29387 2426 26961 21984 5629 16355 727 665 2290 506 262
internal_count=53724 31740 29450 29387 2426 26961 21984 5629 16355 727 665 2290 506 262
cat_boundaries=0 1 2
cat_threshold=1024 30280
is_linear=0
shrinkage=0.035


Tree=131
num_leaves=15
num_cat=1
split_feature=6 24 32 1 23 23 0 23 16 26 22 24 19 23
split_gain=8.97505 4.64003 12.5401 4.94316 4.37061 3.69356 3.40326 3.1463 3.02591 2.9891 3.14171 2.83962 2.81733 2.74308
threshold=113.10000000000001 5.5000000000000009 0 20.100000000000005 0.3856267347173799 1.9828807267754229 4.9500000000000011 2.369857963854511 74.206917916503258 232.50000000000003 0.47837056999104616 1.5000000000000002 50.025000000000006 0.51811528013180297
decision_type=10 2 1 10 8 10 10 10 8 2 10 2 8 8
left_child=1 3 12 4 -1 9 -6 -8 -4 13 -11 -5 -3 -2
right_child=5 2 8 11 6 -7 7 -9 -10 10 -12 -13 -14 -15
leaf_value=-0.0046459318663734294 -0.0014850976809679063 -0.017809724778670707 -0.00093343343444172392 0.00092449880056395502 -0.0013822809392478859 0.0055457266468472788 -0.00029599217394535836 0.004893318572832304 -0.0092289566629174691 0.0087556532863527544 0.0012740718823878814 -5.3177500778609257e-05 -0.006948287979784337 0.00049288128462758455
leaf_weight=321 932 61 2825 4930 4343 185 11125 140 50 65 4501 13858 72 10316
leaf_count=321 932 61 2825 4930 4343 185 11125 140 50 65 4501 13858 72 10316
internal_value=-7.63414e-07 -0.000295363 -0.0016129 -0.000180992 -0.000634467 0.000693767 -0.000550504 -0.000229358 -0.00108969 0.000635271 0.00139004 0.000203544 -0.0115572 0.000328401
internal_weight=53724 37725 3008 34717 15929 15999 15608 11265 2875 15814 4566 18788 133 11248
internal_count=53724 37725 3008 34717 15929 15999 15608 11265 2875 15814 4566 18788 133 11248
cat_boundaries=0 1
cat_threshold=1024
is_linear=0
shrinkage=0.035


Tree=132
num_leaves=15
num_cat=3
split_feature=5 24 32 7 16 3 23 23 8 32 32 22 23 10
split_gain=8.47977 4.52156 11.2938 4.84945 6.11175 3.73271 3.7021 3.4859 3.35799 3.26144 3.00058 3.52312 2.96388 2.83601
threshold=139.10000000000002 5.5000000000000009 0 19.256712962962968 13.801311186842909 79.850000000000009 1.7985845743171256 2.0739180411378979 122.68014873342049 1 2 1.5512541582449924 0.51811528013180297 53.44166666666667
decision_type=10 2 1 2 8 10 10 10 2 1 1 8 8 10
left_child=1 3 5 4 -1 -3 12 9 -9 -5 11 -4 -2 -14
right_child=6 2 10 7 -6 -7 -8 8 -10 -11 -12 -13 13 -15
leaf_value=-0.00069343974103119096 -0.0012043690623342893 -0.016051803811727203 -0.0019387236797226185 0.0014160223734860423 -0.0096120812993398634 -0.0048290492603967937 0.0047885972362695243 0.0040807437629372285 -0.0048680036411604894 -5.9970911786304719e-05 -0.00010416825965538019 -0.010948465192414006 0.008346156236394996 0.00077726350467436246
leaf_weight=10673 955 80 1196 1973 90 74 268 429 54 23650 1813 51 56 12362
leaf_count=10673 955 80 1196 1973 90 74 268 429 54 23650 1813 51 56 12362
internal_value=-8.04757e-07 -0.00025733 -0.00151533 -0.000147476 -0.000772446 -0.0103308 0.000752794 0.000110286 0.00304064 5.44655e-05 -0.00101852 -0.00233084 0.000670155 0.000814741
internal_weight=53724 40083 3214 36869 10763 154 13641 26106 483 25623 3060 1247 13373 12418
internal_count=53724 40083 3214 36869 10763 154 13641 26106 483 25623 3060 1247 13373 12418
cat_boundaries=0 1 2 3
cat_threshold=1024 3072 41000
is_linear=0
shrinkage=0.035


Tree=133
num_leaves=15
num_cat=1
split_feature=1 4 13 16 4 16 23 26 23 16 4 0 24 32
split_gain=8.00799 3.9925 5.94807 4.65938 3.50365 4.65929 3.44482 3.12767 4.26994 3.13423 5.69038 3.97974 3.03791 7.63308
threshold=51.850000000000001 495.40000000000003 140.07500000000002 560.35846336601708 10.100000000000001 8.6583293230653382 0.68949216527613888 248.50000000000003 2.0739180411378979 14.719601443879846 17.050000000000004 47.050000000000004 5.5000000000000009 0
decision_type=8 10 10 10 8 8 8 2 10 10 8 10 2 1
left_child=7 3 -3 4 5 -2 -4 9 -9 -1 -11 -12 -6 -14
right_child=1 2 6 -5 12 -7 -8 8 -10 10 11 -13 13 -15
leaf_value=-0.00065402365006913784 -0.0010024484972047984 0.012856145764785736 -0.0010741149580980201 -0.00987521993694827 0.00042556480530412581 -0.0095021627220215621 0.0017398666921292555 5.4420979799964304e-05 0.0067010982516837458 -0.012734219424648962 -0.0043457836825254318 0.0010875442770703892 -0.0077238591480749833 -0.0003008909492362263
leaf_weight=15628 1151 50 641 51 24549 80 3072 5513 116 62 377 288 171 1975
leaf_count=15628 1151 50 641 51 24549 80 3072 5513 116 62 377 288 171 1975
internal_value=-8.69085e-07 0.000354738 0.0014243 0.000210649 0.000230833 -0.00159103 0.00125328 -0.000514251 0.000197218 -0.000759107 -0.00299813 -0.00200215 0.000315128 -0.000946263
internal_weight=53724 31740 3763 27977 27926 1231 3713 21984 5629 16355 727 665 26695 2146
internal_count=53724 31740 3763 27977 27926 1231 3713 21984 5629 16355 727 665 26695 2146
cat_boundaries=0 1
cat_threshold=1024
is_linear=0
shrinkage=0.035


Tree=134
num_leaves=15
num_cat=0
split_feature=15 10 16 23 2 1 30 19 10 26 0 23 16 22
split_gain=7.5189 5.72364 5.50249 4.99402 4.57652 4.21809 3.93562 3.93469 3.10249 2.87186 2.86354 2.73411 3.30586 2.88118
threshold=129.75000000000003 54.183333333333344 96.072888995803538 3.2477849613045007 80.15000000000002 9.0500000000000025 0.11478523713130605 103.06250000000001 11.658333333333335 233.50000000000003 10.100000000000001 1.2813114628272821 560.35846336601708 0.9577047827369839
decision_type=2 10 8 10 8 8 2 8 10 2 10 10 10 10
left_child=2 -2 3 5 -4 8 -6 -3 -1 -7 -10 12 -9 -13
right_child=1 7 4 -5 6 9 -8 11 10 -11 -12 13 -14 -15
leaf_value=-0.00098702040325672914 0.011728751115999268 -0.0082578471992317531 -0.013726073162009321 0.0069299963237512315 0.0015529429609258032 -0.00032508721010072962 -0.0093267532314102244 0.00052519785631619236 -0.009498632034734434 0.00037879606801181605 -0.0010137445111526179 0.0096912407337367765 -0.0047187255039629877 0.0016210679398091759
leaf_weight=5292 52 56 58 114 106 22245 60 12961 98 10424 95 51 144 1968
leaf_count=5292 52 56 58 114 106 22245 60 12961 98 10424 95 51 144 1968
internal_value=-9.70244e-07 0.000657118 -0.00026144 -0.00022904 -0.00567076 -0.000251335 -0.00253721 0.000615342 -0.00114899 -0.000100469 -0.0054532 0.000650916 0.000465799 0.00184836
internal_weight=53724 15232 38492 38268 224 38154 166 15180 5485 32669 193 15124 13105 2019
internal_count=53724 15232 38492 38268 224 38154 166 15180 5485 32669 193 15124 13105 2019
is_linear=0
shrinkage=0.035


Tree=135
num_leaves=15
num_cat=3
split_feature=4 23 22 32 32 32 23 23 19 24 16 13 23 29
split_gain=7.11066 4.26821 6.94837 6.27787 4.46177 3.42247 3.25 3.16566 3.1328 2.9718 2.73567 2.79205 2.54539 2.53042
threshold=27.550000000000004 1.2548181698727643 0.91943273698139838 0 1 2 0.63452821575733587 2.6436217829168225 21.512500000000006 1.5000000000000002 560.35846336601708 1627.5000000000002 0.55468373360975554 0.84313847884979054
decision_type=8 10 10 1 1 1 8 10 8 2 10 8 8 2
left_child=5 4 -3 -4 8 -1 -6 -5 -2 -8 11 -10 -7 -12
right_child=1 2 3 7 6 12 9 -9 10 -11 13 -13 -14 -15
leaf_value=-0.0057707592341596581 -0.0051651022186240143 0.0092857720442568979 -0.00301568920914864 0.0011465299821623342 -0.0016004624897517814 -0.0025916588462225319 0.00060189505193890042 0.0057700494628106424 0.00056922805001405916 -0.0004458763020909279 4.6218308554579141e-05 0.0043916272213198899 -0.00047319684056852088 -0.0094948603223181452
leaf_weight=142 112 121 432 4779 2015 724 4906 184 14773 10206 74 233 14965 58
leaf_count=142 112 121 432 4779 2015 724 4906 184 14773 10206 74 233 14965 58
internal_value=-9.8653e-07 0.000259277 0.00115876 0.00096806 0.000105878 -0.000623837 -0.000281757 0.00132092 0.000541003 -0.000105638 0.000585269 0.000630022 -0.000571388 -0.0043396
internal_weight=53724 37893 5516 5395 32377 15831 17127 4963 15250 15112 15138 15006 15689 132
internal_count=53724 37893 5516 5395 32377 15831 17127 4963 15250 15112 15138 15006 15689 132
cat_boundaries=0 1 2 3
cat_threshold=256 19732 1280
is_linear=0
shrinkage=0.035


Tree=136
num_leaves=15
num_cat=1
split_feature=6 23 23 5 16 2 32 8 26 22 30 23 22 23
split_gain=6.82222 4.13172 3.8185 3.61317 3.48223 3.27263 3.18179 3.01794 2.56839 2.66413 2.24113 3.16672 2.49245 2.18861
threshold=145.10000000000002 0.63452821575733587 1.7985845743171256 18.050000000000004 102.04737356046353 200.75000000000003 0 71.752494619095245 232.50000000000003 0.47837056999104616 -0.26037106507032781 1.2216780188143184 0.98262554735602625 1.8459722810627612
decision_type=10 8 10 10 8 10 1 2 2 10 2 10 10 10
left_child=1 6 8 4 10 -4 7 -1 -2 -10 12 -12 -3 -5
right_child=2 3 5 13 -6 -7 -8 -9 9 -11 11 -13 -14 -15
leaf_value=0.0049919263692834136 0.00030179056604069351 -0.00020261550551557768 0.011629883168977413 6.3427864825521581e-05 -0.009017904941458257 0.0023992315151263031 -0.0018144238754966291 -0.0039855862825152145 0.0087278971391109138 0.0012801666702612717 -0.00057938597692929958 0.0011461826246726842 -0.0016545552213486797 0.0020454460946126461
leaf_weight=162 8931 2464 63 24562 55 165 2709 59 55 3585 4939 1764 3514 697
leaf_count=162 8931 2464 63 24562 55 165 2709 59 55 3585 4939 1764 3514 697
internal_value=-1.03121e-06 -0.000221607 0.000704075 -0.000123854 -0.000604395 0.00514464 -0.00148685 0.00245159 0.000621523 0.00140452 -0.000564364 -0.00012476 -0.00105677 0.000118514
internal_weight=53724 40925 12799 37995 12736 228 2930 221 12571 3640 12681 6703 5978 25259
internal_count=53724 40925 12799 37995 12736 228 2930 221 12571 3640 12681 6703 5978 25259
cat_boundaries=0 1
cat_threshold=1280
is_linear=0
shrinkage=0.035


Tree=137
num_leaves=15
num_cat=2
split_feature=5 24 32 1 3 16 0 23 22 19 32 1 22 23
split_gain=6.43146 4.61818 11.2543 4.39524 4.53657 4.20688 3.70039 3.51523 4.92049 3.19929 3.06132 2.46582 2.42088 3.33064
threshold=210.60000000000002 5.5000000000000009 0 52.550000000000004 49.050000000000004 81.497023575635339 149.75000000000003 1.1755379800227557 0.89171240717367717 50.025000000000006 1 1.0500000000000003 0.97543190900335597 0.70790020239852625
decision_type=10 2 1 10 8 8 8 10 10 8 1 8 8 8
left_child=1 3 9 10 6 -4 -5 -2 -9 -3 -1 -12 -13 -14
right_child=7 2 5 4 -6 -7 -8 8 -10 -11 11 12 13 -15
leaf_value=0.00021170111815928407 0.00051194845917846199 -0.016461527329079358 -0.00075162267502147618 0.0017139215847838962 0.00027483997232384636 -0.010428743351367302 0.0074379838666599777 0.012589703086975285 0.0019218682353120474 -0.0063034303901434623 -0.0054895368921570485 -0.00013876221869910427 -0.0046343301163459857 -0.00082834688312824099
leaf_weight=8589 7961 61 3329 657 12824 51 172 50 1614 117 120 8809 286 9084
leaf_count=8589 7961 61 3329 657 12824 51 172 50 1614 117 120 8809 286 9084
internal_value=-9.57001e-07 -0.000179883 -0.00138799 -7.36975e-05 0.000437623 -0.000910138 0.00293902 0.000818496 0.00227917 -0.00961388 -0.000333366 -0.000588985 -0.00055546 -0.000946926
internal_weight=53724 44099 3558 40541 13653 3380 829 9625 1664 178 26888 18299 18179 9370
internal_count=53724 44099 3558 40541 13653 3380 829 9625 1664 178 26888 18299 18179 9370
cat_boundaries=0 1 2
cat_threshold=1024 29736
is_linear=0
shrinkage=0.035


Tree=138
num_leaves=15
num_cat=3
split_feature=5 23 32 19 16 23 24 32 32 23 29 13 4 23
split_gain=6.01289 3.83592 5.14879 4.15759 3.93364 3.04248 2.77464 3.95694 3.75497 2.8661 2.72077 2.71089 5.27913 2.543
threshold=139.10000000000002 1.2548181698727643 0 4.1375000000000011 1.8348478592697919 1.7985845743171256 4.5000000000000009 1 2 0.66967604380121915 0.94425825643485939 300.25000000000006 186.50000000000003 0.51811528013180297
decision_type=10 10 1 8 8 10 2 1 1 8 2 8 10 8
left_child=1 3 10 4 -1 13 8 -8 -5 -9 -3 -4 -13 -2
right_child=5 2 11 6 -6 -7 7 9 -10 -11 -12 12 -14 -15
leaf_value=-0.0017379565802421487 -0.0011775097754439989 -0.0016573256246206675 0.0013165850458353538 -0.00053863713832274607 -0.011111852456202829 0.0042921000365197708 -0.002070382495897262 -0.0027531257772407669 0.00032303964296050939 -2.4315185935498081e-05 0.0025658638139287831 -0.010669802517488438 0.0017035959779414945 0.00069264444335157091
leaf_weight=1630 955 1444 4580 12172 52 268 2308 523 12587 4407 210 64 106 12418
leaf_count=1630 955 1444 4580 12172 52 268 2308 523 12587 4407 210 64 106 12418
internal_value=-9.88487e-07 -0.000217002 0.000567892 -0.00036631 -0.00205983 0.000633596 -0.000276978 -0.000879529 -0.000100687 -0.000315658 -0.00110833 0.00115203 -0.00312638 0.000558702
internal_weight=53724 40083 6404 33679 1682 13641 31997 7238 24759 4930 1654 4750 170 13373
internal_count=53724 40083 6404 33679 1682 13641 31997 7238 24759 4930 1654 4750 170 13373
cat_boundaries=0 1 2 3
cat_threshold=263 33834 33493
is_linear=0
shrinkage=0.035


Tree=139
num_leaves=15
num_cat=0
split_feature=4 14 5 23 23 1 16 13 3 4 20 16 1 23
split_gain=5.68647 6.44003 4.36614 3.71363 3.3414 2.92642 2.94387 4.08841 3.59832 2.89985 2.87934 2.76981 4.34165 2.34627
threshold=50.050000000000004 108.22500000000001 87.050000000000011 1.5389900385948792 2.0739180411378979 47.050000000000004 560.35846336601708 1757.5000000000002 4250.0000000000009 4.0500000000000007 1492.6785714285718 1.75119007154183 1.4500000000000002 0.20512848593319441
decision_type=8 10 10 10 10 8 10 8 8 10 10 8 10 10
left_child=1 4 -3 5 9 13 7 -7 -9 11 -6 -1 -13 -2
right_child=3 2 -4 -5 10 6 -8 8 -10 -11 -12 12 -14 -15
leaf_value=-0.0011964405774879362 -0.0031765572121657268 -0.012482521383505731 -0.00093782181494951827 0.0019758706065489207 -0.0029223030155289278 0.00032831466758530644 -0.0043247924423041872 0.002564097582250817 0.012467476989227263 -0.00027454275604012267 0.0040077773393230398 -0.013897786274552347 -0.0023060527196988312 -0.00039554848018309241
leaf_weight=2097 456 85 74 1588 88 24404 159 271 50 21963 361 50 151 1927
leaf_count=2097 456 85 74 1588 88 24404 159 271 50 21963 361 50 151 1927
internal_value=-1.03669e-06 -0.000388865 -0.00730192 0.000333227 -0.000342914 0.000237217 0.00034947 0.000380398 0.00427424 -0.000398508 0.00263232 -0.00158013 -0.00545691 -0.000933246
internal_weight=53724 24869 159 28855 24710 27267 24884 24725 321 24261 449 2298 201 2383
internal_count=53724 24869 159 28855 24710 27267 24884 24725 321 24261 449 2298 201 2383
is_linear=0
shrinkage=0.035


Tree=140
num_leaves=15
num_cat=3
split_feature=5 24 32 16 23 32 5 23 22 16 32 19 24 22
split_gain=5.45201 4.20966 10.4622 3.93269 3.7614 5.52485 3.91299 3.11843 4.64166 3.02848 3.09365 2.97224 2.90194 3.76236
threshold=210.60000000000002 5.5000000000000009 0 81.497023575635339 1.2548181698727643 1 6.5500000000000007 1.1755379800227557 0.89171240717367717 289.92780657938982 2 50.025000000000006 1.5000000000000002 1.5512541582449924
decision_type=10 2 1 8 10 1 8 10 10 10 1 8 2 10
left_child=1 4 11 -4 6 -6 -1 -2 -9 10 -8 -3 13 -12
right_child=7 2 3 -5 5 -7 9 8 -10 -11 12 -13 -14 -15
leaf_value=-0.0013593237101380132 0.00046469848401083178 -0.015848623950344823 -0.00070537633785214965 -0.010061650272400585 -0.0012654874390497825 0.001243136536728584 -0.0005298578296844313 0.012141944153488361 0.0017824382339327208 -0.0073085657451432999 0.00069337903351239353 -0.0060595632816729771 -0.00010428153282252742 0.0072837464154171935
leaf_weight=3278 7961 61 3329 51 1353 5058 11366 50 1614 66 6330 117 12987 103
leaf_count=3278 7961 61 3329 51 1353 5058 11366 50 1614 66 6330 117 12987 103
internal_value=-1.0674e-06 -0.000165806 -0.00131924 -0.000858668 -6.44271e-05 0.000713099 -0.000210561 0.000753413 0.00212916 -8.83056e-05 -7.16423e-05 -0.00925013 0.000196778 0.000804474
internal_weight=53724 44099 3558 3380 40541 6411 34130 9625 1664 30852 30786 178 19420 6433
internal_count=53724 44099 3558 3380 40541 6411 34130 9625 1664 30852 30786 178 19420 6433
cat_boundaries=0 1 2 3
cat_threshold=1024 259 33365
is_linear=0
shrinkage=0.035


Tree=141
num_leaves=15
num_cat=3
split_feature=6 23 13 32 26 16 22 23 2 32 8 23 22 32
split_gain=5.14678 3.56816 3.55749 2.93301 2.8934 3.84843 3.15499 2.94299 2.99903 2.8564 2.75988 2.55231 4.04193 2.60906
threshold=145.10000000000002 0.63452821575733587 3275.0000000000005 0 244.50000000000003 239.98137122318215 0.80305410630835461 2.0739180411378979 24.100000000000005 1 71.752494619095245 0.90726705629918081 0.84960516535972708 2
decision_type=10 8 8 1 2 8 10 10 8 1 2 10 10 1
left_child=1 3 11 10 6 7 -3 -6 -9 -8 -1 13 -13 -2
right_child=2 4 -4 -5 5 -7 9 8 -10 -11 -12 12 -14 -15
leaf_value=0.0048415553769581912 0.0006246061620953508 0.00088148139105519521 0.0082130858855942891 -0.0016832954929860548 0.00033467837447596281 -0.0084619947268317151 -2.1115223968831528e-05 0.0098267986902740249 0.0016487720549601364 -0.00077715703980890801 -0.0037456521688727664 0.0052608736502848391 0.00087487269400933238 -0.00083305090244194832
leaf_weight=162 3931 2523 70 2709 10609 55 11698 73 195 12842 59 264 6118 2416
leaf_count=162 3931 2523 70 2709 10609 55 11698 73 195 12842 59 264 6118 2416
internal_value=-1.09759e-06 -0.000192683 0.000611336 -0.00136848 -0.000101843 0.000378605 -0.000295953 0.000427175 0.00401555 -0.000417162 0.00241025 0.000566324 0.00106028 6.91985e-05
internal_weight=53724 40925 12799 2930 37995 10932 27063 10877 268 24540 221 12729 6382 6347
internal_count=53724 40925 12799 2930 37995 10932 27063 10877 268 24540 221 12729 6382 6347
cat_boundaries=0 1 2 3
cat_threshold=1280 32576 12053
is_linear=0
shrinkage=0.035


Tree=142
num_leaves=15
num_cat=4
split_feature=5 10 24 32 23 32 14 22 29 7 32 26 23 32
split_gain=5.00823 4.7748 3.56383 9.78425 5.3049 4.51977 3.01082 2.84312 2.8672 2.76914 2.56622 2.45437 2.39985 2.33676
threshold=19.550000000000004 1.0000000180025095e-35 5.5000000000000009 0 2.0739180411378979 1 1.2250000000000003 1.8174112776305755 0.63920241694561786 1.4229020979020983 2 233.50000000000003 0.5946424300406602 3
decision_type=8 10 2 1 10 1 10 10 2 2 1 2 8 1
left_child=6 -2 4 -4 5 -3 9 13 -9 -1 -5 12 -7 -6
right_child=1 2 3 10 7 11 -8 8 -10 -11 -12 -13 -14 -15
leaf_value=-0.0020570399226803632 0.0095113498349144107 0.001111360228305387 -0.0075464510140429621 0.00075912573864018486 0.010058283448999384 -0.001359437077429689 -0.00056860933609969341 -0.00295660526397055 0.0041657385932583274 -0.010640550826106277 -0.0012023580713836552 0.00050660744609676734 -4.6254399583296052e-05 0.0028968589704152178
leaf_weight=158 62 5751 237 1384 102 1854 11264 118 154 62 1955 9891 20556 176
leaf_count=158 62 5751 237 1384 102 1854 11264 118 154 62 1955 9891 20556 176
internal_value=-1.02137e-06 0.000175192 0.000160343 -0.000895932 0.000258297 0.00020872 -0.000648958 0.00365551 0.0010783 -0.00465873 -0.000389573 4.75046e-05 -0.000155174 0.0061135
internal_weight=53724 42240 42178 3576 38602 38052 11484 550 272 220 3339 32301 22410 278
internal_count=53724 42240 42178 3576 38602 38052 11484 550 272 220 3339 32301 22410 278
cat_boundaries=0 1 2 3 4
cat_threshold=1024 3072 18832 59401
is_linear=0
shrinkage=0.035


Tree=143
num_leaves=15
num_cat=3
split_feature=4 4 13 16 24 32 23 32 23 30 29 20 32 23
split_gain=4.68147 3.23872 3.92571 3.64054 3.02719 5.74711 3.11046 2.92708 2.59063 2.3928 2.36154 2.25356 2.22028 2.17572
threshold=27.550000000000004 541.25000000000011 150.02500000000003 560.35846336601708 5.5000000000000009 0 2.0739180411378979 1 0.73966057848001376 -0.99052477729077237 0.65233619298682533 2291.8333333333335 2 0.3856267347173799
decision_type=8 10 10 10 2 1 10 1 8 2 2 10 1 8
left_child=7 3 -3 4 6 -6 9 11 10 -2 -4 -1 -11 -9
right_child=1 2 8 -5 5 -7 -8 13 -10 12 -12 -13 -14 -15
leaf_value=-0.010435848648158948 -0.001180242668402959 0.010449754201399628 0.00037769609595068382 -0.0086513577103875753 -0.0066837603353465972 -0.00052782287438990602 0.0031003981688580919 -0.0036977457483811306 0.0016143482958254659 0.00069775729658764628 -0.0042942054887531748 -0.0016028380373270836 4.5972538947755984e-05 -0.00040565910560998923
leaf_weight=61 1498 51 534 53 185 2721 449 245 2551 9331 171 81 20349 15444
leaf_count=61 1498 51 534 53 185 2721 449 245 2551 9331 171 81 20349 15444
internal_value=-9.37468e-07 0.000210241 0.00125581 0.000110099 0.000124797 -0.000955299 0.000224175 -0.000506319 0.001096 0.000182263 -0.000777749 -0.00526503 0.000251219 -0.000457938
internal_weight=53724 37893 3307 34586 34533 2906 31627 15831 3256 31178 705 142 29680 15689
internal_count=53724 37893 3307 34586 34533 2906 31627 15831 3256 31178 705 142 29680 15689
cat_boundaries=0 1 2 3
cat_threshold=1024 1280 19712
is_linear=0
shrinkage=0.035


Tree=144
num_leaves=15
num_cat=2
split_feature=26 32 23 32 16 4 16 3 22 3 1 23 22 23
split_gain=4.58074 3.97888 3.97928 3.90901 3.679 3.17937 4.80891 3.2041 3.0025 2.92351 3.4128 2.36236 2.22139 2.86689
threshold=300.50000000000006 0 0.5946424300406602 1 42.505479257369139 399.25000000000006 239.98137122318215 247.10000000000002 0.72952994767912982 199.75000000000003 288.35000000000008 0.48712384133508008 0.98843570090211064 1.1412884844793016
decision_type=2 1 8 1 8 10 8 10 10 8 8 10 10 10
left_child=1 -1 3 8 12 6 -2 -7 -3 -6 -11 -10 13 -4
right_child=5 2 4 -5 9 7 -8 -9 11 10 -12 -13 -14 -15
leaf_value=-0.00098286603307228622 0.00064979015415693561 -0.002242842066280986 0.00015237098765949686 -0.00052568137904865223 0.0028585920489460947 0.010086097739083503 -0.0093918207607239929 0.0021819820253222134 -0.012849303828621868 -0.001824954521278715 0.00098118031332354886 -0.0040978910775701389 -0.00031862466350693244 0.0024160202970819437
leaf_weight=5802 6121 507 14681 2134 823 64 54 786 62 612 3812 104 17448 714
leaf_count=5802 6121 507 14681 2134 823 64 54 786 62 612 3812 104 17448 714
internal_value=-1.01582e-06 -0.000126391 -4.53737e-06 -0.00127511 8.92496e-05 0.000831918 0.000554449 0.00283262 -0.00356963 0.000949368 0.000591368 -0.00764663 -4.82866e-05 0.000258106
internal_weight=53724 46699 40897 2807 38090 7025 6175 850 673 5247 4424 166 32843 15395
internal_count=53724 46699 40897 2807 38090 7025 6175 850 673 5247 4424 166 32843 15395
cat_boundaries=0 1 2
cat_threshold=32769 6208
is_linear=0
shrinkage=0.035


Tree=145
num_leaves=15
num_cat=2
split_feature=5 10 23 32 22 32 23 3 22 22 22 23 16 22
split_gain=4.30431 4.44933 3.20663 5.84934 4.33803 3.31447 3.32219 3.99702 4.11463 4.07565 4.37139 2.85222 2.84083 2.74461
threshold=19.550000000000004 1.0000000180025095e-35 1.2548181698727643 0 0.97854255939394885 1 0.41301601441261887 319.80000000000007 0.55273152394362557 0.89875683720729149 0.5299172649572651 2.6436217829168225 43.759352213255603 1.3486238149086522
decision_type=8 10 10 1 10 1 8 8 10 10 10 10 8 10
left_child=12 -2 5 13 -5 -3 7 9 -9 10 -7 -6 -1 -4
right_child=1 2 3 4 11 6 -8 8 -10 -11 -12 -13 -14 -15
leaf_value=-0.00056026381980601634 0.0091746691816595883 0.0004031910757347813 -0.0018075384145101584 0.0055533031131883258 0.00081707237854592839 -6.4758332581625093e-06 -0.00018833708417503365 -0.0021049707259517166 -0.015063261362029462 0.0068059045757840851 -0.006742445689393208 0.0048811588988732129 -0.007956762219409939 -0.0095718764367859095
leaf_weight=11425 62 15811 387 263 5103 326 19651 65 54 61 180 216 59 61
leaf_count=11425 62 15811 387 263 5103 326 19651 65 54 61 180 216 59 61
internal_value=-1.03214e-06 0.000162329 0.000147995 0.000894835 0.00120433 2.33054e-05 -0.000272128 -0.00265758 -0.00835549 -0.00139914 -0.0024452 0.000986541 -0.00060171 -0.00289481
internal_weight=53724 42240 42178 6030 5582 36148 20337 686 119 567 506 5319 11484 448
internal_count=53724 42240 42178 6030 5582 36148 20337 686 119 567 506 5319 11484 448
cat_boundaries=0 1 2
cat_threshold=256 19732
is_linear=0
shrinkage=0.035


Tree=146
num_leaves=15
num_cat=2
split_feature=26 6 32 26 23 24 4 16 3 32 23 22 22 23
split_gain=4.23458 3.64152 3.22994 4.64536 3.0018 4.14255 2.92398 4.52414 2.98233 2.71018 2.56788 2.79388 2.73364 5.18625
threshold=300.50000000000006 12.550000000000002 0 12.500000000000002 1.6248060564443316 5.5000000000000009 399.25000000000006 239.98137122318215 247.10000000000002 1 0.56557122334409937 0.55273152394362557 0.92968248919523044 1.0744764980450288
decision_type=2 8 1 2 10 2 10 8 10 1 8 10 10 10
left_child=1 -1 3 -3 9 -6 7 -2 -8 -4 11 -11 13 -12
right_child=6 2 4 -5 5 -7 8 -9 -10 10 12 -13 -14 -15
leaf_value=-0.00084166604959419813 0.00062618211638974959 -0.011673695561394358 0.00045540693653917856 -0.0013683441933239858 0.0020704761518918597 -0.0052068647533854099 0.0097161244391126278 -0.0091135535588866834 0.0020908638073295766 0.00035054614240010638 0.00017256030791515958 -0.0024595674580815134 -0.00038534443394958197 0.0037037980854386916
leaf_weight=7260 6121 52 11139 942 1420 98 64 54 786 677 8267 1194 15112 538
leaf_count=7260 6121 52 11139 942 1420 98 64 54 786 677 8267 1194 15112 538
internal_value=-1.04669e-06 -0.000121592 1.10508e-05 -0.00194373 6.23274e-05 0.00158511 0.000799798 0.000533704 0.00271846 -4.6059e-07 -0.00019752 -0.00144454 -9.97689e-05 0.000390304
internal_weight=53724 46699 39439 994 38445 1518 7025 6175 850 36927 25788 1871 23917 8805
internal_count=53724 46699 39439 994 38445 1518 7025 6175 850 36927 25788 1871 23917 8805
cat_boundaries=0 1 2
cat_threshold=1 19712
is_linear=0
shrinkage=0.035


Tree=147
num_leaves=15
num_cat=3
split_feature=26 19 32 16 32 24 32 24 13 22 1 24 23 22
split_gain=3.98287 3.59746 3.3881 2.83253 2.82233 2.7941 3.53991 7.54752 3.29284 2.52033 2.99249 2.42426 2.25696 6.43433
threshold=244.50000000000003 4.1375000000000011 0 2.2286019533926198 1 3.5000000000000004 2 5.5000000000000009 1266.1250000000002 1.3090428863127819 51.850000000000001 5.5000000000000009 0.84049629194666198 0.77030831769964714
decision_type=2 8 1 8 1 2 1 2 8 8 8 2 10 10
left_child=1 3 11 -1 5 8 7 -7 -3 -8 -11 -2 -6 -14
right_child=2 4 -4 -5 12 6 9 -9 -10 10 -12 -13 13 -15
leaf_value=-0.0015480818845322274 0.0014870507853895066 0.00053459239080727214 0.00011993454295810124 -0.0096552431645210504 -0.00075646800549845211 -0.00071630224184375296 0.00028031961199888572 -0.0084179152790082815 0.0045486231829633562 -0.0092840529119130218 -0.0011648567952480544 -0.0013787563891935492 0.0044563596128136852 -0.00019064349988165164
leaf_weight=1491 4408 8589 10020 50 9971 767 4405 191 253 65 280 390 371 12473
leaf_count=1491 4408 8589 10020 50 9971 767 4405 191 253 65 280 390 371 12473
internal_value=-1.04573e-06 -0.000187029 0.000487168 -0.00184151 -0.000118558 0.000262223 -0.000341074 -0.00226403 0.000651953 5.3377e-05 -0.00280534 0.00125031 -0.000361357 -5.47325e-05
internal_weight=53724 38906 14818 1541 37365 14550 5708 958 8842 4750 345 4798 22815 12844
internal_count=53724 38906 14818 1541 37365 14550 5708 958 8842 4750 345 4798 22815 12844
cat_boundaries=0 1 2 3
cat_threshold=3240 23812 1024
is_linear=0
shrinkage=0.035


Tree=148
num_leaves=15
num_cat=4
split_feature=23 32 22 2 22 32 32 23 24 32 16 22 23 22
split_gain=3.84097 5.62324 4.56867 4.11701 3.01738 3.12988 3.0118 3.18253 2.6185 2.802 3.68615 2.43517 2.32952 2.32594
threshold=1.2548181698727643 0 0.83659592440080255 95.300000000000011 1.028564740502943 1 2 0.8646697808074012 1.0000000180025095e-35 3 560.35846336601708 1.2745430613150301 0.89932235726655574 1.1520107624818767
decision_type=10 1 10 10 10 1 1 10 2 1 10 8 8 10
left_child=3 -2 -3 4 6 12 7 -1 11 -10 -11 -5 13 -6
right_child=1 2 -4 8 5 -7 -8 -9 9 10 -12 -13 -14 -15
leaf_value=-0.0010357079710085798 -0.001208241411515436 0.010924484728482264 0.0010525083769024619 0.00099674342943906332 -0.0019477735029117176 -0.00033040150304549699 0.00028605349006225519 0.0001668732618481173 0.0012654493857670167 -6.9316242581764136e-05 -0.0088468211627233846 0.004372117732560239 -0.0012437697905304434 -0.0064001468387725356
leaf_weight=6394 1530 53 6583 2268 408 5691 11156 4656 2192 8872 54 292 3352 223
leaf_count=6394 1530 53 6583 2268 408 5691 11156 4656 2192 8872 54 292 3352 223
internal_value=-1.07898e-06 0.000697688 0.00113781 -0.000126392 -0.000344314 -0.000860034 -0.000119499 -0.000528667 0.000381472 0.000148842 -0.000127199 0.00138952 -0.00161056 -0.00355922
internal_weight=53724 8166 6636 45558 31880 9674 22206 11050 13678 11118 8926 2560 3983 631
internal_count=53724 8166 6636 45558 31880 9674 22206 11050 13678 11118 8926 2560 3983 631
cat_boundaries=0 1 2 3 4
cat_threshold=259 32919 35441 272
is_linear=0
shrinkage=0.035


Tree=149
num_leaves=15
num_cat=1
split_feature=26 1 16 0 4 17 4 16 3 1 32 23 6 16
split_gain=3.74629 3.1596 3.11715 5.40593 3.84327 3.54981 2.64011 4.23322 2.79164 2.24865 2.16515 2.91293 2.49514 2.31426
threshold=300.50000000000006 51.850000000000001 14.719601443879846 49.050000000000004 18.050000000000004 49.081897209464103 399.25000000000006 239.98137122318215 247.10000000000002 35.100000000000009 0 2.0739180411378979 297.25000000000006 131.03979262377396
decision_type=2 8 10 10 8 10 10 8 10 10 1 10 10 8
left_child=1 2 -1 4 -4 -6 7 -2 -8 -5 12 -12 13 -3
right_child=6 10 3 9 5 -7 8 -9 -10 -11 11 -13 -14 -15
leaf_value=-0.00036264585801228495 0.00058883828984545499 -0.00024811175279262893 -0.013405907080208853 0.0045595144977420565 -0.002230169105636874 -0.010778104079845809 0.0093445315570368087 -0.0088324623384151146 0.0019685868204641363 -0.0013424064188573674 0.00022831650908606419 0.0031581585501169445 -0.0039397373772604863 -0.0068445437246312697
leaf_weight=18683 6121 5146 54 120 347 68 64 54 786 211 21349 419 241 61
leaf_count=18683 6121 5146 54 120 347 68 64 54 786 211 21349 419 241 61
internal_value=-1.0477e-06 -0.00011443 -0.000454634 -0.00258732 -0.00498475 -0.00374243 0.00075221 0.00049937 0.00257535 0.000833272 0.00012915 0.000285293 -0.00049404 -0.000331881
internal_weight=53724 46699 19483 800 469 415 7025 6175 850 331 27216 21768 5448 5207
internal_count=53724 46699 19483 800 469 415 7025 6175 850 331 27216 21768 5448 5207
cat_boundaries=0 1
cat_threshold=32993
is_linear=0
shrinkage=0.035


Tree=150
num_leaves=15
num_cat=2
split_feature=4 14 24 32 23 16 16 22 5 23 29 16 32 19
split_gain=3.5516 4.77761 3.51045 10.477 4.19698 4.78212 4.07497 3.36502 3.27789 2.92881 2.84617 2.72905 2.71931 2.71722
threshold=480.50000000000006 235.12500000000003 5.5000000000000009 0 2.0739180411378979 364.94967701820059 96.072888995803538 1.8174112776305755 7.0500000000000007 0.68949216527613888 0.65233619298682533 4.1281553588336068 1 50.025000000000006
decision_type=10 10 2 1 10 10 8 8 8 8 2 8 1 8
left_child=2 -2 4 13 5 8 -5 12 11 10 -3 -1 -6 -4
right_child=1 9 3 6 7 -7 -8 -9 -10 -11 -12 -13 -14 -15
leaf_value=-0.00071351021729024373 0.01074331803674825 7.2220557582791634e-05 -0.014775832072394251 -0.00045950016461998708 0.0073076784071506888 -0.0084814309138971852 -0.0084436573093880727 0.00010964158128701004 7.7785915896733186e-05 0.0013132536929763255 -0.0052137319431775214 -0.0045449184435294148 0.0013856114868726144 -0.0058904291204121169
leaf_weight=4230 56 502 61 3766 212 77 75 368 40499 3127 161 236 198 156
leaf_count=4230 56 502 61 3766 212 77 75 368 40499 3127 161 236 198 156
internal_value=-1.10267e-06 0.001023 -8.01643e-05 -0.00106617 7.26671e-06 -3.68921e-05 -0.000624551 0.00254773 -2.14899e-05 0.000865414 -0.00124081 -0.000920832 0.00470838 -0.00829122
internal_weight=53724 3846 49878 4058 45820 45042 3841 778 44965 3790 663 4466 410 217
internal_count=53724 3846 49878 4058 45820 45042 3841 778 44965 3790 663 4466 410 217
cat_boundaries=0 1 2
cat_threshold=1024 52281
is_linear=0
shrinkage=0.035


Tree=151
num_leaves=15
num_cat=3
split_feature=26 19 32 16 20 23 24 32 16 32 23 20 22 22
split_gain=3.49154 3.15786 3.04564 2.61593 2.57056 3.57069 2.98339 6.72155 6.64684 2.6854 2.46848 2.2935 2.44586 2.18637
threshold=244.50000000000003 4.1375000000000011 0 2.2286019533926198 2000.3571428571431 1.7985845743171256 5.5000000000000009 1 23.751392928128094 2 1.0634994802482309 2298.1666666666674 1.7418380688845632 0.98118582975314939
decision_type=2 8 1 8 8 10 2 1 10 1 8 10 10 10
left_child=1 3 -2 -1 6 -6 9 8 -8 -3 -10 -7 -13 -11
right_child=2 4 -4 -5 5 11 7 -9 10 13 -12 12 -14 -15
leaf_value=-0.0014435246293725411 0.0011795566699828956 0.0008106232435670423 0.00010784890911192605 -0.0092336150283332582 0.00012026512271255984 0.0049799845325495329 -0.002642163760056378 -0.00068869501501552172 -0.0071654047287212546 -7.0283901915397675e-06 -0.018343834611195833 0.0029042214217702015 -0.0047461870393062083 -0.00081937843037281004
leaf_weight=1491 4798 2575 10020 50 16107 305 227 1582 60 8319 53 144 73 7920
leaf_count=1491 4798 2575 10020 50 16107 305 227 1582 60 8319 53 144 73 7920
internal_value=-1.09706e-06 -0.000175231 0.000456012 -0.00172533 -0.00011108 0.00021306 -0.000371008 -0.00168268 -0.00603571 -0.000236599 -0.0129635 0.00304805 0.00028165 -0.000403106
internal_weight=53724 38906 14818 1541 37365 16629 20736 1922 340 18814 113 522 217 16239
internal_count=53724 38906 14818 1541 37365 16629 20736 1922 340 18814 113 522 217 16239
cat_boundaries=0 1 2 3
cat_threshold=3240 33792 5120
is_linear=0
shrinkage=0.035


Tree=152
num_leaves=15
num_cat=3
split_feature=5 24 32 16 19 10 23 32 1 7 23 22 32 1
split_gain=3.35932 3.13957 7.78856 3.447 2.78868 2.73922 2.61754 3.24039 2.68211 2.51752 2.27386 4.30832 2.27092 2.57746
threshold=210.60000000000002 5.5000000000000009 0 81.497023575635339 50.025000000000006 52.63750000000001 1.5204589447365311 1 1.2500000000000002 149.17592592592595 0.90503749086025886 0.8464877257669805 2 450.50000000000006
decision_type=10 2 1 8 8 10 10 1 8 2 10 10 1 10
left_child=1 6 4 -4 -3 -2 8 -8 -1 -6 12 -12 13 -7
right_child=5 2 3 -5 9 10 7 -9 -10 -11 11 -13 -14 -15
leaf_value=-0.0036739707904707196 0.0081760035533405811 -0.01426149232891586 -0.00058567181418772273 -0.0093445573654753408 -0.00031290217069908979 -0.0022431747888533768 -0.0014822869023837484 0.0016035217794971425 -9.3133683688082891e-05 -0.010441637323259124 0.0061811260312925262 0.00085711894844302521 0.00042997118981818978 0.0017877569910748742
leaf_weight=253 53 61 3329 51 67 892 505 2157 37626 50 189 4750 3497 244
leaf_count=253 53 61 3329 51 67 892 505 2157 37626 50 189 4750 3497 244
internal_value=-1.16345e-06 -0.000130477 -0.00112658 -0.000729286 -0.00796931 0.000591073 -4.29275e-05 0.0010169 -0.000117532 -0.00489196 0.000544828 0.0010669 -1.2272e-05 -0.0013614
internal_weight=53724 44099 3558 3380 178 9625 40541 2662 37879 117 9572 4939 4633 1136
internal_count=53724 44099 3558 3380 178 9625 40541 2662 37879 117 9572 4939 4633 1136
cat_boundaries=0 1 2 3
cat_threshold=1024 262 37066
is_linear=0
shrinkage=0.035


Tree=153
num_leaves=15
num_cat=2
split_feature=26 32 23 32 23 16 3 1 15 16 13 9 3 22
split_gain=3.28034 2.86389 3.19467 3.64963 2.83262 2.731 2.7188 3.02824 2.29948 3.7023 3.34879 2.1817 3.24332 2.40474
threshold=300.50000000000006 0 0.5946424300406602 1 0.20512848593319441 42.505479257369139 199.75000000000003 288.35000000000008 376.87500000000006 141.35398063537818 378.25000000000006 2802.5000000000005 361.00000000000006 1.145083238092804
decision_type=2 1 8 1 10 8 8 8 2 8 10 8 8 10
left_child=1 -1 3 4 -3 -4 -7 11 9 -2 -10 13 -13 -8
right_child=8 2 5 -5 -6 6 7 -9 10 -11 -12 12 -14 -15
leaf_value=-0.00083392087540033386 0.00055074311126469626 -0.0099031627602321481 -3.8377795308758685e-05 -0.00041942383552106925 -0.0025913131995745149 0.0026622113429243988 0.0012920424197225991 0.00084334017723495744 0.010741654639047657 -0.0077229443675540426 0.0017999906094644373 -0.0013591116689422053 -0.011072293795261753 -0.0042742303982916952
leaf_weight=5802 6069 69 32843 2134 604 823 301 3812 50 62 844 115 63 133
leaf_count=5802 6069 69 32843 2134 604 823 301 3812 50 62 844 115 63 133
internal_value=-1.19536e-06 -0.000107292 -3.91247e-06 -0.00114235 -0.00335893 8.01212e-05 0.000821183 0.000476076 0.000703664 0.00046085 0.00235704 -0.00179982 -0.00500552 -0.000443004
internal_weight=53724 46699 40897 2807 673 38090 5247 4424 7025 6131 894 612 178 434
internal_count=53724 46699 40897 2807 673 38090 5247 4424 7025 6131 894 612 178 434
cat_boundaries=0 1 2
cat_threshold=32769 6208
is_linear=0
shrinkage=0.035


Tree=154
num_leaves=15
num_cat=4
split_feature=23 22 32 2 7 22 32 32 23 23 21 24 32 16
split_gain=3.14582 5.06408 5.64515 3.35478 2.86647 2.78328 2.825 2.61603 2.90911 2.5185 2.89746 2.40863 2.59954 3.38992
threshold=1.2548181698727643 0.94889526464176621 0 95.300000000000011 51.419021739130443 1.028564740502943 1 2 0.8646697808074012 3.2477849613045007 1871.5692307692309 1.0000000180025095e-35 3 560.35846336601708
decision_type=10 10 1 10 2 10 1 1 10 10 2 2 1 10
left_child=3 4 -3 5 -2 7 -7 8 -1 -4 -11 -5 -13 -14
right_child=1 2 9 11 -6 6 -8 -9 -10 10 -12 12 13 -15
leaf_value=-0.00096153895214033842 0.002150773979589357 -0.0019585006251978841 0.00071735172753328337 0.0013106133128955716 0.0091086351654181899 -0.0014818119850676975 -0.00027552931049447626 0.00028250574809501574 0.00018820098511252985 -0.0013843619704631896 0.0085225339488204325 0.0011962448539544145 -8.9620019321941087e-05 -0.0085070794628206974
leaf_weight=6394 181 1016 6694 2560 121 4241 5433 11156 4656 53 101 2192 8872 54
leaf_count=6394 181 1016 6694 2560 121 4241 5433 11156 4656 53 101 2192 8872 54
internal_value=-1.22789e-06 0.000631153 0.000458689 -0.000114635 0.00504147 -0.000311353 -0.000806661 -9.54397e-05 -0.00047679 0.000820142 0.0051767 0.000343811 0.000120708 -0.000145115
internal_weight=53724 8166 7864 45558 302 31880 9674 22206 11050 6848 154 13678 11118 8926
internal_count=53724 8166 7864 45558 302 31880 9674 22206 11050 6848 154 13678 11118 8926
cat_boundaries=0 1 2 3 4
cat_threshold=258 33943 35441 272
is_linear=0
shrinkage=0.035


Tree=155
num_leaves=15
num_cat=4
split_feature=26 19 32 24 32 10 32 23 23 30 4 24 32 8
split_gain=3.05756 2.8044 2.74665 2.46022 6.2138 3.91851 2.46396 2.44481 2.38416 3.29974 3.20945 2.18035 2.77495 2.08835
threshold=244.50000000000003 3.5016666666666674 0 4.5000000000000009 1 1624.1666666666667 2 0.68949216527613888 1.7985845743171256 -0.57782411410281842 70.250000000000014 1.5000000000000002 3 16.274104751852487
decision_type=2 8 1 2 1 8 1 8 8 2 8 2 1 2
left_child=1 -1 -2 5 8 6 -3 13 -5 10 -10 12 -8 -6
right_child=2 3 -4 4 7 -7 11 -9 9 -11 -12 -13 -14 -15
leaf_value=-0.0018421362202301812 0.0011136968121026995 -0.00047721770411200768 9.5973221610310829e-05 -0.0016676443680016439 -0.0041366380673260135 0.0037654702693153972 0.0020345259932250241 0.00029700251842775075 -0.015393729438686117 -0.0012678980556014915 -0.0036803509548772131 -7.4761020281163452e-05 0.00034980833630558842 -0.00027503321039533814
leaf_weight=1178 4798 9153 10020 2537 292 337 1478 5025 53 128 65 12107 6145 408
leaf_count=1178 4798 9153 10020 2537 292 337 1478 5025 53 128 65 12107 6145 408
internal_value=-1.17076e-06 -0.000164124 0.000426588 -0.000111493 -0.000635086 4.10443e-05 -3.05562e-06 2.64377e-05 -0.00198651 -0.00525534 -0.00935334 0.000217111 0.000680698 -0.00190379
internal_weight=53724 38906 14818 37728 8508 29220 28883 5725 2783 246 118 19730 7623 700
internal_count=53724 38906 14818 37728 8508 29220 28883 5725 2783 246 118 19730 7623 700
cat_boundaries=0 1 2 3 4
cat_threshold=3240 33834 721 1026
is_linear=0
shrinkage=0.035


Tree=156
num_leaves=15
num_cat=2
split_feature=26 6 16 24 2 32 26 23 4 16 3 32 23 22
split_gain=2.90455 2.51837 2.37793 3.42978 2.97409 2.26878 4.45633 2.37784 2.09212 3.62555 2.68509 2.05739 2.13372 2.59888
threshold=300.50000000000006 11.025000000000002 8.130672185580563 3.5000000000000004 27.100000000000005 0 12.500000000000002 2.6436217829168225 411.00000000000006 239.98137122318215 247.10000000000002 1 0.56557122334409937 0.61968439436793876
decision_type=2 8 8 2 10 1 2 10 10 8 10 1 8 10
left_child=1 2 -1 4 -4 6 -3 11 9 -2 -10 -7 13 -13
right_child=8 5 3 -5 -6 7 -8 -9 10 -11 -12 12 -14 -15
leaf_value=-0.00060176890363797405 0.00052587929324785909 -0.010969199265831588 -0.0047839973170630407 -0.0095412843966494413 0.0040920202880272575 0.0004212809527936915 -0.0010164033714438912 0.0036684126936571415 0.0092856795695196431 -0.0081204290086946771 0.0017349973798248702 4.5278870685972067e-05 -5.2699726272046855e-05 -0.0025402768681863971
leaf_weight=6180 6159 53 107 85 74 11450 1148 216 58 55 753 938 25486 962
leaf_count=6180 6159 53 107 85 74 11450 1148 216 58 55 753 938 25486 962
internal_value=-1.1784e-06 -0.000101013 -0.000743016 -0.00395297 -0.00114268 1.87442e-06 -0.00148695 4.82143e-05 0.00066208 0.000442884 0.00232859 2.7622e-05 -0.000137116 -0.00126706
internal_weight=53724 46699 6446 266 181 40253 1201 39052 7025 6214 811 38836 27386 1900
internal_count=53724 46699 6446 266 181 40253 1201 39052 7025 6214 811 38836 27386 1900
cat_boundaries=0 1 2
cat_threshold=1 19712
is_linear=0
shrinkage=0.035


Tree=157
num_leaves=15
num_cat=3
split_feature=24 32 13 3 24 32 19 32 22 6 1 23 8 29
split_gain=2.86068 5.31873 3.82902 3.90074 2.60657 6.05118 2.57204 2.5046 2.30041 2.28523 2.26538 2.12027 2.20555 2.25844
threshold=4.5000000000000009 0 1757.5000000000002 3.5500000000000003 5.5000000000000009 1 50.025000000000006 2 1.5512541582449924 500.50000000000006 159.80000000000004 0.68294511829341464 16.274104751852487 0.73865729060996177
decision_type=2 1 8 10 2 1 8 1 8 8 10 8 2 2
left_child=2 4 7 -4 -2 6 -6 -1 -7 -5 -8 12 13 -3
right_child=1 11 3 9 5 8 10 -9 -10 -11 -12 -13 -14 -15
leaf_value=0.00058783291033720139 -0.00082538905057842333 -0.001407661851576304 0.012139809682266788 -0.0044195020478218798 -0.01374810063618828 -0.0012195393001773885 -0.00096915535568625917 -4.9937902865021075e-05 -0.0079966378362956829 0.0033231471022817909 -0.0084777430004079734 0.00024169754972998647 -9.6134326351217939e-05 -0.0071561862032609534
leaf_weight=9937 2604 214 51 51 61 1182 84 31158 60 290 119 7281 496 136
leaf_count=9937 2604 214 51 51 61 1182 84 31158 60 290 119 7281 496 136
internal_value=-1.19256e-06 -0.00047134 0.000137522 0.00355835 -0.00149471 -0.00265536 -0.00732928 0.000104462 -0.00156513 0.00211802 -0.00546873 4.85808e-05 -0.00160454 -0.0037107
internal_weight=53724 12237 41487 392 4110 1506 264 41095 1242 341 203 8127 846 350
internal_count=53724 12237 41487 392 4110 1506 264 41095 1242 341 203 8127 846 350
cat_boundaries=0 1 2 3
cat_threshold=33834 1024 21512
is_linear=0
shrinkage=0.035


Tree=158
num_leaves=15
num_cat=2
split_feature=23 22 32 1 8 23 21 16 16 2 22 23 32 22
split_gain=2.85628 4.74737 5.24989 2.89413 2.72906 2.31931 2.70034 2.14977 2.09836 2.61825 2.58814 2.56263 4.01674 3.62605
threshold=1.2548181698727643 0.94889526464176621 0 8.5500000000000025 47.719961583959609 3.2477849613045007 1871.5692307692309 1.8708286933874192 560.35846336601708 441.50000000000006 0.99452434828071268 0.78720956856955071 1 0.70845910833487569
decision_type=10 10 1 8 2 10 2 8 10 10 10 10 1 8
left_child=3 4 -3 7 -2 -4 -7 -1 9 10 11 12 -5 -13
right_child=1 2 5 8 -6 6 -8 -9 -10 -11 -12 13 -14 -15
leaf_value=-0.0006309848957031705 0.003151780298894338 -0.0018966181988679517 0.00068429996822753848 0.00044809683270867186 0.011548403579527971 -0.0013677926062895308 0.0081938881169288554 -0.0027917327633005151 -0.0041616072369451895 0.0010123364822623173 -0.00041321853814432275 0.0043460823755888884 -0.00094023959015049482 0.00042747608020526402
leaf_weight=3956 246 1016 6694 5194 56 53 101 654 144 2899 16177 292 4994 11248
leaf_count=3956 246 1016 6694 5194 56 53 101 654 144 2899 16177 292 4994 11248
internal_value=-1.24527e-06 0.000601332 0.000434354 -0.000109308 0.0048715 0.000782944 0.00496365 -0.000940213 -1.56596e-05 -5.20134e-07 -7.81074e-05 0.000171428 -0.000233054 0.000528469
internal_weight=53724 8166 7864 45558 302 6848 154 4610 40948 40804 37905 21728 10188 11540
internal_count=53724 8166 7864 45558 302 6848 154 4610 40948 40804 37905 21728 10188 11540
cat_boundaries=0 1 2
cat_threshold=258 10134
is_linear=0
shrinkage=0.035


Tree=159
num_leaves=15
num_cat=3
split_feature=26 23 23 32 22 11 6 22 32 1 9 16 32 3
split_gain=2.70909 3.77389 2.63836 5.65754 3.78893 3.64413 3.44329 5.16967 2.7393 2.60965 3.30952 2.54314 2.44761 2.26429
threshold=229.50000000000003 0.27476363203900822 0.3856267347173799 0 0.5299172649572651 86.26136363636364 9.5500000000000025 0.77030831769964714 1 349.00000000000006 2017.5000000000005 48.454806574351267 2 180.25000000000003
decision_type=2 8 8 1 10 10 10 10 1 10 10 8 1 8
left_child=2 -2 3 4 -1 -6 -5 -8 9 -4 -11 -10 -3 -13
right_child=1 12 8 6 5 -7 7 -9 11 10 -12 13 -14 -15
leaf_value=-0.0022538308087643676 0.0081421725074515613 0.0008498261713075475 -0.00058358226914544651 -0.0067145376709910739 -0.0047947751477593554 -0.015897684694130231 -0.0008582668260821854 0.0072539567508184436 -8.8340259906500779e-05 -0.012104447464395146 -0.00074707203005527857 0.0031365352375376837 -6.6408977481004345e-06 0.00056299907477874755
leaf_weight=206 71 6657 8756 70 95 61 352 127 22755 50 75 473 10561 3415
leaf_count=206 71 6657 8756 70 95 61 352 127 22755 50 75 473 10561 3415
internal_value=-1.15988e-06 0.000359582 -0.000172364 -0.00202702 -0.0053164 -0.00949518 0.000261579 0.00134529 -0.000124523 -0.000656281 -0.00558085 5.30459e-05 0.000325135 0.000879712
internal_weight=53724 17289 36435 911 362 156 549 479 35524 8881 125 26643 17218 3888
internal_count=53724 17289 36435 911 362 156 549 479 35524 8881 125 26643 17218 3888
cat_boundaries=0 1 2 3
cat_threshold=14403 32929 19624
is_linear=0
shrinkage=0.035


Tree=160
num_leaves=15
num_cat=4
split_feature=24 32 13 3 24 32 19 32 23 23 14 22 32 23
split_gain=2.67529 4.96814 3.51068 3.66605 2.44147 5.72153 2.40407 2.2933 5.16638 2.84391 3.13114 2.49717 2.65841 2.9085
threshold=4.5000000000000009 0 1757.5000000000002 3.5500000000000003 5.5000000000000009 1 50.025000000000006 2 0.13344941042644634 1.1635321762957724 3.0500000000000003 0.98403405614846051 3 0.90963438536648533
decision_type=2 1 8 10 2 1 8 1 8 10 10 10 1 10
left_child=2 4 7 -4 -2 6 -6 9 -9 10 -1 12 -10 -14
right_child=1 -3 3 -5 5 -7 -8 8 11 -11 -12 -13 13 -15
leaf_value=-0.0026334845679303969 -0.00079714198596805516 4.664387230507343e-05 0.01172702785814181 0.0020128892730827972 -0.013320769185595441 -0.0015084355949366015 -0.0053138046167049867 0.0092636299866717311 0.0008959887892940339 0.0013964279805795089 0.00031362427082436671 -0.0004538089182607464 -0.00057853537322744182 0.00094876885762078776
leaf_weight=454 2604 8127 51 341 61 1242 203 67 4632 3055 11673 13503 5619 2092
leaf_count=454 2604 8127 51 341 61 1242 203 67 4632 3055 11673 13503 5619 2092
internal_value=-1.1923e-06 -0.00045585 0.000132952 0.0034085 -0.00144492 -0.0025682 -0.0071127 0.000101296 -9.88709e-05 0.00044264 0.000202253 -0.000124966 0.000234819 -0.000163618
internal_weight=53724 12237 41487 392 4110 1506 264 41095 25913 15182 12127 25846 12343 7711
internal_count=53724 12237 41487 392 4110 1506 264 41095 25913 15182 12127 25846 12343 7711
cat_boundaries=0 1 2 3 4
cat_threshold=33834 1024 23592 8454
is_linear=0
shrinkage=0.035


Tree=161
num_leaves=15
num_cat=0
split_feature=30 6 13 4 23 26 17 29 24 10 3 5 16 1
split_gain=2.61385 2.80628 2.52944 3.83471 2.04183 2.02552 4.08386 2.64211 1.88734 1.69152 1.64366 1.95815 1.60854 1.58984
threshold=-0.97111920233974802 113.10000000000001 44.45000000000001 79.850000000000009 3.2477849613045007 10.500000000000002 43.318062564729196 0.10837544681456425 3.5000000000000004 72.535714285714292 50.050000000000004 128.20000000000002 0.54772255750852961 47.550000000000004
decision_type=2 10 10 10 10 2 10 2 2 10 8 10 10 8
left_child=-1 4 3 -3 5 6 7 -2 -9 -6 11 -4 -7 -12
right_child=1 2 10 -5 9 12 -8 8 -10 -11 13 -13 -14 -15
leaf_value=-0.00080104456843075429 0.00064376622978108407 0.0012948486868975661 -0.00054168560447409575 0.011870169290775529 0.0075014246010834569 -0.0010850131930472359 -0.011154563067904251 -0.00010439088856248131 -0.0063471875889584998 2.7457116637378932e-05 -0.003548456390509382 0.0065189121054196417 -1.922836457885563e-05 0.00041714997761335221
leaf_weight=4573 380 151 81 54 74 1829 50 96 151 70 120 111 32049 13935
leaf_count=4573 380 151 81 54 74 1829 50 96 151 70 120 111 32049 13935
internal_value=-1.14775e-06 7.33484e-05 0.00048305 0.00429684 -9.73359e-05 -0.000114948 -0.00200345 -0.00119123 -0.00397105 0.00399109 0.000426686 0.00360208 -7.69194e-05 0.000382042
internal_weight=53724 49151 14452 205 34699 34555 677 627 247 144 14247 192 33878 14055
internal_count=53724 49151 14452 205 34699 34555 677 627 247 144 14247 192 33878 14055
is_linear=0
shrinkage=0.035


Tree=162
num_leaves=15
num_cat=3
split_feature=23 32 15 13 24 22 32 23 23 21 22 23 32 23
split_gain=2.56732 4.08728 3.74491 4.51126 3.32668 2.44028 4.33819 2.74863 2.41148 2.35835 2.22128 4.11285 3.47911 4.81186
threshold=0.78338076795575651 0 440.50000000000006 350.25000000000006 2.5000000000000004 1.0709810382689597 1 0.64286717777866997 0.58652917209224187 2822.9800724637685 0.96672979995545272 1.0744764980450288 2 1.2548181698727643
decision_type=8 1 2 10 2 8 1 10 10 2 8 10 1 8
left_child=1 4 10 -4 -1 -3 7 -7 -8 -6 11 -2 -12 -14
right_child=2 5 3 -5 9 6 8 -9 -10 -11 12 -13 13 -15
leaf_value=0.0016744244870754638 0.00015755551259935113 -0.00094343962100940342 0.010636995756907052 0.001030634497969258 -0.00084134071114544623 0.0070330165641551666 -0.014163926102009349 -0.0033072217299942733 -0.0048841988815941286 0.0030156729080549139 -0.00066467521447803179 0.0020428466363642708 -0.00035490685122895347 0.00083917580885263196
leaf_weight=1467 11652 5441 56 3519 2010 50 50 69 117 210 10502 1609 9861 7111
leaf_count=1467 11652 5441 56 3519 2010 50 50 69 117 210 10502 1609 9861 7111
internal_value=-1.09236e-06 -0.000525848 0.000110443 0.00119576 0.000382988 -0.00110951 -0.00423645 0.00106031 -0.00755433 -0.000470531 1.50578e-05 0.000386988 -0.000164501 0.000145409
internal_weight=53724 9414 44310 3575 3687 5727 286 119 167 2220 40735 13261 27474 16972
internal_count=53724 9414 44310 3575 3687 5727 286 119 167 2220 40735 13261 27474 16972
cat_boundaries=0 1 2 3
cat_threshold=9486 33376 41223
is_linear=0
shrinkage=0.035


Tree=163
num_leaves=15
num_cat=3
split_feature=26 24 32 13 14 23 24 32 22 17 19 7 32 23
split_gain=2.50028 2.14843 5.237 2.95495 2.15898 2.20902 2.07337 3.32181 2.60717 1.95565 1.92675 2.78153 1.90978 2.7931
threshold=300.50000000000006 4.5000000000000009 0 1757.5000000000002 3.0500000000000003 0.85257315870794115 5.5000000000000009 1 1.5236325238862833 1.2850924883238075 77.550000000000026 149.17592592592595 2 0.13344941042644634
decision_type=2 2 1 8 10 10 2 1 8 8 8 2 1 8
left_child=1 3 6 4 5 9 -3 10 -9 -1 -8 -12 -6 -14
right_child=-2 2 -4 -5 12 -7 7 8 -10 -11 11 -13 13 -15
leaf_value=-0.0023680872035484087 0.00061431677238048591 -0.00096532961530853255 7.8998280212682313e-05 0.0035416380045174031 0.00035536599957274631 -9.2887188447150984e-05 -0.011468071531255616 -0.0013933143547689049 -0.0090975724746832597 -0.0088778250380905713 0.0021851053863882267 -0.0074103168435721558 0.007707340377298269 -0.00019103385033251383
leaf_weight=416 7025 2703 6572 287 14781 582 68 1050 52 62 52 109 50 19915
leaf_count=416 7025 2703 6572 287 14781 582 68 1050 52 62 52 109 50 19915
internal_value=-1.05432e-06 -9.36814e-05 -0.000531491 3.50257e-05 6.42822e-06 -0.00154583 -0.00152137 -0.00265412 -0.00178022 -0.00329561 -0.00638276 -0.00433871 5.39986e-05 -0.000169244
internal_weight=53724 46699 10606 36093 35806 1060 4034 1331 1102 478 229 161 34746 19965
internal_count=53724 46699 10606 36093 35806 1060 4034 1331 1102 478 229 161 34746 19965
cat_boundaries=0 1 2 3
cat_threshold=33835 1024 23848
is_linear=0
shrinkage=0.035


Tree=164
num_leaves=15
num_cat=3
split_feature=23 22 32 29 2 22 23 15 32 30 16 9 23 32
split_gain=2.40551 5.25826 4.37666 3.35558 2.47687 2.67455 3.57451 2.23271 2.10947 1.97292 1.90627 2.07721 1.88911 1.85598
threshold=1.2062900538780637 0.83659592440080255 0 0.93237596376505805 95.300000000000011 1.1282320479170875 0.89932235726655574 61.550000000000004 1 -0.4755978891912595 560.35846336601708 1977.5000000000005 0.60369854937397871 2
decision_type=10 10 1 2 10 10 8 2 1 2 10 8 10 1
left_child=4 -2 3 -3 5 -1 8 -6 -7 -4 -9 -12 -10 -8
right_child=1 2 9 -5 7 6 13 10 12 -11 11 -13 -14 -15
leaf_value=-0.00016859000013043048 0.0078081923351504996 -0.0012250912156253476 -6.1241500487908636e-05 0.0021803159017826841 0.005581669320043935 0.00050443256936097132 0.00045704303703172157 0.00029199969376945549 -0.010808271620709164 0.0012650400242819816 -0.0087450180343585093 0.00046629082822619245 -0.0040700212507949361 -0.0013925012159966442
leaf_weight=27447 114 2471 1913 409 92 107 1020 12922 60 4867 55 59 314 1874
leaf_count=27447 114 2471 1913 409 92 107 1020 12922 60 4867 55 59 314 1874
internal_value=-1.10377e-06 0.000495379 0.000405084 -0.000735984 -0.00011156 -0.000283027 -0.00121205 0.000290965 -0.0039904 0.000889744 0.000251501 -0.00415847 -0.00514364 -0.000744186
internal_weight=53724 9774 9660 2880 43950 30822 3375 13128 481 6780 13036 114 374 2894
internal_count=53724 9774 9660 2880 43950 30822 3375 13128 481 6780 13036 114 374 2894
cat_boundaries=0 1 2 3
cat_threshold=8455 1384 8808
is_linear=0
shrinkage=0.035


Tree=165
num_leaves=15
num_cat=0
split_feature=30 6 13 26 8 29 24 16 3 21 23 3 22 1
split_gain=2.37914 2.39456 2.90406 2.16594 5.23064 2.53472 2.30331 2.01294 4.60224 3.60294 2.1244 2.00741 1.86909 1.82079
threshold=-0.97111920233974802 145.10000000000002 31.525000000000002 10.500000000000002 43.956171167352174 0.10837544681456425 3.5000000000000004 206.63228335259748 84.90000000000002 2240.4083333333338 3.2477849613045007 50.050000000000004 1.9128474196605498 1.0500000000000003
decision_type=2 10 10 2 2 2 2 8 8 2 10 8 10 8
left_child=-1 3 -3 4 5 -2 -7 10 -9 -10 13 -4 -12 -5
right_child=1 2 11 7 -6 6 -8 8 9 -11 12 -13 -14 -15
leaf_value=-0.00076423242499037503 0.00065318827363212636 0.0085350244121456687 0.00407907004167912 -0.0042396513406559831 -0.011479893106115925 0.00039054035830675914 -0.0060348121298469211 -0.012135314499684188 0.0035661301406744489 -0.006832992617062039 0.0090651084696558321 0.00041247318000278986 0.00059061114396363821 -8.2149761654653717e-06
leaf_weight=4573 435 50 181 120 59 110 173 50 102 61 54 11327 71 36358
leaf_count=4573 435 50 181 120 59 110 173 50 102 61 54 11327 71 36358
internal_value=-1.09373e-06 6.99791e-05 0.000510445 -6.54925e-05 -0.00188823 -0.00102612 -0.0035739 -2.67726e-05 -0.00338002 -0.000413105 -6.80042e-06 0.000471889 0.00445944 -2.27141e-05
internal_weight=53724 49151 11558 37593 777 718 283 36816 213 163 36603 11508 125 36478
internal_count=53724 49151 11558 37593 777 718 283 36816 213 163 36603 11508 125 36478
is_linear=0
shrinkage=0.035


Tree=166
num_leaves=15
num_cat=3
split_feature=23 32 15 13 24 22 32 22 32 23 23 3 22 23
split_gain=2.31185 3.77254 3.31258 4.18752 3.16404 2.99162 2.7986 2.14349 3.99322 2.59072 2.18265 2.10516 2.09464 3.54739
threshold=0.78338076795575651 0 440.50000000000006 350.25000000000006 1.0000000180025095e-35 1.1807271279209666 1 1.0709810382689597 2 0.64286717777866997 0.58652917209224187 200.75000000000003 0.91394521620585667 0.95657232181207841
decision_type=8 1 2 10 2 10 1 8 1 10 10 8 8 10
left_child=1 4 12 -4 6 11 -1 -3 9 -9 -10 -6 13 -2
right_child=2 7 3 -5 5 -7 -8 8 10 -11 -12 -13 -14 -15
leaf_value=0.0069542721345721972 0.00010096564717611511 -0.00090417764559909918 0.010221427087977408 0.0009664389218728333 0.00083300245733208746 -0.0053488868509980357 0.00073716650347667846 0.00688025413855741 -0.013461980674754492 -0.0031594995609044124 -0.0046348934008007053 -0.0011083914828864151 -0.00010970656925016405 0.0018051977706829805
leaf_weight=144 6088 5441 56 3519 2216 117 226 50 50 69 117 984 32668 1979
leaf_count=144 6088 5441 56 3519 2216 117 226 50 50 69 117 984 32668 1979
internal_value=-1.10171e-06 -0.000499064 0.000104739 0.00112549 0.000374047 3.05042e-05 0.00342236 -0.00105981 -0.00399057 0.00107919 -0.00717509 0.000235226 1.50283e-05 0.000519908
internal_weight=53724 9414 44310 3575 3687 3317 370 5727 286 119 167 3200 40735 8067
internal_count=53724 9414 44310 3575 3687 3317 370 5727 286 119 167 3200 40735 8067
cat_boundaries=0 1 2 3
cat_threshold=9486 1024 33376
is_linear=0
shrinkage=0.035


Tree=167
num_leaves=15
num_cat=4
split_feature=24 32 23 22 32 32 24 32 22 30 23 14 19 1
split_gain=2.30583 8.61073 3.39526 3.37931 3.23495 2.58693 2.51081 2.40874 2.58952 2.33248 2.24919 2.19916 2.13459 2.0994
threshold=5.5000000000000009 0 2.0739180411378979 1.8174112776305755 1 2 1.5000000000000002 3 1.5512541582449924 -0.8901731938066898 2.6436217829168225 960.50000000000011 50.025000000000006 159.80000000000004
decision_type=2 1 10 10 1 1 2 1 8 2 10 8 8 10
left_child=2 12 5 4 10 6 -1 11 -9 -7 -4 -3 -2 -14
right_child=1 7 3 -5 -6 9 -8 8 -10 -11 -12 -13 13 -15
leaf_value=0.0023679692912037943 -0.012573248394976625 0.00026819988913198543 0.0049625748777162131 -8.4445891658844953e-05 0.00094987784404392277 -0.0005886147179983512 0.00029432548824744471 -0.00096844894104051473 -0.0072535563858885637 7.6017528144916067e-05 0.012827925625257195 0.0069603757247997215 -0.00070983889013047482 -0.0079221448834211911
leaf_weight=1073 61 2042 158 384 205 7810 2131 1924 79 37532 65 57 84 119
leaf_count=1073 61 2042 158 384 205 7810 2131 1924 79 37532 65 57 84 119
internal_value=-1.01379e-06 -0.000771504 6.72118e-05 0.00230475 0.00442454 2.95523e-05 0.000988304 -0.000363587 -0.00122767 -3.85068e-05 0.00717166 0.000463836 -0.00672171 -0.00502655
internal_weight=53724 4366 49358 812 428 48546 3204 4102 2003 45342 223 2099 264 203
internal_count=53724 4366 49358 812 428 48546 3204 4102 2003 45342 223 2099 264 203
cat_boundaries=0 1 2 3 4
cat_threshold=1024 52281 1024 18896
is_linear=0
shrinkage=0.035


Tree=168
num_leaves=15
num_cat=3
split_feature=26 23 23 32 22 9 20 29 23 29 32 32 22 23
split_gain=2.24663 3.44903 2.41436 5.26446 5.41766 2.4431 4.08039 3.14192 2.93625 2.58415 2.1285 2.04963 2.05067 2.55127
threshold=229.50000000000003 0.27476363203900822 0.3856267347173799 0 0.5299172649572651 1932.5000000000002 1730.9166666666667 0.81428061195174062 0.13344941042644634 0.24372619187392155 1 2 1.03699550618226 0.83341372435526406
decision_type=2 8 8 1 10 10 10 2 10 2 1 1 10 8
left_child=2 -2 3 4 -1 6 7 9 -7 -5 -4 -3 -13 -14
right_child=1 11 10 5 -6 8 -8 -9 -10 -11 -12 12 13 -15
leaf_value=-0.0023360902296830134 0.0077675851728877454 0.00084789807382433361 -0.00051309781916197828 -0.0015090127930324809 -0.013182966006975419 0.0092426126429468007 -0.010768447189107782 -0.0037989849403387431 0.00040338122679570105 0.0073651675180888485 7.1383589463612339e-05 0.00043541361932758829 -0.0038303904914997401 -0.0003142726109805191
leaf_weight=153 71 5541 11082 77 87 52 52 172 242 76 24442 6633 262 4782
leaf_count=153 71 5541 11082 77 87 52 52 172 242 76 24442 6633 262 4782
internal_value=-9.76658e-07 0.000327535 -0.000156885 -0.00193106 -0.00620367 -0.000272476 -0.00212927 -0.00060479 0.0020952 0.00299266 -0.000111121 0.00029461 3.10587e-05 -0.000500522
internal_weight=53724 17289 36435 911 240 671 377 325 294 153 35524 17218 11677 5044
internal_count=53724 17289 36435 911 240 671 377 325 294 153 35524 17218 11677 5044
cat_boundaries=0 1 2 3
cat_threshold=6210 32937 3240
is_linear=0
shrinkage=0.035


Tree=169
num_leaves=15
num_cat=2
split_feature=24 32 13 3 6 24 32 4 1 22 23 23 5 23
split_gain=2.20994 4.20516 2.90937 3.38256 2.03122 1.94669 4.84804 2.06542 2.57851 1.94136 1.93748 1.98091 4.27967 1.85917
threshold=4.5000000000000009 0 1757.5000000000002 3.5500000000000003 500.50000000000006 5.5000000000000009 1 89.65000000000002 159.80000000000004 1.5512541582449924 1.9828807267754229 1.8459722810627612 80.15000000000002 1.5204589447365311
decision_type=2 1 8 10 8 2 1 10 10 8 10 8 8 10
left_child=2 5 13 -4 -5 10 7 -7 -9 -8 11 -2 -13 -1
right_child=1 -3 3 4 -6 6 9 8 -10 -11 -12 12 -14 -15
leaf_value=3.22821535490763e-05 -0.00065466246730175868 4.808558141230043e-05 0.011090216512966437 -0.0043897338019451134 0.0029036888385515157 -0.010681757076314311 -0.001034980254518129 0.0017088353838254182 -0.0072585272898140841 -0.0072592028244756737 0.0048415476095554346 -0.00045085873808407129 -0.012586910351073708 0.0010180934954674662
leaf_weight=38605 2383 8127 51 51 290 99 1182 58 107 60 69 102 50 2490
leaf_count=38605 2383 8127 51 51 290 99 1182 58 107 60 69 102 50 2490
internal_value=-9.7279e-07 -0.0004142 0.000120948 0.00310281 0.00176521 -0.00132416 -0.00232731 -0.00650968 -0.00414881 -0.00135272 -0.000745719 -0.00090703 -0.0047167 9.21303e-05
internal_weight=53724 12237 41487 392 341 4110 1506 264 165 1242 2604 2535 152 41095
internal_count=53724 12237 41487 392 341 4110 1506 264 165 1242 2604 2535 152 41095
cat_boundaries=0 1 2
cat_threshold=33834 1024
is_linear=0
shrinkage=0.035


Tree=170
num_leaves=15
num_cat=3
split_feature=26 23 6 20 23 20 32 24 32 17 32 24 17 22
split_gain=2.15043 2.26067 1.86948 2.05821 2.67131 2.28139 2.48026 2.17691 4.43479 2.81886 1.98829 2.53726 2.64379 1.7987
threshold=312.50000000000006 0.71938338578024796 7.1000000000000005 2000.3571428571431 1.8459722810627612 2298.1666666666674 0 1.5000000000000002 1 688.22773644165443 2 5.5000000000000009 89.734455851183995 1.6251824594520763
decision_type=2 8 8 8 10 10 1 2 1 10 1 2 10 10
left_child=2 -2 -1 7 -5 -6 -7 8 -4 10 -9 -12 -13 -8
right_child=1 -3 3 4 5 6 13 9 -10 -11 11 12 -14 -15
leaf_value=-0.00076739512603931932 -0.0015366959940571966 0.00084861835168490232 0.0020588161123666236 0.00018702244818107335 0.0047497287688747754 0.0036977710405978153 0.00024821713320179894 0.00012153353416989758 -0.00013853806958959963 -0.0080225304500102842 -0.00050082323080461583 -0.0017305031835660365 -0.0081773735685662062 -0.0075971605766487005
leaf_weight=4379 531 5331 1370 18987 291 122 88 5512 5993 55 9741 1190 79 55
leaf_count=4379 531 5331 1370 18987 291 122 88 5512 5993 55 9741 1190 79 55
internal_value=-1.01228e-06 0.000631423 -7.8529e-05 -9.07577e-06 0.000257402 0.00263773 0.000273516 -0.000226619 0.00027404 -0.000449012 -0.000421381 -0.000692596 -0.00216236 -0.0027389
internal_weight=53724 5862 47862 43483 19543 556 265 23940 7363 16577 16522 11010 1269 143
internal_count=53724 5862 47862 43483 19543 556 265 23940 7363 16577 16522 11010 1269 143
cat_boundaries=0 1 2 3
cat_threshold=59976 1058 22800
is_linear=0
shrinkage=0.035


Tree=171
num_leaves=15
num_cat=0
split_feature=30 5 10 26 8 29 24 16 0 3 23 22 1 17
split_gain=2.05454 2.1022 2.36968 2.10437 3.9532 2.44442 2.06837 2.04343 2.0812 2.00299 1.90515 1.66496 1.63939 2.27958
threshold=-0.97111920233974802 139.10000000000002 40.838095238095242 10.500000000000002 47.719961583959609 0.10837544681456425 3.5000000000000004 206.63228335259748 688.50000000000011 50.050000000000004 3.2477849613045007 1.9128474196605498 1.0500000000000003 0.83811101288428314
decision_type=2 10 10 2 2 2 2 10 10 8 10 10 8 8
left_child=-1 3 -3 4 5 -2 -7 10 -9 -4 12 -12 13 -5
right_child=1 2 9 7 -6 6 -8 8 -10 -11 11 -13 -14 -15
leaf_value=-0.00071016404574257498 0.00051650931286388525 0.0069764586092787798 0.0044992425830313971 0.00034171442743778858 -0.010870795191149229 0.00010980205373791118 -0.0062059939007246588 -0.0080256826466379265 0.00098020424309652309 0.00037446755436784624 0.0085597183951571336 0.00058481159694069487 -1.5638033489306077e-05 -0.0091114700871423402
leaf_weight=4573 410 63 141 67 51 103 160 73 51 12162 54 72 35691 53
leaf_count=4573 410 63 141 67 51 103 160 73 51 12162 54 72 35691 53
internal_value=-9.93397e-07 6.50532e-05 0.000459739 -6.76727e-05 -0.00192942 -0.00117667 -0.00377661 -3.0032e-05 -0.00442722 0.000423549 -1.42458e-05 0.00419888 -2.96537e-05 -0.00403089
internal_weight=53724 49151 12366 36785 724 673 263 36061 124 12303 35937 126 35811 120
internal_count=53724 49151 12366 36785 724 673 263 36061 124 12303 35937 126 35811 120
is_linear=0
shrinkage=0.035


Tree=172
num_leaves=15
num_cat=2
split_feature=23 32 23 9 22 15 13 3 16 22 23 32 23 22
split_gain=2.0338 3.53983 3.21701 3.34202 2.99191 2.45866 6.43646 2.18461 1.89844 1.78047 3.40868 2.95205 4.56284 2.34965
threshold=0.56557122334409937 0 0.13344941042644634 1942.5000000000002 0.72275681343581921 415.50000000000006 270.12500000000006 541.25000000000011 0.54772255750852961 0.97543190900335597 1.0744764980450288 1 1.2548181698727643 1.4052072675436353
decision_type=8 1 10 10 10 2 10 10 10 10 10 1 8 10
left_child=1 4 3 -3 -1 7 -7 8 -2 10 -10 -11 13 -13
right_child=5 2 -4 -5 -6 6 -8 -9 9 11 -12 12 -14 -15
leaf_value=-0.0018997562347034078 -0.001069475245527877 -0.00045596249930729925 -0.00058217534225467012 0.010215344794494638 -0.0076750220281296775 0.012518188962712885 0.00067989337105699632 -0.0038098546866858281 0.00014680099377880595 -0.00056121612207701073 0.0017659760931507216 -0.00026151621696983164 0.00093046838144141908 -0.0046685443367811561
leaf_weight=477 1974 72 2324 66 140 52 4483 181 16415 11625 1759 8076 5934 146
leaf_count=477 1974 72 2324 66 140 52 4483 181 16415 11625 1759 8076 5934 146
internal_value=-9.97702e-07 -0.000873627 -0.000268755 0.00482644 -0.00320975 5.21355e-05 0.000829273 -2.4379e-05 -9.04785e-06 3.86917e-05 0.000303958 -0.000148327 0.00019108 -0.000342563
internal_weight=53724 3079 2462 138 617 50645 4535 46110 45929 43955 18174 25781 14156 8222
internal_count=53724 3079 2462 138 617 50645 4535 46110 45929 43955 18174 25781 14156 8222
cat_boundaries=0 1 2
cat_threshold=6208 41351
is_linear=0
shrinkage=0.035


Tree=173
num_leaves=15
num_cat=3
split_feature=26 23 32 22 4 22 16 2 0 22 23 22 32 32
split_gain=1.97964 1.7677 4.94115 6.18527 4.63891 3.09024 2.74772 2.57866 2.01956 1.92505 4.23644 3.04251 2.90473 2.66517
threshold=300.50000000000006 0.41301601441261887 0 0.5299172649572651 75.15000000000002 0.77030831769964714 16.431676725155853 20.100000000000005 3.5500000000000003 0.91394521620585667 0.89675329827265726 0.71617794301896354 1 2
decision_type=2 8 1 10 10 10 10 10 10 10 10 10 1 1
left_child=1 2 3 -1 7 -4 -7 8 -5 10 13 -12 -11 -3
right_child=-2 9 5 4 -6 6 -8 -9 -10 12 11 -13 -14 -15
leaf_value=-0.00010083851220126671 0.00054661573789192115 0.0010427073138797906 -0.00052495449919619708 -0.002133495589304302 -0.01147346246126108 -0.00052529012784361848 0.0091901523752328292 0.0022444646030890985 -0.011122223015451297 -0.00080520723889969793 0.0060592616385505369 0.0011800470377388182 -1.3806621525444133e-05 -0.00031569178876744865
leaf_weight=354 7025 2223 347 76 140 57 88 69 50 7390 161 2889 24421 8434
leaf_count=354 7025 2223 347 76 140 57 88 69 50 7390 161 2889 24421 8434
internal_value=-9.49262e-07 -8.337e-05 -0.00141734 -0.00329304 -0.00671205 0.00125707 0.00548077 -0.00309223 -0.00598882 -4.86072e-05 0.000298074 0.0014471 -0.000198012 -3.12982e-05
internal_weight=53724 46699 1181 689 335 492 145 195 126 45518 13707 3050 31811 10657
internal_count=53724 46699 1181 689 335 492 145 195 126 45518 13707 3050 31811 10657
cat_boundaries=0 1 2 3
cat_threshold=14427 135 8454
is_linear=0
shrinkage=0.035


Tree=174
num_leaves=15
num_cat=4
split_feature=24 32 13 3 6 6 14 32 23 22 23 32 23 32
split_gain=1.98074 3.89338 2.63304 3.14786 1.90301 1.8847 3.44606 1.64666 1.83484 1.73673 2.43003 2.91824 2.3801 2.20227
threshold=4.5000000000000009 0 1757.5000000000002 3.5500000000000003 500.50000000000006 10.950000000000001 19.025000000000002 1 1.6857212419431311 0.88696215972411474 0.64286717777866997 2 1.0771195213417017 3
decision_type=2 1 8 10 8 8 10 1 10 10 8 1 10 1
left_child=2 5 7 -4 -5 6 -2 8 -1 12 11 -11 13 -9
right_child=1 -3 3 4 -6 -7 -8 9 -10 10 -12 -13 -14 -15
leaf_value=0.00033831636833639 -0.0020687135711777434 0.00013599953995541489 0.010655817517017569 -0.0042942999885417525 0.0027640095576565021 -0.00088262259379053444 -0.010944500748145706 0.0010651819386125127 0.0025954698599303322 7.0272331446176393e-05 -0.00016339823249273316 -0.005177610162539344 0.0031581472748411429 -0.00021046203648674111
leaf_weight=12135 549 7139 51 51 290 4494 55 2598 453 265 20509 248 359 4528
leaf_count=12135 549 7139 51 51 290 4494 55 2598 453 265 20509 248 359 4528
internal_value=-9.38629e-07 -0.000392151 0.000114487 0.0029512 0.00166157 -0.00112921 -0.00296016 8.70719e-05 0.000420208 -6.02072e-05 -0.000223236 -0.0025908 0.000397431 0.000256232
internal_weight=53724 12237 41487 392 341 5098 604 41095 12588 28507 21022 513 7485 7126
internal_count=53724 12237 41487 392 341 5098 604 41095 12588 28507 21022 513 7485 7126
cat_boundaries=0 1 2 3 4
cat_threshold=37930 21544 41808 390
is_linear=0
shrinkage=0.035


Tree=175
num_leaves=15
num_cat=3
split_feature=23 22 32 16 29 32 4 23 32 26 22 22 22 4
split_gain=1.93779 4.49059 3.83643 2.11906 2.44765 2.31666 2.87789 2.48631 3.06192 3.14872 4.49679 2.71867 3.04549 2.58282
threshold=1.2062900538780637 0.82941136961873985 0 560.35846336601708 0.84313847884979054 1 27.100000000000005 0.41301601441261887 2 211.50000000000003 0.5299172649572651 0.98557824835227625 0.55273152394362557 14.65
decision_type=10 10 1 10 2 1 8 8 1 2 10 10 10 10
left_child=3 -2 -3 5 -5 6 -1 8 9 10 -7 12 -10 -12
right_child=1 2 -4 4 -6 7 -8 -9 11 -11 13 -13 -14 -15
leaf_value=-0.00504464048097645 0.0076098367519992988 -0.0008797578445237567 0.000754398328681812 -0.0003620706258467242 -0.0095109061264156483 -0.0022628809772620951 0.00070124537186742951 -0.00013501703761145613 0.0013368894899257512 0.0020870290782965379 -0.0039328656496945774 0.0067748988546275845 -0.0036647163563824333 -0.014392209969011549
leaf_weight=104 101 2297 7376 84 58 192 5371 37291 310 74 51 55 279 81
leaf_count=104 101 2297 7376 84 58 192 5371 37291 310 74 51 55 279 81
internal_value=-9.42229e-07 0.000444667 0.00036596 -0.00010008 -0.00429532 -8.59931e-05 0.000586526 -0.000182217 -0.00186442 -0.00421037 -0.0057865 -0.000323468 -0.0010432 -0.0106421
internal_weight=53724 9774 9673 43950 142 43808 5475 38333 1042 398 324 644 589 132
internal_count=53724 9774 9673 43950 142 43808 5475 38333 1042 398 324 644 589 132
cat_boundaries=0 1 2 3
cat_threshold=8451 1280 6211
is_linear=0
shrinkage=0.035


Tree=176
num_leaves=15
num_cat=1
split_feature=30 23 22 32 4 23 21 1 13 3 16 29 22 9
split_gain=1.89104 1.83649 4.14654 3.64606 2.15992 2.10149 2.25968 2.09082 4.41808 2.74654 2.21865 2.67841 2.06051 1.88889
threshold=-0.97111920233974802 1.2062900538780637 0.96071026956546846 0 5.5500000000000007 3.2477849613045007 1871.5692307692309 51.850000000000001 41.050000000000004 26.100000000000005 560.35846336601708 0.84313847884979054 0.78916870577283704 2877.5000000000005
decision_type=2 10 10 1 10 10 2 10 10 8 10 2 10 10
left_child=-1 7 4 13 -3 -5 -7 -2 -9 -10 -11 -12 -6 -4
right_child=1 2 3 5 12 6 -8 8 9 10 11 -13 -14 -15
leaf_value=-0.0006813458468692005 -0.00025782883929558392 -0.0020371961758842007 -0.0010480124838147778 0.00051704413742380143 0.01082922764579978 -0.0012463973743612306 0.0075691172429360456 0.0085130256079608887 0.0069445044918511247 0.00022042819708431046 0.00030696278342100632 -0.010239996236579663 0.0035403399270762261 -0.0057433469285341123
leaf_weight=4573 23011 68 991 7554 52 52 100 74 69 16586 63 50 368 113
leaf_count=4573 23011 68 991 7554 52 52 100 74 69 16586 63 50 368 113
internal_value=-9.7821e-07 6.23859e-05 0.000505172 0.000330177 0.003629 0.000599929 0.00460963 -4.09697e-05 0.000255311 0.000216341 0.00018647 -0.00459599 0.00455956 -0.00153846
internal_weight=53724 49151 9298 8810 488 7706 152 39853 16842 16768 16699 113 420 1104
internal_count=53724 49151 9298 8810 488 7706 152 39853 16842 16768 16699 113 420 1104
cat_boundaries=0 1
cat_threshold=258
is_linear=0
shrinkage=0.035


Tree=177
num_leaves=15
num_cat=2
split_feature=24 32 13 3 22 16 6 14 14 14 23 32 23 22
split_gain=1.85317 3.64889 2.46742 2.93271 1.83852 1.75669 1.73493 3.22394 1.61434 1.56954 1.91414 1.81866 4.3025 2.20792
threshold=4.5000000000000009 0 1757.5000000000002 3.5500000000000003 1.0859046617220149 560.35846336601708 10.950000000000001 19.025000000000002 960.50000000000011 3.0500000000000003 0.92755412417248173 1 0.13344941042644634 0.88696215972411474
decision_type=2 1 8 10 10 8 8 10 8 10 10 1 8 10
left_child=2 6 9 -4 5 -5 7 -2 -3 10 -1 -11 -13 -14
right_child=1 8 3 4 -6 -7 -8 -9 -10 11 -12 12 13 -15
leaf_value=-0.0024928945269591025 -0.0019874935010723376 5.8306729053616523e-05 0.010293606775812805 0.0015668172418820457 0.0036828004683851956 -0.0063316575571661822 -0.00085625089402732095 -0.010572061927018997 0.0038809867765972955 0.00043118548544468114 0.00033675462524234426 0.008606478719972074 0.00045783075585648434 -0.00028122008971109185
leaf_weight=624 549 7006 51 86 204 51 4494 55 133 14660 546 65 6765 18435
leaf_count=624 549 7006 51 86 204 51 4494 55 133 14660 546 65 6765 18435
internal_value=-8.87993e-07 -0.000379293 0.000110759 0.00285681 0.00161189 -0.0014929 -0.00109284 -0.00284958 0.000132005 8.42199e-05 -0.00117658 0.00012131 -5.86919e-05 -8.27687e-05
internal_weight=53724 12237 41487 392 341 137 5098 604 7139 41095 1170 39925 25265 25200
internal_count=53724 12237 41487 392 341 137 5098 604 7139 41095 1170 39925 25265 25200
cat_boundaries=0 1 2
cat_threshold=37930 23592
is_linear=0
shrinkage=0.035


Tree=178
num_leaves=15
num_cat=2
split_feature=26 23 14 23 16 32 22 23 32 22 17 1 23 15
split_gain=1.83209 3.17871 1.94995 1.83281 1.84346 1.77111 1.84999 1.75489 3.03806 3.04308 4.54377 2.9709 4.8646 3.00259
threshold=229.50000000000003 0.27476363203900822 1.9750000000000003 3.2477849613045007 364.94967701820059 0 1.03699550618226 0.51811528013180297 1 0.55273152394362557 28.075115610663648 190.50000000000003 0.31404353297100485 500.12500000000006
decision_type=2 8 8 10 10 1 10 8 1 10 10 10 10 2
left_child=2 -2 -1 4 5 -3 -7 8 -4 -10 -11 12 -12 -13
right_child=1 3 7 -5 -6 6 -8 -9 9 10 11 13 -14 -15
leaf_value=-0.0022654411853942308 0.0074383200134616355 0.00078151453187482053 0.0029464792835512269 0.0060421352280276034 -0.0054270910727791492 0.00040153922817533851 -0.00049135333884967449 -5.3424502726032626e-05 -6.3047221328100468e-05 -0.00083649162888221396 -0.014668181173395941 0.004089413466936094 -0.0043163599708103441 -0.006071579115936694
leaf_weight=517 71 5492 186 62 65 6632 4967 34054 796 501 86 59 160 76
leaf_count=517 71 5492 186 62 65 6632 4967 34054 796 501 86 59 160 76
internal_value=-8.3198e-07 0.000295828 -0.000141623 0.000264224 0.000241589 0.000264729 1.91155e-05 -0.000110742 -0.00115495 -0.00162483 -0.00304436 -0.00589917 -0.00815539 -0.0016434
internal_weight=53724 17289 36435 17218 17156 17091 11599 35918 1864 1678 882 381 246 135
internal_count=53724 17289 36435 17218 17156 17091 11599 35918 1864 1678 882 381 246 135
cat_boundaries=0 1 2
cat_threshold=3240 292
is_linear=0
shrinkage=0.035


Tree=179
num_leaves=15
num_cat=3
split_feature=24 32 23 22 32 2 16 15 23 32 24 4 1 30
split_gain=1.76633 7.22739 2.71622 3.15931 2.91417 2.11844 2.00785 3.86031 1.99754 1.9697 2.18361 1.90396 2.36521 1.87999
threshold=5.5000000000000009 0 2.0739180411378979 1.8174112776305755 1 971.00000000000011 96.072888995803538 400.50000000000006 2.6436217829168225 2 1.5000000000000002 80.15000000000002 159.80000000000004 -0.8901731938066898
decision_type=2 1 10 10 1 10 8 2 10 1 2 8 10 2
left_child=2 11 9 4 8 6 -3 -8 -4 10 -1 -2 -13 -11
right_child=1 5 3 -5 -6 -7 7 -9 -10 13 -12 12 -14 -15
leaf_value=0.0021482131922590719 -0.01088838591115413 -0.00026964826923023402 0.0046344222854665757 -0.00024782342255530898 0.00082368313897379934 0.0048922883181589999 -0.011775714498690585 -9.6327113987163026e-05 0.012042483248573262 -0.00052805160317173205 0.0002145912671783557 0.00082087477622553716 -0.0071964739129848051 6.8640733292064121e-05
leaf_weight=1073 77 3869 158 384 205 89 50 94 65 7810 2131 70 117 37532
leaf_count=1073 77 3869 158 384 205 89 50 94 65 7810 2131 70 117 37532
internal_value=-8.19269e-07 -0.000675176 5.88938e-05 0.00206021 0.00410992 -0.000301662 -0.000423549 -0.00441074 0.0067159 2.52103e-05 0.000861802 -0.00612635 -0.00425211 -3.41768e-05
internal_weight=53724 4366 49358 812 428 4102 4013 144 223 48546 3204 264 187 45342
internal_count=53724 4366 49358 812 428 4102 4013 144 223 48546 3204 264 187 45342
cat_boundaries=0 1 2 3
cat_threshold=1024 52281 1024
is_linear=0
shrinkage=0.035


Tree=180
num_leaves=15
num_cat=3
split_feature=23 32 24 22 15 13 32 3 30 5 22 32 23 3
split_gain=1.73173 3.19865 2.69652 2.63416 2.52201 3.55455 2.45496 2.01229 1.8858 2.64795 1.82075 3.5556 2.39233 1.81813
threshold=0.78338076795575651 0 1.0000000180025095e-35 1.1807271279209666 440.50000000000006 350.25000000000006 1 200.75000000000003 0.78724360164103002 720.50000000000011 1.0709810382689597 2 0.64286717777866997 541.25000000000011
decision_type=8 1 2 10 2 10 1 8 2 8 8 1 10 10
left_child=1 2 6 7 13 -6 -1 -4 -9 -10 -3 12 -12 -2
right_child=4 10 3 -5 5 -7 -8 8 9 -11 11 -13 -14 -15
leaf_value=0.0064938423514172864 2.9350583232395646e-05 -0.00080469739971067151 0.00083141271439825964 -0.0049928996602233624 0.0093613351186065657 0.00083500635432805649 0.00067351018507091562 -0.00039776906171219278 -0.0082647259310623146 0.00092240232138839713 0.0066945534421300346 -0.0066562340972730182 -0.0029547071542804816 -0.0032357262587950878
leaf_weight=144 40530 5441 2216 117 56 3519 226 831 90 63 50 167 69 205
leaf_count=144 40530 5441 2216 117 56 3519 226 831 90 63 50 167 69 205
internal_value=-8.02678e-07 -0.000431782 0.000372045 5.49288e-05 9.08006e-05 0.000981454 0.00318623 0.000246991 -0.00106669 -0.00457231 -0.000948148 -0.00364908 0.00111606 1.25239e-05
internal_weight=53724 9414 3687 3317 44310 3575 370 3200 984 153 5727 286 119 40735
internal_count=53724 9414 3687 3317 44310 3575 370 3200 984 153 5727 286 119 40735
cat_boundaries=0 1 2 3
cat_threshold=9486 1024 33376
is_linear=0
shrinkage=0.035


Tree=181
num_leaves=15
num_cat=1
split_feature=26 23 20 23 24 32 17 22 20 22 23 24 29 26
split_gain=1.69448 2.07228 1.62192 2.43268 2.33254 4.24858 2.79867 4.72604 2.07907 2.35253 2.03587 1.77851 1.90144 1.70595
threshold=312.50000000000006 0.71938338578024796 2000.3571428571431 1.8459722810627612 1.5000000000000002 0 112.29020842927984 1.5512541582449924 2298.1666666666674 1.7418380688845632 0.51811528013180297 3.5000000000000004 0.69676570133721638 69.500000000000014
decision_type=2 8 8 10 2 1 8 10 10 10 10 2 2 2
left_child=2 -2 4 -4 5 -1 -6 10 -5 -10 13 -12 -13 -8
right_child=1 -3 3 8 6 -7 7 -9 9 -11 11 12 -14 -15
leaf_value=0.0018826805692837259 -0.0015150501543365212 0.00076859868266007463 8.7789763753511575e-05 0.004291211866407527 -0.00038773847721831428 -0.00015573350543445993 -0.0001350234689367614 -0.010362004448331017 0.002769152463294405 -0.0031654047777847157 0.0018847048221822746 -0.00010857810055919498 -0.0058943159736248221 -0.007985536690262196
leaf_weight=1540 531 5331 21297 312 17221 6434 53 80 192 135 215 187 106 90
leaf_count=1540 531 5331 21297 312 17221 6434 53 80 192 135 215 187 106 90
internal_value=-7.76025e-07 0.000560623 -6.9586e-05 0.000151897 -0.000256976 0.000241038 -0.000478192 -0.002592 0.00227124 0.000308332 -0.00156545 -0.00050776 -0.00226549 -0.00517877
internal_weight=53724 5862 47862 21936 25926 7974 17952 731 639 327 651 508 293 143
internal_count=53724 5862 47862 21936 25926 7974 17952 731 639 327 651 508 293 143
cat_boundaries=0 1
cat_threshold=1058
is_linear=0
shrinkage=0.035


Tree=182
num_leaves=15
num_cat=1
split_feature=30 6 13 4 20 29 11 3 5 1 9 33 23 10
split_gain=1.64344 1.6465 2.2576 3.3333 1.62161 2.8894 1.9401 1.37697 1.52656 1.30772 1.44208 1.30337 1.27306 1.36497
threshold=-0.97111920233974802 113.10000000000001 44.45000000000001 79.850000000000009 791.83333333333337 0.21022171450811275 358.86111111111114 51.850000000000001 128.20000000000002 47.550000000000004 1552.5000000000002 0 3.2477849613045007 72.535714285714292
decision_type=2 10 10 10 10 2 8 8 10 8 10 1 10 10
left_child=11 4 3 -3 5 -2 -7 8 -4 10 -9 -1 -6 -14
right_child=1 2 7 -5 12 6 -8 9 -10 -11 -12 -13 13 -15
leaf_value=-0.0016716307914407542 -0.0069612506709273653 0.0011771929937262589 -0.00033194097453657462 0.01103548191219442 -3.8938286220180937e-05 -0.0010918821023936395 0.0056358306673527387 -0.006621153470594437 0.0057607739002125558 0.00030896639818865678 0.0009163871507744416 -0.00029599698690734602 0.0063990775141148622 -0.00031199748410920926
leaf_weight=1108 96 151 87 54 33221 1189 50 65 113 13928 54 3465 73 70
leaf_count=1108 96 151 87 54 33221 1189 50 65 113 13928 54 3465 73 70
internal_value=-7.96326e-07 5.82742e-05 0.000372095 0.00397493 -7.24659e-05 -0.00126629 -0.000798824 0.000318878 0.00316699 0.000277214 -0.00330173 -0.000635061 -2.45148e-05 0.00321438
internal_weight=53724 49151 14452 205 34699 1335 1239 14247 200 14047 119 4573 33364 143
internal_count=53724 49151 14452 205 34699 1335 1239 14247 200 14047 119 4573 33364 143
cat_boundaries=0 1
cat_threshold=8
is_linear=0
shrinkage=0.035


Tree=183
num_leaves=15
num_cat=3
split_feature=24 32 23 22 32 14 16 15 23 4 1 1 7 32
split_gain=1.62121 6.73574 2.43162 2.90153 2.74058 1.9511 2.51285 3.17956 1.84592 1.80175 2.22667 1.72815 2.14807 1.64604
threshold=5.5000000000000009 0 2.0739180411378979 1.8174112776305755 1 960.50000000000011 96.072888995803538 400.50000000000006 2.6436217829168225 89.65000000000002 159.80000000000004 1.0500000000000003 2.0076839826839832 2
decision_type=2 1 10 10 1 8 8 2 10 10 10 8 2 1
left_child=2 9 11 4 8 6 -3 -8 -4 -2 -11 12 -1 -13
right_child=1 5 3 -5 -6 -7 7 -9 -10 10 -12 13 -14 -15
leaf_value=-0.00043565469639571881 -0.0097943160396579739 -0.00024685488504360217 0.0044397254126929209 -0.00026153564819279623 0.00073669467195445169 0.0042910407132824135 -0.011581389208239588 -0.00071015198216668935 0.011559582028014121 0.0017275382857769729 -0.0065974394319528087 0.00080072096711374281 -0.0092410968076861045 -1.8432185927485277e-05
leaf_weight=90 99 3862 158 384 205 106 50 84 65 58 107 3204 50 45202
leaf_count=90 99 3862 158 384 205 106 50 84 65 58 107 3204 50 45202
internal_value=-7.35969e-07 -0.000646797 5.64716e-05 0.00195004 0.00391436 -0.000286243 -0.000413589 -0.00503727 0.00644053 -0.00590927 -0.00370634 2.46015e-05 -0.00379067 3.60264e-05
internal_weight=53724 4366 49358 812 428 4102 3996 134 223 264 165 48546 140 48406
internal_count=53724 4366 49358 812 428 4102 3996 134 223 264 165 48546 140 48406
cat_boundaries=0 1 2 3
cat_threshold=1024 52281 1024
is_linear=0
shrinkage=0.035


Tree=184
num_leaves=15
num_cat=3
split_feature=26 23 32 14 23 20 23 24 32 17 22 17 22 33
split_gain=1.57066 1.90712 1.73406 1.68816 1.6156 1.59837 2.23211 1.86608 3.54593 2.61985 4.45936 1.87957 1.72134 1.8212
threshold=244.50000000000003 0.27476363203900822 0 1.9750000000000003 0.91473535026372299 2000.3571428571431 1.6857212419431311 1.5000000000000002 1 112.29020842927984 1.5512541582449924 688.22773644165443 1.3377372216410082 2
decision_type=2 8 1 8 8 8 10 2 1 8 10 8 10 1
left_child=3 -2 4 -1 -3 7 -7 8 -5 -9 11 -11 -8 -14
right_child=1 2 -4 5 -6 6 12 9 -10 10 -12 -13 13 -15
leaf_value=-0.0020253608025823269 0.006335087732295506 -0.00063432829000144178 5.4852745252878604e-05 0.0018787874809091142 0.0012544139161161196 7.8928365884140613e-05 0.0052526385630835377 -0.0004084232187307329 -0.00019629210933301341 -0.00092824316936955043 -0.010453941528390669 -0.0073243808353112803 0.0024770851172926135 -0.001778401022937189
leaf_weight=555 59 670 10941 1231 3148 16491 158 13962 5290 551 74 58 365 171
leaf_count=555 59 670 10941 1231 3148 16491 158 13962 5290 551 74 58 365 171
internal_value=-7.50251e-07 0.000305836 0.000279596 -0.000117543 0.000920166 -8.96735e-05 0.000161064 -0.000293241 0.000199148 -0.000512481 -0.00262122 -0.00159208 0.00209827 0.00112848
internal_weight=53724 14818 14759 38906 3818 38351 17185 21166 6521 14645 683 609 694 536
internal_count=53724 14818 14759 38906 3818 38351 17185 21166 6521 14645 683 609 694 536
cat_boundaries=0 1 2 3
cat_threshold=2216 1058 8
is_linear=0
shrinkage=0.035


Tree=185
num_leaves=15
num_cat=1
split_feature=24 32 13 3 6 30 23 4 30 29 23 8 29 14
split_gain=1.52546 3.31525 2.17799 2.70783 1.71129 1.57267 3.83061 2.70876 1.74492 1.4942 1.48817 1.91528 2.07691 1.49088
threshold=4.5000000000000009 0 1757.5000000000002 3.5500000000000003 500.50000000000006 -0.36648370705903521 1.7985845743171256 60.150000000000006 -0.45273527932988084 0.99907018497641664 0.68294511829341464 16.274104751852487 0.73865729060996177 949.75000000000011
decision_type=2 1 8 10 8 2 8 8 2 2 8 2 2 8
left_child=2 5 9 -4 -5 6 8 -8 -2 -1 11 12 -3 -12
right_child=1 10 3 4 -6 -7 7 -9 -10 -11 13 -13 -14 -15
leaf_value=0.00010055810935522004 -0.0011445670751544081 -0.0010804550264101927 0.0098254758933399005 -0.0041593912555254065 0.0025317766614992299 -0.00058872529682983557 -0.012069203880528222 -0.0027707987195081129 -0.006500094722974103 -0.0017102776222836904 0.00016029408951544614 8.5288863862630464e-05 -0.006583213173439198 0.0039283874624529641
leaf_weight=40534 1431 214 51 51 290 2448 69 88 74 561 7155 496 136 126
leaf_count=40534 1431 214 51 51 290 2448 69 88 74 561 7155 496 136 126
internal_value=-7.29028e-07 -0.000344049 0.000100566 0.00268054 0.0014854 -0.00115201 -0.00198435 -0.00710374 -0.00142855 7.56328e-05 6.63475e-05 -0.00131859 -0.00328128 0.000228153
internal_weight=53724 12237 41487 392 341 4110 1662 157 1505 41095 8127 846 350 7281
internal_count=53724 12237 41487 392 341 4110 1662 157 1505 41095 8127 846 350 7281
cat_boundaries=0 1
cat_threshold=33834
is_linear=0
shrinkage=0.035


Tree=186
num_leaves=15
num_cat=1
split_feature=30 23 22 32 4 29 23 9 1 13 3 16 29 22
split_gain=1.51279 1.53386 3.87418 3.31811 2.01298 1.84182 1.81057 1.86784 1.76869 4.09429 2.58532 1.89003 2.45669 1.73189
threshold=-0.97111920233974802 1.2062900538780637 0.96071026956546846 0 8.0500000000000025 0.93237596376505805 1.2885193123407501 1732.5000000000002 51.850000000000001 41.050000000000004 26.100000000000005 560.35846336601708 0.84313847884979054 1.1132586933191397
decision_type=2 10 10 1 10 2 10 10 10 10 8 10 2 10
left_child=-1 8 4 5 -3 -4 -6 -8 13 -10 -11 -12 -13 -2
right_child=1 2 3 -5 6 -7 7 -9 9 10 11 12 -14 -15
leaf_value=-0.00060929915766213454 -0.00012274335230093059 -0.0010199225824072699 -0.0013823259962515843 0.00066211319065632513 0.0021916184680345037 0.0016199500406495423 0.0022846707731552767 0.0096078267150310689 0.0081832994337936379 0.0067241229596421929 0.00019880773221425113 0.00043802418170825523 -0.0096524888580157009 -0.0010379584563919278
leaf_weight=4573 20118 96 1737 6785 202 288 71 119 74 69 16586 63 50 2893
leaf_count=4573 20118 96 1737 6785 202 288 71 119 74 69 16586 63 50 2893
internal_value=-7.68571e-07 5.59052e-05 0.000460568 0.000291435 0.00348004 -0.000947729 0.00458103 0.00700003 -3.85515e-05 0.000233952 0.000196441 0.000167464 -0.00424662 -0.000238007
internal_weight=53724 49151 9298 8810 488 2025 392 190 39853 16842 16768 16699 113 23011
internal_count=53724 49151 9298 8810 488 2025 392 190 39853 16842 16768 16699 113 23011
cat_boundaries=0 1
cat_threshold=8451
is_linear=0
shrinkage=0.035


Tree=187
num_leaves=15
num_cat=6
split_feature=23 22 32 32 24 32 4 13 32 22 9 32 17 32
split_gain=1.46965 3.84043 3.64565 3.28056 2.08442 2.03645 2.03245 3.20825 1.79723 1.60131 2.97729 2.45849 1.95259 1.84708
threshold=0.84049629194666198 1.2903850375594808 0 1 1.0000000180025095e-35 2 520.50000000000011 3275.0000000000005 3 0.88219178082191785 942.50000000000011 4 50.53501636279487 5
decision_type=8 8 1 1 2 1 10 8 1 8 10 1 10 1
left_child=1 3 -3 4 8 -6 9 -8 -1 10 11 12 -2 -11
right_child=6 2 -4 -5 5 -7 7 -9 -10 13 -12 -13 -14 -15
leaf_value=0.005566505929883685 -0.0015483118205156644 0.00083729162360267621 -0.0075330112930278971 -0.00083955163481977792 0.0020513458565620999 -8.650056830786377e-05 0.00087809980197394919 0.008950796776644572 0.00083874365562223833 -0.0003475815559401436 0.0014354141864244779 0.00040376590514983946 -0.0080970589120665359 0.00017303266639354879
leaf_weight=148 530 104 157 5831 595 5183 2332 57 287 14365 2604 1585 58 19888
leaf_count=148 530 104 157 5831 595 5183 2332 57 287 14365 2604 1585 58 19888
internal_value=-6.78451e-07 -0.000336452 -0.00449639 -0.000244476 0.000315082 0.000138629 9.91038e-05 0.001089 0.00263782 3.83811e-05 0.000638344 -0.000317923 -0.00221967 -4.5372e-05
internal_weight=53724 12305 261 12044 6213 5778 41419 2389 435 39030 4777 2173 588 34253
internal_count=53724 12305 261 12044 6213 5778 41419 2389 435 39030 4777 2173 588 34253
cat_boundaries=0 1 2 3 4 5 6
cat_threshold=34592 9999 256 1024 38952 9495
is_linear=0
shrinkage=0.035


Tree=188
num_leaves=15
num_cat=2
split_feature=26 23 20 23 32 24 32 17 22 23 24 29 3 26
split_gain=1.45005 1.89902 1.37547 2.06008 2.05792 1.98686 3.62748 2.49782 4.10099 1.83187 1.58898 1.75574 1.67068 1.5353
threshold=312.50000000000006 0.71938338578024796 2000.3571428571431 1.8459722810627612 0 1.5000000000000002 1 112.29020842927984 1.5512541582449924 0.51811528013180297 3.5000000000000004 0.69676570133721638 881.00000000000011 69.500000000000014
decision_type=2 8 8 10 1 2 1 8 10 10 2 2 10 2
left_child=2 -2 5 -4 -5 6 -1 -7 9 13 -11 -12 -13 -9
right_child=1 -3 3 4 -6 7 -8 8 -10 10 11 12 -14 -15
leaf_value=0.0017396797061338385 -0.0014682579997064643 0.00071779526144548562 8.0676318893511137e-05 -0.0016266002202557943 0.0030907184244087283 -0.00035557678659650394 -0.00014385169346147017 -0.00012451719400344481 -0.0096761975880260299 0.0017831304587552126 -6.8050316904191285e-05 -0.0012507591641614919 -0.0099684654850174092 -0.0075716917552911727
leaf_weight=1540 531 5331 21297 138 501 17221 6434 53 80 215 187 56 50 90
leaf_count=1540 531 5331 21297 138 501 17221 6434 53 80 215 187 56 50 90
internal_value=-6.39035e-07 0.000518693 -6.42928e-05 0.00013967 0.00208997 -0.00023686 0.000222773 -0.000441027 -0.00243797 -0.00148151 -0.000478243 -0.00213969 -0.00562668 -0.004909
internal_weight=53724 5862 47862 21936 639 25926 7974 17952 731 651 508 293 106 143
internal_count=53724 5862 47862 21936 639 25926 7974 17952 731 651 508 293 106 143
cat_boundaries=0 1 2
cat_threshold=401 1058
is_linear=0
shrinkage=0.035


Tree=189
num_leaves=15
num_cat=3
split_feature=5 10 14 32 22 24 32 23 22 32 4 1 30 1
split_gain=1.45754 1.90672 1.48426 1.49334 1.44419 1.41008 6.2621 1.7488 2.14805 2.13447 1.73777 2.06943 1.72222 2.61698
threshold=6.5500000000000007 1.0000000180025095e-35 10.525000000000002 0 1.2745430613150301 5.5000000000000009 1 1.6248060564443316 1.3377372216410082 2 80.15000000000002 159.80000000000004 -0.62587551141915865 99.750000000000014
decision_type=8 10 8 1 8 2 1 10 10 1 8 10 2 10
left_child=2 -2 -1 4 -4 7 10 -3 -9 -10 -7 -12 13 -11
right_child=1 5 3 -5 -6 6 -8 8 9 12 11 -13 -14 -15
leaf_value=-0.00043873979172551528 0.0055213143379585702 5.4107577995103516e-05 -0.0023264141983818268 -0.00063197681971360008 -0.010064856364223803 -0.010171674280164755 -0.00020592751018739131 0.0030928473505868665 0.001770600293722705 -0.0089527552703886678 0.00088810299563532081 -0.006604194102168788 -5.9369864203700552e-05 0.00045441279376207512
leaf_weight=4048 73 43186 65 173 56 77 3844 497 743 68 70 117 636 71
leaf_count=4048 73 43186 65 173 56 77 3844 497 743 68 70 117 636 71
internal_value=-6.77647e-07 5.34031e-05 -0.000615098 -0.00299537 -0.0057118 4.47491e-05 -0.0005757 0.000101195 0.00110775 0.000449799 -0.00563864 -0.0038495 -0.000831737 -0.00429872
internal_weight=53724 49382 4342 294 121 49309 4108 45201 2015 1518 264 187 775 139
internal_count=53724 49382 4342 294 121 49309 4108 45201 2015 1518 264 187 775 139
cat_boundaries=0 1 2 3
cat_threshold=32916 1024 44105
is_linear=0
shrinkage=0.035


Tree=190
num_leaves=15
num_cat=2
split_feature=30 4 3 29 32 10 8 1 25 32 23 14 5 1
split_gain=1.39064 1.44483 3.41507 2.85114 1.36854 2.05754 2.64107 2.46291 1.32204 1.24556 1.36268 1.23081 3.53317 2.05228
threshold=-0.97111920233974802 220.30000000000004 370.50000000000006 0.68432406471780916 0 223.91666666666671 55.080195789404122 370.50000000000006 8.5000000000000018 1 0.56557122334409937 235.12500000000003 87.050000000000011 260.40000000000003
decision_type=2 8 10 2 1 10 2 8 2 1 10 10 10 10
left_child=9 2 11 8 5 6 -3 -7 -4 10 -1 13 -13 -2
right_child=1 4 3 -5 -6 7 -8 -9 -10 -11 -12 12 -14 -15
leaf_value=-0.0034748473337645382 -2.5807987909311626e-05 -0.001333967037214824 -0.011510042770274191 0.0011860666767546826 0.00049793816608525315 -0.0083105175861451046 0.0045686103158362589 -0.00055500959134740266 -0.0037665780632702927 -0.00024319266675629385 -0.00081742586701826392 -0.0093149771327752581 -0.00057476897361095479 0.0031560539277922365
leaf_weight=328 36914 374 58 63 10653 87 118 112 60 3414 831 61 406 245
leaf_count=328 36914 374 58 63 10653 87 118 112 60 3414 831 61 406 245
internal_value=-7.37992e-07 5.35997e-05 -5.03575e-05 -0.00478122 0.000399935 -0.0010951 0.000113412 -0.00406619 -0.00788586 -0.000584185 -0.00156771 -2.69674e-05 -0.00180301 -4.40727e-06
internal_weight=53724 49151 37807 181 11344 691 492 199 118 4573 1159 37626 467 37159
internal_count=53724 49151 37807 181 11344 691 492 199 118 4573 1159 37626 467 37159
cat_boundaries=0 1 2
cat_threshold=131 43016
is_linear=0
shrinkage=0.035


Tree=191
num_leaves=15
num_cat=3
split_feature=1 23 24 32 23 22 32 22 19 14 1 32 22 29
split_gain=1.38449 1.82783 1.3689 5.77055 2.02153 2.54839 1.75353 2.19633 1.66399 1.61937 1.58566 1.53028 1.92622 1.86643
threshold=1.2500000000000002 0.3856267347173799 5.5000000000000009 0 2.0739180411378979 1.3274525631923442 1 1.5512541582449924 50.025000000000006 960.50000000000011 129.80000000000004 2 1.8174112776305755 0.94704596667653973
decision_type=8 10 2 1 10 10 1 8 8 8 10 1 10 2
left_child=1 -1 4 8 -2 -6 9 -8 -4 -5 -10 13 -13 -7
right_child=2 -3 3 6 5 11 7 -9 10 -11 -12 12 -14 -15
leaf_value=-0.0071229360058903705 3.591531560741541e-05 -0.00074783783528859415 -0.010576928715842466 0.00028941453061332855 0.0067033508862368767 -0.0034647004464698704 -0.00074730709793376126 -0.0065345483354758479 0.0011094317016965252 0.0060324299201038826 -0.0057701302519126332 0.0047586893600476011 0.0002495618168930805 0.0032270313429801417
leaf_weight=70 48278 213 61 2042 107 157 1915 79 54 57 149 196 276 70
leaf_count=70 48278 213 61 2042 107 157 1915 79 54 57 149 196 276 70
internal_value=-8.09906e-07 -0.002421 1.22317e-05 -0.00058196 6.50297e-05 0.00179796 -0.000247636 -0.000987422 -0.0054524 0.000457163 -0.00395742 0.00100479 0.00210806 -0.00131923
internal_weight=53724 283 53441 4357 49084 806 4093 1994 264 2099 203 699 472 227
internal_count=53724 283 53441 4357 49084 806 4093 1994 264 2099 203 699 472 227
cat_boundaries=0 1 2 3
cat_threshold=1024 18896 2454
is_linear=0
shrinkage=0.035


Tree=192
num_leaves=15
num_cat=2
split_feature=23 32 23 2 22 22 23 22 32 23 22 22 15 23
split_gain=1.34525 2.99665 2.96263 3.18294 2.60935 1.69614 4.2233 2.75575 1.95514 2.17733 3.64783 2.61907 1.84675 1.73265
threshold=0.56557122334409937 0 0.13344941042644634 240.25000000000003 0.72275681343581921 0.92968248919523044 1.0744764980450288 0.78916870577283704 1 1.6248060564443316 1.5858780692660879 1.059319335044117 4.0250000000000012 0.79169204222492906
decision_type=8 1 10 8 10 10 10 10 1 8 10 10 2 10
left_child=1 4 3 -3 -1 6 12 -8 -7 10 -10 -11 13 -2
right_child=5 2 -4 -5 -6 8 7 -9 9 11 -12 -13 -14 -15
leaf_value=-0.001635995282264667 -0.0036123046515550614 3.2661985217904056e-05 -0.0004555614810502033 0.010536128217427177 -0.0070259708441384461 -0.00049532765857858549 0.0069323939560107092 0.0017567196819195045 -3.6311747023304596e-05 -0.00039986707418112417 -0.0044320092467567788 0.0012841721479972339 0.00027091545350317679 0.00045845116355062944
leaf_weight=477 291 79 2324 59 140 10324 143 899 19814 1694 229 3389 13638 224
leaf_count=477 291 79 2324 59 140 10324 143 899 19814 1694 229 3389 13638 224
internal_value=-8.22462e-07 -0.000710526 -0.000155005 0.00473466 -0.00285968 4.23904e-05 0.000351705 0.00249672 -9.02225e-05 7.64629e-05 -8.76273e-05 0.000723095 0.000192954 -0.00185434
internal_weight=53724 3079 2462 138 617 50645 15195 1042 35450 25126 20043 5083 14153 515
internal_count=53724 3079 2462 138 617 50645 15195 1042 35450 25126 20043 5083 14153 515
cat_boundaries=0 1 2
cat_threshold=6208 32903
is_linear=0
shrinkage=0.035


Tree=193
num_leaves=15
num_cat=2
split_feature=26 23 14 23 16 32 22 23 20 33 29 30 23 16
split_gain=1.33536 2.82738 1.58334 1.47587 1.59139 1.40753 1.73813 1.59095 1.37329 1.71964 5.39419 3.04309 3.09464 1.74833
threshold=229.50000000000003 0.27476363203900822 1.9750000000000003 3.2477849613045007 364.94967701820059 0 1.03699550618226 0.77530412965873985 2000.3571428571431 1 0.81428061195174062 -0.013976481981245173 3.2477849613045007 48.454806574351267
decision_type=2 8 8 10 10 1 10 8 8 1 2 2 8 10
left_child=2 -2 -1 4 5 -3 -7 -8 -4 -10 -11 12 -12 -13
right_child=1 3 8 -5 -6 6 7 -9 9 10 11 13 -14 -15
leaf_value=-0.0020347658859431934 0.0069886468163014416 0.00068458145201440081 -0.00028700841956516083 0.0054074880891521251 -0.0050644376799464227 0.00037562943716261762 -0.0042381518826285318 -0.00038483463347627862 -0.00018566246406360684 -0.00012646830125033986 0.0023694754456521083 0.001355802387711758 0.0072720977341608579 -0.0022538968134037359
leaf_weight=517 71 5492 19926 62 65 6632 130 4837 8658 4900 728 1323 200 183
leaf_count=517 71 5492 19926 62 65 6632 130 4837 8658 4900 728 1323 200 183
internal_value=-7.86551e-07 0.000252484 -0.000120986 0.000222686 0.000202378 0.000223884 4.95374e-06 -0.000489847 -9.31594e-05 0.00014839 0.000542122 0.00188781 0.00345938 0.000911167
internal_weight=53724 17289 36435 17218 17156 17091 11599 4967 35918 15992 7334 2434 928 1506
internal_count=53724 17289 36435 17218 17156 17091 11599 4967 35918 15992 7334 2434 928 1506
cat_boundaries=0 1 2
cat_threshold=3240 4
is_linear=0
shrinkage=0.035


Tree=194
num_leaves=15
num_cat=1
split_feature=24 32 13 3 6 6 14 29 0 30 23 22 5 16
split_gain=1.30577 2.92814 1.83155 2.43549 1.61519 1.51851 2.82399 1.38555 1.2769 1.26216 1.18161 4.37696 1.61709 1.22929
threshold=4.5000000000000009 0 1757.5000000000002 3.5500000000000003 500.50000000000006 10.950000000000001 19.025000000000002 0.99907018497641664 3725.0000000000005 -0.99864786094873803 0.20512848593319441 0.89632807438407258 38.100000000000009 5.2440442408486865
decision_type=2 1 8 10 8 8 10 2 8 2 10 10 10 10
left_child=2 5 7 -4 -5 6 -2 9 -6 -1 11 -7 13 -13
right_child=1 -3 3 4 8 10 -8 -9 -10 -11 -12 12 -14 -15
leaf_value=-0.0013911305253163906 -0.0017946418213601249 0.00013959751533654905 0.0092337186563963784 -0.0041533159386017366 0.00095228296296353643 -0.0079875544584489845 -0.0098271018395122769 -0.0016496211386475414 0.0062249432569793008 0.00011979670248223088 -0.00058085618415987695 -0.00033953778694073366 -0.0030172153879114002 0.0070310812764801086
leaf_weight=684 549 7139 51 51 218 117 55 561 72 39850 4188 55 84 50
leaf_count=684 549 7139 51 51 218 117 55 561 72 39850 4188 55 84 50
internal_value=-7.236e-07 -0.000318362 9.2994e-05 0.0024589 0.00132686 -0.000957572 -0.00260075 7.01295e-05 0.00234468 9.41318e-05 -0.00073621 -0.0028189 0.00050415 0.00333034
internal_weight=53724 12237 41487 392 341 5098 604 41095 290 40534 4494 306 189 105
internal_count=53724 12237 41487 392 341 5098 604 41095 290 40534 4494 306 189 105
cat_boundaries=0 1
cat_threshold=37930
is_linear=0
shrinkage=0.035


Tree=195
num_leaves=15
num_cat=3
split_feature=26 23 22 23 32 32 22 23 30 32 0 30 26 23
split_gain=1.26567 1.75464 1.37973 4.10463 2.95393 2.4782 3.89044 3.59231 2.73506 2.60573 3.33871 2.76637 2.79502 2.26896
threshold=312.50000000000006 0.71938338578024796 0.98262554735602625 1.1412884844793016 0 1 0.70845910833487569 0.41301601441261887 -0.8901731938066898 2 11.550000000000002 -0.88220415136009767 193.50000000000003 0.84377179218967935
decision_type=2 8 10 10 1 1 8 10 2 1 8 2 2 8
left_child=2 -2 3 5 13 6 8 9 -1 10 -7 12 -12 -4
right_child=1 -3 4 -5 -6 7 -8 -9 -10 -11 11 -13 -14 -15
leaf_value=-0.00022960273067242117 -0.0014254134502646853 0.00067586500684375939 -0.0030752992013162142 0.0022448228608173771 -3.2033140811107162e-05 -0.011501762926243574 0.00027090195509650892 6.6429319481000991e-05 0.0040807672100650338 -0.00077235627082758559 -0.0024299303711246781 -0.00087845112088126283 -0.012409099120491495 -0.00071101276391532717
leaf_weight=256 531 5331 546 1072 19161 52 5526 12283 601 2678 88 369 55 5175
leaf_count=256 531 5331 546 1072 19161 52 5526 12283 601 2678 88 369 55 5175
internal_value=-7.20291e-07 0.000484471 -6.01896e-05 0.000135336 -0.00024076 3.16266e-05 0.000611344 -0.000207101 0.00279933 -0.00124257 -0.00337594 -0.00251271 -0.00655763 -0.000937506
internal_weight=53724 5862 47862 22980 24882 21908 6383 15525 857 3242 564 512 143 5721
internal_count=53724 5862 47862 22980 24882 21908 6383 15525 857 3242 564 512 143 5721
cat_boundaries=0 1 2 3
cat_threshold=135 8582 2056
is_linear=0
shrinkage=0.035


Tree=196
num_leaves=15
num_cat=3
split_feature=23 22 32 23 32 23 14 7 22 22 9 26 32 23
split_gain=1.23384 3.11556 3.97347 2.80138 2.77731 2.21029 1.7482 4.83549 2.61406 1.72766 3.47027 1.96776 1.94509 1.77122
threshold=0.87342900336198936 1.1807271279209666 0 0.60369854937397871 1 0.5946424300406602 3225.0000000000005 68.956250000000011 0.39254815439153184 0.88219178082191785 942.50000000000011 314.50000000000006 2 1.3432425005682946
decision_type=8 8 1 10 1 10 8 2 10 10 10 2 1 10
left_child=1 4 3 -3 -1 -4 8 -8 -2 10 12 -11 -10 -12
right_child=6 2 5 -5 -6 -7 7 -9 9 11 13 -13 -14 -15
leaf_value=0.00029753524289822831 -0.0059045675382923251 -0.01279112504865043 0.0064969862238022282 -0.0039631030569166892 -0.00069341805590292206 -0.0015229568610877985 -0.0034263636482784812 0.010186314894682358 -0.0016283363280784374 -8.0118840964342971e-05 0.0015610823908784473 0.00072713963677235633 0.00052486381988125618 0.0073607319194652797
leaf_weight=7108 84 55 53 199 6734 149 54 67 766 30575 2125 4203 1490 62
leaf_count=7108 84 55 53 199 6734 149 54 67 766 30575 2125 4203 1490 62
internal_value=-7.85415e-07 -0.000279255 -0.00310987 -0.00585851 -0.000184916 0.000655714 0.000100225 0.00421634 8.70193e-05 0.000100602 0.000750104 1.75307e-05 -0.000213096 0.00174191
internal_weight=53724 14298 456 254 13842 202 39426 121 39305 39221 4443 34778 2256 2187
internal_count=53724 14298 456 254 13842 202 39426 121 39305 39221 4443 34778 2256 2187
cat_boundaries=0 1 2 3
cat_threshold=12439 9999 38953
is_linear=0
shrinkage=0.035


Tree=197
num_leaves=15
num_cat=2
split_feature=24 32 13 3 6 30 23 4 30 29 33 23 8 26
split_gain=1.22696 2.76268 1.66754 2.30316 1.48709 1.38567 3.42672 2.53449 1.63111 1.28352 1.25714 1.24369 1.75666 1.95447
threshold=4.5000000000000009 0 1757.5000000000002 3.5500000000000003 381.00000000000006 -0.36648370705903521 1.7985845743171256 60.150000000000006 -0.45273527932988084 0.99907018497641664 1 0.68294511829341464 16.274104751852487 134.50000000000003
decision_type=2 1 8 10 10 2 8 8 2 2 1 8 2 2
left_child=2 5 9 -4 -5 6 8 -8 -2 -1 -7 12 13 -3
right_child=1 11 3 4 -6 10 7 -9 -10 -11 -12 -13 -14 -15
leaf_value=9.1352925212093058e-05 -0.0010276891215752 -0.0055416187292144188 0.0089351238691233459 -0.004066472927510569 0.0022137515477862585 0.00095655912043826033 -0.011468153937516823 -0.0024917816863747784 -0.0062042459784388028 -0.001586967650766492 -0.00093721539810382544 0.00021386425011446034 0.0001437475386746574 -0.00032978902755283641
leaf_weight=40534 1431 182 51 50 291 541 69 88 74 561 1907 7281 496 168
leaf_count=40534 1431 182 51 50 291 541 69 88 74 561 1907 7281 496 168
internal_value=-7.76993e-07 -0.00030868 9.00683e-05 0.00234756 0.00124744 -0.00104624 -0.0018274 -0.00666901 -0.00130192 6.82514e-05 -0.000517522 6.59416e-05 -0.00120014 -0.00307982
internal_weight=53724 12237 41487 392 341 4110 1662 157 1505 41095 2448 8127 846 350
internal_count=53724 12237 41487 392 341 4110 1662 157 1505 41095 2448 8127 846 350
cat_boundaries=0 1 2
cat_threshold=33834 8
is_linear=0
shrinkage=0.035


Tree=198
num_leaves=15
num_cat=2
split_feature=30 4 3 29 21 32 10 8 1 33 20 29 23 14
split_gain=1.18698 1.24708 3.16516 2.63591 1.2954 1.26762 1.93551 2.39274 2.26278 1.2271 1.17805 1.83777 1.21043 1.14955
threshold=-0.97111920233974802 220.30000000000004 370.50000000000006 0.68432406471780916 2317.000988142293 0 223.91666666666671 55.080195789404122 370.50000000000006 1 605.357142857143 0.92273069556937592 0.13344941042644634 235.12500000000003
decision_type=2 8 10 2 2 1 10 2 8 1 8 2 8 10
left_child=9 2 13 4 -4 6 7 -3 -8 -1 11 -7 -12 -2
right_child=1 5 3 -5 -6 10 8 -9 -10 -11 12 -13 -14 -15
leaf_value=-0.0015453182781144628 -2.8779041835120564e-06 -0.0012730806093987958 -0.01070912458612518 0.0011362394358301947 -0.0030320884007756324 0.00082062835677100565 -0.008017714131435599 0.0043451491471311852 -0.00058139095298794668 -0.00021150794257484721 0.0050618513681414271 -0.0077034575520400807 0.00047449599327638076 -0.0017410849388280612
leaf_weight=1108 37159 374 66 63 52 69 87 118 112 3465 66 50 10468 467
leaf_count=1108 37159 374 66 63 52 69 87 118 112 3465 66 50 10468 467
internal_value=-8.18395e-07 4.9383e-05 -4.71982e-05 -0.00460168 -0.0075868 0.000371145 -0.00106756 0.000104539 -0.00394928 -0.000539851 0.000465488 -0.00292713 0.000505626 -2.46804e-05
internal_weight=53724 49151 37807 181 118 11344 691 492 199 4573 10653 119 10534 37626
internal_count=53724 49151 37807 181 118 11344 691 492 199 4573 10653 119 10534 37626
cat_boundaries=0 1 2
cat_threshold=131 8
is_linear=0
shrinkage=0.035


Tree=199
num_leaves=15
num_cat=1
split_feature=5 10 13 23 19 22 21 23 2 30 23 32 22 2
split_gain=1.17823 1.61465 1.41579 1.80651 1.67146 1.32392 1.15211 1.79336 5.35004 1.70401 1.43285 2.59275 2.24255 3.02119
threshold=6.5500000000000007 1.0000000180025095e-35 18.525000000000002 0.3856267347173799 19.012500000000006 1.6741816458481436 831.83110367892994 0.13344941042644634 240.25000000000003 0.98174098242282837 0.41301601441261887 0 0.5299172649572651 260.40000000000003
decision_type=8 10 8 8 10 10 2 8 8 2 8 1 10 8
left_child=2 -2 3 -1 5 -4 9 8 -8 -3 11 -9 -13 -14
right_child=1 6 4 -5 -6 -7 7 10 -10 -11 -12 12 13 -15
leaf_value=-0.0065039461548045538 0.0050794836440138918 -0.00050226764660725833 -0.0093646894857374735 -0.00033463383529790932 0.0014737152804596479 -0.0019528448649075336 -0.0018695405324106107 0.00097076990410038724 0.012251475157804398 -0.0067209535034542739 9.9722741251603207e-05 -0.00079378256601474737 -0.0027500525743772209 -0.011375910177335351
leaf_weight=54 73 3045 59 4115 53 61 75 368 52 50 45174 301 177 67
leaf_count=54 73 3045 59 4115 53 61 75 368 52 50 45174 301 177 67
internal_value=-8.76041e-07 4.77475e-05 -0.000553296 -0.000422239 -0.00361097 -0.00582582 3.9784e-05 8.35907e-05 0.00415735 -0.000613409 7.1915e-05 -0.00129702 -0.00279013 -0.0052995
internal_weight=53724 49382 4342 4169 173 120 49309 46214 127 3095 46087 913 545 244
internal_count=53724 49382 4342 4169 173 120 49309 46214 127 3095 46087 913 545 244
cat_boundaries=0 1
cat_threshold=1964
is_linear=0
shrinkage=0.035


Tree=200
num_leaves=15
num_cat=2
split_feature=23 32 22 16 22 23 21 30 1 26 11 32 13 14
split_gain=1.15892 3.23134 2.56412 2.65218 2.45759 1.63246 2.31554 1.52268 1.47933 1.47773 1.45195 1.44956 1.54073 1.43454
threshold=1.2548181698727643 0 1.1311694866899293 7.6615925237518354 1.3486238149086522 3.2477849613045007 1871.5692307692309 -0.80417042486635371 390.50000000000006 7.5000000000000009 27.25357142857143 1 48.225000000000009 1.9750000000000003
decision_type=10 1 10 8 10 10 2 2 8 2 10 1 10 8
left_child=13 4 3 -3 8 7 -7 11 -2 -9 -5 12 -4 -1
right_child=1 2 5 10 -6 6 -8 9 -10 -11 -12 -13 -14 -15
leaf_value=-0.001779971123855654 -0.0026424851069479097 0.00024069844095336038 -0.0014445691022301121 0.0076939982159241844 -0.0086964704538087384 -0.0022171436584854532 0.0064050765502388068 -0.0047346527096815416 0.0022322779412079579 0.00038760432718982943 0.0025106148121613377 -0.00063394667561927551 -0.009452714145268229 -4.7188097041316283e-05
leaf_weight=588 295 847 68 68 62 54 110 65 98 4887 938 624 50 44970
leaf_count=588 295 847 68 68 62 54 110 65 98 4887 938 624 50 44970
internal_value=-9.11668e-07 0.000382918 0.000553237 0.00168689 -0.0024372 0.00019445 0.00358445 9.37515e-05 -0.00141412 0.000315662 0.0028973 -0.00137944 -0.0047019 -6.97454e-05
internal_weight=53724 8166 7711 1853 455 5858 164 5694 393 4952 1006 742 118 45558
internal_count=53724 8166 7711 1853 455 5858 164 5694 393 4952 1006 742 118 45558
cat_boundaries=0 1 2
cat_threshold=256 32770
is_linear=0
shrinkage=0.035


Tree=201
num_leaves=15
num_cat=2
split_feature=24 32 13 3 22 16 6 14 29 14 10 30 32 24
split_gain=1.14521 2.58355 1.50205 2.09191 1.46683 1.45761 1.349 2.66827 1.1938 1.14068 1.36297 1.13051 1.10156 1.4666
threshold=4.5000000000000009 0 1757.5000000000002 inf 1.0859046617220149 560.35846336601708 10.950000000000001 19.025000000000002 0.99907018497641664 960.50000000000011 1169.2500000000002 -0.99864786094873803 1 1.5000000000000002
decision_type=2 1 8 8 10 8 8 10 2 8 10 2 1 2
left_child=2 6 8 4 5 -4 7 -2 11 -3 -11 -1 -13 -14
right_child=1 9 3 -5 -6 -7 -8 -9 -10 10 -12 12 13 -15
leaf_value=-0.0013172546147886732 -0.0016648611439697089 6.9838675867416942e-05 0.001211314535735605 0.0085074678372075146 0.003032793058140948 -0.0059898788314603742 -0.00069017222543129165 -0.0094703792791891225 -0.0015301854651004138 0.0064722965958217788 -0.00047563902013387312 -0.00016046633279251043 0.00055818193616021092 3.2877296522904481e-05
leaf_weight=684 549 7006 86 51 204 51 4494 55 561 70 63 12433 10632 16785
leaf_count=684 549 7006 86 51 204 51 4494 55 561 70 63 12433 10632 16785
internal_value=-9.23557e-07 -0.000298393 8.68433e-05 0.00222939 0.00118107 -0.00158594 -0.000898815 -0.00244755 6.6137e-05 0.000131775 0.00328318 8.84165e-05 0.000112706 0.000236563
internal_weight=53724 12237 41487 392 341 137 5098 604 41095 7139 133 40534 39850 27417
internal_count=53724 12237 41487 392 341 137 5098 604 41095 7139 133 40534 39850 27417
cat_boundaries=0 1 2
cat_threshold=37930 721
is_linear=0
shrinkage=0.035


Tree=202
num_leaves=15
num_cat=2
split_feature=1 17 24 32 23 22 2 16 1 4 1 32 2 25
split_gain=1.12017 1.58903 1.1307 5.26179 1.73874 2.35036 1.61696 1.76611 3.23684 1.53352 1.88084 1.40169 2.01278 2.11531
threshold=1.0500000000000003 0.83811101288428314 5.5000000000000009 0 2.0739180411378979 1.3274525631923442 971.00000000000011 96.072888995803538 491.00000000000006 89.65000000000002 159.80000000000004 1 113.75000000000001 6.5000000000000009
decision_type=8 10 2 1 10 10 10 8 10 10 10 1 8 2
left_child=1 -1 4 9 -2 -6 7 -5 -9 -4 -11 -7 13 -13
right_child=2 -3 3 6 5 11 -8 8 -10 10 -12 12 -14 -15
leaf_value=0.00022800720205237528 2.8613391048650345e-05 -0.0069272210918690852 -0.0087492904081479476 -0.00017557092476809815 0.0063731931522488594 0.0023255815188684102 0.0043242369544137507 -0.009396666952428254 0.00087492351148351353 0.0018249359680339696 -0.0058132227462192538 -0.0091701803318697418 0.0011499138773433516 0.000341113310084135
leaf_weight=84 48406 64 99 3867 107 371 89 67 77 58 107 54 219 55
leaf_count=84 48406 64 99 3867 107 371 89 67 77 58 107 54 219 55
internal_value=-8.96882e-07 -0.00299141 7.64258e-06 -0.000531972 5.55434e-05 0.00166274 -0.000213402 -0.000319877 -0.00405917 -0.00518293 -0.00315359 0.000901536 -0.000766744 -0.00456644
internal_weight=53724 148 53576 4364 49212 806 4100 4011 144 264 165 699 328 109
internal_count=53724 148 53576 4364 49212 806 4100 4011 144 264 165 699 328 109
cat_boundaries=0 1 2
cat_threshold=1024 26217
is_linear=0
shrinkage=0.035


Tree=203
num_leaves=15
num_cat=2
split_feature=1 13 23 22 23 14 1 32 16 0 32 8 0 10
split_gain=1.10759 4.56643 1.74231 2.76728 2.22107 1.72697 1.66157 1.37412 2.00745 3.43518 1.7849 1.63383 1.59213 1.57777
threshold=51.850000000000001 39.95000000000001 0.77943662884124276 0.79873961729340393 1.048396618044712 36.625000000000007 1.2500000000000002 0 29.268868558024071 28.100000000000005 1 130.67080449547399 170.50000000000003 52.63750000000001
decision_type=10 10 10 10 10 8 8 1 10 8 1 2 8 8
left_child=2 -2 6 4 -4 -3 -1 -8 11 -10 12 13 -11 -9
right_child=1 5 3 -5 -6 -7 7 8 9 10 -12 -13 -14 -15
leaf_value=-0.0047504893263158009 0.0075695190097972318 0.0047606047205015498 0.001180258053490966 -4.5314260820207995e-05 0.0060119831903527191 0.00012796059389678184 0.00022992198293881651 -0.00047660283370465155 -0.010461239532303455 -0.00089906083432651947 0.0010196605499297607 0.0054325704582416541 -0.0092237228940939536 -0.0024260087244408275
leaf_weight=107 97 94 887 18996 130 23192 2611 6692 62 59 150 50 51 546
leaf_count=107 97 94 887 18996 130 23192 2611 6692 62 59 150 50 51 546
internal_value=-9.2448e-07 0.000180079 -0.000140426 5.01245e-05 0.00182427 0.000147679 -0.000509509 -0.000462811 -0.000699866 -0.00338449 -0.00153141 -0.000579974 -0.00459255 -0.00062523
internal_weight=53724 23383 30341 20013 1017 23286 10328 10221 7610 322 260 7288 110 7238
internal_count=53724 23383 30341 20013 1017 23286 10328 10221 7610 322 260 7288 110 7238
cat_boundaries=0 1 2
cat_threshold=25862 4233
is_linear=0
shrinkage=0.035


Tree=204
num_leaves=15
num_cat=2
split_feature=30 32 26 2 23 22 32 22 16 29 2 22 1 30
split_gain=1.09272 1.8604 1.63036 7.16711 1.22716 3.56355 3.38717 2.60916 2.09833 1.94503 1.86511 4.69835 2.01874 1.76849
threshold=-0.8901731938066898 0 207.50000000000003 89.65000000000002 1.1677313805959531 0.78916870577283704 1 1.0062608885017423 560.35846336601708 0.84313847884979054 95.300000000000011 1.9128474196605498 57.550000000000004 -0.31800055644052067
decision_type=2 1 2 10 10 10 1 10 10 2 10 8 8 2
left_child=1 -1 -3 -4 8 -6 -7 -8 10 -10 -2 12 -12 -9
right_child=4 2 3 -5 5 6 7 13 9 -11 11 -13 -14 -15
leaf_value=0.00021607507333098409 -0.00017999145887501414 -0.00063229592738300801 -0.00074894168383733586 -0.014588858804054326 0.0082245591065098714 -0.0010508998838892206 0.002601373368278237 -0.00039531547256955985 -0.00038466538962818786 -0.0090224723561789059 -0.0059806678520755909 0.008832150939018903 0.00035479561582791783 0.00079136337178780161
leaf_weight=3998 24143 4814 256 51 66 1724 757 2153 68 56 57 75 10144 5362
leaf_count=3998 24143 4814 256 51 66 1724 757 2153 68 56 57 75 10144 5362
internal_value=-8.90333e-07 -0.000349888 -0.000790398 -0.00324503 7.04895e-05 0.000410533 0.000354853 0.000648776 -2.86064e-05 -0.00448412 -1.19057e-05 0.0003829 0.000316482 0.000451351
internal_weight=53724 9119 5121 307 44605 10062 9996 8272 34543 124 34419 10276 10201 7515
internal_count=53724 9119 5121 307 44605 10062 9996 8272 34543 124 34419 10276 10201 7515
cat_boundaries=0 1 2
cat_threshold=22292 8449
is_linear=0
shrinkage=0.035


Tree=205
num_leaves=15
num_cat=1
split_feature=24 32 13 5 0 3 9 30 23 4 30 14 29 23
split_gain=1.03526 2.39538 1.39803 2.1333 3.40663 1.41795 1.33333 1.42274 2.94758 2.2865 2.08044 1.30727 1.1649 1.10394
threshold=4.5000000000000009 0 1627.5000000000002 90.300000000000011 3725.0000000000005 2505.0000000000005 2302.5000000000005 -0.36648370705903521 1.7549510370570294 68.050000000000011 -0.45273527932988084 115.17500000000001 0.99907018497641664 0.68294511829341464
decision_type=2 1 8 8 8 8 10 2 8 8 2 8 2 8
left_child=2 6 12 -4 -5 -6 7 8 10 -10 -2 -8 -1 -3
right_child=1 13 3 4 5 -7 11 -9 9 -11 -12 -13 -14 -15
leaf_value=8.3127552740123209e-05 -0.0012511994413899443 -0.0011277399070463944 -0.0044995120288367618 0.00091808204993952156 0.0034539096233519645 0.011992667393341405 -0.00062630689191783134 -0.00068873493846528431 -0.011301669787921726 -0.0025258433219930931 -0.0079086158825819337 0.00215274009110878 -0.0015213734431292125 0.00020445423296344039
leaf_weight=40481 1094 846 50 296 50 53 811 1728 68 80 56 273 557 7281
leaf_count=40481 1094 846 50 296 50 53 811 1728 68 80 56 273 557 7281
internal_value=-9.03577e-07 -0.000283732 8.25436e-05 0.00201412 0.00287595 0.00819944 -0.00097052 -0.00134965 -0.00222349 -0.00679555 -0.00160822 8.02528e-05 6.11673e-05 6.5088e-05
internal_weight=53724 12237 41487 449 399 103 4110 3026 1298 148 1150 1084 41038 8127
internal_count=53724 12237 41487 449 399 103 4110 3026 1298 148 1150 1084 41038 8127
cat_boundaries=0 1
cat_threshold=33834
is_linear=0
shrinkage=0.035


Tree=206
num_leaves=15
num_cat=2
split_feature=30 33 22 23 32 22 26 23 22 14 16 1 1 3
split_gain=1.0279 1.15237 1.13964 3.72852 2.52095 3.29379 2.63638 2.34348 3.07971 2.22247 3.11423 3.29973 2.17522 2.68746
threshold=-0.97111920233974802 0 0.92968248919523044 1.0771195213417017 1 0.66501501823972131 79.500000000000014 0.63452821575733587 0.61968439436793876 2620.0000000000005 185.0096518102703 500.50000000000006 8.5500000000000025 10.950000000000001
decision_type=2 1 10 10 1 8 2 10 8 8 8 10 10 8
left_child=1 -1 3 4 5 6 -2 9 -9 10 12 -12 -6 -14
right_child=2 -3 -4 -5 7 -7 -8 8 -10 -11 11 -13 13 -15
leaf_value=-0.0014768268377395749 0.01133841163123725 -0.00018450924874162611 -7.0400155104209509e-05 0.00242933894012109 -0.0016989498951701701 0.00073056011805947387 0.0029259088093851198 0.0047255365340940145 0.00023508860084627423 0.0061897391805350397 -0.010286096832714977 -0.0001056246006807599 0.0049912193637470827 -0.00025721442638584099
leaf_weight=1108 55 3465 33314 934 1411 2042 217 187 7368 53 79 73 119 3299
leaf_count=1108 55 3465 33314 934 1411 2042 217 187 7368 53 79 73 119 3299
internal_value=-9.13143e-07 -0.000502527 4.58033e-05 0.000290189 0.000155354 0.0012131 0.00480093 -4.04073e-05 0.000349287 -0.000625105 -0.000703752 -0.00555587 -0.000545436 -6.74628e-05
internal_weight=53724 4573 49151 15837 14903 2314 272 12589 7555 5034 4981 152 4829 3418
internal_count=53724 4573 49151 15837 14903 2314 272 12589 7555 5034 4981 152 4829 3418
cat_boundaries=0 1 2
cat_threshold=8 8452
is_linear=0
shrinkage=0.035


Tree=207
num_leaves=15
num_cat=2
split_feature=26 23 16 23 32 22 23 14 20 33 29 30 23 16
split_gain=0.997368 2.68392 1.36445 1.68768 1.29878 1.59299 1.36979 1.25003 1.22095 1.55739 4.84375 2.82769 2.71271 1.57207
threshold=229.50000000000003 0.27476363203900822 364.94967701820059 3.2477849613045007 0 1.03699550618226 0.77530412965873985 1.9750000000000003 2000.3571428571431 1 0.80417553764032002 -0.013976481981245173 3.2477849613045007 48.454806574351267
decision_type=2 8 10 10 1 10 8 8 8 1 2 2 8 10
left_child=7 -2 3 4 -3 -6 -7 -1 -9 -10 -11 12 -12 -13
right_child=1 2 -4 -5 5 6 -8 8 9 10 11 13 -14 -15
leaf_value=-0.0018051571270314463 0.0067810397940736861 0.00063330604040955606 -0.0043153279217062294 0.006331952496431769 0.00033536375291989557 -0.0039713683273746737 -0.00039570637646657954 -0.00026276575955228054 -0.0001701450254246798 -0.00012456652935414759 0.0022249715980488609 0.0012618727422375861 0.0066728154420412173 -0.0021077655865444768
leaf_weight=517 71 5492 77 50 6632 130 4837 19926 8658 4831 733 1364 217 189
leaf_count=517 71 5492 77 50 6632 130 4837 19926 8658 4831 733 1364 217 189
internal_value=-8.28537e-07 0.000218055 0.000189031 0.000210518 0.000190763 -1.94882e-05 -0.000493191 -0.000104708 -7.9984e-05 0.000147773 0.000522464 0.00177113 0.00327057 0.00084634
internal_weight=53724 17289 17218 17141 17091 11599 4967 36435 35918 15992 7334 2503 950 1553
internal_count=53724 17289 17218 17141 17091 11599 4967 36435 35918 15992 7334 2503 950 1553
cat_boundaries=0 1 2
cat_threshold=3240 4
is_linear=0
shrinkage=0.035


Tree=208
num_leaves=15
num_cat=3
split_feature=24 32 23 22 32 23 1 19 7 2 16 15 1 32
split_gain=0.976789 4.87361 1.58798 2.62475 2.49497 1.66642 1.47539 1.4738 2.02851 1.46475 1.64387 3.00283 1.24335 1.23587
threshold=5.5000000000000009 0 2.0739180411378979 1.8174112776305755 1 2.6436217829168225 58.550000000000004 77.550000000000026 149.17592592592595 971.00000000000011 96.072888995803538 400.50000000000006 450.50000000000006 2
decision_type=2 1 10 10 1 10 10 8 2 10 8 2 8 1
left_child=2 7 13 4 5 -4 -6 -2 -9 10 -3 -12 -5 -1
right_child=1 9 3 12 6 -7 -8 8 -10 -11 11 -13 -14 -15
leaf_value=0.0004818254744085564 -0.0091369587264773337 -0.00015799762297374298 0.003950530784204603 -0.0021037246862379033 -0.0023495873763500759 0.010689317461568863 0.0034539227764728894 0.0023789583376134962 -0.0055381304963375445 0.0041229582152996916 -0.010400417049785823 -9.8785646694872265e-05 0.0019229095306270007 -4.9296501274488461e-05
leaf_weight=6129 77 3869 158 234 106 65 99 52 135 89 50 94 150 42417
leaf_count=6129 77 3869 158 234 106 65 99 52 135 89 50 94 150 42417
internal_value=-7.60406e-07 -0.000502241 4.36448e-05 0.00157387 0.00344248 0.00584953 0.00044729 -0.00497838 -0.00333197 -0.000195853 -0.000297134 -0.00390472 -0.000526322 1.78902e-05
internal_weight=53724 4366 49358 812 428 223 205 264 187 4102 4013 144 384 48546
internal_count=53724 4366 49358 812 428 223 205 264 187 4102 4013 144 384 48546
cat_boundaries=0 1 2 3
cat_threshold=1024 52281 1280
is_linear=0
shrinkage=0.035


Tree=209
num_leaves=15
num_cat=3
split_feature=1 17 22 23 32 2 23 22 32 22 22 15 32 23
split_gain=0.970032 1.50626 0.96021 3.8268 2.46923 3.03256 2.37443 4.70334 3.00787 3.35212 2.22498 2.16959 1.85867 2.64816
threshold=1.0500000000000003 0.83811101288428314 0.92968248919523044 0.95657232181207841 0 10.950000000000001 0.41301601441261887 0.5299172649572651 1 0.81448222247722313 0.70845910833487569 88.600000000000009 2 0.5946424300406602
decision_type=8 10 10 10 1 8 8 10 1 10 10 2 1 8
left_child=1 -1 3 4 5 -2 7 -6 9 11 -5 -9 13 -4
right_child=2 -3 12 10 6 -7 -8 8 -10 -11 -12 -13 -14 -15
leaf_value=0.00034386844975446104 0.0083268147735765935 -0.0066159406189631297 -0.0053105596261691793 0.0063169453069991015 0.00020840207164732168 0.00096944811800968149 -2.1244795372329612e-05 -0.00045381400869582257 -0.0076681114711292389 0.0050096243146039989 0.0012244629490460676 -0.0085759420923989787 4.2312478133725162e-05 -0.00047202399896608332
leaf_weight=84 67 64 136 105 597 1535 12536 87 191 63 2572 71 27373 8243
leaf_count=84 67 64 136 105 597 1535 12536 87 191 63 2572 71 27373 8243
internal_value=-7.40205e-07 -0.00278363 7.20638e-06 0.000217024 1.25454e-06 0.00129405 -0.000152911 -0.00178209 -0.00463429 -0.0014952 0.00143561 -0.00425474 -9.74128e-05 -0.000553019
internal_weight=53724 148 53576 17824 15147 1602 13545 1009 412 221 2677 158 35752 8379
internal_count=53724 148 53576 17824 15147 1602 13545 1009 412 221 2677 158 35752 8379
cat_boundaries=0 1 2 3
cat_threshold=260 42657 135
is_linear=0
shrinkage=0.035


Tree=210
num_leaves=15
num_cat=2
split_feature=2 13 19 22 23 32 23 20 30 32 23 22 23 20
split_gain=0.945925 1.73387 2.7874 1.51863 3.10418 2.36233 2.5422 2.2867 2.1494 1.82276 2.52052 2.29348 1.76557 1.68643
threshold=125.25000000000001 94.925000000000011 51.287500000000001 0.99599188399117666 1.3432425005682946 0 1.2062900538780637 1849.2261904761906 -0.49065906150552346 1 0.73525604905317465 0.70845910833487569 0.82064821130371379 756.83333333333337
decision_type=10 10 8 10 10 1 8 8 2 1 10 8 10 10
left_child=3 -2 -3 4 9 -5 -7 -6 -8 11 -11 12 -1 -13
right_child=1 2 -4 5 7 6 8 -9 -10 10 -12 13 -14 -15
leaf_value=0.0016244880384513373 0.0052667230226021893 -0.0071229262836277497 0.0002568035349264612 -0.00089073977446839532 0.00018385805371049627 -0.00050005640949524362 -0.00053919408395320485 0.007039154357383926 0.00089351867506684362 -0.00075297690908622647 0.00024305213825009407 -0.002722992352664733 0.0070808338668430226 0.00036221944934884117
leaf_weight=881 79 58 13280 5925 106 7142 1817 132 4335 5498 7160 219 75 7017
leaf_count=881 79 58 13280 5925 106 7142 1817 132 4335 5498 7160 219 75 7017
internal_value=-7.85718e-07 0.00025371 0.000222056 -8.55207e-05 0.000119562 -0.00031052 -5.09763e-05 0.00405256 0.000470271 7.37068e-05 -0.00018955 0.000479995 0.00208716 0.000267029
internal_weight=53724 13417 13338 40307 21088 19219 13294 238 6152 20850 12658 8192 956 7236
internal_count=53724 13417 13338 40307 21088 19219 13294 238 6152 20850 12658 8192 956 7236
cat_boundaries=0 1 2
cat_threshold=279 25990
is_linear=0
shrinkage=0.035


Tree=211
num_leaves=15
num_cat=3
split_feature=24 32 13 3 6 6 14 1 30 20 32 30 29 32
split_gain=0.937527 2.19989 1.24982 1.92441 1.34339 1.2103 2.43213 1.09993 1.12192 1.07839 0.997038 0.994218 1.02016 1.08594
threshold=4.5000000000000009 0 1757.5000000000002 3.5500000000000003 500.50000000000006 10.950000000000001 19.025000000000002 2610.0000000000005 0.36447543099728863 632.32142857142867 1 -0.99864786094873803 0.99907018497641664 2
decision_type=2 1 8 10 8 8 10 8 2 10 1 2 2 1
left_child=2 5 9 -4 -5 6 -2 8 -6 10 -1 -11 -13 -14
right_child=1 -3 3 4 7 -7 -8 -9 -10 11 -12 12 13 -15
leaf_value=-0.0045444326865129595 -0.0015439999531153123 0.00012704995159734385 0.0080531047859676626 -0.0039629211898136426 -0.0040533635661995507 -0.00062629421138165491 -0.0089948182130271271 0.0043021959401649745 0.0019875831914174815 -0.0012426670259066673 -0.00042001724975202669 0.0001190759605010421 -0.004258719316890671 -0.00051861337894644954
leaf_weight=102 549 7139 51 51 51 4494 55 129 110 684 211 39552 111 435
leaf_count=102 549 7139 51 51 51 4494 55 129 110 684 211 39552 111 435
internal_value=-7.30073e-07 -0.000269878 7.86807e-05 0.00203307 0.00102935 -0.000823932 -0.00229075 0.00195959 9.54041e-06 5.9793e-05 -0.00197051 7.56152e-05 9.82548e-05 -0.00139741
internal_weight=53724 12237 41487 392 341 5098 604 290 161 41095 313 40782 40098 546
internal_count=53724 12237 41487 392 341 5098 604 290 161 41095 313 40782 40098 546
cat_boundaries=0 1 2 3
cat_threshold=37930 33985 14
is_linear=0
shrinkage=0.035


Tree=212
num_leaves=15
num_cat=2
split_feature=26 23 16 23 23 32 22 6 19 1 17 22 23 32
split_gain=0.923104 3.486 1.62097 1.5304 1.33755 4.62253 3.21092 3.11833 2.51897 2.08499 1.85478 1.80684 3.43815 1.79362
threshold=210.50000000000003 0.20512848593319441 364.94967701820059 3.2477849613045007 0.3856267347173799 0 0.5299172649572651 77.100000000000009 87.120833333333351 10.950000000000001 12.204981530523762 0.70845910833487569 0.75816093547143315 1
decision_type=2 8 10 10 8 1 10 8 10 10 10 10 10 1
left_child=4 -2 3 -3 5 7 -7 10 9 -8 -1 12 -6 -13
right_child=1 2 -4 -5 11 6 8 -9 -10 -11 -12 13 -14 -15
leaf_value=0.0017571109072741821 0.0084056031517684461 0.00016453474800157892 -0.0044507538468729685 0.0059078944559012988 0.00029204538791184799 -0.0011249500179778122 -0.0072706053775225491 -0.00065609682869618156 -0.010951433327834529 0.0014101117375808268 0.010714422454426097 -0.00046086623597142885 0.0039496376504053058 8.4841508320426912e-05
leaf_weight=59 58 20119 88 52 2259 287 69 234 94 60 54 13151 361 16779
leaf_count=59 58 20119 88 52 2259 287 69 234 94 60 54 13151 361 16779
internal_value=-8.17887e-07 0.000185192 0.00015959 0.000180801 -0.000113954 -0.00147476 -0.00354104 0.00162375 -0.00671298 -0.0033311 0.00631022 -7.79044e-05 0.000802575 -0.000155101
internal_weight=53724 20317 20259 20171 33407 857 510 347 223 129 113 32550 2620 29930
internal_count=53724 20317 20259 20171 33407 857 510 347 223 129 113 32550 2620 29930
cat_boundaries=0 1 2
cat_threshold=34100 8367
is_linear=0
shrinkage=0.035


Tree=213
num_leaves=15
num_cat=4
split_feature=23 22 32 32 24 3 22 2 23 32 20 32 22 22
split_gain=0.906906 2.76446 3.7039 2.4127 1.59328 1.4761 1.66411 1.55116 1.54832 1.58065 1.45959 1.43081 2.29089 2.0538
threshold=0.87342900336198936 1.1807271279209666 0 1 1.0000000180025095e-35 200.75000000000003 0.65532947738070646 115.10000000000001 0.20512848593319441 2 2000.3571428571431 3 1.0881049384745505 0.55273152394362557
decision_type=8 8 1 1 2 8 10 8 10 1 10 1 10 8
left_child=1 3 10 4 -1 6 7 -6 -8 -10 -3 12 -2 -13
right_child=11 2 -4 -5 5 -7 8 -9 9 -11 -12 13 -14 -15
leaf_value=0.0022359045742844121 0.00015082318672097792 0.0064550704801262463 -0.0047423900611409022 -0.00062462796729305045 0.00084545644320366828 -0.00076834935178260423 0.0058024176508503951 0.0041331216825369324 0.0020544359864478308 -0.00014314091747904482 -0.00094966337190602323 -0.0038153427983634177 -0.00069952230338956819 0.00029399446252163206
leaf_weight=480 10623 53 331 6734 554 1596 54 255 434 3735 72 145 6109 22549
leaf_count=480 10623 53 331 6734 554 1596 54 255 434 3735 72 145 6109 22549
internal_value=-7.66398e-07 -0.000239509 -0.00290585 -0.000150654 0.000298963 0.000157561 0.000451703 0.00190076 0.000172187 9.23966e-05 0.00215193 8.5834e-05 -0.000159666 0.000266786
internal_weight=53724 14298 456 13842 7108 6628 5032 809 4223 4169 125 39426 16732 22694
internal_count=53724 14298 456 13842 7108 6628 5032 809 4223 4169 125 39426 16732 22694
cat_boundaries=0 1 2 3 4
cat_threshold=34048 9999 256 41735
is_linear=0
shrinkage=0.035


Tree=214
num_leaves=15
num_cat=2
split_feature=1 17 24 32 23 22 2 16 1 4 1 32 30 2
split_gain=0.890728 1.40017 0.917954 4.52075 1.44416 2.15741 1.37682 1.52484 2.8806 1.35889 1.69615 1.31671 1.39355 1.71774
threshold=1.0500000000000003 0.83811101288428314 5.5000000000000009 0 2.0739180411378979 1.3274525631923442 971.00000000000011 96.072888995803538 491.00000000000006 80.15000000000002 159.80000000000004 1 -0.6588389295471534 26.100000000000005
decision_type=8 10 2 1 10 10 10 8 10 8 10 1 2 8
left_child=1 -1 4 9 -2 -6 7 -5 -9 -4 -11 -7 -13 -14
right_child=2 -3 3 6 5 11 -8 8 -10 10 -12 12 13 -15
leaf_value=0.00034703682709957498 2.5503028093028266e-05 -0.0063623824327563245 -0.0087841904942881858 -0.00014828823247628014 0.0060271925036795449 0.0030174472358136498 0.0040030212733929271 -0.0087925014615110632 0.00089379845176952642 0.0010639395255285006 -0.0057047784121394109 -0.0043459115762379957 0.0047058342710079165 -0.00062122226311627285
leaf_weight=84 48406 64 77 3867 107 207 89 67 77 70 117 79 91 322
leaf_count=84 48406 64 77 3867 107 207 89 67 77 70 117 79 91 322
internal_value=-7.28771e-07 -0.00266744 6.88606e-06 -0.00047932 5.00459e-05 0.00151478 -0.000184121 -0.000282356 -0.00375684 -0.00479029 -0.00320931 0.000786132 -0.000229657 0.000594786
internal_weight=53724 148 53576 4364 49212 806 4100 4011 144 264 187 699 492 413
internal_count=53724 148 53576 4364 49212 806 4100 4011 144 264 187 699 492 413
cat_boundaries=0 1 2
cat_threshold=1024 26120
is_linear=0
shrinkage=0.035


Tree=215
num_leaves=15
num_cat=2
split_feature=26 33 23 22 22 23 32 23 29 16 3 23 23 22
split_gain=0.883721 1.63115 1.675 1.33126 1.20243 3.13689 2.14142 1.93762 1.90509 2.00146 1.85055 2.5119 1.99237 2.35314
threshold=312.50000000000006 0 0.71938338578024796 0.81448222247722313 0.97854255939394885 1.1412884844793016 1 0.60369854937397871 0.94704596667653973 31.471831698778185 1.6500000000000001 0.43440634645061732 1.6248060564443316 1.3181215910014135
decision_type=2 1 8 8 10 10 1 8 2 8 10 8 8 10
left_child=4 -2 3 -3 5 -1 7 -6 -9 -10 -8 -12 13 -13
right_child=1 2 -4 -5 6 -7 10 8 9 -11 11 12 -14 -15
leaf_value=4.6246857473120764e-05 0.00098552448785470931 -0.00096936464845271081 0.00013300178324673494 -0.0055842917134668827 -0.0053028634841675347 0.0020348405994157974 -0.00126908249230745 -0.00094755465274649745 0.00011095999352543611 0.0049389925286130506 0.0059878622773692188 -2.9139848647562427e-05 0.00072077230124634011 -0.0016381843744460347
leaf_weight=21383 2933 251 2571 107 110 1013 1387 5060 571 124 82 12966 3953 1213
leaf_count=21383 2933 251 2571 107 110 1013 1387 5060 571 124 82 12966 3953 1213
internal_value=-7.3141e-07 0.000404694 -0.000180362 -0.00240661 -5.04239e-05 0.000136628 -0.00021492 -0.000800706 -0.000711514 0.00100149 -3.9054e-05 5.49141e-05 2.64396e-05 -0.000167321
internal_weight=53724 5862 2929 358 47862 22396 25466 5865 5755 695 19601 18214 18132 14179
internal_count=53724 5862 2929 358 47862 22396 25466 5865 5755 695 19601 18214 18132 14179
cat_boundaries=0 1 2
cat_threshold=6 135
is_linear=0
shrinkage=0.035


Tree=216
num_leaves=15
num_cat=0
split_feature=4 3 20 8 13 10 26 26 17 23 19 16 30 1
split_gain=0.873069 2.39067 1.43964 1.17338 2.73751 1.40332 0.972372 3.11422 2.53422 1.51383 1.50014 1.82428 0.965477 0.945606
threshold=480.50000000000006 901.00000000000011 605.357142857143 10.633479486234114 24.525000000000002 1.8708333333333333 10.500000000000002 5.5000000000000009 40.778410806195104 0.58652917209224187 92.145833333333357 7.0710678118653858 -0.99052477729077237 8.5500000000000025
decision_type=8 10 8 2 10 10 2 2 10 10 10 10 2 10
left_child=1 6 -2 5 -5 -4 7 9 10 -1 11 -9 -8 -14
right_child=2 -3 3 4 -6 -7 12 8 -10 -11 -12 -13 13 -15
leaf_value=0.0042763941112036056 -0.0037792509037881429 -0.0059892663812259198 -0.0058982463748543526 0.0082997794927710828 0.00058559937290943533 -0.00024247994147677635 -0.00071828093061518969 -0.0016113953902604408 -0.0096847548707228275 -0.00030811485896942202 0.00090239760143865917 -0.007843010312671839 -0.0002589194730263326 0.0001122615692799041
leaf_weight=114 96 78 51 52 5264 1349 2308 185 59 339 132 81 11367 32249
leaf_count=114 96 78 51 52 5264 1349 2308 185 59 339 132 81 11367 32249
internal_value=-7.01938e-07 -5.44792e-05 0.000369413 0.000431482 0.000668786 -0.000468768 -4.39568e-05 -0.00117373 -0.00319667 0.000879693 -0.00212664 -0.00361869 -2.14447e-05 1.55075e-05
internal_weight=53724 46912 6812 6716 5316 1400 46834 910 457 453 398 266 45924 43616
internal_count=53724 46912 6812 6716 5316 1400 46834 910 457 453 398 266 45924 43616
is_linear=0
shrinkage=0.035


Tree=217
num_leaves=15
num_cat=3
split_feature=23 32 22 16 22 29 26 32 17 5 23 27 3 33
split_gain=0.863693 2.88354 2.27987 2.34783 2.21295 1.51578 2.02398 2.47519 1.81737 3.16291 1.75258 1.62449 1.69035 1.61747
threshold=1.2548181698727643 0 1.1311694866899293 7.6615925237518354 1.3486238149086522 0.94425825643485939 221.50000000000003 1 107.15147871501954 97.450000000000017 3.2477849613045007 1.0000000180025095e-35 851.00000000000011 2
decision_type=10 1 10 8 10 2 2 1 8 10 10 2 8 1
left_child=-1 4 3 -3 -2 6 7 -4 -9 -10 -8 12 -11 -7
right_child=1 2 5 -5 -6 13 10 8 9 11 -12 -13 -14 -15
leaf_value=-6.0172471523146611e-05 -0.0013624358135246842 0.0001999823682398157 -0.0026116589774070505 0.0026993350197645895 -0.0082734370260819142 0.0033510012875311076 0.00044716110193711214 0.0004173966135509505 -0.010167384643530982 0.0006759161961561969 0.0063569747217439325 0.0017159810679522511 -0.0077166695679807169 0.0001942185433080862
leaf_weight=45558 393 847 659 1006 62 335 2613 1419 50 53 58 134 59 478
leaf_count=45558 393 847 659 1006 62 335 2613 1419 50 53 58 134 59 478
internal_value=-7.49537e-07 0.000330604 0.000491579 0.0015605 -0.00233313 0.000153253 -7.32825e-05 -0.000815987 -0.00010461 -0.00257591 0.000587129 -0.000861125 -0.00388601 0.00155086
internal_weight=53724 8166 7711 1853 455 5858 5045 2374 1715 296 2671 246 112 813
internal_count=53724 8166 7711 1853 455 5858 5045 2374 1715 296 2671 246 112 813
cat_boundaries=0 1 2 3
cat_threshold=256 8359 8
is_linear=0
shrinkage=0.035


Tree=218
num_leaves=15
num_cat=2
split_feature=24 32 14 22 32 24 16 19 20 8 16 23 22 1
split_gain=0.855185 3.59704 2.10379 1.90447 1.54841 2.94599 4.26681 4.95221 1.94597 4.23656 1.47664 1.38576 2.63417 1.64843
threshold=1.5000000000000002 0 1.5250000000000001 1.6251824594520763 1 5.5000000000000009 21.297216451246104 120.27500000000002 3351.5000000000005 6.4828730422134528 0.63245553203367988 2.369857963854511 1.8174112776305755 198.75000000000003
decision_type=2 1 10 10 1 2 8 8 8 2 10 10 10 10
left_child=1 3 -3 10 5 -2 -7 -8 11 -10 -1 -6 -13 -14
right_child=4 2 -4 -5 8 6 7 -9 9 -11 -12 12 13 -15
leaf_value=-0.0017219480132971358 -0.00026958239982501585 -0.0060971815527980817 -5.4835624214597057e-05 0.0055168478732180405 -8.5989715332435721e-06 -0.0010386192587234179 -0.014629022624558827 -0.0030600526699951541 -0.0015389771972938132 0.010073372587363863 0.0011477758496620341 0.0063320287417994482 -0.0034584290577463579 0.0035062673227695676
leaf_weight=229 8465 66 12173 112 27537 762 61 157 79 68 3738 117 92 68
leaf_count=229 8465 66 12173 112 27537 762 61 157 79 68 3738 117 92 68
internal_value=-7.63257e-07 0.000210621 -8.98228e-05 0.00110861 -9.29935e-05 -0.000480045 -0.00229225 -0.00655266 3.79699e-05 0.00398738 0.000980158 1.63976e-05 0.00245744 -0.000481879
internal_weight=53724 16318 12239 4079 37406 9445 980 218 27961 147 3967 27814 277 160
internal_count=53724 16318 12239 4079 37406 9445 980 218 27961 147 3967 27814 277 160
cat_boundaries=0 1 2
cat_threshold=5154 33826
is_linear=0
shrinkage=0.035


Tree=219
num_leaves=15
num_cat=2
split_feature=2 13 19 3 23 22 23 21 32 23 30 32 23 22
split_gain=0.839715 1.6085 2.51023 1.52391 1.52589 1.38284 2.58391 2.19038 2.09518 2.24771 2.41265 1.61792 2.32835 2.05903
threshold=125.25000000000001 94.925000000000011 51.287500000000001 118.10000000000001 2.0739180411378979 0.99452434828071268 1.3432425005682946 1758.6181818181819 0 1.1596940844063131 -0.49065906150552346 1 0.79859216348272577 0.70845910833487569
decision_type=10 10 8 8 8 10 10 2 1 8 2 1 10 8
left_child=5 -2 -3 4 -4 6 11 -8 -7 -10 -11 13 -13 -1
right_child=1 2 3 -5 -6 8 7 -9 9 10 -12 12 -14 -15
leaf_value=0.00198180345951745 0.0050673840106658955 -0.0067616889304998855 0.00097204425402619204 0.00015145946515194913 0.0049501398358920909 -0.00083742398932261538 -7.8594153298389757e-05 0.0066760573078084879 -0.00052200935710940437 -0.00061197781021909688 0.00080894292109852297 -0.00062770355846748197 0.00032535678621149311 0.00025598469646699845
leaf_weight=956 79 58 574 12561 145 5979 104 130 6430 2083 4896 6586 5993 7150
leaf_count=956 79 58 574 12561 145 5979 104 130 6430 2083 4896 6586 5993 7150
internal_value=-7.5381e-07 0.000239029 0.000208543 0.000241519 0.00180295 -8.05901e-05 0.00011676 0.00373515 -0.000293499 -5.00827e-05 0.000384711 7.49338e-05 -0.000173551 0.000460052
internal_weight=53724 13417 13338 13280 719 40307 20919 234 19388 13409 6979 20685 12579 8106
internal_count=53724 13417 13338 13280 719 40307 20919 234 19388 13409 6979 20685 12579 8106
cat_boundaries=0 1 2
cat_threshold=279 25990
is_linear=0
shrinkage=0.035


Tree=220
num_leaves=15
num_cat=2
split_feature=1 23 16 2 32 14 0 0 22 15 23 30 32 8
split_gain=0.825813 1.98699 1.39392 3.13893 2.73168 2.46892 2.05569 1.81688 1.57927 1.34939 1.34515 1.25244 1.05203 1.04415
threshold=720.50000000000011 2.369857963854511 167.67230842796855 400.50000000000006 0 459.55000000000007 155.50000000000003 651.00000000000011 1.4393882604781594 838.50000000000011 3.2477849613045007 -0.20180761162458913 1 221.75751451928394
decision_type=10 8 10 8 1 10 10 10 10 2 10 2 1 2
left_child=2 12 10 6 8 -6 -4 -7 -5 -3 -1 -12 13 -2
right_child=1 9 3 4 5 7 -8 -9 -10 -11 11 -13 -14 -15
leaf_value=-1.5080522629794572e-05 0.0034194838845276261 0.0052554379575361961 -0.010260406212854973 0.0043812250155755217 0.0023431915865708771 -0.0080897805043163573 -0.0023755762656646521 -0.0012209794365102425 -0.0024050454349510311 0.00098500553850814623 -0.0003575430802189775 0.0064954687604059785 -0.00042429525465335113 -8.5486430105217095e-05
leaf_weight=51084 203 170 66 167 84 93 104 95 52 194 57 70 1077 208
leaf_count=51084 203 170 66 167 84 93 104 95 52 194 57 70 1077 208
internal_value=-6.94614e-07 0.000724519 -2.66544e-05 -0.00161756 -0.000181188 -0.00246116 -0.00564244 -0.0047404 0.00263454 0.00302363 -5.96408e-06 0.00352267 0.00015386 0.00162686
internal_weight=53724 1852 51872 661 491 272 170 188 219 364 51211 127 1488 411
internal_count=53724 1852 51872 661 491 272 170 188 219 364 51211 127 1488 411
cat_boundaries=0 1 2
cat_threshold=1284 776
is_linear=0
shrinkage=0.035


Tree=221
num_leaves=15
num_cat=3
split_feature=30 33 22 23 23 32 22 1 24 8 32 22 23 17
split_gain=0.817042 1.12757 1.05186 3.38798 1.86754 3.20921 2.63335 2.64503 2.55835 2.42136 1.76628 3.71529 2.69019 2.08774
threshold=-0.97111920233974802 0 0.79873961729340393 1.0744764980450288 0.87094671321024519 1 1.1807271279209666 38.100000000000009 1.0000000180025095e-35 62.682541711229902 2 0.66501501823972131 0.51811528013180297 0.4737238987532954
decision_type=2 1 10 10 8 1 10 10 2 2 1 8 10 10
left_child=1 -1 3 10 5 8 -7 -8 -4 -10 11 -2 13 -12
right_child=2 -3 4 -5 -6 6 7 -9 9 -11 12 -13 -14 -15
leaf_value=-0.0014115157184679413 0.0036450420171007763 -0.00013371642554361532 0.0038495712468560356 0.0055969963031798128 8.428549583599555e-05 -0.00076514687602508198 -0.0067995528088115901 -4.5195609754806417e-05 0.0009220865605358144 -0.0022857521968752013 0.0056787461126805291 0.00019396307790819626 0.00068470790031795235 -0.0011810386335210637
leaf_weight=1108 551 3465 269 148 34930 5320 176 117 1264 368 51 1224 2766 1967
leaf_count=1108 551 3465 269 148 34930 5320 176 117 1264 368 51 1224 2766 1967
internal_value=-6.80734e-07 -0.000447895 4.09694e-05 0.000448107 -2.34117e-05 -0.000523782 -0.000943611 -0.00414843 0.000716245 0.000193978 0.00032775 0.00126538 -2.36868e-05 -0.000994067
internal_weight=53724 4573 49151 6707 42444 7514 5613 293 1901 1632 6559 1775 4784 2018
internal_count=53724 4573 49151 6707 42444 7514 5613 293 1901 1632 6559 1775 4784 2018
cat_boundaries=0 1 2 3
cat_threshold=8 9984 8582
is_linear=0
shrinkage=0.035


Tree=222
num_leaves=15
num_cat=1
split_feature=21 30 7 14 6 16 22 33 22 20 16 23 22 23
split_gain=0.809234 1.47936 1.41519 3.15171 1.29226 1.79342 1.32626 1.2902 2.43807 2.00967 1.7971 1.78531 2.25406 1.69111
threshold=831.83110367892994 0.98174098242282837 40.270032051282058 32.525000000000006 37.050000000000004 5.0990195135927703 0.79375166624291482 0 1.6251824594520763 2000.3571428571431 14.028712053353468 1.8459722810627612 1.3377372216410082 1.7549510370570294
decision_type=2 2 2 10 8 10 10 1 8 8 8 10 10 10
left_child=1 2 3 4 6 -6 -1 8 13 -9 -10 -11 -13 -2
right_child=7 -3 -4 -5 5 -7 -8 9 10 11 -12 12 -14 -15
leaf_value=0.0049693443203055916 0.00039563159584083145 -0.0062350832850656436 -8.9029834646636843e-05 -0.0081960650508733322 -3.5582018335030155e-05 -0.0087205532173710801 -0.00077754959923985565 -0.00037262279200521393 0.0019896088312876216 8.5142690489081567e-05 -0.0051301169835517987 0.0059750112588340988 0.00092438044000571972 0.00404504512102915
leaf_weight=53 10340 50 2546 81 62 50 319 15331 56 23780 159 127 617 153
leaf_count=53 10340 50 2546 81 62 50 319 15331 56 23780 159 127 617 153
internal_value=-6.40808e-07 -0.00054347 -0.000442136 -0.00201856 -0.00091149 -0.00411978 9.62756e-05 3.33451e-05 0.000374145 -5.83335e-05 -0.0032726 0.000138154 0.00182065 0.000450745
internal_weight=53724 3161 3111 565 484 112 372 50563 10708 39855 215 24524 744 10493
internal_count=53724 3161 3111 565 484 112 372 50563 10708 39855 215 24524 744 10493
cat_boundaries=0 1
cat_threshold=2
is_linear=0
shrinkage=0.035


Tree=223
num_leaves=15
num_cat=0
split_feature=4 3 20 8 13 10 26 26 15 16 23 13 30 23
split_gain=0.800957 1.99506 1.59359 1.15394 2.477 1.29085 0.851608 2.90532 2.27529 4.38793 1.44515 0.905991 0.871662 0.883981
threshold=541.25000000000011 951.00000000000011 605.357142857143 10.633479486234114 24.525000000000002 1.8708333333333333 10.500000000000002 5.5000000000000009 95.175000000000011 7.0710678118653858 0.58652917209224187 62.57500000000001 -0.99052477729077237 0.54484478475140519
decision_type=8 10 8 2 10 10 2 2 2 10 10 10 2 8
left_child=1 6 -2 5 -5 -4 7 10 9 -9 -1 -11 13 -8
right_child=2 -3 3 4 -6 -7 12 8 -10 11 -12 -13 -14 -15
leaf_value=0.0041840727312956009 -0.0041531512371829138 -0.0056427698209434033 -0.0056506861936213683 0.0079525927008995637 0.00060973378731865276 -0.00022634782705530898 -0.0031329875761534308 -0.0015475743184399204 0.00015409081622963419 -0.006271760996383758 -0.00026834173042268301 -0.013764260370741811 1.5338927307001617e-05 -0.00048798792661420318
leaf_weight=115 89 73 51 52 4732 1349 162 185 173 54 347 52 44116 2174
leaf_count=115 89 73 51 52 4732 1349 162 185 173 54 347 52 44116 2174
internal_value=-6.54767e-07 -4.98035e-05 0.000370866 0.000439278 0.000697767 -0.000443355 -4.05914e-05 -0.0010887 -0.00303029 -0.00489404 0.000872875 -0.0104018 -1.9583e-05 -0.000677717
internal_weight=53724 47451 6273 6184 4784 1400 47378 926 464 291 462 106 46452 2336
internal_count=53724 47451 6273 6184 4784 1400 47378 926 464 291 462 106 46452 2336
is_linear=0
shrinkage=0.035


Tree=224
num_leaves=15
num_cat=2
split_feature=24 32 6 16 13 5 1 29 9 0 32 9 16 14
split_gain=0.797002 1.92675 1.08606 2.24876 1.07591 2.03911 3.13218 1.0249 0.984465 1.00833 0.97154 2.07309 0.964728 0.892993
threshold=4.5000000000000009 0 10.950000000000001 5.8452259722497653 1627.5000000000002 90.300000000000011 1100.5000000000002 0.99907018497641664 782.50000000000011 2412.5000000000005 1 1662.5000000000002 185.0096518102703 960.50000000000011
decision_type=2 1 8 8 8 8 10 2 10 10 1 10 10 8
left_child=4 2 3 -2 7 -6 -7 -1 -8 12 11 -9 -10 -3
right_child=1 13 -4 -5 5 6 8 10 9 -11 -12 -13 -14 -15
leaf_value=7.434035056849361e-05 -0.0014720839171224501 6.7779807105995552e-05 -0.00058017839796801335 -0.0089202237867496235 -0.0045943060802634472 0.0081339623561507337 0.0030893260835453979 -0.0085817589434428205 0.00029182182352674468 0.0024184949631732406 -0.00061014783775023139 0.00079352665632243533 -0.0061519705087994233 0.0029109321754894803
leaf_weight=40481 554 7006 4494 50 50 91 133 61 57 67 446 50 51 133
leaf_count=40481 554 7006 4494 50 50 91 133 61 57 67 446 50 51 133
internal_value=-7.23799e-07 -0.000248882 -0.000767403 -0.00215683 7.24942e-05 0.00176699 0.00261114 5.37415e-05 0.000875531 -0.000846032 -0.00143066 -0.00414883 -0.00288865 0.000122577
internal_weight=53724 12237 5098 604 41487 449 399 41038 308 175 557 111 108 7139
internal_count=53724 12237 5098 604 41487 449 399 41038 308 175 557 111 108 7139
cat_boundaries=0 1 2
cat_threshold=37930 14
is_linear=0
shrinkage=0.035


Tree=225
num_leaves=15
num_cat=2
split_feature=1 17 22 23 32 2 23 22 32 29 6 22 21 24
split_gain=0.783448 1.33517 0.85224 3.17259 2.00172 2.78822 2.00123 4.22076 2.76849 3.81719 1.98318 1.82408 1.64337 1.46588
threshold=1.0500000000000003 0.83811101288428314 0.92968248919523044 0.95657232181207841 0 10.950000000000001 0.41301601441261887 0.5299172649572651 1 0.81428061195174062 431.00000000000006 0.70845910833487569 1842.5543478260872 1.5000000000000002
decision_type=8 10 10 10 1 8 8 10 1 2 8 10 2 2
left_child=1 -1 3 4 5 -2 7 -6 9 -9 12 -5 -10 -4
right_child=2 -3 13 11 6 -7 -8 8 10 -11 -12 -13 -14 -15
leaf_value=0.00043651631901830729 0.0079140284226418261 -0.0061103215665839943 0.00024784454335674441 0.0057335058224271054 0.00025824800463069132 0.00086015760540348403 -1.0335382818693437e-05 0.0062809692560271786 -0.0019890538336550618 -0.0060858039576723658 -0.012245382255350707 0.0011223992377233912 -0.0077485481580186035 -0.000239841123285747
leaf_weight=84 67 64 10825 105 597 1535 12536 61 136 52 51 2572 112 24927
leaf_count=84 67 64 10825 105 597 1535 12536 61 136 52 51 2572 112 24927
internal_value=-7.45207e-07 -0.00250171 6.39635e-06 0.000204066 7.60144e-06 0.00117158 -0.000131215 -0.00162688 -0.00432884 0.00052854 -0.00596426 0.00131361 -0.00469184 -9.21655e-05
internal_weight=53724 148 53576 17824 15147 1602 13545 1009 412 113 299 2677 248 35752
internal_count=53724 148 53576 17824 15147 1602 13545 1009 412 113 299 2677 248 35752
cat_boundaries=0 1 2
cat_threshold=260 1153
is_linear=0
shrinkage=0.035


Tree=226
num_leaves=15
num_cat=0
split_feature=20 23 5 4 3 8 20 20 26 26 17 23 19 16
split_gain=0.765074 1.09215 1.2486 0.891652 1.87223 1.02187 2.55875 1.21135 0.825671 2.67693 2.16321 1.36763 1.35845 1.54915
threshold=632.32142857142867 0.56557122334409937 123.75000000000001 541.25000000000011 971.00000000000011 10.633479486234114 662.32142857142867 844.64285714285722 10.500000000000002 5.5000000000000009 40.778410806195104 0.58652917209224187 92.145833333333357 7.0710678118653858
decision_type=8 8 10 8 10 2 10 10 2 2 10 10 10 10
left_child=1 -1 -3 4 8 7 -7 -5 9 11 12 -2 13 -11
right_child=3 2 -4 5 -6 6 -8 -9 -10 10 -12 -13 -14 -15
leaf_value=-0.0047673040017737851 0.0040388064039774086 -0.0034264764677719257 0.0010503889903830815 -0.005420430597809364 -0.0058440176272244364 0.0076055215557698837 0.00055719596143154551 -0.0002101309919715966 -1.14462501419544e-05 -0.0014911008590409581 -0.0086714925386848461 -0.00029063205118868212 0.00093788999701488321 -0.0072339293572965067
leaf_weight=91 115 112 215 52 63 59 4680 1347 46178 185 64 348 134 81
leaf_count=91 115 112 215 52 63 59 4680 1347 46178 185 64 348 134 81
internal_value=-7.56828e-07 -0.00148339 -0.000511482 1.10073e-05 -4.0645e-05 0.000407644 0.00065287 -0.000422409 -3.22639e-05 -0.00106366 -0.00292834 0.000816375 -0.00191373 -0.00334106
internal_weight=53724 418 327 53306 47168 6138 4739 1399 47105 927 464 463 400 266
internal_count=53724 418 327 53306 47168 6138 4739 1399 47105 927 464 463 400 266
is_linear=0
shrinkage=0.035


Tree=227
num_leaves=15
num_cat=1
split_feature=30 32 6 29 2 16 23 14 1 1 0 17 23 22
split_gain=0.760378 1.56915 1.7722 1.63778 6.72418 1.098 1.54455 1.49386 1.31685 1.18415 1.29133 1.26199 1.15817 1.10603
threshold=-0.8901731938066898 0 3.0500000000000003 -0.40614700388750385 92.750000000000014 560.35846336601708 1.1755379800227557 3225.0000000000005 1100.5000000000002 901.00000000000011 1005.0000000000001 242.07445245238239 2.369857963854511 1.4052072675436353
decision_type=2 1 8 2 10 10 8 8 8 10 10 10 8 10
left_child=1 2 -1 4 -3 7 8 9 -7 10 11 -2 -11 -13
right_child=5 3 -4 -5 -6 6 -8 -9 -10 12 -12 13 -14 -15
leaf_value=-0.0049625183258889781 3.9480215658579077e-05 -0.00098032883929191042 0.0002612943675156636 -0.00055502144161424327 -0.014282566830203658 -0.0011320646061039154 0.001020843523262112 0.004259976419813869 -0.0089279656172408899 0.00065641543349624122 0.0034016423096019555 -0.0011079164755238094 0.0036904482916087058 -0.0062218710137172967
leaf_weight=76 42913 309 4475 4209 50 52 81 99 53 751 134 272 190 60
leaf_count=76 42913 309 4475 4209 50 52 81 99 53 751 134 272 190 60
internal_value=-8.0583e-07 -0.000291932 0.000168339 -0.000748904 -0.00300375 5.87378e-05 -0.0025893 7.01164e-05 -0.00529409 6.02778e-05 3.3559e-05 2.27306e-05 0.00128529 -0.00211073
internal_weight=53724 9119 4551 4568 359 44605 186 44419 105 44320 43379 43245 941 332
internal_count=53724 9119 4551 4568 359 44605 186 44419 105 44320 43379 43245 941 332
cat_boundaries=0 1
cat_threshold=22293
is_linear=0
shrinkage=0.035


Tree=228
num_leaves=15
num_cat=1
split_feature=21 30 7 14 16 6 16 22 33 22 20 23 22 16
split_gain=0.736114 1.28247 1.30363 2.9273 1.2265 1.21044 1.69313 1.22688 1.19908 2.22139 1.83702 1.6812 2.09035 1.65408
threshold=831.83110367892994 0.98174098242282837 40.270032051282058 32.525000000000006 560.35846336601708 37.050000000000004 5.0990195135927703 0.79375166624291482 0 1.6251824594520763 2000.3571428571431 1.8459722810627612 1.3377372216410082 14.028712053353468
decision_type=2 2 2 10 10 8 10 10 1 8 8 10 10 8
left_child=1 2 3 5 -4 7 -7 -1 9 -2 -10 -12 -13 -11
right_child=8 -3 4 -5 -6 6 -8 -9 10 13 11 12 -14 -15
leaf_value=0.0047916119607117292 0.00043321972814569103 -0.005818015776151284 3.3729647815130778e-05 -0.0078906824424399905 -0.0050302128767749912 -9.1514946830306048e-06 -0.0084457491576163616 -0.00073581414601129062 -0.00035731236989530404 0.0019265240371288336 7.95903587707536e-05 0.0057644601308504319 0.00090052446076612576 -0.0049030671660964401
leaf_weight=53 10493 50 2491 81 55 62 50 319 15331 56 23780 127 617 159
leaf_count=53 10493 50 2491 81 55 62 50 319 15331 56 23780 127 617 159
internal_value=-8.5853e-07 -0.000518583 -0.000424211 -0.00193723 -8.53091e-05 -0.000870388 -0.00397546 0.0001048 3.15556e-05 0.0003601 -5.6826e-05 0.000131032 0.00176373 -0.00312084
internal_weight=53724 3161 3111 565 2546 484 112 372 50563 10708 39855 24524 744 215
internal_count=53724 3161 3111 565 2546 484 112 372 50563 10708 39855 24524 744 215
cat_boundaries=0 1
cat_threshold=2
is_linear=0
shrinkage=0.035


Tree=229
num_leaves=15
num_cat=2
split_feature=24 32 23 19 1 14 10 23 22 32 23 1 1 6
split_gain=0.73714 3.97706 1.32811 1.27655 1.29216 1.20706 1.28551 1.16231 2.19042 2.24967 1.4836 1.3938 1.11346 1.15865
threshold=5.5000000000000009 0 2.1938679142639539 50.025000000000006 134.25000000000003 960.50000000000011 1169.2500000000002 2.0739180411378979 1.8174112776305755 1 2.6436217829168225 58.550000000000004 450.50000000000006 23.050000000000004
decision_type=2 1 10 8 10 8 10 10 10 1 10 10 8 10
left_child=7 3 5 -2 -5 -3 -7 -1 9 10 -9 -11 13 -10
right_child=1 2 -4 4 -6 6 -8 8 12 11 -12 -13 -14 -15
leaf_value=1.5649965224211371e-05 -0.008944132518954576 -0.00018608488584821007 -0.0054656448885553374 0.0011744206088284653 -0.0048906264837443219 0.0069868902061231601 -0.00056000188080890278 0.0035475974984233486 -9.724913265090437e-05 -0.0024866277466214534 0.0098891388708725585 0.0031529544572689561 0.0017482945907019802 -0.0050894851559163765
leaf_weight=48546 61 3945 52 58 145 55 50 158 145 106 65 99 150 89
leaf_count=48546 61 3945 52 58 145 55 50 158 145 106 65 99 150 89
internal_value=-8.91216e-07 -0.000436532 -0.000159865 -0.00447999 -0.00317118 -8.54801e-05 0.00353103 3.76841e-05 0.00134685 0.00305402 0.00533823 0.000235871 -0.000570728 -0.00206276
internal_weight=53724 4366 4102 264 203 4050 105 49358 812 428 223 205 384 234
internal_count=53724 4366 4102 264 203 4050 105 49358 812 428 223 205 384 234
cat_boundaries=0 1 2
cat_threshold=1024 52281
is_linear=0
shrinkage=0.035


Tree=230
num_leaves=15
num_cat=2
split_feature=22 23 32 22 22 30 3 23 14 16 32 0 30 23
split_gain=0.733022 2.98747 1.92127 1.69996 1.65839 2.78175 1.6895 1.61571 2.3815 2.68618 1.98208 4.46017 1.59149 1.54481
threshold=0.92968248919523044 0.95657232181207841 0 0.70845910833487569 0.66501501823972131 -0.97111920233974802 51.850000000000001 0.41301601441261887 2102.5000000000005 185.0096518102703 1 9.5500000000000025 -0.88220415136009767 0.35761826530182406
decision_type=10 10 1 10 8 2 10 10 8 8 1 8 2 8
left_child=1 2 4 -3 5 -1 -7 8 9 10 11 -4 -13 -14
right_child=-2 3 7 -5 -6 6 -8 -9 -10 -11 -12 12 13 -15
leaf_value=-0.0025310998564158143 -9.2286457520854187e-05 0.0055242128372086554 -0.011217732303740029 0.0010731798412814606 0.00038542422148963402 0.006227057774032917 0.001836394372308321 2.1544438125554095e-05 0.0061765588894323042 -0.0067224197977485915 -0.00031125642577169822 -0.0043990662082439222 0.0042558168460660895 -0.0013291868346204693
leaf_weight=106 35814 105 60 2580 2735 183 265 8932 52 94 2144 174 66 414
leaf_count=106 35814 105 60 2580 2735 183 265 8932 52 94 2144 174 66 414
internal_value=-8.63949e-07 0.000181925 -8.05278e-06 0.00125719 0.00073899 0.00247864 0.00367884 -0.000214565 -0.000916188 -0.00105136 -0.000853425 -0.00242984 -0.00158149 -0.000525291
internal_weight=53724 17910 15225 2685 3289 554 448 11936 3004 2952 2858 714 654 480
internal_count=53724 17910 15225 2685 3289 554 448 11936 3004 2952 2858 714 654 480
cat_boundaries=0 1 2
cat_threshold=8454 2120
is_linear=0
shrinkage=0.035


Tree=231
num_leaves=15
num_cat=1
split_feature=1 7 23 26 23 20 32 22 28 22 21 22 23 0
split_gain=0.709412 1.27073 0.888157 3.40188 0.988271 2.72565 2.38134 3.09577 3.12829 2.74389 1.3746 1.2452 3.44681 1.93879
threshold=1.0500000000000003 2.0076839826839832 0.13344941042644634 126.50000000000001 0.41301601441261887 2595.3571428571436 0 0.571989853071181 1.0000000180025095e-35 0.9076699515522082 1881.5945512820515 0.70845910833487569 0.85257315870794115 3.5500000000000003
decision_type=8 2 8 2 8 10 1 10 2 10 2 10 10 10
left_child=1 -1 3 -2 5 6 9 -8 10 -4 -9 12 13 -6
right_child=2 -3 4 -5 11 -7 7 8 -10 -11 -12 -13 -14 -15
leaf_value=0.000205598341228474 -0.0026008505729191445 -0.0062982112633400283 -0.00083114685182478123 0.0071728925795580918 -0.001106493706959898 0.0057506277026978386 -0.00090048185682661819 -0.00036578891857762832 -0.013030162999549738 0.0065694051207974558 -0.0074044804026555952 -2.5730299449054765e-05 0.0047176527525231177 0.00086279435960669789
leaf_weight=92 80 56 493 86 818 63 269 78 60 65 56 48883 234 2391
leaf_count=92 80 56 493 86 818 63 269 78 60 65 56 48883 234 2391
internal_value=-8.39329e-07 -0.0023807 5.95643e-06 0.00252433 -2.10633e-06 -0.00104567 -0.00149101 -0.0032965 -0.00667836 8.01871e-05 -0.00346787 1.96103e-05 0.000662451 0.000359867
internal_weight=53724 148 53576 166 53410 1084 1021 463 194 558 134 52326 3443 3209
internal_count=53724 148 53576 166 53410 1084 1021 463 194 558 134 52326 3443 3209
cat_boundaries=0 1
cat_threshold=42796
is_linear=0
shrinkage=0.035


Tree=232
num_leaves=15
num_cat=2
split_feature=30 32 6 29 2 33 20 30 23 22 16 23 1 0
split_gain=0.706126 1.46218 1.63697 1.54592 6.28462 1.00211 1.4003 1.28748 1.5071 1.16354 0.975135 1.40588 1.36842 1.71705
threshold=-0.8901731938066898 0 3.0500000000000003 -0.40614700388750385 92.750000000000014 1 2014.6428571428573 -0.94137724084408114 1.1635321762957724 0.60587144423659944 560.35846336601708 1.1755379800227557 901.00000000000011 1005.0000000000001
decision_type=2 1 8 2 10 1 10 2 8 8 10 8 10 10
left_child=1 2 -1 4 -3 6 7 8 -5 -7 12 -12 13 -2
right_child=10 3 -4 5 -6 9 -8 -9 -10 -11 11 -13 -14 -15
leaf_value=-0.0047682876078940844 2.5241946116057804e-05 -0.00095685070722829619 0.00025226142065849902 -0.0028592543479374634 -0.013817176458087157 0.0046443167806803293 -0.00055572798318466779 0.00075895751917829063 -0.00905901596305877 -0.00031710497506618309 -0.0050196882552303252 0.0010038055830396886 0.0013633441798423312 0.0037889238959022071
leaf_weight=76 43304 309 4475 210 50 54 669 74 61 3141 105 81 971 144
leaf_count=76 43304 309 4475 210 50 54 669 74 61 3141 105 81 971 144
internal_value=-8.33678e-07 -0.000281382 0.000162922 -0.000722503 -0.00291318 -0.000534133 -0.0014842 -0.00329336 -0.0043936 -0.00022542 5.65465e-05 -0.00243894 6.72694e-05 3.81505e-05
internal_weight=53724 9119 4551 4568 359 4209 1014 345 271 3195 44605 186 44419 43448
internal_count=53724 9119 4551 4568 359 4209 1014 345 271 3195 44605 186 44419 43448
cat_boundaries=0 1 2
cat_threshold=22293 8
is_linear=0
shrinkage=0.035


Tree=233
num_leaves=15
num_cat=3
split_feature=24 32 14 22 32 24 9 30 33 0 2 15 23 17
split_gain=0.704803 3.28439 1.92482 1.7467 1.44487 3.50497 2.26869 1.49056 1.34747 1.25524 1.25099 2.68104 1.597 1.22606
threshold=1.5000000000000002 0 1.5250000000000001 1.6251824594520763 1 5.5000000000000009 602.50000000000011 0.3484035575467645 2 2412.5000000000005 135.50000000000003 110.10000000000001 0.41301601441261887 487.38764923752217
decision_type=2 1 10 10 1 2 10 2 1 10 10 2 8 10
left_child=1 3 -3 8 5 6 7 -2 -1 13 12 -12 -4 -8
right_child=4 2 10 -5 -6 -7 9 -9 -10 -11 11 -13 -14 -15
leaf_value=-0.0002285048458023334 -0.00051202859849699088 -0.0058422340669761035 -0.0035279397783257692 0.0052706494031505837 -2.7487370095868959e-06 -0.0045115019088403556 -0.00029308083321442365 -0.007985942869423595 0.001284401153902407 0.0038345079352095556 0.0049852194682002658 0.00031209700138164692 -0.00019828964073655741 -0.005293058954779494
leaf_weight=947 57 66 175 112 32779 268 4088 74 3020 84 154 2798 9046 56
leaf_count=947 57 66 175 112 32779 268 4088 74 3020 84 154 2798 9046 56
internal_value=-8.87608e-07 0.000191013 -9.60576e-05 0.0010491 -8.46169e-05 -0.000662529 -0.000422507 -0.00487232 0.000926066 -0.000279042 -6.25957e-05 0.000563902 -0.000263359 -0.000366945
internal_weight=53724 16318 12239 4079 37406 4627 4359 131 3967 4228 12173 2952 9221 4144
internal_count=53724 16318 12239 4079 37406 4627 4359 131 3967 4228 12173 2952 9221 4144
cat_boundaries=0 1 2 3
cat_threshold=5154 1026 4
is_linear=0
shrinkage=0.035


Tree=234
num_leaves=15
num_cat=3
split_feature=22 23 17 32 23 22 32 3 16 21 15 23 32 0
split_gain=0.704859 2.82668 1.99998 1.81281 2.88658 2.19918 1.77343 2.07574 2.47422 2.06612 1.86048 1.56745 2.59307 2.52156
threshold=0.98262554735602625 1.0335104840763021 71.958951133116756 0 1.3980608637068686 1.5236325238862833 1 219.00000000000003 32.339344532331772 2423.6237373737381 220.12500000000003 0.51811528013180297 2 8.5500000000000025
decision_type=10 10 8 1 8 10 1 10 10 2 2 10 1 8
left_child=1 6 -3 4 5 -2 7 8 -1 -10 -9 12 13 -8
right_child=3 2 -4 -5 -6 -7 11 10 9 -11 -12 -13 -14 -15
leaf_value=0.00065776616752787737 -9.5867550578604418e-05 0.00085628938824999442 0.0040426770885308048 -0.00037178740686893866 0.00097531179095371222 -0.005030751030481043 -0.0073570859550382024 -0.0067970535789662213 0.002294325860398282 0.0089005372021638343 -0.00047616808716516383 3.30642511942027e-05 -0.00017512162700104807 -0.0015710732071175771
leaf_weight=3611 9021 2775 260 15728 3952 107 95 56 284 70 898 12325 3247 1295
leaf_count=3611 9021 2775 260 15728 3952 107 95 56 284 70 898 12325 3247 1295
internal_value=-8.91074e-07 0.000135412 0.00113546 -0.000118783 0.00018561 -0.000156438 -3.5267e-06 0.00058056 0.000934278 0.00370641 -0.000880709 -0.000173274 -0.000721532 -0.0019773
internal_weight=53724 24916 3035 28808 13080 9128 21881 4919 3965 354 954 16962 4637 1390
internal_count=53724 24916 3035 28808 13080 9128 21881 4919 3965 354 954 16962 4637 1390
cat_boundaries=0 1 2 3
cat_threshold=23656 8454 2152
is_linear=0
shrinkage=0.035


Tree=235
num_leaves=15
num_cat=2
split_feature=20 23 5 23 6 2 33 22 32 22 3 23 29 23
split_gain=0.682809 0.963608 1.15314 0.758549 4.82881 3.28813 0.778358 1.55167 1.89862 1.82007 1.63918 1.61082 2.43903 1.5766
threshold=632.32142857142867 0.56557122334409937 130.10000000000002 0.13344941042644634 21.550000000000004 219.00000000000003 0 1.0927795116321328 1 1.498573722981692 7.0500000000000007 1.5996339621125826 0.091259403071267925 1.1930930194640521
decision_type=8 8 10 8 10 8 1 8 1 8 8 8 2 8
left_child=1 -1 -3 4 -2 -6 -5 -8 9 -9 -11 -12 -13 -10
right_child=3 2 -4 6 5 -7 7 8 13 10 11 12 -14 -15
leaf_value=-0.0044862045354034314 -0.006176038280930044 -0.0030337193192011033 0.0011623334088000732 0.00013779449024394134 0.00023312710531172345 0.011751410048455001 3.3977828735163742e-05 -0.00099089503828729986 -0.001077365020453659 0.0015204505692236127 -0.0018177226450928835 -0.0028380921890151086 -0.012912560708430266 0.00031253858429659587
leaf_weight=91 52 127 200 26332 59 58 19431 2488 1456 51 97 63 57 3162
leaf_count=91 52 127 200 26332 59 58 19431 2488 1456 51 97 63 57 3162
internal_value=-8.76852e-07 -0.00140153 -0.000488472 1.02368e-05 0.00231738 0.00619065 2.6817e-06 -0.000130051 -0.000562184 -0.00128623 -0.00400671 -0.00531071 -0.00794855 -0.0001261
internal_weight=53724 418 327 53306 169 117 53137 26805 7374 2756 268 217 120 4618
internal_count=53724 418 327 53306 169 117 53137 26805 7374 2756 268 217 120 4618
cat_boundaries=0 1 2
cat_threshold=10 41223
is_linear=0
shrinkage=0.035


Tree=236
num_leaves=15
num_cat=2
split_feature=20 33 23 29 22 16 5 16 22 26 32 3 1 14
split_gain=0.696813 1.40115 1.45949 2.24174 2.5015 1.72587 3.13727 1.32047 1.30943 3.87499 3.56198 2.41699 1.67683 1.26476
threshold=2391.8333333333335 0 1.3980608637068686 0.94704596667653973 1.6251824594520763 102.04737356046353 200.75000000000003 13.45185418297938 0.68363360969387765 321.50000000000006 1 2.5500000000000003 471.00000000000006 2.0500000000000003
decision_type=8 1 10 2 10 10 10 10 10 2 1 10 8 8
left_child=1 2 13 4 -4 -6 -7 -5 9 10 -2 -12 -13 -1
right_child=8 -3 3 7 5 6 -8 -9 -10 -11 11 12 -14 -15
leaf_value=-0.0039621091199348616 0.00034204292494510101 -0.00032281983766338257 0.0010910903028743632 -7.5115856004752299e-05 -0.00059181970239365631 -0.011555563217367639 5.9002816801694283e-05 0.0046572348295161742 0.00014371699551105923 -0.0037137909362382326 0.012729594635893592 0.0062581025058765158 -0.00082626108996203696 2.2545883193749057e-05
leaf_weight=93 307 16224 1675 98 361 50 59 268 11443 126 51 137 56 22776
leaf_count=93 307 16224 1675 98 361 50 59 268 11443 126 51 137 56 22776
internal_value=-9.04482e-07 -6.8942e-05 9.34698e-05 0.000893614 0.000457975 -0.00178608 -0.00554193 0.00340617 0.000232578 0.00172249 0.00298785 0.00598883 0.00423358 5.47919e-06
internal_weight=53724 41604 25380 2511 2145 470 109 366 12120 677 551 244 193 22869
internal_count=53724 41604 25380 2511 2145 470 109 366 12120 677 551 244 193 22869
cat_boundaries=0 1 2
cat_threshold=10 38953
is_linear=0
shrinkage=0.035


Tree=237
num_leaves=15
num_cat=2
split_feature=21 30 7 14 16 33 22 20 26 16 23 22 21 32
split_gain=0.689844 1.2022 1.20947 2.55845 1.11391 1.05404 2.04204 1.60682 1.54301 1.53467 1.48422 1.93201 1.37909 1.58838
threshold=831.83110367892994 0.98174098242282837 41.423863636363642 32.525000000000006 560.35846336601708 0 1.6251824594520763 2000.3571428571431 312.50000000000006 14.028712053353468 1.8459722810627612 1.3377372216410082 2259.5553359683799 1
decision_type=2 2 2 10 10 1 8 8 2 8 10 10 2 1
left_child=1 2 3 -1 -4 6 8 -7 -2 -8 -9 -12 -13 -14
right_child=5 -3 4 -5 -6 7 9 10 -10 -11 11 12 13 -15
leaf_value=-0.00079929676997349502 0.00023918865565132472 -0.0056329611248590742 3.6289837635503302e-05 -0.0070055333055954972 -0.0047900380150531427 -0.00033337341564610318 0.0018624470644004523 7.5015144875068416e-05 0.0014721083292342267 -0.0047156497094888112 0.0055033726109523385 0.0027354746360154086 -0.0035670450279629202 0.0011273290491808368
leaf_weight=490 9056 50 2473 93 55 15331 56 23780 1437 159 127 261 123 233
leaf_count=490 9056 50 2473 93 55 15331 56 23780 1437 159 127 261 123 233
internal_value=-8.58836e-07 -0.000502048 -0.000410677 -0.00184047 -7.79613e-05 3.05201e-05 0.000338554 -5.23444e-05 0.000408656 -0.0029989 0.00012335 0.00165742 0.000827913 -0.000589126
internal_weight=53724 3161 3111 583 2528 50563 10708 39855 10493 215 24524 744 617 356
internal_count=53724 3161 3111 583 2528 50563 10708 39855 10493 215 24524 744 617 356
cat_boundaries=0 1 2
cat_threshold=2 1430
is_linear=0
shrinkage=0.035


Tree=238
num_leaves=15
num_cat=3
split_feature=24 32 29 29 29 23 33 22 9 1 16 23 8 32
split_gain=0.675899 1.73265 0.957383 1.59488 2.93416 2.71254 1.43091 1.20446 1.03116 0.945264 1.80184 1.17058 1.01787 0.931411
threshold=4.5000000000000009 0 -0.46801505794253101 0.93845596220871974 0.91596454896554913 1.7985845743171256 1 0.66501501823972131 2002.5000000000002 601.00000000000011 131.03979262377396 2.0739180411378979 188.69320830044333 2
decision_type=2 1 2 2 2 10 1 10 10 10 8 10 2 1
left_child=13 2 -2 4 5 -4 -5 -8 -6 10 11 -3 -11 -1
right_child=1 9 3 6 8 -7 7 -9 -10 12 -12 -13 -14 -15
leaf_value=0.00041885284568587706 -1.5652066412695037e-05 8.5771318404863974e-05 -0.00092444763195102331 0.0032336041485712098 -0.0088683809556930164 -0.0073849741167054525 0.0044859454734250907 -0.00092713935419268256 -0.0023483942264012239 0.0050907170242070763 -0.0052502233530818069 0.0046373600751576311 0.000518715647950415 -1.1506490188909801e-05
leaf_weight=7510 1804 6215 2911 162 77 77 51 497 54 91 72 65 161 33977
leaf_count=7510 1804 6215 2911 162 77 77 51 497 54 91 72 65 161 33977
internal_value=-8.89595e-07 -0.000229418 -0.00067939 -0.000993449 -0.00133387 -0.00110299 0.000500891 -0.000380481 -0.0063659 0.00015541 7.1393e-05 0.000136533 0.00223664 6.65367e-05
internal_weight=53724 12237 5633 3829 3119 2988 710 548 131 6604 6352 6280 252 41487
internal_count=53724 12237 5633 3829 3119 2988 710 548 131 6604 6352 6280 252 41487
cat_boundaries=0 1 2 3
cat_threshold=37934 8 5128
is_linear=0
shrinkage=0.035


Tree=239
num_leaves=15
num_cat=2
split_feature=22 23 32 2 23 22 32 22 15 26 20 23 9 23
split_gain=0.671446 2.641 1.71189 2.57791 1.73867 4.22781 3.0175 2.8592 1.90812 1.83219 1.69209 1.63728 2.40659 1.35404
threshold=0.92968248919523044 0.95657232181207841 0 10.950000000000001 0.41301601441261887 0.5299172649572651 1 0.81448222247722313 88.600000000000009 109.50000000000001 1553.4523809523812 1.3432425005682946 1942.5000000000002 0.13344941042644634
decision_type=10 10 1 8 8 10 1 10 2 2 10 10 10 10
left_child=1 2 3 -1 5 13 7 8 -7 -8 -11 -3 -13 -4
right_child=-2 11 4 -5 -6 6 9 -9 -10 10 -12 12 -14 -15
leaf_value=0.0075543340626690134 -8.8356837928976414e-05 0.00098911165218042402 0.0054442474406597944 0.00077245851333025814 -1.9521385118816125e-05 -0.00012758391658945751 -0.012758814291646858 0.0049008065355284252 -0.0077058239237062249 -0.00030220196849559664 -0.0081127311113761442 -0.00071420114151439062 0.0089675301330333426 -0.00017656949466942785
leaf_weight=67 35814 2561 53 1536 12601 88 56 63 71 56 83 52 72 551
leaf_count=67 35814 2561 53 1536 12601 88 56 63 71 56 83 52 72 551
internal_value=-8.58389e-07 0.000174085 -4.53826e-06 0.00107186 -0.000132242 -0.00151784 -0.00420591 -0.00111499 -0.00364334 -0.00719353 -0.0050858 0.00118507 0.00503713 0.000357297
internal_weight=53724 17910 15225 1603 13622 1021 417 222 159 195 139 2685 124 604
internal_count=53724 17910 15225 1603 13622 1021 417 222 159 195 139 2685 124 604
cat_boundaries=0 1 2
cat_threshold=260 42657
is_linear=0
shrinkage=0.035


Tree=240
num_leaves=15
num_cat=2
split_feature=30 32 22 6 22 32 23 8 20 3 0 10 26 23
split_gain=0.654192 1.0222 1.07625 1.27661 0.951695 3.55782 1.82404 1.721 3.48535 2.09525 2.05408 1.52325 2.03325 1.45009
threshold=-0.97111920233974802 0 1.1107381699916934 11.025000000000002 0.66501501823972131 1 0.63452821575733587 2.5929378599793984 2695.9166666666674 1305.0000000000002 10.950000000000001 260.07142857142861 89.500000000000014 0.78338076795575651
decision_type=2 1 8 10 10 1 10 2 8 8 10 8 2 8
left_child=1 -1 -3 -4 5 11 7 -7 9 -9 -11 12 -2 -6
right_child=4 2 3 -5 13 6 -8 8 -10 10 -12 -13 -14 -15
leaf_value=-0.0011680119600690124 0.0084225333103089845 0.00022116170479010602 -0.0055790985329644532 -0.00073808094441463862 -0.00050525264789233319 -0.0053978389535759451 0.0022799111487362667 -2.7191662183680496e-05 0.0079706266312859955 -0.0096069504634942876 -0.0013351329753542383 -0.0010885469496391621 0.0027314146516177499 7.4458618456196666e-05
leaf_weight=1438 104 2688 77 370 6080 74 386 1681 58 51 113 74 292 40238
leaf_count=1438 104 2688 77 370 6080 74 386 1681 58 51 113 74 292 40238
internal_value=-8.32829e-07 -0.000401005 -4.40248e-05 -0.00162448 3.64361e-05 0.000658589 9.49476e-05 -0.000335853 -0.000125383 -0.000400746 -0.00411559 0.00338823 0.00431243 -1.68435e-06
internal_weight=53724 4573 3135 447 49151 2833 2363 1977 1903 1845 164 470 396 46318
internal_count=53724 4573 3135 447 49151 2833 2363 1977 1903 1845 164 470 396 46318
cat_boundaries=0 1 2
cat_threshold=43528 8454
is_linear=0
shrinkage=0.035


Tree=241
num_leaves=15
num_cat=3
split_feature=24 32 32 29 3 9 5 22 23 29 32 24 9 24
split_gain=0.653962 3.02185 1.46426 2.00156 5.16183 1.65778 2.90627 1.37961 1.91292 1.60467 1.37655 3.21 2.12172 1.4066
threshold=1.5000000000000002 0 1 0.83849049182116964 1154.0000000000002 3002.5000000000005 12.550000000000002 1.1636634199134201 1.9828807267754229 0.91596454896554913 2 5.5000000000000009 602.50000000000011 3.5000000000000004
decision_type=2 1 1 2 8 8 10 10 8 2 1 2 10 2
left_child=1 -1 3 -3 5 -5 -7 -4 -9 -10 11 12 13 -2
right_child=10 2 7 4 -6 6 -8 8 9 -11 -12 -13 -14 -15
leaf_value=0.0013931502198996448 -0.0012669274293478918 -0.00016787341887418943 2.768233078896855e-05 -0.00049975366027249892 -0.011338525753988721 0.00082861483015756908 -0.0092180056971548595 0.00011685063600205347 0.0016673785957042394 0.005923473330904293 -1.5680009196015659e-06 -0.0043290571904351684 -0.00027712063673019684 -0.0085039242231869146
leaf_weight=2177 72 3196 8257 636 63 63 73 1068 658 127 32779 268 4228 59
leaf_count=2177 72 3196 8257 636 63 63 73 1068 658 127 32779 268 4228 59
internal_value=-8.23489e-07 0.000184027 -3.52647e-06 -0.000566333 -0.00208812 -0.00126512 -0.00469971 0.000221379 0.00108329 0.00238908 -8.14763e-05 -0.00064556 -0.00041587 -0.00471915
internal_weight=53724 16318 14141 4031 835 772 136 10110 1853 785 37406 4627 4359 131
internal_count=53724 16318 14141 4031 835 772 136 10110 1853 785 37406 4627 4359 131
cat_boundaries=0 1 2 3
cat_threshold=1026 337 1026
is_linear=0
shrinkage=0.035


Tree=242
num_leaves=15
num_cat=2
split_feature=22 23 22 32 2 23 22 32 26 29 21 29 9 23
split_gain=0.639945 2.44644 1.82913 1.57641 2.38395 1.63477 3.94797 2.86039 1.92903 1.68088 1.61071 1.49557 1.45682 1.44369
threshold=0.92968248919523044 0.96856992327702607 0.70845910833487569 0 10.950000000000001 0.41301601441261887 0.5299172649572651 1 109.50000000000001 0.83376496542330847 1473.7980769230771 0.17646842360078763 942.50000000000011 1.3017141007116606
decision_type=10 10 10 1 8 8 10 1 2 2 2 2 10 10
left_child=1 3 -3 4 -1 6 -5 8 -8 11 -10 -9 -4 -14
right_child=-2 2 12 5 -6 -7 7 9 10 -11 -12 -13 13 -15
leaf_value=0.0072701405909740271 -8.6290430879134092e-05 0.0058364067373387124 -0.0016956273553637403 0.00035296312278576856 0.00074983721899755105 -7.0516367427446987e-06 -0.011630568031400239 -0.0016013977136732876 0.00050477676655583342 -0.0046327297124140066 -0.0068560247683308265 0.0060982097705760815 0.0010338567306571675 0.0047427969485474078
leaf_weight=67 35814 95 219 604 1552 12814 68 64 53 73 107 52 2009 133
leaf_count=67 35814 95 219 604 1552 12814 68 64 53 73 107 52 2009 133
internal_value=-8.69133e-07 0.000169921 0.00119485 6.70326e-06 0.00103485 -0.000114608 -0.00145899 -0.00405659 -0.00653345 -0.000609076 -0.00447635 0.00195952 0.000996142 0.00127466
internal_weight=53724 17910 2456 15454 1619 13835 1021 417 228 189 160 116 2361 2142
internal_count=53724 17910 2456 15454 1619 13835 1021 417 228 189 160 116 2361 2142
cat_boundaries=0 1 2
cat_threshold=260 14426
is_linear=0
shrinkage=0.035


Tree=243
num_leaves=15
num_cat=2
split_feature=26 23 22 32 23 23 3 23 22 29 33 26 16 23
split_gain=0.634747 1.36648 0.970912 3.04783 2.9953 2.04182 1.98002 2.69028 1.92531 1.91688 2.39418 2.17042 1.78349 1.69858
threshold=312.50000000000006 0.71938338578024796 1.0904875077991412 0 2.6436217829168225 1.2432593980711137 682.50000000000011 0.6500672140013809 1.3090428863127819 0.93237596376505805 1 91.500000000000014 26.832815729997368 0.89675329827265726
decision_type=2 8 10 1 8 10 8 10 10 2 1 2 8 10
left_child=2 -2 5 9 6 -1 7 -5 -6 -4 11 -11 -7 -8
right_child=1 -3 3 4 8 12 13 -9 -10 10 -12 -13 -14 -15
leaf_value=-3.3434322202286223e-06 -0.0013424484533954538 0.00051171999057006835 -0.0013277952058252315 0.0059366921743037558 0.00045463573875455915 0.00060453474890497568 -0.0069061185449310067 -6.4146743646005918e-05 0.0030745391241038915 -0.0024479854397368851 -0.00083731471169451899 0.0051942531989854091 0.0034025322972587374 -0.0012792166979643776
leaf_weight=33675 531 5331 3906 88 809 1070 67 5741 595 56 474 191 374 816
leaf_count=33675 531 5331 3906 88 809 1070 67 5741 595 56 474 191 374 816
internal_value=-8.38456e-07 0.000342762 -4.29531e-05 -0.000304586 0.000104642 5.20108e-05 -0.00020306 3.14579e-05 0.00157189 -0.00101976 0.000632644 0.00331583 0.00133846 -0.00174265
internal_weight=53724 5862 47862 12743 8116 35119 6712 5829 1404 4627 721 247 1444 883
internal_count=53724 5862 47862 12743 8116 35119 6712 5829 1404 4627 721 247 1444 883
cat_boundaries=0 1 2
cat_threshold=8583 8
is_linear=0
shrinkage=0.035


Tree=244
num_leaves=15
num_cat=3
split_feature=30 24 32 4 1 23 9 23 22 32 23 1 2 32
split_gain=0.625189 0.675498 2.95304 1.23426 1.36282 1.18233 1.0844 0.999287 2.16346 1.88629 1.46605 1.21851 1.04602 1.73154
threshold=-0.99864786094873803 5.5000000000000009 0 89.65000000000002 159.80000000000004 2.1938679142639539 1222.5000000000002 2.0739180411378979 1.8174112776305755 1 2.6436217829168225 58.550000000000004 90.300000000000011 2
decision_type=2 2 1 10 10 10 10 10 10 1 10 10 8 1
left_child=-1 7 3 -3 -5 -4 -6 -2 9 10 -9 -11 -10 -14
right_child=1 2 5 4 6 -7 -8 8 12 11 -12 -13 13 -15
leaf_value=-0.00091499439038499194 3.1321433277424024e-05 -0.007113218554158641 -9.4798542576312e-05 0.0021926408832831706 -0.0075453557627042766 -0.0052163382614526209 -0.00051136393703266308 0.0033448888868151702 -0.0034104088472843713 -0.0021925345277349646 0.0097476686062916793 0.0031179073064371006 0.0038671488710679118 -0.0015906138280365914
leaf_weight=896 47746 97 3971 56 55 51 50 155 111 104 62 98 101 171
leaf_count=896 47746 97 3971 56 55 51 50 155 111 104 62 98 101 171
internal_value=-7.98374e-07 1.47922e-05 -0.000406459 -0.0039291 -0.00209094 -0.000165726 -0.00437133 5.19678e-05 0.00127331 0.00299631 0.00512188 0.000378609 -0.00062596 0.00055139
internal_weight=53724 52828 4280 258 161 4022 105 48548 802 419 217 202 383 272
internal_count=53724 52828 4280 258 161 4022 105 48548 802 419 217 202 383 272
cat_boundaries=0 1 2 3
cat_threshold=1024 52281 40972
is_linear=0
shrinkage=0.035


Tree=245
num_leaves=15
num_cat=3
split_feature=14 26 20 33 23 29 22 32 30 22 30 32 22 26
split_gain=0.626617 0.962309 0.659009 1.24501 1.20423 1.99035 2.0727 1.75034 2.78617 1.73305 2.82551 1.23962 1.15643 3.55458
threshold=1.2250000000000003 130.50000000000003 2391.8333333333335 0 1.3980608637068686 0.94704596667653973 1.6251824594520763 1 -0.56369940867848845 1.9128474196605498 -0.41399101439218416 2 0.68363360969387765 321.50000000000006
decision_type=8 2 8 1 10 2 10 1 2 10 2 1 10 2
left_child=1 -1 3 4 9 6 -6 -8 -9 -2 -11 -7 13 -4
right_child=2 -3 12 -5 5 11 7 8 -10 10 -12 -13 -14 -15
leaf_value=-0.0042444134510294142 -8.1608146789287555e-06 0.0003718778652719112 0.0028497964239391914 -0.00029960627959064659 0.00098667715704842227 -0.00018823447375566015 0.00039972922579887497 -0.010750840692780914 -0.0016473617526815575 -0.0018645713873715565 0.0089740939648238136 0.00438396194620185 0.00015080009505135536 -0.0035697376151035548
leaf_weight=102 22736 113 550 16121 1672 106 253 51 165 50 62 260 11357 126
leaf_count=102 22736 113 550 16121 1672 106 253 51 165 50 62 260 11357 126
internal_value=-7.76082e-07 -0.00186487 6.8874e-06 -5.92758e-05 9.36392e-05 0.000821059 0.000409919 -0.00163496 -0.00381861 1.37018e-05 0.0042625 0.00318818 0.000234872 0.00163583
internal_weight=53724 215 53509 41476 25355 2507 2141 469 216 22848 112 366 12033 676
internal_count=53724 215 53509 41476 25355 2507 2141 469 216 22848 112 366 12033 676
cat_boundaries=0 1 2 3
cat_threshold=10 14923 8816
is_linear=0
shrinkage=0.035


Tree=246
num_leaves=15
num_cat=2
split_feature=21 30 19 16 16 33 22 16 23 20 23 22 21 32
split_gain=0.616965 1.12287 1.13939 2.16492 1.00381 0.985991 1.88115 1.4627 1.43548 1.41908 1.30311 1.78565 1.22264 1.52357
threshold=831.83110367892994 0.98174098242282837 46.01250000000001 13.801311186842909 560.35846336601708 0 1.6251824594520763 14.028712053353468 1.7549510370570294 2000.3571428571431 1.8459722810627612 1.3377372216410082 2240.4083333333338 1
decision_type=2 2 10 8 10 1 8 8 10 8 10 10 2 1
left_child=1 2 3 -1 -4 6 8 -8 -2 -7 -11 -12 -13 -14
right_child=5 -3 4 -5 -6 9 7 -9 -10 10 11 12 13 -15
leaf_value=-0.00091915750778767094 0.00034338325175727443 -0.0054333633321803068 7.3330189654580578e-05 -0.0070391573225734409 -0.0045099305039426937 -0.00031530705580566111 0.0018665668806519178 -0.0045528761113900612 0.0037055916999465983 6.8616670845690205e-05 0.0052484727242677548 0.0026291547623981094 0.0014139278027164338 -0.0029549324322102498
leaf_weight=582 10340 50 2398 76 55 15331 56 159 153 23780 127 248 210 159
leaf_count=582 10340 50 2398 76 55 15331 56 159 153 23780 127 248 210 159
internal_value=-7.35448e-07 -0.000474711 -0.000386425 -0.00167378 -3.83984e-05 2.89397e-05 0.000326865 -0.00287641 0.00039415 -5.12052e-05 0.000113906 0.00155134 0.000754263 -0.00052413
internal_weight=53724 3161 3111 658 2453 50563 10708 215 10493 39855 24524 744 617 369
internal_count=53724 3161 3111 658 2453 50563 10708 215 10493 39855 24524 744 617 369
cat_boundaries=0 1 2
cat_threshold=2 51817
is_linear=0
shrinkage=0.035


Tree=247
num_leaves=15
num_cat=2
split_feature=22 23 8 32 23 22 5 32 3 16 21 15 1 13
split_gain=0.615646 2.37405 1.80767 1.54771 2.43774 2.45525 1.67897 1.47813 1.97135 2.29697 1.87015 1.74332 1.39338 2.65511
threshold=0.98262554735602625 1.0335104840763021 188.69320830044333 0 1.2548181698727643 1.3090428863127819 1682.5000000000002 1 219.00000000000003 32.339344532331772 2423.6237373737381 220.12500000000003 8.5500000000000025 11.525000000000002
decision_type=10 10 2 1 8 10 10 1 10 10 2 2 10 10
left_child=1 7 -3 4 5 -2 -6 8 9 -1 -11 -10 -9 -14
right_child=3 2 -4 -5 6 -7 -8 12 11 10 -12 -13 13 -15
leaf_value=0.00061082169527203135 -0.00011051180865490339 0.00090206238401723687 0.006273055286632993 -0.00034470567723227959 0.00067340818122480612 -0.0036362069019954652 0.0059167794355705974 -0.00067274112743025637 -0.0066187706785123855 0.0022041726736094043 0.0084903060434308522 -0.00049965791222517553 0.0025063739780676999 -6.804292619440593e-05
leaf_weight=3611 7537 2961 74 15728 5227 245 71 4635 56 284 70 898 507 11820
leaf_count=3611 7537 2961 74 15728 5227 245 71 4635 56 284 70 898 507 11820
internal_value=-7.53541e-07 0.000126632 0.00104312 -0.000110932 0.000170326 -0.000223774 0.000749189 -6.98572e-07 0.000532544 0.000877207 0.00354813 -0.000891487 -0.000155673 3.88141e-05
internal_weight=53724 24916 3035 28808 13080 7782 5298 21881 4919 3965 354 954 16962 12327
internal_count=53724 24916 3035 28808 13080 7782 5298 21881 4919 3965 354 954 16962 12327
cat_boundaries=0 1 2
cat_threshold=23656 8454
is_linear=0
shrinkage=0.035


Tree=248
num_leaves=15
num_cat=2
split_feature=24 32 14 22 16 32 24 11 23 3 30 22 23 22
split_gain=0.61343 2.82426 1.7486 1.57304 1.29661 1.27177 1.90295 1.51446 1.42932 1.88998 1.90871 1.39223 1.40907 1.65553
threshold=1.5000000000000002 0 1.5250000000000001 1.6251824594520763 0.63245553203367988 1 5.5000000000000009 1.0000000180025095e-35 0.3856267347173799 399.25000000000006 0.14888728888808328 0.75528907651656929 0.89675329827265726 1.0668265838318762
decision_type=2 1 10 10 10 1 2 10 10 10 2 10 10 10
left_child=1 3 -3 4 -1 6 8 -7 9 10 -2 -10 13 -13
right_child=5 2 -4 -5 -6 7 -8 -9 11 -11 -12 12 -14 -15
leaf_value=-0.0016742456034368153 0.0011587269590236247 -0.0055646810261860604 -5.59597127339742e-05 0.0049800161925009174 0.0010144033855319914 0.0054840862174939005 -0.0025017987219902141 8.3149159230351045e-06 0.0015589792661884136 -0.0078621548141191658 -0.0042361180096536187 -0.00091928847648876802 -5.3320141313674525e-05 -0.0048733913888819903
leaf_weight=229 175 66 12173 112 3738 57 534 30319 497 60 141 1206 4276 141
leaf_count=229 175 66 12173 112 3738 57 534 30319 497 60 141 1206 4276 141
internal_value=-6.78515e-07 0.000178351 -8.78546e-05 0.00097406 0.000857286 -7.8792e-05 -0.000502462 1.94845e-05 -0.000337082 -0.00241717 -0.00127695 -0.000207417 -0.00036479 -0.00134968
internal_weight=53724 16318 12239 4079 3967 37406 7030 30376 6496 376 316 6120 5623 1347
internal_count=53724 16318 12239 4079 3967 37406 7030 30376 6496 376 316 6120 5623 1347
cat_boundaries=0 1 2
cat_threshold=5154 1058
is_linear=0
shrinkage=0.035


Tree=249
num_leaves=15
num_cat=2
split_feature=30 32 6 29 2 33 20 30 23 22 16 4 1 1
split_gain=0.60055 1.35787 1.46998 1.46269 5.8469 0.933336 1.25377 1.17298 1.44641 1.02836 0.826087 1.21302 1.45853 1.1912
threshold=-0.8901731938066898 0 3.0500000000000003 -0.40614700388750385 92.750000000000014 1 2014.6428571428573 -0.94137724084408114 1.1635321762957724 0.60587144423659944 560.35846336601708 441.50000000000006 2505.0000000000005 901.00000000000011
decision_type=2 1 8 2 10 1 10 2 8 8 10 10 8 10
left_child=1 2 -1 4 -3 6 7 8 -5 -7 13 -12 -13 -2
right_child=10 3 -4 5 -6 9 -8 -9 -10 -11 11 12 -14 -15
leaf_value=-0.0045042611624942063 3.4919652407276595e-05 -0.00092825917873637614 0.00025336190181451457 -0.0026814379151504446 -0.013332775780931116 0.0043746092107607706 -0.00053957724904138719 0.0007370389660207343 -0.0087466598534603809 -0.00028967045110232646 -0.0066322733321311804 -0.0037052500454816399 0.0033096444027785983 0.0012713268371517821
leaf_weight=76 43448 309 4475 210 50 54 669 74 61 3141 50 73 63 971
leaf_count=76 43448 309 4475 210 50 54 669 74 61 3141 50 73 63 971
internal_value=-6.98858e-07 -0.000259426 0.000168685 -0.000684533 -0.00281532 -0.000501291 -0.00141811 -0.00313018 -0.00418039 -0.00020349 5.22181e-05 -0.00224465 -0.000453572 6.20876e-05
internal_weight=53724 9119 4551 4568 359 4209 1014 345 271 3195 44605 186 136 44419
internal_count=53724 9119 4551 4568 359 4209 1014 345 271 3195 44605 186 136 44419
cat_boundaries=0 1 2
cat_threshold=22293 8
is_linear=0
shrinkage=0.035


Tree=250
num_leaves=15
num_cat=1
split_feature=20 23 5 23 6 2 30 22 5 16 30 32 3 16
split_gain=0.602519 0.863032 1.04532 0.819716 4.37001 3.13889 0.650894 2.76207 3.66849 1.52687 1.3403 1.58397 1.36141 2.63657
threshold=632.32142857142867 0.56557122334409937 123.75000000000001 0.13344941042644634 21.550000000000004 219.00000000000003 -0.4755978891912595 1.8174112776305755 19.550000000000004 107.61483346155016 -0.52765736634565841 0 26.650000000000002 4.8571252743540922
decision_type=8 8 10 8 10 8 2 8 10 10 2 1 10 10
left_child=1 -1 -3 4 -2 -6 7 10 -9 -10 -5 -12 13 -13
right_child=3 2 -4 6 5 -7 -8 8 9 -11 11 12 -14 -15
leaf_value=-0.0042357027134251749 -0.0056809189801284099 -0.0031198939277529798 0.00097623779687406079 -4.1803346641286096e-05 0.00026464769034646453 0.011521774290336503 9.8149806234375619e-05 -0.011629520651788386 0.0010590630721335477 -0.0052138977831441766 0.00012053199185631422 -0.0022951914989238729 -0.0013535360663179076 -0.011462119207717478
leaf_weight=91 52 112 215 19033 59 58 32829 52 116 74 495 134 353 51
leaf_count=91 52 112 215 19033 59 58 32829 52 116 74 495 134 353 51
internal_value=-7.76603e-07 -0.00131651 -0.000452576 9.66323e-06 0.00240803 0.0060886 1.80949e-06 -0.000153916 -0.00383253 -0.00145513 -0.000108607 -0.00133334 -0.00261388 -0.00505742
internal_weight=53724 418 327 53306 169 117 53137 20308 242 190 20066 1033 538 185
internal_count=53724 418 327 53306 169 117 53137 20308 242 190 20066 1033 538 185
cat_boundaries=0 1
cat_threshold=56361
is_linear=0
shrinkage=0.035


Tree=251
num_leaves=15
num_cat=2
split_feature=22 23 22 32 1 10 3 23 29 16 24 32 3 23
split_gain=0.59234 2.24301 2.31137 2.02127 1.33239 2.52576 1.30151 1.43192 1.23575 1.52656 1.22494 2.03003 2.75864 2.64397
threshold=0.92968248919523044 0.80246281764534932 0.71617794301896354 0 9.0500000000000025 10.208333333333336 3.5500000000000003 0.41301601441261887 -0.73866753694953124 22.003787552752666 1.0000000180025095e-35 1 851.00000000000011 0.64286717777866997
decision_type=10 10 10 1 10 10 10 10 2 10 2 1 8 8
left_child=1 3 -3 6 -5 -6 7 -1 9 -7 11 12 -2 -13
right_child=10 2 -4 4 5 8 -8 -9 -10 -11 -12 13 -14 -15
leaf_value=0.0079699101474624695 -7.1344535335882191e-05 0.0033081960544380389 0.00049756952785166559 -0.001105266941543449 0.004851630434458771 0.00011901647534515285 0.0004954577490659882 0.0012033751194688018 -0.00046218549696488992 0.0034215096028048981 -0.00017034275775604197 0.0072556482959189464 -0.0049193126700067136 0.0008071538744917478
leaf_weight=56 2170 374 6689 2438 117 693 2400 109 4811 223 30302 75 149 3118
leaf_count=56 2170 374 6689 2438 117 693 2400 109 4811 223 30302 75 149 3118
internal_value=-8.4958e-07 0.000163466 0.000648633 -0.000152603 -0.000418341 -0.000131785 0.000703459 0.00366676 -0.000237737 0.000937218 -8.30323e-05 0.000396673 -0.000391066 0.000966706
internal_weight=53724 17910 7063 10847 8282 5844 2565 165 5727 916 35814 5512 2319 3193
internal_count=53724 17910 7063 10847 8282 5844 2565 165 5727 916 35814 5512 2319 3193
cat_boundaries=0 1 2
cat_threshold=390 8665
is_linear=0
shrinkage=0.035


Tree=252
num_leaves=15
num_cat=1
split_feature=21 30 7 14 6 0 22 29 16 22 9 33 22 26
split_gain=0.566943 1.05235 1.05203 2.56598 1.09519 1.70379 1.10523 0.961003 1.70617 1.09007 0.935657 0.914316 1.72253 1.35639
threshold=831.83110367892994 0.98174098242282837 40.270032051282058 32.525000000000006 37.050000000000004 15.950000000000001 0.79375166624291482 0.91596454896554913 167.67230842796855 0.59027795823797924 832.50000000000011 0 1.6251824594520763 312.50000000000006
decision_type=2 2 2 10 8 10 10 2 10 10 8 1 8 2
left_child=1 2 3 4 6 -6 -1 9 10 -4 -9 12 13 -2
right_child=11 -3 7 -5 5 -7 -8 8 -10 -11 -12 -13 -14 -15
leaf_value=0.0046427558826138112 0.00022009538998548126 -0.0052554933881725783 0.0051147332546285932 -0.0073021773188402016 0.00053096576645556427 -0.0078738728623247278 -0.00060374488555545993 9.5550963107839877e-05 -0.0059694970941672112 0.00033090636999812232 -0.0023980096803573841 -4.9474383469888148e-05 -0.0027506602963112531 0.001376047779885111
leaf_weight=53 9056 50 56 81 58 54 319 816 69 1372 233 39855 215 1437
leaf_count=53 9056 50 56 81 58 54 319 816 69 1372 233 39855 215 1437
internal_value=-7.44276e-07 -0.0004551 -0.000369638 -0.00172882 -0.000730964 -0.00368468 0.000195402 -6.52156e-05 -0.00083172 0.000535699 -0.000467058 2.77024e-05 0.000314595 0.000378981
internal_weight=53724 3161 3111 565 484 112 372 2546 1118 1428 1049 50563 10708 10493
internal_count=53724 3161 3111 565 484 112 372 2546 1118 1428 1049 50563 10708 10493
cat_boundaries=0 1
cat_threshold=2
is_linear=0
shrinkage=0.035


Tree=253
num_leaves=15
num_cat=1
split_feature=30 24 32 23 29 1 3 22 29 22 20 29 30 0
split_gain=0.561086 0.611563 1.49394 1.41171 1.37305 1.04392 1.48851 1.18576 0.95074 1.49179 1.36143 3.16678 3.38349 1.34184
threshold=-0.99864786094873803 4.5000000000000009 0 0.68294511829341464 0.67167992559793654 682.50000000000011 991.00000000000011 1.8174112776305755 -0.46801505794253101 1.2057485112388562 1975.3571428571431 0.3261394409934788 -0.36648370705903521 177.10000000000002
decision_type=2 2 1 8 2 10 10 8 2 8 10 2 2 8
left_child=-1 -2 3 4 -3 7 -7 -5 -4 -10 11 -11 -13 -14
right_child=1 2 8 5 -6 6 -8 -9 9 10 -12 12 13 -15
leaf_value=-0.00086684423454926475 7.8646539468537203e-05 -0.00011750513260523278 4.1178586727101458e-05 0.00035834611632075159 -0.0036522494031056806 0.0057976534255088641 -0.0005481511016157182 -0.0041980997174994655 -0.00059611606540685327 0.00021168787124563337 -0.00076615607216017859 -0.013299009183820366 -0.00059948271608733562 -0.0076716566794890577
leaf_weight=896 40800 361 2060 4894 210 97 80 66 3616 132 317 61 84 50
leaf_count=896 40800 361 2060 4894 210 97 80 66 3616 132 317 61 84 50
internal_value=-7.83338e-07 1.39863e-05 -0.000205288 0.000205137 -0.00143792 0.000389389 0.00299323 0.000293549 -0.000575254 -0.000874389 -0.00242023 -0.00398804 -0.00676515 -0.00341939
internal_weight=53724 52828 12028 5708 571 5137 177 4960 6320 4260 644 327 195 134
internal_count=53724 52828 12028 5708 571 5137 177 4960 6320 4260 644 327 195 134
cat_boundaries=0 1
cat_threshold=19409
is_linear=0
shrinkage=0.035


Tree=254
num_leaves=15
num_cat=3
split_feature=22 23 32 2 23 14 16 1 32 0 22 32 2 9
split_gain=0.564804 2.08427 1.35217 2.2305 1.46564 2.07217 4.13585 1.89667 1.77557 3.52587 1.60673 1.68335 1.95845 1.53185
threshold=0.92968248919523044 0.95657232181207841 0 10.950000000000001 0.41301601441261887 2102.5000000000005 185.0096518102703 500.50000000000006 1 9.5500000000000025 0.65532947738070646 2 159.80000000000004 1942.5000000000002
decision_type=10 10 1 8 10 8 8 8 1 8 8 1 10 8
left_child=1 2 3 -1 5 6 8 -8 9 -4 11 12 -6 -11
right_child=-2 -3 4 -5 10 -7 7 -9 -10 13 -12 -13 -14 -15
leaf_value=0.0069868886966206554 -8.1089791563638958e-05 0.001057740445937889 -0.0099541799262739157 0.00067896158112788752 0.0033125567558885617 0.0058907381301590558 -0.011708785265645325 -0.0023859758735081909 -0.0001838160305103941 0.0027230897668414403 -8.7828800328325259e-05 0.00016296578562227209 -0.0022673871491749129 -0.002069306152126674
leaf_weight=67 35814 2685 60 1536 545 52 55 54 2601 91 8589 926 86 563
leaf_count=67 35814 2685 60 1536 545 52 55 54 2601 91 8589 926 86 563
internal_value=-8.40047e-07 0.00015961 9.25708e-07 0.000957562 -0.000112579 -0.000732365 -0.000841392 -0.00739737 -0.00061501 -0.00214125 9.99039e-05 0.00113247 0.00250089 -0.00138687
internal_weight=53724 17910 15225 1603 13622 3476 3424 109 3315 714 10146 1557 631 654
internal_count=53724 17910 15225 1603 13622 3476 3424 109 3315 714 10146 1557 631 654
cat_boundaries=0 1 2 3
cat_threshold=260 2120 28810
is_linear=0
shrinkage=0.035


Tree=255
num_leaves=15
num_cat=2
split_feature=4 3 20 15 20 10 23 2 8 19 3 32 30 32
split_gain=0.565264 1.61877 1.23526 0.852265 1.78699 1.13715 0.727029 0.894701 0.725806 2.61121 1.487 2.47122 2.67402 1.75375
threshold=541.25000000000011 951.00000000000011 605.357142857143 19.050000000000004 632.32142857142867 17.508333333333336 0.31404353297100485 260.40000000000003 100.94668514758102 61.291666666666679 200.75000000000003 0 0.080547328232315238 1
decision_type=8 10 8 2 10 8 8 8 2 10 8 1 2 1
left_child=1 8 -2 5 -5 -4 7 -6 -1 -10 13 12 -12 -11
right_child=2 -3 3 4 6 -7 -8 -9 9 10 11 -13 -14 -15
leaf_value=-1.8685138425752368e-06 -0.0036716993061201453 -0.0050801089118557193 -0.0002159867074117582 0.0061981044813413733 0.0060282833739701254 -0.0043276390777721475 0.00038127167053871329 0.00024101855507044977 -0.0081621009577489047 0.0031233368176211379 -0.0017870852110323172 -0.00027933724934168033 -0.0086778928064233443 -0.00056297396666650458
leaf_weight=44937 89 73 586 62 58 91 5318 69 50 259 274 1400 89 369
leaf_count=44937 89 73 586 62 58 91 5318 69 50 259 274 1400 89 369
internal_value=-8.36593e-07 -4.21255e-05 0.000311271 0.000371514 0.000515675 -0.000796337 0.000445344 0.00301225 -3.38277e-05 -0.000620967 -0.000446565 -0.000966958 -0.00347703 0.00101045
internal_weight=53724 47451 6273 6184 5507 677 5445 127 47378 2441 2391 1763 363 628
internal_count=53724 47451 6273 6184 5507 677 5445 127 47378 2441 2391 1763 363 628
cat_boundaries=0 1 2
cat_threshold=53378 25098
is_linear=0
shrinkage=0.035


Tree=256
num_leaves=15
num_cat=2
split_feature=2 13 19 3 23 32 7 0 28 1 9 22 32 30
split_gain=0.560704 1.42935 2.18495 1.37708 1.37835 1.26114 1.64361 1.79196 1.75063 1.19227 1.05027 1.01817 1.67771 1.64592
threshold=125.25000000000001 94.925000000000011 51.287500000000001 118.10000000000001 2.0739180411378979 0 252.04006410256412 259.00000000000006 -0.56174490092936669 160.50000000000003 2262.5000000000005 0.99599188399117666 1 -0.49065906150552346
decision_type=10 10 8 8 8 1 2 10 2 8 8 8 1 2
left_child=11 -2 -3 4 -4 6 8 -8 10 -6 -5 -1 -13 -14
right_child=1 2 3 5 9 -7 7 -9 -10 -11 -12 12 13 -15
leaf_value=0.00010246570561096528 0.0047465607935252294 -0.0063365339646563584 0.00089205847838010879 -0.00080270269672002865 0.0015224014818167922 0.00017953872488600482 -0.009797342115925858 -0.0012625385280950249 0.0017042402137244933 0.007890603500163209 -0.0070783583298243856 -0.0008422147032021586 -0.00058270044051757198 0.00019530634584565462
leaf_weight=21013 79 58 574 80 77 12116 51 69 193 68 52 4476 5048 9770
leaf_count=21013 79 58 574 80 77 12116 51 69 193 68 52 4476 5048 9770
internal_value=-8.47156e-07 0.000195091 0.000166364 0.00019714 0.00168143 0.000111543 -0.00168769 -0.00513663 -0.000406838 0.00467234 -0.00344304 -6.60852e-05 -0.000249632 -6.97948e-05
internal_weight=53724 13417 13338 13280 719 12561 445 120 325 145 132 40307 19294 14818
internal_count=53724 13417 13338 13280 719 12561 445 120 325 145 132 40307 19294 14818
cat_boundaries=0 1 2
cat_threshold=3 278
is_linear=0
shrinkage=0.035


Tree=257
num_leaves=15
num_cat=1
split_feature=26 29 5 17 24 26 32 22 0 16 5 15 1 13
split_gain=0.558354 1.70352 1.89055 4.17843 1.21807 0.714769 1.37929 0.994486 1.61286 0.713571 0.670777 1.32195 0.776692 3.81066
threshold=10.500000000000002 0.074116354202380205 125.25000000000001 27.525662346450734 3.5000000000000004 21.500000000000004 0 0.88696215972411474 25.050000000000004 7.0710678118653858 2775.0000000000005 2212.5000000000005 281.00000000000006 220.12500000000003
decision_type=2 2 10 10 2 2 1 10 10 10 10 2 10 10
left_child=1 -1 3 4 -3 6 7 -2 -9 -6 11 12 -7 -14
right_child=5 2 -4 -5 9 10 -8 8 -10 -11 -12 -13 13 -15
leaf_value=0.00097003262695367692 0.0012613586665023691 4.2054834214441423e-05 0.00057204499804764059 -0.011852042408504834 -0.0020914733966558782 -5.5998563469088101e-05 0.0014516061218871976 -0.0058006619819199459 -0.00031655833689001159 -0.0068066566562115715 0.0026287468056459874 -0.0039551536967113721 0.0078115293077271747 0.00026082596253792031
leaf_weight=415 177 197 245 55 110 44696 1061 90 215 63 113 99 78 6110
leaf_count=415 177 197 245 55 110 44696 1061 90 215 63 113 99 78 6110
internal_value=-8.52665e-07 -0.000784931 -0.00187109 -0.00326977 -0.00185301 1.53818e-05 0.000756324 -0.000786999 -0.00200228 -0.00395153 -7.06499e-06 -1.31643e-05 -5.10688e-06 0.000362233
internal_weight=53724 1085 670 425 370 52639 1543 482 305 173 51096 50983 50884 6188
internal_count=53724 1085 670 425 370 52639 1543 482 305 173 51096 50983 50884 6188
cat_boundaries=0 1
cat_threshold=5253
is_linear=0
shrinkage=0.035


Tree=258
num_leaves=15
num_cat=4
split_feature=24 32 33 14 23 23 22 32 24 9 30 5 32 1
split_gain=0.542739 2.60871 1.35526 1.30356 1.30194 1.22634 1.21862 1.17792 2.63999 1.86373 1.3485 1.14513 1.42495 2.05263
threshold=1.5000000000000002 0 1 1.2250000000000003 0.46950690079699353 0.79169204222492906 0.94889526464176621 2 5.5000000000000009 602.50000000000011 0.3484035575467645 22.550000000000004 3 68.250000000000014
decision_type=2 1 1 10 8 8 10 1 2 10 2 10 1 8
left_child=1 2 -1 -3 11 6 -4 8 9 10 -2 -5 13 -13
right_child=7 3 5 4 -6 -7 -8 -9 -10 -11 -12 12 -14 -15
leaf_value=-0.00022552693841502601 -0.00029185699321509855 -0.0040928226406012026 0.0022027081106516726 -0.0051328216606828705 7.571063772040279e-05 0.0013262619174479152 0.0069147848740708341 -4.2222834010535502e-07 -0.0039366649334596545 -0.00025781155938894103 -0.00738182339079743 0.0008505619103239189 0.0014698067109925491 -0.0083951039660437893
leaf_weight=544 57 90 217 100 13693 1318 98 32779 268 4228 74 57 147 54
leaf_count=544 57 90 217 100 13693 1318 98 32779 268 4228 74 57 147 54
internal_value=-8.65088e-07 0.000167534 0.00129097 -6.72137e-06 2.08929e-05 0.00179361 0.00375383 -7.43399e-05 -0.000596141 -0.00038785 -0.00442102 -0.00204797 -0.000777443 -0.00351251
internal_weight=53724 16318 2177 14141 14051 1633 315 37406 4627 4359 131 358 258 111
internal_count=53724 16318 2177 14141 14051 1633 315 37406 4627 4359 131 358 258 111
cat_boundaries=0 1 2 3 4
cat_threshold=1026 4 1026 8281
is_linear=0
shrinkage=0.035


Tree=259
num_leaves=15
num_cat=4
split_feature=20 33 23 29 22 32 30 32 32 21 24 23 14 22
split_gain=0.54493 1.03807 1.19626 1.83849 2.05456 1.57795 2.5162 1.36431 1.18858 1.29094 1.23999 2.0623 1.04778 1.76022
threshold=2391.8333333333335 0 1.3980608637068686 0.94425825643485939 1.6251824594520763 1 -0.59177783207548873 2 3 1033.9009661835751 5.5000000000000009 1.8459722810627612 2.0500000000000003 1.9128474196605498
decision_type=8 1 10 2 10 1 2 1 1 2 2 10 8 10
left_child=1 2 12 4 8 -6 -7 -5 9 -4 11 -10 -1 -14
right_child=-2 -3 3 7 5 6 -8 -9 10 -11 -12 -13 13 -15
leaf_value=-0.0036121766738610216 0.00020559304499614188 -0.00027957058887856585 -0.005560558531006652 0.0048197605803560134 0.00045116487068561729 -0.010133350227485623 -0.0016424383079996683 0.00045158123700260374 0.0011307415716095865 9.9781732665743151e-05 -0.0020918347657608869 0.0049912078364911247 -7.4844703146070708e-06 0.0042965636206552006
leaf_weight=93 12120 16224 54 207 234 52 182 164 1011 301 106 200 22664 112
leaf_count=93 12120 16224 54 207 234 52 182 164 1011 301 106 200 22664 112
internal_value=-8.81671e-07 -6.1049e-05 7.87462e-05 0.000803148 0.000405548 -0.00163297 -0.00355316 0.00306069 0.000979307 -0.000804161 0.00145633 0.00178621 -9.1636e-07 1.46189e-05
internal_weight=53724 41604 25380 2511 2140 468 234 371 1672 355 1317 1211 22869 22776
internal_count=53724 41604 25380 2511 2140 468 234 371 1672 355 1317 1211 22869 22776
cat_boundaries=0 1 2 3 4
cat_threshold=10 12875 50191 8454
is_linear=0
shrinkage=0.035


Tree=260
num_leaves=15
num_cat=2
split_feature=21 4 17 22 29 30 32 4 13 3 16 9 30 33
split_gain=0.534044 1.01173 2.89653 1.50508 2.30648 1.39266 1.19807 1.15261 1.01747 1.78852 1.73864 1.23481 0.835536 0.831776
threshold=831.83110367892994 1703.0000000000002 186.83097759254431 0.60587144423659944 0.89787622492179153 0.97832380634958016 0 741.00000000000011 17.025000000000002 75.15000000000002 6.2024860516178038 752.50000000000011 0.2499757677084001 1
decision_type=2 10 10 10 2 2 1 10 10 8 10 10 2 1
left_child=1 2 3 4 -1 6 8 -4 -5 10 -10 -12 -8 -2
right_child=13 -3 7 5 -6 -7 12 -9 9 -11 11 -13 -14 -15
leaf_value=0.0076311075806775146 0.000300407615361718 0.0026988889849917917 -0.0098069984735074372 0.0014398844233986822 -0.00014635660745044972 -0.0058985332746435571 -0.00079732768628685787 -0.0021791131677614019 -0.00094493148876478839 -0.00063028875843230763 -0.0097337240511974829 -0.0025983515197182437 0.00061324893317549884 -4.6839789190448577e-05
leaf_weight=66 10708 116 50 97 136 54 959 50 93 307 83 52 1098 39855
leaf_count=66 10708 116 50 97 136 54 959 50 93 307 83 52 1098 39855
internal_value=-8.37768e-07 -0.000441813 -0.000565687 -0.000361393 0.00251774 -0.000577614 -0.000460011 -0.00627844 -0.00177289 -0.00239616 -0.00470934 -0.00717624 -4.4503e-05 2.67712e-05
internal_weight=53724 3161 3045 2945 202 2743 2689 100 632 535 228 135 2057 50563
internal_count=53724 3161 3045 2945 202 2743 2689 100 632 535 228 135 2057 50563
cat_boundaries=0 1 2
cat_threshold=141 2
is_linear=0
shrinkage=0.035


Tree=261
num_leaves=15
num_cat=4
split_feature=30 33 22 23 0 23 32 22 1 24 8 32 8 32
split_gain=0.533291 0.967266 0.845674 2.39559 1.38756 1.37952 2.98921 2.17413 2.4658 2.10423 2.12183 1.33486 1.29414 1.14985
threshold=-0.97111920233974802 0 0.79873961729340393 1.0744764980450288 1.4500000000000002 0.87342900336198936 1 1.1807271279209666 38.100000000000009 1.0000000180025095e-35 62.682541711229902 2 20.612856351793177 3
decision_type=2 1 10 10 8 8 1 10 10 2 2 1 2 1
left_child=1 -1 3 4 -2 6 9 -8 -9 11 12 -4 -11 -6
right_child=2 -3 5 -5 13 -7 7 8 -10 10 -12 -13 -14 -15
leaf_value=-0.0012545817755755808 0.0056403721234824329 -7.1597680707630697e-05 0.0060516898925005299 0.0047275032102148621 0.00085413080320328257 6.8747906837472326e-05 -0.00069179893885652169 -0.0063096334358963835 0.00017875084729923878 0.00024818906772629338 -0.0020449552339010151 0.0010146511867724099 0.0027190452453234887 -0.00010840041416273943
leaf_weight=1108 54 3465 121 148 2398 34778 5430 177 118 936 373 156 355 4107
leaf_count=1108 54 3465 121 148 2398 34778 5430 177 118 936 373 156 355 4107
internal_value=-8.72259e-07 -0.000362179 3.27771e-05 0.000397837 0.000296614 -2.49497e-05 -0.000449791 -0.000851271 -0.00375456 0.000734123 0.000263277 0.00353381 0.000935496 0.000247956
internal_weight=53724 4573 49151 6707 6559 42444 7666 5725 295 1941 1664 277 1291 6505
internal_count=53724 4573 49151 6707 6559 42444 7666 5725 295 1941 1664 277 1291 6505
cat_boundaries=0 1 2 3 4
cat_threshold=8 9984 1024 8590
is_linear=0
shrinkage=0.035


Tree=262
num_leaves=15
num_cat=2
split_feature=26 29 5 17 24 8 26 32 0 22 8 22 23 32
split_gain=0.516901 1.58381 1.75798 3.90108 1.13491 0.671308 0.663614 1.30059 0.673466 1.28345 1.10198 0.638623 0.629569 1.70113
threshold=10.500000000000002 0.074116354202380205 125.25000000000001 27.525662346450734 3.5000000000000004 8.1878149616359561 21.500000000000004 0 26.650000000000002 0.8798007402066772 4.5493017312672892 0.63349840371956823 2.6436217829168225 1
decision_type=2 2 10 10 2 2 2 1 10 10 2 10 10 1
left_child=1 -1 3 4 -3 -6 7 11 9 -9 -11 -2 -8 -14
right_child=6 2 -4 -5 5 -7 12 8 -10 10 -12 -13 13 -15
leaf_value=0.00093698961903677035 0.0051768871725976677 4.6649076605600647e-05 0.0005534067352546845 -0.011443661130809538 -0.0016012154859587709 -0.0060243085863760509 -1.6824612790429745e-05 0.0012662588355364279 0.00039055570944207443 -0.0009363852604001296 -0.007161749520558207 0.0014601392519701525 0.0045309414013686095 -0.0004722565473982552
leaf_weight=415 58 197 245 55 91 82 50761 95 561 75 63 691 121 214
leaf_count=415 58 197 245 55 91 82 50761 95 561 75 63 691 121 214
internal_value=-7.63579e-07 -0.000755175 -0.00180248 -0.00315123 -0.00178242 -0.00380804 1.48567e-05 0.000728793 -0.000264808 -0.00182892 -0.00392944 0.00175707 -6.77202e-06 0.0014943
internal_weight=53724 1085 670 425 370 173 52639 1543 794 233 138 749 51096 335
internal_count=53724 1085 670 425 370 173 52639 1543 794 233 138 749 51096 335
cat_boundaries=0 1 2
cat_threshold=35698 49161
is_linear=0
shrinkage=0.035


Tree=263
num_leaves=15
num_cat=3
split_feature=22 32 23 29 23 32 23 32 23 17 23 22 16 3
split_gain=0.512795 2.74363 2.78842 2.38443 2.06152 2.06422 1.85929 1.91971 2.14566 2.03493 1.76341 1.70382 1.48064 1.89638
threshold=1.0904875077991412 0 0.6500672140013809 0.92922379131507438 1.1560486222099895 1 0.8498027758051071 2 0.60369854937397871 23.803818894947021 1.3693108396807774 0.83274611571554291 23.751392928128094 186.50000000000003
decision_type=10 1 10 2 10 1 8 1 10 10 10 10 10 8
left_child=4 2 3 12 -1 -6 7 9 -9 -3 -4 -7 -2 -14
right_child=1 6 10 -5 5 11 -8 8 -10 -11 -12 -13 13 -15
leaf_value=-1.1032977833241524e-05 0.00046114190674098149 -0.0029106673060157739 -0.0004494345110286072 0.0069945540379634814 -0.0005510312077067201 0.0058932002529843101 -0.00041038009805990152 -0.0099784916670864407 -0.0028059453188001905 0.003126979972906411 0.00091519679348740432 0.0012379471771149064 0.0093306882485771434 0.0020011864547632287
leaf_weight=35244 510 146 2833 109 873 96 8973 62 247 120 1957 2314 53 187
leaf_count=35244 510 146 2833 109 873 96 8973 62 247 120 1957 2314 53 187
internal_value=-7.53717e-07 -0.000172891 0.000437923 0.00226884 6.71596e-05 0.000905321 -0.000534214 -0.00245568 -0.00424586 -0.00017309 0.000108472 0.00142928 0.00154026 0.00377717
internal_weight=53724 15197 5649 859 38527 3283 9548 575 309 266 4790 2410 750 240
internal_count=53724 15197 5649 859 38527 3283 9548 575 309 266 4790 2410 750 240
cat_boundaries=0 1 2 3
cat_threshold=19560 259 33540
is_linear=0
shrinkage=0.035


Tree=264
num_leaves=15
num_cat=0
split_feature=20 23 6 2 5 23 16 2 9 30 22 5 14 0
split_gain=0.509752 0.822718 3.96997 2.94325 0.757054 0.899272 0.54925 0.618818 1.05037 0.57969 2.69001 3.20665 1.43238 2.2766
threshold=632.32142857142867 0.13344941042644634 21.550000000000004 219.00000000000003 123.75000000000001 0.56557122334409937 0.4667253328670487 1.6500000000000001 2367.5000000000005 -0.4755978891912595 1.8174112776305755 18.050000000000004 2.0500000000000003 928.50000000000011
decision_type=8 8 10 8 10 8 8 8 8 2 8 10 10 8
left_child=4 2 -2 -4 -1 -6 -3 8 -8 10 -9 -12 13 -11
right_child=1 6 3 -5 5 -7 7 9 -10 12 11 -13 -14 -15
leaf_value=-0.00323987550307287 -0.005303490081058587 -0.00069563602103345516 0.00027618358159088531 0.011178620370725791 -0.0037090173520140752 0.0009492996080867175 0.0055302892314055231 -8.9840920961994594e-05 -0.0010899092053296045 0.0004973985435593151 -0.011231765907773727 -0.0015836206363746897 8.8298264420511542e-05 0.0091665108179334893
leaf_weight=142 52 1346 59 58 61 215 60 19460 51 116 50 191 31813 50
leaf_count=142 52 1346 59 58 61 215 60 19460 51 116 50 191 31813 50
internal_value=-6.89092e-07 8.91348e-06 0.00241167 0.00591745 -0.0012109 -0.000127933 1.04544e-06 1.92169e-05 0.00257271 1.34841e-05 -0.000135841 -0.00377291 0.000105485 0.00330025
internal_weight=53724 53306 169 117 418 276 53137 51791 111 51680 19701 241 31979 166
internal_count=53724 53306 169 117 418 276 53137 51791 111 51680 19701 241 31979 166
is_linear=0
shrinkage=0.035


Tree=265
num_leaves=15
num_cat=2
split_feature=20 22 2 8 22 26 32 3 6 9 33 23 29 22
split_gain=0.506947 1.00218 1.29334 1.28495 1.11361 1.5274 1.7529 1.26017 1.47454 0.969453 0.958188 1.08386 1.7186 1.891
threshold=2391.8333333333335 1.8174112776305755 786.25000000000011 69.253394437611476 0.68363360969387765 326.50000000000006 0 199.75000000000003 89.750000000000014 2352.5000000000005 1 1.3980608637068686 0.94425825643485939 1.6251824594520763
decision_type=8 10 10 2 8 2 1 10 10 10 1 10 2 10
left_child=10 2 4 -3 5 6 -2 8 -8 -4 11 -1 13 -13
right_child=1 3 9 -5 -6 -7 7 -9 -10 -11 -12 12 -14 -15
leaf_value=-2.1371295572001927e-07 0.00047356032020303578 0.00096122072584992752 0.005345704539495854 -0.0051436765770267821 9.1391289992438354e-05 -0.0023156036233762281 0.0033328409325325196 0.00052680495587992488 0.010466441087681206 0.0012053892643852778 -0.00026864070897760357 0.00093121973147233513 0.0029478110019068057 -0.0015749094338979807
leaf_weight=22869 276 73 89 91 11004 95 88 59 64 281 16224 1672 371 468
leaf_count=22869 276 73 89 91 11004 95 88 59 64 281 16224 1672 371 468
internal_value=-6.62553e-07 0.000198486 0.000236223 -0.00247821 0.000170669 0.00165605 0.00244646 0.00471617 0.00657413 0.0022593 -5.86951e-05 7.56138e-05 0.000765143 0.000380757
internal_weight=53724 12120 11956 164 11586 582 487 211 152 370 41604 25380 2511 2140
internal_count=53724 12120 11956 164 11586 582 487 211 152 370 41604 25380 2511 2140
cat_boundaries=0 1 2
cat_threshold=38953 10
is_linear=0
shrinkage=0.035


Tree=266
num_leaves=15
num_cat=1
split_feature=1 7 23 26 23 32 22 3 29 29 29 5 22 23
split_gain=0.499761 1.21033 0.86351 2.93516 0.669356 1.47133 2.13461 2.11512 1.83421 1.37464 1.3211 1.15922 0.985364 2.37109
threshold=1.0500000000000003 2.0076839826839832 0.13344941042644634 126.50000000000001 0.56557122334409937 0 0.66501501823972131 240.25000000000003 -0.37447345805034543 0.94425825643485939 0.99053107487289871 110.25000000000001 0.79873961729340393 1.0744764980450288
decision_type=8 2 8 2 8 1 10 10 2 2 2 10 10 10
left_child=1 -1 3 -2 5 6 -4 8 -8 -7 11 -11 13 -6
right_child=2 -3 4 -5 12 9 7 -9 -10 10 -12 -13 -14 -15
leaf_value=0.00051018729975168631 -0.0022785920860136258 -0.0058228351355942547 -0.00033393796358974453 0.0068041897371697892 0.00034460029524461183 0.00054792071751166176 0.0017405416324048199 -0.0096254625061798528 -0.0039101795737188924 -0.00096233382364463752 0.00096218044695834748 -0.0063637993693360971 -2.6570673467451475e-05 0.0046448414972388649
leaf_weight=92 80 56 690 86 5225 1480 92 55 264 98 114 96 45139 157
leaf_count=92 80 56 690 86 5225 1480 92 55 264 98 114 96 45139 157
internal_value=-5.82725e-07 -0.00199807 5.12114e-06 0.00248831 -2.82889e-06 -0.000520499 -0.00151668 -0.0035109 -0.002446 0.000103326 -0.00200436 -0.00372796 2.68222e-05 0.000474239
internal_weight=53724 148 53576 166 53410 2889 1101 411 356 1788 308 194 50521 5382
internal_count=53724 148 53576 166 53410 2889 1101 411 356 1788 308 194 50521 5382
cat_boundaries=0 1
cat_threshold=30914
is_linear=0
shrinkage=0.035


Tree=267
num_leaves=15
num_cat=2
split_feature=30 5 24 32 23 29 5 29 32 1 29 22 4 16
split_gain=0.495872 0.596636 0.549998 1.37381 1.29271 1.26242 0.955093 0.881166 0.998506 1.14511 0.867592 1.40781 1.7553 5.72143
threshold=-0.99864786094873803 951.00000000000011 4.5000000000000009 0 0.68294511829341464 0.67167992559793654 921.00000000000011 0.99907018497641664 1 441.50000000000006 -0.46801505794253101 1.3274525631923442 50.050000000000004 20.902266908275539
decision_type=2 8 2 1 8 2 10 2 1 8 2 8 8 8
left_child=1 -1 7 4 5 -4 -6 -2 9 -9 -5 -12 13 -13
right_child=2 -3 3 10 6 -7 -8 8 -10 -11 11 12 -14 -15
leaf_value=-0.0010687499582964111 9.3944324859130963e-05 0.0023249862351719685 -0.00010735242873209151 3.9411910402307875e-05 0.00031195742264357776 -0.0034966322695998866 0.0039909142782959288 -0.0015950020435616232 1.1247255172617902e-05 -0.0071802333122750212 -0.00063482205711595959 -0.0009727601879813638 -0.00075382403427515373 -0.014805461588146336
leaf_weight=832 40235 64 361 2060 5054 210 83 180 328 57 3883 112 215 50
leaf_count=832 40235 64 361 2060 5054 210 83 180 328 57 3883 112 215 50
internal_value=-6.07179e-07 -0.000814783 1.32776e-05 -0.000194667 0.000198904 -0.00137338 0.000375222 7.45969e-05 -0.00129192 -0.0029375 -0.000549449 -0.000835203 -0.00286376 -0.00555756
internal_weight=53724 896 52828 12028 5708 571 5137 40800 565 237 6320 4260 377 162
internal_count=53724 896 52828 12028 5708 571 5137 40800 565 237 6320 4260 377 162
cat_boundaries=0 1 2
cat_threshold=19409 26702
is_linear=0
shrinkage=0.035


Tree=268
num_leaves=15
num_cat=3
split_feature=21 22 21 30 30 19 32 32 20 3 33 22 20 23
split_gain=0.48598 0.943054 1.32435 1.25051 1.05298 1.7685 1.1339 1.05136 0.995611 0.852063 0.754038 1.51518 1.19093 1.19371
threshold=831.83110367892994 0.60587144423659944 681.17692307692323 0.97832380634958016 0.28313308994381592 602.58333333333337 0 1 791.83333333333337 23.950000000000003 2 2.0422420827073977 2000.3571428571431 1.8459722810627612
decision_type=2 10 2 2 2 8 1 1 10 10 1 8 8 10
left_child=1 2 -1 4 5 7 -6 9 -4 -3 11 -2 -12 -14
right_child=10 3 8 -5 6 -7 -8 -9 -10 -11 12 -13 13 -15
leaf_value=-0.00088474965341160932 0.00031704209232617282 -0.0053523335809198529 0.0076312744853356375 -0.0056412184583930847 -0.001055126198719669 -0.0069398983837001861 0.00087805725169429465 -0.00014561336433335898 0.0012050477375315739 -0.0015176946176065499 -0.00028635426908003419 -0.0053559488888653322 6.3498060507048096e-05 0.0014826113143563845
leaf_weight=122 10655 85 52 54 591 58 947 812 66 374 15331 53 23780 744
leaf_count=122 10655 85 52 54 591 58 947 812 66 374 15331 53 23780 744
internal_value=-6.6351e-07 -0.000421327 0.00166603 -0.000595386 -0.000490692 -0.00121031 0.000133043 -0.000922679 0.00423204 -0.00222978 2.56738e-05 0.000286209 -4.44131e-05 0.000106844
internal_weight=53724 3161 240 2921 2867 1329 1538 1271 118 459 50563 10708 39855 24524
internal_count=53724 3161 240 2921 2867 1329 1538 1271 118 459 50563 10708 39855 24524
cat_boundaries=0 1 2 3
cat_threshold=16559 32988 2
is_linear=0
shrinkage=0.035


Tree=269
num_leaves=15
num_cat=3
split_feature=22 23 16 29 33 30 0 32 8 23 22 16 0 32
split_gain=0.495848 2.18713 1.53219 1.49586 1.92622 3.10834 2.83307 2.93137 1.51294 1.30702 1.27271 1.75416 3.43452 1.93484
threshold=0.99452434828071268 1.1412884844793016 23.380903888982996 0.94425825643485939 0 -0.013976481981245173 9.5500000000000025 1 11.171815648797725 0.27476363203900822 1.8174112776305755 96.072888995803538 882.50000000000011 2
decision_type=10 10 8 2 1 2 10 1 2 8 10 10 8 1
left_child=1 -1 -3 9 5 6 -5 8 -8 -2 -11 13 -13 -12
right_child=3 2 -4 4 -6 -7 7 -9 -10 10 11 12 -14 -15
leaf_value=3.3993440003030672e-05 0.0050967547049125036 0.00069877291426475164 0.0032877708519834102 0.0090374753173763089 6.4622348241834477e-05 -0.0003635769592639363 0.0015273221218075348 0.0042481432915921127 -0.006571692293882575 -0.00016718721757105428 -0.0040094314720364385 -0.0091862027638966275 5.4822486670066915e-05 0.00087858447704929868
leaf_weight=25295 52 920 400 99 2124 369 53 275 52 23434 124 92 100 335
leaf_count=25295 52 920 400 99 2124 369 53 275 52 23434 124 92 100 335
internal_value=-6.93203e-07 0.00010661 0.00149276 -0.000106041 0.000634231 0.00202767 0.0038964 0.00245704 -0.00238335 -0.000197303 -0.000209789 -0.00173035 -0.00449394 -0.000538376
internal_weight=53724 26615 1320 27109 2972 848 479 380 105 24137 24085 651 192 459
internal_count=53724 26615 1320 27109 2972 848 479 380 105 24137 24085 651 192 459
cat_boundaries=0 1 2 3
cat_threshold=8 369 2065
is_linear=0
shrinkage=0.035


Tree=270
num_leaves=15
num_cat=2
split_feature=26 23 32 17 5 23 2 22 32 23 3 23 22 23
split_gain=0.483162 1.21824 0.948094 0.857453 1.15808 0.855945 1.09595 0.785199 2.54414 2.56797 1.84243 2.55375 1.77058 1.66229
threshold=312.50000000000006 0.71938338578024796 0 1.2326830638348512 5.5500000000000007 2.369857963854511 8.5500000000000025 1.0904875077991412 1 2.6436217829168225 682.50000000000011 0.6500672140013809 1.3090428863127819 1.2432593980711137
decision_type=2 8 1 10 8 10 8 10 1 8 8 10 10 10
left_child=7 -2 3 4 -3 6 -5 13 -9 10 11 -10 -11 -1
right_child=1 2 -4 5 -6 -7 -8 8 9 12 -12 -13 -14 -15
leaf_value=-1.935185572292939e-06 -0.0012919820289634893 -0.00012550446317171712 0.00013988475431002913 -0.0030714107857449731 0.0066232207476754085 0.0049208541267499748 0.00097988490158862785 -0.00092608354266432576 0.0057959340156246257 0.00038867963240155306 -0.0016688481994439933 -5.0652655728114537e-05 0.0029006966567101098 0.001208760995735726
leaf_weight=33675 531 52 3655 82 72 58 1412 4627 88 809 883 5741 595 1444
leaf_count=33675 531 52 3655 82 72 58 1412 4627 88 809 883 5741 595 1444
internal_value=-6.4616e-07 0.000299132 0.000458679 0.00114378 0.00389794 0.000919267 0.000748021 -3.73895e-05 -0.000272674 0.000101198 -0.000183708 4.25046e-05 0.00145976 4.80104e-05
internal_weight=53724 5862 5331 1676 124 1552 1494 47862 12743 8116 6712 5829 1404 35119
internal_count=53724 5862 5331 1676 124 1552 1494 47862 12743 8116 6712 5829 1404 35119
cat_boundaries=0 1 2
cat_threshold=4249 8583
is_linear=0
shrinkage=0.035


Tree=271
num_leaves=15
num_cat=3
split_feature=24 32 14 22 33 22 23 32 23 29 21 29 3 23
split_gain=0.475447 2.41313 1.49944 1.41313 1.19702 1.1069 2.01407 1.53836 2.30298 1.3596 2.97455 1.53231 1.06816 1.16461
threshold=1.5000000000000002 0 1.5250000000000001 1.6251824594520763 1 0.66501501823972131 0.63452821575733587 2 0.41301601441261887 -0.68430824382591193 2289.4196428571436 -0.57078386445773377 8.0500000000000025 0.31404353297100485
decision_type=2 1 10 10 1 10 10 1 10 2 2 2 8 10
left_child=1 3 -3 4 -1 6 9 8 -7 10 -2 -11 -13 -14
right_child=5 2 -4 -5 -6 7 -8 -9 -10 11 -12 12 13 -15
leaf_value=-0.00030442905976208807 -0.00011925448339948211 -0.0051606703270390686 -5.9485162562083827e-05 0.0046891015677704906 0.0011197245045083035 -0.0069506304497078354 0.0027607256009315076 -5.9900769033303495e-05 -0.00081392285647901815 -0.0059203891476727229 0.0076924789306482702 0.0027393923881887036 -0.001865607416545542 0.00034124780489206509
leaf_weight=947 181 66 12173 112 3020 73 450 33062 1985 51 84 149 417 954
leaf_count=947 181 66 12173 112 3020 73 450 33062 1985 51 84 149 417 954
internal_value=-5.77135e-07 0.000157037 -8.90173e-05 0.000892557 0.000781849 -6.93464e-05 0.000676069 -0.000117956 -0.00104286 0.000159014 0.00245352 -0.000234584 -2.50251e-05 -0.000334324
internal_weight=53724 16318 12239 4079 3967 37406 2286 35120 2058 1836 265 1571 1520 1371
internal_count=53724 16318 12239 4079 3967 37406 2286 35120 2058 1836 265 1571 1520 1371
cat_boundaries=0 1 2 3
cat_threshold=5154 4 2
is_linear=0
shrinkage=0.035


Tree=272
num_leaves=15
num_cat=2
split_feature=30 32 29 2 6 33 20 30 23 22 22 16 15 6
split_gain=0.473547 1.23652 1.39521 5.46083 1.33751 0.832952 1.12721 1.0865 1.36717 0.903554 0.806618 0.708227 1.18669 1.28098
threshold=-0.8901731938066898 0 -0.40614700388750385 92.750000000000014 3.0500000000000003 1 2014.6428571428573 -0.94137724084408114 1.1635321762957724 0.60587144423659944 1.5236325238862833 560.35846336601708 2011.4500000000003 297.25000000000006
decision_type=2 1 2 10 8 1 10 2 8 8 10 10 2 10
left_child=1 4 3 -3 -1 6 7 8 -4 -7 -11 -2 13 -13
right_child=11 2 5 -5 -6 9 -8 -9 -10 10 -12 12 -14 -15
leaf_value=-0.004279286473131463 5.5569949833357342e-05 -0.0008932568900977488 -0.0025033351002656315 -0.012881154768168928 0.00025894480985728312 0.0041154634180257761 -0.00049002014437739348 0.00077224827787464583 -0.0083929945697133069 -0.00033219083819681665 0.003870243448049255 -0.003985022018526004 -0.0056270400613923103 0.0030674112888015308
leaf_weight=76 44419 309 210 50 4475 54 669 74 61 3089 52 50 67 69
leaf_count=76 44419 309 210 50 4475 54 669 74 61 3089 52 50 67 69
internal_value=-5.58241e-07 -0.000230305 -0.000635992 -0.00271689 0.000178154 -0.000457001 -0.00132305 -0.00294613 -0.00395708 -0.00017582 -0.000256578 4.64314e-05 -0.00208029 6.30018e-05
internal_weight=53724 9119 4568 359 4551 4209 1014 345 271 3195 3141 44605 186 119
internal_count=53724 9119 4568 359 4551 4209 1014 345 271 3195 3141 44605 186 119
cat_boundaries=0 1 2
cat_threshold=22293 8
is_linear=0
shrinkage=0.035


Tree=273
num_leaves=15
num_cat=1
split_feature=5 5 23 6 2 29 22 23 21 23 32 22 20 30
split_gain=0.471049 1.12632 0.577069 4.415 2.57317 0.573254 0.541168 1.90505 2.14783 1.42036 1.53376 1.39994 1.29217 1.25668
threshold=2775.0000000000005 2320.0000000000005 0.13344941042644634 13.750000000000002 219.00000000000003 0.50557357885840837 0.97854255939394885 1.3432425005682946 1892.0199275362322 0.78720956856955071 0 0.70105498021301671 2342.928571428572 -0.31800055644052067
decision_type=10 10 8 10 8 2 10 10 2 10 1 8 10 2
left_child=1 2 3 -1 -5 -2 7 9 -9 10 -4 -11 -10 -8
right_child=5 -3 6 4 -6 -7 13 8 12 11 -12 -13 -14 -15
leaf_value=-0.0063111434346488264 -0.00039743775478200409 -0.0036982801805093592 -0.00064787988384246934 0.00083252846014121899 0.011006355488287479 0.0042551380885415711 -0.0003781014782364964 -0.00042034999014268348 0.01019880076965033 0.0026848715264747047 0.00015967016324770062 0.00029390622436371898 0.0027685564470110121 8.6553853438030732e-05
leaf_weight=50 59 96 5020 66 53 65 12170 103 54 303 6727 11688 66 17204
leaf_count=50 59 96 5020 66 53 65 12170 103 54 303 6727 11688 66 17204
internal_value=-6.2744e-07 -5.71095e-06 1.25943e-06 0.00201359 0.00562482 0.00211181 -5.30511e-06 0.000118122 0.00330219 8.75208e-05 -0.000185975 0.000355417 0.00638637 -0.00010599
internal_weight=53724 53600 53504 169 119 124 53335 23961 223 23738 11747 11991 120 29374
internal_count=53724 53600 53504 169 119 124 53335 23961 223 23738 11747 11991 120 29374
cat_boundaries=0 1
cat_threshold=55400
is_linear=0
shrinkage=0.035


Tree=274
num_leaves=15
num_cat=2
split_feature=26 29 5 17 24 16 24 26 32 0 22 32 24 5
split_gain=0.467589 1.4564 1.62665 3.5682 1.04969 0.625072 0.613051 0.600031 1.2299 0.740339 0.644635 1.37714 0.990365 0.570362
threshold=10.500000000000002 0.074116354202380205 125.25000000000001 27.525662346450734 3.5000000000000004 7.0710678118653858 1.5000000000000002 21.500000000000004 0 95.100000000000009 0.88696215972411474 1 2.5000000000000004 2775.0000000000005
decision_type=2 2 10 10 2 10 2 2 1 10 10 1 2 10
left_child=1 -1 3 4 -3 -6 -4 8 9 -2 -10 12 -12 -9
right_child=7 2 6 -5 5 -7 -8 13 10 -11 11 -13 -14 -15
leaf_value=0.000904563853598423 0.002822710544338438 4.8373400231957032e-05 0.0031691827927639487 -0.010950634872308003 -0.0019202669340884315 -0.0063296112224035077 -0.00058635048580443089 -1.1876378967325075e-05 0.0011071510455007711 -4.4327871399415534e-05 -0.0076410214583678493 4.8021749529192252e-05 -0.00082630541865100075 0.0024242760369779103
leaf_weight=415 396 197 71 55 110 63 174 50983 366 152 53 526 50 113
leaf_count=415 396 197 71 55 110 63 174 50983 366 152 53 526 50 113
internal_value=-5.42109e-07 -0.000718067 -0.00172238 -0.00301979 -0.00171059 -0.00365868 0.000543605 1.43144e-05 0.000693187 0.00199813 -5.13794e-05 -0.000729726 -0.0041409 -6.25209e-06
internal_weight=53724 1085 670 425 370 173 245 52639 1543 548 995 629 103 51096
internal_count=53724 1085 670 425 370 173 245 52639 1543 548 995 629 103 51096
cat_boundaries=0 1 2
cat_threshold=33138 129
is_linear=0
shrinkage=0.035


Tree=275
num_leaves=15
num_cat=2
split_feature=21 4 17 22 29 30 4 32 13 3 16 9 33 22
split_gain=0.457866 0.942217 2.61881 1.33367 2.04996 1.16235 1.06799 1.06494 0.934256 1.67423 1.61925 1.16178 0.715354 1.36951
threshold=831.83110367892994 1703.0000000000002 186.83097759254431 0.60587144423659944 0.89787622492179153 0.97832380634958016 741.00000000000011 0 17.025000000000002 75.15000000000002 6.2024860516178038 752.50000000000011 1 2.0422420827073977
decision_type=2 10 10 10 2 2 10 1 10 8 10 10 1 8
left_child=1 2 3 4 -1 7 -4 8 -5 10 -10 -12 13 -2
right_child=12 -3 6 5 -6 -7 -8 -9 9 -11 11 -13 -14 -15
leaf_value=0.0071966064431783286 0.00030806433166553123 0.0026218681407044644 -0.0093548560540445847 0.0014100318741368349 -0.00013568796946191927 -0.0053989254952392599 -0.0020241130978207698 -3.860886066475458e-05 -0.00087243487060602234 -0.00055743126037319051 -0.0093624349573358575 -0.0024521054128152238 -4.3282051403920918e-05 -0.0050853623522863056
leaf_weight=66 10655 116 50 97 136 54 50 2057 93 307 83 52 39855 53
leaf_count=66 10655 116 50 97 136 54 50 2057 93 307 83 52 39855 53
internal_value=-5.80752e-07 -0.000408895 -0.000528462 -0.000334226 0.00237598 -0.00053777 -0.00596041 -0.00043031 -0.0016681 -0.00226497 -0.00450285 -0.00688332 2.49834e-05 0.000278748
internal_weight=53724 3161 3045 2945 202 2743 100 2689 632 535 228 135 50563 10708
internal_count=53724 3161 3045 2945 202 2743 100 2689 632 535 228 135 50563 10708
cat_boundaries=0 1 2
cat_threshold=141 2
is_linear=0
shrinkage=0.035


Tree=276
num_leaves=15
num_cat=2
split_feature=20 22 2 8 22 26 32 3 6 6 3 9 33 23
split_gain=0.461837 0.926677 1.19232 1.14425 0.976325 1.37703 1.61589 1.17015 1.38278 0.933695 0.922036 2.2459 0.830803 1.04205
threshold=2391.8333333333335 1.8174112776305755 786.25000000000011 69.253394437611476 0.68363360969387765 326.50000000000006 0 199.75000000000003 89.750000000000014 15.050000000000002 1204.0000000000002 2352.5000000000005 1 2.6436217829168225
decision_type=8 10 10 2 8 2 1 10 10 10 10 10 1 10
left_child=12 2 4 -3 5 6 9 8 -8 -2 11 -4 13 -1
right_child=1 3 10 -5 -6 -7 7 -9 -10 -11 -12 -13 -14 -15
leaf_value=4.8037543510407214e-05 0.0041103705951379826 0.00086371387449057349 0.0091841045045293872 -0.004899385208227614 8.8558333593793676e-05 -0.0022170017518568785 0.003138938757605971 0.00044851608981844043 0.010036254478820965 -0.00066351826583473561 -2.8933003191654917e-05 0.0013802423716335682 -0.00025152100257183082 0.0024619394957616806
leaf_weight=25164 60 73 58 91 11004 95 88 59 64 216 144 168 16224 216
leaf_count=25164 60 73 58 91 11004 95 88 59 64 216 144 168 16224 216
internal_value=-6.38442e-07 0.000189443 0.000225731 -0.00238445 0.00016279 0.0015536 0.0023042 0.00448287 0.00627021 0.000414215 0.00216819 0.00353844 -5.60288e-05 6.90351e-05
internal_weight=53724 12120 11956 164 11586 582 487 211 152 276 370 226 41604 25380
internal_count=53724 12120 11956 164 11586 582 487 211 152 276 370 226 41604 25380
cat_boundaries=0 1 2
cat_threshold=38953 10
is_linear=0
shrinkage=0.035


Tree=277
num_leaves=15
num_cat=2
split_feature=1 7 23 9 23 32 22 24 32 3 30 2 20 30
split_gain=0.451042 1.14504 0.780198 2.77114 0.588623 1.46828 1.87217 1.25312 1.27201 1.20193 1.29633 1.09072 1.03098 1.00166
threshold=1.0500000000000003 2.0076839826839832 0.13344941042644634 1932.5000000000002 0.63452821575733587 0 1.0668265838318762 1.0000000180025095e-35 1 1255.0000000000002 -0.97507822412530132 329.75000000000006 2391.8333333333335 -0.9292178835113839
decision_type=8 2 8 10 8 1 10 2 1 8 2 10 8 2
left_child=1 -1 3 -2 5 6 11 8 -7 10 -9 12 -4 -12
right_child=2 -3 4 -5 -6 7 -8 9 -10 -11 13 -13 -14 -15
leaf_value=0.0005393556373904354 -0.0017734412624451675 -0.005618651900593131 -0.0010848536707975228 0.0070732421085905337 3.186998444631335e-05 0.0047875337325625454 -0.0066588185265921826 -0.0020625821789144543 -6.9744234242534737e-06 -0.0024954005287319394 0.0033088880603020965 -0.005031553741581248 0.0014428198637039674 0.0002534008657190072
leaf_weight=92 90 56 1423 76 49075 121 68 275 145 229 138 71 225 1640
leaf_count=92 90 56 1423 76 49075 121 68 275 145 229 138 71 225 1640
internal_value=-5.4054e-07 -0.00189817 4.87818e-06 0.00236524 -2.67861e-06 -0.000393377 -0.0011575 0.000147701 0.00239848 -0.000118684 0.000151843 -0.000927912 -0.000736432 0.000499167
internal_weight=53724 148 53576 166 53410 4335 1787 2548 266 2282 2053 1719 1648 1778
internal_count=53724 148 53576 166 53410 4335 1787 2548 266 2282 2053 1719 1648 1778
cat_boundaries=0 1 2
cat_threshold=20722 1280
is_linear=0
shrinkage=0.035


Tree=278
num_leaves=15
num_cat=1
split_feature=22 23 22 32 1 10 3 23 13 7 2 5 29 16
split_gain=0.448292 1.78174 1.84138 1.6663 1.19609 2.32701 1.1922 1.35223 1.10912 2.11146 1.87743 1.06631 1.05195 1.37507
threshold=0.92968248919523044 0.80246281764534932 0.71617794301896354 0 9.0500000000000025 10.208333333333336 3.5500000000000003 0.41301601441261887 226.25000000000003 364.68297101449281 177.75000000000003 330.50000000000006 -0.73866753694953124 22.003787552752666
decision_type=10 10 10 1 10 10 10 10 8 2 10 10 2 10
left_child=1 3 11 6 -5 -6 7 -1 10 -10 -8 -3 13 -7
right_child=-2 2 -4 4 5 12 8 -9 9 -11 -12 -13 -14 -15
leaf_value=0.0076542800725972072 -7.2009200130916255e-05 0.0021196408494928444 0.00044001431442562997 -0.0010313622246224084 0.0046742517065989685 9.6873513959617736e-05 0.00057158739088238996 0.0010845651604815209 -0.0072717129559729437 -0.00015112991015256221 0.0068095936304049913 0.0073540942635485539 -0.00041784074846688341 0.0032310892077810809
leaf_weight=56 35814 321 6689 2438 117 693 1975 109 56 313 56 53 4811 223
leaf_count=56 35814 321 6689 2438 117 693 1975 109 56 313 56 53 4811 223
internal_value=-5.1424e-07 0.000142432 0.000574844 -0.000139267 -0.000380544 -0.000109037 0.000638002 0.00347383 0.000438875 -0.00131453 0.000759886 0.00294866 -0.000210749 0.000873296
internal_weight=53724 17910 7063 10847 8282 5844 2565 165 2400 369 2031 374 5727 916
internal_count=53724 17910 7063 10847 8282 5844 2565 165 2400 369 2031 374 5727 916
cat_boundaries=0 1
cat_threshold=390
is_linear=0
shrinkage=0.035


Tree=279
num_leaves=15
num_cat=2
split_feature=24 32 23 19 15 20 14 10 23 22 1 15 5 32
split_gain=0.445998 2.5849 1.15004 1.14262 1.63219 1.07511 0.976383 1.13952 0.842373 1.55771 1.34264 0.740922 0.778557 0.773492
threshold=5.5000000000000009 0 2.1938679142639539 77.550000000000026 159.80000000000004 1337.0714285714287 960.50000000000011 1169.2500000000002 3.2477849613045007 1.8174112776305755 78.200000000000017 2532.9000000000005 2320.0000000000005 1
decision_type=2 1 10 8 2 10 8 10 10 10 10 2 10 1
left_child=8 3 6 -2 -5 -6 -3 -8 11 -10 -11 12 13 -1
right_child=1 2 -4 4 5 -7 7 -9 9 10 -12 -13 -14 -15
leaf_value=0.00055750083676720094 -0.0072067298956510683 -0.00013756720918892273 -0.005053481375308414 0.0024681058829099547 -0.006812456251809193 -0.00027255283483431085 0.0064600482033371617 -0.00063627722493203533 0.0070845427749268086 -0.0039921962024686355 0.0034380261933502671 0.0030929284628587088 -0.0026391884788393295 -1.3726241809292359e-05
leaf_weight=3085 77 3945 52 60 77 50 55 50 54 50 60 91 130 45888
leaf_count=3085 77 3945 52 60 77 50 55 50 54 50 60 91 130 45888
internal_value=-4.14516e-07 -0.000339274 -0.000116306 -0.00359906 -0.002152 -0.00434554 -4.70488e-05 0.00320552 2.95909e-05 0.00249638 3.3921e-05 2.11144e-05 1.51072e-05 2.24218e-05
internal_weight=53724 4366 4102 264 187 127 4050 105 49358 164 110 49194 49103 48973
internal_count=53724 4366 4102 264 187 127 4050 105 49358 164 110 49194 49103 48973
cat_boundaries=0 1 2
cat_threshold=1024 1024
is_linear=0
shrinkage=0.035


Tree=280
num_leaves=15
num_cat=2
split_feature=30 5 24 32 23 20 29 32 23 1 16 8 3 23
split_gain=0.438108 0.551745 0.486262 2.36951 4.75158 1.11747 0.962952 0.94833 0.83329 1.0367 0.833141 1.13975 0.827652 0.799577
threshold=-0.99864786094873803 951.00000000000011 5.5000000000000009 0 1.5204589447365311 1409.2261904761906 -0.96689237009891416 1 1.1846489429136062 601.00000000000011 23.751392928128094 130.67080449547399 642.50000000000011 2.0739180411378979
decision_type=2 8 2 1 10 10 2 1 8 10 8 2 8 10
left_child=1 -1 13 4 5 10 7 -5 -8 12 -4 -12 -10 -2
right_child=2 -3 3 6 -6 -7 8 -9 9 -11 11 -13 -14 -15
leaf_value=-0.0010099939697490519 2.571595815376175e-05 0.002253242690745485 -0.0016317500152694645 -0.0041085981884256273 -0.011513321449944625 -0.00015408132021661915 -0.00017165157016823222 0.00010808099751122695 0.0010060704496585517 0.0045242708336659951 -0.0088165606210346917 -0.0014236027782521489 -0.0023892830806657114 0.001136686709926969
leaf_weight=832 47746 64 294 112 54 507 1925 142 962 90 50 52 92 802
leaf_count=832 47746 64 294 112 54 507 1925 142 962 90 50 52 92 802
internal_value=-4.08397e-07 -0.000765695 1.26426e-05 -0.000344766 -0.00186433 -0.00124762 0.000100301 -0.00194912 0.000273139 0.00101907 -0.0026283 -0.00529024 0.00069982 4.41841e-05
internal_weight=53724 896 52828 4280 957 903 3323 254 3069 1144 396 102 1054 48548
internal_count=53724 896 52828 4280 957 903 3323 254 3069 1144 396 102 1054 48548
cat_boundaries=0 1 2
cat_threshold=41984 4120
is_linear=0
shrinkage=0.035


Tree=281
num_leaves=15
num_cat=2
split_feature=4 3 20 8 19 16 32 3 5 1 22 32 23 29
split_gain=0.43508 1.40091 1.02013 0.767689 2.50578 1.17979 1.58273 2.18158 1.33714 1.20559 1.16638 1.36829 1.78441 1.21577
threshold=541.25000000000011 951.00000000000011 605.357142857143 90.687472310472884 61.291666666666679 74.206917916503258 0 160.50000000000003 69.90000000000002 200.75000000000003 0.61968439436793876 1 2.6436217829168225 -0.75015329512557205
decision_type=8 10 8 2 10 10 1 8 10 8 10 1 10 2
left_child=1 3 -2 5 -5 -1 7 -7 -8 -10 -6 13 -13 -12
right_child=2 -3 -4 4 10 6 8 -9 9 -11 11 12 -14 -15
leaf_value=-1.2444242607643527e-05 -0.0033461798952169166 -0.0047234379049265187 0.00032807937127778868 -0.007780662884470076 0.0011360060112537654 0.0094520530997373696 -0.0051360904382203119 0.0018092523695374153 -0.0032631456022406179 0.0024423399016265186 -0.005357037728136043 -0.00052638117383530501 0.0054165015563194183 -0.0013341436685565776
leaf_weight=43926 89 73 6184 53 480 57 50 188 57 166 126 1889 59 327
leaf_count=43926 89 73 6184 53 480 57 50 188 57 166 126 1889 59 327
internal_value=-4.92355e-07 -3.6716e-05 0.000273326 -2.89971e-05 -0.00057684 7.22997e-06 0.00165976 0.00359697 -0.000233194 0.000944408 -0.000431065 -0.000746059 -0.000331284 -0.00244596
internal_weight=53724 47451 6273 47378 2934 44444 518 245 273 223 2881 2401 1948 453
internal_count=53724 47451 6273 47378 2934 44444 518 245 273 223 2881 2401 1948 453
cat_boundaries=0 1 2
cat_threshold=35085 4482
is_linear=0
shrinkage=0.035


Tree=282
num_leaves=15
num_cat=1
split_feature=26 29 21 15 11 24 6 8 26 32 0 0 6 29
split_gain=0.432735 1.3462 1.50996 1.5317 2.27389 0.746974 0.63049 1.20415 0.552308 1.14603 0.693358 0.61061 1.04304 0.768132
threshold=10.500000000000002 0.074116354202380205 926.59420289855086 92.750000000000014 67.456439393939405 1.5000000000000002 28.050000000000004 2.929167413498496 21.500000000000004 0 95.100000000000009 26.650000000000002 411.00000000000006 0.22700754078277605
decision_type=2 2 2 2 10 2 10 2 2 1 10 10 8 2
left_child=1 -1 -3 4 6 -5 7 -4 9 10 -2 12 13 -11
right_child=8 2 3 5 -6 -7 -8 -9 -10 11 -12 -13 -14 -15
leaf_value=0.00086925877319299621 0.0027225964373101216 -0.0068703789535849817 -0.00013480474523708432 0.003509024378754264 -0.0090922611565410847 -0.0003865173852682347 0.00036251428009827452 -0.0063916540825983467 -5.950200023154243e-06 -0.0031970460141606204 -5.1699361126576289e-05 0.00052237828530825499 -0.0042029030207929568 0.0014168392228946852
leaf_weight=415 396 57 85 81 52 199 133 63 51096 57 152 690 99 149
leaf_count=415 396 57 85 81 52 199 133 63 51096 57 152 690 99 149
internal_value=-5.10609e-07 -0.000690775 -0.00165635 -0.00111985 -0.00270709 0.000782198 -0.0013872 -0.00292003 1.37814e-05 0.000665098 0.00192477 -5.35372e-05 -0.00134557 9.46748e-05
internal_weight=53724 1085 670 613 333 280 281 148 52639 1543 548 995 305 206
internal_count=53724 1085 670 613 333 280 281 148 52639 1543 548 995 305 206
cat_boundaries=0 1
cat_threshold=33138
is_linear=0
shrinkage=0.035


Tree=283
num_leaves=15
num_cat=4
split_feature=26 33 23 22 32 22 32 23 22 27 29 33 16 26
split_gain=0.430917 1.14165 1.30021 1.21372 0.741516 0.694381 2.33765 2.28638 2.15259 1.80772 1.59962 1.70387 1.79775 1.73789
threshold=312.50000000000006 0 0.71938338578024796 0.81448222247722313 1 1.0904875077991412 2 2.6436217829168225 1.2903850375594808 0.87837969732492682 0.92922379131507438 3 9.8319208025073532 91.500000000000014
decision_type=2 1 8 8 1 10 1 8 10 2 2 1 10 2
left_child=5 -2 3 -3 -4 -1 10 -8 -9 -10 -7 13 -13 -12
right_child=1 2 4 -5 -6 6 7 8 9 -11 11 12 -14 -15
leaf_value=4.5048547747697574e-05 0.00076855820110871879 -0.00079878939241780252 0.00073267261557598642 -0.005201106183667435 -0.00045732070041344766 -0.0012857203928012871 -0.00020272757906740951 9.7466868672287915e-05 0.00333633194769167 -0.0022056896553419711 -0.002246185934105725 0.001530078315356486 -0.0031039556124334926 0.0048970576075850723
leaf_weight=35119 2933 251 1135 107 1436 3248 7316 862 621 78 52 206 195 165
leaf_count=35119 2933 251 1135 107 1436 3248 7316 862 621 78 52 206 195 165
internal_value=-5.6091e-07 0.000282546 -0.000206526 -0.00216808 6.9488e-05 -3.52609e-05 -0.00025652 5.68833e-05 0.00127074 0.00270664 -0.000972926 0.000652524 -0.000716213 0.0030365
internal_weight=53724 5862 2929 358 2571 47862 12743 8877 1561 699 3866 618 401 217
internal_count=53724 5862 2929 358 2571 47862 12743 8877 1561 699 3866 618 401 217
cat_boundaries=0 1 2 3 4
cat_threshold=6 7321 8455 8
is_linear=0
shrinkage=0.035


Tree=284
num_leaves=15
num_cat=1
split_feature=1 23 23 6 1 23 32 16 29 29 22 6 5 23
split_gain=0.426679 1.01324 0.733887 2.69689 1.47207 0.53068 1.33856 2.00241 1.25856 1.20549 1.06888 1.0657 1.05701 1.02746
threshold=1.2500000000000002 0.3856267347173799 0.13344941042644634 741.00000000000011 28.550000000000004 0.56557122334409937 0 102.04737356046353 0.94425825643485939 0.99053107487289871 0.61968439436793876 4.0500000000000007 110.25000000000001 0.43440634645061732
decision_type=8 10 8 8 10 8 1 10 2 2 10 8 10 10
left_child=1 -1 3 4 -2 6 7 10 11 12 13 -8 -10 -4
right_child=2 -3 5 -5 -6 -7 8 -9 9 -11 -12 -13 -14 -15
leaf_value=-0.0048427365364506845 0.00074658204127397206 -0.00010961586879894732 -0.0014470155387779277 -0.0040535974962914601 0.0086731628495365833 2.5795100559155058e-05 0.0052536453326485991 -0.0064035164579175985 -0.0008904591422455694 0.00094972349648528244 -0.0021724877985255563 0.00037054494049297722 -0.0060463168982146679 0.0015845766140475178
leaf_weight=70 52 213 264 52 62 50390 52 86 98 114 476 1425 96 274
leaf_count=70 52 213 264 52 62 50390 52 86 98 114 476 1425 96 274
internal_value=-5.47813e-07 -0.0013441 6.69214e-06 0.00229592 0.00524082 -6.55668e-07 -0.000461896 -0.00141241 0.00013331 -0.001883 -0.000973618 0.000559607 -0.00352962 9.73291e-05
internal_weight=53724 283 53441 166 114 53275 2885 1100 1785 308 1014 1477 194 538
internal_count=53724 283 53441 166 114 53275 2885 1100 1785 308 1014 1477 194 538
cat_boundaries=0 1
cat_threshold=30914
is_linear=0
shrinkage=0.035


Tree=285
num_leaves=15
num_cat=1
split_feature=17 1 9 2 23 6 21 23 32 22 22 4 22 26
split_gain=0.423475 1.17925 0.929822 0.915537 0.788654 2.75643 1.02273 0.606975 1.35336 2.47905 1.38916 0.931946 1.28407 1.26531
threshold=0.66402866348832101 1.0500000000000003 2802.5000000000005 1.6500000000000001 0.13344941042644634 741.00000000000011 1892.0199275362322 0.56557122334409937 0 1.1861016125459249 0.82218202008240315 4.0500000000000007 0.61968439436793876 110.50000000000001
decision_type=8 8 8 8 8 8 2 8 1 10 10 8 10 2
left_child=2 -2 -1 -3 5 6 -5 8 10 11 -6 -10 -13 -14
right_child=1 3 -4 4 7 -7 -8 -9 9 -11 -12 12 13 -15
leaf_value=-0.00012008326048524283 -0.0044280806231019026 0.003456301911878032 -0.0021201699250534924 0.0089447004324756576 -5.2033127696211943e-05 -0.0039241669191304894 0.0020166420182365862 3.8435803843703102e-05 0.0036205655956444774 -0.0083395109833641502 0.003368707735028763 -1.6020349000753677e-05 -0.0036101520223441944 -0.00087660398416053995
leaf_weight=1351 68 90 356 51 723 52 56 48866 52 50 177 930 322 580
leaf_count=1351 68 90 356 51 723 52 56 48866 52 50 177 930 322 580
internal_value=-5.55876e-07 1.72686e-05 -0.000542181 2.35131e-05 1.72229e-05 0.00244049 0.0055707 9.53501e-06 -0.000487985 -0.00100596 0.000628661 -0.000795098 -0.000929947 -0.00186696
internal_weight=53724 52017 1707 51949 51859 159 107 51700 2834 1934 900 1884 1832 902
internal_count=53724 52017 1707 51949 51859 159 107 51700 2834 1934 900 1884 1832 902
cat_boundaries=0 1
cat_threshold=34056
is_linear=0
shrinkage=0.035


Tree=286
num_leaves=15
num_cat=2
split_feature=22 23 23 3 1 3 13 32 23 29 16 32 0 22
split_gain=0.42901 1.87022 1.15889 1.65433 1.02881 1.96211 1.40064 1.38787 1.72371 2.04584 2.58757 1.03884 1.61109 1.88192
threshold=0.91394521620585667 0.89675329827265726 1.3432425005682946 36.100000000000009 9.0500000000000025 7.5500000000000007 14.025000000000002 0 0.41301601441261887 -0.68430824382591193 24.22120283278041 1 15.050000000000002 0.65532947738070646
decision_type=10 10 10 8 10 8 10 1 10 2 8 1 10 10
left_child=1 4 -3 -4 7 -6 -7 8 9 -1 -11 -8 13 -13
right_child=-2 2 3 -5 5 6 11 -9 -10 10 -12 12 -14 -15
leaf_value=0.0013299606794126982 -6.5563246778948468e-05 0.00076510316747715676 7.9974054429932678e-05 0.0087115632411600523 0.0054166586541159216 0.0017544380310031004 0.00039875200135475517 5.3759617636875571e-06 -0.00063109735914221006 -0.0028620905920831684 -0.010532731356733065 -0.0046361856286071161 -7.3095003080923545e-06 -0.00085295183328669432
leaf_weight=87 37512 3248 54 50 81 585 4034 2237 1010 241 67 194 3460 864
leaf_count=87 37512 3248 54 50 81 585 4034 2237 1010 241 67 194 3460 864
internal_value=-5.43069e-07 0.000149877 0.000885533 0.00443903 -4.21436e-05 0.000154652 0.000105067 -0.000539767 -0.00139482 -0.00335019 -0.0046723 -8.71762e-06 -0.000372633 -0.00156521
internal_weight=53724 16212 3352 104 12860 9218 9137 3642 1405 395 308 8552 4518 1058
internal_count=53724 16212 3352 104 12860 9218 9137 3642 1405 395 308 8552 4518 1058
cat_boundaries=0 1 2
cat_threshold=6520 6935
is_linear=0
shrinkage=0.035


Tree=287
num_leaves=15
num_cat=4
split_feature=24 32 14 22 23 32 23 17 9 32 32 1 19 16
split_gain=0.431817 2.21955 1.09381 1.06658 1.66274 1.40747 2.13039 1.25826 1.16755 1.10816 0.950278 0.931355 2.32859 2.83516
threshold=1.5000000000000002 0 3.0500000000000003 0.66501501823972131 0.63452821575733587 1 0.3856267347173799 0.51521791013654861 2242.5000000000005 2 3 28.550000000000004 47.51250000000001 13.269639161398727
decision_type=2 1 10 10 10 1 10 10 10 1 1 10 10 10
left_child=1 2 -1 4 7 6 -5 -2 -9 -6 -10 -3 13 -13
right_child=3 11 -4 5 9 -7 -8 8 10 -11 -12 12 -14 -15
leaf_value=-0.001716995250889088 0.0054098902584307582 -0.00045565486320728104 0.00076018194795484696 -0.0068378335455860449 0.0043006911947871956 -5.8248088083598428e-05 -0.00078426366596728251 -0.0005378274071763772 0.0030847063552272066 0.00074490405847373693 7.9491086084292176e-05 0.0010829874687120792 -0.00021416885296213345 0.0072732132768792606
leaf_weight=222 50 5875 5992 69 212 33062 1989 1267 219 238 300 842 3290 97
leaf_count=222 50 5875 5992 69 212 33062 1989 1267 219 238 300 842 3290 97
internal_value=-5.25097e-07 0.000149683 0.000669297 -6.60631e-05 0.000665651 -0.000113779 -0.000998467 0.000195703 3.50332e-05 0.00255982 0.00142531 -0.000170548 0.000225194 0.00175758
internal_weight=53724 16318 6214 37406 2286 35120 2058 1836 1786 450 519 10104 4229 939
internal_count=53724 16318 6214 37406 2286 35120 2058 1836 1786 450 519 10104 4229 939
cat_boundaries=0 1 2 3 4
cat_threshold=15394 2 9422 8478
is_linear=0
shrinkage=0.035


Tree=288
num_leaves=15
num_cat=2
split_feature=23 32 22 29 16 26 30 22 32 23 6 26 26 22
split_gain=0.419579 2.82598 2.3293 1.44665 1.39942 1.39376 1.33174 1.37622 1.17684 2.11737 1.23061 1.5918 1.4958 1.15575
threshold=1.1635321762957724 0 1.059319335044117 0.93237596376505805 42.505479257369139 327.50000000000006 -0.31800055644052067 1.3181215910014135 1 1.0744764980450288 1052.5000000000002 69.500000000000014 116.50000000000001 1.3274525631923442
decision_type=10 1 10 2 10 2 2 10 1 10 8 2 2 8
left_child=8 3 -3 4 5 13 -4 -8 9 10 11 -1 -12 -2
right_child=1 2 6 -5 -6 -7 7 -9 -10 -11 12 -13 -14 -15
leaf_value=0.0035229260499384744 -0.001469153291924575 0.0017371107969705742 -0.00041674038047240697 0.001252137004242315 0.00079580157957303188 0.00065056180134675709 0.0010877904667056704 -0.00012793634849680874 -9.9934782256826354e-05 -0.0016440769003392816 -0.004846258591681433 0.00090762368102190486 0.00085491742778103809 -0.0040725769242816005
leaf_weight=339 1497 1529 2503 371 404 324 2738 1951 39480 410 86 1706 145 241
leaf_count=339 1497 1529 2503 371 404 324 2738 1951 39480 410 86 1706 145 241
internal_value=-4.14106e-07 0.000186362 0.000498295 -0.000770758 -0.00108013 -0.00144871 0.000234595 0.000582353 -5.16269e-05 0.000655227 0.00107499 0.0013487 -0.0013253 -0.0018408
internal_weight=53724 11558 8721 2837 2466 2062 7192 4689 42166 2686 2276 2045 231 1738
internal_count=53724 11558 8721 2837 2466 2062 7192 4689 42166 2686 2276 2045 231 1738
cat_boundaries=0 1 2
cat_threshold=8451 256
is_linear=0
shrinkage=0.035


Tree=289
num_leaves=15
num_cat=1
split_feature=20 22 2 8 22 26 32 3 6 6 3 9 30 16
split_gain=0.414086 0.854374 1.07832 1.03776 0.853409 1.26975 1.46532 1.08965 1.26774 0.881085 0.850886 2.08641 0.828414 1.57674
threshold=2391.8333333333335 1.8174112776305755 786.25000000000011 69.253394437611476 0.68363360969387765 326.50000000000006 0 199.75000000000003 89.750000000000014 15.050000000000002 1204.0000000000002 2352.5000000000005 0.73136292505298039 185.0096518102703
decision_type=8 10 10 2 8 2 1 10 10 10 10 10 2 8
left_child=-1 2 4 -3 5 6 9 8 -8 -2 11 -4 -6 -14
right_child=1 3 10 -5 12 -7 7 -9 -10 -11 -12 -13 13 -15
leaf_value=-5.2855179930334393e-05 0.0039677118792628445 0.00080262789869895931 0.0088190863286015699 -0.004686747459260612 0.00025462914254545307 -0.002164915078796912 0.0029757513813655676 0.00036031741270562637 0.0095763337707983846 -0.0006695140633527696 -4.8249650030903174e-05 0.0012989690662711603 -0.00033081870079421614 -0.0062690644366375642
leaf_weight=41604 60 73 58 91 8391 95 88 59 64 216 144 168 2562 51
leaf_count=41604 60 73 58 91 8391 95 88 59 64 216 144 168 2562 51
internal_value=-4.06347e-07 0.000179581 0.000214425 -0.00229185 0.000154569 0.00145489 0.00217584 0.00425032 0.00597141 0.000377796 0.00206169 0.00337803 8.51655e-05 -0.000458472
internal_weight=53724 12120 11956 164 11586 582 487 211 152 276 370 226 11004 2613
internal_count=53724 12120 11956 164 11586 582 487 211 152 276 370 226 11004 2613
cat_boundaries=0 1
cat_threshold=38953
is_linear=0
shrinkage=0.035


Tree=290
num_leaves=15
num_cat=2
split_feature=24 32 29 29 22 6 3 8 9 29 7 33 21 29
split_gain=0.409902 1.26092 0.903431 3.03988 1.23736 1.08551 1.08767 1.08321 2.59863 1.19599 1.15228 1.08042 0.892617 0.884274
threshold=4.5000000000000009 0 0.93845596220871974 0.91596454896554913 0.68363360969387765 1505.0000000000002 90.300000000000011 90.687472310472884 822.50000000000011 0.41398981800788198 610.15865384615392 1 1712.6006441223835 0.52033990680116082
decision_type=2 1 2 2 10 8 10 2 10 2 2 1 2 2
left_child=-1 2 3 5 -4 7 13 -2 -9 -10 -11 -6 -5 -7
right_child=1 -3 4 12 11 6 -8 8 9 10 -12 -13 -14 -15
leaf_value=5.2161180936637076e-05 -0.00056219304827020544 0.00014992155864583867 0.004674294332479254 -0.0085699213143718787 0.002613941280667709 0.00077544714175019184 0.0029250042631523685 -0.0087550041063999152 -0.0002007418486345546 -0.0079444679327025369 -0.0014034289682891819 -0.00070897631050171098 -0.0025852945377974881 -0.0029334984830187622
leaf_weight=41487 3672 6604 76 68 142 279 195 61 343 51 87 492 63 104
leaf_count=41487 3672 6604 76 68 142 279 195 61 343 51 87 492 63 104
internal_value=-3.47067e-07 -0.000178314 -0.00056219 -0.000731495 0.000600777 -0.000584407 0.000832721 -0.00077954 -0.00223344 -0.00132482 -0.00401403 7.97149e-05 -0.00589268 -0.000256506
internal_weight=53724 12237 5633 4923 710 4792 578 4214 542 481 138 634 131 383
internal_count=53724 12237 5633 4923 710 4792 578 4214 542 481 138 634 131 383
cat_boundaries=0 1 2
cat_threshold=37934 8
is_linear=0
shrinkage=0.035


Tree=291
num_leaves=15
num_cat=1
split_feature=30 5 22 23 0 23 32 3 0 22 26 26 20 1
split_gain=0.405712 0.510637 0.463907 1.96997 1.27696 1.4388 3.31744 1.96562 2.14419 2.74817 1.80905 1.64348 2.8837 1.41842
threshold=-0.99864786094873803 951.00000000000011 0.79873961729340393 1.0744764980450288 1.2500000000000002 0.51811528013180297 0 270.75000000000006 100.50000000000001 0.50538657577971635 173.50000000000003 318.50000000000006 2527.0833333333335 180.25000000000003
decision_type=2 8 10 10 8 10 1 8 8 10 2 2 8 10
left_child=1 -1 3 4 -2 6 11 13 9 -9 -10 12 -6 -8
right_child=2 -3 -4 -5 5 -7 7 8 10 -11 -12 -13 -14 -15
leaf_value=-0.00097186436355428327 0.0051836255581058088 0.0021674604423722065 -3.0125075872352939e-05 0.0040488408294111272 0.0014178649254346801 0.00054056208685994802 -0.00075347950361268838 -0.0013659871194977315 -0.00023849646250474743 -0.012700449588704497 -0.0052363923545008925 -0.0027306171923051951 0.0088636206403974304 0.0042654983405049692
leaf_weight=832 57 64 45300 160 528 4380 1673 51 281 52 125 86 68 67
leaf_count=832 57 64 45300 160 528 4380 1673 51 281 52 125 86 68 67
internal_value=-3.9473e-07 -0.000736843 1.21645e-05 0.000266495 0.000181669 0.000139155 -0.000460594 -0.00110715 -0.00301432 -0.0074113 -0.00182224 0.00165607 0.00233405 -0.000548552
internal_weight=53724 896 52828 7528 7368 7311 2931 2249 509 103 406 682 596 1740
internal_count=53724 896 52828 7528 7368 7311 2931 2249 509 103 406 682 596 1740
cat_boundaries=0 1
cat_threshold=404
is_linear=0
shrinkage=0.035


Tree=292
num_leaves=15
num_cat=3
split_feature=23 32 22 11 11 22 30 32 16 5 5 21 30 32
split_gain=0.405489 2.22629 1.93484 1.56035 1.57892 1.53036 1.83397 1.55989 1.29575 1.39912 1.63241 1.0435 1.37662 1.00047
threshold=1.2062900538780637 0 1.3486238149086522 58.345833333333339 111.32916666666667 1.3181215910014135 -0.28519997588938989 1 18.819316317725924 44.100000000000009 54.050000000000004 915.40064102564111 0.50370931781787065 2
decision_type=10 1 8 10 10 10 2 1 8 8 10 2 2 1
left_child=-1 2 3 -2 -5 6 7 8 9 -3 -11 12 -7 -13
right_child=1 5 -4 4 -6 11 -8 -9 -10 10 -12 13 -14 -15
leaf_value=-4.5722727296885125e-05 0.0034763300877106804 -0.0013027574066305193 -0.007366508674691432 -0.0042977492159228022 -0.00011866232045021492 -4.5825313186136688e-05 0.0012024993563000232 0.00047451234718233899 0.0014686640005042455 -0.0095717187888092487 -0.0013704529820511547 -0.001029270824883957 -0.0069950519683698083 0.00028922355357391194
leaf_weight=43950 72 379 65 190 257 77 3414 1766 133 58 60 1013 59 2231
leaf_count=43950 72 379 65 190 257 77 3414 1766 133 58 60 1013 59 2231
internal_value=-3.72904e-07 0.000203467 -0.00186499 -0.00114785 -0.0019229 0.000337516 0.000682162 -6.02143e-05 -0.00153439 -0.00237521 -0.00562681 -0.000254043 -0.00320171 -0.000125729
internal_weight=53724 9774 584 519 447 9190 5810 2396 630 497 118 3380 136 3244
internal_count=53724 9774 584 519 447 9190 5810 2396 630 497 118 3380 136 3244
cat_boundaries=0 1 2 3
cat_threshold=256 43 45076
is_linear=0
shrinkage=0.035


Tree=293
num_leaves=15
num_cat=2
split_feature=26 29 5 17 24 8 23 32 26 32 0 22 8 3
split_gain=0.401452 1.23411 1.42476 3.17962 0.954682 0.583491 0.568345 0.523222 0.517619 1.09944 0.553642 0.874373 1.13545 0.519256
threshold=10.500000000000002 0.074116354202380205 125.25000000000001 27.525662346450734 3.5000000000000004 8.1878149616359561 1.1030205278592378 0 21.500000000000004 1 26.650000000000002 0.87226498932425434 4.5493017312672892 30.100000000000005
decision_type=2 2 10 10 2 2 8 1 2 1 10 10 2 8
left_child=1 7 3 4 -3 -6 -4 -1 9 -2 11 -11 -13 -12
right_child=8 2 6 -5 5 -7 -8 -9 -10 10 13 12 -14 -15
leaf_value=0.0026135956618878377 0.0017274696516243586 0.00010704513040412951 -0.0007330435222890775 -0.010289889070588591 -0.001378038348014646 -0.0054905508109636013 0.0027031305838677968 -2.4315839317630266e-05 -5.7799684432664204e-06 0.0011897669763337555 0.0033417992179536008 -0.00053342575076934537 -0.0062922507951559169 6.3690849771324821e-05
leaf_weight=121 644 197 157 55 91 82 88 294 51096 93 61 101 68 576
leaf_count=121 644 197 157 55 91 82 88 294 51096 93 61 101 68 576
internal_value=-4.43766e-07 -0.00066529 -0.00158978 -0.00280405 -0.00156892 -0.0034268 0.000530552 0.000828418 1.3322e-05 0.000643854 -0.000155052 -0.00149543 -0.00296481 0.000401189
internal_weight=53724 1085 670 425 370 173 245 415 52639 1543 899 262 169 637
internal_count=53724 1085 670 425 370 173 245 415 52639 1543 899 262 169 637
cat_boundaries=0 1 2
cat_threshold=12673 33650
is_linear=0
shrinkage=0.035


Tree=294
num_leaves=15
num_cat=1
split_feature=4 3 4 20 23 5 20 32 23 1 21 15 4 16
split_gain=0.398357 1.18391 1.31377 1.07191 1.11563 0.797906 0.752807 0.570172 0.688056 0.567699 0.556453 0.521579 0.850266 0.646472
threshold=601.00000000000011 832.50000000000011 319.80000000000007 605.357142857143 0.31404353297100485 1100.5000000000002 662.32142857142867 0 0.5029595298864088 5.0500000000000007 681.17692307692323 2532.9000000000005 2215.0000000000005 364.94967701820059
decision_type=8 10 10 8 8 8 10 1 10 10 2 2 10 10
left_child=1 -1 -3 -2 5 -5 -6 8 -8 -10 -9 12 13 -12
right_child=3 2 -4 4 6 -7 7 10 9 -11 11 -13 -14 -15
leaf_value=-2.3866371291495919e-05 -0.0035592147412270691 -0.007272847837383121 -0.00044463255461659693 0.0056084891142890265 0.0033134067953611034 0.00010161095763986192 -0.0048315525146430003 -0.0030702434339036702 0.002018047964508721 -0.0018142931986905313 0.00026091527935447138 0.0028506097879809596 -0.002861233314492543 0.0024456693106185414
leaf_weight=47836 83 53 87 78 92 53 52 55 69 127 4780 93 99 167
leaf_count=47836 83 53 87 78 92 53 52 55 69 127 4780 93 99 167
internal_value=-4.42459e-07 -3.34408e-05 -0.00319125 0.00027477 0.000334032 0.00346616 0.000256827 0.000202159 -0.00138992 -0.000448513 0.000281573 0.000320942 0.000271544 0.000337063
internal_weight=53724 47976 140 5748 5665 131 5534 5442 248 196 5194 5139 5046 4947
internal_count=53724 47976 140 5748 5665 131 5534 5442 248 196 5194 5139 5046 4947
cat_boundaries=0 1
cat_threshold=3
is_linear=0
shrinkage=0.035


Tree=295
num_leaves=15
num_cat=2
split_feature=26 23 16 23 32 5 16 4 22 5 23 17 32 29
split_gain=0.398733 2.79662 1.06253 1.02363 0.995351 1.12642 1.22669 2.85398 0.851159 1.19015 1.01926 0.821243 0.820937 1.65488
threshold=210.50000000000003 0.20512848593319441 364.94967701820059 3.2477849613045007 0 901.00000000000011 141.35398063537818 480.50000000000006 1.03699550618226 541.25000000000011 0.83341372435526406 89.734455851183995 1 -0.40614700388750385
decision_type=2 8 10 10 1 10 8 10 8 10 8 10 1 2
left_child=12 -2 3 4 -3 6 8 -8 9 11 -10 -6 13 -1
right_child=1 2 -4 -5 5 -7 7 -9 10 -11 -12 -13 -14 -15
leaf_value=-0.002734455544498339 0.0074846010086023155 0.00037640737978559733 -0.0036336995973984053 0.0047998477350675358 0.00016560756847740503 0.0040460737805174006 -0.0074796798375037533 0.0012537037484247609 -0.0028001967852090718 -0.0032467096584008594 -0.00034686641002670338 0.0027460258287272509 7.741991601692026e-05 -0.00021587168332005082
leaf_weight=322 58 8987 88 52 6043 74 84 92 213 118 4358 150 18878 14207
leaf_count=322 58 8987 88 52 6043 74 84 92 213 118 4358 150 18878 14207
internal_value=-4.50682e-07 0.0001218 9.88796e-05 0.00011606 0.000102765 -0.000118452 -0.000148244 -0.00300598 -0.000100665 0.000162743 -0.000464122 0.000230272 -7.48067e-05 -0.000272424
internal_weight=53724 20317 20259 20171 20119 11132 11058 176 10882 6311 4571 6193 33407 14529
internal_count=53724 20317 20259 20171 20119 11132 11058 176 10882 6311 4571 6193 33407 14529
cat_boundaries=0 1 2
cat_threshold=11436 8367
is_linear=0
shrinkage=0.035


Tree=296
num_leaves=15
num_cat=3
split_feature=24 32 22 14 21 23 5 32 1 22 23 8 20 32
split_gain=0.398122 2.12921 1.36069 1.35136 1.22168 1.04755 1.05935 1.13986 1.96527 0.973468 1.5628 1.30532 2.49791 1.2436
threshold=1.5000000000000002 0 1.5512541582449924 1.3750000000000002 1592.2996794871799 0.46950690079699353 19.550000000000004 1 57.550000000000004 0.66501501823972131 0.85257315870794115 2.7887134618993312 2951.5476190476197 2
decision_type=2 1 10 10 2 8 10 1 8 10 10 2 8 1
left_child=1 2 4 -3 -1 6 -5 8 -8 10 11 -2 -13 -11
right_child=9 3 -4 5 -6 -7 7 -9 -10 13 -12 12 -14 -15
leaf_value=0.0017188632434107214 -0.0034988943379221844 -0.0049766646758036912 0.0045778973702700109 -0.0051907018682169218 0.00027996699340303223 2.2684222224166157e-05 0.00098467658076561624 0.0010979081561788917 -0.0083341837017373611 -0.00034143435752302274 0.0047266590572175903 0.00039428137287365102 0.007264971856024368 7.7524372981239656e-05
leaf_weight=1134 94 63 117 85 1985 12670 54 160 50 15623 104 2026 62 19497
leaf_count=1134 94 63 117 85 1985 12670 54 160 50 15623 104 2026 62 19497
internal_value=-4.30347e-07 0.000143798 0.000945378 -5.54481e-05 0.000805032 -2.97751e-05 -0.00190767 -0.000773793 -0.00336373 -6.33595e-05 0.000635685 0.000430337 0.000615164 -0.000108945
internal_weight=53724 16318 3236 13082 3119 13019 349 264 104 37406 2286 2182 2088 35120
internal_count=53724 16318 3236 13082 3119 13019 349 264 104 37406 2286 2182 2088 35120
cat_boundaries=0 1 2 3
cat_threshold=1058 89 42030
is_linear=0
shrinkage=0.035


Tree=297
num_leaves=15
num_cat=1
split_feature=21 19 16 16 14 23 27 22 4 2 5 33 22 16
split_gain=0.390487 0.877065 1.80144 0.771989 0.861873 0.828192 1.30001 0.731672 0.783118 0.862316 0.686955 0.654446 1.26985 1.25409
threshold=831.83110367892994 46.01250000000001 14.028712053353468 560.35846336601708 1765.0000000000002 0.20512848593319441 1.0000000180025095e-35 0.75528907651656929 24.750000000000004 22.550000000000004 240.25000000000003 0 1.6251824594520763 14.028712053353468
decision_type=2 10 10 10 8 10 2 10 8 10 8 1 8 8
left_child=1 2 7 4 5 6 -3 -1 -9 -10 -8 12 -2 -14
right_child=11 3 -4 -5 -6 -7 10 8 9 -11 -12 -13 13 -15
leaf_value=0.0020078332187044193 0.00032119618070039214 -0.00024975938028224087 -0.006400122203760677 -0.0039979836679995065 0.0034215262367797553 0.00016703416295072983 -0.0075362672935456471 -2.7757121157509263e-05 -0.0058289614019957255 -0.0012916818666508878 -0.0017221756698563696 -4.2099606086329363e-05 0.0020091224433930561 -0.0039210932349030888
leaf_weight=90 10493 243 76 55 83 2013 52 263 73 162 51 39855 56 159
leaf_count=90 10493 243 76 55 83 2013 52 263 73 162 51 39855 56 159
internal_value=-4.13749e-07 -0.00037749 -0.00150295 -7.5803e-05 2.0523e-05 -0.000106123 -0.00167507 -0.000821357 -0.00134753 -0.00279321 -0.00487045 2.31946e-05 0.000265916 -0.00236592
internal_weight=53724 3161 664 2497 2442 2359 346 588 498 235 103 50563 10708 215
internal_count=53724 3161 664 2497 2442 2359 346 588 498 235 103 50563 10708 215
cat_boundaries=0 1
cat_threshold=2
is_linear=0
shrinkage=0.035


Tree=298
num_leaves=15
num_cat=1
split_feature=20 22 2 8 13 9 30 16 22 8 33 23 24 14
split_gain=0.393561 0.777255 1.01075 0.942762 0.811764 1.11542 0.783254 1.40939 1.02184 3.03619 0.740778 0.983968 1.51149 2.79237
threshold=2391.8333333333335 1.8174112776305755 786.25000000000011 69.253394437611476 1367.5000000000002 2352.5000000000005 0.73136292505298039 185.0096518102703 0.50538657577971635 13.27770962215247 0 1.3980608637068686 5.5000000000000009 219.25000000000003
decision_type=8 10 10 2 10 10 2 8 10 2 1 10 2 10
left_child=10 2 6 -3 5 -4 8 -8 9 -2 11 -1 -13 -14
right_child=1 3 4 -5 -6 -7 7 -9 -10 -11 -12 12 13 -15
leaf_value=-5.7641341412330184e-06 -0.0017468048950457051 0.00076705158305673824 0.0066712170029301259 -0.0044649308753772253 -0.00081989638420354742 0.0015873826215663646 -0.00023785590719018002 -0.0055329675296606085 0.00026932553228668765 0.0093698717485459753 -0.00023620454263550283 0.0009526510780723357 0.00089223699193484917 -0.008391175285177006
leaf_weight=22869 61 73 68 91 92 210 2766 58 8649 52 16224 2346 108 57
leaf_count=22869 61 73 68 91 92 210 2766 58 8649 52 16224 2346 108 57
internal_value=-4.74751e-07 0.000174995 0.000208228 -0.00218227 0.00199668 0.00292681 0.000150277 -0.000356195 0.000313623 0.0035491 -5.16071e-05 6.64857e-05 0.000723471 -0.00246724
internal_weight=53724 12120 11956 164 370 278 11586 2824 8762 113 41604 25380 2511 165
internal_count=53724 12120 11956 164 370 278 11586 2824 8762 113 41604 25380 2511 165
cat_boundaries=0 1
cat_threshold=10
is_linear=0
shrinkage=0.035


Tree=299
num_leaves=15
num_cat=3
split_feature=30 33 32 20 26 13 5 22 32 3 16 14 0 3
split_gain=0.384091 0.873484 0.775517 1.1521 1.08136 0.916321 0.823031 0.64466 2.42049 1.35442 1.59702 1.23698 1.60794 1.6866
threshold=-0.97111920233974802 0 1 2014.6428571428573 184.50000000000003 159.75000000000003 190.50000000000003 0.66501501823972131 2 51.850000000000001 5.0990195135927703 2362.5000000000005 771.10000000000014 40.250000000000007
decision_type=2 1 1 10 2 10 8 10 1 10 10 8 8 8
left_child=1 2 5 4 -4 6 -1 8 9 10 -2 12 -10 -14
right_child=7 -3 3 -5 -6 -7 -8 -9 11 -11 -12 -13 13 -15
leaf_value=0.00015223598147005607 0.001256839364604878 -3.1232823927998604e-05 -0.0058487282087444333 -0.00084302624404647972 -0.0010489720293694986 -0.0015132884347409132 0.0048453952317746981 -3.2799144060202755e-06 0.00035917953231424986 0.0012167923705723126 0.0076593422226487445 0.0047635401301641964 0.00051505809179202926 -0.0040828069370395194
leaf_weight=137 84 3465 135 453 102 217 64 46318 1910 273 113 62 171 220
leaf_count=137 84 3465 135 453 102 217 64 46318 1910 273 113 62 171 220
internal_value=-4.62691e-07 -0.00030709 -0.00115509 -0.00186832 -0.00384736 4.61888e-05 0.00172791 2.80942e-05 0.000540146 0.00279161 0.00502803 7.52753e-05 -6.07773e-05 -0.00209086
internal_weight=53724 4573 1108 690 237 418 201 49151 2833 470 197 2363 2301 391
internal_count=53724 4573 1108 690 237 418 201 49151 2833 470 197 2363 2301 391
cat_boundaries=0 1 2 3
cat_threshold=8 21523 8454
is_linear=0
shrinkage=0.035


Tree=300
num_leaves=15
num_cat=1
split_feature=1 13 11 4 14 16 3 16 32 16 5 1 11 23
split_gain=0.378685 3.60797 1.58875 1.87055 3.43811 2.16328 1.90143 1.50018 1.29264 1.17505 0.873942 1.38163 0.835832 0.878742
threshold=51.850000000000001 39.95000000000001 56.408333333333339 50.050000000000004 170.12500000000003 55.946402922801475 140.50000000000003 19.126007573605225 0 30.740437439095121 80.15000000000002 69.90000000000002 1490.3030303030305 0.77943662884124276
decision_type=10 10 8 8 10 10 8 10 1 10 8 10 10 10
left_child=12 -2 7 4 5 6 8 -3 -4 10 11 -10 13 -1
right_child=1 2 3 -5 -6 -7 -8 -9 9 -11 -12 -13 -14 -15
leaf_value=-0.00035482706181019991 0.0066736944432954724 0.00082527795581866892 0.0012449780067271855 7.0755676454356515e-05 -0.0095985815219188 0.0057446241606958215 -0.0064208643725335917 0.0045441832705866549 -0.0054368404812878005 -0.00660238524826629 0.0022289264052980456 -0.00051514544376318012 0.0032133387731873692 4.3248951149320096e-05
leaf_weight=10292 97 1203 234 21066 56 50 79 145 95 53 69 236 89 19960
leaf_count=10292 97 1203 234 21066 56 50 79 145 95 53 69 236 89 19960
internal_value=-4.22607e-07 0.000105414 7.66267e-05 4.83748e-06 -0.00157896 -0.000973484 -0.00144641 0.00124062 -0.000832128 -0.0018928 -0.00124171 -0.0019876 -8.19922e-05 -9.22163e-05
internal_weight=53724 23383 23286 21938 872 816 766 1348 687 453 400 331 30341 30252
internal_count=53724 23383 23286 21938 872 816 766 1348 687 453 400 331 30341 30252
cat_boundaries=0 1
cat_threshold=34380
is_linear=0
shrinkage=0.035


Tree=301
num_leaves=15
num_cat=1
split_feature=22 23 22 32 23 1 13 29 1 22 16 13 7 2
split_gain=0.385257 1.48655 1.53025 1.4895 1.63604 1.1631 1.99206 1.0692 1.15158 1.04752 1.02003 1.01995 2.20948 1.75043
threshold=0.92968248919523044 0.80629755365623723 0.71617794301896354 0 0.20512848593319441 9.0500000000000025 10.525000000000002 -0.73866753694953124 180.25000000000003 0.60587144423659944 2.1369760566432903 226.25000000000003 355.15865384615387 177.75000000000003
decision_type=10 10 10 1 8 10 10 2 8 10 8 8 2 10
left_child=1 3 -3 4 -1 -5 10 8 9 -8 -7 13 -13 -6
right_child=-2 2 -4 5 11 6 7 -9 -10 -11 -12 12 -14 -15
leaf_value=0.0056808972886878348 -6.6691924432983737e-05 0.0027458054633145179 0.00041063455300627158 -0.0011102429158032488 0.00048020613390320298 0.0010480769642735603 0.0034762371418235656 -0.00043617133352037241 0.0037216081565600778 -0.00022445425533411192 0.0078379277398926209 -0.0074827555705948429 -0.00016980252658179256 0.0065241552661173055
leaf_weight=68 35814 358 6576 2017 2816 56 105 4657 142 629 51 55 325 55
leaf_count=68 35814 358 6576 2017 2816 56 105 4657 142 629 51 55 325 55
internal_value=-4.13842e-07 0.000132102 0.00053309 -0.000121347 0.000496646 -0.000389511 -0.000131695 -0.00022504 0.000893483 0.000324874 0.00448979 0.000381176 -0.00131169 0.000607132
internal_weight=53724 17910 6934 10976 3319 7657 5640 5533 876 734 107 3251 380 2871
internal_count=53724 17910 6934 10976 3319 7657 5640 5533 876 734 107 3251 380 2871
cat_boundaries=0 1
cat_threshold=391
is_linear=0
shrinkage=0.035


Tree=302
num_leaves=15
num_cat=3
split_feature=24 32 14 22 33 32 24 23 16 10 11 1 30 2
split_gain=0.384903 1.97381 1.25321 1.23142 1.06093 0.95033 1.4065 1.19768 2.81375 1.7737 1.11241 1.06318 0.988266 0.888135
threshold=1.5000000000000002 0 1.3750000000000002 1.6251824594520763 1 2 5.5000000000000009 2.6436217829168225 17.224014243686479 336.75000000000006 1.0000000180025095e-35 149.75000000000003 -0.25206183926700709 135.50000000000003
decision_type=2 1 10 10 1 1 2 8 8 8 10 10 2 10
left_child=1 3 -3 4 -1 6 7 12 -9 -10 -7 -8 -2 -4
right_child=5 2 13 -5 -6 10 11 8 9 -11 -12 -13 -14 -15
leaf_value=-0.00031868154941393668 -0.00065289352171882665 -0.0048193620540790587 -0.00022373570244610958 0.0043504532970251204 0.0010214748545528775 0.0047061612998931515 -0.0011512155848680654 0.00011681698754222858 -0.011421085595068608 -0.0020582643711346796 1.3175449472968629e-05 -0.004622672681515623 0.00023107649581902482 0.00047327271612065584
leaf_weight=947 2913 63 9224 112 3020 57 386 184 50 50 30319 148 3299 2952
leaf_count=947 2913 63 9224 112 3020 57 386 184 50 50 30319 148 3299 2952
internal_value=-3.2628e-07 0.000141488 -8.10434e-05 0.000806695 0.000703324 -6.22018e-05 -0.000428438 -0.000286256 -0.00248888 -0.00706061 2.27473e-05 -0.0021473 -0.000183636 -5.46252e-05
internal_weight=53724 16318 12239 4079 3967 37406 7030 6496 284 100 30376 534 6212 12176
internal_count=53724 16318 12239 4079 3967 37406 7030 6496 284 100 30376 534 6212 12176
cat_boundaries=0 1 2 3
cat_threshold=5154 4 1058
is_linear=0
shrinkage=0.035


Tree=303
num_leaves=15
num_cat=1
split_feature=20 19 16 6 9 32 15 15 30 23 2 17 29 26
split_gain=0.379486 0.996389 1.48923 1.34836 1.11193 0.902632 0.656471 0.788957 0.821801 0.612365 3.16568 3.75376 0.644202 1.31618
threshold=774.64285714285722 87.120833333333351 13.801311186842909 52.550000000000004 782.50000000000011 0 2532.9000000000005 2011.4500000000003 -0.35042475891464198 0.13344941042644634 300.80000000000007 20.597146021788301 0.97875492728876534 91.500000000000014
decision_type=8 10 10 10 8 1 2 2 2 8 8 10 2 2
left_child=1 2 -1 -4 -3 -6 7 9 -9 10 11 -2 -11 -14
right_child=6 4 3 -5 5 -7 -8 8 -10 12 -12 -13 13 -15
leaf_value=-0.00061628630251914414 0.0050189109076745819 0.00046744613322674728 -0.0068342515665930342 -0.0006757734110578895 -0.0042129623275855939 0.00015819300005198207 0.0032488238462246959 -0.005363526701078038 0.00026053971176907001 -1.8443957168787707e-05 0.00888777798973024 -0.0078679893440143627 -0.00022427802438985148 0.0011511965379132304
leaf_weight=618 51 1330 99 77 108 116 72 63 59 47627 51 50 1663 1740
leaf_count=618 51 1330 99 77 108 116 72 63 59 47627 51 50 1663 1740
internal_value=-3.57041e-07 -0.000434999 -0.00143945 -0.00423301 8.11863e-05 -0.00217236 1.95475e-05 1.46994e-05 -0.00274051 2.15339e-05 0.00220405 -0.00143095 1.48177e-05 0.000479678
internal_weight=53724 2348 794 176 1554 224 51376 51304 122 51182 152 101 51030 3403
internal_count=53724 2348 794 176 1554 224 51376 51304 122 51182 152 101 51030 3403
cat_boundaries=0 1
cat_threshold=34328
is_linear=0
shrinkage=0.035


Tree=304
num_leaves=15
num_cat=3
split_feature=22 32 23 29 23 32 23 23 32 23 23 16 16 3
split_gain=0.370255 2.11147 2.39082 2.11658 1.51953 1.69191 1.488 1.45225 1.63409 3.04957 1.72121 1.36439 1.2969 1.79204
threshold=1.0904875077991412 0 0.6500672140013809 0.92922379131507438 1.1846489429136062 1 1.3693108396807774 0.89932235726655574 2 0.54484478475140519 0.65676634018723934 167.67230842796855 23.751392928128094 186.50000000000003
decision_type=10 1 10 2 10 1 10 8 1 10 10 10 10 8
left_child=4 2 3 12 -1 -6 11 8 10 -10 -3 -4 -2 -14
right_child=1 7 6 -5 5 -7 -8 -9 9 -11 -12 -13 13 -15
leaf_value=-1.7224409242052281e-06 0.0003890422281914547 0.0057488247768246927 -0.0002804232710712925 0.0065362327491860486 -0.00057022380846658601 0.0014230100462320049 0.00082516706175759927 -0.00033614286741113808 -0.010376707005554871 -0.0020572864775246147 -0.0010856152886745073 -0.0044237644589128029 0.0088864377430029982 0.0017713881852250782
leaf_weight=35939 510 53 2737 109 715 1873 1957 8783 57 456 199 96 53 187
leaf_count=35939 510 53 2737 109 715 1873 1957 8783 57 456 199 96 53 187
internal_value=-3.92521e-07 -0.000146662 0.000389171 0.0020845 5.73152e-05 0.00087558 8.40995e-05 -0.000463643 -0.00192182 -0.00301471 0.00041935 -0.000428372 0.00139851 0.00349192
internal_weight=53724 15197 5649 859 38527 2588 4790 9548 765 513 252 2833 750 240
internal_count=53724 15197 5649 859 38527 2588 4790 9548 765 513 252 2833 750 240
cat_boundaries=0 1 2 3
cat_threshold=19560 259 33536
is_linear=0
shrinkage=0.035


Tree=305
num_leaves=15
num_cat=3
split_feature=26 33 23 22 26 9 29 32 21 26 4 32 22 23
split_gain=0.368365 1.043 1.16127 1.14123 0.696783 0.970544 1.20342 0.660519 0.653596 1.3232 0.731232 0.726826 0.604739 2.64401
threshold=312.50000000000006 0 0.71938338578024796 0.81448222247722313 307.50000000000006 1497.5000000000002 -0.8041866928211282 1 1347.7525252525254 322.50000000000006 601.00000000000011 2 1.1311694866899293 2.6436217829168225
decision_type=2 1 8 8 2 10 2 1 2 2 8 1 10 8
left_child=4 8 3 -3 12 6 -6 -4 -2 10 -10 -11 -1 -14
right_child=1 2 7 -5 5 -7 -8 -9 9 11 -12 -13 13 -15
leaf_value=4.4374597537761857e-05 0.0016278152596057402 -0.00073303626275446733 0.00068083871478629603 -0.0050005575883915309 -0.006995645523732069 -0.00017903155953061088 -0.00083176048995154187 -0.00044226085774538713 0.0014254319896678104 -0.0015840154852133333 0.0051279597950202446 0.00030376890367404575 -0.00054413849376438561 0.00091095273278287803
leaf_weight=37598 736 251 1135 107 66 283 89 1436 380 286 76 1455 7936 1890
leaf_count=37598 736 251 1135 107 66 283 89 1436 380 286 76 1455 7936 1890
internal_value=-3.52225e-07 0.000261402 -0.000206004 -0.00205983 -3.2435e-05 -0.00141408 -0.00359298 5.48308e-05 0.000725956 0.000424118 0.00209144 -1.73244e-05 -1.95267e-05 -0.000263935
internal_weight=53724 5862 2929 358 47862 438 155 2571 2933 2197 456 1741 47424 9826
internal_count=53724 5862 2929 358 47862 438 155 2571 2933 2197 456 1741 47424 9826
cat_boundaries=0 1 2 3
cat_threshold=6 7321 33536
is_linear=0
shrinkage=0.035


Tree=306
num_leaves=15
num_cat=1
split_feature=20 22 2 17 13 16 17 22 26 32 6 1 1 6
split_gain=0.366658 0.725223 0.924778 0.880625 0.759017 1.07345 0.928617 0.735255 1.12222 1.13698 0.929829 0.927634 0.760999 0.758976
threshold=2391.8333333333335 1.8174112776305755 786.25000000000011 77.53865421287837 1367.5000000000002 96.072888995803538 242.07445245238239 0.68363360969387765 326.50000000000006 0 15.050000000000002 29.100000000000005 471.00000000000006 138.90000000000003
decision_type=8 10 10 8 10 8 10 8 2 1 10 8 8 10
left_child=-1 2 7 -3 5 -4 -7 8 9 10 -2 -12 13 -11
right_child=1 3 4 -5 -6 6 -8 -9 -10 12 11 -13 -14 -15
leaf_value=-4.9720704989043338e-05 0.0039600452364632679 0.00061622834192282276 -0.0001214000215203179 -0.0044215420327015208 -0.00081097223809752236 0.0065350239648909823 0.0013916102781469644 8.1247508167680803e-05 -0.0020500346130691472 0.0029746966191607233 -0.0046704421780907135 0.00061536988377169563 0.0003117603962488759 0.0077927166065627478
leaf_weight=41604 57 77 99 87 92 101 78 11004 95 118 53 133 60 66
leaf_count=41604 57 77 99 87 92 101 78 11004 95 118 53 133 60 66
internal_value=-3.66843e-07 0.000168999 0.000201101 -0.00210799 0.0019118 0.00281127 0.00439248 0.000145668 0.00135262 0.00203047 0.000230846 -0.000973637 0.00362716 0.00486334
internal_weight=53724 12120 11956 164 370 278 179 11586 582 487 243 186 244 184
internal_count=53724 12120 11956 164 370 278 179 11586 582 487 243 186 244 184
cat_boundaries=0 1
cat_threshold=34985
is_linear=0
shrinkage=0.035


Tree=307
num_leaves=15
num_cat=3
split_feature=26 29 15 16 24 23 32 16 26 32 23 22 32 24
split_gain=0.363313 1.14816 2.18158 2.07425 0.789226 0.727715 0.851567 0.666116 0.483861 1.03199 0.72437 0.57405 1.25061 0.891633
threshold=10.500000000000002 0.10837544681456425 95.175000000000011 7.0710678118653858 3.5000000000000004 1.2376273802286397 0 15.351341598957672 21.500000000000004 1 0.89083339919777127 0.88696215972411474 2 2.5000000000000004
decision_type=2 2 2 10 2 10 1 10 2 1 10 10 1 2
left_child=1 5 3 -3 -4 6 7 -1 9 10 -2 -11 13 -13
right_child=8 2 4 -5 -6 -7 -8 -9 -10 11 -12 12 -14 -15
leaf_value=0.0010466125276191937 0.0038616489735431971 -0.001606898260408271 0.0030745357843503978 -0.008367222799539005 -0.0013111666617405717 -0.0024227772177947524 2.1606354156946682e-05 0.0063154059858061386 -5.6874267497652099e-06 0.0010729906061547809 0.00096735365299358174 -0.0071897411605760719 7.9830231953447795e-05 -0.00073030584169001401
leaf_weight=67 163 146 88 88 105 98 442 51 51096 395 300 53 582 50
leaf_count=67 163 146 88 88 105 98 442 51 51096 395 300 53 582 50
internal_value=-3.14415e-07 -0.000632792 -0.00203493 -0.0042711 0.000715674 0.000285591 0.000776802 0.00322571 1.27811e-05 0.000622405 0.00197448 1.79754e-05 -0.000593497 -0.00387434
internal_weight=53724 1085 427 234 193 658 560 118 52639 1543 463 1080 685 103
internal_count=53724 1085 427 234 193 658 560 118 52639 1543 463 1080 685 103
cat_boundaries=0 1 2 3
cat_threshold=1345 33122 129
is_linear=0
shrinkage=0.035


Tree=308
num_leaves=15
num_cat=3
split_feature=23 32 22 22 16 33 14 1 29 32 22 16 4 23
split_gain=0.357642 2.10634 1.68694 1.53098 1.67943 1.23849 1.3327 1.22127 0.980997 1.29282 1.29864 1.46269 2.51173 1.40601
threshold=1.2548181698727643 0 1.3486238149086522 1.1311694866899293 7.6615925237518354 1 26.050000000000004 390.50000000000006 0.94425825643485939 2 1.6251824594520763 96.072888995803538 240.25000000000003 1.8459722810627612
decision_type=10 1 10 10 8 1 10 8 2 1 10 10 8 10
left_child=-1 2 7 4 -3 -6 -7 -2 9 -5 13 -12 -13 -11
right_child=1 3 -4 8 5 6 -8 -9 -10 10 11 12 -14 -15
leaf_value=-3.8557962149073389e-05 -0.0023324134921276106 7.6444774233497194e-05 -0.0072505761923463054 -0.0014093849107186913 0.00044117591607340613 0.0083841683204201149 0.0026120517275014482 0.0020955461536610988 0.0011977729294128877 0.00016192779162790439 -0.00054219183292588205 -0.010237690406428144 0.00022727468967317577 0.0023917630952126037
leaf_weight=45558 295 847 62 775 352 50 604 98 813 3172 607 50 57 384
leaf_count=45558 295 847 62 775 352 50 604 98 813 3172 607 50 57 384
internal_value=-3.19665e-07 0.000212904 -0.00206313 0.000350675 0.00122654 0.00218969 0.00306707 -0.00121579 7.34097e-05 -0.000108788 0.000131631 -0.00122504 -0.00490162 0.00040574
internal_weight=53724 8166 455 7711 1853 1006 654 393 5858 5045 4270 714 107 3556
internal_count=53724 8166 455 7711 1853 1006 654 393 5858 5045 4270 714 107 3556
cat_boundaries=0 1 2 3
cat_threshold=256 2 8198
is_linear=0
shrinkage=0.035


Tree=309
num_leaves=15
num_cat=0
split_feature=20 8 26 23 6 28 16 2 9 9 2 30 23 9
split_gain=0.357954 0.723107 0.731301 0.523301 3.22545 2.61254 0.405892 0.552041 0.937664 0.461006 0.438225 0.427615 0.725586 0.73582
threshold=632.32142857142867 13.546151867007831 77.500000000000014 0.13344941042644634 21.550000000000004 -0.22252093395631442 0.4667253328670487 1.6500000000000001 2367.5000000000005 2802.5000000000005 3.9500000000000006 -0.99052477729077237 0.54484478475140519 2042.5000000000002
decision_type=8 2 2 8 10 2 8 8 8 8 10 2 8 10
left_child=1 -1 -3 4 -2 -6 9 8 -8 -5 -11 12 13 -9
right_child=3 2 -4 6 5 -7 7 11 -10 10 -12 -13 -14 -15
leaf_value=-0.0043222241303095977 -0.0050188945775867947 0.00056583447686416456 -0.0029939151515463894 -0.00025295624030855163 4.6700210546824479e-05 0.010295398306722443 0.0052232736008742137 -0.0038875208847029548 -0.0010315463863662445 -0.0025911528637946996 0.00048788464564334202 3.430011439472341e-05 -0.00026397020351535369 0.0009010215610434334
leaf_weight=63 52 264 91 1054 62 55 60 131 51 218 74 49194 2302 53
leaf_count=63 52 264 91 1054 62 55 60 131 51 218 74 49194 2302 53
internal_value=-3.28538e-07 -0.00101446 -0.000375573 7.71821e-06 0.001924 0.00508896 1.44311e-06 1.70641e-05 0.00242885 -0.000597457 -0.00181577 1.16496e-05 -0.000435738 -0.00252087
internal_weight=53724 418 355 53306 169 117 53137 51791 111 1346 292 51680 2486 184
internal_count=53724 418 355 53306 169 117 53137 51791 111 1346 292 51680 2486 184
is_linear=0
shrinkage=0.035


Tree=310
num_leaves=15
num_cat=1
split_feature=5 15 1 1 10 30 0 32 14 13 20 2 3 16
split_gain=0.354721 0.97221 1.61639 0.602319 1.20534 1.07288 1.00775 0.71077 0.635501 1.19985 2.00934 0.780343 0.568911 2.86743
threshold=2775.0000000000005 2212.5000000000005 2505.0000000000005 1204.0000000000002 1358.6666666666667 -0.42958798411962301 1305.0000000000002 0 1620.0000000000002 1100.5000000000002 2093.4523809523812 1103.5000000000002 230.50000000000003 55.946402922801475
decision_type=10 2 8 10 10 2 8 1 10 10 10 10 8 10
left_child=1 3 -3 8 6 -6 -5 -7 9 11 -11 12 13 -1
right_child=-2 2 -4 4 5 7 -8 -9 -10 10 -12 -13 -14 -15
leaf_value=6.5109501312435496e-06 0.0018328089253659282 -0.0070679797401516547 0.0011250985579928227 0.00063433476790669371 -0.0030927280742357008 0.0027825315213966893 0.0061887203925223818 -0.00054427051679462697 0.0035033583241359644 -0.008451514318246733 -0.00031473288540093396 0.0034496214608370798 -0.00023409940437151428 0.0020202471899601372
leaf_weight=40805 124 57 54 75 93 140 84 156 58 50 116 75 10957 880
leaf_count=40805 124 57 54 75 93 140 84 156 58 50 116 75 10957 880
internal_value=-3.26185e-07 -4.73758e-06 -0.00320546 2.20354e-06 0.00115132 8.91746e-05 0.00366794 0.00112366 -9.7987e-06 -1.39826e-05 -0.00294103 -4.48764e-06 -9.73592e-06 4.92595e-05
internal_weight=53724 53600 111 53489 548 389 159 296 52941 52883 166 52717 52642 41685
internal_count=53724 53600 111 53489 548 389 159 296 52941 52883 166 52717 52642 41685
cat_boundaries=0 1
cat_threshold=1024
is_linear=0
shrinkage=0.035


Tree=311
num_leaves=15
num_cat=2
split_feature=22 23 9 23 15 32 0 32 2 29 11 23 23 14
split_gain=0.351177 1.36694 0.96463 1.3677 1.49804 1.06883 1.0978 0.953419 2.04697 1.2629 2.71928 1.17096 1.13219 1.64827
threshold=0.92968248919523044 0.95657232181207841 952.50000000000011 1.3432425005682946 59.95000000000001 0 76.90000000000002 1 10.100000000000001 0.97508442350096236 73.838095238095249 0.41301601441261887 0.41301601441261887 2102.5000000000005
decision_type=10 10 10 10 2 1 10 1 8 2 10 8 10 8
left_child=1 7 5 -4 -5 6 -3 8 -1 11 -11 -10 13 -9
right_child=-2 2 3 4 -6 -7 -8 12 9 10 -12 -13 -14 -15
leaf_value=0.0069414311155105686 -6.3572990715917081e-05 -0.0068703433002610843 0.00088501407285439932 0.00098667198430442069 0.0089816016314381904 0.00078692282066206761 -5.4435635041766646e-05 -0.00073957656898364604 0.0055109527086695809 -0.0086032329464796938 0.00054285199127526598 0.00069033439135647091 8.9165354826263766e-05 0.0052645018965484817
leaf_weight=59 35814 59 2302 63 50 158 53 3424 60 51 136 1297 10146 52
leaf_count=59 35814 59 2302 63 50 158 53 3424 60 51 136 1297 10146 52
internal_value=-2.94203e-07 0.000126225 0.000853564 0.00107554 0.00475493 -0.00111535 -0.00348708 -2.28325e-06 0.000801014 0.000549896 -0.00211062 0.000922928 -9.75885e-05 -0.000642324
internal_weight=53724 17910 2685 2415 113 270 112 15225 1603 1544 187 1357 13622 3476
internal_count=53724 17910 2685 2415 113 270 112 15225 1603 1544 187 1357 13622 3476
cat_boundaries=0 1 2
cat_threshold=33799 260
is_linear=0
shrinkage=0.035


Tree=312
num_leaves=15
num_cat=5
split_feature=24 32 29 5 22 29 3 33 32 22 23 32 32 23
split_gain=0.360088 2.00874 1.29016 4.1942 1.23364 1.21109 1.58835 1.08167 0.854337 0.853918 2.37006 1.84457 1.48339 2.85223
threshold=1.0000000180025095e-35 0 0.79383249484937135 667.50000000000011 1.3274525631923442 0.91248814248966237 20.100000000000005 1 2 1.1311694866899293 1.1930930194640521 3 4 0.54484478475140519
decision_type=2 1 2 8 10 2 10 1 1 10 8 1 1 10
left_child=1 2 -1 5 7 6 -4 8 -3 -2 12 -12 -11 -14
right_child=9 4 3 -5 -6 -7 -8 -9 -10 10 11 -13 13 -15
leaf_value=-0.00010400344578624372 4.271234613135024e-05 0.0022457569131046832 -0.006566287001030735 -0.010277493363317961 0.0024135531130646112 0.00019219130389662526 -0.00054259656192448026 -9.1734156820783233e-05 0.00063328479199315055 3.1569865796438485e-05 -0.00079587286667918413 0.00038740481702279799 -0.00883130648423598 -0.0014673596992311056
leaf_weight=2489 35292 507 86 60 437 413 133 2179 1934 864 2359 5025 62 1884
leaf_count=2489 35292 507 86 60 437 413 133 2179 1934 864 2359 5025 62 1884
internal_value=-2.32045e-07 0.000212615 -0.000475437 -0.00180791 0.000645127 -0.000929473 -0.00300183 0.00047682 0.000979869 -3.88001e-05 -0.000320882 8.54217e-06 -0.00118501 -0.00171522
internal_weight=53724 8238 3181 692 5057 632 219 4620 2441 45486 10194 7384 2810 1946
internal_count=53724 8238 3181 692 5057 632 219 4620 2441 45486 10194 7384 2810 1946
cat_boundaries=0 1 2 3 4 5
cat_threshold=9041 3 1028 41223 872
is_linear=0
shrinkage=0.035


Tree=313
num_leaves=15
num_cat=2
split_feature=24 32 29 29 22 6 3 8 9 29 7 33 29 21
split_gain=0.34496 1.1291 0.819347 2.81162 1.1415 1.01659 1.00902 1.00644 2.39332 1.09104 1.08462 0.995098 0.81649 0.810806
threshold=4.5000000000000009 0 0.93845596220871974 0.91596454896554913 0.68363360969387765 1505.0000000000002 90.300000000000011 90.687472310472884 822.50000000000011 0.41398981800788198 610.15865384615392 1 0.52033990680116082 1712.6006441223835
decision_type=2 1 2 2 10 8 10 2 10 2 2 1 2 2
left_child=-1 2 3 5 -4 7 12 -2 -9 -10 -11 -6 -7 -5
right_child=1 -3 4 13 11 6 -8 8 9 10 -12 -13 -14 -15
leaf_value=4.7887269624043101e-05 -0.00052596301734387607 0.00014704610340970575 0.0044932619846471946 -0.0082042637413482465 0.0025121781001220442 0.0007666698074981598 0.0028399180862354115 -0.0083953636152331139 -0.00019129557147001231 -0.0076455703015017211 -0.0013046370246498238 -0.00067685252266600317 -0.0027971962192565752 -0.0024956870849778441
leaf_weight=41487 3672 6604 76 68 142 279 195 61 343 51 87 492 104 63
leaf_count=41487 3672 6604 76 68 142 279 195 61 343 51 87 492 104 63
internal_value=-2.82254e-07 -0.000163544 -0.000526806 -0.000688028 0.000580702 -0.000546589 0.00082474 -0.000735437 -0.00213683 -0.00126492 -0.00383342 8.01999e-05 -0.00022464 -0.0056516
internal_weight=53724 12237 5633 4923 710 4792 578 4214 542 481 138 634 383 131
internal_count=53724 12237 5633 4923 710 4792 578 4214 542 481 138 634 383 131
cat_boundaries=0 1 2
cat_threshold=37934 8
is_linear=0
shrinkage=0.035


Tree=314
num_leaves=15
num_cat=1
split_feature=20 5 13 6 22 15 10 22 26 32 6 3 23 26
split_gain=0.343963 0.683175 1.05578 1.05571 0.954168 2.12858 1.79834 0.690563 1.18722 1.5898 0.836801 0.773588 0.927075 0.910629
threshold=2391.8333333333335 741.00000000000011 585.12500000000011 851.00000000000011 1.8174112776305755 99.125000000000014 181.11309523809527 0.68363360969387765 326.50000000000006 0 15.050000000000002 2.9500000000000006 0.3856267347173799 55.500000000000007
decision_type=8 10 10 10 8 2 8 8 2 1 10 10 8 2
left_child=-1 3 -3 4 7 6 -6 8 9 10 -2 13 -13 -9
right_child=1 2 -4 -5 5 -7 -8 11 -10 -11 -12 12 -14 -15
leaf_value=-4.8131287273040409e-05 0.0036696730337571356 0.0052443951069826179 0.00073667563908935186 -0.0046002419489628542 -0.00038890982490478548 0.003684435956568147 -0.0074487045245348587 -0.0030731259570936404 -0.0023253681083389732 0.0044446119154422353 -0.00090490371319225491 0.004575748074152587 0.00017512890064287691 -0.0002692369131353609
leaf_weight=41604 60 71 407 53 88 55 85 182 83 186 194 54 10009 593
leaf_count=41604 60 71 407 53 88 55 85 182 83 186 194 54 10009 593
internal_value=-3.29264e-07 0.000163712 0.00145359 0.00011015 0.000133667 -0.00208363 -0.00396939 0.000179062 0.00141513 0.00213892 0.000217297 0.000118789 0.000201004 -0.000943177
internal_weight=53724 12120 478 11642 11589 228 173 11361 523 440 254 10838 10063 775
internal_count=53724 12120 478 11642 11589 228 173 11361 523 440 254 10838 10063 775
cat_boundaries=0 1
cat_threshold=38953
is_linear=0
shrinkage=0.035


Tree=315
num_leaves=15
num_cat=2
split_feature=30 5 24 32 23 20 29 32 23 1 3 16 8 23
split_gain=0.338812 0.466015 0.387251 2.02756 4.31037 1.00446 0.914171 0.898294 0.741373 0.926475 0.74852 0.708423 1.08587 0.681322
threshold=-0.99864786094873803 951.00000000000011 5.5000000000000009 0 1.5204589447365311 1409.2261904761906 -0.96689237009891416 1 1.1846489429136062 601.00000000000011 642.50000000000011 23.751392928128094 130.67080449547399 2.0739180411378979
decision_type=2 8 2 1 10 10 2 1 8 10 8 8 2 10
left_child=1 -1 13 4 5 11 7 -5 -8 10 -10 -4 -13 -2
right_child=2 -3 3 6 -6 -7 8 -9 9 -11 -12 12 -14 -15
leaf_value=-0.00089791981072473393 2.2299697636022747e-05 0.0021005544604807825 -0.0015155429744644849 -0.0039947205322701978 -0.010902240316746598 -8.959343053106751e-05 -0.00014729136853863987 0.00010860520642277471 0.00096520353425308544 0.0042896152443595631 -0.0022638564441513154 -0.0083271994392641567 -0.0011437331306699077 0.0010478302276138761
leaf_weight=832 47746 64 294 112 54 507 1925 142 962 90 92 50 52 802
leaf_count=832 47746 64 294 112 54 507 1925 142 962 90 92 50 52 802
internal_value=-2.77476e-07 -0.000673275 1.11997e-05 -0.000307753 -0.00171342 -0.00112578 0.000103871 -0.00189297 0.000272283 0.000975867 0.000673992 -0.00243475 -0.00488961 3.93473e-05
internal_weight=53724 896 52828 4280 957 903 3323 254 3069 1144 1054 396 102 48548
internal_count=53724 896 52828 4280 957 903 3323 254 3069 1144 1054 396 102 48548
cat_boundaries=0 1 2
cat_threshold=41984 4120
is_linear=0
shrinkage=0.035


Tree=316
num_leaves=15
num_cat=3
split_feature=26 21 2 14 29 28 32 28 26 32 23 22 32 24
split_gain=0.338964 1.09034 1.09961 1.5169 0.738214 0.711621 0.554523 0.575712 0.444151 0.979103 0.670134 0.529333 1.16027 0.828259
threshold=10.500000000000002 926.59420289855086 95.300000000000011 72.050000000000011 0.10837544681456425 1.0000000180025095e-35 0 -0.56174490092936669 21.500000000000004 1 0.89083339919777127 0.88696215972411474 2 2.5000000000000004
decision_type=2 2 8 10 2 2 1 2 2 1 10 10 1 2
left_child=1 -1 3 4 -3 -6 -4 -8 9 10 -2 -11 13 -13
right_child=8 2 6 -5 5 -7 7 -9 -10 11 -12 12 -14 -15
leaf_value=-0.0043941276150161329 0.0037289264545324846 0.00056549165027778756 0.0029431200755663735 -0.0064833059839975952 -0.0047050861163852676 -0.00028324497949491924 -0.0023167884312944522 0.0008326873250261176 -5.4060317169202478e-06 0.001020896658091806 0.00094462799513473988 -0.0069354142902563493 6.9502537498584852e-05 -0.00070911777402612986
leaf_weight=81 163 235 101 60 81 94 84 349 51096 395 300 53 582 50
leaf_count=81 163 235 101 60 81 94 84 349 51096 395 300 53 582 50
internal_value=-3.60657e-07 -0.000611277 -0.000285824 -0.00151237 -0.000715568 -0.00240377 0.000797735 0.000197717 1.22885e-05 0.000596361 0.00191333 7.85039e-06 -0.000579366 -0.00373945
internal_weight=53724 1085 1004 470 410 175 534 433 52639 1543 463 1080 685 103
internal_count=53724 1085 1004 470 410 175 534 433 52639 1543 463 1080 685 103
cat_boundaries=0 1 2 3
cat_threshold=264 33122 129
is_linear=0
shrinkage=0.035


Tree=317
num_leaves=15
num_cat=0
split_feature=16 4 1 1 10 21 0 0 13 2 20 9 3 16
split_gain=0.333903 1.2747 1.17273 0.491297 1.06447 0.904859 0.841359 0.733221 0.716983 1.4199 1.20675 0.587178 0.549865 2.59266
threshold=560.35846336601708 441.50000000000006 2505.0000000000005 1204.0000000000002 1358.6666666666667 2084.6064814814822 1305.0000000000002 1410.0000000000002 1100.5000000000002 1103.5000000000002 2044.2261904761906 2027.5000000000005 230.50000000000003 55.946402922801475
decision_type=10 10 8 10 10 2 8 10 10 10 8 8 8 10
left_child=3 -2 -3 7 6 11 -5 8 9 12 -10 -6 13 -1
right_child=1 2 -4 4 5 -7 -8 -9 10 -11 -12 -13 -14 -15
leaf_value=6.3338878541906847e-06 -0.0059178335158503624 -0.0024755596853076266 0.0033938173686196525 0.00081892725817548739 0.00042416871782395668 -0.002145574013782858 0.0061453404799593908 0.0030338524743919407 -0.0065517050143733459 0.0052052223665668869 -0.00013475004068806495 0.004096305687901384 -0.00023219828531176499 0.0019318383502215149
leaf_weight=40805 51 86 72 73 269 140 71 92 50 59 104 62 10920 870
leaf_count=40805 51 86 72 73 269 140 71 92 50 59 104 62 10920 870
internal_value=-3.79634e-07 -0.00138014 0.000221153 5.13739e-06 0.000984659 0.000167156 0.00356324 -6.34222e-06 -1.19255e-05 -4.83844e-06 -0.00235869 0.00116272 -1.11772e-05 4.67573e-05
internal_weight=53724 209 158 53515 615 471 144 52900 52808 52654 154 331 52595 41675
internal_count=53724 209 158 53515 615 471 144 52900 52808 52654 154 331 52595 41675
is_linear=0
shrinkage=0.035


Tree=318
num_leaves=15
num_cat=3
split_feature=26 33 23 22 26 9 29 21 26 32 4 3 23 32
split_gain=0.33203 0.964821 1.06572 1.07761 0.652417 0.900661 1.12588 0.624559 1.21932 0.668762 0.65503 0.617004 0.686626 0.633421
threshold=312.50000000000006 0 0.71938338578024796 0.81448222247722313 307.50000000000006 1497.5000000000002 -0.8041866928211282 1347.7525252525254 322.50000000000006 1 601.00000000000011 7.5500000000000007 2.0739180411378979 2
decision_type=2 1 8 8 2 10 2 2 2 1 8 10 8 1
left_child=4 7 3 -3 -1 6 -6 -2 10 -10 -9 12 -4 -13
right_child=1 2 11 -5 5 -7 -8 8 9 -11 -12 13 -14 -15
leaf_value=-1.8310415733432383e-05 0.0015764924953381378 -0.00068856526631179806 0.00057501047911014743 -0.004834695570989425 -0.0067578712673890609 -0.0001778815030906521 -0.00079647277358007879 0.0013697237164544112 -0.0015265366346115077 0.00028428125571476165 0.0048749060519795977 -0.00089901560917093404 0.0044235619068300983 0.00030197577070772345
leaf_weight=47424 736 251 242 107 66 283 89 380 286 1455 76 851 70 1408
leaf_count=47424 736 251 242 107 66 283 89 380 286 1455 76 851 70 1408
internal_value=-3.41601e-07 0.000248167 -0.000201359 -0.0019773 -3.0801e-05 -0.00136774 -0.00346673 0.000694979 0.000399917 -2.38225e-05 0.00200046 4.85088e-05 0.00149462 -0.00015408
internal_weight=53724 5862 2929 358 47862 438 155 2933 2197 1741 456 2571 312 2259
internal_count=53724 5862 2929 358 47862 438 155 2933 2197 1741 456 2571 312 2259
cat_boundaries=0 1 2 3
cat_threshold=6 33536 33622
is_linear=0
shrinkage=0.035


Tree=319
num_leaves=15
num_cat=2
split_feature=22 23 29 33 30 0 32 23 8 16 22 2 23 21
split_gain=0.328546 1.50898 1.19383 1.50795 2.61548 2.52806 2.60115 1.18512 1.18327 1.14839 1.09186 1.54207 1.64094 1.03395
threshold=0.99452434828071268 1.1412884844793016 0.94425825643485939 0 -0.013976481981245173 9.5500000000000025 1 0.27476363203900822 11.171815648797725 23.380903888982996 1.8174112776305755 20.100000000000005 0.45127034967168128 1087.5000000000002
decision_type=10 10 2 1 2 10 1 8 2 8 10 8 10 2
left_child=1 -1 7 4 5 -4 8 -2 -7 13 -9 -12 -13 -3
right_child=2 9 3 -5 -6 6 -8 10 -10 -11 11 12 -14 -15
leaf_value=2.6678847722377505e-05 0.0048734348518937312 -0.0023745432702742164 0.0083754631911870103 7.106950857056345e-05 -0.0003853207632482493 0.0014146204916581227 0.0040636294582885989 -0.00014007112521250938 -0.0052131344330416107 0.002792211151239175 -0.006756141244732135 0.0029232754291766369 -0.0018627604040149083 0.0010148771261547869
leaf_weight=25295 52 123 99 2124 369 60 256 23434 64 400 59 102 490 797
leaf_count=25295 52 123 99 2124 369 60 256 23434 64 400 59 102 490 797
internal_value=-3.49094e-07 8.69951e-05 -8.61019e-05 0.000575225 0.00180814 0.00352177 0.0021649 -0.000167634 -0.0019263 0.00123837 -0.000179527 -0.00158791 -0.00102056 0.00055134
internal_weight=53724 26615 27109 2972 848 479 380 24137 124 1320 24085 651 592 920
internal_count=53724 26615 27109 2972 848 479 380 24137 124 1320 24085 651 592 920
cat_boundaries=0 1 2
cat_threshold=8 2417
is_linear=0
shrinkage=0.035


Tree=320
num_leaves=15
num_cat=3
split_feature=26 23 16 23 32 5 16 4 29 25 32 24 22 32
split_gain=0.336139 2.48505 0.891078 0.919404 0.87112 0.998474 1.22531 2.67128 0.781289 1.0853 1.12977 1.17157 0.80643 0.772687
threshold=210.50000000000003 0.20512848593319441 364.94967701820059 3.2477849613045007 0 901.00000000000011 141.35398063537818 330.50000000000006 -0.98523971305672675 9.5000000000000018 1 3.5000000000000004 0.99147868817777607 2
decision_type=2 8 10 10 1 10 8 10 2 2 1 2 10 1
left_child=13 -2 3 4 -3 6 8 -8 9 -6 11 -11 -10 -1
right_child=1 2 -4 -5 5 -7 7 -9 12 10 -12 -13 -14 -15
leaf_value=0.0001215107706812594 0.0070525193193720446 0.00034949205671306553 -0.0033278352074902159 0.0045450194362191519 -9.48886175113273e-05 0.0038074268073822032 -0.0094334375402805488 -0.00018114847164509557 0.00038252178514655376 -0.0083252032925847218 -0.001088155581906774 -0.001427543276610474 -0.00026833535428329007 -0.00021750071664154545
leaf_weight=14681 58 8987 88 52 904 74 50 126 4216 64 434 58 5206 18726
leaf_count=14681 58 8987 88 52 904 74 50 126 4216 64 434 58 5206 18726
internal_value=-2.81203e-07 0.000111965 9.03593e-05 0.000106093 9.34935e-05 -0.000113453 -0.000141503 -0.00299762 -9.39543e-05 -0.000845877 -0.00205518 -0.00484945 2.29478e-05 -6.8552e-05
internal_weight=53724 20317 20259 20171 20119 11132 11058 176 10882 1460 556 122 9422 33407
internal_count=53724 20317 20259 20171 20119 11132 11058 176 10882 1460 556 122 9422 33407
cat_boundaries=0 1 2 3
cat_threshold=11436 32769 55056
is_linear=0
shrinkage=0.035


Tree=321
num_leaves=15
num_cat=4
split_feature=24 32 29 26 1 22 23 32 29 33 22 23 32 30
split_gain=0.32447 1.88645 1.84451 5.04719 3.04464 1.40174 1.31432 1.06993 1.24429 1.17431 0.846233 2.44331 2.24396 1.95159
threshold=1.0000000180025095e-35 0 0.83849049182116964 107.50000000000001 80.250000000000014 1.1636634199134201 0.87094671321024519 1 -0.40614700388750385 2 1.3274525631923442 1.4737580868151932 3 -0.76696334127844745
decision_type=2 1 2 2 8 10 8 1 2 1 10 8 1 2
left_child=1 2 -1 -4 -5 7 -7 8 -3 -10 -2 -12 13 -13
right_child=10 5 3 4 -6 6 -8 -9 9 -11 11 12 -14 -15
leaf_value=-0.0001707912013719084 9.4916862280839237e-06 0.0026332585608409157 -0.00044988072121746313 -0.003314787922618188 -0.014984105231121331 0.0068146101659850083 0.0013411409353227203 -4.7363145025235988e-05 0.0015627125559893268 -0.00098443351169067838 -0.0018146898594831784 -0.0048941593428996092 0.00083795912740574187 -0.00059510229368134522
leaf_weight=1705 41563 438 323 62 50 52 1089 3659 447 413 1233 148 1692 850
leaf_count=1705 41563 438 323 62 50 52 1089 3659 447 413 1233 148 1692 850
internal_value=-3.03201e-07 0.000201743 -0.00068948 -0.00271313 -0.00894202 0.000515099 0.00161923 0.000260612 0.00111742 0.000347556 -3.69141e-05 -0.000527955 6.41103e-05 -0.00124148
internal_weight=53724 8238 2140 435 112 6098 1141 4957 1298 860 45486 3923 2690 998
internal_count=53724 8238 2140 435 112 6098 1141 4957 1298 860 45486 3923 2690 998
cat_boundaries=0 1 2 3 4
cat_threshold=337 1030 3 45830
is_linear=0
shrinkage=0.035


Tree=322
num_leaves=15
num_cat=3
split_feature=20 5 23 23 6 2 8 33 22 20 23 32 32 22
split_gain=0.324254 0.691794 0.645389 0.447203 2.99025 2.5745 0.37279 0.367845 0.934071 1.12581 0.946663 1.4953 0.961338 1.75249
threshold=632.32142857142867 123.75000000000001 0.56557122334409937 0.13344941042644634 21.550000000000004 219.00000000000003 14.803209339266706 0 1.0955453218490641 1163.4523809523812 0.89932235726655574 1 2 1.7418380688845632
decision_type=8 10 8 8 10 8 2 1 8 8 8 1 1 8
left_child=1 6 -3 4 -2 -6 -1 -5 -9 -10 11 -11 -12 -14
right_child=3 2 -4 7 5 -7 -8 8 9 10 12 -13 13 -15
leaf_value=-0.0047936452210516388 -0.0049029313091580812 -0.0029704890435448654 0.00097575859191420034 9.4412038198710366e-05 -0.00039351346844341612 0.0097486399559097176 -0.0011599859335678574 3.6227688405819739e-05 -0.0027274730035666537 1.2469251401534036e-05 0.00019104685749452992 -0.0040270884982129881 -0.0004847866237384718 -0.0044207088240133287
leaf_weight=64 52 61 215 26332 59 58 78 19542 247 247 3234 198 3197 140
leaf_count=64 52 61 215 26332 59 58 78 19542 247 247 3234 198 3197 140
internal_value=-3.29453e-07 -0.000965545 6.62442e-05 7.32915e-06 0.00177881 0.0048277 -0.00290504 1.52821e-06 -8.97189e-05 -0.000428509 -0.000345689 -0.0018989 -0.000239139 -0.000654323
internal_weight=53724 418 276 53306 169 117 142 53137 26805 7263 7016 445 6571 3337
internal_count=53724 418 276 53306 169 117 142 53137 26805 7263 7016 445 6571 3337
cat_boundaries=0 1 2 3
cat_threshold=10 13638 19192
is_linear=0
shrinkage=0.035


Tree=323
num_leaves=15
num_cat=0
split_feature=20 5 13 6 22 4 10 22 26 30 3 23 26 16
split_gain=0.327314 0.630331 0.985144 0.974447 0.832454 1.95515 1.40036 0.63738 1.13005 1.17696 0.709578 0.850366 0.848164 1.10869
threshold=2391.8333333333335 741.00000000000011 585.12500000000011 851.00000000000011 1.8174112776305755 89.65000000000002 181.11309523809527 0.68363360969387765 37.500000000000007 0.67007489853957602 2.9500000000000006 0.3856267347173799 55.500000000000007 4.7851950297266077
decision_type=8 10 10 10 8 10 8 10 2 2 10 8 2 10
left_child=-1 3 -3 4 7 6 -6 8 -2 -10 12 -12 13 -9
right_child=1 2 -4 -5 5 -7 -8 10 9 -11 11 -13 -14 -15
leaf_value=-4.7021304122882791e-05 0.0052531505296251578 0.0050603702748316885 0.00070618018841521262 -0.0044172990526015485 -0.0004180401992440845 0.0037103849495680814 -0.0066280673188402472 -0.0011033721323295126 0.0016524990892718384 -0.0025276063477913677 0.0043838565225192043 0.00016922419932732371 -0.00025147910188612045 -0.0069858772351591185
leaf_weight=41604 73 71 407 53 85 53 90 129 347 103 54 10009 593 53
leaf_count=41604 73 71 407 53 85 53 90 129 347 103 54 10009 593 53
internal_value=-3.90492e-07 0.000159631 0.00139862 0.000108182 0.000130774 -0.00194029 -0.00370717 0.000173173 0.00136069 0.000678458 0.000115267 0.000194007 -0.000901817 -0.00295739
internal_weight=53724 12120 478 11642 11589 228 175 11361 523 450 10838 10063 775 182
internal_count=53724 12120 478 11642 11589 228 175 11361 523 450 10838 10063 775 182
is_linear=0
shrinkage=0.035


Tree=324
num_leaves=15
num_cat=1
split_feature=17 1 2 9 4 15 2 23 6 2 10 23 32 16
split_gain=0.316852 1.06204 0.830345 0.764931 0.56055 0.989698 0.821586 0.809097 2.41015 0.894735 0.558177 0.53079 1.20144 1.21158
threshold=0.66402866348832101 1.0500000000000003 1.6500000000000001 2802.5000000000005 1.0500000000000003 2.5250000000000004 3.0500000000000003 0.13344941042644634 741.00000000000011 110.25000000000001 2.6266666666666674 0.53097034152342515 0 30.740437439095121
decision_type=8 8 8 8 8 2 10 8 8 8 10 8 1 10
left_child=3 -2 -3 -1 -4 6 10 8 9 -7 -6 12 -9 -14
right_child=1 2 4 -5 5 7 -8 11 -10 -11 -12 -13 13 -15
leaf_value=-8.6128158667564384e-05 -0.0042036088615375229 0.0032901386072289348 -0.0035165659200230787 -0.0019001170294421809 0.0026069526455681281 0.0017733826891265132 0.005105982267511233 0.00022188820851458489 -0.0035291718889493501 0.0083399863457307225 -0.0019762361460164096 2.5620868379066319e-05 -0.0007649833609672086 -0.0036530303940998511
leaf_weight=1351 68 90 50 356 68 50 79 1243 51 55 54 49156 830 223
leaf_count=1351 68 90 50 356 68 50 79 1243 51 55 54 49156 830 223
internal_value=-3.81523e-07 1.50366e-05 2.09627e-05 -0.000468886 1.49725e-05 1.87197e-05 0.00243986 9.05455e-06 0.00248635 0.00543577 0.000580391 1.30266e-06 -0.00051826 -0.00137795
internal_weight=53724 52017 51949 1707 51859 51809 201 51608 156 105 122 51452 2296 1053
internal_count=53724 52017 51949 1707 51859 51809 201 51608 156 105 122 51452 2296 1053
cat_boundaries=0 1
cat_threshold=42268
is_linear=0
shrinkage=0.035


Tree=325
num_leaves=15
num_cat=1
split_feature=4 7 20 23 32 29 23 0 19 6 20 30 20 15
split_gain=0.314322 1.25545 1.11736 1.06551 0.653935 1.1779 1.17774 0.539141 0.986223 0.591857 0.534702 0.529533 0.756838 0.574897
threshold=996.75000000000011 1226.6937500000001 605.357142857143 0.31404353297100485 0 0.98049069993378934 1.0796079784904449 36.100000000000009 7.229166666666667 29.900000000000002 1910.3571428571431 0.097680735332368748 844.64285714285722 2433.7500000000005
decision_type=8 2 10 8 1 2 8 8 10 10 10 2 10 2
left_child=1 -1 -2 -4 5 -5 -7 9 -9 -6 -11 12 -10 -14
right_child=2 -3 3 4 7 6 -8 8 11 10 -12 -13 13 -15
leaf_value=-1.8840360265790286e-05 -0.0041250460017708719 -0.0052161743717519327 0.0039919813994207833 -2.9466163480838342e-05 -0.00080707489390701283 -0.00034144159008249431 -0.007255639995062917 0.0055023928366770801 -0.0037610801111441108 -0.00024866733924962904 0.004042206069817908 0.0014055194613079244 0.00023041405928210241 0.00344834433457087
leaf_weight=49538 64 52 92 1177 527 64 53 50 50 76 61 841 1011 68
leaf_count=49538 64 52 92 1177 527 64 53 50 50 76 61 841 1011 68
internal_value=-3.61077e-07 -2.48156e-05 0.000292662 0.000367106 0.000278367 -0.000366093 -0.00364251 0.000588348 0.000874406 -0.000273125 0.00173693 0.000743311 0.000246006 0.000448182
internal_weight=53724 49590 4134 4070 3978 1294 117 2684 2020 664 137 1970 1129 1079
internal_count=53724 49590 4134 4070 3978 1294 117 2684 2020 664 137 1970 1129 1079
cat_boundaries=0 1
cat_threshold=6355
is_linear=0
shrinkage=0.035


Tree=326
num_leaves=15
num_cat=2
split_feature=30 32 6 25 0 22 0 22 23 0 23 32 3 0
split_gain=0.313743 0.432634 0.795689 0.574589 0.51783 0.540834 0.375513 0.364109 1.60184 1.21474 1.24045 2.92836 1.75959 2.02831
threshold=-0.99864786094873803 0 64.100000000000009 6.5000000000000009 113.65000000000002 1.1520107624818767 39.850000000000009 0.79873961729340393 1.0744764980450288 1.2500000000000002 0.51811528013180297 1 270.75000000000006 100.50000000000001
decision_type=2 1 8 2 10 10 10 10 10 8 10 1 8 8
left_child=1 2 3 -1 5 -3 -4 8 9 -2 11 -11 -13 -14
right_child=7 4 6 -5 -6 -7 -8 -9 -10 10 -12 12 13 -15
leaf_value=-0.0026637287617066051 0.0050380696736336238 -0.00014670663737042979 -0.0056466887904941272 0.0014581593211590168 0.0018145564686468183 -0.003872730895368891 -0.0020456553168990087 -2.6780114475059465e-05 0.0036466781117069609 0.0015499535546576442 0.00049078391394331356 -0.00051770850391871695 -0.0071259856391999955 -0.0016925434141543468
leaf_weight=58 57 364 53 116 136 50 119 45300 160 682 4380 1740 103 406
leaf_count=58 57 364 53 116 136 50 119 45300 160 682 4380 1740 103 406
internal_value=-3.58805e-07 -0.000647979 -0.001586 4.81696e-05 -1.9969e-05 -0.000637554 -0.00328344 1.06856e-05 0.000236005 0.000159517 0.000118065 -0.000438803 -0.00104622 -0.00285066
internal_weight=53724 896 346 174 550 414 172 52828 7528 7368 7311 2931 2249 509
internal_count=53724 896 346 174 550 414 172 52828 7528 7368 7311 2931 2249 509
cat_boundaries=0 1 2
cat_threshold=42656 404
is_linear=0
shrinkage=0.035


Tree=327
num_leaves=15
num_cat=2
split_feature=23 32 22 2 24 32 22 3 28 3 15 30 5 16
split_gain=0.3108 1.47606 1.84172 1.60919 1.40012 1.78646 1.49796 1.28381 1.27793 1.18924 1.54426 1.16212 2.6652 1.83682
threshold=0.87342900336198936 0 1.0649439492602164 60.150000000000006 1.0000000180025095e-35 1 1.1807271279209666 14.050000000000002 -0.56174490092936669 200.75000000000003 320.25000000000006 0.65720762023595369 720.50000000000011 41.311822359545829
decision_type=8 1 8 8 2 1 10 8 2 8 2 2 8 10
left_child=1 2 -1 -4 5 -3 9 -8 -9 10 -6 -11 13 -13
right_child=-2 4 3 -5 6 -7 7 8 -10 11 -12 12 -14 -15
leaf_value=-0.00042583074921946911 5.0328759555358276e-05 0.0045820457517682395 -0.00035996944861312351 -0.0055167052993298667 0.00029151655827635762 0.000561803920130457 -0.0072593201496056288 0.0019815384562557135 -0.003367357794396942 -0.00021730137696402424 0.0057593711604567947 -0.0020013150523491476 0.0012157420841276989 -0.0084501075068699957
leaf_weight=5461 39426 172 134 163 5736 533 51 86 134 1397 59 132 148 92
leaf_count=5461 39426 172 134 163 5736 533 51 86 134 1397 59 132 148 92
internal_value=-3.67876e-07 -0.00014013 -0.000572394 -0.00323458 0.000151976 0.00164044 1.72759e-05 -0.00251545 -0.00127886 0.000109619 0.000352103 -0.000683477 -0.00240804 -0.0047766
internal_weight=53724 14298 5758 297 8540 705 7835 271 220 7564 5795 1769 372 224
internal_count=53724 14298 5758 297 8540 705 7835 271 220 7564 5795 1769 372 224
cat_boundaries=0 1 2
cat_threshold=22768 1024
is_linear=0
shrinkage=0.035


Tree=328
num_leaves=15
num_cat=2
split_feature=20 19 16 6 9 29 29 26 33 32 4 20 3 29
split_gain=0.308113 0.891742 1.38464 1.2417 1.0608 0.86421 0.568913 1.15817 1.90897 2.72377 1.82879 1.55356 1.3152 0.89502
threshold=774.64285714285722 87.120833333333351 13.801311186842909 52.550000000000004 782.50000000000011 0.96465729447553372 0.97875492728876534 91.500000000000014 0 1 29.100000000000005 1840.3571428571431 1.2500000000000002 0.97314989601849466
decision_type=8 10 10 10 8 2 2 2 1 1 10 10 10 2
left_child=1 2 -1 -4 -3 -6 13 12 9 10 -9 -11 -8 -2
right_child=6 4 3 -5 5 -7 7 8 -10 11 -12 -13 -14 -15
leaf_value=-0.00054894977155803086 9.0230971446055607e-07 0.0004734837149611277 -0.0065318305196930089 -0.00062386051281752841 -0.00079820011062989153 -0.0057190185600581277 0.0032038682157644873 0.01033292905240475 0.00034902880597871398 -0.0043859766954979446 0.0035589643913008966 0.0018604329857977737 -0.00048793349131782705 -0.0015975863374334139
leaf_weight=618 47533 1330 99 77 169 55 123 70 1268 61 168 182 1543 428
leaf_count=618 47533 1330 99 77 169 55 123 70 1268 61 168 182 1543 428
internal_value=-3.6434e-07 -0.000392006 -0.00134226 -0.00403573 9.62622e-05 -0.00210493 1.7571e-05 0.000453706 0.00108147 0.00292157 0.00549672 0.000226459 -0.000206598 -1.35275e-05
internal_weight=53724 2348 794 176 1554 224 51376 3415 1749 481 238 243 1666 47961
internal_count=53724 2348 794 176 1554 224 51376 3415 1749 481 238 243 1666 47961
cat_boundaries=0 1 2
cat_threshold=8 9406
is_linear=0
shrinkage=0.035


Tree=329
num_leaves=15
num_cat=2
split_feature=20 33 23 22 30 1 32 22 16 22 30 15 1 19
split_gain=0.308417 0.628059 0.825977 1.84501 1.51302 2.91249 1.16177 0.865811 0.781436 1.25721 2.91232 1.16002 0.742269 0.740974
threshold=2391.8333333333335 0 1.5389900385948792 1.3893855679076108 -0.76696334127844745 321.00000000000006 1 1.1249257448704018 560.35846336601708 1.9128474196605498 -0.39827153806311183 2011.4500000000003 44.100000000000009 1.2875000000000003
decision_type=8 1 10 10 2 8 1 10 10 10 2 2 10 10
left_child=1 2 8 6 5 -5 7 -4 9 13 -11 -10 -9 -1
right_child=-2 -3 3 4 -6 -7 -8 12 11 10 -12 -13 -14 -15
leaf_value=0.0038603987989825066 0.00015498130984039948 -0.00021559133817756151 -0.0034384186412631116 0.0014422634127152958 0.00052850881859640606 -0.0077854943962302062 0.0037405206180530304 0.0048387111474735792 0.00051188883682092034 -0.0022508508997270841 0.0089056242723017931 -0.0058732675414477648 1.5754188271239401e-05 -2.1089030860276885e-06
leaf_weight=56 12120 16224 50 83 954 77 325 53 70 51 56 63 120 23422
leaf_count=56 12120 16224 50 83 954 77 325 53 70 51 56 63 120 23422
internal_value=-3.52292e-07 -4.5617e-05 6.31192e-05 0.000816213 -4.15675e-06 -0.00309995 0.00246886 0.000392863 1.0213e-05 2.55733e-05 0.00372496 -0.00261587 0.00158772 7.92399e-06
internal_weight=53724 41604 25380 1662 1114 160 548 223 23718 23585 107 133 173 23478
internal_count=53724 41604 25380 1662 1114 160 548 223 23718 23585 107 133 173 23478
cat_boundaries=0 1 2
cat_threshold=10 14410
is_linear=0
shrinkage=0.035


Tree=330
num_leaves=15
num_cat=2
split_feature=26 2 16 29 24 8 32 23 2 5 26 32 0 6
split_gain=0.304277 1.03126 1.86182 1.06292 1.0176 0.861401 0.778108 0.570475 0.589418 0.783963 0.410819 0.914013 0.471785 0.749366
threshold=10.500000000000002 95.300000000000011 20.59530690877455 0.10837544681456425 3.5000000000000004 8.1878149616359561 0 3.2477849613045007 149.75000000000003 270.75000000000006 21.500000000000004 1 26.650000000000002 411.00000000000006
decision_type=2 8 10 2 2 2 1 8 10 10 2 1 10 8
left_child=1 2 3 -1 -5 -6 -3 8 -8 -10 11 -2 13 -13
right_child=10 6 -4 4 5 -7 7 -9 9 -11 -12 12 -14 -15
leaf_value=0.00048638278125651878 0.0015614773257215009 0.0017367418979322086 -0.0077509900843142536 9.4975932078414618e-05 -0.0019946717448970854 -0.0082082611073485846 0.00015200893932326365 0.0024536331232150343 -0.0062828984809311815 -0.00068856598270557656 -5.3357021362984552e-06 -5.7164079965367529e-05 0.00035874471327868756 -0.0039707758621975358
leaf_weight=262 644 273 51 82 63 50 132 50 51 71 51096 176 637 86
leaf_count=262 644 273 51 82 63 50 132 50 51 71 51096 176 637 86
internal_value=-3.02562e-07 -0.000579117 -0.00172129 -0.000971786 -0.00289415 -0.00497536 0.000432617 -0.000778678 -0.00148011 -0.00318247 1.16819e-05 0.000573411 -0.000154675 -0.00139209
internal_weight=53724 1085 508 457 195 113 577 304 254 122 52639 1543 899 262
internal_count=53724 1085 508 457 195 113 577 304 254 122 52639 1543 899 262
cat_boundaries=0 1 2
cat_threshold=9674 33650
is_linear=0
shrinkage=0.035


Tree=331
num_leaves=15
num_cat=1
split_feature=24 32 19 1 23 14 10 23 21 21 10 22 16 11
split_gain=0.301068 2.01928 1.13165 1.06763 1.05398 0.756873 0.993806 0.617614 1.46906 1.77611 0.571398 1.45458 0.846635 0.670436
threshold=5.5000000000000009 0 50.025000000000006 134.25000000000003 2.1938679142639539 960.50000000000011 1169.2500000000002 3.2477849613045007 1871.5692307692309 2310.444664031621 474.47619047619054 0.95252630988587228 43.759352213255603 555.82435897435914
decision_type=2 1 8 10 10 8 10 10 2 2 8 10 10 10
left_child=7 2 -2 -4 5 10 -7 -1 -9 -10 12 -12 -3 -13
right_child=1 4 3 -5 -6 6 -8 8 9 -11 11 13 -14 -15
leaf_value=1.7052252461560475e-05 -0.0072858078787259844 -0.00013168961605947632 0.0019685535984859197 -0.003498342557992631 -0.0048082176629012747 0.0058887232458655495 -0.00072769433575343686 -0.0025008711371779574 0.0081341523287648508 -0.00055873048525642273 -0.0059387953679116692 -0.0026200243370112734 0.002077880798719527 0.0023876766988394573
leaf_weight=49194 61 3533 58 145 52 55 50 53 61 50 66 51 221 74
leaf_count=49194 61 3533 58 145 52 55 50 53 61 50 66 51 221 74
internal_value=-3.42517e-07 -0.000278753 -0.00315984 -0.0019266 -8.18155e-05 -1.54787e-05 0.00284818 2.43103e-05 0.00213653 0.00436314 -9.52066e-05 -0.0019375 9.79835e-07 0.000322347
internal_weight=53724 4366 264 203 4102 4050 105 49358 164 111 3945 191 3754 125
internal_count=53724 4366 264 203 4102 4050 105 49358 164 111 3945 191 3754 125
cat_boundaries=0 1
cat_threshold=1024
is_linear=0
shrinkage=0.035


Tree=332
num_leaves=15
num_cat=2
split_feature=26 33 23 22 26 9 29 32 3 16 4 8 13 22
split_gain=0.29771 0.885902 0.984238 0.995677 0.616581 0.847081 1.04529 0.593567 0.641347 0.900758 0.746455 1.02276 0.726236 0.697472
threshold=312.50000000000006 0 0.71938338578024796 0.77986405809086501 307.50000000000006 1497.5000000000002 -0.8041866928211282 1 49.050000000000004 6.6815308102436672 169.75000000000003 74.223398421544644 88.575000000000017 0.95611133739184007
decision_type=2 1 8 8 2 10 2 1 10 8 8 2 8 10
left_child=4 7 3 -3 -1 6 -6 -2 9 13 11 -10 -11 -9
right_child=1 2 -4 -5 5 -7 -8 8 10 12 -12 -13 -14 -15
leaf_value=-1.7054923376298356e-05 -0.00018106294087803239 -0.00048889907461430128 4.4351406043104998e-05 -0.0042999608690634118 -0.0065359062622657909 -0.00017493105476508697 -0.00079012247825417908 0.0030780532320204661 0.00014503076693197877 0.0047195010808050138 0.0014876457122122301 -0.004797362911980599 -3.2937710566329775e-05 0.00034239937457614556
leaf_weight=47424 757 229 2571 129 66 283 89 147 757 167 539 50 51 465
leaf_count=47424 757 229 2571 129 66 283 89 147 757 167 539 50 51 465
internal_value=-3.55269e-07 0.00023496 -0.00019577 -0.00190247 -2.91975e-05 -0.0013289 -0.00336451 0.000663114 0.00095602 0.001723 0.00048552 -0.000188844 0.00363188 0.00101911
internal_weight=53724 5862 2929 358 47862 438 155 2933 2176 830 1346 807 218 612
internal_count=53724 5862 2929 358 47862 438 155 2933 2176 830 1346 807 218 612
cat_boundaries=0 1 2
cat_threshold=6 18690
is_linear=0
shrinkage=0.035


Tree=333
num_leaves=15
num_cat=2
split_feature=22 23 9 32 23 7 1 3 13 32 23 29 16 22
split_gain=0.301407 1.44148 0.963861 1.73749 1.28476 1.12211 0.861627 1.73464 1.27509 1.24096 1.50813 1.82541 2.38782 1.00681
threshold=0.91394521620585667 0.89675329827265726 942.50000000000011 0 1.3432425005682946 53.843910256410261 9.0500000000000025 7.5500000000000007 14.025000000000002 1 0.41301601441261887 -0.68430824382591193 24.22120283278041 0.82218202008240315
decision_type=10 10 10 1 10 2 10 8 10 1 10 2 8 10
left_child=1 6 3 5 -4 -3 9 -8 -9 10 11 -1 13 -13
right_child=-2 2 4 -5 -6 -7 7 8 -10 -11 -12 12 -14 -15
leaf_value=0.001283792240852642 -5.4867762617662191e-05 -0.0083958913730708788 0.00083561604415489064 0.00071039540538751886 0.004895690390893089 -0.0010326073399152269 0.0050848255356297249 0.0016643294247954501 -1.7942942571830352e-05 1.708466938114622e-05 -0.00059242915354291753 -0.0011706413342158946 -0.01001183950505543 -0.0061394843111823626
leaf_weight=87 37512 50 2921 237 94 50 81 585 8552 2237 1010 174 67 67
leaf_count=87 37512 50 2921 237 94 50 81 585 8552 2237 1010 174 67 67
internal_value=-3.68447e-07 0.000125712 0.000771563 -0.00099283 0.000970095 -0.00450928 -4.28652e-05 0.000137234 9.06166e-05 -0.000498265 -0.00130679 -0.00313583 -0.00438479 -0.00264873
internal_weight=53724 16212 3352 337 3015 100 12860 9218 9137 3642 1405 395 308 241
internal_count=53724 16212 3352 337 3015 100 12860 9218 9137 3642 1405 395 308 241
cat_boundaries=0 1 2
cat_threshold=32775 6520
is_linear=0
shrinkage=0.035


Tree=334
num_leaves=15
num_cat=1
split_feature=24 32 22 22 3 29 26 16 0 29 24 20 8 3
split_gain=0.29846 1.73718 1.01617 1.64139 0.866433 1.71569 4.87733 1.47875 1.09391 0.992738 1.31223 0.865377 3.02209 2.7253
threshold=1.5000000000000002 0 2.0422420827073977 1.6251824594520763 951.00000000000011 0.84773968378660736 105.50000000000001 74.206917916503258 651.00000000000011 -0.85227431625818906 1.0000000180025095e-35 3351.5000000000005 2.7887134618993312 14.65
decision_type=2 1 8 10 8 2 2 10 10 2 2 8 2 10
left_child=1 2 3 -1 7 9 -7 -3 -9 -6 -11 -2 -13 -14
right_child=11 4 -4 -5 5 6 -8 8 -10 10 -12 12 13 -15
leaf_value=0.0005545683830722282 -6.6897130413161939e-05 -0.00017434303959815422 -0.0038409210622517603 0.004991312591950051 -0.004645944773758663 0.00028698723493242995 -0.012954939189959656 0.0026917656682865416 -0.0012827731061282126 0.0020231546941460311 -0.0016380529213151915 -0.0031127722258978076 0.011486070286821236 0.00072079772869304852
leaf_weight=6057 37221 8958 58 99 56 89 50 374 106 223 248 73 50 62
leaf_count=6057 37221 8958 58 99 56 89 50 374 106 223 248 73 50 62
internal_value=-3.92905e-07 0.000124485 0.000584189 0.000629912 -0.000158804 -0.00137421 -0.00476073 -7.25241e-05 0.00180988 -0.000444644 9.84283e-05 -5.48791e-05 0.00230122 0.0058122
internal_weight=53724 16318 6214 6156 10104 666 139 9438 480 527 471 37406 185 112
internal_count=53724 16318 6214 6156 10104 666 139 9438 480 527 471 37406 185 112
cat_boundaries=0 1
cat_threshold=15394
is_linear=0
shrinkage=0.035


Tree=335
num_leaves=15
num_cat=2
split_feature=30 32 29 2 26 17 33 20 23 22 0 22 6 24
split_gain=0.296029 1.08114 1.92987 4.89018 1.03159 0.899363 0.847469 1.01015 1.05731 0.826447 0.808596 1.07507 0.828702 0.695766
threshold=-0.8901731938066898 0 -0.40614700388750385 89.65000000000002 159.50000000000003 32.151570368853342 1 2014.6428571428573 1.1755379800227557 1.0075122257192499 582.00000000000011 1.2402338041324088 3.0500000000000003 1.5000000000000002
decision_type=2 1 2 10 2 10 1 10 8 10 10 10 8 2
left_child=1 2 3 9 5 -4 7 8 -6 -1 12 -12 -3 -8
right_child=-2 10 4 -5 6 -7 13 -9 -10 -11 11 -13 -14 -15
leaf_value=0.00021803907669285159 3.6757144783976157e-05 -0.0025382570776855576 0.00046442506176737802 -0.012712138264105307 -0.0020925386521951032 0.005182216938805711 0.00066992142066583124 -0.00071489879775560555 -0.0075044743096335772 -0.0043692183377398207 -0.00063638417490203159 -0.0060329960394301463 0.00028014859421202364 -0.00068084298889091487
leaf_weight=163 44605 126 194 51 178 62 665 453 57 63 243 51 5273 1540
leaf_count=163 44605 126 194 51 178 62 665 453 57 63 243 51 5273 1540
internal_value=-3.95314e-07 -0.000182045 -0.000671728 -0.00344807 -0.00042456 0.0016844 -0.000613765 -0.00167231 -0.00353422 -0.0011276 0.000113953 -0.00165776 0.000212086 -0.000271646
internal_weight=53724 9119 3426 277 3149 256 2893 688 235 226 5693 294 5399 2205
internal_count=53724 9119 3426 277 3149 256 2893 688 235 226 5693 294 5399 2205
cat_boundaries=0 1 2
cat_threshold=10410 8
is_linear=0
shrinkage=0.035


Tree=336
num_leaves=15
num_cat=1
split_feature=4 7 20 23 32 2 3 1 14 22 14 16 3 6
split_gain=0.293416 1.15523 1.02905 1.03524 0.608199 0.576159 0.758548 0.538142 0.943783 0.613709 0.526567 0.48262 1.78603 1.99663
threshold=996.75000000000011 1226.6937500000001 605.357142857143 0.31404353297100485 0 31.050000000000004 9.0500000000000025 4850.0000000000009 2102.5000000000005 0.81448222247722313 2620.0000000000005 167.67230842796855 80.15000000000002 741.00000000000011
decision_type=8 2 10 8 1 10 8 8 10 10 10 10 10 10
left_child=1 11 -2 -4 5 6 -5 10 9 -9 -6 -1 -13 -14
right_child=2 -3 3 4 7 -7 -8 8 -10 -11 -12 12 13 -15
leaf_value=-5.0537343482803138e-06 -0.0039569207851815492 -0.0050039540351319474 0.0039270707831559606 0.00057509463181038608 0.00038286476543523745 0.0003614007948981453 -0.0027555994365497361 -0.001721233349867029 0.0058796910074306657 0.0017187875420334833 -0.0023095165005297931 -0.0058133536769525603 0.0006302604342431422 -0.0043337514388783402
leaf_weight=48817 64 52 92 125 2768 345 240 77 51 285 87 76 528 117
leaf_count=48817 64 52 92 125 2768 345 240 77 51 285 87 76 528 117
internal_value=-4.80594e-07 -2.41079e-05 0.00028263 0.00035407 0.00026661 -0.000653613 -0.00162259 0.000467797 0.00164251 0.000973589 0.000296926 -1.8376e-05 -0.000914147 -0.000296598
internal_weight=53724 49590 4134 4070 3978 710 365 3268 413 362 2855 49538 721 645
internal_count=53724 49590 4134 4070 3978 710 365 3268 413 362 2855 49538 721 645
cat_boundaries=0 1
cat_threshold=211
is_linear=0
shrinkage=0.035


Tree=337
num_leaves=15
num_cat=1
split_feature=22 23 32 23 0 4 16 30 22 7 16 14 23 29
split_gain=0.289178 1.53024 1.57237 2.26066 1.54452 2.97948 1.50951 1.15444 1.06375 0.960059 1.84462 0.97173 1.42815 1.4743
threshold=0.88219178082191785 0.86160117556508353 0 0.41301601441261887 15.050000000000002 30.100000000000005 185.0096518102703 -0.97111920233974802 0.70845910833487569 5.8699677938808383 239.98137122318215 493.12500000000006 0.72525638203510823 0.59177612190863982
decision_type=10 10 1 10 8 10 8 2 10 2 8 8 10 2
left_child=1 2 9 4 5 -4 7 -6 -3 -1 11 -11 13 -13
right_child=-2 8 3 -5 6 -7 -8 -9 -10 10 -12 12 -14 -15
leaf_value=-0.0014220166994031681 -4.6954880330971014e-05 0.0032042403632946952 -0.00084288980506924118 1.8057470463350432e-06 -0.0031762668293814789 -0.010305991399007432 -0.0052994399997267393 -0.00042173681619368038 0.00067289201771281604 0.00059506355044094354 0.0057220249327954407 -0.0012021794727295587 0.0024779244817909789 -0.0077604468374741845
leaf_weight=319 40479 217 102 4084 217 64 96 1176 2506 4086 78 169 79 52
leaf_count=319 40479 217 102 4084 217 64 96 1176 2506 4086 78 169 79 52
internal_value=-5.0424e-07 0.000141421 -5.00754e-05 -0.000440105 -0.00152997 -0.00468598 -0.00116362 -0.00086066 0.000880122 0.000417928 0.000551791 0.000453433 -0.0014537 -0.00288285
internal_weight=53724 13245 10522 5739 1655 166 1489 1393 2723 4783 4464 4386 300 221
internal_count=53724 13245 10522 5739 1655 166 1489 1393 2723 4783 4464 4386 300 221
cat_boundaries=0 1
cat_threshold=919
is_linear=0
shrinkage=0.035


Tree=338
num_leaves=15
num_cat=2
split_feature=2 13 1 19 32 32 7 0 16 17 7 16 7 23
split_gain=0.290761 1.28342 2.69188 1.56127 1.55705 1.22827 1.36644 1.70423 0.98922 1.1428 0.913279 1.26843 0.797832 0.726703
threshold=125.25000000000001 128.12500000000003 150.50000000000003 55.01250000000001 0 1 252.04006410256412 259.00000000000006 62.915286960495642 42.022721126898361 120.05662393162395 43.759352213255603 126.35164835164836 0.80629755365623723
decision_type=10 10 10 8 1 1 2 10 10 10 2 10 2 10
left_child=-1 2 4 -3 13 6 8 -8 9 -5 11 -7 -12 -2
right_child=1 3 -4 5 -6 10 7 -9 -10 -11 12 -13 -14 -15
leaf_value=-4.7523475045436865e-05 0.0048535010737562221 -0.0057730374635139017 0.0086715460890748851 0.00084401518228443585 -0.00059521967337842899 0.00082394934333084784 -0.0093448253286624091 -0.0011369936193902203 0.0020841340395660762 -0.0038986930507235234 -0.001939069120153363 0.005658590419330767 0.00013411477957988538 0.0013326912414717688
leaf_weight=40307 122 51 55 110 375 385 51 73 115 134 227 76 11465 178
leaf_count=40307 122 51 55 110 375 385 51 73 115 134 227 76 11465 178
internal_value=-5.44582e-07 0.000140553 0.0015625 5.81526e-05 0.000923737 8.39619e-05 -0.00161999 -0.00474415 -0.000535056 -0.00178657 0.000153527 0.00167315 9.30523e-05 0.00273104
internal_weight=53724 13417 730 12687 675 12636 483 124 359 244 12153 461 11692 300
internal_count=53724 13417 730 12687 675 12636 483 124 359 244 12153 461 11692 300
cat_boundaries=0 1 2
cat_threshold=13062 3
is_linear=0
shrinkage=0.035


Tree=339
num_leaves=15
num_cat=2
split_feature=5 15 1 29 1 9 3 16 24 32 2 13 32 23
split_gain=0.288962 0.888254 1.39062 0.518192 0.516903 0.951612 0.371371 1.97378 3.09267 2.42642 2.4871 1.87923 1.54295 3.00694
threshold=2775.0000000000005 2212.5000000000005 2505.0000000000005 0.52033990680116082 1703.0000000000002 1132.5000000000002 230.50000000000003 55.946402922801475 5.5000000000000009 0 85.100000000000009 128.12500000000003 1 0.20512848593319441
decision_type=10 2 8 2 10 10 8 10 2 1 8 10 1 8
left_child=1 4 -3 -2 6 -6 7 -1 9 11 -11 -9 13 -8
right_child=3 2 -4 -5 5 -7 12 8 -10 10 -12 -13 -14 -15
leaf_value=7.2742034632187794e-06 -0.00060669316770335137 -0.0066455792886535485 0.00095952846476871339 0.0037912494355965575 0.0040737446832591331 -0.00017833370258502816 -0.0087472352541954033 0.0080895777145962959 -0.0051636610177035139 -0.0062395671028207299 0.0013582325865362968 0.002722374906328122 0.00014438424689825307 -0.00058380563142650338
leaf_weight=40805 62 57 54 62 103 159 51 101 70 59 296 369 7002 4474
leaf_count=40805 62 57 54 62 103 159 51 101 70 59 296 369 7002 4474
internal_value=-5.23968e-07 -4.5055e-06 -0.00306391 0.00165399 2.12914e-06 0.00153827 -5.576e-06 4.30343e-05 0.00166432 0.00227128 2.56641e-05 0.00386735 -0.000181371 -0.000683857
internal_weight=53724 53600 111 124 53489 262 53227 41700 895 825 355 470 11527 4525
internal_count=53724 53600 111 124 53489 262 53227 41700 895 825 355 470 11527 4525
cat_boundaries=0 1 2
cat_threshold=57867 61578
is_linear=0
shrinkage=0.035


Tree=340
num_leaves=15
num_cat=4
split_feature=22 23 32 29 0 20 30 29 33 23 32 20 5 32
split_gain=0.291422 2.17846 1.94547 1.60762 1.35181 3.83805 1.65852 1.3332 1.56421 1.26432 1.93026 1.24837 1.05768 1.0503
threshold=1.1311694866899293 1.4588254822188831 0 0.94425825643485939 349.00000000000006 2037.6785714285718 -0.10837475778693638 0.96465729447553372 1 1.2548181698727643 2 2946.8333333333335 64.100000000000009 3
decision_type=10 8 1 2 10 10 2 2 1 10 1 10 10 1
left_child=9 13 3 4 11 -6 -7 -5 12 -1 -11 -3 -9 -2
right_child=1 2 -4 7 5 6 -8 8 -10 10 -12 -13 -14 -15
leaf_value=-7.0058794355618566e-07 -0.0011672053706015403 -0.00022797087508048496 0.00092052495284715983 0.0051959008200686769 -0.011089662649138864 0.001217050620582917 -0.0051288801473320326 0.0070704963262470675 -0.0017776462775346935 -0.00078325667131978738 0.0015658340781041168 -0.0048498201552312822 0.00012046905234456064 -0.00024505931104235848
leaf_weight=39651 2378 1591 3182 94 53 146 71 52 155 596 1460 70 51 4174
leaf_count=39651 2378 1591 3182 94 53 146 71 52 155 596 1460 70 51 4174
internal_value=-5.27546e-07 -0.000152354 0.000363451 -0.000415509 -0.000814462 -0.00308808 -0.000928019 0.00174218 0.000408991 4.3231e-05 0.000888421 -0.000436722 0.00347258 -0.000582534
internal_weight=53724 12017 5465 2283 1931 270 217 352 258 41707 2056 1661 103 6552
internal_count=53724 12017 5465 2283 1931 270 217 352 258 41707 2056 1661 103 6552
cat_boundaries=0 1 2 3 4
cat_threshold=41239 8 259 12423
is_linear=0
shrinkage=0.035


Tree=341
num_leaves=15
num_cat=3
split_feature=21 22 30 30 8 8 6 32 23 16 33 22 32 30
split_gain=0.290375 0.670767 0.656835 0.844445 1.29589 1.90953 0.685168 0.648208 0.74021 0.637295 0.587332 0.786384 1.54016 1.38816
threshold=2420.0925925925931 0.50538657577971635 0.83730377313544024 0.91511078773075516 84.560300217437955 221.75751451928394 17.050000000000004 0 1.7985845743171256 17.511900715418708 1 1.4052072675436353 2 -0.39827153806311183
decision_type=2 10 2 2 2 2 8 1 8 10 1 8 1 2
left_child=10 -2 -3 4 9 -6 -5 8 -8 -4 -1 -12 -13 -14
right_child=1 2 3 6 5 -7 7 -9 -10 -11 11 12 13 -15
leaf_value=6.6345199557227055e-05 0.0030910555249337407 0.00027351933633381888 -0.0012186235351546203 0.0029703582662172737 -0.0090255781760506873 -0.00054871332352049657 -0.00061740431195644082 0.00034451110322246311 -0.0045836717009660796 0.0019106472595342792 -0.00014252337244444863 0.00051313232474208199 -0.0058680410360431546 -0.0014759686521752958
leaf_weight=25488 90 8476 450 88 57 70 300 960 67 92 16700 373 110 403
leaf_count=25488 90 8476 450 88 57 70 300 960 67 92 16700 373 110 403
internal_value=-5.48669e-07 0.00016305 0.000136644 -0.000419374 -0.00143899 -0.00455106 6.60627e-05 -0.000136963 -0.00135689 -0.000674846 -4.10125e-05 -0.00019651 -0.00120979 -0.0024186
internal_weight=53724 10650 10560 2084 669 127 1415 1327 367 542 43074 17586 886 513
internal_count=53724 10650 10560 2084 669 127 1415 1327 367 542 43074 17586 886 513
cat_boundaries=0 1 2 3
cat_threshold=4741 10 19176
is_linear=0
shrinkage=0.035


Tree=342
num_leaves=15
num_cat=2
split_feature=26 2 8 29 24 21 8 32 28 6 26 32 23 22
split_gain=0.28457 0.967315 1.75353 0.906704 0.955908 0.738237 0.672683 0.582713 0.471399 0.430734 0.378496 0.859359 0.626295 0.477046
threshold=10.500000000000002 95.300000000000011 29.78939546494966 0.10837544681456425 3.5000000000000004 945.83478260869572 7.9145462706493843 0 -0.56174490092936669 186.50000000000003 21.500000000000004 1 0.76695908682826741 0.88696215972411474
decision_type=2 8 2 2 2 2 2 1 2 10 2 1 10 10
left_child=1 2 3 -1 -5 -3 -6 9 -9 -7 11 12 -2 -13
right_child=10 5 -4 4 6 7 -8 8 -10 -11 -12 13 -14 -15
leaf_value=0.00046392753452662082 0.0040609060289540956 -0.0032306071222744518 -0.0072946284628318007 0.00015103001100942495 -0.0020214414459726179 0.0010205545090138913 -0.0075724977651526314 -0.0021133994234688366 0.00077861182097965656 0.0054354673045454551 -5.3145650693749266e-06 0.00096071501947872105 0.0010691602795914687 -0.00055845639897228645
leaf_weight=256 111 56 55 85 62 59 50 82 330 50 51096 395 352 685
leaf_count=256 111 56 55 85 62 59 50 82 330 50 51096 395 352 685
internal_value=-5.70059e-07 -0.000560326 -0.00166652 -0.000911018 -0.00266501 0.000419533 -0.0047173 0.000838851 0.000180256 0.00293763 1.10198e-05 0.000550198 0.00178401 -9.57906e-07
internal_weight=53724 1085 508 453 197 577 112 521 412 109 52639 1543 463 1080
internal_count=53724 1085 508 453 197 577 112 521 412 109 52639 1543 463 1080
cat_boundaries=0 1 2
cat_threshold=266 33122
is_linear=0
shrinkage=0.035


Tree=343
num_leaves=15
num_cat=2
split_feature=30 5 32 6 25 22 22 32 26 28 0 16 7 13
split_gain=0.282933 0.425088 0.361732 0.663614 0.401975 0.372292 0.351594 1.56704 1.59069 1.91788 1.45048 2.90591 2.35975 2.60576
threshold=-0.99864786094873803 951.00000000000011 0 64.100000000000009 6.5000000000000009 1.1520107624818767 0.66501501823972131 1 89.500000000000014 -0.56174490092936669 10.100000000000001 4.2622372841814817 43.967803030303038 1.3750000000000002
decision_type=2 8 1 8 2 10 10 1 2 2 10 10 2 10
left_child=1 2 3 4 -1 -4 7 8 -2 -10 11 12 13 -9
right_child=6 -3 5 -5 -6 -7 -8 10 9 -11 -12 -13 -14 -15
leaf_value=-0.0024483390360093508 0.0048660543615682925 0.0020330617617835981 0.00013541770993302074 -0.0033619287888283045 0.00110046477415898 -0.0026071800672216342 -1.2946735166429557e-05 -0.0077091361542499567 -0.0020789382868446411 0.0024598649328146033 0.00054755717857177407 -0.0041612660105925211 0.0071172859701764549 0.00036097755905428383
leaf_weight=56 161 64 450 157 104 65 49651 50 170 324 1703 272 50 447
leaf_count=56 161 64 450 157 104 65 49651 50 170 324 1703 272 50 447
internal_value=-5.7895e-07 -0.000615579 -0.000830249 -0.00172901 -0.00017817 -0.00022809 9.90915e-06 0.000366566 0.00187052 0.000892748 -3.42266e-05 -0.00124036 0.000236612 -0.000519603
internal_weight=53724 896 832 317 160 515 52828 3177 655 494 2522 819 547 497
internal_count=53724 896 832 317 160 515 52828 3177 655 494 2522 819 547 497
cat_boundaries=0 1 2
cat_threshold=42656 8582
is_linear=0
shrinkage=0.035


Tree=344
num_leaves=15
num_cat=2
split_feature=21 22 29 4 17 32 13 5 16 26 33 22 30 6
split_gain=0.282845 0.857414 1.00811 0.851322 1.9321 0.883081 0.912773 1.49438 1.477 1.21587 0.548972 1.14199 0.881189 1.05248
threshold=831.83110367892994 0.60587144423659944 0.89787622492179153 1703.0000000000002 186.83097759254431 0 17.025000000000002 85.050000000000011 5.6568542494929623 53.500000000000007 1 2.0422420827073977 0.6174544326165855 15.950000000000001
decision_type=2 10 2 10 10 1 10 8 10 2 1 8 2 8
left_child=1 2 -1 4 5 6 -3 8 -8 -10 11 12 -2 -14
right_child=10 3 -4 -5 -6 -7 7 -9 9 -11 -12 -13 13 -15
leaf_value=0.0048928126165119464 8.9497130217886428e-05 0.0014834100876617538 0.00010200370837735725 0.0025500880227027167 -0.0060015636670426769 -9.3852165433134905e-05 -0.00057878317108944711 -0.00055492318050469488 -0.0025098123699426652 -0.0091339154948466752 -4.0279014047717618e-05 -0.0046564314552133201 0.0038446593936101573 0.00066544808509595406
leaf_weight=75 8097 97 165 104 74 2098 87 316 65 80 39855 53 130 2428
leaf_count=75 8097 97 165 104 74 2098 87 316 65 80 39855 53 130 2428
internal_value=-5.7093e-07 -0.000321493 0.00166843 -0.000487565 -0.00060403 -0.000447762 -0.00156385 -0.00214005 -0.00424185 -0.00634713 1.95217e-05 0.000241826 0.00026859 0.000834204
internal_weight=53724 3161 240 2921 2817 2743 645 548 232 145 50563 10708 10655 2558
internal_count=53724 3161 240 2921 2817 2743 645 548 232 145 50563 10708 10655 2558
cat_boundaries=0 1 2
cat_threshold=141 2
is_linear=0
shrinkage=0.035


Tree=345
num_leaves=15
num_cat=3
split_feature=29 32 16 23 24 32 23 32 9 26 29 29 24 11
split_gain=0.279294 1.41812 0.837654 0.676294 0.306291 1.65689 1.14067 0.966965 2.56323 2.1246 1.21691 1.39764 1.17421 1.01639
threshold=-0.99940763397299126 0 43.759352213255603 0.68949216527613888 1.5000000000000002 1 0.31404353297100485 2 632.50000000000011 293.50000000000006 0.73865729060996177 0.93544191479114935 5.5000000000000009 1.0000000180025095e-35
decision_type=2 1 10 10 2 1 8 1 10 2 2 2 2 10
left_child=1 -1 3 -3 5 6 -2 8 9 10 -6 -12 -10 -9
right_child=4 2 -4 -5 7 -7 -8 13 12 -11 11 -13 -14 -15
leaf_value=0.0041285436882537389 0.0057429279908576035 0.0019806820351685236 0.0037384044240903243 -0.0015717874897185813 -0.00033366400190382541 -2.1176244313100331e-05 0.00087966697931022523 0.0045297369339893905 -0.00014477153274997906 -0.0091978790848275069 -0.007036107918639717 -0.00048160054658850042 -0.0018483156944438114 4.3024192816081095e-05
leaf_weight=106 56 80 53 288 233 14141 2121 57 10219 53 90 70 516 25641
leaf_count=106 56 80 53 288 233 14141 2121 57 10219 53 90 70 516 25641
internal_value=-5.84203e-07 0.000797379 -0.000172817 -0.000783313 -8.56348e-06 0.00011767 0.001013 -6.44267e-05 -0.000335884 -0.00292115 -0.00196975 -0.00427 -0.000227478 5.38343e-05
internal_weight=53724 527 421 368 53197 16318 2177 36879 11181 446 393 160 10735 25698
internal_count=53724 527 421 368 53197 16318 2177 36879 11181 446 393 160 10735 25698
cat_boundaries=0 1 2 3
cat_threshold=164 1026 1190
is_linear=0
shrinkage=0.035


Tree=346
num_leaves=15
num_cat=0
split_feature=16 15 6 15 16 15 10 26 23 16 3 22 0 1
split_gain=0.277687 1.17497 1.41796 0.421223 0.36666 3.85999 4.10965 1.98385 1.67302 0.897258 1.33861 1.26218 1.35805 1.77911
threshold=560.35846336601708 2011.4500000000003 260.40000000000003 2532.9000000000005 239.98137122318215 180.25000000000003 538.53571428571433 128.50000000000003 0.41301601441261887 167.67230842796855 145.10000000000002 1.1861016125459249 349.00000000000006 431.00000000000006
decision_type=10 2 10 2 8 2 10 2 10 10 10 10 10 10
left_child=3 2 -2 4 9 7 -7 -6 -8 -1 -11 12 13 -12
right_child=1 -3 -4 -5 5 6 8 -9 -10 10 11 -13 -14 -15
leaf_value=6.0396995987631576e-06 -0.0038352231805805458 -0.0047560873862944157 0.003258240049836659 0.0025422779898181033 0.0010555067211552931 0.010148042150725869 0.0050504316002063987 -0.0074235169299376709 -8.7252359243629389e-05 -0.006553123632514723 -0.0095977514719982684 0.0013739673459142053 -0.0006265428521893794 -0.00066581925874481258
leaf_weight=52160 50 71 88 75 52 64 93 86 373 50 52 202 254 54
leaf_count=52160 50 71 88 75 52 64 93 86 373 50 52 202 254 54
internal_value=-5.35672e-07 -0.0012588 0.000643909 4.49556e-06 6.96422e-07 0.000812481 0.00217229 -0.00430333 0.000980809 -9.65533e-06 -0.00133653 -0.000818728 -0.00205104 -0.00528248
internal_weight=53724 209 138 53515 53440 668 530 138 466 52772 612 562 360 106
internal_count=53724 209 138 53515 53440 668 530 138 466 52772 612 562 360 106
is_linear=0
shrinkage=0.035


Tree=347
num_leaves=15
num_cat=1
split_feature=1 13 10 16 1 0 1 19 19 10 23 0 22 32
split_gain=0.277157 3.16665 1.47443 1.55974 1.13614 1.09663 2.36297 1.63867 1.16465 1.09283 0.816636 0.748048 0.704064 2.78785
threshold=51.850000000000001 39.95000000000001 60.316666666666677 19.126007573605225 67.700000000000017 51.850000000000001 124.25000000000001 87.120833333333351 30.012500000000006 105.03571428571429 0.20512848593319441 74.950000000000017 1.4557202798100788 0
decision_type=10 10 10 10 10 8 10 10 8 10 8 8 10 1
left_child=12 -2 3 11 9 6 7 -6 -7 -4 -10 -3 -1 -14
right_child=1 2 4 -5 5 8 -8 -9 10 -11 -12 -13 13 -15
leaf_value=-3.6521804545137053e-05 0.0062434637722646024 0.00033714965755316374 -0.00080092632338747043 0.0044795681634141752 0.0029688767976032435 -0.0046896750034647995 0.0081119530080602728 -0.0044501035474240787 -0.0035122559488090818 -0.0058519342458722276 5.3282991380544005e-05 0.0022992358069738763 0.0006265492410795604 -0.002780391249320298
leaf_weight=29173 97 1195 1241 145 88 59 60 55 74 50 20026 293 649 519
leaf_count=29173 97 1195 1241 145 88 59 60 55 74 50 20026 293 649 519
internal_value=-5.49855e-07 8.99945e-05 6.30268e-05 0.00107551 -1.35622e-05 5.03796e-05 0.00257873 6.1482e-05 2.42861e-05 -0.00101837 3.92859e-05 0.000729907 -7.03333e-05 -0.000911083
internal_weight=53724 23383 23286 1633 21653 20362 203 143 20159 1291 20100 1488 30341 1168
internal_count=53724 23383 23286 1633 21653 20362 203 143 20159 1291 20100 1488 30341 1168
cat_boundaries=0 1
cat_threshold=26217
is_linear=0
shrinkage=0.035


Tree=348
num_leaves=15
num_cat=2
split_feature=21 22 30 30 8 15 6 16 22 16 33 22 32 30
split_gain=0.274135 0.61623 0.629628 0.782502 1.22267 1.81897 0.645926 0.611927 0.642184 0.594148 0.533975 0.710667 1.40479 1.2874
threshold=2420.0925925925931 0.50538657577971635 0.83730377313544024 0.91511078773075516 84.560300217437955 671.50000000000011 17.050000000000004 152.57237066941968 1.2817568753419093 17.511900715418708 0 1.4052072675436353 1 -0.39827153806311183
decision_type=2 10 2 2 2 2 8 10 10 8 1 8 1 2
left_child=10 -2 -3 4 9 -6 -5 8 -8 -4 -1 -12 -13 -14
right_child=1 2 3 6 5 -7 7 -9 -10 -11 11 12 13 -15
leaf_value=6.251478021854135e-05 0.0029648806362069756 0.00026712297911178504 -0.0011756372737184463 0.0028759690924667785 -0.009131917233799438 -0.00077926742924319117 -0.00015728193144353515 0.0022120261310156803 -0.0033128730317112062 0.0018458314952182527 -0.00013679529296256132 0.00049386845296953889 -0.0056269822548113196 -0.0013980429951448506
leaf_weight=25488 90 8476 450 88 52 75 1129 118 80 92 16700 373 110 403
leaf_count=25488 90 8476 450 88 52 75 1129 118 80 92 16700 373 110 403
internal_value=-5.34877e-07 0.000158423 0.000133112 -0.000411267 -0.00139277 -0.00441561 5.6051e-05 -0.000141046 -0.000378873 -0.000650584 -3.98508e-05 -0.000188117 -0.00115138 -0.00230588
internal_weight=53724 10650 10560 2084 669 127 1415 1327 1209 542 43074 17586 886 513
internal_count=53724 10650 10560 2084 669 127 1415 1327 1209 542 43074 17586 886 513
cat_boundaries=0 1 2
cat_threshold=10 19176
is_linear=0
shrinkage=0.035


Tree=349
num_leaves=15
num_cat=2
split_feature=3 16 24 32 6 16 32 23 29 23 1 16 6 24
split_gain=0.276175 1.83817 3.03419 2.27422 1.63804 2.15209 1.40951 2.8296 1.33507 1.43749 2.12723 2.69172 1.71434 1.81075
threshold=230.50000000000003 55.946402922801475 5.5000000000000009 0 145.10000000000002 96.072888995803538 1 0.20512848593319441 0.81428061195174062 0.63452821575733587 450.50000000000006 141.35398063537818 247.10000000000002 3.5000000000000004
decision_type=8 10 2 1 10 10 1 8 2 10 10 8 10 2
left_child=1 -1 3 -3 5 -5 7 -2 9 10 11 12 -9 -14
right_child=6 2 -4 4 -6 -7 -8 8 -10 -11 -12 -13 13 -15
leaf_value=7.4302123211411188e-06 -0.0084526899666525438 0.0043463917603234724 -0.0051141598612976904 0.0011708057562041787 0.002749404476673164 -0.0052622622033745492 0.00014915878250126448 -0.00041964602364440281 0.00054800759224727421 -0.0004837394417748281 0.0015367189200642198 -0.010165803934447468 -0.0060450602507387263 0.00011919638083112995
leaf_weight=40805 51 337 71 166 230 97 7440 290 1064 2692 148 55 196 82
leaf_count=40805 51 337 71 166 230 97 7440 290 1064 2692 148 55 196 82
internal_value=-5.48347e-07 4.20524e-05 0.00160135 0.00220299 0.000609384 -0.00125576 -0.000148342 -0.000630413 -0.000534452 -0.000867347 -0.00219499 -0.00308667 -0.00231847 -0.00425684
internal_weight=53724 41706 901 830 493 263 12018 4578 4527 3463 771 623 568 278
internal_count=53724 41706 901 830 493 263 12018 4578 4527 3463 771 623 568 278
cat_boundaries=0 1 2
cat_threshold=59913 61578
is_linear=0
shrinkage=0.035


Tree=350
num_leaves=15
num_cat=2
split_feature=21 26 32 22 2 25 5 29 17 26 20 1 14 33
split_gain=0.274908 0.923213 0.902213 1.23104 0.882626 0.945906 0.841082 0.869955 0.739906 0.736622 0.716559 0.672546 0.671994 0.650002
threshold=945.83478260869572 10.500000000000002 0 0.70845910833487569 6.9000000000000012 5.5000000000000009 38.100000000000009 0.71503381463111937 487.38764923752217 25.500000000000004 756.83333333333337 52.550000000000004 1907.9000000000003 1
decision_type=2 2 1 8 10 2 8 2 10 2 8 8 8 1
left_child=1 -1 3 6 5 10 -3 -8 12 -6 11 -5 -4 -2
right_child=13 2 8 4 9 -7 7 -9 -10 -11 -12 -13 -14 -15
leaf_value=-0.0035383035584727273 0.00030017614098160755 0.004571077184779203 0.00020903941933300907 -0.0053278322439353444 -0.0037675487233288802 -0.0065120884375129313 0.003938269645441324 -0.0011792091839445207 -0.0029320250614255205 -0.00045409873662289728 -3.9911892001881556e-05 -0.000936003753476226 0.003703432568564903 -3.42775551751663e-05
leaf_weight=97 8653 71 2996 89 83 58 51 144 85 1288 156 83 64 39806
leaf_count=97 8653 71 2996 89 83 58 51 144 85 1288 156 83 64 39806
internal_value=-5.82328e-07 -0.000240654 -0.000175399 -0.000748932 -0.00108886 -0.00255722 0.00144739 0.000224205 0.00019588 -0.000667655 -0.0017706 -0.00329483 0.000288047 2.55233e-05
internal_weight=53724 5265 5168 2023 1757 386 266 195 3145 1371 328 172 3060 48459
internal_count=53724 5265 5168 2023 1757 386 266 195 3145 1371 328 172 3060 48459
cat_boundaries=0 1 2
cat_threshold=32919 2
is_linear=0
shrinkage=0.035


Tree=351
num_leaves=15
num_cat=0
split_feature=17 1 2 9 23 6 21 13 19 16 1 0 9 4
split_gain=0.270828 0.953062 0.791532 0.709672 0.611718 2.07903 0.92075 0.593244 2.72719 2.7551 1.72624 1.31202 1.44691 1.30663
threshold=0.66402866348832101 1.0500000000000003 1.6500000000000001 2802.5000000000005 0.13344941042644634 741.00000000000011 1892.0199275362322 11.525000000000002 36.112500000000004 13.801311186842909 11.025000000000002 9.5500000000000025 1972.5000000000005 7.0500000000000007
decision_type=8 8 8 8 8 8 2 10 10 8 10 8 10 8
left_child=3 -2 -3 -1 5 6 -4 8 9 10 -6 12 -9 -13
right_child=1 2 4 -5 7 -7 -8 11 -10 -11 -12 13 -14 -15
leaf_value=-6.5138217572636515e-05 -0.0039826868864235613 0.0032111253554099489 0.0080570865841582424 -0.0018122983361870747 0.00016513567763542844 -0.0033813788813718579 0.0015368979325762293 -0.0052644703407918134 0.0080189473548671238 -0.0060745922393159926 0.0022942121054117764 -0.0024985174233510266 0.00087168009963352236 -1.0200342765523546e-05
leaf_weight=1351 68 90 51 356 5483 52 56 116 51 78 505 255 75 45137
leaf_count=1351 68 90 51 356 5483 52 56 116 51 78 505 255 75 45137
internal_value=-5.99296e-07 1.36551e-05 1.9269e-05 -0.000433742 1.34206e-05 0.00214762 0.0048656 6.64999e-06 0.000330151 0.000258956 0.000346456 -3.67936e-05 -0.00289422 -2.44527e-05
internal_weight=53724 52017 51949 1707 51859 159 107 51700 6117 6066 5988 45583 191 45392
internal_count=53724 52017 51949 1707 51859 159 107 51700 6117 6066 5988 45583 191 45392
is_linear=0
shrinkage=0.035


Tree=352
num_leaves=15
num_cat=2
split_feature=26 26 7 32 33 25 23 16 8 16 3 26 26 14
split_gain=0.26965 0.879731 0.90698 0.793782 0.753525 0.691012 0.507789 0.652904 1.86841 0.507621 0.476983 1.29675 1.45395 0.644801
threshold=300.50000000000006 299.50000000000006 71.062179487179506 0 1 10.500000000000002 0.71938338578024796 40.115716565003247 142.62135666079874 19.463320195859016 18.050000000000004 341.50000000000006 348.50000000000006 27.525000000000002
decision_type=2 2 2 1 1 2 10 8 2 10 10 2 2 10
left_child=1 -1 -3 10 -5 -6 7 9 -9 -7 11 -2 -13 -12
right_child=3 2 -4 4 5 6 -8 8 -10 -11 13 12 -14 -15
leaf_value=-2.3153741234267481e-05 0.00063261071110310102 -0.00028171585547121089 -0.0063284903837113899 0.00038268317413280017 0.0019185075285525 -0.0013601257899430513 -0.00031593580452662424 -0.0084323860788396727 -0.00042022131015358475 0.0016135050612637169 -0.001563537370384438 0.0086593410368077453 0.0014536351698916407 0.00067457392005936814
leaf_weight=46580 426 69 50 2382 132 393 1623 53 94 81 171 55 86 1529
leaf_count=46580 426 69 50 2382 132 393 1623 53 94 81 171 55 86 1529
internal_value=-5.74848e-07 -3.09937e-05 -0.00297511 0.000201514 -5.60372e-05 -0.000495507 -0.00064366 -0.00149081 -0.00349132 -0.000840436 0.000737998 0.00161625 0.00446467 0.000445521
internal_weight=53724 46699 119 7025 4758 2376 2244 621 147 474 2267 567 141 1700
internal_count=53724 46699 119 7025 4758 2376 2244 621 147 474 2267 567 141 1700
cat_boundaries=0 1 2
cat_threshold=5257 6
is_linear=0
shrinkage=0.035


Tree=353
num_leaves=15
num_cat=1
split_feature=20 14 6 13 22 7 5 2 10 22 32 26 6 0
split_gain=0.268677 0.543689 0.953664 2.72506 0.68497 0.855078 0.959107 0.711195 0.67158 0.606111 1.04333 0.956392 0.826227 0.685301
threshold=2391.8333333333335 837.50000000000011 77.100000000000009 902.50000000000011 1.8174112776305755 667.93981481481489 720.50000000000011 100.50000000000001 181.11309523809527 0.68363360969387765 0 85.500000000000014 15.050000000000002 30.150000000000002
decision_type=8 8 8 10 8 2 10 8 10 10 1 2 10 10
left_child=-1 4 -3 -4 5 9 -7 -6 -9 10 12 -12 -2 -14
right_child=1 2 3 -5 7 6 -8 8 -10 -11 11 -13 13 -15
leaf_value=-4.2811168321119704e-05 0.0028906531554865511 -0.0029965259559685369 0.008855310663170482 0.00071737623415696198 -0.004710650998996954 -0.0051508417813242941 -1.2994624987662395e-05 0.0024581301602502837 -0.0028920223056481697 0.00011173233582234398 0.0065350461546040614 0.0016543361921241262 -0.0040512652176988842 0.00027220893894249886
leaf_weight=41604 61 51 54 354 68 74 102 53 52 10778 59 239 77 98
leaf_count=41604 61 51 54 354 68 74 102 53 52 10778 59 239 77 98
internal_value=-5.6328e-07 0.000144418 0.00131939 0.00188862 9.7623e-05 0.000130951 -0.00225584 -0.00205703 -0.000202488 0.000169067 0.0013145 0.00262588 -0.000451726 -0.00168981
internal_weight=53724 12120 459 408 11661 11488 176 173 105 11312 534 298 236 175
internal_count=53724 12120 459 408 11661 11488 176 173 105 11312 534 298 236 175
cat_boundaries=0 1
cat_threshold=34857
is_linear=0
shrinkage=0.035


Tree=354
num_leaves=15
num_cat=2
split_feature=26 29 21 15 11 6 8 24 32 3 26 32 22 0
split_gain=0.265384 0.90568 1.10632 1.10416 1.78014 0.602271 1.04506 0.5739 0.480851 0.451092 0.342477 0.825671 0.562045 1.09568
threshold=10.500000000000002 0.074116354202380205 926.59420289855086 92.750000000000014 67.456439393939405 28.050000000000004 2.929167413498496 1.5000000000000002 0 58.550000000000004 21.500000000000004 1 0.88696215972411474 25.050000000000004
decision_type=2 2 2 2 10 10 2 2 1 10 2 1 10 10
left_child=1 8 -3 4 5 6 -4 -5 9 -1 11 12 -2 -14
right_child=10 2 3 7 -6 -7 -8 -9 -10 -11 -12 -13 13 -15
leaf_value=0.0048094566640459364 0.00087580287375965639 -0.0057949206356950585 2.7657533116224743e-05 0.0031290227516830443 -0.0078696452853374045 0.00064268610667120134 -0.0057920440542169249 -0.00028643303225359053 -7.4752650513674644e-05 0.00056863281439291315 -4.8771030375251089e-06 0.0011444560923724216 -0.0044414450460930777 -0.00017562645114361285
leaf_weight=56 217 57 85 81 52 133 63 199 294 65 51096 961 97 268
leaf_count=56 217 57 85 81 52 133 63 199 294 65 51096 961 97 268
internal_value=-5.31718e-07 -0.00054109 -0.00133314 -0.000874733 -0.00222263 -0.00105832 -0.00255797 0.000739171 0.000738292 0.00244986 1.06606e-05 0.000523543 -0.000513476 -0.00135398
internal_weight=53724 1085 670 613 333 281 148 280 415 121 52639 1543 582 365
internal_count=53724 1085 670 613 333 281 148 280 415 121 52639 1543 582 365
cat_boundaries=0 1 2
cat_threshold=12673 21637
is_linear=0
shrinkage=0.035


Tree=355
num_leaves=15
num_cat=4
split_feature=24 32 29 26 3 22 23 33 32 29 20 22 23 32
split_gain=0.264855 1.68892 1.66802 4.58297 3.02067 1.25127 1.18614 0.990887 1.10647 0.730887 0.824878 0.718123 2.35646 1.68677
threshold=1.0000000180025095e-35 0 0.83849049182116964 107.50000000000001 27.550000000000004 1.1636634199134201 0.87094671321024519 1 2 0.91596454896554913 1880.3571428571431 1.3181215910014135 1.4319226650830374 3
decision_type=2 1 2 2 10 10 8 1 1 2 10 10 8 1
left_child=1 2 -1 -4 -5 7 -7 8 -3 -8 -11 -2 -13 -14
right_child=11 5 3 4 -6 6 9 -9 -10 10 -12 12 13 -15
leaf_value=-0.00016799418378667664 1.0215353355530538e-05 0.0019118421434340591 -0.00042899936519816262 -0.013746681191971423 -0.0022193052421345663 0.0064568802838524189 0.00085868571904500494 -0.00028457248583964653 0.00027340186345159282 -0.00041336007475514303 0.0048730501362250281 -0.0017861381952683124 0.0011267150558125418 -0.00059649084677162718
leaf_weight=1705 41378 674 323 58 54 52 920 2342 1941 50 119 1187 1109 1812
leaf_count=1705 41378 674 323 58 54 52 920 2342 1941 50 119 1187 1109 1812
internal_value=-5.49271e-07 0.000181995 -0.000661235 -0.00258566 -0.0085212 0.000478512 0.00152168 0.000238069 0.000704195 0.00125759 0.00334209 -3.36263e-05 -0.000474699 6.03687e-05
internal_weight=53724 8238 2140 435 112 6098 1141 4957 2615 1089 169 45486 4108 2921
internal_count=53724 8238 2140 435 112 6098 1141 4957 2615 1089 169 45486 4108 2921
cat_boundaries=0 1 2 3 4
cat_threshold=337 3 1030 18520
is_linear=0
shrinkage=0.035


Tree=356
num_leaves=15
num_cat=2
split_feature=23 32 22 29 16 26 30 22 23 30 32 23 6 26
split_gain=0.269769 2.17038 1.72233 1.23285 1.21325 1.16457 1.00935 1.17932 1.23973 0.93963 0.936389 1.92775 1.16992 1.39846
threshold=1.1635321762957724 0 1.059319335044117 0.93237596376505805 42.505479257369139 330.50000000000006 -0.59177783207548873 1.2745430613150301 1.6557367885011527 0.95691861501572195 1 1.0744764980450288 1052.5000000000002 116.50000000000001
decision_type=10 1 10 2 10 2 2 10 10 2 1 10 8 2
left_child=10 3 -3 4 5 -2 -4 8 -8 -6 11 12 -1 -14
right_child=1 2 6 -5 9 -7 7 -9 -10 -11 -12 -13 13 -15
leaf_value=0.0012563089017374387 -0.0016668251714242199 0.0014878702070222527 -0.00055962802143503805 0.0011778869276810276 8.1467970376867074e-05 0.00065424126942173412 0.00075773894882203709 -9.0219682164887456e-05 0.0041083128125222823 0.0048574242975278677 -8.4685728215407998e-05 -0.0016049775452440199 -0.0047542974022396194 0.00075966894058316649
leaf_weight=2045 1753 1529 1661 371 350 309 2639 2754 138 54 39480 410 86 145
leaf_count=2045 1753 1529 1661 371 350 309 2639 2754 138 54 39480 410 86 145
internal_value=-5.27671e-07 0.000149238 0.000422629 -0.000689499 -0.000975046 -0.00131826 0.000195872 0.000423055 0.000931327 0.000771416 -4.15922e-05 0.000588921 0.000989365 -0.00135038
internal_weight=53724 11558 8721 2837 2466 2062 7192 5531 2777 404 42166 2686 2276 231
internal_count=53724 11558 8721 2837 2466 2062 7192 5531 2777 404 42166 2686 2276 231
cat_boundaries=0 1 2
cat_threshold=8451 256
is_linear=0
shrinkage=0.035


Tree=357
num_leaves=15
num_cat=2
split_feature=3 16 24 32 32 29 23 28 23 13 16 28 6 16
split_gain=0.266409 1.70067 2.82082 2.11697 1.3179 1.82432 2.36626 2.65212 3.15385 1.21963 1.18093 1.46299 1.05507 2.97954
threshold=230.50000000000003 55.946402922801475 5.5000000000000009 0 1 0.82414472752956958 0.5946424300406602 1.0000000180025095e-35 0.20512848593319441 277.25000000000006 185.0096518102703 -0.56174490092936669 70.250000000000014 27.342623276106181
decision_type=8 10 2 1 1 2 10 2 10 8 10 2 8 8
left_child=1 9 3 -3 5 6 7 8 -2 -1 11 -5 13 -6
right_child=4 2 -4 10 12 -7 -8 -9 -10 -11 -12 -13 -14 -15
leaf_value=1.5328025627273039e-05 -0.01149784258996586 0.0048208979507725026 -0.0049338290489121346 -0.0010590425498755163 -0.00024144964297910678 0.00070873347518550782 -0.00062017952000278324 -0.0013743019240995324 -0.0025392090829966661 -0.0050204941425946057 -0.0026584459079098646 0.0029121532580271984 0.00024003598169727982 -0.005679158427403309
leaf_weight=40751 81 236 71 167 1048 818 2022 367 118 54 90 337 7429 135
leaf_count=40751 81 236 71 167 1048 818 2022 367 118 54 90 337 7429 135
internal_value=-4.88971e-07 4.13518e-05 0.0015412 0.00212131 -0.000145645 -0.000726745 -0.00118376 -0.00317404 -0.00637812 8.04949e-06 0.000921591 0.00159882 8.52091e-05 -0.000883273
internal_weight=53724 41706 901 830 12018 3406 2588 566 199 40805 594 504 8612 1183
internal_count=53724 41706 901 830 12018 3406 2588 566 199 40805 594 504 8612 1183
cat_boundaries=0 1 2
cat_threshold=57352 24714
is_linear=0
shrinkage=0.035


Tree=358
num_leaves=15
num_cat=1
split_feature=22 23 32 23 0 4 8 16 30 22 26 22 13 16
split_gain=0.266821 1.38566 1.39259 1.97911 1.40672 2.83637 1.27636 1.20743 1.04687 0.950245 0.904012 2.32105 1.90059 0.88484
threshold=0.88219178082191785 0.86160117556508353 0 0.41301601441261887 15.050000000000002 13.750000000000002 14.592339923061127 185.0096518102703 -0.97111920233974802 0.70845910833487569 320.50000000000006 0.30778394688095173 235.65000000000003 7.6615925237518354
decision_type=10 10 1 10 8 10 2 8 2 10 2 10 8 10
left_child=1 2 10 4 5 -4 -7 8 13 -3 11 -1 -12 -6
right_child=-2 9 3 -5 7 6 -8 -9 -10 -11 12 -13 -14 -15
leaf_value=0.0072603070657491888 -4.5147098596680225e-05 0.0030354006350495873 0.0015673021624545353 -5.6591858453825431e-09 0.00035376095976254212 -0.0036364939991674829 -0.011638679609866814 -0.0047830612748160518 -0.00039464112662712815 0.00064285772428876518 -0.0001464102129366438 0.00043864434771488924 -0.006852851487290596 -0.0044553414942810126
leaf_weight=57 40479 217 60 4084 66 56 50 96 1176 2506 315 4354 57 151
leaf_count=57 40479 217 60 4084 66 56 50 96 1176 2506 315 4354 57 151
internal_value=-5.28158e-07 0.000135801 -4.64251e-05 -0.000413483 -0.00143323 -0.00444491 -0.00776535 -0.00108372 -0.00081258 0.000838737 0.00039401 0.000534916 -0.00125127 -0.00301764
internal_weight=53724 13245 10522 5739 1655 166 106 1489 1393 2723 4783 4411 372 217
internal_count=53724 13245 10522 5739 1655 166 106 1489 1393 2723 4783 4411 372 217
cat_boundaries=0 1
cat_threshold=919
is_linear=0
shrinkage=0.035


Tree=359
num_leaves=15
num_cat=3
split_feature=23 6 30 23 32 24 32 22 2 20 21 22 32 21
split_gain=0.269928 3.72273 1.46864 0.30274 1.26684 1.12255 1.57039 1.17104 1.20597 1.70485 1.50045 1.11141 1.51083 1.52879
threshold=0.13344941042644634 13.050000000000002 -0.013976481981245173 0.87342900336198936 0 1.0000000180025095e-35 1 1.1807271279209666 29.950000000000003 1971.8333333333337 2219.1987179487182 1.0649439492602164 2 2300.1000000000004
decision_type=8 10 2 8 1 2 1 10 10 10 2 8 1 2
left_child=1 -1 -3 4 11 6 -6 -7 9 -9 -10 -2 13 -13
right_child=3 2 -4 -5 5 7 -8 8 10 -11 -12 12 -14 -15
leaf_value=-0.0063953394016081641 -0.00040105704640378849 0.0071796614100593471 -0.00033172075958414512 4.4608055020749652e-05 0.0043316879927162806 0.00011752979321562772 0.00036250430629453036 -0.0084975727973505867 0.0035000433418134308 -0.00011316741447381933 -0.0037255244353111591 0.0029093950324638102 -0.0042198268368692053 -0.0041451446155591288
leaf_weight=50 5867 81 50 39426 167 7081 397 63 68 53 63 99 205 54
leaf_count=50 5867 81 50 39426 167 7081 397 63 68 53 63 99 205 54
internal_value=-5.70429e-07 0.00133044 0.00440593 -5.19368e-06 -0.000144247 0.000150285 0.00164801 3.41722e-05 -0.00231044 -0.00482974 1.59375e-05 -0.000516884 -0.00239765 0.000345319
internal_weight=53724 181 131 53543 14117 7892 564 7328 247 116 131 6225 358 153
internal_count=53724 181 131 53543 14117 7892 564 7328 247 116 131 6225 358 153
cat_boundaries=0 1 2 3
cat_threshold=53488 1024 32864
is_linear=0
shrinkage=0.035


Tree=360
num_leaves=15
num_cat=1
split_feature=22 23 0 23 32 0 26 20 16 30 3 5 30 1
split_gain=0.265925 1.31634 1.05909 1.16555 2.27759 1.99147 1.41982 2.08685 1.32711 1.35727 0.841048 3.10932 0.932926 1.35862
threshold=0.79873961729340393 1.0744764980450288 1.2500000000000002 0.35761826530182406 0 8.5500000000000025 318.50000000000006 2484.5833333333335 141.35398063537818 -0.96687281075841669 7.5500000000000007 32.050000000000004 0.097680735332368748 26.100000000000005
decision_type=10 10 8 10 1 8 2 8 10 2 10 10 2 10
left_child=1 2 -1 4 6 -6 7 -4 9 -7 11 -11 -12 -14
right_child=-2 -3 3 -5 5 8 -8 -9 -10 10 12 -13 13 -15
leaf_value=0.0045028122995090462 -3.2501627252856195e-05 0.0032820203163675178 0.0011767776560798159 0.00033611895478802652 -0.0065201491619256225 -0.0032776678310264722 -0.0034510674697324456 0.008285354314633878 -0.0049464650527287239 -0.0010562682775459996 0.00036452594497573697 0.0085092501173106346 -0.0044383422842306742 -0.00024630638143888949
leaf_weight=62 45996 160 339 5611 81 206 57 55 93 133 485 55 153 238
leaf_count=62 45996 160 339 5611 81 206 57 55 93 133 485 55 153 238
internal_value=-5.77939e-07 0.000189326 0.000121817 8.26566e-05 -0.000666742 -0.00133981 0.00147632 0.00226048 -0.00101904 -0.000713169 -0.000203651 0.0018901 -0.000661172 -0.001922
internal_weight=53724 7728 7568 7506 1895 1444 451 394 1363 1270 1064 188 876 391
internal_count=53724 7728 7568 7506 1895 1444 451 394 1363 1270 1064 188 876 391
cat_boundaries=0 1
cat_threshold=404
is_linear=0
shrinkage=0.035


Tree=361
num_leaves=15
num_cat=0
split_feature=5 15 1 4 1 13 21 0 4 13 30 2 7 29
split_gain=0.262572 0.806805 1.26844 0.492737 0.684539 0.846951 0.863571 0.843473 0.500024 0.975822 1.52935 0.546871 0.509143 0.492152
threshold=2775.0000000000005 2212.5000000000005 2505.0000000000005 2215.0000000000005 1204.0000000000002 1367.5000000000002 2140.6385869565224 1305.0000000000002 1605.0000000000002 1100.5000000000002 0.70747208174348741 1103.5000000000002 1226.6937500000001 0.55656748448714433
decision_type=10 2 8 10 10 10 2 8 10 10 2 10 2 2
left_child=1 3 -3 4 8 7 -7 -6 9 11 -11 12 -1 -2
right_child=13 2 -4 -5 5 6 -8 -9 -10 10 -12 -13 -14 -15
leaf_value=-2.2202304661091539e-06 -0.00049999785040583935 -0.0063408717727138396 0.00092205096501857048 -0.0028914775783454795 0.00063918280902307951 0.0015873526605791016 -0.0019850612341454537 0.0055650467337893693 0.0024063613910887704 -0.0058728732270905866 0.0009895896950145376 0.002925389328171523 -0.0022846283531413676 0.0037917880058780107
leaf_weight=52467 66 57 54 67 82 218 127 87 100 82 71 73 115 58
leaf_count=52467 66 57 54 67 82 218 127 87 100 82 71 73 115 58
internal_value=-5.49611e-07 -4.34498e-06 -0.00292011 1.97817e-06 5.8773e-06 0.0012708 0.000262719 0.00326203 -6.53031e-06 -1.13269e-05 -0.00275779 -3.08536e-06 -7.42874e-06 0.00157661
internal_weight=53724 53600 111 53489 53422 514 345 169 52908 52808 153 52655 52582 124
internal_count=53724 53600 111 53489 53422 514 345 169 52908 52808 153 52655 52582 124
is_linear=0
shrinkage=0.035


Tree=362
num_leaves=15
num_cat=3
split_feature=29 32 16 23 26 24 32 22 22 32 9 26 29 29
split_gain=0.261836 1.32219 0.768586 0.625324 0.286676 0.277757 1.53398 0.928801 1.49252 0.887395 2.33777 1.97846 1.13406 1.32993
threshold=-0.99940763397299126 0 43.759352213255603 0.68949216527613888 272.50000000000006 1.5000000000000002 1 2.0422420827073977 1.6251824594520763 2 632.50000000000011 293.50000000000006 0.73865729060996177 0.93544191479114935
decision_type=2 1 10 10 2 2 1 8 10 1 10 2 2 2
left_child=1 -1 3 -3 -5 6 7 8 -2 10 11 12 -7 -14
right_child=5 2 -4 4 -6 9 -8 -9 -10 -11 -12 -13 13 -15
leaf_value=0.0039885845976258237 0.00051580156020215775 0.0019080925798728406 0.003581675033020819 -4.093785943802108e-05 -0.002326011579422057 -0.00029405910289343043 -0.00015424606027679611 -0.0036865276087660786 0.0047464802458349513 5.1833456647760028e-05 -0.00021797795663992451 -0.008846805743182657 -0.0067913219984498275 -0.00040294111507634329
leaf_weight=106 6057 80 53 105 183 233 10104 58 99 25698 10735 53 90 70
leaf_count=106 6057 80 53 105 183 233 10104 58 99 25698 10735 53 90 70
internal_value=-5.33795e-07 0.000772087 -0.000164836 -0.000749613 -0.00150783 -8.25966e-06 0.00011195 0.000543935 0.000587636 -6.14572e-05 -0.000321506 -0.00279046 -0.00187282 -0.00409331
internal_weight=53724 527 421 368 288 53197 16318 6214 6156 36879 11181 446 393 160
internal_count=53724 527 421 368 288 53197 16318 6214 6156 36879 11181 446 393 160
cat_boundaries=0 1 2 3
cat_threshold=164 15394 1190
is_linear=0
shrinkage=0.035


Tree=363
num_leaves=15
num_cat=1
split_feature=20 17 21 15 32 23 19 9 1 6 22 23 22 30
split_gain=0.260299 0.940363 0.91056 1.69465 3.75968 3.59493 2.9126 1.88352 1.84781 1.0211 0.964379 0.823654 1.22223 1.02699
threshold=2000.3571428571431 688.22773644165443 1892.0199275362322 95.175000000000011 0 1.0314764046588347 122.35416666666667 1932.5000000000002 95.100000000000009 140.50000000000003 1.5858780692660879 1.8459722810627612 1.3486238149086522 -0.15950993297387572
decision_type=8 10 2 2 1 10 10 10 10 8 10 10 10 2
left_child=1 2 -1 8 5 7 -7 -5 10 -9 -4 -2 -13 -14
right_child=11 -3 3 4 -6 6 -8 9 -10 -11 -12 12 13 -15
leaf_value=1.25208166902745e-05 4.7484298000508453e-05 -0.003837095784960476 -0.00015492106912979236 -0.0059147023688170264 -0.00040760436756350215 -0.015833631472050913 -0.0037168199997395278 0.0038809153680750708 0.0038132239040353688 -0.0023606413028969928 -0.003832047935754348 0.0041633457008498258 0.0020362760446455686 -0.00082019922996047316
leaf_weight=25542 23795 76 2207 93 823 51 50 56 137 63 86 136 289 320
leaf_count=25542 23795 76 2207 93 823 51 50 56 137 63 86 136 289 320
internal_value=-5.15746e-07 -7.11559e-05 -6.06658e-05 -0.000584159 -0.00169685 -0.00486139 -0.0102935 -0.00231995 -6.15704e-05 0.000614615 -0.000300871 8.34899e-05 0.00122551 0.00054088
internal_weight=53724 29184 29108 3566 1136 313 101 212 2430 119 2293 24540 745 609
internal_count=53724 29184 29108 3566 1136 313 101 212 2430 119 2293 24540 745 609
cat_boundaries=0 1
cat_threshold=41004
is_linear=0
shrinkage=0.035


Tree=364
num_leaves=15
num_cat=1
split_feature=4 7 20 23 32 29 23 0 19 6 2 22 7 29
split_gain=0.263214 1.05213 0.845264 1.03223 0.561235 1.10739 1.10917 0.474347 0.957331 0.550752 0.495063 0.472299 1.89204 2.06777
threshold=996.75000000000011 1226.6937500000001 605.357142857143 0.31404353297100485 0 0.98049069993378934 1.0796079784904449 36.100000000000009 7.229166666666667 29.900000000000002 26.550000000000004 0.30778394688095173 346.87111801242241 0.71503381463111937
decision_type=8 2 10 8 1 2 8 8 10 10 10 10 2 2
left_child=1 11 -2 -4 5 -5 -7 9 -9 -6 -11 12 13 -1
right_child=2 -3 3 4 7 6 -8 8 -10 10 -12 -13 -14 -15
leaf_value=-0.0039027520104734513 -0.0035748533031774985 -0.0047753737016025472 0.0039000232576046948 -2.548068272486634e-05 -0.0007907911040284059 -0.00032563991321628728 -0.0070350610870257803 0.0053593354429203001 0.00067149209307939195 0.0038505423836255408 -0.00027240201628774235 -2.4925078395922803e-05 0.0072291133097711615 0.0034202186365594879
leaf_weight=88 64 52 92 1177 527 64 53 50 1970 62 75 49309 50 91
leaf_count=88 64 52 92 1177 527 64 53 50 1970 62 75 49309 50 91
internal_value=-5.75019e-07 -2.29532e-05 0.000267569 0.000332303 0.000244999 -0.000351888 -0.00352871 0.000532217 0.000800474 -0.000275795 0.00166334 -1.74832e-05 0.00155122 -0.000188125
internal_weight=53724 49590 4134 4070 3978 1294 117 2684 2020 664 137 49538 229 179
internal_count=53724 49590 4134 4070 3978 1294 117 2684 2020 664 137 49538 229 179
cat_boundaries=0 1
cat_threshold=6355
is_linear=0
shrinkage=0.035


Tree=365
num_leaves=15
num_cat=1
split_feature=16 2 4 3 1 9 16 19 10 1 32 11 23 17
split_gain=0.259551 0.570832 0.504044 0.677422 0.486518 0.479908 0.406295 1.77589 1.55754 1.33223 1.2024 1.75185 1.60909 1.59065
threshold=0.54772255750852961 1.6500000000000001 1.0500000000000003 1.2500000000000002 3.5500000000000003 2802.5000000000005 1.6603713526007389 84.550000000000011 81.683333333333351 9.0500000000000025 0 13.482575757575761 0.48712384133508008 3.3620456619420382
decision_type=8 8 8 8 8 8 10 8 8 8 1 10 10 10
left_child=5 4 -3 -4 -2 -1 7 8 -5 10 12 13 -8 -12
right_child=1 2 3 6 -6 -7 9 -9 -10 -11 11 -13 -14 -15
leaf_value=-0.00011517910855085822 2.3980770598758351e-05 -0.0032516922183126085 0.0032933346074159177 0.0002787375311786083 0.004737577414378958 -0.0014562710413452311 -0.004710275999514125 0.0064793549751630056 -0.0048647745343065535 1.0970576345560726e-06 0.00034136675828864386 -0.0032899817126077827 -0.0010082596389736503 0.0065779417707609138
leaf_weight=1587 50 53 72 6041 53 407 203 51 68 44289 201 108 479 62
leaf_count=1587 50 53 72 6041 53 407 203 51 68 44289 201 108 479 62
internal_value=-5.42828e-07 1.45778e-05 9.25947e-06 1.29255e-05 0.00255647 -0.00039187 8.02019e-06 0.000274609 0.000217553 -2.82238e-05 -0.00125563 0.000360818 -0.00210579 0.00190688
internal_weight=53724 51730 51627 51574 103 1994 51502 6160 6109 45342 1053 371 682 263
internal_count=53724 51730 51627 51574 103 1994 51502 6160 6109 45342 1053 371 682 263
cat_boundaries=0 1
cat_threshold=43602
is_linear=0
shrinkage=0.035


Tree=366
num_leaves=15
num_cat=3
split_feature=21 32 22 1 32 23 8 5 30 17 16 5 33 23
split_gain=0.257356 0.812785 1.12528 0.801305 2.4838 2.08532 0.733329 1.19387 0.711882 0.707055 0.662821 0.602655 0.588371 1.22145
threshold=945.83478260869572 0 0.72275681343581921 52.550000000000004 1 0.89083339919777127 2.1567228354114367 10.100000000000001 0.28313308994381592 40.778410806195104 560.35846336601708 33.100000000000009 2 0.48712384133508008
decision_type=2 1 8 10 1 10 2 8 2 10 10 10 1 8
left_child=1 10 8 4 5 -4 -6 -8 -3 11 -1 -5 13 -2
right_child=12 2 3 9 6 -7 7 -9 -10 -11 -12 -13 -14 -15
leaf_value=0.00026624393799666411 0.0035652375222272139 7.2042583418734994e-05 -0.0018093287738922398 0.0024553733754504492 0.002151937797358428 -0.011793616049330343 -0.0056323880401194203 -0.00095252748181355932 0.0036248401134265089 -0.0036250833066119609 -0.0033658019494679243 -0.00028400735506991229 -3.2150872988613157e-05 0.00023352828957315836
leaf_weight=2694 132 199 52 107 78 50 67 991 101 64 58 804 39806 8521
leaf_count=2694 132 199 52 107 78 50 67 991 101 64 58 804 39806 8521
internal_value=-5.13941e-07 -0.000232796 -0.000685673 -0.000961366 -0.00155062 -0.00642548 -0.00102141 -0.00127399 0.00130797 -0.000209072 0.000183067 4.93885e-05 2.47445e-05 0.000286052
internal_weight=53724 5265 2513 2213 1238 102 1136 1058 300 975 2752 911 48459 8653
internal_count=53724 5265 2513 2213 1238 102 1136 1058 300 975 2752 911 48459 8653
cat_boundaries=0 1 2 3
cat_threshold=8040 4 2
is_linear=0
shrinkage=0.035


Tree=367
num_leaves=15
num_cat=2
split_feature=3 7 13 10 16 2 16 0 10 32 1 5 32 22
split_gain=0.259498 1.56021 2.05166 1.36923 1.68071 1.26332 2.64731 2.6352 2.26319 2.16431 3.04999 2.77153 1.34395 1.25776
threshold=230.50000000000003 261.48032407407413 300.25000000000006 448.6357142857143 90.706223711825999 321.00000000000006 122.58670358577564 46.100000000000009 2.6266666666666674 0 8.0500000000000025 200.75000000000003 1 1.1908104541997269
decision_type=8 2 8 10 10 8 8 10 10 1 10 8 1 10
left_child=1 2 -1 4 -3 6 9 -8 -7 10 11 -2 -10 -11
right_child=5 3 -4 -5 -6 8 7 -9 12 13 -12 -13 -14 -15
leaf_value=2.5724613001960573e-05 -0.002161560712631272 0.0014085015697622473 -0.0058470675677750007 -0.0030728762754653068 0.0064083918758842638 0.0072164787081366588 -0.010350281519313286 -0.0018027760799207496 -0.0010516356589982639 0.00017525955016879654 -0.0010129307973913034 -0.011952378496096762 0.00028690432766913726 -0.0017288573738851781
leaf_weight=41062 81 419 68 58 99 50 59 152 1063 3285 568 62 6215 483
leaf_count=41062 81 419 68 58 99 50 59 152 1063 3285 568 62 6215 483
internal_value=-5.45427e-07 4.0749e-05 1.53056e-05 0.0018418 0.00241621 -0.000143807 -0.000592044 -0.0043771 0.000143278 -0.000409052 -0.00215856 -0.00666692 8.97639e-05 -7.05997e-05
internal_weight=53724 41706 41130 576 518 12018 4690 211 7328 4479 711 143 7278 3768
internal_count=53724 41706 41130 576 518 12018 4690 211 7328 4479 711 143 7278 3768
cat_boundaries=0 1 2
cat_threshold=26 24707
is_linear=0
shrinkage=0.035


Tree=368
num_leaves=15
num_cat=2
split_feature=24 32 29 29 22 6 8 9 29 7 3 33 7 29
split_gain=0.257929 0.915552 0.765136 2.57294 1.06623 0.938814 0.955957 2.1391 0.984793 0.946549 0.923808 0.85121 0.803985 0.745441
threshold=4.5000000000000009 0 0.93845596220871974 0.91596454896554913 0.68363360969387765 1505.0000000000002 90.687472310472884 822.50000000000011 0.41398981800788198 610.15865384615392 90.300000000000011 1 77.822916666666671 0.99907018497641664
decision_type=2 1 2 2 10 8 2 10 2 2 10 1 2 2
left_child=13 2 3 5 -4 6 -2 -8 -9 -10 12 -6 -7 -1
right_child=1 -3 4 -5 11 10 7 8 9 -11 -12 -13 -14 -15
leaf_value=5.8546092245566842e-05 -0.00046680963555073232 0.00013788472374477254 0.0043826865993316548 -0.0053727366386823747 0.0023651121524800281 0.00046462073655443935 -0.007953584572709534 -0.00019187655657803811 -0.0072148902498884136 -0.0012852616046098854 0.0027564480412460403 -0.00058464020973528858 -0.0040987149070609704 -0.0012159622209146619
leaf_weight=40922 3672 6604 76 131 142 333 61 343 51 87 195 492 50 565
leaf_count=40922 3672 6604 76 131 142 333 61 343 51 87 195 492 50 565
internal_value=-6.07727e-07 -0.00014178 -0.000468897 -0.000624642 0.000601269 -0.000489378 -0.000670881 -0.00203654 -0.00121204 -0.00365229 0.000828305 0.00011723 -0.000176256 4.10445e-05
internal_weight=53724 12237 5633 4923 710 4792 4214 542 481 138 578 634 383 41487
internal_count=53724 12237 5633 4923 710 4792 4214 542 481 138 578 634 383 41487
cat_boundaries=0 1 2
cat_threshold=37934 8
is_linear=0
shrinkage=0.035


Tree=369
num_leaves=15
num_cat=2
split_feature=30 5 32 6 25 22 22 32 26 28 0 16 7 13
split_gain=0.252583 0.39891 0.332664 0.600196 0.377203 0.344641 0.316245 1.37932 1.41665 1.76163 1.25029 2.60206 2.00035 2.08726
threshold=-0.99864786094873803 951.00000000000011 0 64.100000000000009 6.5000000000000009 1.1520107624818767 0.66501501823972131 1 89.500000000000014 -0.56174490092936669 10.100000000000001 4.2622372841814817 43.967803030303038 1.3750000000000002
decision_type=2 8 1 8 2 10 10 1 2 2 10 10 2 10
left_child=1 2 3 4 -1 -4 7 8 -2 -10 11 12 13 -9
right_child=6 -3 5 -5 -6 -7 -8 10 9 -11 -12 -13 -14 -15
leaf_value=-0.002375659674547277 0.0045852944038104245 0.0019837740180673135 0.0001371849239585572 -0.0032047229729027164 0.0010620789804043026 -0.0025015530025120827 -1.2400151501443138e-05 -0.006882137476339598 -0.0020119769445154818 0.0023378418880623786 0.0005116253647322053 -0.0039123415621207689 0.0065839391960762451 0.00034046177058460081
leaf_weight=56 161 64 450 157 104 65 49651 50 170 324 1703 272 50 447
leaf_count=56 161 64 450 157 104 65 49651 50 170 324 1703 272 50 447
internal_value=-6.33301e-07 -0.000581712 -0.000789729 -0.00165155 -0.000176658 -0.000212622 9.27633e-06 0.000347529 0.00175853 0.00083578 -2.85277e-05 -0.00114834 0.000249072 -0.000447468
internal_weight=53724 896 832 317 160 515 52828 3177 655 494 2522 819 547 497
internal_count=53724 896 832 317 160 515 52828 3177 655 494 2522 819 547 497
cat_boundaries=0 1 2
cat_threshold=42656 8582
is_linear=0
shrinkage=0.035


Tree=370
num_leaves=15
num_cat=2
split_feature=23 32 22 2 24 32 22 3 28 22 3 15 4 30
split_gain=0.253985 1.27279 1.48858 1.49216 1.14416 1.46551 1.12982 1.16659 1.18547 1.04038 0.989818 1.29506 1.10681 1.16425
threshold=0.87342900336198936 0 1.0649439492602164 60.150000000000006 1.0000000180025095e-35 1 1.1807271279209666 14.050000000000002 -0.56174490092936669 0.39254815439153184 200.75000000000003 320.25000000000006 2610.0000000000005 0.65720762023595369
decision_type=8 1 8 8 2 1 10 8 2 8 8 2 8 2
left_child=1 2 -1 -4 5 -3 10 -8 -9 -2 11 -6 13 -12
right_child=9 4 3 -5 6 -7 7 8 -10 -11 12 -13 -14 -15
leaf_value=-0.0003966110765179794 -0.0042803016016970266 0.0041541976350880066 -0.0001609950702471605 -0.0051190945217482907 0.00026843974787371932 0.00051266616389073762 -0.0066953515422937928 0.0021284723401857686 -0.0030189039996237222 5.2672851853577701e-05 -0.00042280358249583517 0.005275724072125741 0.001899929256591378 -0.0027281807485447572
leaf_weight=5461 63 172 134 163 5736 533 51 86 134 39363 1245 59 186 338
leaf_count=5461 63 172 134 163 5736 533 51 86 134 39363 1245 59 186 338
internal_value=-6.22074e-07 -0.000126966 -0.000528367 -0.00292181 0.000144275 0.00148983 2.25126e-05 -0.00217709 -0.00100416 4.52072e-05 0.000102705 0.000323924 -0.000620848 -0.000922085
internal_weight=53724 14298 5758 297 8540 705 7835 271 220 39426 7564 5795 1769 1583
internal_count=53724 14298 5758 297 8540 705 7835 271 220 39426 7564 5795 1769 1583
cat_boundaries=0 1 2
cat_threshold=22768 1024
is_linear=0
shrinkage=0.035


Tree=371
num_leaves=15
num_cat=2
split_feature=20 16 14 8 22 13 22 30 16 11 32 30 3 32
split_gain=0.254323 0.521098 0.598582 2.89434 1.53127 0.883228 0.676029 0.614881 0.85473 1.01916 1.02029 0.741464 1.07474 0.723421
threshold=2391.8333333333335 0.58452259722498978 6.5250000000000012 2.7887134618993312 1.267741240795133 6.9750000000000005 1.9128474196605498 0.83730377313544024 102.04737356046353 401.07083333333338 0 0.93469109537144635 9.5500000000000025 1
decision_type=8 8 10 2 8 8 10 2 10 10 1 2 10 1
left_child=-1 -2 3 4 -3 -4 7 8 -7 -10 -11 12 -9 -14
right_child=1 2 5 -5 -6 6 -8 11 9 10 -12 -13 13 -15
leaf_value=-4.1701571272095248e-05 -0.00086354495423810764 0.00088719159794062026 -0.0041403023474376214 0.0066063795432605788 -0.0047117756470791347 0.0002283904881404153 -0.0027108431647997352 -0.0057105188157756705 0.0045503981954922593 -0.0016182399983025932 0.0021498102380364537 0.00018252698888418769 -0.0018982625975816193 0.00019165540779893589
leaf_weight=41604 597 494 54 98 63 8119 95 54 115 127 224 1280 371 429
leaf_count=41604 597 494 54 98 63 8119 95 54 115 127 224 1280 371 429
internal_value=-5.97686e-07 0.000140458 0.000192826 0.00121631 0.00021763 0.000130611 0.000153842 0.000180483 0.000312632 0.00176234 0.000797794 -0.000350635 -0.00114616 -0.000804515
internal_weight=53724 12120 11523 655 557 10868 10814 10719 8585 466 351 2134 854 800
internal_count=53724 12120 11523 655 557 10868 10814 10719 8585 466 351 2134 854 800
cat_boundaries=0 1 2
cat_threshold=8208 30016
is_linear=0
shrinkage=0.035


Tree=372
num_leaves=15
num_cat=1
split_feature=23 6 28 23 32 22 17 1 2 0 2 22 6 17
split_gain=0.251543 3.44962 1.39483 0.324944 1.22107 1.42755 1.68823 1.41499 1.39809 3.00913 0.971159 0.905738 2.09994 0.984713
threshold=0.13344941042644634 13.050000000000002 -0.22252093395631442 0.63452821575733587 0 0.76553943925070445 26.050795223209722 65.100000000000009 38.100000000000009 34.100000000000009 280.75000000000006 1.0748188672541013 30.100000000000005 132.68295535934817
decision_type=8 10 2 8 1 10 10 10 10 10 8 10 10 8
left_child=1 -1 -3 4 5 -2 8 -8 -7 -10 -9 13 -13 -6
right_child=3 2 -4 -5 11 6 7 10 9 -11 -12 12 -14 -15
leaf_value=-0.0061528449929319331 -0.00033938695929592569 0.00074661985648175088 0.0078982739722017539 2.0571751342628962e-05 0.00035847302297872086 -0.0025386421617549504 -0.0099148240080103277 -0.00055293685882626213 0.0071195674280016014 -0.0037881557151805455 -0.0066332443175329409 -0.0016382604656167902 0.0071735464986413724 -0.0015291276444020633
leaf_weight=50 1243 70 61 49196 2033 249 51 80 61 54 50 60 65 401
leaf_count=50 1243 70 61 49196 2033 249 51 80 61 54 50 60 65 401
internal_value=-6.06891e-07 0.00128428 0.00424472 -5.06991e-06 -0.000294953 -0.000992256 -0.0024827 -0.00519924 -0.00107974 0.00205325 -0.00305058 0.000196349 0.00304355 4.49948e-05
internal_weight=53724 181 131 53543 4347 1788 545 181 364 115 130 2559 125 2434
internal_count=53724 181 131 53543 4347 1788 545 181 364 115 130 2559 125 2434
cat_boundaries=0 1
cat_threshold=20722
is_linear=0
shrinkage=0.035


Tree=373
num_leaves=15
num_cat=4
split_feature=26 26 7 32 25 32 23 33 32 16 26 22 23 4
split_gain=0.2491 0.808727 0.840456 0.733978 0.71153 1.25394 1.00469 0.745451 1.00294 2.08026 0.726189 0.658401 0.603684 0.601822
threshold=300.50000000000006 299.50000000000006 71.062179487179506 0 10.500000000000002 1 0.98478105167885932 2 3 43.759352213255603 355.50000000000006 1.2165615031085786 2.369857963854511 400.50000000000006
decision_type=2 2 2 1 2 1 10 1 1 8 2 10 10 10
left_child=1 -1 -3 12 5 6 -5 -6 9 10 11 -9 -2 -10
right_child=3 2 -4 4 7 -7 -8 8 13 -11 -12 -13 -14 -15
leaf_value=-2.2337315620382504e-05 0.0006852544105075772 -0.00026071853397690973 -0.0060806725368813871 0.0076846548461051295 0.00060889029925064863 -0.00022297612147577183 0.00093375613870607191 0.00011820248258912036 -0.00023193501374912275 -0.0056739910042534611 -0.0026166163880313462 -0.0026290490461606535 0.0042927936005200881 0.0011628518860173156
leaf_weight=46580 1741 69 50 58 1271 186 50 734 2043 111 197 120 54 460
leaf_count=46580 1741 69 50 58 1271 186 50 734 2043 111 197 120 54 460
internal_value=-6.17472e-07 -2.98543e-05 -0.00285266 0.000193618 -1.68906e-05 0.00164104 0.00435358 -0.000117236 -0.000370189 -0.00121327 -0.000729011 -0.000280884 0.000800955 2.61014e-05
internal_weight=53724 46699 119 7025 5230 294 108 4936 3665 1162 1051 854 1795 2503
internal_count=53724 46699 119 7025 5230 294 108 4936 3665 1162 1051 854 1795 2503
cat_boundaries=0 1 2 3 4
cat_threshold=4233 49410 2 33538
is_linear=0
shrinkage=0.035


Tree=374
num_leaves=15
num_cat=1
split_feature=20 17 21 15 32 4 1 2 22 23 22 30 11 20
split_gain=0.24876 0.883371 0.827138 1.58261 3.52323 5.41711 1.7165 1.34595 0.895841 0.766295 1.12107 0.956825 1.25004 0.791579
threshold=2000.3571428571431 688.22773644165443 1892.0199275362322 95.175000000000011 0 186.50000000000003 95.100000000000009 68.350000000000009 1.5858780692660879 1.8459722810627612 1.3377372216410082 -0.15950993297387572 11.837500000000002 2356.8333333333335
decision_type=8 10 2 2 1 8 10 8 10 10 10 2 8 10
left_child=1 2 -1 6 5 -5 8 -6 -4 -2 13 -12 -13 -11
right_child=9 -3 3 4 7 -7 -8 -9 -10 10 11 12 -14 -15
leaf_value=1.0263928030643362e-05 4.679237716400317e-05 -0.0037196934574433133 -0.00014342092593473861 -0.014195643479812562 -0.0061580009819431746 -0.00078366316094908911 0.0036811404686230963 -0.00051996744494740702 -0.0036874459230770863 0.0071435481472477578 0.0019923708293899346 0.0040408602711977442 -0.0016926131050859113 0.0015661628023261513
leaf_weight=25542 23795 76 2207 63 50 82 137 941 86 54 291 51 275 74
leaf_count=25542 23795 76 2207 63 50 82 137 941 86 54 291 51 275 74
internal_value=-6.00681e-07 -6.96573e-05 -5.949e-05 -0.000558427 -0.00163371 -0.00645927 -5.34221e-05 -0.000825626 -0.000284075 8.15218e-05 0.00118306 0.000549997 -0.000748168 0.00409922
internal_weight=53724 29184 29108 3566 1136 145 2430 991 2293 24540 745 617 326 128
internal_count=53724 29184 29108 3566 1136 145 2430 991 2293 24540 745 617 326 128
cat_boundaries=0 1
cat_threshold=32808
is_linear=0
shrinkage=0.035


Tree=375
num_leaves=15
num_cat=1
split_feature=22 23 22 32 23 23 22 9 26 13 20 6 29 1
split_gain=0.252041 0.983111 1.06015 1.0587 1.23189 0.997156 3.21156 1.00255 0.87245 1.33182 1.13528 1.50267 0.939608 1.2267
threshold=0.92968248919523044 0.80629755365623723 0.71617794301896354 0 0.13344941042644634 0.20512848593319441 0.4451573930069338 1632.5000000000002 320.50000000000006 235.65000000000003 2951.5476190476197 260.40000000000003 0.90892735371523092 4.4500000000000011
decision_type=10 10 10 1 8 8 10 8 2 8 8 8 2 10
left_child=1 3 -3 4 -1 6 -5 -7 10 -10 12 -12 13 -6
right_child=-2 2 -4 5 8 7 -8 -9 9 -11 11 -13 -14 -15
leaf_value=0.0044826572836767905 -5.422823054796731e-05 0.0022743765190041676 0.0003307421578498826 0.0014040188767204557 -0.00073473545831003774 0.00036457591783711871 -0.0093626756148868957 -0.00067096363380756362 -0.00043613808616295159 -0.0057463641792640727 0.0011228964758101456 0.0074464843709562455 -0.00081445803602310453 0.00077551114134314801
leaf_weight=78 35814 358 6576 74 851 1627 56 3842 318 66 221 54 926 2863
leaf_count=78 35814 358 6576 74 851 1627 56 3842 318 66 221 54 926 2863
internal_value=-6.20109e-07 0.000106563 0.000432658 -9.95474e-05 0.00025098 -0.00043577 -0.00340893 -0.000362844 0.000184997 -0.00141096 0.000310994 0.00247542 0.000180188 0.000428941
internal_weight=53724 17910 6934 10976 5377 5599 130 5469 5299 384 4915 275 4640 3714
internal_count=53724 17910 6934 10976 5377 5599 130 5469 5299 384 4915 275 4640 3714
cat_boundaries=0 1
cat_threshold=9623
is_linear=0
shrinkage=0.035


Tree=376
num_leaves=15
num_cat=1
split_feature=22 23 0 23 32 0 6 6 16 30 13 9 3 5
split_gain=0.244173 1.16372 1.00973 1.03018 2.10239 1.78841 1.24098 2.08036 1.19786 1.2161 1.12682 0.811778 0.802756 2.84132
threshold=0.79873961729340393 1.0744764980450288 1.2500000000000002 0.35761826530182406 0 8.5500000000000025 240.25000000000003 582.00000000000011 141.35398063537818 -0.96687281075841669 85.125000000000014 1582.5000000000002 7.5500000000000007 32.050000000000004
decision_type=10 10 8 10 1 8 8 10 10 2 8 10 10 10
left_child=1 2 -1 4 6 -6 10 -8 9 -7 -4 -3 13 -11
right_child=-2 11 3 -5 5 8 7 -9 -10 12 -12 -13 -14 -15
leaf_value=0.0043955873114095113 -3.118729930644688e-05 -0.00053185088792815814 0.0012540240527316481 0.00031794930501133942 -0.0061808571237583409 -0.003104600193339259 0.0083576860356455052 -0.00010825517281579475 -0.0046989922055010016 -0.00096725714191025884 -0.0039307933113741462 0.0047325581343530014 -0.00064181768346774316 0.0081777546039353798
leaf_weight=62 45996 51 255 5611 81 206 67 70 93 133 59 109 876 55
leaf_count=62 45996 51 255 5611 81 206 67 70 93 133 59 109 876 55
internal_value=-5.97159e-07 0.000181374 0.000117897 7.96605e-05 -0.000624881 -0.00127168 0.00143371 0.00418052 -0.000967712 -0.00067712 0.000233465 0.00308926 -0.000194815 0.00185069
internal_weight=53724 7728 7568 7506 1895 1444 451 137 1363 1270 314 160 1064 188
internal_count=53724 7728 7568 7506 1895 1444 451 137 1363 1270 314 160 1064 188
cat_boundaries=0 1
cat_threshold=404
is_linear=0
shrinkage=0.035


Tree=377
num_leaves=15
num_cat=0
split_feature=5 15 1 29 4 16 15 10 26 9 26 11 16 2
split_gain=0.245093 0.719371 1.14739 0.476545 0.453966 0.675914 4.57907 3.59225 2.45054 1.3318 1.34957 1.02203 0.82394 1.26744
threshold=2775.0000000000005 2212.5000000000005 2505.0000000000005 0.55656748448714433 2215.0000000000005 239.98137122318215 160.25000000000003 538.53571428571433 234.50000000000003 2042.5000000000002 160.50000000000003 211.29166666666671 185.0096518102703 1305.0000000000002
decision_type=10 2 8 2 10 8 2 10 2 10 2 8 10 8
left_child=1 4 -3 -2 5 12 8 -8 11 10 -9 -7 -1 -14
right_child=3 2 -4 -5 -6 6 7 9 -10 -11 -12 -13 13 -15
leaf_value=2.5999980529059176e-06 -0.00051846101516890542 -0.0060111143919306014 0.00089530550691267578 0.0037032431345950401 -0.0027755380782117658 -0.0043343952871668584 0.0099170015058480214 0.0049403442145950485 -0.010135169512359427 -0.00034632640512149607 -0.00030260279155213781 0.0023654395415398637 -0.0030941081630271043 0.001079616549133789
leaf_weight=52303 66 57 54 58 67 50 65 173 51 257 90 52 246 135
leaf_count=52303 66 57 54 58 67 50 65 173 51 257 90 52 246 135
internal_value=-5.53331e-07 -4.22019e-06 -0.00275747 0.00152321 1.75052e-06 5.49313e-06 0.00105378 0.00246455 -0.00424767 0.00144742 0.00317401 -0.000967866 -9.28987e-06 -0.0016204
internal_weight=53724 53600 111 124 53489 53422 738 585 153 520 263 102 52684 381
internal_count=53724 53600 111 124 53489 53422 738 585 153 520 263 102 52684 381
is_linear=0
shrinkage=0.035


Tree=378
num_leaves=15
num_cat=1
split_feature=26 21 32 16 26 22 19 6 13 19 26 9 29 14
split_gain=0.246854 0.771552 0.91701 1.23238 0.920872 0.632583 0.585957 0.695905 0.572479 0.802521 0.554963 0.746198 0.907676 0.528825
threshold=312.50000000000006 1347.7525252525254 0 43.759352213255603 355.50000000000006 1.2165615031085786 85.537500000000009 89.750000000000014 150.02500000000003 137.56250000000003 307.50000000000006 1497.5000000000002 -0.8041866928211282 9.5250000000000021
decision_type=2 2 1 10 2 10 10 10 8 10 2 10 2 10
left_child=10 8 3 4 5 6 -3 -8 -2 -10 -1 12 -12 -4
right_child=1 2 13 -5 -6 -7 7 -9 9 -11 11 -13 -14 -15
leaf_value=-1.5292653230996013e-05 0.0019154095432177957 0.0011253807276000013 0.0015086015309899612 -0.004567438574408049 -0.00260382750100398 -0.0024660976491270403 -0.0040224910501015215 6.3354195662490703e-05 -0.0038200072701147295 0.00087085416024470217 -0.0061260561533370657 -0.00017655575026664236 -0.00076935523050277431 0.00017424790638832669
leaf_weight=47424 512 480 401 93 195 104 61 225 51 216 66 283 89 3524
leaf_count=47424 512 480 401 93 195 104 61 225 51 216 66 283 89 3524
internal_value=-5.48994e-07 0.000213727 5.60398e-05 -0.00080331 -0.000462312 2.98195e-05 0.000382486 -0.000862244 0.00123572 -7.89031e-05 -2.68125e-05 -0.00125986 -0.00317043 0.000311526
internal_weight=53724 5862 5083 1158 1065 870 766 286 779 267 47862 438 155 3925
internal_count=53724 5862 5083 1158 1065 870 766 286 779 267 47862 438 155 3925
cat_boundaries=0 1
cat_threshold=33538
is_linear=0
shrinkage=0.035


Tree=379
num_leaves=15
num_cat=2
split_feature=22 0 32 6 8 1 17 32 3 26 24 1 3 13
split_gain=0.245236 1.39333 1.82708 2.54361 1.76525 2.79994 1.91461 1.5267 1.31073 1.46034 1.30827 0.892336 0.874518 1.1136
threshold=0.66501501823972131 3.9500000000000006 0 49.050000000000004 5.4785963601539827 400.50000000000006 1.7376403015998525 1 22.550000000000004 174.50000000000003 1.0000000180025095e-35 9.0500000000000025 40.250000000000007 72.700000000000017
decision_type=10 10 1 10 2 8 8 1 10 2 2 10 8 8
left_child=1 2 3 -1 6 12 -4 -3 9 -9 -5 -11 -6 -14
right_child=-2 7 4 10 5 -7 -8 8 -10 11 -12 -13 13 -15
leaf_value=0.0010590943940287311 -1.9634094801245134e-05 -9.2504525981094285e-05 0.0007657371330248888 -0.0028481275732163344 0.0017880455170095613 0.0076996389681719141 -0.0071052405969425714 0.0056680728776237546 0.00093925864341577313 -0.0025373646936689815 -0.0097942053361732787 0.0034776686506773364 -0.0057160888464876727 0.00070772044439740387
leaf_weight=84 50456 1432 78 70 142 67 67 171 849 55 70 56 54 73
leaf_count=84 50456 1432 78 70 142 67 67 171 849 55 70 56 54 73
internal_value=-5.91367e-07 0.000292998 -0.00107995 -0.00357287 0.000175703 0.00156941 -0.00298681 0.000672021 0.00162269 0.00368459 -0.00653914 0.000516344 -7.00889e-05 -0.00213672
internal_weight=53724 3268 705 224 481 336 145 2563 1131 282 140 111 269 127
internal_count=53724 3268 705 224 481 336 145 2563 1131 282 140 111 269 127
cat_boundaries=0 1 2
cat_threshold=50218 40545
is_linear=0
shrinkage=0.035


Tree=380
num_leaves=15
num_cat=2
split_feature=26 2 16 29 24 8 32 23 6 6 26 32 23 22
split_gain=0.245445 0.880475 1.63532 0.884402 0.871168 0.754166 0.706101 0.415602 0.401873 0.324115 0.299404 0.762799 0.579465 0.387892
threshold=10.500000000000002 95.300000000000011 20.59530690877455 0.10837544681456425 3.5000000000000004 8.1878149616359561 0 1.2943771584221027 199.25000000000003 100.50000000000001 21.500000000000004 1 0.89083339919777127 0.88696215972411474
decision_type=2 8 10 2 2 2 1 10 10 8 2 1 10 10
left_child=1 2 3 -1 -5 -6 8 -8 9 -3 11 12 -2 -13
right_child=10 6 -4 4 5 -7 7 -9 -10 -11 -12 13 -14 -15
leaf_value=0.00045601958383227029 0.0033365386626246622 0.0029231398777089649 -0.00722643008135492 0.00013544869711876837 -0.0017740171392752553 -0.0075752079099078076 -5.2783979048410891e-05 -0.0033518458669158551 0.0042014121329313489 -0.00035728687203421335 -4.3549905260443426e-06 0.00083814089084444283 0.00075145376147463781 -0.00053174415630079849
leaf_weight=262 163 56 51 82 63 50 314 50 66 91 51096 395 300 685
leaf_count=262 163 56 51 82 63 50 314 50 66 91 51096 395 300 685
internal_value=-5.90842e-07 -0.000520446 -0.00157584 -0.000873871 -0.00262743 -0.00455313 0.0004143 -0.000530843 0.00193997 0.000947447 1.01729e-05 0.000489719 0.00165216 -2.89015e-05
internal_weight=53724 1085 508 457 195 113 577 364 213 147 52639 1543 463 1080
internal_count=53724 1085 508 457 195 113 577 364 213 147 52639 1543 463 1080
cat_boundaries=0 1 2
cat_threshold=8650 33122
is_linear=0
shrinkage=0.035


Tree=381
num_leaves=15
num_cat=1
split_feature=21 4 17 22 29 4 32 13 3 16 0 30 29 23
split_gain=0.243312 0.746709 1.85728 0.945901 1.56412 0.928742 0.754677 0.844131 1.38915 1.90987 0.604847 0.532037 0.622795 0.701501
threshold=831.83110367892994 1703.0000000000002 186.83097759254431 0.60587144423659944 0.89787622492179153 741.00000000000011 0 17.025000000000002 46.100000000000009 6.2024860516178038 44.100000000000009 0.2499757677084001 0.45273815774107123 0.64286717777866997
decision_type=2 10 10 10 2 10 1 10 8 10 10 2 2 8
left_child=1 2 3 4 -1 -4 7 -5 9 -9 -6 -8 -13 -14
right_child=-2 -3 5 6 10 -7 11 8 -10 -11 -12 12 13 -15
leaf_value=0.0062518585468380079 1.8038641069066422e-05 0.0023993916056900141 -0.008131965174593709 0.0014851225073182243 -0.0023994735712249294 -0.0013737128295258367 -0.00069155027729797937 -0.00067526919068768628 -0.0006825166981394141 -0.0076182243255943135 0.0021063787617070016 -0.0018698837361212771 0.0045601659948852928 0.00049091252440707975
leaf_weight=66 50563 116 50 97 68 50 959 93 356 99 68 124 50 965
leaf_count=66 50563 116 50 97 68 50 959 93 356 99 68 124 50 965
internal_value=-5.96974e-07 -0.000298248 -0.00040478 -0.000241277 0.002041 -0.00497916 -0.000412756 -0.00144451 -0.00199794 -0.00435772 -0.000151744 -8.56011e-05 0.000424632 0.000712739
internal_weight=53724 3161 3045 2945 202 100 2743 645 548 192 136 2098 1139 1015
internal_count=53724 3161 3045 2945 202 100 2743 645 548 192 136 2098 1139 1015
cat_boundaries=0 1
cat_threshold=141
is_linear=0
shrinkage=0.035


Tree=382
num_leaves=15
num_cat=1
split_feature=23 6 26 23 32 22 17 1 16 13 2 22 6 17
split_gain=0.24906 3.21504 1.33452 0.298239 1.15452 1.31864 1.58465 1.31935 1.31179 1.79099 0.918461 0.853063 1.97606 0.89438
threshold=0.13344941042644634 13.050000000000002 126.50000000000001 0.63452821575733587 0 0.76553943925070445 26.050795223209722 65.100000000000009 10.965964641935271 56.300000000000004 280.75000000000006 1.0748188672541013 30.100000000000005 132.68295535934817
decision_type=8 10 2 8 1 10 10 10 10 10 8 10 10 8
left_child=1 -1 -3 4 5 -2 8 -8 -7 -10 -9 13 -13 -6
right_child=3 2 -4 -5 11 6 7 10 9 -11 -12 12 -14 -15
leaf_value=-0.0059032863885672259 -0.0003333331472808473 0.00037259745849844294 0.0073567086015349538 1.952842311670603e-05 0.00034680602576710895 -0.0026818966735746678 -0.0095787298376671971 -0.00052221170563579488 0.0052196256026945777 -0.0024288739486954701 -0.0064340533237396318 -0.0015838446514322782 0.0069643798526376494 -0.0014521349634115128
leaf_weight=50 1243 63 68 49196 2033 223 51 80 73 68 50 60 65 401
leaf_count=50 1243 63 68 49196 2033 223 51 80 73 68 50 60 65 401
internal_value=-5.96045e-07 0.00127793 0.00413512 -5.03699e-06 -0.000282752 -0.000960798 -0.00239331 -0.00502511 -0.00103428 0.00157413 -0.00295008 0.000194942 0.00295813 4.80623e-05
internal_weight=53724 181 131 53543 4347 1788 545 181 364 141 130 2559 125 2434
internal_count=53724 181 131 53543 4347 1788 545 181 364 141 130 2559 125 2434
cat_boundaries=0 1
cat_threshold=20722
is_linear=0
shrinkage=0.035


Tree=383
num_leaves=15
num_cat=2
split_feature=24 16 32 23 29 5 1 29 32 9 23 1 15 2
split_gain=0.241842 0.855445 0.800997 1.3086 1.08837 0.93944 0.813686 0.69067 0.908612 1.87953 0.677288 1.33121 1.1653 0.678026
threshold=4.5000000000000009 560.35846336601708 0 0.68294511829341464 0.65233619298682533 921.00000000000011 29.950000000000003 0.99907018497641664 1 1662.5000000000002 0.35761826530182406 84.100000000000009 74.52500000000002 1703.0000000000002
decision_type=2 8 1 8 2 10 10 2 1 10 8 8 2 8
left_child=7 2 3 4 -2 -5 -6 -1 9 -9 11 12 -4 -12
right_child=1 -3 10 5 6 -7 -8 8 -10 -11 13 -13 -14 -15
leaf_value=5.6568953004118726e-05 -0.00025667530436079356 -0.0040521484694224516 0.0027849195533587293 0.00032676553605858632 -0.0057204120906238793 0.0040846928962995866 -0.00095163417929312389 -0.0080073885089774251 -0.00040176608908217563 0.00090705315472388822 -0.00051154785725969802 0.0055318465088494131 -0.0042082438272783504 0.00088093300707481358
leaf_weight=40922 325 63 55 4648 97 78 81 61 454 50 6318 65 52 455
leaf_count=40922 325 63 55 4648 97 78 81 61 454 50 6318 65 52 455
internal_value=-6.09835e-07 -0.000137309 -0.000115394 0.000211564 -0.00147643 0.000393039 -0.00363564 3.97226e-05 -0.00117022 -0.00379841 -0.000361327 0.00177658 -0.000649774 -0.000417422
internal_weight=53724 12237 12174 5229 503 4726 178 41487 565 111 6945 172 107 6773
internal_count=53724 12237 12174 5229 503 4726 178 41487 565 111 6945 172 107 6773
cat_boundaries=0 1 2
cat_threshold=19408 14
is_linear=0
shrinkage=0.035


Tree=384
num_leaves=15
num_cat=3
split_feature=29 32 23 5 26 21 6 24 32 14 22 33 17 29
split_gain=0.242169 1.23579 0.714872 0.503132 0.26251 0.336806 0.261817 0.261143 1.44454 1.00707 0.985201 0.94046 0.921831 0.865447
threshold=-0.99940763397299126 0 0.70790020239852625 169.75000000000003 272.50000000000006 1772.1130952380954 28.050000000000004 1.5000000000000002 1 1.3750000000000002 1.6251824594520763 2 39.619401430321538 -0.99467753128998015
decision_type=2 1 10 10 2 2 10 2 1 10 10 1 10 2
left_child=1 6 -3 4 -4 -6 -1 8 10 -10 11 -2 -12 -9
right_child=7 2 3 -5 5 -7 -8 13 9 -11 12 -13 -14 -15
leaf_value=0.0058868538448587065 -0.00037567965431224075 0.0024627152645760883 -0.00014304166902244712 0.0015495689840724644 -0.0045821440004510808 -0.0012398845988631751 0.0021493999083558551 -0.0014544539095427856 -0.0043294504783219006 -5.8163600271416969e-05 0.0070386123495049299 0.00088479921571365031 0.00075205073484147975 -3.9021372858916103e-05
leaf_weight=53 947 93 91 73 56 108 53 532 63 12176 52 3020 60 36347
leaf_count=53 947 93 91 73 56 108 53 532 63 12176 52 3020 60 36347
internal_value=-6.22172e-07 0.000742416 -0.000163159 -0.000938388 -0.00166673 -0.00248295 0.00385209 -8.05222e-06 0.000108507 -8.18421e-05 0.000677588 0.000585086 0.00384687 -5.96342e-05
internal_weight=53724 527 421 328 255 164 106 53197 16318 12239 4079 3967 112 36879
internal_count=53724 527 421 328 255 164 106 53197 16318 12239 4079 3967 112 36879
cat_boundaries=0 1 2 3
cat_threshold=164 5154 4
is_linear=0
shrinkage=0.035


Tree=385
num_leaves=15
num_cat=1
split_feature=20 17 21 15 32 23 6 29 8 1 29 22 15 26
split_gain=0.239014 0.806293 0.752797 1.4705 3.35537 2.75573 1.84395 2.10483 2.32357 1.59994 1.06009 0.841498 0.752962 0.859186
threshold=2000.3571428571431 688.22773644165443 1892.0199275362322 95.175000000000011 0 1.3165868611366369 64.100000000000009 -0.19337636264337835 40.862277803084247 95.100000000000009 0.27694220057652758 1.5858780692660879 4.9500000000000011 130.50000000000003
decision_type=8 10 2 2 1 10 8 2 2 10 2 10 2 2
left_child=1 2 -1 9 5 6 -5 -8 -9 11 -10 12 13 -4
right_child=-2 -3 3 4 -6 -7 7 8 10 -11 -12 -13 -14 -15
leaf_value=8.0000269017755422e-06 7.9928343714867059e-05 -0.0035554224710888523 -0.0004133971459859123 0.0032560822146479045 5.3101629417842687e-05 -0.010422506259209888 0.0004381795701353432 -0.0095485261160603851 -0.0062965146245049517 0.0035577745835730706 -0.0003095671814288244 -0.0035689632539064272 -0.00028949382796017225 0.0054299006326454539
leaf_weight=25542 24540 76 60 51 668 63 108 95 53 137 98 86 2090 57
leaf_count=25542 24540 76 60 51 668 63 108 95 53 137 98 86 2090 57
internal_value=-5.69386e-07 -6.82597e-05 -5.85458e-05 -0.000534534 -0.00157103 -0.00378636 -0.0027319 -0.00362792 -0.0053862 -4.77529e-05 -0.00254541 -0.000270445 -0.000134135 0.00253921
internal_weight=53724 29184 29108 3566 1136 468 405 354 246 2430 151 2293 2207 117
internal_count=53724 29184 29108 3566 1136 468 405 354 246 2430 151 2293 2207 117
cat_boundaries=0 1
cat_threshold=41260
is_linear=0
shrinkage=0.035


Tree=386
num_leaves=15
num_cat=3
split_feature=33 4 5 20 4 26 32 23 16 6 32 0 29 16
split_gain=0.243478 0.760801 1.81354 1.18493 1.33137 1.18594 1.0999 1.16878 1.08763 0.958591 1.08157 1.60043 0.997594 1.94257
threshold=0 20.150000000000002 7.0500000000000007 1815.9166666666667 4.5500000000000007 327.50000000000006 1 0.68294511829341464 15.351341598957672 9.0500000000000025 2 11.050000000000002 0.94704596667653973 40.115716565003247
decision_type=1 10 8 10 8 2 1 10 10 8 1 8 2 10
left_child=1 3 -3 5 -5 -1 7 8 -6 -4 11 -11 -13 -14
right_child=-2 2 9 4 6 -7 -8 -9 -10 10 -12 12 13 -15
leaf_value=-8.7198954241814704e-05 -7.5141438135553504e-05 -0.0059913393128062445 0.0035299632455063792 -0.003116446514516914 0.0028145783773983238 0.0032200055369577983 0.00070465821347604493 0.0016078785481362572 0.0086782919349005609 -0.0056961371926434433 0.00019382829480365526 -0.00039123105949103154 5.586769885780096e-05 0.0041788000241708796
leaf_weight=2985 26850 57 89 79 116 134 1070 427 60 62 12858 8017 753 167
leaf_count=2985 26850 57 89 79 116 134 1070 427 60 62 12858 8017 753 167
internal_value=-6.19404e-07 7.38367e-05 -1.379e-05 0.000469419 0.00119637 5.9813e-05 0.00140871 0.00258779 0.00499808 3.09657e-06 -1.20686e-05 -0.000306079 -0.000265864 0.000822812
internal_weight=53724 26874 22003 4871 1752 3119 1673 603 176 21946 21857 8999 8937 920
internal_count=53724 26874 22003 4871 1752 3119 1673 603 176 21946 21857 8999 8937 920
cat_boundaries=0 1 2 3
cat_threshold=10 33646 8367
is_linear=0
shrinkage=0.035


Tree=387
num_leaves=15
num_cat=2
split_feature=3 10 16 23 14 7 32 2 22 32 23 29 25 27
split_gain=0.249153 1.4178 1.55432 2.83722 1.68337 2.95758 2.03016 1.4484 1.19105 1.11711 2.73308 1.10222 1.27183 1.50066
threshold=219.00000000000003 583.50000000000011 58.068608648363302 0.31404353297100485 240.25000000000003 331.63333333333338 0 200.75000000000003 1.5512541582449924 1 0.31404353297100485 0.81428061195174062 10.500000000000002 0.87837969732492682
decision_type=8 8 10 10 10 2 1 8 10 1 8 2 2 2
left_child=1 2 -1 7 6 -6 -5 -4 -8 10 -2 12 13 -12
right_child=9 -3 3 4 5 -7 8 -9 -10 -11 11 -13 -14 -15
leaf_value=2.0422351243729616e-05 -0.0076154370146539465 -0.0052909398693247846 0.0019068556300724949 0.0035728731569372144 -0.0087708232856901561 0.0024368040510591407 0.0013169623459270952 0.0095169531903850548 -0.0037203726959802834 9.8010515637550255e-05 -0.00078200304515174722 0.0005033282510521355 0.00069486267619182571 -0.0031330490426310278
leaf_weight=40407 62 56 57 249 53 54 123 70 100 8338 2178 1030 558 389
leaf_count=40407 62 56 57 249 53 54 123 70 100 8338 2178 1030 558 389
internal_value=-5.61009e-07 4.10645e-05 4.89698e-05 0.00167121 0.00060999 -0.00325836 0.00151189 0.006303 -0.000933059 -0.000137017 -0.000600098 -0.000487832 -0.000814801 -0.00114368
internal_weight=53724 41169 41113 706 579 107 472 127 223 12555 4217 4155 3125 2567
internal_count=53724 41169 41113 706 579 107 472 127 223 12555 4217 4155 3125 2567
cat_boundaries=0 1 2
cat_threshold=57355 28810
is_linear=0
shrinkage=0.035


Tree=388
num_leaves=15
num_cat=0
split_feature=23 6 28 16 6 16 5 2 1 9 6 16 13 13
split_gain=0.254192 3.00029 1.29639 0.274206 0.529784 1.37266 1.62381 0.596305 0.48736 0.463982 0.379542 1.0226 0.5613 0.483123
threshold=0.13344941042644634 13.050000000000002 -0.22252093395631442 0.4667253328670487 2.0500000000000003 4.9261208538429759 1.6500000000000001 15.950000000000001 3.0500000000000003 1732.5000000000002 3.9500000000000006 2.0528435526936364 3.9750000000000005 11.525000000000002
decision_type=8 10 2 8 8 10 10 8 8 10 8 8 10 10
left_child=1 -1 -3 -2 5 6 9 8 -8 -5 11 12 -6 -12
right_child=3 2 -4 4 10 -7 7 -9 -10 -11 13 -13 -14 -15
leaf_value=-0.0056482850355519497 -0.00049733423197623043 0.00068067853773633646 0.0075719219153380082 0.0058206722348029061 0.0010114442458047247 0.0059100345676908134 -0.0025349493379762866 -0.0042434846037698063 0.00096682605815200443 0.0014673586489192937 0.00031140246322400832 -0.0040674012786179204 -0.0012829822430079039 -3.0352541748984642e-05
leaf_weight=50 1346 70 61 57 237 60 70 55 134 67 5698 97 279 45443
leaf_count=50 1346 70 61 57 237 60 70 55 134 67 5698 97 279 45443
internal_value=-5.47575e-07 0.00129109 0.00404998 -5.03404e-06 7.70729e-06 0.00120612 0.000402552 -0.00117554 -0.000266662 0.00361652 -2.66633e-06 -0.000864842 -0.000229554 7.75165e-06
internal_weight=53724 181 131 53543 52197 443 383 259 204 124 51754 613 516 51141
internal_count=53724 181 131 53543 52197 443 383 259 204 124 51754 613 516 51141
is_linear=0
shrinkage=0.035


Tree=389
num_leaves=15
num_cat=4
split_feature=22 23 32 16 29 23 23 33 25 32 1 32 6 8
split_gain=0.245323 1.15048 1.1126 1.11624 0.916994 1.43782 1.24714 1.17702 2.25932 1.21386 1.26038 0.941833 1.96366 2.46206
threshold=0.98262554735602625 1.0335104840763021 0 31.471831698778185 0.94425825643485939 0.27476363203900822 1.2062900538780637 1 3.5000000000000004 2 47.050000000000004 3 43.050000000000004 6.4828730422134528
decision_type=10 10 1 8 2 8 8 1 2 1 10 1 8 2
left_child=1 -1 -3 -4 5 -2 11 8 -8 10 -10 12 13 -6
right_child=4 2 3 -5 6 -7 7 -9 9 -11 -12 -13 -14 -15
leaf_value=-8.7356291818563365e-06 0.0051004883254063323 -2.3396722749874364e-05 0.00091190838944140372 0.0033148933721935873 -0.00069598391517781879 -0.00015222969246955981 -0.00066709851172033405 0.00043183802884444179 0.0041444242968120514 0.00511928794695936 -0.0028338705458736515 0.00022101369452312826 0.00048080710226581467 -0.010191691494692351
leaf_weight=21881 59 1375 1377 283 73 25608 191 1011 58 277 59 1240 174 58
leaf_count=21881 59 1375 1377 283 73 25608 191 1011 58 277 59 1240 174 58
internal_value=-5.10705e-07 7.9902e-05 0.000717903 0.00132236 -7.00613e-05 -0.000139164 0.000493945 0.00117856 0.00240635 0.00394627 0.000604023 -0.000214791 -0.00190718 -0.00512032
internal_weight=53724 24916 3035 1660 28808 25667 3141 1596 585 394 117 1545 305 131
internal_count=53724 24916 3035 1660 28808 25667 3141 1596 585 394 117 1545 305 131
cat_boundaries=0 1 2 3 4
cat_threshold=11029 8 2928 156
is_linear=0
shrinkage=0.035


Tree=390
num_leaves=15
num_cat=2
split_feature=22 0 32 6 2 32 2 16 24 6 20 3 26 8
split_gain=0.240252 1.30149 1.71965 2.36549 1.64371 1.43664 1.2351 1.38527 1.21129 1.17041 1.29682 1.16253 1.01467 0.886219
threshold=0.66501501823972131 3.9500000000000006 0 49.050000000000004 260.40000000000003 1 159.80000000000004 58.068608648363302 1.0000000180025095e-35 951.00000000000011 2325.3571428571436 22.550000000000004 174.50000000000003 5.3062177848680641
decision_type=10 10 1 10 8 1 10 10 2 8 10 10 2 2
left_child=1 2 3 -1 13 6 7 11 -5 10 -8 12 -3 -4
right_child=-2 5 4 8 -6 -7 9 -9 -10 -11 -12 -13 -14 -15
leaf_value=0.0010115388807777862 -1.9286872783205698e-05 0.0052236398809293282 -0.003407388903975391 -0.0027624246876376372 0.0041871877055498774 -8.5246616066723125e-05 -0.005594810158913447 0.0062397756016245066 -0.0094490347966862225 0.002862645225513293 0.00087432724818354473 0.00077019624687651067 0.00076507703845049742 0.00023659307897514739
leaf_weight=84 50456 165 111 70 95 1432 75 87 70 68 70 564 102 275
leaf_count=84 50456 165 111 70 95 1432 75 87 70 68 70 564 102 275
internal_value=-4.38602e-07 0.000290153 -0.0010368 -0.00345537 0.000180862 0.000656462 0.00157866 0.00214754 -0.00631627 -0.000793748 -0.00254674 0.00168436 0.00356574 -0.00084146
internal_weight=53724 3268 705 224 481 2563 1131 918 140 213 145 831 267 386
internal_count=53724 3268 705 224 481 2563 1131 918 140 213 145 831 267 386
cat_boundaries=0 1 2
cat_threshold=50218 24990
is_linear=0
shrinkage=0.035


Tree=391
num_leaves=15
num_cat=3
split_feature=3 16 24 32 32 11 11 23 2 20 16 32 1 30
split_gain=0.236981 1.38656 2.47307 1.84411 1.16103 1.60045 4.86775 1.35562 1.26356 2.47863 2.00185 1.92634 3.50693 2.4208
threshold=230.50000000000003 55.946402922801475 5.5000000000000009 0 1 310.04166666666669 349.60160256410262 0.84377179218967935 321.00000000000006 2854.5833333333335 107.61483346155016 2 8.0500000000000025 -0.082691941062253513
decision_type=8 10 2 1 1 10 10 8 8 8 8 1 10 2
left_child=1 -1 3 -3 5 -2 -7 -8 10 -10 11 12 13 -6
right_child=4 2 -4 -5 8 6 7 -9 9 -11 -12 -13 -14 -15
leaf_value=8.9711091750087121e-06 -2.8203565921905788e-06 0.0044553214070780032 -0.0046685046076661253 0.00081914350449645518 -0.013116936044682835 -0.010416690320752835 -0.0041819558137638577 -5.2702551540720557e-05 0.00020448514067091208 0.0067338488180636591 -0.0040054309508176207 -1.5104437655119671e-05 -0.00089446093755545571 -0.0022594541561556983
leaf_weight=40805 675 236 71 594 50 77 129 357 6652 67 186 3334 440 51
leaf_count=40805 675 236 71 594 50 77 129 357 6652 67 186 3334 440 51
internal_value=-4.21031e-07 3.90412e-05 0.00139331 0.0019367 -0.000137326 -0.00114569 -0.00252399 -0.00118016 -1.99651e-05 0.000274553 -0.000507038 -0.00033417 -0.002241 -0.00799963
internal_weight=53724 41706 901 830 12018 1238 563 486 10780 6719 4061 3875 541 101
internal_count=53724 41706 901 830 12018 1238 563 486 10780 6719 4061 3875 541 101
cat_boundaries=0 1 2 3
cat_threshold=57352 8322 24
is_linear=0
shrinkage=0.035


Tree=392
num_leaves=15
num_cat=2
split_feature=21 22 30 30 8 8 6 32 23 16 16 23 33 4
split_gain=0.235433 0.551259 0.567456 0.671146 1.0912 1.5742 0.57179 0.603461 0.885689 0.573508 0.55364 0.506872 0.476589 0.631803
threshold=2420.0925925925931 0.50538657577971635 0.83730377313544024 0.91511078773075516 84.560300217437955 221.75751451928394 17.050000000000004 0 1.7188378181118917 152.57237066941968 17.511900715418708 1.2216780188143184 1 20.150000000000002
decision_type=2 10 2 2 2 2 8 1 8 10 10 10 1 10
left_child=12 -2 -3 4 10 -6 -5 9 -9 11 -4 -8 13 -1
right_child=1 2 3 6 5 -7 7 8 -10 -11 -12 -13 -14 -15
leaf_value=0.00042428005365180844 0.0028012314128710919 0.00025013498817586844 -0.0011088768564883279 0.0026921426250989884 -0.0082213266156688936 -0.0005226457218639553 0.00053525979377773132 -0.00036478874601636213 -0.0039747522611110822 0.0036525716607502547 0.0018074316536820466 -0.0022679904146740838 -0.00017696934030098373 -2.3463339995334728e-05
leaf_weight=4738 90 8476 450 88 57 70 644 441 98 59 92 85 17586 20750
leaf_count=4738 90 8476 450 88 57 70 644 441 98 59 92 85 17586 20750
internal_value=-4.61252e-07 0.000146849 0.000122911 -0.00039389 -0.00130288 -0.00415849 3.89458e-05 -0.000146446 -0.00103266 0.000469526 -0.000601861 0.000195183 -3.68964e-05 5.98117e-05
internal_weight=53724 10650 10560 2084 669 127 1415 1327 539 788 542 729 43074 25488
internal_count=53724 10650 10560 2084 669 127 1415 1327 539 788 542 729 43074 25488
cat_boundaries=0 1 2
cat_threshold=25962 10
is_linear=0
shrinkage=0.035


Tree=393
num_leaves=15
num_cat=0
split_feature=17 1 2 9 10 3 30 23 23 14 23 6 21 3
split_gain=0.234065 0.76929 0.70996 0.619122 0.4872 1.89456 1.7358 1.40406 0.693442 0.505414 0.659768 1.79102 0.582089 0.398971
threshold=0.66402866348832101 1.0500000000000003 1.6500000000000001 2802.5000000000005 3.0500000000000003 2.0500000000000003 -0.44505783185115427 1.1799693066733308 0.79502402172154507 1.3750000000000002 0.13344941042644634 741.00000000000011 1892.0199275362322 11.550000000000002
decision_type=8 8 8 8 10 10 2 8 10 10 8 8 2 8
left_child=3 -2 -3 -1 5 6 -4 -8 -7 -6 11 12 -11 -12
right_child=1 2 4 -5 9 8 7 -9 -10 10 13 -13 -14 -15
leaf_value=-5.8856225132035905e-05 -0.0035776434328458084 0.0030407486982202453 -0.0003331546079546873 -0.0016907421857854832 -0.0032623571336293468 -0.0033444098623882528 0.0017696158177204781 0.0092383551827838872 0.0012128252511763055 0.0073259996122214954 0.00028023640626170072 -0.0029890193602239543 0.0019504928174589218 -3.4254784091061577e-05
leaf_weight=1351 68 90 91 356 53 99 59 67 64 51 5535 50 53 45737
leaf_count=1351 68 90 91 356 53 99 59 67 64 51 5535 50 53 45737
internal_value=-4.6091e-07 1.27908e-05 1.78344e-05 -0.000403135 1.22956e-05 0.00125273 0.00336232 0.00594211 -0.00157222 3.0184e-06 6.70055e-06 0.00225779 0.00480169 -2.80294e-07
internal_weight=53724 52017 51949 1707 51859 380 217 126 163 51479 51426 154 104 51272
internal_count=53724 52017 51949 1707 51859 380 217 126 163 51479 51426 154 104 51272
is_linear=0
shrinkage=0.035


Tree=394
num_leaves=15
num_cat=1
split_feature=5 15 29 29 4 16 15 10 26 9 26 11 16 33
split_gain=0.234336 0.662633 1.10114 0.443378 0.422481 0.610246 4.3057 3.2692 2.31014 1.24802 1.25868 0.920422 0.766806 1.25234
threshold=2775.0000000000005 2212.5000000000005 0.75014288946266361 0.55656748448714433 2215.0000000000005 239.98137122318215 160.25000000000003 538.53571428571433 234.50000000000003 2042.5000000000002 160.50000000000003 211.29166666666671 185.0096518102703 0
decision_type=10 2 2 2 10 8 2 10 2 10 2 8 10 1
left_child=1 4 -3 -2 5 12 8 -8 11 10 -9 -7 -1 -14
right_child=3 2 -4 -5 -6 6 7 9 -10 -11 -12 -13 13 -15
leaf_value=2.7653075778813216e-06 -0.00048106097420316828 0.00076026661448028588 -0.006002093434681075 0.0035921465571866268 -0.0026775177334719858 -0.0041475711174478588 0.0094792135349707693 0.004776212065323685 -0.0098556264367653072 -0.00033737076169816524 -0.00028734223865046116 0.0022114074206962091 0.00089873021907502942 -0.003104061349855598
leaf_weight=52303 66 57 54 58 67 50 65 173 51 257 90 52 153 228
leaf_count=52303 66 57 54 58 67 50 65 173 51 257 90 52 153 228
internal_value=-4.13745e-07 -3.99925e-06 -0.00264644 0.00148953 1.73117e-06 5.34165e-06 0.0010014 0.00236953 -0.00413912 0.001399 0.0030704 -0.00095389 -8.7049e-06 -0.00156295
internal_weight=53724 53600 111 124 53489 53422 738 585 153 520 263 102 52684 381
internal_count=53724 53600 111 124 53489 53422 738 585 153 520 263 102 52684 381
cat_boundaries=0 1
cat_threshold=6
is_linear=0
shrinkage=0.035


Tree=395
num_leaves=15
num_cat=2
split_feature=22 32 23 9 23 22 23 32 22 16 4 23 23 3
split_gain=0.233652 1.50887 1.69954 2.73982 2.04997 1.01151 0.995628 1.43735 0.969667 1.73417 3.0266 1.18041 0.94701 0.896133
threshold=1.0904875077991412 0 0.6500672140013809 1997.5000000000002 0.91686653316731992 1.5512541582449924 1.1560486222099895 1 1.6251824594520763 96.072888995803538 230.50000000000003 1.8459722810627612 0.60369854937397871 220.30000000000004
decision_type=10 1 10 8 10 10 10 1 10 10 8 10 8 8
left_child=6 12 3 -3 -4 -5 -1 -8 11 -10 -11 -6 -2 -7
right_child=1 2 4 5 8 13 7 -9 9 10 -12 -13 -14 -15
leaf_value=-8.9278709518352692e-06 -0.0043645893288194208 0.0077885097158267294 -0.0023596921787141381 0.00049747683429523203 9.4628056494050583e-05 0.004851249187580454 -0.00044262880248685906 0.0011245904563179073 -0.00027425909708351056 -0.010098272768258486 -2.7338405107629711e-05 0.0020879874912471596 -0.00052562580218382571 0.00012439674861919897
leaf_weight=35244 75 69 442 1252 6657 129 1045 2238 583 61 82 380 5389 78
leaf_count=35244 75 69 442 1252 6657 129 1045 2238 583 61 82 380 5389 78
internal_value=-4.30474e-07 -0.000116626 0.000144793 0.00121466 -5.48872e-05 0.000878225 4.54121e-05 0.000627894 7.77753e-05 -0.00113561 -0.00451935 0.000203676 -0.0005812 0.00311506
internal_weight=53724 15197 9733 1528 8205 1459 38527 3283 7763 726 143 7037 5464 207
internal_count=53724 15197 9733 1528 8205 1459 38527 3283 7763 726 143 7037 5464 207
cat_boundaries=0 1 2
cat_threshold=8583 275
is_linear=0
shrinkage=0.035


Tree=396
num_leaves=15
num_cat=4
split_feature=26 26 8 32 25 32 0 33 23 22 23 16 32 22
split_gain=0.232253 0.748806 0.783533 0.654779 0.655219 1.15678 0.975395 0.670588 0.548671 0.450785 0.480796 0.66776 0.444985 0.385094
threshold=300.50000000000006 299.50000000000006 16.274104751852487 0 10.500000000000002 1 68.050000000000011 2 2.369857963854511 1.6251824594520763 0.68294511829341464 90.706223711825999 3 1.267741240795133
decision_type=2 2 2 1 2 1 10 1 10 8 10 10 1 10
left_child=1 -1 -3 8 5 6 -5 12 13 10 11 -9 -6 -2
right_child=3 2 -4 4 7 -7 -8 9 -10 -11 -12 -13 -14 -15
leaf_value=-2.1413721484217584e-05 0.00094128366162208547 -0.0002047275687561511 -0.00581104440469062 0.0074562405611181435 -0.001165756758143822 -0.00021144659019983779 0.00081743755566210244 -0.00082483498665438947 0.004089645130591373 -0.0035159721567397358 -0.00015149714263888847 -0.0042315080148031623 0.00044686335889857089 -0.00027601371167947693
leaf_weight=46580 1325 68 51 58 217 186 50 535 54 55 1799 77 2253 416
leaf_count=46580 1325 68 51 58 217 186 50 535 54 55 1799 77 2253 416
internal_value=-4.15958e-07 -2.86468e-05 -0.00274487 0.000187137 -1.17105e-05 0.00157927 0.00418457 -0.000107999 0.00076077 -0.000514572 -0.000441099 -0.00128427 0.000299006 0.000650461
internal_weight=53724 46699 119 7025 5230 294 108 4936 1795 2466 2411 612 2470 1741
internal_count=53724 46699 119 7025 5230 294 108 4936 1795 2466 2411 612 2470 1741
cat_boundaries=0 1 2 3 4
cat_threshold=4233 49410 6 256
is_linear=0
shrinkage=0.035


Tree=397
num_leaves=15
num_cat=1
split_feature=22 23 32 23 16 1 3 0 16 1 5 23 1 17
split_gain=0.233929 1.0959 1.16776 1.38705 1.1182 3.2031 2.30059 2.2753 1.54273 1.24666 1.29493 1.02698 0.98987 1.01289
threshold=0.88219178082191785 0.86160117556508353 0 0.51811528013180297 27.342623276106181 159.80000000000004 260.40000000000003 27.100000000000005 48.454806574351267 291.00000000000006 1907.9000000000003 0.20512848593319441 17.550000000000004 3.4952711692898237
decision_type=10 10 1 10 10 10 8 10 10 10 10 8 8 10
left_child=1 2 11 4 12 7 -7 8 -6 -8 -11 -1 13 -4
right_child=-2 -3 3 -5 5 6 9 -9 -10 10 -12 -13 -14 -15
leaf_value=0.0044653496823861809 -4.2194489658023082e-05 0.00075236731557142673 -0.00023548517955467108 7.7894724084095156e-05 -0.0044420311381568166 0.0056340628687594034 -0.0050827853930950602 -0.0022566196227765218 -0.012819409213703255 0.001725234716487277 -0.0034721064082631429 0.00035631235114301534 -8.7722533117137731e-06 -0.0034010736728345768
leaf_weight=71 40479 2723 245 4013 66 66 76 176 53 164 85 3948 1312 247
leaf_count=71 40479 2723 245 4013 66 66 76 176 53 164 85 3948 1312 247
internal_value=-4.16134e-07 0.000127233 -3.48261e-05 -0.000324407 -0.000972932 -0.00217072 -8.23537e-05 -0.00489119 -0.0085396 -0.001311 -8.23815e-05 0.000433284 -0.000512711 -0.00184294
internal_weight=53724 13245 10522 6503 2490 686 391 295 119 325 249 4019 1804 492
internal_count=53724 13245 10522 6503 2490 686 391 295 119 325 249 4019 1804 492
cat_boundaries=0 1
cat_threshold=407
is_linear=0
shrinkage=0.035


Tree=398
num_leaves=15
num_cat=2
split_feature=22 0 32 6 8 3 17 32 2 16 24 6 20 3
split_gain=0.241581 1.20462 1.59386 2.16576 1.54943 2.91496 1.68085 1.31294 1.13433 1.29294 1.11422 1.08866 1.2122 1.07296
threshold=0.66501501823972131 3.9500000000000006 0 49.050000000000004 5.5660844614012168 7.5500000000000007 1.7376403015998525 1 159.80000000000004 58.068608648363302 1.0000000180025095e-35 951.00000000000011 2325.3571428571436 22.550000000000004
decision_type=10 10 1 10 2 10 8 1 10 10 2 8 10 10
left_child=1 2 3 -1 6 -6 -4 8 9 13 -5 12 -10 -3
right_child=-2 7 4 10 5 -7 -8 -9 11 -11 -12 -13 -14 -15
leaf_value=0.00096000576640343236 -1.936292805260859e-05 0.0034302182176564684 0.00084320246319596968 -0.0026440633331115048 0.0081837146632158415 -7.0975406746253043e-05 -0.0063767659507522534 -6.5986608115971643e-05 -0.0053868581608694519 0.0060235862243596628 -0.0090564421486109496 0.002777105886839994 0.00086656039372319364 0.00074445204465688501
leaf_weight=84 50456 267 79 70 60 270 72 1432 75 87 70 68 70 564
leaf_count=84 50456 267 79 70 60 270 72 1432 75 87 70 68 70 564
internal_value=-4.62634e-07 0.000290931 -0.000985713 -0.00331422 0.00018597 0.00152962 -0.00269347 0.00064333 0.00152492 0.00207019 -0.00605199 -0.000748752 -0.00243971 0.00162274
internal_weight=53724 3268 705 224 481 330 151 2563 1131 918 140 213 145 831
internal_count=53724 3268 705 224 481 330 151 2563 1131 918 140 213 145 831
cat_boundaries=0 1 2
cat_threshold=50218 24990
is_linear=0
shrinkage=0.035


Tree=399
num_leaves=15
num_cat=2
split_feature=2 13 1 32 19 32 7 0 28 23 9 7 16 7
split_gain=0.238444 1.15509 2.20637 1.42127 1.37815 1.03908 1.12531 1.48659 0.895828 1.06094 0.951618 0.833037 1.08714 0.727895
threshold=125.25000000000001 128.12500000000003 149.75000000000003 0 55.01250000000001 1 252.04006410256412 259.00000000000006 -0.56174490092936669 1.9032856858383962 2262.5000000000005 120.05662393162395 43.759352213255603 126.35164835164836
decision_type=10 10 10 1 8 1 2 10 2 8 8 2 10 2
left_child=-1 2 3 -2 -3 6 8 -8 10 -10 -6 12 -7 -13
right_child=1 4 -4 -5 5 11 7 -9 9 -11 -12 13 -14 -15
leaf_value=-4.2989137854450719e-05 0.002568425865977021 -0.0054293927704566168 0.0069666294907001439 -0.00065569907153395252 -3.1993598475022934e-05 0.00080194336718425181 -0.0086252383064129405 -0.00096794933208282333 -0.0010144764411365835 0.0040657341012653586 -0.0054116567638734592 -0.0018613597050791905 0.005278797007142854 0.00011886483550769748
leaf_weight=40307 288 51 75 367 90 385 51 73 122 79 68 227 76 11465
leaf_count=40307 288 51 75 367 90 385 51 73 122 79 68 227 76 11465
internal_value=-4.46196e-07 0.000127329 0.00147631 0.00079963 4.91584e-05 7.34091e-05 -0.00149382 -0.00432956 -0.00050936 0.00103244 -0.00244227 0.0001374 0.00158871 7.96396e-05
internal_weight=53724 13417 730 655 12687 12636 483 124 359 201 158 12153 461 11692
internal_count=53724 13417 730 655 12687 12636 483 124 359 201 158 12153 461 11692
cat_boundaries=0 1 2
cat_threshold=13062 3
is_linear=0
shrinkage=0.035


end of trees

feature_importances:
recent_ratio=682
lag_1=598
market_code=533
trend_ratio=412
median_7=346
mean_7=337
std_7=329
lag_2=303
season_sin=167
year_day=162
weekday=153
lag_7=151
season_cos=140
lag_28=128
weekly_seasonal=110
median_14=105
lag_3=104
lag_21=103
lag_14=101
price_mean_7=99
median_28=71
commodity_code=70
rolling_std=68
price_lag=67
price_mean_28=62
rolling_mean=61
std_14=61
mean_14=45
weekday_cos=16
month=12
weekday_sin=4

parameters:
[boosting: gbdt]
[objective: regression]
[metric: l2]
[tree_learner: serial]
[device_type: cpu]
[data_sample_strategy: bagging]
[data: ]
[valid: ]
[num_iterations: 400]
[learning_rate: 0.035]
[num_leaves: 15]
[num_threads: 2]
[seed: 42]
[deterministic: 1]
[force_col_wise: 1]
[force_row_wise: 0]
[histogram_pool_size: -1]
[max_depth: -1]
[min_data_in_leaf: 50]
[min_sum_hessian_in_leaf: 0.001]
[bagging_fraction: 1]
[pos_bagging_fraction: 1]
[neg_bagging_fraction: 1]
[bagging_freq: 0]
[bagging_seed: 400]
[bagging_by_query: 0]
[feature_fraction: 1]
[feature_fraction_bynode: 1]
[feature_fraction_seed: 30056]
[extra_trees: 0]
[extra_seed: 12879]
[early_stopping_round: 0]
[early_stopping_min_delta: 0]
[first_metric_only: 0]
[max_delta_step: 0]
[lambda_l1: 0]
[lambda_l2: 5]
[linear_lambda: 0]
[min_gain_to_split: 0]
[drop_rate: 0.1]
[max_drop: 50]
[skip_drop: 0.5]
[xgboost_dart_mode: 0]
[uniform_drop: 0]
[drop_seed: 17869]
[top_rate: 0.2]
[other_rate: 0.1]
[min_data_per_group: 100]
[max_cat_threshold: 32]
[cat_l2: 10]
[cat_smooth: 10]
[max_cat_to_onehot: 4]
[top_k: 20]
[monotone_constraints: ]
[monotone_constraints_method: basic]
[monotone_penalty: 0]
[feature_contri: ]
[forcedsplits_filename: ]
[refit_decay_rate: 0.9]
[cegb_tradeoff: 1]
[cegb_penalty_split: 0]
[cegb_penalty_feature_lazy: ]
[cegb_penalty_feature_coupled: ]
[path_smooth: 0]
[interaction_constraints: ]
[verbosity: -1]
[saved_feature_importance_type: 0]
[use_quantized_grad: 0]
[num_grad_quant_bins: 4]
[quant_train_renew_leaf: 0]
[stochastic_rounding: 1]
[linear_tree: 0]
[max_bin: 255]
[max_bin_by_feature: ]
[min_data_in_bin: 3]
[bin_construct_sample_cnt: 200000]
[data_random_seed: 175]
[is_enable_sparse: 1]
[enable_bundle: 1]
[use_missing: 1]
[zero_as_missing: 0]
[feature_pre_filter: 1]
[pre_partition: 0]
[two_round: 0]
[header: 0]
[label_column: ]
[weight_column: ]
[group_column: ]
[ignore_column: ]
[categorical_feature: 31,32,33]
[forcedbins_filename: ]
[precise_float_parser: 0]
[parser_config_file: ]
[objective_seed: 16083]
[num_class: 1]
[is_unbalance: 0]
[scale_pos_weight: 1]
[sigmoid: 1]
[boost_from_average: 1]
[reg_sqrt: 0]
[alpha: 0.9]
[fair_c: 1]
[poisson_max_delta_step: 0.7]
[tweedie_variance_power: 1.5]
[lambdarank_truncation_level: 30]
[lambdarank_norm: 1]
[label_gain: ]
[lambdarank_position_bias_regularization: 0]
[eval_at: ]
[multi_error_top_k: 1]
[auc_mu_weights: ]
[num_machines: 1]
[local_listen_port: 12400]
[time_out: 120]
[machine_list_filename: ]
[machines: ]
[gpu_platform_id: -1]
[gpu_device_id: -1]
[gpu_device_id_list: ]
[gpu_use_dp: 0]
[num_gpu: 1]

end of parameters

pandas_categorical:[]
