tree
version=v4
num_class=1
num_tree_per_iteration=1
label_index=0
max_feature_idx=33
objective=regression_l1
feature_names=lag_1 lag_2 lag_3 lag_7 lag_14 lag_21 lag_28 rolling_mean rolling_std price_lag mean_7 mean_14 mean_28 median_7 median_14 median_28 std_7 std_14 std_28 weekly_seasonal price_mean_7 price_mean_28 trend_ratio recent_ratio weekday month year_day weekday_sin weekday_cos season_sin season_cos state_code market_code commodity_code
feature_infos=[0.01:9250] [0.01:9050] [0.01:11150] [0.01:11150] [0.01:11150] [0.01:11150] [0.01:11150] [1.0333333333333334:6209.5238095238092] [0.076138698762687571:2368.4079442689313] [500:5500] [0.024999999999999998:7175] [0.042727272727272565:7100] [1.0333333333333334:6209.5238095238092] [0.01:7150] [0.01:7050] [0.01:6600] [0:5095.8308122097878] [0:3219.2069416757499] [0.076138698762687571:2368.4079442689313] [0.01:6433.333333333333] [516:4016.6666666666665] [551.08695652173913:3472.608695652174] [0.0097951914514692786:3.2754889721181852] [0.0013347439657519877:10.347510373443981] [0:6] [1:12] [1:365] [-0.97492791218182362:0.97492791218182362] [-0.90096886790241903:1] [-0.9999994220246925:0.99998555065071859] [-0.99997919295908233:0.9999907524084426] none -1:13:10:5:8:14:12:11:3:15:6:1:2:0:7:4:9 -1:1:0:3:2
tree_sizes=1451 1541 1538 1537 1555 1551 1550 1559 1562 1558 1555 1553 1548 1556 1545 1550 1552 1546 1558 1553 1556 1556 1551 1540 1551 1548 1553 1575 1556 1555 1531 1562 1551 1549 1565 1548 1533 1570 1559 1547 1543 1557 1570 1554 1553 1552 1543 1553 1561 1547 1545 1546 1553 1554 1564 1574 1546 1552 1566 1555 1555 1546 1538 1558 1559 1568 1544 1545 1558 1537 1567 1572 1539 1583 1544 1556 1545 1560 1552 1543 1542 1545 1548 1527 1542 1543 1554 1563 1541 1547 1532 1547 1527 1525 1545 1551 1542 1537 1536 1549 1534 1541 1526 1541 1542 1541 1531 1567 1544 1553 1549 1552 1570 1543 1548 1551 1537 1532 1553 1559 1539 1548 1530 1545 1544 1555 1544 1564 1562 1569 1544 1554 1527 1538 1544 1541 1531 1537 1537 1546 1522 1547 1542 1557 1522 1546 1530 1538 1529 1545 1528 1547 1498 1527 1546 1549 1552 1547 1529 1533 1544 1522 1559 1516 1517 1526 1514 1564 1540 1564 1566 1551 1548 1530 1544 1522 1550 1559 1523 1533 1500 1544 1522 1553 1543 1541 1552 1550 1541 1507 1542 1568 1533 1495 1533 1526 1516 1543 1508 1533 1558 1536 1526 1522 1517 1526 1554 1520 1516 1532 1535 1530 1519 1543 1535 1470 1523 1521 1516 1521 1520 1530 1491 1501 1566 1509 1540 1522 1517 1518 1505 1503 1512 1500 1534 1521 1520 1527 1544 1498 1525 1494 1502 1523 1512 1535 1548 1524 1508 1548 1519 1533 1530 1497 1497 1512 1520 1515 1511 1514 1512 1544 1515 1530 1536 1533 1537 1534 1508 1505 1530 1517 1530 1547 1519 1507 1545 1485 1535 1541 1523 1502 1505 1535 1535 1529 1559 1535 1535 1518 1503 1503 1549 1517 1528 1549 1488 1554 1511 1521 1522 1549 1491 1515 1504 1499 1505 1522 1525 1523 1547 1555 1527 1532 1535 1507 1531 1517 1510 1526 1489 1524 1519 1481 1500 1494 1508 1547 1528 1505 1486 1514 1500 1537 1517 1522 1515 1506 1493 1473 1516 1527 1495 1536 1518 1532 1530 1502 1527 1528 1485 1519 1517 1501 1519 1498 1559 1525 1540 1509 1517 1501 1512 1506 1518 1498 1505 1520 1525 1529 1523 1522 1510 1515 1518 1530 1516 1534 1482 1480 1536 1498 1499 1512 1507 1555 1516 1532 1534 1518 1527 1504 1509 1536 1494 1482 1479 1517 1516 1525

Tree=0
num_leaves=15
num_cat=4
split_feature=22 23 23 22 23 23 23 23 23 22 32 32 32 32
split_gain=10782.1 2728.96 1910.16 760.16 601.205 244.082 177.205 161.611 148.45 135.698 115.708 104.526 96.9525 65.5367
threshold=1.00002804704398 0.95657232181207841 1.0176834797836083 0.87226498932425434 1.1846489429136062 1.0771195213417017 0.89083339919777127 0.91473535026372299 0.84377179218967935 1.0535750803388841 0 1 2 3
decision_type=10 10 8 8 10 10 10 8 8 10 1 1 1 1
left_child=1 3 6 8 9 -3 -2 11 -1 -4 -6 -5 -11 -7
right_child=2 5 4 7 10 13 -8 -9 -10 12 -12 -13 -14 -15
leaf_value=0.97813580244779585 0.98645855009555816 0.98904619693756102 0.9908406221866608 0.98611187785863874 0.99750163078308107 0.99050704479217533 0.98985026448965074 0.98767819583415983 0.98310298472642899 0.99396286487579344 1.0026599013805388 0.98485810145735742 0.99393532752990721 0.99327897906303408
leaf_weight=7727 2296 4372 3493 2054 1690 825 3580 3917 3451 2621 7971 3362 4609 1756
leaf_count=7727 2296 4372 3493 2054 1690 825 3580 3917 3451 2621 7971 3362 4609 1756
internal_value=0.989269 0.973938 1.0053 0.967516 1.01037 0.992886 0.987722 0.974902 0.961358 1.00465 1.0167 0.970984 1.00739 1.00141
internal_weight=53724 27464 26260 20511 20384 6953 5876 9333 11178 10723 9661 5416 7230 2581
internal_count=53724 27464 26260 20511 20384 6953 5876 9333 11178 10723 9661 5416 7230 2581
cat_boundaries=0 1 2 3 4
cat_threshold=259 9987 783 771
is_linear=0
shrinkage=1


Tree=1
num_leaves=15
num_cat=3
split_feature=22 23 23 22 23 23 23 23 23 22 32 32 32 22
split_gain=10327.3 2604.68 1824.89 760.946 617.073 224.646 169.86 158.642 156.273 146.178 104.23 92.422 89.8835 73.0661
threshold=1.00002804704398 0.95657232181207841 1.0176834797836083 0.86978578716165356 1.2062900538780637 1.0771195213417017 0.89083339919777127 0.83710801806166935 0.87342900336198936 1.0535750803388841 0 1 2 0.96382931796638183
decision_type=10 10 8 8 10 10 10 8 8 10 1 1 1 10
left_child=1 3 6 7 9 -3 -2 -1 12 -4 -11 -6 -5 -10
right_child=2 5 4 8 11 -7 -8 -9 13 10 -12 -13 -14 -15
leaf_value=-0.010927855952084065 -0.0027119866579771042 -0.00021490745544433534 0.0015957826435565937 -0.003492950595915317 0.0085800897359848017 0.0030983394801616664 0.00056101773232221548 -0.006000520400702954 -0.0022610443860292431 0.0041716415405273445 0.0047029579401016248 0.013832157498598103 -0.0051917432792484772 -0.00068673849403858131
leaf_weight=7522 2296 4372 3646 1610 1567 2581 3580 3492 3634 2346 5453 7372 2488 1765
leaf_count=7522 2296 4372 3646 1610 1567 2581 3580 3492 3634 2346 5453 7372 2488 1765
internal_value=-3.1268e-05 -0.0150351 0.0156604 -0.0213095 0.0206131 0.00347586 -0.00152355 -0.0275706 -0.0140376 0.0152197 0.0179261 0.0275061 -0.0191933 -0.0101101
internal_weight=53724 27464 26260 20511 20384 6953 5876 11014 9497 11445 7799 8939 4098 5399
internal_count=53724 27464 26260 20511 20384 6953 5876 11014 9497 11445 7799 8939 4098 5399
cat_boundaries=0 1 2 3
cat_threshold=775 259 9987
is_linear=0
shrinkage=0.035


Tree=2
num_leaves=15
num_cat=3
split_feature=22 23 23 22 23 23 23 23 23 22 32 22 32 32
split_gain=9902.7 2490.97 1746.8 760.259 615.248 209.778 170.878 159.429 145.247 142.909 105.9 102.274 94.8146 68.1225
threshold=1.00002804704398 0.95657232181207841 1.0176834797836083 0.86978578716165356 1.2062900538780637 1.0771195213417017 0.79859216348272577 0.89083339919777127 0.91473535026372299 1.0574777263511606 0 1.1411242957004626 1 2
decision_type=10 10 8 8 10 10 8 10 8 10 1 10 1 1
left_child=1 3 7 6 9 -3 -1 -2 10 13 -5 -6 -11 -4
right_child=2 5 4 8 11 -7 -8 -9 -10 12 -12 -13 -14 -15
leaf_value=-0.011369925274528563 -0.0026170671249479052 -0.00020738569450378167 0.00054786398687958434 -0.002944076036997137 0.0066845408562719892 0.0029898975983560071 -0.0057064496537670489 0.00054138211169093848 -0.0014886927007585755 0.0041390128498077416 -0.0041332853519562649 0.015298800516515979 0.0046775722597837471 0.0018556334046423409
leaf_weight=6751 2296 4372 1105 2091 2330 2581 4263 3580 3966 2280 3440 6609 5275 2785
leaf_count=6751 2296 4372 1105 2091 2330 2581 4263 3580 3966 2280 3440 6609 5275 2785
internal_value=-6.51417e-05 -0.0147574 0.0153006 -0.0208932 0.0201462 0.00334507 -0.0271513 -0.00151165 -0.013625 0.0147611 -0.0172914 0.0270287 0.0175694 0.0092914
internal_weight=53724 27464 26260 20511 20384 6953 11014 5876 9497 11445 5531 8939 7555 3890
internal_count=53724 27464 26260 20511 20384 6953 11014 5876 9497 11445 5531 8939 7555 3890
cat_boundaries=0 1 2 3
cat_threshold=9987 775 795
is_linear=0
shrinkage=0.035


Tree=3
num_leaves=15
num_cat=3
split_feature=22 23 23 22 23 0 23 23 23 22 32 22 32 32
split_gain=9567.12 2350.3 1776.29 795.425 441.194 228.238 225.289 174.341 154.252 107.577 98.874 97.2534 88.0834 83.0815
threshold=0.96382931796638183 1.0335104840763021 0.95000784272717786 1.1219567589725412 0.78720956856955071 14.65 0.90200648767057934 1.2376273802286397 1.0744764980450288 0.89171240717367717 0 0.81853914646644133 1 2
decision_type=10 8 10 10 8 10 10 10 10 8 1 10 1 1
left_child=2 6 4 5 11 -3 12 -5 -4 -6 -7 -1 -2 -11
right_child=1 3 8 7 9 10 -8 -9 -10 13 -12 -13 -14 -15
leaf_value=-0.012081109166527578 -0.0011695946017996773 0.0011509094726759579 -0.00052722183950424111 0.0065605140487384802 -0.0051006012612087627 0.002352359221033609 0.00031665674832176307 0.015179006217615164 0.0030732937038902928 -0.0016834857960528872 0.0034484636641068729 -0.0065765629844774806 -0.0033909789875917877 -0.0024937970209567123
leaf_weight=5464 1748 3990 2890 4611 5444 2317 6009 6509 1642 1509 4493 2633 1895 2570
leaf_count=5464 1748 3990 2890 4611 5444 2317 6009 6509 1642 1509 4493 2633 1895 2570
internal_value=-8.98956e-05 0.0122811 -0.0177204 0.0186166 -0.0227455 0.0118427 -0.00210935 0.0251874 0.00182059 -0.0176212 0.0157359 -0.0287577 -0.00897067 -0.0132921
internal_weight=53724 31572 22152 21920 17620 10800 9652 11120 4532 9523 6810 8097 3643 4079
internal_count=53724 31572 22152 21920 17620 10800 9652 11120 4532 9523 6810 8097 3643 4079
cat_boundaries=0 1 2 3
cat_threshold=8979 10025 10006
is_linear=0
shrinkage=0.035


Tree=4
num_leaves=15
num_cat=2
split_feature=22 23 23 23 22 22 22 32 23 23 23 23 22 32
split_gain=9136.76 2279.51 1710.85 708.614 449.773 252.93 242.325 159.562 154.24 144.116 111.986 100.716 82.6234 79.5021
threshold=0.96382931796638183 1.1116250579927354 0.95000784272717786 0.98925945489760381 0.81448222247722313 1.2000982159911511 1.1554709132448415 0 0.87094671321024519 1.0335104840763021 0.87342900336198936 0.85591394755125461 1.0075122257192499 1
decision_type=10 10 10 8 8 10 10 1 8 10 10 10 10 1
left_child=2 3 4 10 11 7 12 -3 13 -4 -2 -1 -5 -6
right_child=1 5 9 6 8 -7 -8 -9 -10 -11 -12 -13 -14 -15
leaf_value=-0.010688449470463443 -0.0029293017376631376 0.002647319472920412 -0.00087967939182729562 0.0002806205587390176 -0.0038535209528164083 0.01477550176793534 0.0080785102852263604 0.0053742841696390797 -0.0023104675838464613 0.0020267873306611078 -0.00012125509910606903 -0.0036827421469122642 0.0016857403880834257 -0.0052096765292004967
leaf_weight=7448 2939 1454 2217 2625 1797 6055 2393 5544 4609 2315 4304 562 6258 3204
leaf_count=7448 2939 1454 2217 2625 1797 6055 2393 5544 4609 2315 4304 562 6258 3204
internal_value=-0.000127678 0.0119619 -0.017357 0.00406419 -0.0222888 0.0231609 0.00954969 0.018602 -0.0171669 0.00182059 -0.00447641 -0.0284192 0.0068795 -0.0214293
internal_weight=53724 31572 22152 18519 17620 13053 11276 6998 9610 4532 7243 8010 8883 5001
internal_count=53724 31572 22152 18519 17620 13053 11276 6998 9610 4532 7243 8010 8883 5001
cat_boundaries=0 1 2
cat_threshold=259 9987
is_linear=0
shrinkage=0.035


Tree=5
num_leaves=15
num_cat=2
split_feature=22 23 23 22 22 23 23 23 0 23 23 32 23 32
split_gain=8764.7 2319.65 1423.97 672.852 457.614 338.879 237.881 191.937 162.851 116.251 99.9961 90.2753 88.784 82.6137
threshold=1.0075122257192499 0.91473535026372299 1.0796079784904449 0.90555215558275548 1.1483945741758244 1.0335104840763021 0.89932235726655574 0.79859216348272577 13.750000000000002 1.3091236053022357 0.27476363203900822 0 1.1846489429136062 1
decision_type=10 10 8 8 10 10 10 8 10 10 10 1 10 1
left_child=1 3 6 7 8 -3 -2 -1 -4 -6 -5 -12 -7 -10
right_child=2 5 4 10 9 12 -8 -9 13 -11 11 -13 -14 -15
leaf_value=-0.0098204280728821924 -0.0021254090609848734 -0.00075671012113897045 0.0017799378604296903 -0.0010025139664681794 0.0072852679875325286 0.0010564644448397965 0.0012206041906377119 -0.0046798731564032395 0.0031351822333014661 0.016808546913004929 -0.002024833179615243 -0.0033074133221146461 0.0051745855900220258 0.0044000923477566173
leaf_weight=7501 2261 5586 2885 2017 4261 3029 5610 5196 1856 5183 1357 2737 1106 3139
leaf_count=7501 2261 5586 2885 2017 4261 3029 5610 5196 1856 5183 1357 2737 1106 3139
internal_value=-0.000148523 -0.0134326 0.0148931 -0.020606 0.0205003 0.000449825 0.00254634 -0.0251988 0.0142575 0.025699 -0.0110505 -0.0141913 0.00803986 0.018081
internal_weight=53724 28529 25195 18808 17324 9721 7871 12697 7880 9444 6111 4094 4135 4995
internal_count=53724 28529 25195 18808 17324 9721 7871 12697 7880 9444 6111 4094 4135 4995
cat_boundaries=0 1 2
cat_threshold=8963 8971
is_linear=0
shrinkage=0.035


Tree=6
num_leaves=15
num_cat=3
split_feature=22 23 23 23 22 22 22 23 23 32 23 23 32 32
split_gain=8408.49 2168.38 1517.34 702.401 458.411 228.607 203.61 144.891 136.975 132.429 112.779 111.364 78.3076 77.2225
threshold=0.96235245780707557 1.1412884844793016 0.95000784272717786 0.99383096619019362 0.81448222247722313 1.0955453218490641 1.2165615031085786 0.87094671321024519 1.0771195213417017 0 0.73966057848001376 0.87342900336198936 1 2
decision_type=10 10 10 8 8 10 10 8 10 1 8 10 1 1
left_child=2 3 4 11 10 12 9 13 -4 -3 -1 -2 -5 -6
right_child=1 6 8 5 7 -7 -8 -9 -10 -11 -12 -13 -14 -15
leaf_value=-0.011907873712778664 -0.0027490025704485013 0.0026958939881818124 -0.00050478588221663297 0.00016182168674617415 -0.0035216703775303396 0.0048729550359502029 0.014643528188968918 -0.002160867742332108 0.0028327347657294537 0.0057721939416342022 -0.0061985485006361444 -8.5064495183044279e-05 0.0011611780157727543 -0.0048476223211833805
leaf_weight=4715 3000 1300 2880 2251 1775 4339 5558 4529 1579 4862 3295 4617 5857 3167
leaf_count=4715 3000 1300 2880 2251 1775 4339 5558 4529 1579 4862 3295 4617 5857 3167
internal_value=-0.000171974 0.0113316 -0.0168357 0.00434252 -0.0214832 0.00946394 0.0232896 -0.0162553 0.00138777 0.0188763 -0.0276507 -0.00402716 0.00598792 -0.0204043
internal_weight=53724 31784 21940 20064 17481 12447 11720 9471 4459 6162 8010 7617 8108 4942
internal_count=53724 31784 21940 20064 17481 12447 11720 9471 4459 6162 8010 7617 8108 4942
cat_boundaries=0 1 2 3
cat_threshold=259 795 9987
is_linear=0
shrinkage=0.035


Tree=7
num_leaves=15
num_cat=2
split_feature=22 23 23 22 23 23 23 32 22 23 32 23 23 23
split_gain=8063.6 2134.73 1324.12 691.805 491.554 281.512 191.19 156.873 136.338 102.202 101.574 89.3282 88.5403 80.6147
threshold=1.0075122257192499 0.91686653316731992 1.1635321762957724 0.81853914646644133 1.0009551146027549 1.0335104840763021 0.86785895331434371 0 1.2468080749033932 0.73525604905317465 1 0.89083339919777127 1.3091236053022357 1.1846489429136062
decision_type=10 10 10 8 8 10 8 1 10 8 1 10 10 10
left_child=1 3 4 9 11 -3 10 -4 -6 -1 -5 -2 -9 -7
right_child=2 5 7 6 8 13 -8 12 -10 -11 -12 -13 -14 -15
leaf_value=-0.011526095596057728 -0.0021262256751077716 -0.00068816732139394797 0.0058667708583218575 -0.0030977801996807299 0.0019716642823185541 0.00092633669549912491 -0.0016723567645027871 0.0052654551039911044 0.011181821907608119 -0.0059941871729049263 -0.0044976174734162669 0.00055630365011999805 0.014780036242906355 0.0048559441824813235
leaf_weight=4703 2126 5444 1793 1839 8731 3029 5125 3209 1457 3351 3932 2641 5238 1106
leaf_count=4703 2126 5444 1793 1839 8731 3029 5125 3209 1457 3351 3932 2641 5238 1106
internal_value=-0.000173277 -0.0129149 0.0142542 -0.0197204 0.00761063 0.00055144 -0.0139602 0.0239483 0.0119494 -0.0274997 -0.0183302 -0.00166492 0.0259625 0.00743116
internal_weight=53724 28529 25195 18950 14955 9579 10896 10240 10188 8054 5771 4767 8447 4135
internal_count=53724 28529 25195 18950 14955 9579 10896 10240 10188 8054 5771 4767 8447 4135
cat_boundaries=0 1 2
cat_threshold=259 8963
is_linear=0
shrinkage=0.035


Tree=8
num_leaves=15
num_cat=2
split_feature=22 23 23 23 22 23 22 22 32 23 23 22 23 32
split_gain=7760.65 1954.95 1452.71 625.307 375.182 286.138 227.443 213.916 126.388 104.136 99.1729 97.6473 79.8134 79.0264
threshold=0.96382931796638183 1.1412884844793016 0.87913198361864497 0.99383096619019362 0.81853914646644133 1.0199786172487528 1.2165615031085786 1.0535750803388841 0 0.31404353297100485 0.84377179218967935 1.2817568753419093 0.73525604905317465 1
decision_type=10 10 10 8 8 10 10 10 1 10 10 10 8 1
left_child=2 3 4 10 12 -4 8 -5 -3 -6 -2 -9 -1 -11
right_child=1 6 5 7 9 -7 -8 11 -10 13 -12 -13 -14 -15
leaf_value=-0.011122682250195706 -0.0030939067813485293 0.0024321111325025955 -0.0014819679622043614 0.00067622723040283055 -0.0022206363289022008 0.0015843466591153217 0.013698641542774337 0.0025665175535435716 0.0053034585364101529 -0.0031840667204556454 -0.0001405861165986583 0.013002925334445352 -0.0059854737806762518 -0.0043536003682203995
leaf_weight=4703 2313 1298 4548 5912 2158 2601 5558 5338 4850 1522 5176 1127 3111 3509
leaf_count=4703 2313 1298 4548 5912 2158 2601 5558 5338 4850 1522 5176 1127 3111 3509
internal_value=-0.000195425 0.0109466 -0.0160744 0.00425897 -0.0222598 -0.00308708 0.0222893 0.00908779 0.0176223 -0.0164686 -0.00372231 0.0134861 -0.0275739 -0.0192305
internal_weight=53724 31572 22152 19866 15003 7149 11706 12377 6148 7189 7489 6465 7814 5031
internal_count=53724 31572 22152 19866 15003 7149 11706 12377 6148 7189 7489 6465 7814 5031
cat_boundaries=0 1 2
cat_threshold=259 8963
is_linear=0
shrinkage=0.035


Tree=9
num_leaves=15
num_cat=2
split_feature=22 23 23 23 22 23 23 22 32 0 23 23 32 22
split_gain=7411.66 1880.21 1401.56 577.506 386.715 263.917 233.058 203.942 172.714 102.763 98.9974 79.9519 74.3095 64.5297
threshold=0.96382931796638183 1.1375179038322465 0.87913198361864497 1.0009551146027549 0.81853914646644133 1.0199786172487528 1.3604552039621745 1.0955453218490641 0 5.5500000000000007 0.84377179218967935 0.73525604905317465 1 1.3090428863127819
decision_type=10 10 10 8 8 10 10 10 1 10 10 8 1 10
left_child=2 3 4 10 11 -4 8 -5 -3 -6 -2 -1 -11 -9
right_child=1 6 5 7 9 -7 -8 13 -10 12 -12 -13 -14 -15
leaf_value=-0.010733388371438854 -0.0029856200440013291 0.0021617142307055622 -0.0014300990835272095 0.00088306798928573858 -0.0022483825570289596 0.0015288945260462851 0.014929406313485454 0.0034296507611183127 0.0048315784628878205 -0.0043001839438831443 -0.00010779821278268321 -0.0057759821983525824 -0.0038289795968697174 0.01492234421430449
leaf_weight=4703 2313 1868 4548 7629 2580 2601 5503 3288 4495 1602 5533 3111 3007 943
leaf_count=4703 2313 1868 4548 7629 2580 2601 5503 3288 4495 1602 5533 3111 3007 943
internal_value=-0.000227996 0.0106606 -0.0157458 0.00403074 -0.0218214 -0.00298924 0.0216646 0.00890265 0.0170768 -0.0159431 -0.00333461 -0.0272158 -0.0190778 0.0150626
internal_weight=53724 31572 22152 19706 15003 7149 11866 11860 6363 7189 7846 7814 4609 4231
internal_count=53724 31572 22152 19706 15003 7149 11866 11860 6363 7189 7846 7814 4609 4231
cat_boundaries=0 1 2
cat_threshold=779 20704
is_linear=0
shrinkage=0.035


Tree=10
num_leaves=15
num_cat=2
split_feature=22 23 23 22 23 23 22 23 22 0 32 32 23 23
split_gain=7119.07 1770.38 1303.65 646.108 440.769 202.386 174.841 153.304 120.366 111.501 110.957 99.7365 93.9287 66.6365
threshold=1.00002804704398 0.91686653316731992 1.1635321762957724 0.864379516098436 1.0154632132228303 1.0335104840763021 1.2165615031085786 0.73525604905317465 1.2345512468971889 5.5500000000000007 0 1 0.8646697808074012 1.1846489429136062
decision_type=10 10 10 8 8 10 10 8 10 10 1 1 10 10
left_child=1 3 4 7 12 -3 10 -1 -6 -5 -4 -11 -2 -7
right_child=2 5 6 9 8 13 -8 -9 -10 11 -12 -13 -14 -15
leaf_value=-0.0099483208054503645 -0.0025107794188925551 -0.00068034290035800811 0.0030034206601069948 -0.0012797015021402903 0.0017391565056830483 0.00079626081857945956 0.013021202567269916 -0.0046045789914854855 0.0094903703561959214 -0.0033136961600754929 0.0057226331830200318 -0.0024655702811922429 0.00034593078412058388 0.0043154892355966269
leaf_weight=5355 1925 5085 1701 2956 8551 2779 5445 5003 1561 2106 3218 3174 3859 1006
leaf_count=5355 1925 5085 1701 2956 8551 2779 5445 5003 1561 2106 3218 3174 3859 1006
internal_value=-0.00024363 -0.0127009 0.0127847 -0.018837 0.0064845 0.000165634 0.02244 -0.024655 0.0108906 -0.0115095 0.0176208 -0.0145563 -0.00122128 0.00628892
internal_weight=53724 27464 26260 18594 15896 8870 10364 10358 10112 8236 4919 5280 5784 3785
internal_count=53724 27464 26260 18594 15896 8870 10364 10358 10112 8236 4919 5280 5784 3785
cat_boundaries=0 1 2
cat_threshold=8459 53472
is_linear=0
shrinkage=0.035


Tree=11
num_leaves=15
num_cat=2
split_feature=22 23 23 23 22 23 23 22 32 23 0 23 32 22
split_gain=6796.44 1709.84 1320.15 554.099 387.204 234.992 213.335 194.308 181.765 108.686 107.907 74.8728 73.3943 70.5526
threshold=0.96382931796638183 1.1635321762957724 0.87094671321024519 1.0154632132228303 0.81448222247722313 1.0199786172487528 1.486070603787448 1.0574777263511606 0 0.84377179218967935 5.0500000000000007 0.69633265111605336 1 1.3090428863127819
decision_type=10 10 10 8 8 10 10 10 1 10 10 8 1 10
left_child=2 3 4 9 11 -4 8 -5 -3 -2 -6 -1 -12 -9
right_child=1 6 5 7 10 -7 -8 13 -10 -11 12 -13 -14 -15
leaf_value=-0.01080202624474007 -0.002787299152533096 0.0023295827971719211 -0.0013766513596497789 0.00073025057960978421 -0.0020947507269008961 0.0014534109947213359 0.019449286379167381 0.0026129282768095367 0.0055974029003193343 -4.1792475001560806e-05 -0.0040890996377288477 -0.0054505514412526209 -0.0036721002319867811 0.013028598047339295
leaf_weight=4117 2313 1715 4880 5657 2587 2601 3637 5540 5442 6288 1533 3464 2970 980
leaf_count=4117 2313 1715 4880 5657 2587 2601 3637 5540 5442 6288 1533 3464 2970 980
internal_value=-0.000320497 0.0101064 -0.0151803 0.00423375 -0.02128 -0.003212 0.0214038 0.00903587 0.0178714 -0.00256623 -0.0153813 -0.0267829 -0.0186568 0.0131525
internal_weight=53724 31572 22152 20778 14671 7481 10794 12177 7157 8601 7090 7581 4503 6520
internal_count=53724 31572 22152 20778 14671 7481 10794 12177 7157 8601 7090 7581 4503 6520
cat_boundaries=0 1 2
cat_threshold=771 20704
is_linear=0
shrinkage=0.035


Tree=12
num_leaves=15
num_cat=3
split_feature=22 23 23 23 22 23 23 22 32 0 23 32 23 32
split_gain=6510.45 1653.44 1247.81 476.302 381.531 250.211 227.669 194.805 182.104 134.252 91.7811 89.6753 62.1355 61.5644
threshold=0.96235245780707557 1.1375179038322465 0.87094671321024519 1.0009551146027549 0.77030831769964714 1.4319226650830374 1.0199786172487528 1.1160902993564019 0 5.0500000000000007 0.84377179218967935 1 1.1087134611216076 2
decision_type=10 10 10 8 8 10 10 10 1 10 10 1 8 1
left_child=2 3 4 10 -1 8 -4 -5 -3 -6 13 -11 -9 -2
right_child=1 5 6 7 9 -7 -8 12 -10 11 -12 -13 -14 -15
leaf_value=-0.0092185937397272679 -0.00070367028348997888 0.0021831308924211536 -0.0013577934123049247 0.00089374007630628873 -0.002366856278743828 0.016447748048729477 0.0014025416099060907 0.0020589681058900142 0.0047636809168907718 -0.0032390728389226102 -7.3256144185444025e-05 -0.0040840858025175952 0.0071221879706364214 -0.0033682284200675164
leaf_weight=5913 903 2248 4799 8423 2989 4312 2561 1090 5320 1345 5619 4333 2410 1459
leaf_count=5913 903 2248 4799 8423 2989 4312 2561 1090 5320 1345 5619 4333 2410 1459
internal_value=-0.000338737 0.00978357 -0.0150016 0.00361445 -0.0209304 0.0201136 -0.00325051 0.00804284 0.0162591 -0.0162367 -0.00300213 -0.0194 0.0149786 -0.00878327
internal_weight=53724 31784 21940 19904 14580 11880 7360 11923 7568 8667 7981 5678 3500 2362
internal_count=53724 31784 21940 19904 14580 11880 7360 11923 7568 8667 7981 5678 3500 2362
cat_boundaries=0 1 2 3
cat_threshold=779 8962 9985
is_linear=0
shrinkage=0.035


Tree=13
num_leaves=15
num_cat=2
split_feature=22 23 23 23 22 23 22 22 0 32 23 22 32 23
split_gain=6181.5 1574.48 1226.95 494.813 365.2 227.504 223.238 186.752 140.417 123.445 90.2582 81.8115 77.2883 74.9317
threshold=0.96235245780707557 1.1635321762957724 0.86160117556508353 1.0009551146027549 0.77030831769964714 0.97827486111059303 1.2218174445181746 1.0535750803388841 5.0500000000000007 0 0.84377179218967935 1.3090428863127819 1 1.1799693066733308
decision_type=10 10 10 8 8 10 10 10 10 1 10 10 1 10
left_child=2 3 4 10 -1 -4 9 -5 -6 -3 -2 -9 -10 -7
right_child=1 6 5 7 8 13 -8 11 12 -11 -12 -13 -14 -15
leaf_value=-0.0089276513897184537 -0.0026070326457403119 0.0022282262115076593 -0.0015894061497676983 0.00055535205277737042 -0.0022840163089877961 0.00011377122761543597 0.011971708302882389 0.0023396471759486643 -0.0034216200940340056 0.0051394894988396776 -7.0692179138954762e-05 0.012287239872738543 -0.0041901803329571323 0.0044779126402025729
leaf_weight=5862 2362 1900 4099 6013 2969 2956 5314 5996 2469 3592 5619 988 2924 661
leaf_count=5862 2362 1900 4099 6013 2969 2956 5314 5996 2469 3592 5619 988 2924 661
internal_value=-0.000343948 0.00951933 -0.0146316 0.00392651 -0.020726 -0.00339075 0.02037 0.00813759 -0.0160129 0.0153957 -0.00293201 0.0120289 -0.0193803 0.00300525
internal_weight=53724 31784 21940 20978 14224 7716 10806 12997 8362 5492 7981 6984 5393 3617
internal_count=53724 31784 21940 20978 14224 7716 10806 12997 8362 5492 7981 6984 5393 3617
cat_boundaries=0 1 2
cat_threshold=8963 12043
is_linear=0
shrinkage=0.035


Tree=14
num_leaves=15
num_cat=3
split_feature=22 23 23 23 23 22 22 22 22 23 32 32 23 32
split_gain=5907.72 1574.25 1159.44 534.87 407.293 199.285 178.313 127.601 126.088 92.5784 87.6276 81.386 77.3925 72.1979
threshold=1.00002804704398 0.82707893497603779 1.2432593980711137 0.97827486111059303 1.0154632132228303 0.73686226289584555 0.78916870577283704 1.2745430613150301 1.1219567589725412 1.1799693066733308 0 1 0.89083339919777127 2
decision_type=10 8 10 10 8 8 8 10 10 10 1 1 10 1
left_child=1 5 4 6 12 -1 -3 11 13 -5 -7 -4 -2 -6
right_child=2 3 7 9 8 10 -8 -9 -10 -11 -12 -13 -14 -15
leaf_value=-0.009750382512043505 -0.0016764782525615473 -0.0058766825416335525 0.0027274010545793193 0.00024463025629101133 0.00056073185507188989 -0.0033818942301275766 -0.0012956085151507553 0.014611357623977236 0.0042900599105963637 0.0037251758597107902 -0.0044224441196253003 0.0065126335096536156 0.0003664524604448111 0.0014840083800210292
leaf_weight=3887 2296 1774 815 4925 2306 1981 9589 3969 4827 1043 4265 3117 3488 5442
leaf_count=3887 2296 1774 815 4925 2306 1981 9589 3969 4827 1043 4265 3117 3488 5442
internal_value=-0.000333526 -0.0116815 0.0115347 -0.0052714 0.00670687 -0.0226371 -0.00972599 0.0227416 0.0102413 0.00321112 -0.0187346 0.0182245 -0.000979444 0.00746679
internal_weight=53724 27464 26260 17331 18359 10133 11363 7901 12575 5968 6246 3932 5784 7748
internal_count=53724 27464 26260 17331 18359 10133 11363 7901 12575 5968 6246 3932 5784 7748
cat_boundaries=0 1 2 3
cat_threshold=8963 259 795
is_linear=0
shrinkage=0.035


Tree=15
num_leaves=15
num_cat=3
split_feature=22 23 23 23 22 23 22 22 0 23 32 32 32 23
split_gain=5596.48 1503.05 1135.72 534.43 368.443 200.449 189.003 140.571 132.897 96.7276 86.0249 85.4151 71.2255 71.0414
threshold=0.96235245780707557 1.2432593980711137 0.86160117556508353 1.0154632132228303 0.73686226289584555 1.0199786172487528 1.0859046617220149 1.2745430613150301 5.0500000000000007 0.84377179218967935 0 1 2 1.0506516060684483
decision_type=10 10 10 8 8 10 10 10 10 10 1 1 1 10
left_child=2 3 4 9 -1 -4 12 10 -6 -2 -3 -10 -5 -14
right_child=1 7 5 6 8 -7 -8 -9 11 -11 -12 -13 13 -15
leaf_value=-0.0094363331148103052 -0.0024193381549827112 0.0031480692948105994 -0.0012740099785973171 3.3253103897988305e-05 -0.0023674922701906066 0.0012956443469683122 0.0034867254824346512 0.014099960107138033 -0.0040449952090557319 -4.1357124494806334e-06 0.0066411925174373462 -0.0034799716456667459 0.00045818152284920647 0.0015914973020968361
leaf_weight=4809 2362 1419 5155 2434 3252 2561 6618 3969 2483 6378 2737 3680 2694 3173
leaf_count=4809 2362 1419 5155 2434 3252 2561 6618 3969 2483 6378 2737 3680 2694 3173
internal_value=-0.000347857 0.00903709 -0.0139426 0.00457467 -0.019806 -0.00312783 0.00859991 0.0220203 -0.0157649 -0.00229731 0.017479 -0.0187881 0.00507765 0.00715828
internal_weight=53724 31784 21940 23659 14224 7716 14919 8125 9415 8740 4156 6163 8301 5867
internal_count=53724 31784 21940 23659 14224 7716 14919 8125 9415 8740 4156 6163 8301 5867
cat_boundaries=0 1 2 3
cat_threshold=8963 53472 795
is_linear=0
shrinkage=0.035


Tree=16
num_leaves=15
num_cat=3
split_feature=22 23 23 23 23 22 22 23 22 32 23 32 22 32
split_gain=5339.11 1561.5 1007.47 512.096 331.303 188.276 175.914 128.736 99.4457 97.4076 96.3172 83.2371 82.5163 77.6146
threshold=1.0075122257192499 0.81392178276005434 1.2432593980711137 0.97827486111059303 0.99852451985666468 0.73686226289584555 0.88696215972411474 1.5204589447365311 1.1219567589725412 0 1.1846489429136062 1 0.67440198385788563 2
decision_type=10 8 10 10 8 8 8 10 10 1 10 1 10 1
left_child=1 5 4 6 -2 -1 12 9 -6 -4 13 -7 -3 -5
right_child=2 3 7 10 8 11 -8 -9 -10 -11 -12 -13 -14 -15
leaf_value=-0.0091384950252232505 -0.00021768066148183525 -0.010862085670239295 0.0063157244604471465 0.00096038455117225757 0.0012248994327050879 -0.0032002724604630766 -0.00086917287025150343 0.01829733932320721 0.0039386301223762145 0.0038609800904111356 0.0036719281696663613 -0.0043560482771931499 -0.0026973924583058137 -0.00044610893463238268
leaf_weight=3849 4698 665 2327 2507 7724 1871 7479 3259 4927 2260 1106 3929 4227 2896
leaf_count=3849 4698 665 2327 2507 7724 1871 7479 3259 4927 2260 1106 3929 4227 2896
internal_value=-0.000343948 -0.010712 0.0113958 -0.00485571 0.00668578 -0.0221623 -0.00903563 0.0217998 0.00963219 0.0179802 0.0030895 -0.0181481 -0.0141944 0.00115847
internal_weight=53724 28529 25195 18880 17349 9649 12371 7846 12651 4587 6509 5800 4892 5403
internal_count=53724 28529 25195 18880 17349 9649 12371 7846 12651 4587 6509 5800 4892 5403
cat_boundaries=0 1 2 3
cat_threshold=23792 8963 11461
is_linear=0
shrinkage=0.035


Tree=17
num_leaves=15
num_cat=3
split_feature=22 23 23 23 22 23 22 23 22 32 23 23 32 32
split_gain=5062.95 1380.81 1044.36 475.115 358.991 171.527 169.648 153.054 139.132 101.044 89.6753 80.9789 64.207 61.5099
threshold=0.96235245780707557 1.2432593980711137 0.86160117556508353 1.0154632132228303 0.70105498021301671 1.0199786172487528 1.084121941553696 0.78720956856955071 1.3614270322074062 0 0.84049629194666198 0.63452821575733587 1 2
decision_type=10 10 10 8 8 10 10 8 10 1 10 10 1 1
left_child=2 3 4 10 11 -4 13 -6 9 -3 -2 -1 -8 -5
right_child=1 8 5 6 7 -7 12 -9 -10 -11 -12 -13 -14 -15
leaf_value=-0.011561280773862455 -0.0023296371474752454 0.0030298731576253869 -0.0011963894744792571 5.7654459531208962e-06 -0.004579876721742723 0.0012166833355333917 0.0029964385590594612 -0.002159801938507891 0.016654941426920422 0.0065988808480319013 -1.0813833417430142e-05 -0.0039259914922557806 0.0032939627309787061 0.0010196544687486476
leaf_weight=3085 2309 1675 5155 2407 4997 2561 2476 5364 2830 3620 6431 778 4263 5773
leaf_count=3085 2309 1675 5155 2407 4997 2561 2476 5364 2830 3620 6431 778 4263 5773
internal_value=-0.000323103 0.00860329 -0.0132536 0.00432619 -0.0188762 -0.00288305 0.00812148 -0.0154674 0.0210474 0.0176651 -0.00215323 -0.0279873 0.0122324 0.00472938
internal_weight=53724 31784 21940 23659 14224 7716 14919 10361 8125 5295 8740 3863 6739 8180
internal_count=53724 31784 21940 23659 14224 7716 14919 10361 8125 5295 8740 3863 6739 8180
cat_boundaries=0 1 2 3
cat_threshold=8963 783 795
is_linear=0
shrinkage=0.035


Tree=18
num_leaves=15
num_cat=2
split_feature=22 23 23 23 23 22 22 22 22 23 32 32 23 3
split_gain=4841.73 1329.64 1017.76 469.198 394.322 172.897 132.202 120.022 112.63 81.3717 78.7205 75.2999 70.5305 64.9756
threshold=0.96235245780707557 1.2674495913431232 0.78720956856955071 1.0154632132228303 0.95657232181207841 1.0709810382689597 0.63349840371956823 1.3614270322074062 0.70105498021301671 0.82707893497603779 0 1 1.1799693066733308 123.75000000000001
decision_type=10 10 8 8 10 10 10 10 8 10 1 1 10 10
left_child=2 3 6 9 8 -5 -1 10 -4 -2 -3 -7 -6 -10
right_child=1 7 4 5 12 11 -8 -9 13 -11 -12 -13 -14 -15
leaf_value=-0.011676979131248402 -0.0025145049544494751 0.0029749476669828209 -0.0084290398951630645 0.00073320385926096921 -5.2469268249363269e-05 0.0030899831509418976 -0.0047384277968202278 0.016232372243191451 -0.0015633093821018457 -3.4481810490450406e-05 0.0066265923788009001 0.0025275142395159204 0.0039743555878797221 -0.0022245720974358079
leaf_weight=2057 2084 1248 885 7578 3583 4073 6012 2792 6458 6656 3443 3910 661 2284
leaf_count=2057 2084 1248 885 7578 3583 4073 6012 2792 6458 6656 3443 3910 661 2284
internal_value=-0.000315286 0.00841392 -0.0129601 0.00443944 -0.00720633 0.00808332 -0.0228406 0.0213094 -0.0111228 -0.00204917 0.0178503 0.0116769 0.0016804 -0.0099074
internal_weight=53724 31784 21940 24301 13871 15561 8069 7483 9627 8740 4691 7983 4244 8742
internal_count=53724 31784 21940 24301 13871 15561 8069 7483 9627 8740 4691 7983 4244 8742
cat_boundaries=0 1 2
cat_threshold=771 23792
is_linear=0
shrinkage=0.035


Tree=19
num_leaves=15
num_cat=3
split_feature=22 23 23 23 22 22 23 23 0 32 23 32 23 32
split_gain=4588.88 1384.57 863.279 520.186 315.775 173.291 143.634 138.136 116.213 89.7209 86.5787 70.7123 78.0209 68.2137
threshold=0.9455113305920303 1.2609553107813321 0.84377179218967935 1.0009551146027549 0.68363360969387765 1.0748188672541013 0.97827486111059303 1.5204589447365311 11.050000000000002 0 0.78338076795575651 1 1.0823866948970515 2
decision_type=10 10 10 8 8 10 10 10 10 1 10 1 10 1
left_child=2 3 4 10 -1 11 -4 9 -6 -3 -2 -5 -13 -7
right_child=1 7 6 5 8 13 -8 -9 -10 -11 -12 12 -14 -15
leaf_value=-0.0098661218031353432 -0.0032497731410688416 0.0058605441280815684 -0.0013739572338721203 -0.00027781166468827392 -0.0027570332019257533 0.0029777027374894229 0.00061302011159422966 0.016729048888061621 -0.0037168871522158414 0.0040111182943501035 -0.00022329368863786229 0.00040249913923273597 0.0016565248580262188 0.0024111132728932183
leaf_weight=3445 1707 1364 4102 2698 3869 3943 2896 3310 5507 3044 7485 4248 2270 3836
leaf_count=3445 1707 1364 4102 2698 3869 3943 2896 3310 5507 3044 7485 4248 2270 3836
internal_value=-0.000332223 0.0074882 -0.0137094 0.00364672 -0.0191046 0.00727382 -0.00381836 0.0205115 -0.0157595 0.0164174 -0.00305969 0.00402342 0.00598959 0.0111196
internal_weight=53724 33905 19819 26187 12821 16995 6998 7718 9376 4408 9192 9216 6518 7779
internal_count=53724 33905 19819 26187 12821 16995 6998 7718 9376 4408 9192 9216 6518 7779
cat_boundaries=0 1 2 3
cat_threshold=19552 795 23792
is_linear=0
shrinkage=0.035


Tree=20
num_leaves=15
num_cat=2
split_feature=22 23 23 23 23 22 22 23 22 23 32 22 32 23
split_gain=4361.06 1335.49 879.875 442.299 274.135 162.952 160.029 107.141 94.9255 90.9254 82.2395 81.8374 79.268 73.5289
threshold=1.0075122257192499 0.78720956856955071 1.2813114628272821 0.95657232181207841 1.0154632132228303 0.63349840371956823 0.92532705215721334 1.5204589447365311 1.2607880542867205 1.1846489429136062 0 0.61968439436793876 1 1.2609553107813321
decision_type=10 8 10 10 8 10 10 10 10 10 1 8 1 8
left_child=1 5 4 6 -2 -1 11 10 12 -5 -4 -3 -6 -10
right_child=2 3 7 9 8 -7 -8 -9 13 -11 -12 -13 -14 -15
leaf_value=-0.010922970598544968 -8.1429525675920107e-05 -0.01177592283698678 0.0059371059067317459 7.2269775796772752e-05 0.00072547731308484579 -0.0042980270869318734 -0.00063849496476365598 0.016281507876331668 0.0024518856499424623 0.0032750148525364751 0.0034740777821516237 -0.0021792805535424562 0.0016051096062812316 0.010702701685541494
leaf_weight=2057 5273 424 1876 6451 2987 6538 4978 3259 716 1106 1825 6975 8150 1109
leaf_count=2057 5273 424 1876 6451 2987 6538 4978 3259 716 1106 1825 6975 8150 1109
internal_value=-0.000308772 -0.00967915 0.0103014 -0.00470435 0.0062574 -0.0212076 -0.00877685 0.0208844 0.0089936 0.00196707 0.0167634 -0.0120401 0.00777464 0.0163907
internal_weight=53724 28529 25195 19934 18235 8595 12377 6960 12962 7557 3701 7399 11137 1825
internal_count=53724 28529 25195 19934 18235 8595 12377 6960 12962 7557 3701 7399 11137 1825
cat_boundaries=0 1 2
cat_threshold=23792 779
is_linear=0
shrinkage=0.035


Tree=21
num_leaves=15
num_cat=2
split_feature=22 23 23 23 23 22 22 32 22 23 23 22 23 32
split_gain=4142.13 1351.55 792.91 421.043 238.788 174.516 160.353 107.034 85.9029 84.635 83.5258 81.4829 77.7829 76.9022
threshold=1.0149872674318829 0.78720956856955071 1.2813114628272821 0.95657232181207841 1.0107009126407038 0.68363360969387765 0.92532705215721334 0 1.2903850375594808 1.1375179038322465 1.4588254822188831 0.61968439436793876 0.63452821575733587 1
decision_type=10 8 10 10 8 8 10 1 10 10 10 8 10 1
left_child=1 5 4 6 -2 12 11 -4 13 -5 -9 -3 -1 -6
right_child=2 3 7 9 8 -7 -8 10 -10 -11 -12 -13 -14 -15
leaf_value=-0.010416708412478439 -6.0622392506253794e-05 -0.011363765537692241 0.0055107964345840598 5.680730290839043e-06 0.00091173370802668748 -0.0039210156710249092 -0.00059339740494253898 0.0046450211217418397 0.0074489935084611726 0.0023467496215523252 0.013992256602124902 -0.0021030057341684706 -0.0036401169988953446 0.0016850391227764441
leaf_weight=2282 4663 424 1588 6395 3567 5876 5337 2315 1460 1800 3015 6975 504 7523
leaf_count=2282 4663 424 1588 6395 3567 5876 5337 2315 1460 1800 3015 6975 504 7523
internal_value=-0.000310075 -0.00908524 0.010451 -0.00427135 0.00642554 -0.0207084 -0.0082521 0.020455 0.00893748 0.00191646 0.0228531 -0.0115863 -0.0279398 0.00788013
internal_weight=53724 29593 24131 20931 17213 8662 12736 6918 12550 8195 5330 7399 2786 11090
internal_count=53724 29593 24131 20931 17213 8662 12736 6918 12550 8195 5330 7399 2786 11090
cat_boundaries=0 1 2
cat_threshold=263 795
is_linear=0
shrinkage=0.035


Tree=22
num_leaves=15
num_cat=3
split_feature=22 23 23 23 23 22 22 22 22 32 23 9 32 32
split_gain=3956.3 1303.59 766.825 394.525 232.051 182.059 158.315 107.447 100.676 81.1018 76.0867 74.6499 74.5775 72.1374
threshold=1.0149872674318829 0.78720956856955071 1.2885193123407501 0.97827486111059303 0.93285856849708326 0.68363360969387765 0.89171240717367717 1.3486238149086522 1.1554709132448415 0 0.63452821575733587 2977.5000000000005 1 2
decision_type=10 8 10 10 8 8 8 10 10 1 10 8 1 1
left_child=1 5 4 6 -2 10 -3 9 -6 -4 -1 -10 -7 -5
right_child=2 3 7 13 8 12 -8 -9 11 -11 -12 -13 -14 -15
leaf_value=-0.010052123618041694 -0.00088125847624838946 -0.0026883945619374035 0.0020181425353236171 -0.00023134836101002033 0.0011026943605799157 -0.0042637743149481445 -0.00064341878879776277 0.013992252197523767 0.0022621105062605308 0.0058805802080288154 -0.0035127129039340082 0.0078594761145461354 -0.0035064560609603681 0.0011133306788684749
leaf_weight=2282 2649 5752 751 3220 10236 1615 8089 2890 2731 3134 504 1740 4261 3870
leaf_count=2282 2649 5752 751 3220 10236 1615 8089 2890 2731 3134 504 1740 4261 3870
internal_value=-0.000289229 -0.00886529 0.0102277 -0.00413761 0.00632625 -0.0202804 -0.00757583 0.0202102 0.00804343 0.0163663 -0.0276639 0.0124252 -0.0167591 0.00257505
internal_weight=53724 29593 24131 20931 17356 8662 13841 6775 14707 3885 2786 4471 5876 7090
internal_count=53724 29593 24131 20931 17356 8662 13841 6775 14707 3885 2786 4471 5876 7090
cat_boundaries=0 1 2 3
cat_threshold=259 20704 17195
is_linear=0
shrinkage=0.035


Tree=23
num_leaves=15
num_cat=4
split_feature=22 23 23 23 23 23 22 32 8 32 22 32 16 32
split_gain=3745.86 1215.59 723.378 409.026 300.867 175.813 158.577 100.303 89.895 90.7632 87.374 83.7695 70.3557 65.9216
threshold=0.93682643904090124 1.2376273802286397 0.66967604380121915 1.0009551146027549 0.91941980239646848 1.486070603787448 1.0859046617220149 0 34.454887634086226 1 0.68363360969387765 2 167.67230842796855 3
decision_type=10 10 8 8 10 10 10 1 2 1 8 1 10 1
left_child=2 3 10 11 8 7 13 -3 9 -4 -1 -2 -13 -5
right_child=1 5 4 6 -6 -7 -8 -9 -10 -11 -12 12 -14 -15
leaf_value=-0.0093489206717393674 -0.0011144785310075078 0.0015878396478602626 -0.0012881053728649541 -0.00030678128511103466 -0.00018124128765715453 0.013457276409676368 0.0026382459498660062 0.004370040674179271 -0.0032720059509445819 -0.002205155718661117 -0.0056514501670577397 0.00011779945921123027 -0.0064570104278723599 0.0007730384425920357
leaf_weight=2448 4193 1536 2681 2939 3907 3655 6675 3210 2858 4660 2205 5426 192 7139
leaf_count=2448 4193 1536 2681 2939 3907 3655 6675 3210 2858 4660 2205 5426 192 7139
internal_value=-0.000286624 0.00648256 -0.0129021 0.00281117 -0.00894905 0.0180829 0.00613409 0.013614 -0.0121114 -0.0100483 -0.0248637 -0.00286318 -6.21339e-05 0.00336011
internal_weight=53724 34965 18759 26564 14106 8401 16753 4746 10199 7341 4653 9811 5618 10078
internal_count=53724 34965 18759 26564 14106 8401 16753 4746 10199 7341 4653 9811 5618 10078
cat_boundaries=0 1 2 3 4
cat_threshold=779 12046 53446 795
is_linear=0
shrinkage=0.035


Tree=24
num_leaves=15
num_cat=3
split_feature=22 23 23 23 23 22 23 22 32 23 22 32 32 23
split_gain=3535.69 1099.01 765.722 401.246 265.873 144 141.876 131.489 112.239 81.9124 72.2838 64.9894 55.9404 57.9338
threshold=0.9455113305920303 1.2745455064764435 0.73525604905317465 1.0154632132228303 0.95657232181207841 1.0709810382689597 1.6248060564443316 0.67440198385788563 0 0.78338076795575651 0.61968439436793876 1 2 1.0796079784904449
decision_type=10 10 8 8 10 10 10 10 1 10 8 1 1 10
left_child=2 3 7 9 10 12 8 -1 -3 -2 -4 -7 -5 -14
right_child=1 6 4 5 -6 11 -8 -9 -10 -11 -12 -13 13 -15
leaf_value=-0.0086483307227465042 -0.0028470008557730871 0.0059020399433564324 -0.010236383968941162 -0.00028866034486747631 0.00025970915327530543 0.0019059700160248862 0.018234071810870917 -0.0043538141693281133 0.0034522918181922116 -0.00014568408820781031 -0.0017906525806603915 0.0025615551691057195 0.00032776068668872841 0.0014240570239405805
leaf_weight=2553 1707 1816 454 2533 3390 3482 2440 3722 3129 8296 9700 4632 3593 2277
leaf_count=2553 1707 1816 454 2533 3390 3482 2440 3722 3129 8296 9700 4632 3593 2277
internal_value=-0.000297046 0.00656753 -0.0120392 0.00324072 -0.00735183 0.0065903 0.0185041 -0.0221425 0.0150677 -0.00229067 -0.0101841 0.00991501 0.00337595 0.00524554
internal_weight=53724 33905 19819 26520 13544 16517 7385 6275 4945 10003 10154 8114 8403 5870
internal_count=53724 33905 19819 26520 13544 16517 7385 6275 4945 10003 10154 8114 8403 5870
cat_boundaries=0 1 2 3
cat_threshold=19680 8975 795
is_linear=0
shrinkage=0.035


Tree=25
num_leaves=15
num_cat=4
split_feature=22 23 23 23 23 22 22 32 32 23 32 32 7 23
split_gain=3340.36 1081.23 771.255 304.02 268.444 186.511 140.322 104.899 96.4793 82.3315 66.8478 66.5781 70.4797 66.3698
threshold=1.00002804704398 0.78338076795575651 1.3604552039621745 0.98257693881822039 1.084705556032062 0.63349840371956823 0.8431882829831655 0 1 0.89376619170984462 2 3 36.521286231884069 0.81392178276005434
decision_type=10 8 10 10 8 8 8 1 1 10 1 1 2 10
left_child=1 5 4 6 9 -1 13 -6 -4 -2 -7 -8 -13 -3
right_child=2 3 8 -5 7 10 11 -9 -10 -11 -12 12 -14 -15
leaf_value=-0.0092579623690146693 -0.0013919196967361188 -0.0043746290190667765 0.0062774900585280576 0.00051232603379886314 0.0014986038810452197 -0.0030955072018497257 -0.00033261175581221052 0.0024126134287620542 0.0097224051159695134 0.00048094659700432922 -0.0040320760188787873 -0.00042053243032138897 -0.0012616620936462734 -0.0017750289861726328
leaf_weight=2042 2350 2107 1813 5744 5197 3279 4136 6813 3608 6479 3046 2494 3022 1594
leaf_count=2042 2350 2107 1813 5744 5197 3279 4136 6813 3608 6479 3046 2494 3022 1594
internal_value=-0.000289229 -0.00882231 0.00863507 -0.00422338 0.00557307 -0.0193102 -0.00711895 0.00897794 0.0203898 0.000938986 -0.0163167 -0.00489282 -0.00740372 -0.0129101
internal_weight=53724 27464 26260 19097 20839 8367 13353 12010 5421 8829 6325 9652 5516 3701
internal_count=53724 27464 26260 19097 20839 8367 13353 12010 5421 8829 6325 9652 5516 3701
cat_boundaries=0 1 2 3 4
cat_threshold=8975 8967 9999 10134
is_linear=0
shrinkage=0.035


Tree=26
num_leaves=15
num_cat=3
split_feature=22 23 23 23 23 22 22 32 22 23 23 0 32 32
split_gain=3149.51 1116.62 676.675 351.476 226.161 165.985 128.287 114.674 91.2195 72.9667 71.2257 68.1117 63.601 61.1229
threshold=1.0149872674318829 0.74446066658716403 1.3980608637068686 0.95657232181207841 1.1030205278592378 0.66501501823972131 0.8431882829831655 0 1.3274525631923442 0.89083339919777127 1.1412884844793016 140.50000000000003 1 2
decision_type=10 8 10 10 8 8 10 1 10 10 10 10 1 1
left_child=1 5 4 6 9 -1 -3 -6 -4 -2 13 -8 -7 -5
right_child=2 3 8 10 7 12 11 -9 -10 -11 -12 -13 -14 -15
leaf_value=-0.0082362520874123164 -0.0012803310410893917 -0.0028254050039041873 0.0056582783807536596 0.0015749619287685457 0.0015326847112051157 -0.004610710610259092 -0.00070978419362436218 0.0027426080415627863 0.013409116515837205 0.00069889657161352242 0.0021813062258118688 -0.0013863324919087352 -0.0035090724571469663 -0.00020816771741128615
leaf_weight=2440 1965 4314 1946 737 4872 1033 8333 6393 2771 6184 1740 1635 3643 5718
leaf_count=2440 1965 4314 1946 737 4872 1033 8333 6393 2771 6184 1740 1635 3643 5718
internal_value=-0.000284018 -0.00793584 0.00909948 -0.0041084 0.00620732 -0.020014 -0.00742283 0.00941925 0.0209837 0.00176416 0.0016689 -0.00523614 -0.0161205 -2.70898e-05
internal_weight=53724 29593 24131 22477 19414 7116 14282 11265 4717 8149 8195 9968 4676 6455
internal_count=53724 29593 24131 22477 19414 7116 14282 11265 4717 8149 8195 9968 4676 6455
cat_boundaries=0 1 2 3
cat_threshold=8975 20672 192
is_linear=0
shrinkage=0.035


Tree=27
num_leaves=15
num_cat=1
split_feature=22 23 23 23 23 22 22 32 22 23 23 0 0 0
split_gain=2957.33 1069.43 641.583 343.682 209.615 168.045 120.73 106.23 90.6756 69.799 69.5336 65.6584 65.5502 63.5703
threshold=1.0149872674318829 0.73525604905317465 1.3980608637068686 0.95657232181207841 1.1030205278592378 0.63349840371956823 0.8431882829831655 0 1.3181215910014135 1.1412884844793016 0.89083339919777127 17.550000000000004 140.50000000000003 771.10000000000014
decision_type=10 8 10 10 8 10 8 1 10 10 10 10 10 8
left_child=1 5 4 6 10 -1 13 -6 -4 -5 -2 -7 -8 -3
right_child=2 3 8 9 7 11 12 -9 -10 -11 -12 -13 -14 -15
leaf_value=-0.0087332951647536693 -0.0012355194546512633 -0.0018088992432093347 0.0053210468312345945 -5.8228990930597749e-06 0.0014790407463129353 -0.0030061475629590555 -0.00070885656758487852 0.0026466167601080929 0.012579604134058455 0.0021049605079084556 0.00067443519160705046 -0.0042606476747301661 -0.0013642471698018556 -0.004746409962864722
leaf_weight=2014 1965 2748 1853 6455 4872 1589 8522 6393 2864 1740 6184 3191 1657 1677
leaf_count=2014 1965 2748 1853 6455 4872 1589 8522 6393 2864 1740 6184 3191 1657 1677
internal_value=-0.00030356 -0.00771826 0.00878915 -0.00408415 0.00597302 -0.0199015 -0.00730235 0.00906522 0.0203611 0.00165183 0.00169549 -0.0162968 -0.00519982 -0.0121275
internal_weight=53724 29593 24131 22799 19414 6794 14604 11265 4717 8195 8149 4780 10179 4425
internal_count=53724 29593 24131 22799 19414 6794 14604 11265 4717 8195 8149 4780 10179 4425
cat_boundaries=0 1
cat_threshold=8975
is_linear=0
shrinkage=0.035


Tree=28
num_leaves=15
num_cat=2
split_feature=22 23 23 23 23 23 22 32 22 23 8 32 22 0
split_gain=2826.07 951.616 699.645 323.74 223.538 151.515 138.222 119.307 90.729 73.5988 70.7096 86.8422 59.8424 76.4386
threshold=0.93682643904090124 1.2885193123407501 0.66365677480395202 1.0154632132228303 0.87913198361864497 1.6557367885011527 1.084121941553696 0 0.63349840371956823 0.78338076795575651 34.454887634086226 1 1.2903850375594808 3250.0000000000005
decision_type=10 10 8 8 10 10 10 1 8 10 2 1 10 8
left_child=2 3 8 9 10 7 -5 -3 -1 -2 11 -4 -8 -14
right_child=1 5 4 6 -6 -7 12 -9 -10 -11 -12 -13 13 -15
leaf_value=-0.0087634618486672009 -0.0024947132924808433 0.0053738071919141907 -0.0009368288841922446 0.00045042660931318484 -0.00038032795054035651 0.017518500144230679 0.0017541957028191148 0.0030198735323836538 -0.0050479740207955868 -0.00013687610459722112 -0.0030317769281364977 -0.0020219770039144216 0.001635781367470134 0.012498134595020157
leaf_weight=1904 1824 1777 2353 9691 5146 2268 6065 3033 2616 8829 2628 4112 610 868
leaf_count=1904 1824 1777 2353 9691 5146 2268 6065 3033 2616 8829 2628 4112 610 868
internal_value=-0.000317892 0.00556177 -0.0112756 0.00265148 -0.00746244 0.0170182 0.00561575 0.0134766 -0.0232663 -0.0021444 -0.0107601 -0.00877975 0.00916733 0.0154821
internal_weight=53724 34965 18759 27887 14239 7078 17234 4810 4520 10653 9093 6465 7543 1478
internal_count=53724 34965 18759 27887 14239 7078 17234 4810 4520 10653 9093 6465 7543 1478
cat_boundaries=0 1 2
cat_threshold=19680 12046
is_linear=0
shrinkage=0.035


Tree=29
num_leaves=15
num_cat=3
split_feature=22 23 23 23 23 23 22 32 22 23 26 32 32 5
split_gain=2673.01 911.341 679.106 304.996 209.109 145.652 140.361 104.932 95.7068 82.8755 75.5679 73.7312 69.5474 66.2095
threshold=0.93682643904090124 1.2885193123407501 0.66365677480395202 1.0009551146027549 0.87913198361864497 1.5567201719485986 1.1636634199134201 0 0.571989853071181 1.0032984379131624 313.50000000000006 1 2 186.50000000000003
decision_type=10 10 8 8 10 10 10 1 8 10 2 1 1 10
left_child=2 3 8 11 13 7 10 -3 -1 -8 12 -2 -5 -4
right_child=1 5 4 6 -6 -7 9 -9 -10 -11 -12 -13 -14 -15
leaf_value=-0.0097197566992550648 0.00035905710978794027 0.0016149258388717992 -0.0017836454712638053 0.00088437823143301133 -0.00036701647227144505 0.013586402983581195 0.0074267889621192473 0.0047058997593584983 -0.0048866139131766408 0.0017795721564598196 0.0016631700610747881 -0.00077073312772497991 -3.1286522639673024e-07 -0.0028641372067121375
leaf_weight=1357 3397 1823 7058 6454 5146 2963 1602 2292 3163 2358 1607 6414 6055 2035
leaf_count=1357 3397 1823 7058 6454 5146 2963 1602 2292 3163 2358 1607 6414 6055 2035
internal_value=-0.000316589 0.00540163 -0.0109734 0.0025536 -0.00721672 0.016613 0.00524971 0.0123265 -0.0227867 0.0110694 0.00361377 -0.00241392 0.00269338 -0.0104061
internal_weight=53724 34965 18759 27887 14239 7078 18076 4115 4520 3960 14116 9811 12509 9093
internal_count=53724 34965 18759 27887 14239 7078 18076 4115 4520 3960 14116 9811 12509 9093
cat_boundaries=0 1 2 3
cat_threshold=13067 10016 48324
is_linear=0
shrinkage=0.035


Tree=30
num_leaves=15
num_cat=5
split_feature=22 23 23 23 23 22 22 32 32 32 8 32 23 32
split_gain=2527.62 973.07 569.832 341.113 214.804 126.591 125.422 111.609 78.2243 71.53 65.4624 64.1213 62.8256 54.9417
threshold=1.0149872674318829 0.66967604380121915 1.5020247908307789 0.95657232181207841 1.1145446459370625 0.571989853071181 0.89171240717367717 0 1 2 34.454887634086226 3 0.89083339919777127 4
decision_type=10 8 10 10 8 8 10 1 1 1 2 1 10 1
left_child=1 5 4 6 12 -1 10 -6 -4 -7 -3 -5 -2 -8
right_child=2 3 8 11 7 9 13 -9 -10 -11 -12 -13 -14 -15
leaf_value=-0.0093767457660716494 -0.0011371243235299778 -0.0017276048682200969 0.0099520409466135815 0.00083085333790752346 0.0014109344297888612 -0.0054130372659923686 0.00028476466722692498 0.0026941589017061515 0.011970006533821201 -0.0037708666820703792 -0.0028343990570760223 -0.0002405595633175456 0.00064021493537486215 -0.00081982257900441592
leaf_weight=1359 1965 5629 1178 3991 5242 1436 1913 6852 2241 2227 2528 4204 6653 6306
leaf_count=1359 1965 5629 1178 3991 5242 1436 1913 6852 2241 2227 2528 4204 6653 6306
internal_value=-0.0003218 -0.00717667 0.0080844 -0.00430522 0.00589612 -0.0212075 -0.00722178 0.00890404 0.0213128 -0.0177767 -0.0102959 0.00152378 0.00167227 -0.00416646
internal_weight=53724 29593 24131 24571 20712 5022 16376 12094 3419 3663 8157 8195 8618 8219
internal_count=53724 29593 24131 24571 20712 5022 16376 12094 3419 3663 8157 8195 8618 8219
cat_boundaries=0 1 2 3 4 5
cat_threshold=8975 8471 22768 44244 8466
is_linear=0
shrinkage=0.035


Tree=31
num_leaves=15
num_cat=2
split_feature=22 23 23 23 23 23 22 32 22 23 32 0 23 23
split_gain=2372.02 819.094 638.689 267.918 204.918 148.706 125.317 103.606 90.4698 78.2226 76.5073 76.1528 73.5525 65.3007
threshold=0.93682643904090124 1.2885193123407501 0.63452821575733587 1.0335104840763021 0.83341372435526406 1.6557367885011527 1.2607880542867205 0 0.571989853071181 0.78338076795575651 1 2.0500000000000003 1.1145446459370625 1.0771195213417017
decision_type=10 10 8 8 10 10 10 1 8 10 1 10 10 10
left_child=2 3 8 9 -4 7 10 -3 -1 -2 -5 -8 -12 -6
right_child=1 5 4 6 13 -7 11 -9 -10 -11 12 -13 -14 -15
leaf_value=-0.0091251510367490723 -0.0023589655157606731 0.0048834130804707781 -0.0021445347119540444 -0.00010067121486812492 -0.00078476097135672304 0.01601087830607352 0.010344612414868037 0.0023560735723825786 -0.0050096922688318453 -7.8194315950037567e-05 0.00056422718276562484 0.001641791787193594 0.0017175036674359902 0.001802958419865738
leaf_weight=1337 1824 2128 8182 3327 5500 2268 1012 2682 2608 10012 6678 811 4223 1132
leaf_count=1337 1824 2128 8182 3327 5500 2268 1012 2682 2608 10012 6678 811 4223 1132
internal_value=-0.000341343 0.00504532 -0.0103802 0.0023453 -0.00704299 0.0156741 0.00529055 0.0121682 -0.0228873 -0.00164935 0.00418043 0.0139196 0.005595 -0.00246798
internal_weight=53724 34965 18759 27887 14814 7078 16051 4810 3945 11836 14228 1823 10901 6632
internal_count=53724 34965 18759 27887 14814 7078 16051 4810 3945 11836 14228 1823 10901 6632
cat_boundaries=0 1 2
cat_threshold=52448 771
is_linear=0
shrinkage=0.035


Tree=32
num_leaves=15
num_cat=3
split_feature=22 23 23 23 23 22 22 22 32 32 32 0 23 3
split_gain=2256.17 957.758 474.63 319.498 152.603 143.648 139.738 96.1101 81.1715 77.7139 71.694 67.2078 65.3054 64.7293
threshold=1.0303205327176987 0.66967604380121915 1.5020247908307789 0.97827486111059303 1.1175560133120921 0.8464877257669805 0.571989853071181 1.1761347337401558 0 1 2 30.150000000000002 0.73525604905317465 123.75000000000001
decision_type=10 8 10 10 8 8 8 10 1 1 1 10 10 10
left_child=1 6 4 5 -2 12 -1 11 -8 -5 -4 -6 -3 -7
right_child=2 3 10 9 7 13 8 -9 -10 -11 -12 -13 -14 -15
leaf_value=-0.0087291793779729256 0.00043358598461252568 -0.0032947437136637073 0.0092673531457848554 0.00089014531093353235 0.00048254676050979 -0.00045485979737724036 -0.0051328042377167277 0.0036342255538478032 -0.0034608439245093913 -0.00022663725363210487 0.011188555490256945 0.0017775201533386437 -0.001548852528036343 -0.0010672591117247227
leaf_weight=1359 7315 2704 1165 4095 3038 9270 1457 5097 2258 4166 2236 3150 3029 3385
leaf_count=1359 7315 2704 1165 4095 3038 9270 1457 5097 2258 4166 2236 3150 3029 3385
internal_value=-0.000371308 -0.00634408 0.00824025 -0.00368856 0.0060387 -0.00625673 -0.0202737 0.00859035 -0.0167191 0.00202819 0.020254 0.00565154 -0.0108513 -0.0041718
internal_weight=53724 31723 22001 26649 18600 18388 5074 11285 3715 8261 3401 6188 5733 12655
internal_count=53724 31723 22001 26649 18600 18388 5074 11285 3715 8261 3401 6188 5733 12655
cat_boundaries=0 1 2 3
cat_threshold=22768 48324 8471
is_linear=0
shrinkage=0.035


Tree=33
num_leaves=15
num_cat=2
split_feature=22 23 23 23 23 22 32 22 0 23 32 22 0 23
split_gain=2110.49 740.695 605.7 273.728 178.436 114.343 106.938 95.3762 86.6828 70.9333 65.9902 65.7554 62.1849 60.7554
threshold=0.93682643904090124 1.3693108396807774 0.63452821575733587 1.0335104840763021 0.83341372435526406 1.145083238092804 0 0.571989853071181 14.65 0.78338076795575651 1 1.5858780692660879 6250.0000000000009 1.0771195213417017
decision_type=10 10 8 8 10 10 1 8 10 8 1 10 8 10
left_child=2 3 7 9 -4 8 11 -1 -5 -2 -10 -3 -7 -6
right_child=1 6 4 5 13 12 -8 -9 10 -11 -12 -13 -14 -15
leaf_value=-0.0085002494722338038 -0.0022257330510356273 0.0023945266874298181 -0.0019992338942802748 -4.2564743137430974e-05 -0.00073722273411824389 0.0018296131290741148 0.0076820013440948125 -0.0046726758767159961 0.0014880622248149202 -7.2293094278667603e-05 0.00036426474838922477 0.02077740035190934 0.0062844685536203228 0.0017291850460667564
leaf_weight=1337 1824 1448 8182 4785 5500 3704 3554 2608 3976 10012 3527 375 1760 1132
leaf_count=1337 1824 1448 8182 4785 5500 3704 3554 2608 3976 10012 3527 375 1760 1132
internal_value=-0.000370005 0.00471104 -0.00983932 0.0025381 -0.00658951 0.00528637 0.0166546 -0.022019 0.00341088 -0.00158433 0.00575719 0.00954026 0.00949717 -0.00232033
internal_weight=53724 34965 18759 29588 14814 17752 5377 3945 12288 11836 7503 1823 5464 6632
internal_count=53724 34965 18759 29588 14814 17752 5377 3945 12288 11836 7503 1823 5464 6632
cat_boundaries=0 1 2
cat_threshold=8967 40164
is_linear=0
shrinkage=0.035


Tree=34
num_leaves=15
num_cat=2
split_feature=22 23 23 23 23 22 32 22 0 23 0 8 32 22
split_gain=1998.75 725.992 558.029 281.199 164.864 119.01 103.835 94.4203 85.0751 68.8004 67.5969 65.6539 74.7273 63.3501
threshold=0.92532705215721334 1.3875157589516156 0.63452821575733587 1.0335104840763021 0.89083339919777127 1.1594816142307185 0 0.571989853071181 13.750000000000002 0.78338076795575651 381.00000000000006 34.454887634086226 1 1.7418380688845632
decision_type=10 10 8 8 10 10 1 8 10 10 8 2 1 10
left_child=2 3 7 9 11 8 13 -1 -5 -2 -7 12 -4 -3
right_child=1 6 4 5 -6 10 -8 -9 -10 -11 -12 -13 -14 -15
leaf_value=-0.0082027407407056201 -0.0021739014474031195 0.0038612388245931077 -0.00067065080954014982 -3.0873812751934798e-05 -0.00023003693650080372 0.0015486358491100828 0.0078304470021441034 -0.0045047347040061241 0.00097287945797996055 -8.8486239200465404e-05 0.004773316210217129 -0.0026102773799891914 -0.0017024683082080894 0.028634942230324319
leaf_weight=1337 1989 1768 2372 5124 4104 2936 2972 2560 8269 10696 2181 2824 4289 303
leaf_count=1337 1989 1768 2372 5124 4104 2936 2972 2560 8269 10696 2181 2824 4289 303
internal_value=-0.000384336 0.00430511 -0.0101012 0.00231202 -0.0067482 0.00506238 0.0166195 -0.0217696 0.0033255 -0.00170173 0.00960074 -0.00928293 -0.00737699 0.0103859
internal_weight=53724 36238 17486 31195 13589 18510 5043 3897 13393 12685 5117 9485 6661 2071
internal_count=53724 36238 17486 31195 13589 18510 5043 3897 13393 12685 5117 9485 6661 2071
cat_boundaries=0 1 2
cat_threshold=8983 12046
is_linear=0
shrinkage=0.035


Tree=35
num_leaves=15
num_cat=2
split_feature=22 23 23 23 23 22 22 22 0 32 0 23 23 32
split_gain=1906.64 685.112 555.844 264.91 167.858 113.493 102.324 82.8281 78.6729 64.4667 64.226 63.696 57.9858 57.2767
threshold=0.92532705215721334 1.3875157589516156 0.61903782367930316 1.0335104840763021 0.83341372435526406 1.145083238092804 1.3753667089967767 0.571989853071181 14.65 0 321.00000000000006 0.78338076795575651 1.0771195213417017 1
decision_type=10 10 8 8 10 10 10 8 10 1 8 10 10 1
left_child=2 3 7 11 -4 8 -3 -1 -5 -10 -7 -2 13 -6
right_child=1 6 4 5 12 10 -8 -9 9 -11 -12 -13 -14 -15
leaf_value=-0.0079613943598782749 -0.0020978148967440093 0.0040195323095590348 -0.0019605196095732408 -4.8720828736973368e-05 0.0013007211209420759 0.0015303305638798205 0.010888411841751693 -0.0046593738961894704 0.0014321799553522697 0.00031746270057044228 0.0041328511680166829 -8.5389220828450136e-05 0.0018858389936676314 -0.00092463793671150054
leaf_weight=1319 1989 2599 8090 5036 370 3209 2444 2277 4112 3663 2490 10696 975 4455
leaf_count=1319 1989 2599 8090 5036 370 3209 2444 2277 4112 3663 2490 10696 975 4455
internal_value=-0.000394759 0.00418536 -0.00988508 0.0022492 -0.00670529 0.00491871 0.016148 -0.0221411 0.00308872 0.00529499 0.00902612 -0.00164657 -0.00215848 -0.00373188
internal_weight=53724 36238 17486 31195 13890 18510 5043 3596 12811 7775 5699 12685 5800 4825
internal_count=53724 36238 17486 31195 13890 18510 5043 3596 12811 7775 5699 12685 5800 4825
cat_boundaries=0 1 2
cat_threshold=40164 128
is_linear=0
shrinkage=0.035


Tree=36
num_leaves=15
num_cat=4
split_feature=22 23 23 23 22 22 23 32 32 32 0 22 32 22
split_gain=1811.46 834.035 440.61 237.103 143.376 126.88 120.779 93.6154 83.4669 74.9016 67.397 63.7486 62.5768 58.9465
threshold=1.0303205327176987 0.66967604380121915 1.5389900385948792 0.97827486111059303 0.571989853071181 0.82218202008240315 1.1175560133120921 0 1 2 771.10000000000014 1.5236325238862833 3 0.68363360969387765
decision_type=10 8 10 10 8 8 8 1 1 1 8 10 1 10
left_child=1 4 6 5 -1 10 -2 -8 -6 -5 -3 12 -4 -12
right_child=2 3 11 9 8 -7 7 -9 -10 -11 13 -13 -14 -15
leaf_value=-0.007560404639695254 0.00036907388199925898 -0.0014060799881659516 0.0041253807739902119 0.0008231025728474595 -0.0046204388817961657 -0.00062181084055543709 0.0011754185763863268 0.0023623016208395189 -0.0029560798668732137 -0.00023867144738036529 -0.0083758438568257883 0.018335870730233132 0.0077364875612064088 -0.0023843191072992621
leaf_weight=1359 7315 3150 631 4095 1347 13732 4988 6630 2368 4166 599 1321 1116 907
leaf_count=1359 7315 3150 631 4095 1347 13732 4988 6630 2368 4166 599 1321 1116 907
internal_value=-0.000420816 -0.00577266 0.00729551 -0.00329463 -0.0187714 -0.00550699 0.00529861 0.00751613 -0.0151761 0.00163017 -0.0104977 0.01959 0.0151227 -0.016585
internal_weight=53724 31723 22001 26649 5074 18388 18933 11618 3715 8261 4656 3068 1747 1506
internal_count=53724 31723 22001 26649 5074 18388 18933 11618 3715 8261 4656 3068 1747 1506
cat_boundaries=0 1 2 3 4
cat_threshold=8975 22736 48324 8471
is_linear=0
shrinkage=0.035


Tree=37
num_leaves=15
num_cat=1
split_feature=22 23 23 23 23 22 0 22 22 24 23 32 0 19
split_gain=1710.16 623.176 537.491 275.504 160.696 125.611 82.6409 76.97 74.7783 73.682 90.8694 59.9636 58.4916 55.1856
threshold=0.92532705215721334 1.5020247908307789 0.5946424300406602 1.0823866948970515 0.83341372435526406 1.1483945741758244 14.65 1.4052072675436353 0.70105498021301671 1.0000000180025095e-35 0.78338076795575651 0 381.00000000000006 24.687500000000004
decision_type=10 10 8 8 10 10 10 10 8 2 10 1 8 8
left_child=2 3 8 9 13 6 -5 -3 -1 -2 -11 -8 -7 -4
right_child=1 7 4 5 -6 12 11 -9 -10 10 -12 -13 -14 -15
leaf_value=-0.0065678553419413893 0.0009805818744489912 0.0052711056296505243 -0.0011247818029279631 -5.6695243597273963e-05 -0.00041109235532086426 0.0018282904025686388 0.00012535235646319421 0.012610093416107516 -0.004458078351545958 -0.0026158971888634117 -0.00010159980989170371 0.0014703833828954677 0.004227126421572411 -0.0020640240369430903
leaf_weight=2134 1550 1540 2184 4758 5800 3785 1883 1950 1025 1706 12435 4120 2511 6343
leaf_count=2134 1550 1540 2184 4758 5800 3785 1883 1950 1025 1706 12435 4120 2511 6343
internal_value=-0.000420816 0.00391689 -0.00940884 0.00241718 -0.00652282 0.00549555 0.00319571 0.0179657 -0.0224668 -0.000929855 -0.00172452 0.0059246 0.00942073 -0.00957865
internal_weight=53724 36238 17486 32748 14327 17057 10761 3490 3159 15691 14141 6003 6296 8527
internal_count=53724 36238 17486 32748 14327 17057 10761 3490 3159 15691 14141 6003 6296 8527
cat_boundaries=0 1
cat_threshold=8963
is_linear=0
shrinkage=0.035


Tree=38
num_leaves=15
num_cat=2
split_feature=22 22 23 23 23 23 23 22 32 22 26 0 32 1
split_gain=1611.3 660.843 439.411 296.995 202.017 132.399 100.505 85.3031 75.9562 69.363 65.6244 60.1154 57.182 55.4619
threshold=0.89171240717367717 1.1761347337401558 0.5946424300406602 1.5996339621125826 1.0335104840763021 0.83341372435526406 0.89376619170984462 1.4393882604781594 0 0.55273152394362557 205.50000000000003 4.9500000000000011 1 113.10000000000001
decision_type=10 10 8 8 10 10 10 10 1 8 2 10 1 10
left_child=2 4 9 6 10 -4 -3 -5 13 -1 -2 -11 -8 -6
right_child=1 3 5 7 8 -7 12 -9 -10 11 -12 -13 -14 -15
leaf_value=-0.0076728986208442988 -0.00050567364347846929 -0.0030970119321581582 -0.001949547740515388 0.0053244716143419409 -9.9633271501082819e-05 -0.00051579056517207344 0.0027684940749491162 0.015621441827368205 0.0014365115138666785 -0.0014570058858655761 0.00017045980882893081 -0.0047704452436237096 0.0012636022327542097 0.0011363634469232398
leaf_weight=1152 11350 495 7257 1783 4216 3779 2445 2064 6159 246 7206 1657 2694 1221
leaf_count=1152 11350 495 7257 1783 4216 3779 2445 2064 6159 246 7206 1657 2694 1221
internal_value=-0.00043645 0.00317788 -0.0105998 0.011235 0.000642968 -0.00734173 0.00610747 0.0187266 0.00426601 -0.0223382 -0.00162168 -0.018142 0.00755929 0.00123899
internal_weight=53724 39633 14091 9481 30152 11036 5634 3847 11596 3055 18556 1903 5139 5437
internal_count=53724 39633 14091 9481 30152 11036 5634 3847 11596 3055 18556 1903 5139 5437
cat_boundaries=0 1 2
cat_threshold=25379 36068
is_linear=0
shrinkage=0.035


Tree=39
num_leaves=15
num_cat=4
split_feature=22 23 23 23 22 22 23 32 32 0 32 32 14 22
split_gain=1531.68 744.697 406.239 193.325 139.413 107.964 107.848 89.4135 87.3603 72.9857 67.4314 57.4067 64.0387 54.2904
threshold=1.0303205327176987 0.66967604380121915 1.6248060564443316 0.97827486111059303 0.571989853071181 0.81448222247722313 1.1175560133120921 0 1 771.10000000000014 2 3 46.82500000000001 1.5236325238862833
decision_type=10 8 10 10 8 8 8 1 1 8 1 1 10 10
left_child=1 4 6 5 -1 9 -2 -6 -8 -3 -5 -7 -13 -4
right_child=2 3 13 10 7 11 8 -9 -10 -11 -12 12 -14 -15
leaf_value=-0.0068001835373179111 0.0003340244244732449 -0.0012273425373787068 0.0079444523882956069 0.00077084120482758596 -0.0041799597872066137 0.0013505561836612422 0.0010980434339437912 -0.0026256043854152563 0.0022479680805513502 -0.0042429476231039126 -0.00023214076379187657 -0.00034260411523088786 -0.0009318960071464606 0.018540788382068213
leaf_weight=1359 7315 2893 1178 4095 1347 864 5250 2368 7040 1439 4166 6766 6426 1218
leaf_count=1359 7315 2893 1178 4095 1347 864 5250 2368 7040 1439 4166 6766 6426 1218
internal_value=-0.000423421 -0.00534465 0.00667204 -0.00300311 -0.0176275 -0.00500082 0.00500637 -0.0140847 0.00700854 -0.00982938 0.00144387 -0.00350971 -0.00408117 0.0202624
internal_weight=53724 31723 22001 26649 5074 18388 19605 3715 12290 4332 8261 14056 13192 2396
internal_count=53724 31723 22001 26649 5074 18388 19605 3715 12290 4332 8261 14056 13192 2396
cat_boundaries=0 1 2 3 4
cat_threshold=22736 8975 48324 256
is_linear=0
shrinkage=0.035


Tree=40
num_leaves=15
num_cat=4
split_feature=22 23 23 23 22 23 8 32 32 32 32 8 23 22
split_gain=1436.93 708.148 399.651 186.881 135.154 100.517 91.0603 90.8986 84.7793 82.2771 62.5753 60.257 59.3035 55.067
threshold=1.0303205327176987 0.65676634018723934 1.6248060564443316 0.9402531123143546 0.55273152394362557 1.1930930194640521 34.454887634086226 0 1 2 3 6.6898025704204054 1.1375179038322465 1.5236325238862833
decision_type=10 8 10 10 8 8 2 1 1 1 1 2 10 10
left_child=1 4 5 6 -1 -2 7 -3 -7 -6 -5 -9 -12 -4
right_child=2 3 13 10 9 8 -8 11 -10 -11 12 -13 -14 -15
leaf_value=-0.0069548330672766986 0.00049124493926569035 7.6670736958919802e-05 0.0076663965547052581 0.0021992180568578363 -0.0041295742102436649 0.0011948277850830026 -0.0017847860262562405 -0.00056349236381656343 0.0025750024604361639 -0.0026470776279767542 -0.00015220737664571826 -0.0014733190888346866 0.0013184408283874462 0.017891860788695823
leaf_weight=1202 9685 4132 1178 586 1286 4280 3848 4986 5640 2261 7836 3562 2024 1218
leaf_count=1202 9685 4132 1178 586 1286 4280 3848 4986 5640 2261 7836 3562 2024 1218
internal_value=-0.000410393 -0.00517697 0.0064621 -0.00298121 -0.0176325 0.00481005 -0.00529668 -0.00386283 0.00728564 -0.0141596 0.000683188 -0.00591849 1.41772e-05 0.0199417
internal_weight=53724 31723 22001 26974 4749 19605 16528 12680 9920 3547 10446 8548 9860 2396
internal_count=53724 31723 22001 26974 4749 19605 16528 12680 9920 3547 10446 8548 9860 2396
cat_boundaries=0 1 2 3 4
cat_threshold=11534 8975 22736 128
is_linear=0
shrinkage=0.035


Tree=41
num_leaves=15
num_cat=2
split_feature=22 23 23 23 22 23 23 32 8 26 8 22 24 32
split_gain=1372.47 587.263 409.76 239.454 148.305 117.31 103.515 93.1417 82.6534 76.8585 75.5217 66.258 60.3955 63.8416
threshold=0.89171240717367717 1.4319226650830374 0.58652917209224187 0.9402531123143546 1.084121941553696 0.79859216348272577 1.7549510370570294 0 35.104695521962583 289.50000000000006 1.4757872329925303 0.5299172649572651 5.5000000000000009 1
decision_type=10 10 8 8 10 10 10 1 2 2 2 8 2 1
left_child=2 3 11 7 9 -4 -3 8 -2 12 -9 -1 -5 -14
right_child=1 6 5 4 -6 -7 -8 10 -10 -11 -12 -13 13 -15
leaf_value=-0.0073681587476829387 0.00146094512835953 0.00344373230181284 -0.0018880646969406632 0.00010985043988309824 0.0015858310799822274 -0.00056432833494775986 0.016607633508082628 0.00085708874388255505 -0.0015565756471523334 0.0010417016678245412 -0.0013227735225573049 -0.0043211572986282861 -0.0037475145786506716 -0.00051030336228160558
leaf_weight=1010 2081 2619 6540 12674 10453 4636 1753 766 782 2246 5090 1905 198 971
leaf_count=1010 2081 2619 6540 12674 10453 4636 1753 766 782 2246 5090 1905 198 971
internal_value=-0.000410393 0.00292535 -0.00979037 0.00142418 0.00307718 -0.00673643 0.0150171 -0.00360672 0.0015688 0.000967752 -0.00612843 -0.0214675 -7.58232e-06 -0.00760221
internal_weight=53724 39633 14091 35261 26542 11176 4372 8719 2863 16089 5856 2915 13843 1169
internal_count=53724 39633 14091 35261 26542 11176 4372 8719 2863 16089 5856 2915 13843 1169
cat_boundaries=0 1 2
cat_threshold=9992 1056
is_linear=0
shrinkage=0.035


Tree=42
num_leaves=15
num_cat=2
split_feature=22 23 23 23 22 23 23 32 24 26 8 22 24 32
split_gain=1299.57 562.12 388.486 225.017 140.927 115.294 96.6499 87.9264 75.1515 73.9059 70.3984 66.7789 58.1978 59.9318
threshold=0.89171240717367717 1.4319226650830374 0.58652917209224187 0.9402531123143546 1.084121941553696 0.79859216348272577 1.7549510370570294 0 1.0000000180025095e-35 289.50000000000006 51.90162574746504 0.5299172649572651 5.5000000000000009 1
decision_type=10 10 8 8 10 10 10 1 2 2 2 8 2 1
left_child=2 3 11 7 9 -4 -3 8 -2 12 -10 -1 -5 -14
right_child=1 6 5 4 -6 -7 -8 -9 10 -11 -12 -13 13 -15
leaf_value=-0.0071102731915140358 0.0021674897830655684 0.0033232016712493907 -0.0018219824325477389 0.00010600567448718985 0.0015303269921828457 -0.00054457684322458712 0.016026366335299733 -0.0012053297877198212 2.7868180063074234e-05 0.0010052421094506809 -0.0030705283194542255 -0.0041699167931762973 -0.0036163515683978954 -0.00049244274460175216
leaf_weight=1010 530 2619 6540 12674 10453 4636 1753 4109 3498 2246 582 1905 198 971
leaf_count=1010 530 2619 6540 12674 10453 4636 1753 4109 3498 2246 582 1905 198 971
internal_value=-0.000394759 0.00285118 -0.0095222 0.00138249 0.00298489 -0.00654861 0.0146813 -0.00349438 -0.000166486 0.000928607 -0.00178213 -0.0208921 -2.78018e-05 -0.00748296
internal_weight=53724 39633 14091 35261 26542 11176 4372 8719 4610 16089 4080 2915 13843 1169
internal_count=53724 39633 14091 35261 26542 11176 4372 8719 4610 16089 4080 2915 13843 1169
cat_boundaries=0 1 2
cat_threshold=10027 1056
is_linear=0
shrinkage=0.035


Tree=43
num_leaves=15
num_cat=3
split_feature=23 22 22 23 23 22 32 22 32 17 23 32 9 1
split_gain=1232.21 675.695 236.966 227.653 209.132 176.543 118.561 80.3465 80.1803 78.6767 68.3009 66.6415 63.4599 63.2894
threshold=0.81392178276005434 1.1761347337401558 0.5299172649572651 1.6248060564443316 1.0335104840763021 0.72275681343581921 0 1.4226954544082164 1 80.653742432114271 0.67609160807919311 2 802.50000000000011 113.10000000000001
decision_type=8 10 8 8 10 8 1 10 1 8 10 1 10 8
left_child=2 4 -1 -3 5 12 10 -5 -6 -8 -4 -7 -2 -10
right_child=1 3 6 7 8 11 9 -9 13 -11 -12 -13 -14 -15
leaf_value=-0.0066704760362317527 -0.006532862345916675 0.0017310342275627956 -0.0036050317867772873 0.0045766297956586115 0.0013371900085405043 0.00023696213440434712 -0.0010901191039620695 0.013666291087139961 -0.00032248278958387557 -0.0034722047918358387 -0.0014048583061016908 -0.00044031048364563707 -0.00095729038086283147 0.00089221090814629379
leaf_weight=1077 747 5424 1770 1610 6007 6430 5035 2098 3866 887 2085 13846 283 2559
leaf_count=1077 747 5424 1770 1610 6007 6430 5035 2098 3866 887 2085 13846 283 2559
internal_value=-0.000407787 0.00225959 -0.0109393 0.0107026 -2.69686e-05 -0.00213176 -0.00921335 0.0173822 0.00357964 -0.0060603 -0.013991 -0.00141167 -0.0162319 0.000853261
internal_weight=53724 42870 10854 9132 33738 21306 9777 3708 12432 5922 3855 20276 1030 6425
internal_count=53724 42870 10854 9132 33738 21306 9777 3708 12432 5922 3855 20276 1030 6425
cat_boundaries=0 1 2 3
cat_threshold=22768 40148 11648
is_linear=0
shrinkage=0.035


Tree=44
num_leaves=15
num_cat=3
split_feature=22 23 23 23 22 23 23 32 16 8 22 26 32 32
split_gain=1173.06 499.343 367.137 196.149 126.767 101.33 98.8238 85.8568 71.2059 71.064 68.2744 63.025 59.2378 53.2194
threshold=0.89171240717367717 1.4319226650830374 0.58652917209224187 0.9402531123143546 1.0668265838318762 0.73525604905317465 1.8459722810627612 0 2.7868739954770345 35.104695521962583 0.47837056999104616 289.50000000000006 1 2
decision_type=10 10 8 8 10 10 10 1 10 2 8 2 1 1
left_child=2 3 10 7 11 -4 12 9 -9 -2 -1 -5 -3 -6
right_child=1 6 5 4 13 -7 -8 8 -10 -11 -12 -13 -14 -15
leaf_value=-0.0083248488114947092 0.001408129832524186 0.00085506745616727674 -0.0018860518496461832 -3.0205279309024615e-05 0.0017674159514693062 -0.00065326902602043109 0.019005010135602934 -4.7155254021293283e-05 -0.0013854151606886417 -0.0014000604271166251 -0.0039655262307755988 0.00096484357362539941 0.0039754776003301483 0.00098670779425760746
leaf_weight=679 2081 920 5015 12705 4426 6161 1402 1885 3971 782 2236 2006 2050 7405
leaf_count=679 2081 920 5015 12705 4426 6161 1402 1885 3971 782 2236 2006 2050 7405
internal_value=-0.000448175 0.00263573 -0.00911996 0.00125149 0.00274758 -0.00622932 0.0137857 -0.00330181 -0.00572305 0.00166609 -0.0201729 0.000577942 0.0101412 0.00544398
internal_weight=53724 39633 14091 35261 26542 11176 4372 8719 5856 2863 2915 14711 2970 11831
internal_count=53724 39633 14091 35261 26542 11176 4372 8719 5856 2863 2915 14711 2970 11831
cat_boundaries=0 1 2 3
cat_threshold=9992 787 35056
is_linear=0
shrinkage=0.035


Tree=45
num_leaves=15
num_cat=3
split_feature=23 22 22 23 22 23 32 17 32 23 22 32 17 22
split_gain=1113.63 599.304 235.173 206.233 185.264 153.646 108.475 79.3309 74.575 69.8599 69.2728 67.0801 61.6702 55.6586
threshold=0.81392178276005434 1.1761347337401558 0.5299172649572651 1.6248060564443316 0.65532947738070646 1.1057432993112608 0 86.462025205494712 1 0.67609160807919311 1.4226954544082164 2 25.135257973280456 0.89171240717367717
decision_type=8 10 8 8 8 10 1 8 1 10 10 1 8 8
left_child=2 4 -1 -3 -2 8 9 -8 -6 -4 -5 12 -7 -10
right_child=1 3 6 10 5 11 7 -9 13 -11 -12 -13 -14 -15
leaf_value=-0.0062191330876390548 -0.0073342680756840672 0.0016023884153652174 -0.0033713672214303794 0.0042455946868272072 0.00026047679043885081 -0.00045799518722163928 -0.0010115945958663825 -0.0033218112980821059 -0.0013479601011643159 -0.0013082622518787569 0.012999505982592403 0.0015231746354851911 0.0019761968496436778 -0.00016656605419661187
leaf_weight=1077 581 5424 1770 1610 8262 2450 5083 839 3902 2085 2098 4608 832 13103
leaf_count=1077 581 5424 1770 1610 8262 2450 5083 839 3902 2085 2098 4608 832 13103
internal_value=-0.000405182 0.00213061 -0.0104172 0.0100821 -2.28195e-05 0.000321905 -0.00869812 -0.005683 -0.00100962 -0.0132674 0.0164395 0.00458391 0.0007431 -0.00233402
internal_weight=53724 42870 10854 9132 33738 33157 9777 5922 25267 3855 3708 7890 3282 17005
internal_count=53724 42870 10854 9132 33738 33157 9777 5922 25267 3855 3708 7890 3282 17005
cat_boundaries=0 1 2 3
cat_threshold=22768 11648 8971
is_linear=0
shrinkage=0.035


Tree=46
num_leaves=15
num_cat=3
split_feature=23 22 22 23 22 23 32 17 22 32 32 14 30 0
split_gain=1062.61 561.433 236.345 195.604 176.491 146.22 102.759 85.3101 84.4725 72.7782 69.7467 62.466 60.3745 56.2408
threshold=0.81392178276005434 1.1761347337401558 0.5299172649572651 1.7549510370570294 0.65532947738070646 1.0771195213417017 0 80.653742432114271 1.4226954544082164 1 2 25.050000000000004 -0.6391983530350368 1.6500000000000001
decision_type=8 10 8 8 8 10 1 8 10 1 1 8 2 10
left_child=2 4 -1 -3 13 10 7 -4 -5 -7 -6 -8 -11 -2
right_child=1 3 6 8 5 9 11 -9 -10 12 -12 -13 -14 -15
leaf_value=-0.0060014634295716858 -0.0083487138809973018 0.0017339833501628433 -0.00079215824992194712 0.0040519190841986821 0.00025108311047522536 -0.00034202372451354606 -0.0011833234507709085 -0.0031884092429563292 0.015840027542368726 0.00010877588213213775 -0.00039899789680916789 -0.002385830511756335 0.0016059064379543887 0.00032292682716546039
leaf_weight=1077 455 6029 4269 1334 7605 2535 1531 829 1769 2014 15996 3148 5007 126
leaf_count=1077 455 6029 4269 1334 7605 2535 1531 829 1769 2014 15996 3148 5007 126
internal_value=-0.000405182 0.00207184 -0.0101851 0.00976798 -1.2447e-05 0.000324015 -0.00846197 -0.00498338 0.0169032 0.00397553 -0.001155 -0.012206 0.00580514 -0.0190529
internal_weight=53724 42870 10854 9132 33738 33157 9777 5098 3103 9556 23601 4679 7021 581
internal_count=53724 42870 10854 9132 33738 33157 9777 5098 3103 9556 23601 4679 7021 581
cat_boundaries=0 1 2 3
cat_threshold=9999 771 11648
is_linear=0
shrinkage=0.035


Tree=47
num_leaves=15
num_cat=3
split_feature=23 22 22 23 22 23 32 22 8 24 32 32 26 19
split_gain=999.984 534.176 229.87 184.917 165.369 139.102 100.937 86.4165 77.4462 75.198 73.3555 71.25 65.1249 58.3107
threshold=0.81392178276005434 1.1761347337401558 0.5299172649572651 1.7549510370570294 0.65532947738070646 1.1677313805959531 0 1.4226954544082164 35.833148598743797 5.5000000000000009 1 2 210.50000000000003 24.258333333333336
decision_type=8 10 8 8 8 10 1 10 2 2 1 1 2 8
left_child=2 4 -1 -3 -2 9 8 -5 -4 12 -11 -7 -6 -8
right_child=1 3 6 7 5 11 13 -9 -10 10 -12 -13 -14 -15
leaf_value=-0.0057914122095366781 -0.0067853637072002185 0.0016732939329071441 -0.00040596520442156452 0.0039101019162517247 -0.00021164640797766702 0.00021337136945693449 -0.0010802921031933907 0.015285626578385822 -0.002431897291072997 -0.0032242805389541811 -0.0005607982913969382 0.0021294701658444962 0.00042305471168225476 -0.0021431112852466658
leaf_weight=1077 581 6029 3236 1334 16277 2230 1242 1769 1862 512 1802 2856 9480 3437
leaf_count=1077 581 6029 3236 1334 16277 2230 1242 1769 1862 512 1802 2856 9480 3437
internal_value=-0.000394759 0.00200816 -0.00988213 0.00951516 -2.48941e-05 0.000300796 -0.00818289 0.0164527 -0.00473695 -0.000664447 -0.00670116 0.00562365 -0.000120915 -0.0118928
internal_weight=53724 42870 10854 9132 33738 33157 9777 3103 5098 28071 2314 5086 25757 4679
internal_count=53724 42870 10854 9132 33738 33157 9777 3103 5098 28071 2314 5086 25757 4679
cat_boundaries=0 1 2 3
cat_threshold=9999 1064 8971
is_linear=0
shrinkage=0.035


Tree=48
num_leaves=15
num_cat=2
split_feature=23 22 22 23 23 22 32 32 23 17 22 26 23 10
split_gain=955.244 514.427 203.789 181.862 160.673 132.394 80.3106 74.6732 71.8168 66.933 65.299 50.0195 48.09 46.9537
threshold=0.78338076795575651 1.1483945741758244 0.5299172649572651 1.8459722810627612 1.0154632132228303 0.55273152394362557 0 1 1.4319226650830374 80.653742432114271 0.82218202008240315 205.50000000000003 0.48712384133508008 16.173333333333336
decision_type=8 10 8 10 10 8 1 1 8 8 8 2 10 10
left_child=2 4 12 8 5 -2 13 -6 -3 -8 -7 -12 -1 -4
right_child=1 3 6 -5 7 10 9 -9 -10 -11 11 -13 -14 -15
leaf_value=-0.0067759589486266958 -0.0099837265686973306 0.00094673388177309091 -0.0011040969063821594 0.0172717433224901 0.0011181599254882824 -0.0015600189487515227 -0.00089565347676184522 7.826041568344017e-05 0.0035628238931461899 -0.0030989493424100037 -0.00039094079155171799 0.00022310334797664923 -0.0014386966459895951 -0.0024420351249581141
leaf_weight=845 245 5126 865 1333 5483 2857 3929 7330 4163 762 11214 6559 229 2784
leaf_count=845 245 5126 865 1333 5483 2857 3929 7330 4163 762 11214 6559 229 2784
internal_value=-0.000401273 0.0017502 -0.0105234 0.00846429 -0.000367732 -0.00226125 -0.00866507 0.00271688 0.00672208 -0.00558542 -0.00195396 -0.00116352 -0.0248471 -0.0125614
internal_weight=53724 44310 9414 10622 33688 20875 8340 12813 9289 4691 20630 17773 1074 3649
internal_count=53724 44310 9414 10622 33688 20875 8340 12813 9289 4691 20630 17773 1074 3649
cat_boundaries=0 1 2
cat_threshold=55504 40132
is_linear=0
shrinkage=0.035


Tree=49
num_leaves=15
num_cat=4
split_feature=23 22 23 22 23 22 32 23 32 32 32 24 22 19
split_gain=921.208 507.499 217.799 170.678 126.302 116.468 80.3465 63.2709 69.428 61.0201 57.7199 57.4395 61.49 57.2216
threshold=0.73525604905317465 1.084121941553696 1.8459722810627612 0.5299172649572651 1.0335104840763021 0.55273152394362557 0 1.2376273802286397 1 2 3 4.5000000000000009 0.82218202008240315 333.81250000000006
decision_type=8 10 10 8 10 8 1 8 1 1 1 2 8 10
left_child=3 4 7 -1 5 -2 -5 -3 -9 -7 -6 12 -11 -8
right_child=1 2 -4 6 10 9 13 8 -10 11 -12 -13 -14 -15
leaf_value=-0.0053792607516808767 -0.0093421506771672203 0.00057806102963435253 0.016564252304415866 -0.0025154107124604678 0.0012840736919840364 0.00023556393343842908 -0.0011209144160154018 0.002881931897914422 0.0012479118157249565 -0.0015054182855452176 6.975551031160516e-05 -0.0011879799381542967 -0.00013888074328268665 -0.0034704396751231432
leaf_weight=1070 253 5890 1355 2466 3028 4262 3272 4226 3986 2337 5420 3903 11635 621
leaf_count=1070 253 5890 1355 2466 3028 4262 3272 4226 3986 2337 5420 3903 11635 621
internal_value=-0.000394759 0.00144158 0.00661654 -0.0118315 -0.00115294 -0.00252869 -0.00964095 0.00532431 0.00730924 -0.00225567 0.00249261 -0.00315176 -0.00210346 -0.00643936
internal_weight=53724 46295 15457 7429 30838 22390 6359 14102 8212 22137 8448 17875 13972 3893
internal_count=53724 46295 15457 7429 30838 22390 6359 14102 8212 22137 8448 17875 13972 3893
cat_boundaries=0 1 2 3 4
cat_threshold=22768 52464 8576 7364
is_linear=0
shrinkage=0.035


Tree=50
num_leaves=15
num_cat=4
split_feature=23 22 23 23 22 22 32 23 26 32 15 32 23 32
split_gain=851.691 491.973 183.137 163.587 147.028 96.307 81.3414 76.0922 72.6166 56.1895 67.9596 55.0655 51.5691 50.9832
threshold=0.69633265111605336 1.1411242957004626 1.9032856858383962 0.9402531123143546 0.5299172649572651 0.55273152394362557 0 1.4439057202571777 289.50000000000006 1 29.025000000000002 2 1.1970488709867644 3
decision_type=8 10 10 10 8 8 1 8 2 1 2 1 10 1
left_child=4 3 7 5 -1 -2 -6 -3 11 -7 -11 -5 -13 -9
right_child=1 2 -4 8 6 9 -8 13 -10 10 -12 12 -14 -15
leaf_value=-0.0052039508750197812 -0.0088200506693900324 0.0008469467687492458 0.018179328962281981 0.0018663323848513093 -0.0027499966517933131 0.00044134194831269182 -0.0017999293073842077 0.0043412927026693568 0.0010743475239238368 -8.8924376541591477e-05 -0.00086383728343308441 -9.079965725861118e-05 0.001106300531025778 0.0025483539767382985
leaf_weight=1061 260 5694 1175 823 1980 2223 3121 1651 2676 5681 10255 11799 2683 2642
leaf_count=1061 260 5694 1175 823 1980 2223 3121 1651 2676 5681 10255 11799 2683 2642
internal_value=-0.000384336 0.0012023 0.00762873 -0.000769125 -0.012622 -0.00308701 -0.0101381 0.00608437 0.00160542 -0.0027805 -0.00350636 0.000674396 0.000169 0.00960098
internal_weight=53724 47562 11162 36400 6162 18419 5101 9987 17981 18159 15936 15305 14482 4293
internal_count=53724 47562 11162 36400 6162 18419 5101 9987 17981 18159 15936 15305 14482 4293
cat_boundaries=0 1 2 3 4
cat_threshold=22768 8448 128 19680
is_linear=0
shrinkage=0.035


Tree=51
num_leaves=15
num_cat=3
split_feature=23 23 23 22 22 32 22 32 32 22 22 9 23 19
split_gain=802.236 466.85 170.245 169.664 144.664 106.426 99.7522 74.0372 59.9744 54.9383 51.1759 97.0141 51.1284 44.3999
threshold=0.69633265111605336 1.2062900538780637 2.0739180411378979 1.0303205327176987 0.5299172649572651 0 0.55273152394362557 1 2 0.90555215558275548 1.2903850375594808 852.50000000000011 0.48712384133508008 397.62500000000006
decision_type=8 10 10 10 8 1 8 1 1 8 10 10 10 10
left_child=4 3 5 6 12 -3 -2 -6 -8 -10 -5 -12 -1 -9
right_child=1 2 -4 10 7 -7 8 13 9 -11 11 -13 -14 -15
leaf_value=-0.0061683879784902394 -0.0084093769603637951 0.00032828043110411602 0.024880847193855592 0.00040120241820891306 -0.002653746768980547 0.0024840995433969711 3.0656313695746068e-05 -0.001259131789940355 -0.0012067641877491731 -0.0002059329463862919 0.0079506488557749 -0.00059770890399853506 -0.0011924839845181732 -0.0037935869751352649
leaf_weight=845 265 2886 880 11522 1980 6008 9213 2682 6343 8973 889 583 216 439
leaf_count=845 265 2886 880 11522 1980 6008 9213 2682 6343 8973 889 583 216 439
internal_value=-0.000381731 0.00115816 0.00797423 -0.000605668 -0.0122588 0.00651309 -0.00230332 -0.00979534 -0.00206998 -0.00341074 0.00263328 0.00876777 -0.0240009 -0.00635045
internal_weight=53724 47562 9774 37788 6162 8894 24794 5101 24529 15316 12994 1472 1061 3121
internal_count=53724 47562 9774 37788 6162 8894 24794 5101 24529 15316 12994 1472 1061 3121
cat_boundaries=0 1 2 3
cat_threshold=779 22768 11652
is_linear=0
shrinkage=0.035


Tree=52
num_leaves=15
num_cat=3
split_feature=23 23 23 22 22 32 22 32 32 22 23 1 22 9
split_gain=769.668 445.661 167.402 157.649 147.341 104.651 90.7965 70.575 56.7006 52.1901 50.2464 48.1006 47.8656 85.0896
threshold=0.69633265111605336 1.2062900538780637 2.0739180411378979 1.0303205327176987 0.5299172649572651 0 0.55273152394362557 1 2 0.89171240717367717 0.48712384133508008 113.10000000000001 1.2468080749033932 602.50000000000011
decision_type=8 10 10 10 8 1 8 1 1 8 10 8 10 10
left_child=4 3 5 6 10 11 -2 -6 -8 -10 -1 -3 -5 -14
right_child=1 2 -4 12 7 -7 8 -9 9 -11 -12 -13 13 -15
leaf_value=-0.0059524943992430796 -0.0081150487667510617 -0.00043463949936165208 0.02401001754207065 0.00034660795187293098 -0.0025608656320662273 0.0026698292930980114 2.9583342716392738e-05 -0.0016601911214733274 -0.0012762542824803426 -0.00022347667289207787 -0.0011507470450600359 0.0015921543578150245 0.0065390424868679367 -6.5739057878566606e-05
leaf_weight=845 265 2101 880 11004 1980 4916 9213 3121 5675 9641 216 1877 1075 915
leaf_count=845 265 2101 880 11004 1980 4916 9213 3121 5675 9641 216 1877 1075 915
internal_value=-0.000386942 0.00112137 0.00778096 -0.000601963 -0.0120204 0.00633217 -0.0022384 -0.00953486 -0.00201577 -0.00331942 -0.0238696 0.00208615 0.00252019 0.00750877
internal_weight=53724 47562 9774 37788 6162 8894 24794 5101 24529 15316 1061 3978 12994 1990
internal_count=53724 47562 9774 37788 6162 8894 24794 5101 24529 15316 1061 3978 12994 1990
cat_boundaries=0 1 2 3
cat_threshold=13067 22768 11652
is_linear=0
shrinkage=0.035


Tree=53
num_leaves=15
num_cat=2
split_feature=23 23 22 23 22 32 24 32 8 0 0 22 22 0
split_gain=732.972 456.567 172.334 148.546 98.2033 96.836 70.6678 66.2431 56.3139 55.302 48.5476 62.1719 46.4566 63.759
threshold=0.61162371633080947 1.2376273802286397 0.97689882341604728 2.0739180411378979 0.47837056999104616 0 4.5000000000000009 1 6.1894115640658658 21.050000000000004 450.50000000000006 0.71617794301896354 1.2468080749033932 671.50000000000011
decision_type=8 10 8 10 8 1 2 1 2 10 8 10 8 8
left_child=4 2 7 5 -1 -3 12 -2 -9 -6 -10 -12 -4 -14
right_child=1 3 6 -5 9 -7 -8 8 10 -11 11 -13 13 -15
leaf_value=-0.0063288400439027613 -5.9406216972809902e-06 0.00063294087704124152 0.00035847285156628388 0.02316966692809818 -0.0021311147915205461 0.0027205888999596211 -0.00040876691505793098 -0.00032814216733051296 -0.0008249729240490134 -0.0031781042222957441 -0.0056141890950607001 -0.0013044050385485671 0.00016841762091961729 0.0059757164659634569
leaf_weight=690 6088 3510 14610 880 1365 4310 4726 5820 6019 1930 489 1464 826 997
leaf_count=690 6088 3510 14610 880 1365 4310 4726 5820 6019 1930 489 1464 826 997
internal_value=-0.000364794 0.00079296 -0.000751267 0.00807352 -0.0147982 0.00653035 0.00144703 -0.00309077 -0.00443109 -0.01225 -0.00634449 -0.0111364 0.00253163 0.00779267
internal_weight=53724 49739 41039 8700 3985 7820 21159 19880 13792 3295 7972 1953 16433 1823
internal_count=53724 49739 41039 8700 3985 7820 21159 19880 13792 3295 7972 1953 16433 1823
cat_boundaries=0 1 2
cat_threshold=13067 9604
is_linear=0
shrinkage=0.035


Tree=54
num_leaves=15
num_cat=2
split_feature=23 23 22 23 22 32 32 24 0 26 1 1 0 22
split_gain=698.603 430.974 167.432 133.698 93.8156 88.2795 68.5667 67.4843 51.8076 50.6923 47.0447 45.739 44.2471 52.6641
threshold=0.61162371633080947 1.2609553107813321 0.94726103245273208 2.0739180411378979 0.47837056999104616 0 1 4.5000000000000009 21.050000000000004 318.50000000000006 113.10000000000001 31.550000000000004 120.25000000000001 0.76069565621164337
decision_type=8 10 10 10 8 1 1 2 10 2 8 10 8 8
left_child=4 2 6 5 -1 10 -2 9 11 -4 -3 -6 -8 -14
right_child=1 3 7 -5 8 -7 12 -9 -10 -11 -12 -13 13 -15
leaf_value=-0.0061073306423661648 7.6076882286726942e-06 -0.00053337907525943373 0.00027430576556557396 0.022358728585614749 -0.0025264513679107876 0.0028515720503084819 -0.00066568957896200607 -0.00037740689724188707 -0.0030668705745153946 0.0011365194431801873 0.0017504951886951972 0.0037265509208279277 -0.0031437446468835675 -0.00094960594786912278
leaf_weight=690 4874 1663 17674 880 1209 3925 7099 5740 1930 2115 1519 156 1051 3199
leaf_count=690 4874 1663 17674 880 1209 3925 7099 5740 1930 2115 1519 156 1051 3199
internal_value=-0.000373914 0.000756373 -0.00066887 0.00820258 -0.0144649 0.00659941 -0.00344867 0.00109795 -0.0119742 0.00206704 0.00223334 -0.00671898 -0.00493708 -0.00776498
internal_weight=53724 49739 41752 7987 3985 7107 16223 25529 3295 19789 3182 1365 11349 4250
internal_count=53724 49739 41752 7987 3985 7107 16223 25529 3295 19789 3182 1365 11349 4250
cat_boundaries=0 1 2
cat_threshold=13067 9604
is_linear=0
shrinkage=0.035


Tree=55
num_leaves=15
num_cat=2
split_feature=23 23 23 22 32 22 22 30 24 0 22 32 3 24
split_gain=667.263 404.112 150.126 144.36 98.3867 95.6991 70.5473 58.5865 50.4358 50.1848 49.6414 48.0554 48.6396 46.4858
threshold=0.61162371633080947 1.1677313805959531 1.9032856858383962 1.0303205327176987 0 0.47837056999104616 0.55273152394362557 -0.32613736746952143 1.0000000180025095e-35 21.050000000000004 1.3181215910014135 1 280.75000000000006 4.5000000000000009
decision_type=8 10 10 10 1 8 8 2 2 10 10 1 10 2
left_child=5 3 4 6 -3 -1 -2 -6 10 -7 -5 12 -8 -13
right_child=1 2 -4 8 7 9 11 -9 -10 -11 -12 13 -14 -15
leaf_value=-0.0058935740698833504 -0.0065976526323740852 -0.00024382107676422019 0.014965273868819538 0.0010402777766070927 0.00073474782127062052 -0.0019704858576064374 0.00019508240806584588 0.0022332906068428418 0.00020593303225504458 -0.0029595301044073562 0.0091490711955152931 -0.00034435382590063514 -0.000693454228380647 -0.0010785139187084883
leaf_weight=690 316 2517 1234 2193 2738 1365 6663 4891 9397 1930 451 13687 1486 4166
leaf_count=690 316 2517 1234 2193 2738 1365 6663 4891 9397 1930 451 13687 1486 4166
internal_value=-0.000377822 0.000726821 0.00651735 -0.000991685 0.00510984 -0.0141491 -0.00244387 0.00708333 0.00218205 -0.0116348 0.00644772 -0.00224209 -1.28613e-05 -0.0032575
internal_weight=53724 49739 11380 38359 10146 3985 26318 7629 12041 3295 2644 26002 8149 17853
internal_count=53724 49739 11380 38359 10146 3985 26318 7629 12041 3295 2644 26002 8149 17853
cat_boundaries=0 1 2
cat_threshold=771 10628
is_linear=0
shrinkage=0.035


Tree=56
num_leaves=15
num_cat=3
split_feature=23 22 23 22 23 23 22 30 9 26 32 32 32 16
split_gain=627.699 338.119 207.223 148.347 136.045 105.944 87.7813 83.5384 71.3412 64.8868 56.6234 52.1552 50.9331 59.4063
threshold=0.81392178276005434 1.2817568753419093 0.56557122334409937 0.72275681343581921 1.8459722810627612 1.1175560133120921 0.72952994767912982 -0.31800055644052067 677.50000000000011 211.50000000000003 0 1 2 185.0096518102703
decision_type=8 10 10 8 8 10 8 2 10 2 1 1 1 10
left_child=2 3 6 8 -3 9 -1 -7 -2 -5 -8 -9 -4 -14
right_child=1 4 12 5 -6 7 10 11 -10 -11 -12 -13 13 -15
leaf_value=-0.0038046156200436318 -0.0051044920670884619 0.0016091418020634065 -0.001185104173448257 -0.00026879068119749829 0.011056742185214559 2.1424894616728364e-06 0.0010795073764277505 0.00015889315929819625 0.00034074941581602712 0.00036853220900354508 -0.0050657932958867221 0.0017777859009076042 -0.0004250745972093634 -0.0040447668190216014
leaf_weight=2053 738 3323 2539 16869 2125 3983 450 1364 356 9790 576 4322 5026 210
leaf_count=2053 738 3323 2539 16869 2125 3983 450 1364 356 9790 576 4322 5026 210
internal_value=-0.000341343 0.00156245 -0.007858 0.000375932 0.00970475 0.00075909 -0.0155366 0.00389653 -0.012293 -0.00037935 -0.007129 0.00661747 -0.00480913 -0.0028128
internal_weight=53724 42870 10854 37422 5448 36328 3079 9669 1094 26659 1026 5686 7775 5236
internal_count=53724 42870 10854 37422 5448 36328 3079 9669 1094 26659 1026 5686 7775 5236
cat_boundaries=0 1 2 3
cat_threshold=34085 16643 53440
is_linear=0
shrinkage=0.035


Tree=57
num_leaves=15
num_cat=3
split_feature=23 23 22 23 22 32 32 24 0 0 22 26 1 32
split_gain=594.374 381.995 143.272 117.352 96.5273 86.8614 62.6303 59.2898 48.3387 45.559 48.7336 45.2047 43.4769 43.166
threshold=0.5946424300406602 1.2609553107813321 0.94726103245273208 2.0739180411378979 0.4451573930069338 0 1 4.5000000000000009 21.050000000000004 120.25000000000001 0.692451919922213 318.50000000000006 31.550000000000004 2
decision_type=8 10 10 10 8 1 1 2 10 8 8 2 10 1
left_child=4 2 6 5 -1 -3 -2 11 12 -8 -11 -4 -6 -9
right_child=1 3 7 -5 8 -7 9 13 -10 10 -12 -13 -14 -15
leaf_value=-0.0067700979631627398 1.0992415550876435e-05 0.00057136909028951248 0.00023755486986965559 0.020665402523227034 -0.0023829551810339998 0.0026124792500002263 -0.00059850707931418344 0.00012810319625556482 -0.0029263438966950837 -0.0038073785774889184 -0.00099615799710636613 0.0010288737295526163 0.0036583564643431891 -0.00096604287081177194
leaf_weight=527 4946 3182 17712 880 1136 3925 7281 2974 1807 654 3651 2116 153 2780
leaf_count=527 4946 3182 17712 880 1136 3925 7281 2974 1807 654 3651 2116 153 2780
internal_value=-0.000337434 0.000653115 -0.000678079 0.00766829 -0.0140174 0.00616634 -0.00321703 0.000962989 -0.0116253 -0.00462202 -0.00747912 0.00187062 -0.00641036 -0.00216357
internal_weight=53724 50101 42114 7987 3623 7107 16532 25582 3096 11586 4305 19828 1289 5754
internal_count=53724 50101 42114 7987 3623 7107 16532 25582 3096 11586 4305 19828 1289 5754
cat_boundaries=0 1 2 3
cat_threshold=13067 9604 52176
is_linear=0
shrinkage=0.035


Tree=58
num_leaves=15
num_cat=3
split_feature=23 23 22 23 22 32 23 24 23 32 26 3 32 0
split_gain=573.758 353.796 136.6 114.736 99.8348 69.2394 63.4619 53.7441 49.6244 63.2713 51.6145 49.5601 51.1254 48.3647
threshold=0.5946424300406602 1.2609553107813321 0.97689882341604728 1.9032856858383962 0.4451573930069338 0 0.81392178276005434 1.0000000180025095e-35 0.91228353049667077 1 318.50000000000006 104.10000000000001 2 21.050000000000004
decision_type=8 10 10 10 8 1 10 2 8 1 2 10 1 10
left_child=4 2 6 5 -1 -3 11 -4 9 -9 -10 12 -2 -6
right_child=1 3 7 -5 13 -7 -8 8 10 -11 -12 -13 -14 -15
leaf_value=-0.0065331445344520437 6.3875687829696717e-05 0.00044830860055833425 0.0010545081982443172 0.013575793337833356 -0.0018663190338142346 0.0022671284905951164 -0.00014359342156870821 -0.0018796144106868302 8.6197594712159606e-05 8.9903199764164178e-05 0.0009918030638893416 -0.0014336545921138592 -0.00097813221608548896 -0.002823921860310755
leaf_weight=527 2782 2716 3934 1234 1289 4037 10710 1030 13391 1695 1691 2786 4095 1807
leaf_count=527 2782 2716 3934 1234 1289 4037 10710 1030 13391 1695 1691 2786 4095 1807
internal_value=-0.000345251 0.000627969 -0.000653149 0.00737925 -0.0137858 0.00557783 -0.00271199 0.00127633 0.000457837 -0.00388462 0.00124345 -0.00476779 -0.00316841 -0.0113544
internal_weight=53724 50101 42114 7987 3623 6753 20373 21741 17807 2725 15082 9663 6877 3096
internal_count=53724 50101 42114 7987 3623 6753 20373 21741 17807 2725 15082 9663 6877 3096
cat_boundaries=0 1 2 3
cat_threshold=4875 54436 27022
is_linear=0
shrinkage=0.035


Tree=59
num_leaves=15
num_cat=3
split_feature=23 23 22 23 22 32 23 32 26 22 16 32 23 23
split_gain=549.967 331.864 138.262 107.455 92.0954 75.882 62.8575 76.2099 72.6811 60.2461 58.7006 54.9122 50.5826 48.901
threshold=0.56557122334409937 1.2943771584221027 0.92128744127314266 2.0739180411378979 0.47837056999104616 0 0.93780040196279602 1 318.50000000000006 1.3274525631923442 167.67230842796855 2 0.20512848593319441 0.94739838778955376
decision_type=8 10 10 10 8 1 8 1 2 10 10 1 10 10
left_child=4 2 11 5 -1 -3 7 -4 9 -8 -9 -2 -6 -11
right_child=1 3 6 -5 12 -7 8 10 -10 13 -12 -13 -14 -15
leaf_value=-0.0052245641689444271 7.3038441870047213e-05 0.00044734865611948288 -0.001355902468601314 0.019466960668089919 0.0026282706396077095 0.0026211322275620304 8.0459061098862863e-05 0.00010068293359969894 0.001070419811587795 0.0085326376873673913 -0.0046866869532208614 -0.0009068248078215375 -0.0028919313066274981 -0.00012377120358310291
leaf_weight=670 3374 2483 1558 880 226 3734 19190 4939 2433 651 162 10832 2183 409
leaf_count=670 3374 2483 1558 880 226 3734 19190 4939 2433 651 162 10832 2183 409
internal_value=-0.000324406 0.000549358 -0.000594678 0.00756477 -0.0146741 0.00593459 0.000777592 -0.00221113 0.00165528 0.000967662 -0.000129984 -0.00342833 -0.0114395 0.00907042
internal_weight=53724 50645 43548 7097 3079 6217 29342 6659 22683 20250 5101 14206 2409 1060
internal_count=53724 50645 43548 7097 3079 6217 29342 6659 22683 20250 5101 14206 2409 1060
cat_boundaries=0 1 2 3
cat_threshold=4875 32964 8580
is_linear=0
shrinkage=0.035


Tree=60
num_leaves=15
num_cat=3
split_feature=23 23 23 22 22 30 8 30 0 32 24 32 1 32
split_gain=525.544 316.65 135.331 116.036 85.9899 82.4198 53.3793 51.1869 49.9311 47.3746 46.256 44.0125 41.6745 37.8264
threshold=0.56557122334409937 1.1677313805959531 1.9032856858383962 1.0303205327176987 0.47837056999104616 -0.43733099657705293 34.454887634086226 -0.6523320455745395 21.050000000000004 0 4.5000000000000009 1 29.950000000000003 2
decision_type=8 10 10 10 8 2 2 2 10 1 2 1 10 1
left_child=4 3 5 6 -1 13 9 -8 12 -2 -5 -7 -6 -3
right_child=1 2 -4 10 8 11 7 -9 -10 -11 -12 -13 -14 -15
leaf_value=-0.0050417044230313731 0.00020940578374407801 -0.00096252590756607426 0.012795619237100039 0.00067152908532979794 -0.0024473243363149319 0.00014242231015995977 -0.001710923834523659 -0.00039743627043946632 -0.0031014274126693925 -0.00040187336256815119 -0.00043310008531429692 0.0018753219201563046 0.0033041749766050234 0.00073692706452228374
leaf_weight=670 6134 1405 1234 9536 882 1178 2049 3778 1362 15208 2560 5655 165 1908
leaf_count=670 6134 1405 1234 9536 882 1178 2049 3778 1362 15208 2560 5655 165 1908
internal_value=-0.000306166 0.000547976 0.00568731 -0.000942068 -0.0143337 0.0043513 -0.00221149 -0.00517918 -0.0112075 -0.0014002 0.00190893 0.0065465 -0.005423 -0.000179325
internal_weight=53724 50645 11380 39265 3079 10146 27169 5827 2409 21342 12096 6833 1047 3313
internal_count=53724 50645 11380 39265 3079 10146 27169 5827 2409 21342 12096 6833 1047 3313
cat_boundaries=0 1 2 3
cat_threshold=10628 259 2827
is_linear=0
shrinkage=0.035


Tree=61
num_leaves=15
num_cat=4
split_feature=23 22 23 23 22 32 22 30 32 3 32 32 3 16
split_gain=491.373 281.623 144.264 132.694 119.822 78.8202 69.1868 62.9922 57.9249 50.2686 51.0684 47.8922 61.1287 44.7495
threshold=0.65676634018723934 1.2817568753419093 1.7549510370570294 0.93780040196279602 0.4451573930069338 0 0.55273152394362557 -0.6523320455745395 1 200.75000000000003 2 3 37.550000000000004 31.471831698778185
decision_type=8 10 8 10 8 1 8 2 1 8 1 1 10 10
left_child=4 3 -3 6 -1 13 -2 -7 -4 10 -6 -8 -13 -5
right_child=1 2 8 5 9 7 11 -9 -10 -11 -12 12 -14 -15
leaf_value=-0.0058708027672401296 -0.0067450939731837798 0.0010536320761078634 0.0037045134774991743 -0.0002397385073058378 -0.0020258714694171803 -6.8177445025401914e-05 0.0010793822343351429 0.00092469988614717676 0.0097480807224555772 -0.002914105503687718 -0.00068069122071920819 -7.2079232359466844e-05 -0.00075567800463825893 0.001196463845272191
leaf_weight=535 279 3171 687 8588 1527 3672 1310 8927 1710 1124 1886 9258 9721 1329
leaf_count=535 279 3171 687 8588 1527 3672 1310 8927 1710 1124 1886 9258 9721 1329
internal_value=-0.000282715 0.000798446 0.00820205 -0.000159205 -0.0106441 0.00169708 -0.00219122 0.00353219 0.0146732 -0.00877697 -0.0066457 -0.00195058 -0.00239734 -0.000637837
internal_weight=53724 48652 5568 43084 5072 22516 20568 12599 2397 4537 3413 20289 18979 9917
internal_count=53724 48652 5568 43084 5072 22516 20568 12599 2397 4537 3413 20289 18979 9917
cat_boundaries=0 1 2 3 4
cat_threshold=25355 902 22737 256
is_linear=0
shrinkage=0.035


Tree=62
num_leaves=15
num_cat=5
split_feature=23 23 23 22 22 32 24 23 32 32 32 24 32 23
split_gain=457.086 293.222 122.044 108.315 83.4877 74.907 60.1865 54.296 59.1235 53.2211 48.2625 47.8844 65.2942 47.3762
threshold=0.54484478475140519 1.1930930194640521 1.9828807267754229 0.92128744127314266 0.72952994767912982 0 1.0000000180025095e-35 0.78338076795575651 1 2 3 5.5000000000000009 4 0.43440634645061732
decision_type=8 10 10 8 8 1 2 8 1 1 1 2 1 10
left_child=4 3 5 9 13 -3 -5 8 -8 -2 -6 -9 -13 -1
right_child=1 2 -4 6 10 -7 7 11 -10 -11 -12 12 -14 -15
leaf_value=-0.0054465892819806931 7.7702065786221532e-05 0.00010342296848678435 0.014485563382844856 0.00079861706972174438 0.0016555724731561429 0.0017577286945798121 -0.0039465474296252571 0.00010862859499373907 -0.00055610015249905008 -0.00085828436300807397 -0.004945419138706093 -0.0027303834164256833 -0.00012695491106968967 -0.0018547808133009187
leaf_weight=1030 3379 3490 1057 4853 389 5762 408 18052 1077 10867 481 608 1454 817
leaf_count=1030 3379 3490 1057 4853 389 5762 408 18052 1077 10867 481 608 1454 817
internal_value=-0.000285321 0.000460382 0.00573153 -0.000875365 -0.0142597 0.0044388 0.000449786 -0.000341835 -0.00678859 -0.0033352 -0.00528 0.000135693 -0.0049105 -0.0184638
internal_weight=53724 51007 10309 40698 2717 9252 26452 21599 1485 14246 870 20114 2062 1847
internal_count=53724 51007 10309 40698 2717 9252 26452 21599 1485 14246 870 20114 2062 1847
cat_boundaries=0 1 2 3 4 5
cat_threshold=8971 21636 8580 34085 5160
is_linear=0
shrinkage=0.035


Tree=63
num_leaves=15
num_cat=3
split_feature=23 23 22 22 23 23 19 32 32 32 19 0 24 23
split_gain=434.624 272.383 119.548 84.334 75.5808 59.1759 58.2184 57.7785 52.9267 44.5817 55.466 41.5546 40.4058 42.4425
threshold=0.57641267946383645 1.4092831972646713 1.0303205327176987 0.4451573930069338 2.0739180411378979 0.81392178276005434 333.81250000000006 0 1 2 25.512500000000003 21.050000000000004 1.0000000180025095e-35 0.78338076795575651
decision_type=8 10 10 8 10 10 8 1 1 1 10 10 2 8
left_child=3 2 5 -1 7 6 9 -3 -7 -2 -11 -5 -4 -14
right_child=1 4 12 11 -6 8 -8 -9 -10 10 -12 -13 13 -15
leaf_value=-0.0055748246333336389 6.3130231481364771e-05 0.0030898769556752075 0.0013211717860223699 -0.0016444918663447365 0.01748959282772276 0.0010787699410293595 -0.00151400571369018 0.00075372804616024582 -0.0001232260276127617 -0.00011732049106578658 -0.0010296478066738344 -0.002551190692340998 -0.0027510942628024807 0.00031614370175115481
leaf_weight=522 3782 2051 3046 1154 880 969 1578 1847 15795 2517 3746 1584 496 13757
leaf_count=522 3782 2051 3046 1154 880 969 1578 1847 15795 2517 3746 1584 496 13757
internal_value=-0.000273595 0.000527056 -0.000304874 -0.0126493 0.00847376 -0.00170242 -0.003621 0.0063669 -0.000371519 -0.00263632 -0.00444329 -0.0101568 0.00198827 0.00120529
internal_weight=53724 50464 45686 3260 4778 28387 11623 3898 16764 10045 6263 2738 17299 14253
internal_count=53724 50464 45686 3260 4778 28387 11623 3898 16764 10045 6263 2738 17299 14253
cat_boundaries=0 1 2 3
cat_threshold=52456 128 26894
is_linear=0
shrinkage=0.035


Tree=64
num_leaves=15
num_cat=3
split_feature=23 23 22 22 23 23 19 24 32 23 32 30 23 32
split_gain=413.764 262.698 129.946 73.8254 70.7869 56.7878 54.9868 51.4286 56.1805 51.4183 50.8526 46.8227 50.6961 46.6285
threshold=0.54484478475140519 1.5389900385948792 1.0448794807625463 0.72952994767912982 0.81392178276005434 2.369857963854511 340.12500000000006 5.5000000000000009 0 0.43440634645061732 1 -0.43733099657705293 0.90503749086025886 2
decision_type=8 10 10 8 10 10 8 2 1 10 1 2 8 1
left_child=3 2 4 9 6 -3 -2 8 -6 -1 -9 -4 -13 -5
right_child=1 5 11 13 7 -7 -8 10 -10 -11 -12 12 -14 -15
leaf_value=-0.0051359563817278313 -0.00048994553549969687 0.0033254904614225317 -7.0354919609696428e-05 0.0016551846519177427 0.00081329763934961062 0.025713286960950852 -0.001448867915101223 -0.0034780019241026487 -4.5083752042726082e-05 -0.0016564709004262025 -0.00044938957634188764 -0.0011668967709887244 0.00095385313239921513 -0.0047114519259809518
leaf_weight=1030 10855 2654 5880 389 2099 528 1675 250 14818 817 1237 848 10163 481
leaf_count=1030 10855 2654 5880 389 2099 528 1675 250 14818 817 1237 848 10163 481
internal_value=-0.000269687 0.000439798 -0.000208551 -0.0135654 -0.00155661 0.0101694 -0.00358516 -0.000174914 0.000374365 -0.0175189 -0.00640416 0.00226 0.00360612 -0.00512
internal_weight=53724 51007 47825 2717 30934 3182 12530 18404 16917 1847 1487 16891 11011 870
internal_count=53724 51007 47825 2717 30934 3182 12530 18404 16917 1847 1487 16891 11011 870
cat_boundaries=0 1 2 3
cat_threshold=1152 1056 34085
is_linear=0
shrinkage=0.035


Tree=65
num_leaves=15
num_cat=2
split_feature=23 23 22 22 23 32 23 23 8 32 19 19 30 23
split_gain=402.097 250.609 119.146 73.0468 66.9597 62.3224 57.7716 53.2892 51.8187 69.6767 79.4966 44.4428 43.37 48.0683
threshold=0.54484478475140519 1.5389900385948792 1.0448794807625463 0.72952994767912982 0.91941980239646848 0 2.369857963854511 0.43440634645061732 34.454887634086226 1 23.512500000000003 17.512500000000003 -0.43733099657705293 0.90503749086025886
decision_type=8 10 10 8 10 1 10 10 2 1 8 10 2 8
left_child=3 2 4 7 8 -6 11 -1 9 10 -2 -3 -4 -14
right_child=1 6 12 -5 5 -7 -8 -9 -10 -11 -12 -13 13 -15
leaf_value=-0.0049561979083673578 -5.9755969473659913e-05 -0.00011807910663744316 -6.789249742335635e-05 -0.0024748543950545007 0.0017248676524976993 -1.5137193524294437e-05 0.024813321917317579 -0.0015984944189112857 -0.0010713005361252354 0.00010750477610803612 -0.00091554092462318006 0.003891903332820538 -0.0011260553840041203 0.00092046827276524477
leaf_weight=1030 2992 619 5880 870 703 12084 528 817 4553 7094 3508 2035 848 10163
leaf_count=1030 2992 619 5880 870 703 12084 528 817 4553 7094 3508 2035 848 10163
internal_value=-0.00025275 0.00044666 -0.000186598 -0.0133597 -0.00147742 0.000462398 0.0099498 -0.0172921 -0.00284404 -0.00176042 -0.00437299 0.00781873 0.00217714 0.00347268
internal_weight=53724 51007 47825 2717 30934 12787 3182 1847 18147 13594 6500 2654 16891 11011
internal_count=53724 51007 47825 2717 30934 12787 3182 1847 18147 13594 6500 2654 16891 11011
cat_boundaries=0 1 2
cat_threshold=128 33009
is_linear=0
shrinkage=0.035


Tree=66
num_leaves=15
num_cat=3
split_feature=23 23 22 22 23 23 32 8 0 22 32 23 32 3
split_gain=384.557 242.352 110.322 73.2944 63.3775 58.0287 48.6518 46.8893 48.5122 68.4906 44.9525 44.1722 42.9461 42.5127
threshold=0.54484478475140519 1.5389900385948792 1.0448794807625463 0.4451573930069338 1.0435177148267973 2.369857963854511 0 34.454887634086226 991.00000000000011 0.65532947738070646 1 0.20512848593319441 2 220.30000000000004
decision_type=8 10 10 8 10 10 1 2 8 8 1 10 1 8
left_child=3 2 4 -1 7 12 -6 10 -9 -10 -2 -5 -3 -13
right_child=1 5 -4 11 6 -7 -8 8 9 -11 -12 13 -14 -15
leaf_value=-0.0050894584896716954 0.0017546726057983831 0.0042553005023177994 0.00048719577523463013 0.0026554257703649002 -0.0008033250163577805 0.023944855650211459 0.00070301117448418613 -0.00043002731482812644 -0.0067500872802229023 -0.0013526480731186109 -0.00027827293328929197 -0.002088258962326001 0.0014947872840718464 -0.0032719700439870444
leaf_weight=513 918 1162 16891 232 1774 528 3811 4197 274 1173 18787 1498 1492 474
leaf_count=513 918 1162 16891 232 1774 528 3811 4197 274 1173 18787 1498 1492 474
internal_value=-0.000233207 0.000450776 -0.000171963 -0.0130511 -0.00141407 0.00979605 0.00195975 -0.00215765 -0.00496902 -0.0104855 -0.00135134 -0.0102354 0.00766077 -0.0119322
internal_weight=53724 51007 47825 2717 30934 3182 5585 25349 5644 1447 19705 2204 2654 1972
internal_count=53724 51007 47825 2717 30934 3182 5585 25349 5644 1447 19705 2204 2654 1972
cat_boundaries=0 1 2 3
cat_threshold=787 256 52448
is_linear=0
shrinkage=0.035


Tree=67
num_leaves=15
num_cat=3
split_feature=23 23 23 22 22 32 24 32 32 23 3 23 26 24
split_gain=359.603 230.555 93.5791 85.4479 70.3957 58.2187 54.6055 48.1735 44.8774 41.8932 44.7221 40.6078 41.9654 40.4722
threshold=0.54484478475140519 1.2943771584221027 2.1938679142639539 0.92128744127314266 0.4451573930069338 0 4.5000000000000009 1 2 0.13344941042644634 200.75000000000003 0.7489007628673513 314.50000000000006 5.5000000000000009
decision_type=8 10 10 8 8 1 2 1 1 10 8 8 2 2
left_child=4 3 5 7 -1 -3 11 -2 13 -6 -11 -5 -13 -8
right_child=1 2 -4 6 9 -7 8 -9 -10 10 -12 12 -14 -15
leaf_value=-0.0049113274425331864 2.1924630683841654e-05 0.00026599448164527529 0.019494437989219269 -0.0016456885665537737 0.0044439102685528975 0.0021747019512120842 -0.00046593015891011839 -0.00080691939015510952 6.6756766069182573e-05 -0.0019380422630102668 -0.0033172544608757034 0.00019635525305682633 0.00091122582430274498 -0.0021124053113351993
leaf_weight=513 4870 2553 704 936 139 3840 1961 9570 3722 1536 529 19436 2425 990
leaf_count=513 4870 2553 704 936 139 3840 1961 9570 3722 1536 529 19436 2425 990
internal_value=-0.000218876 0.000442543 0.0062933 -0.0005037 -0.0126139 0.00495077 0.000577099 -0.0027089 -0.0022065 -0.00985514 -0.0111087 0.0013922 0.0016983 -0.00541639
internal_weight=53724 51007 7097 43910 2717 6393 29470 14440 6673 2204 2065 22797 21861 2951
internal_count=53724 51007 7097 43910 2717 6393 29470 14440 6673 2204 2065 22797 21861 2951
cat_boundaries=0 1 2 3
cat_threshold=4875 11652 13358
is_linear=0
shrinkage=0.035


Tree=68
num_leaves=15
num_cat=3
split_feature=23 23 22 22 23 23 24 32 32 19 32 24 23 3
split_gain=349.905 223.646 100 69.8505 64.1035 57.8241 53.3566 58.7391 48.8995 45.8847 66.4067 44.025 47.9623 41.5421
threshold=0.54484478475140519 1.5389900385948792 1.0574777263511606 0.39254815439153184 0.81392178276005434 2.369857963854511 5.5000000000000009 0 1 26.775000000000002 2 1.0000000180025095e-35 0.8498027758051071 220.30000000000004
decision_type=8 10 10 8 10 10 2 1 1 8 1 2 8 8
left_child=3 2 4 -1 9 -3 8 -8 -6 -2 -11 -4 -13 -5
right_child=1 5 11 13 6 -7 7 -9 -10 10 -12 12 -14 -15
leaf_value=-0.0059184580923827357 1.3285278002022618e-05 0.0029423858598820454 0.0015413573967811962 -0.0016649058073082441 0.0005793045280786883 0.022424480372831384 -0.0033764518472878683 -0.00038075516998968166 -4.1290369500107675e-05 -0.0017543806023202621 -0.00066212767503643309 -0.0020295851259118369 0.00041117081001507908 -0.0031088271764500167
leaf_weight=353 3827 2654 2591 1761 3174 528 275 1321 14819 1009 7973 711 12125 603
leaf_count=353 3827 2654 2591 1761 3174 528 275 1321 14819 1009 7973 711 12125 603
internal_value=-0.000207151 0.000445287 -0.000152937 -0.0124339 -0.00125729 0.00942265 1.78626e-06 -0.00612117 0.00054645 -0.00318207 -0.00454879 0.00216595 0.00132466 -0.0102237
internal_weight=53724 51007 47825 2717 32398 3182 19589 1596 17993 12809 8982 15427 12836 2364
internal_count=53724 51007 47825 2717 32398 3182 19589 1596 17993 12809 8982 15427 12836 2364
cat_boundaries=0 1 2 3
cat_threshold=1056 5248 32833
is_linear=0
shrinkage=0.035


Tree=69
num_leaves=15
num_cat=4
split_feature=23 23 23 22 22 32 24 32 32 0 22 3 24 32
split_gain=333.828 211.092 86.9033 76.1723 66.9472 55.4046 50.8988 46.6737 43.3493 43.3217 92.9834 40.4107 38.2099 36.4706
threshold=0.54484478475140519 1.2943771584221027 2.0739180411378979 0.92128744127314266 0.39254815439153184 0 4.5000000000000009 1 2 991.00000000000011 0.61968439436793876 220.30000000000004 5.5000000000000009 3
decision_type=8 10 10 8 8 1 2 1 1 8 10 8 2 1
left_child=4 3 5 7 -1 -3 -5 -2 12 -9 -11 13 -8 -6
right_child=1 2 -4 6 11 -7 8 9 -10 10 -12 -13 -14 -15
leaf_value=-0.0057113120591493404 0.00019773206499865972 0.00013326718727107669 0.014912808842115408 0.0002264188525448774 0.0015517292492813854 0.0020109375123306453 -0.00046201914113941318 -0.00045182877699827598 6.3597164792105208e-05 -0.0064553834141966079 -0.0010509311430751062 -0.0030000182252742664 -0.001997410302024898 -0.0018712566924309322
leaf_weight=353 2742 2483 880 22797 246 3734 1961 9481 3722 324 1893 603 990 1515
leaf_count=353 2742 2483 880 22797 246 3734 1961 9481 3722 324 1893 603 990 1515
internal_value=-0.000208454 0.000428821 0.00602718 -0.000476603 -0.012151 0.00456204 0.000543851 -0.00255867 -0.00214361 -0.00352002 -0.00792304 -0.00998734 -0.00529838 -0.0072735
internal_weight=53724 51007 7097 43910 2717 6217 29470 14440 6673 11698 2217 2364 2951 1761
internal_count=53724 51007 7097 43910 2717 6217 29470 14440 6673 11698 2217 2364 2951 1761
cat_boundaries=0 1 2 3 4
cat_threshold=4875 388 13358 1284
is_linear=0
shrinkage=0.035


Tree=70
num_leaves=15
num_cat=2
split_feature=23 23 22 22 23 22 0 32 23 30 23 24 30 32
split_gain=318.086 199.998 97.5708 72.7823 64.0265 49.0333 53.5661 43.8814 43.4 42.3463 42.3304 42.3046 40.7943 41.2623
threshold=0.56557122334409937 1.6557367885011527 1.0612330502670868 0.39254815439153184 1.0771195213417017 0.5299172649572651 5.5500000000000007 0 2.369857963854511 -0.43733099657705293 1.2266760128408307 5.5000000000000009 -0.99465740988130902 1
decision_type=8 10 10 8 10 8 10 1 10 2 8 2 2 1
left_child=3 2 4 -1 5 6 -2 -6 -3 -4 -11 12 -7 -14
right_child=1 8 9 -5 7 11 -8 -9 -10 10 -12 -13 13 -15
leaf_value=-0.0055114161370791136 -0.0076519828603174222 0.0036416961318490124 -9.157085985936232e-05 -0.0018235727319483577 0.0011585982236452504 -0.0013235061495861468 0.00058957751343657525 -1.9067628232461999e-05 0.021117675250308252 0.00022170141832850824 0.0014441572294465266 -0.0010466930770468891 -0.00055473585918335347 3.1798663874184063e-05
leaf_weight=355 191 1768 5325 2724 2018 1139 100 2981 528 4806 5678 2265 9589 14257
leaf_count=355 191 1768 5325 2724 2018 1139 100 2981 528 4806 5678 2265 9589 14257
internal_value=-0.000220179 0.000444324 -3.54676e-05 -0.0111333 -0.00113136 -0.00179282 -0.0159628 0.00251099 0.0105259 0.00221987 0.00351034 -0.0016386 -0.00122269 -0.00091275
internal_weight=53724 50645 48349 3079 32540 27541 291 4999 2296 15809 10484 27250 24985 23846
internal_count=53724 50645 48349 3079 32540 27541 291 4999 2296 15809 10484 27250 24985 23846
cat_boundaries=0 1 2
cat_threshold=7396 33371
is_linear=0
shrinkage=0.035


Tree=71
num_leaves=15
num_cat=2
split_feature=23 23 23 22 22 33 24 22 23 32 26 0 22 16
split_gain=301.788 190.641 87.2589 68.394 65.1887 56.9453 46.8129 49.407 45.9035 74.9266 51.6801 44.9886 98.5899 41.6547
threshold=0.54484478475140519 1.2943771584221027 2.1938679142639539 0.91943273698139838 0.39254815439153184 0 1.0000000180025095e-35 1.1554709132448415 0.93780040196279602 1 313.50000000000006 991.00000000000011 0.65532947738070646 12.149857925878697
decision_type=8 10 10 8 8 1 2 10 8 1 2 8 10 10
left_child=4 3 5 11 -1 -3 7 -5 9 -8 -10 -2 -13 -11
right_child=1 2 -4 6 -6 -7 8 -9 10 13 -12 12 -14 -15
leaf_value=-0.0053185165722813453 -0.00026380361467053919 0.002042980821303342 0.017000362906723909 0.0003229374693027293 -0.0019854530565706469 0.00031119517905351117 0.00019211178324060553 0.0029540480390609306 9.8794800367119083e-06 -0.00053219374458039759 0.00083862001918143367 -0.0054211224565717878 -0.00079643845344881063 -0.0020492239823645575
leaf_weight=353 11469 3269 704 3908 2364 3124 3213 1204 16357 1897 2168 471 2294 929
leaf_count=353 11469 3269 704 3908 2364 3124 3213 1204 16357 1897 2168 471 2294 929
internal_value=-0.000204545 0.000401376 0.00572163 -0.000459069 -0.0115595 0.0044256 0.000497625 0.00354309 -0.000136758 -0.00278541 0.000727199 -0.00245312 -0.00645668 -0.00692362
internal_weight=53724 51007 7097 43910 2717 6393 29676 5112 24564 6039 18525 14234 2765 2826
internal_count=53724 51007 7097 43910 2717 6393 29676 5112 24564 6039 18525 14234 2765 2826
cat_boundaries=0 1 2
cat_threshold=10 11035
is_linear=0
shrinkage=0.035


Tree=72
num_leaves=15
num_cat=4
split_feature=23 23 22 22 23 32 30 3 32 7 32 23 32 1
split_gain=272.136 183.232 96.1432 67.7853 59.5506 56.4626 48.4544 45.9602 44.249 56.9218 46.2378 40.5065 38.4635 37.3274
threshold=0.56557122334409937 1.8459722810627612 1.0859046617220149 0.39254815439153184 0.93780040196279602 0 -0.43733099657705293 220.30000000000004 1 53.021780303030312 2 0.91228353049667077 3 149.75000000000003
decision_type=8 10 10 8 10 1 2 8 1 2 1 8 1 10
left_child=3 2 4 -1 8 -6 -4 12 -2 -10 -11 -8 -5 -3
right_child=1 13 6 7 5 -7 11 -9 9 10 -12 -13 -14 -15
leaf_value=-0.0051323684922514982 0.00096875927927424449 0.0072981813486396136 -0.00011566701685297277 0.0022961705630999275 0.0017584046042887825 2.9486239709584087e-05 -0.0010713763218583735 -0.0026527403708285673 -0.00014443599405016718 -0.0016627827492084436 -0.00065927846536135992 0.0010759283578462054 -0.0015023927948647994 0.0099967529492705973
leaf_weight=355 1247 915 4598 165 807 14171 612 677 9875 659 8339 8926 1882 496
leaf_count=355 1247 915 4598 165 807 14171 612 677 9875 659 8339 8926 1882 496
internal_value=-0.000199334 0.000415301 5.82871e-05 -0.0102935 -0.000923283 0.000747514 0.00249487 -0.00838769 -0.00216696 -0.00258868 -0.00460291 0.00391701 -0.00574805 0.0128284
internal_weight=53724 50645 49234 3079 35098 14978 14136 2724 20120 18873 8998 9538 2047 1411
internal_count=53724 50645 49234 3079 35098 14978 14136 2724 20120 18873 8998 9538 2047 1411
cat_boundaries=0 1 2 3 4
cat_threshold=128 256 32833 1280
is_linear=0
shrinkage=0.035


Tree=73
num_leaves=15
num_cat=2
split_feature=23 23 23 22 32 22 24 23 6 0 22 32 22 30
split_gain=265.491 180.368 102.072 96.5861 71.2255 59.3105 63.3784 57.3475 56.0839 55.6027 85.144 41.3461 39.7447 38.4959
threshold=0.46950690079699353 1.9828807267754229 1.1057432993112608 0.70105498021301671 0 0.89171240717367717 1.0000000180025095e-35 0.73525604905317465 105.30000000000001 771.10000000000014 0.65532947738070646 1 1.3486238149086522 -0.82899557272681157
decision_type=8 10 10 10 1 8 2 8 8 8 10 1 10 2
left_child=3 2 5 -1 13 9 12 -8 -6 11 -11 -2 -7 -4
right_child=1 -3 4 -5 8 6 7 -9 -10 10 -12 -13 -14 -15
leaf_value=-0.003297336554637759 0.00033096803574732053 0.010269075495044891 -0.00033298425801900572 -0.00078810800518407174 -0.00052321486938867513 0.00046681906816296474 -0.0022967790339635486 -6.1409933592653239e-05 0.00091356353336503166 -0.0049019270118882069 -0.00086649463195712713 -0.00056616887904657525 0.009373928724746558 0.0013785856954980592
leaf_weight=1245 2170 1057 981 566 4463 4641 1250 19044 2136 494 1957 7361 387 5972
leaf_count=1245 2170 1057 981 566 4463 4641 1250 19044 2136 494 1957 7361 387 5972
internal_value=-0.000201939 0.000258196 -3.99127e-05 -0.0133563 0.00256104 -0.000985017 -2.48746e-05 -0.000896596 -4.76262e-05 -0.00301326 -0.00770969 -0.00180212 0.00349096 0.00502799
internal_weight=53724 51913 50856 1811 13552 37304 25322 20294 6599 11982 2451 9531 5028 6953
internal_count=53724 51913 50856 1811 13552 37304 25322 20294 6599 11982 2451 9531 5028 6953
cat_boundaries=0 1 2
cat_threshold=36084 1412
is_linear=0
shrinkage=0.035


Tree=74
num_leaves=15
num_cat=5
split_feature=23 23 23 22 32 30 24 6 22 32 32 30 32 32
split_gain=254.218 168.502 94.8821 93.6359 67.6074 55.701 55.3181 51.8498 45.4278 45.9839 43.01 35.3947 35.0253 33.2777
threshold=0.46950690079699353 1.9828807267754229 1.1057432993112608 0.70105498021301671 0 -0.99052477729077237 4.5000000000000009 125.25000000000001 1.0120015588464539 1 2 -0.49065906150552346 3 4
decision_type=8 10 10 10 1 2 2 8 8 1 1 2 1 1
left_child=3 2 5 -1 11 -2 8 -6 12 -10 -8 -4 -7 -3
right_child=1 13 4 -5 7 6 10 -9 9 -11 -12 -13 -14 -15
leaf_value=-0.003181929775225439 -0.0011633834698822421 0.012635076789591835 0.00011215470784490091 -0.00076052422500263073 -0.00045835944647953155 8.6153475273950133e-05 -0.0013212694143297833 0.00098058702143119796 0.00099320908558935732 6.6793222125418613e-05 -0.00015470801525014122 0.0014750016023821501 -0.00048553299343331917 0.0075482171107842033
leaf_weight=1245 2009 433 2022 566 4761 9324 3327 1838 3398 5941 4402 4931 8903 624
leaf_count=1245 2009 433 2022 566 4761 9324 3327 1838 3398 5941 4402 4931 8903 624
internal_value=-0.000175883 0.000274375 -1.3763e-05 -0.0130479 0.00249391 -0.000924978 -0.000601841 -4.76262e-05 0.000132023 0.00211633 -0.00321761 0.00489739 -0.000884982 0.0140725
internal_weight=53724 51913 50856 1811 13552 37304 35295 6599 27566 9339 7729 6953 18227 1057
internal_count=53724 51913 50856 1811 13552 37304 35295 6599 27566 9339 7729 6953 18227 1057
cat_boundaries=0 1 2 3 4 5
cat_threshold=36084 7464 38442 30116 51304
is_linear=0
shrinkage=0.035


Tree=75
num_leaves=15
num_cat=3
split_feature=23 23 22 30 24 32 23 32 8 23 32 23 19 22
split_gain=241.932 163.226 90.7314 85.5228 67.8738 74.6374 59.0041 51.3716 53.1195 42.2294 41.2242 35.1297 34.1513 33.1169
threshold=0.46950690079699353 1.6557367885011527 0.70105498021301671 -0.91595872546125101 5.5000000000000009 0 1.1057432993112608 1 243.88608280814142 2.1938679142639539 2 0.3856267347173799 17.512500000000003 1.3274525631923442
decision_type=8 10 10 2 2 1 10 1 2 10 1 10 10 10
left_child=2 3 11 -2 6 -6 7 8 -5 12 -8 -1 -3 -9
right_child=1 9 -4 4 5 -7 10 13 -10 -11 -12 -13 -14 -15
leaf_value=-0.0046170597025863968 -0.00065941276266004998 -0.0016505365546883768 -0.0007339058771275393 0.00039634093930540854 -0.0031638950660828925 -0.00042009677310482225 3.3531704604463088e-05 -0.0003003011095334679 -0.0014445103704330377 0.015401361571846421 0.0010377317839867374 -0.0012886905719519887 0.0035309897636914569 0.0033262666067345797
leaf_weight=726 7376 373 566 12031 405 3077 3566 15576 535 704 6493 519 1219 558
leaf_count=726 7376 373 566 12031 405 3077 3566 15576 535 704 6493 519 1219 558
internal_value=-0.000182397 0.000256847 -0.0127395 -0.000165753 0.00044158 -0.00423573 0.000862269 5.36492e-05 0.00173039 0.00936984 0.00316822 -0.018004 0.00618034 -0.00125271
internal_weight=53724 51913 1811 49617 42241 3482 38759 28700 12566 2296 10059 1245 1592 16134
internal_count=53724 51913 1811 49617 42241 3482 38759 28700 12566 2296 10059 1245 1592 16134
cat_boundaries=0 1 2 3
cat_threshold=1056 11688 25347
is_linear=0
shrinkage=0.035


Tree=76
num_leaves=15
num_cat=4
split_feature=23 23 22 30 23 32 6 24 3 32 32 32 5 23
split_gain=231.696 157.201 88.4656 80.3325 75.1374 54.7795 53.1153 50.0484 47.4596 41.9674 38.5594 35.6889 32.0044 31.7978
threshold=0.46950690079699353 1.7549510370570294 0.70105498021301671 -0.6523320455745395 1.0823866948970515 0 113.10000000000001 4.5000000000000009 280.75000000000006 1 2 3 6.5500000000000007 0.3856267347173799
decision_type=8 10 10 2 10 1 8 2 8 1 1 1 10 10
left_child=2 3 13 8 7 12 -7 9 -2 -5 -9 -3 -6 -1
right_child=1 11 -4 4 5 6 -8 10 -10 -11 -12 -13 -14 -15
leaf_value=-0.0044554626129958723 -0.00025486356221498033 0.0070090793836106047 -0.00070821917142807622 -0.00027492731567635491 -0.00044682642553866842 -3.5372646243351793e-05 0.0010390146143514673 8.5515886491403529e-05 -0.0010263958817986021 0.00032357904763154866 -0.00092624515816947754 0.0037164424216179896 0.0021482715652889469 -0.00124358640193367
leaf_weight=726 12751 876 566 8221 344 5152 3404 1933 2763 10591 3321 889 1668 519
leaf_count=726 12751 876 566 8221 344 5152 3404 1933 2763 10591 3321 889 1668 519
internal_value=-0.000181094 0.000248758 -0.0124697 -0.000113054 0.000824504 0.00328384 0.00204994 -0.00025591 -0.00220568 0.000587766 -0.00327439 0.0105 0.00846078 -0.017668
internal_weight=53724 51913 1811 50148 34634 10568 8556 24066 15514 18812 5254 1765 2012 1245
internal_count=53724 51913 1811 50148 34634 10568 8556 24066 15514 18812 5254 1765 2012 1245
cat_boundaries=0 1 2 3 4
cat_threshold=32960 33367 10644 60520
is_linear=0
shrinkage=0.035


Tree=77
num_leaves=15
num_cat=3
split_feature=23 23 22 30 23 32 6 24 3 32 32 24 22 5
split_gain=226.112 147.302 87.9969 80.2924 79.3076 59.4103 51.1056 46.7513 45.7512 39.5066 36.0793 35.1677 32.0258 31.2764
threshold=0.46950690079699353 1.9828807267754229 0.70105498021301671 -0.6523320455745395 1.0823866948970515 0 113.10000000000001 4.5000000000000009 288.35000000000008 1 2 5.5000000000000009 1.7418380688845632 6.5500000000000007
decision_type=8 10 10 2 10 1 8 2 8 1 1 2 10 10
left_child=2 3 -1 8 7 13 11 9 -2 -5 -9 -7 -3 -6
right_child=1 12 -4 4 5 6 -8 10 -10 -11 -12 -13 -14 -15
leaf_value=-0.0028177510813549027 -0.00024485088948651067 0.0050866126656010429 -0.00068343150042809444 -0.00026530485962768247 -0.000150115377300466 0.0001594798259315522 0.0010344829550115986 0.0002039919086604253 -0.00099327251230186988 0.00031225378096444325 -0.00087145953808793488 -0.0021786521566471914 0.013381784724924664 0.0022012859386978736
leaf_weight=1245 12880 531 566 8221 362 5087 3537 1571 2768 10591 3683 376 526 1780
leaf_count=1245 12880 531 566 8221 362 5087 3537 1571 2768 10591 3683 376 526 1780
internal_value=-0.000175883 0.000248758 -0.0123155 -2.06445e-05 0.000906483 0.00334709 0.00208874 -0.000223921 -0.00210631 0.000591486 -0.00314128 -3.20044e-05 0.0131497 0.00856745
internal_weight=53724 51913 1811 50856 35208 11142 9000 24066 15648 18812 5254 5463 1057 2142
internal_count=53724 51913 1811 50856 35208 11142 9000 24066 15648 18812 5254 5463 1057 2142
cat_boundaries=0 1 2 3
cat_threshold=32960 33367 10628
is_linear=0
shrinkage=0.035


Tree=78
num_leaves=15
num_cat=4
split_feature=23 23 22 23 22 0 22 23 33 32 26 16 32 32
split_gain=213.827 139.633 85.0576 68.4298 59.8966 57.5629 77.5772 53.7897 48.2299 43.8837 40.8625 40.0526 38.1639 32.3885
threshold=0.45127034967168128 1.2943771584221027 0.70105498021301671 2.1938679142639539 0.89171240717367717 991.00000000000011 0.65532947738070646 0.77106788556136252 0 1 210.50000000000003 167.67230842796855 2 3
decision_type=8 10 10 10 8 8 10 8 1 1 2 10 1 1
left_child=2 4 -1 8 5 12 -7 9 13 -6 -9 -11 -2 -3
right_child=1 3 -4 -5 7 6 -8 10 -10 11 -12 -13 -14 -15
leaf_value=-0.0030538034518244332 0.00017104647406511743 0.0025566809244308465 -0.00058933063734991752 0.014271746041984156 -0.0033432544651065613 -0.0047479464115911469 -0.00085594414265560649 -6.863804347983894e-05 0.00014536848195104203 -0.00035805055902019103 0.00041559139119751122 -0.0054838836958412754 -0.00058535387684501439 0.00086294037572908335
leaf_weight=1121 3955 1623 509 704 304 487 1867 18204 3124 1663 12200 109 6208 1646
leaf_count=1121 3955 1623 509 704 304 487 1867 18204 3124 1663 12200 109 6208 1646
internal_value=-0.000166763 0.000224381 -0.01263 0.00478527 -0.000495422 -0.00255191 -0.00747774 0.000297368 0.00363786 -0.00514656 0.000669867 -0.00293788 -0.00140785 0.00659714
internal_weight=53724 52094 1630 7097 44997 12517 2354 32480 6393 2076 30404 1772 10163 3269
internal_count=53724 52094 1630 7097 44997 12517 2354 32480 6393 2076 30404 1772 10163 3269
cat_boundaries=0 1 2 3 4
cat_threshold=10 16516 15748 34037
is_linear=0
shrinkage=0.035


Tree=79
num_leaves=15
num_cat=4
split_feature=23 23 22 33 30 24 32 30 32 32 24 23 7 5
split_gain=203.449 133.142 80.8179 66.101 60.8653 61.747 52.4343 47.7417 42.0527 37.3279 36.8482 34.7829 29.5232 28.3145
threshold=0.45127034967168128 1.3782986629240372 0.70105498021301671 0 -0.99465740988130902 4.5000000000000009 1 -0.22700609751797865 2 3 5.5000000000000009 0.82707893497603779 792.06521739130449 150.50000000000003
decision_type=8 10 10 1 2 2 1 2 1 1 2 10 2 10
left_child=2 4 13 9 -2 8 10 -5 11 -3 -7 -6 -10 -1
right_child=1 3 -4 7 5 6 -8 -9 12 -11 -12 -13 -14 -15
leaf_value=-0.0019413031536795705 -0.0011843618519346661 0.0009568359696326673 -0.00056870406504267118 -0.0014563877191592657 -3.47746749487321e-05 -0.00080415156146955609 -0.00016916793335187253 0.0019405275206353103 -6.3765522676714203e-05 0.0033002710972119742 -0.0025404249783687761 0.00056542191701448754 -0.0018872268069735196 -0.0036087127274475844
leaf_weight=598 1759 978 509 892 5749 1720 7703 1559 19179 1884 833 9459 379 523
leaf_count=598 1759 978 509 892 5749 1720 7703 1559 19179 1884 833 9459 379 523
internal_value=-0.000173277 0.000208257 -0.0123303 0.005456 -0.000388257 -0.000138361 -0.00252412 0.00120641 0.000565701 0.00905109 -0.00685553 0.00194508 -0.000507842 -0.0175622
internal_weight=53724 52094 1630 5313 46781 45022 10256 2451 34766 2862 2553 15208 19558 1121
internal_count=53724 52094 1630 5313 46781 45022 10256 2451 34766 2862 2553 15208 19558 1121
cat_boundaries=0 1 2 3 4
cat_threshold=10 1066 13736 4874
is_linear=0
shrinkage=0.035


Tree=80
num_leaves=15
num_cat=4
split_feature=23 22 23 22 22 19 24 32 26 32 32 3 32 30
split_gain=190.015 131.285 107.603 92.8719 82.727 63.888 58.461 88.0573 47.9366 44.5627 43.3589 39.1967 37.234 36.7858
threshold=0.73525604905317465 1.4052072675436353 2.1938679142639539 0.55273152394362557 0.30778394688095173 333.81250000000006 5.5000000000000009 0 232.50000000000003 1 2 15.950000000000001 3 -0.99864786094873803
decision_type=8 10 8 8 8 10 2 1 2 1 1 8 1 2
left_child=4 3 10 -2 -1 9 8 -8 13 11 -3 -6 -10 -5
right_child=1 2 -4 6 5 -7 7 -9 12 -11 -12 -13 -14 -15
leaf_value=-0.0064449609850928463 -0.0057233046116082721 0.0019515312748700222 0.012539436278160352 -0.0014027268083056559 0.00055072214938991257 -0.0015971840670373776 -0.0031154448744173534 -0.00033583241398216614 0.00090357575901014965 -0.00034361288044694352 -0.00075239094081630715 -0.0015552388273167273 0.0002361777713477348 5.2117449207253481e-06
leaf_weight=181 256 991 1149 582 211 1217 456 3030 4028 4633 1100 1187 8479 26224
leaf_count=181 256 991 1149 582 211 1217 456 3030 4028 4633 1100 1187 8479 26224
internal_value=-0.000158946 0.000675054 0.00746379 0.000163377 -0.00535311 -0.00475803 0.000290277 -0.00405042 0.000675645 -0.00327618 0.00272185 -0.00871904 0.00246443 -0.000159263
internal_weight=53724 46295 3240 43055 7429 7248 42799 3486 39313 6031 2091 1398 12507 26806
internal_count=53724 46295 3240 43055 7429 7248 42799 3486 39313 6031 2091 1398 12507 26806
cat_boundaries=0 1 2 3 4
cat_threshold=1056 4288 36065 3240
is_linear=0
shrinkage=0.035


Tree=81
num_leaves=15
num_cat=3
split_feature=23 23 30 5 24 32 32 23 23 24 22 19 6 33
split_gain=187.367 122.001 64.3467 63.3441 55.038 44.3089 41.5315 42.3906 35.8382 35.5146 34.1547 31.2618 30.1213 28.0352
threshold=0.54484478475140519 1.6557367885011527 -0.91595872546125101 160.50000000000003 4.5000000000000009 0 1 0.89376619170984462 2.369857963854511 5.5000000000000009 1.4557202798100788 885.12500000000011 11.550000000000002 2
decision_type=8 10 2 10 2 1 1 10 10 2 8 8 8 1
left_child=3 2 13 -1 6 9 7 10 12 -6 -4 -8 -3 -2
right_child=1 8 4 -5 5 -7 11 -9 -10 -11 -12 -13 -14 -15
leaf_value=-0.0012038019084461861 -0.0013040836930002613 -0.0020092979061979046 -3.7368902180020542e-05 -0.0026494902368734913 -0.00053457263061559683 -3.4344407112640867e-06 0.00010280220844824746 0.00099981383610202703 0.016560787186901398 -0.002051139936138389 0.015866016976697442 -0.0015376542465754253 0.003044299818328561 -0.00036071941148443839
leaf_weight=1777 1528 341 3313 940 2380 5933 23586 4659 528 1139 122 371 1427 5680
leaf_count=1777 1528 341 3313 940 2380 5933 23586 4659 528 1139 122 371 1427 5680
internal_value=-0.000169368 0.000308065 -6.3942e-05 -0.00911646 0.000466296 -0.00188009 0.00115844 0.00332347 0.0081834 -0.00498161 0.000376453 0.000424871 0.00576424 -0.00311521
internal_weight=53724 51007 48711 2717 41503 9452 32051 8094 2296 3519 3435 23957 1768 7208
internal_count=53724 51007 48711 2717 41503 9452 32051 8094 2296 3519 3435 23957 1768 7208
cat_boundaries=0 1 2 3
cat_threshold=5163 1192 8
is_linear=0
shrinkage=0.035


Tree=82
num_leaves=15
num_cat=4
split_feature=23 23 22 23 8 30 24 32 33 32 23 32 23 22
split_gain=181.985 115.684 72.0977 61.6628 51.419 51.3523 49.3106 42.4527 41.5292 41.0364 33.2089 28.9527 27.7959 25.9199
threshold=0.45127034967168128 1.2943771584221027 0.70105498021301671 2.1938679142639539 243.88608280814142 -0.99465740988130902 4.5000000000000009 0 1 2 0.3856267347173799 3 0.20512848593319441 1.3486238149086522
decision_type=8 10 10 10 2 2 2 1 1 1 10 1 10 10
left_child=2 4 10 8 5 -2 7 -7 11 -8 -1 -3 -4 -9
right_child=1 3 12 -5 -6 6 9 13 -10 -11 -12 -13 -14 -15
leaf_value=-0.0038899701021836135 -0.0010834347164641546 0.0022718863453975681 0.0073194446462592358 0.01287088040752951 -0.0014043065453250426 0.00031362605794920816 -0.0010475006324893101 -0.00018480489387798923 8.7414858783300143e-05 -3.8334358989251529e-05 -0.00094266313029873995 0.00074956192230828838 -0.0029475260486480897 0.003233446779968029
leaf_weight=726 1687 1623 154 704 1189 16184 3803 15822 3124 5791 395 1646 355 521
leaf_count=726 1687 1623 154 704 1189 16184 3803 15822 3124 5791 395 1646 355 521
internal_value=-0.000190214 0.000170637 -0.0116881 0.00432202 -0.000484534 -0.000289184 -4.90196e-05 0.000601408 0.00323304 -0.00225336 -0.0166297 0.00597899 -0.000749027 -0.000656865
internal_weight=53724 52094 1630 7097 44997 43808 42121 32527 6393 9594 1121 3269 509 16343
internal_count=53724 52094 1630 7097 44997 43808 42121 32527 6393 9594 1121 3269 509 16343
cat_boundaries=0 1 2 3 4
cat_threshold=15784 10 37930 34037
is_linear=0
shrinkage=0.035


Tree=83
num_leaves=15
num_cat=5
split_feature=23 23 30 22 24 32 22 23 32 16 32 33 22 33
split_gain=171.427 105.795 56.7933 56.5179 47.571 64.1183 40.2741 39.7192 39.5821 37.7991 33.8435 33.8218 31.5518 31.0433
threshold=0.51811528013180297 1.5389900385948792 -0.91595872546125101 0.30778394688095173 5.5000000000000009 0 0.82941136961873985 2.6436217829168225 1 24.22120283278041 2 3 1.0631084673557678 4
decision_type=8 10 2 8 2 1 8 10 1 10 1 1 10 1
left_child=3 2 11 -1 8 -6 9 13 -4 -5 -8 -2 -10 -3
right_child=1 7 4 6 5 -7 10 -9 12 -11 -12 -13 -14 -15
leaf_value=-0.0060006796712765709 -0.0012813152678966407 0.0031369935989591026 0.00032511851826682708 -0.0009372241929388607 -0.002666704044169849 -0.00031233781435446867 0.0059824775586843496 0.026594044611072749 -0.00026790625794154366 -0.002630092795461792 -0.0027847444366506523 -0.00032125313501675084 0.0004144237379230287 0.00050072079722984222
leaf_weight=180 1539 1544 19493 1080 397 2983 113 352 12474 615 367 5672 5629 1286
leaf_count=180 1539 1544 19493 1080 397 2983 113 352 12474 615 367 5672 5629 1286
internal_value=-0.000164157 0.000259567 -0.000148884 -0.00938771 0.000355287 -0.00361891 -0.0077867 0.00643552 0.000713013 -0.0103147 0.00115464 -0.00301206 -0.000465559 0.00503704
internal_weight=53724 51369 48187 2355 40976 3380 2175 3182 37596 1695 480 7211 18103 2830
internal_count=53724 51369 48187 2355 40976 3380 2175 3182 37596 1695 480 7211 18103 2830
cat_boundaries=0 1 2 3 4 5
cat_threshold=1056 11692 33856 8 10
is_linear=0
shrinkage=0.035


Tree=84
num_leaves=15
num_cat=3
split_feature=22 23 22 23 16 32 22 9 26 23 24 32 32 16
split_gain=167.624 116.085 97.2703 86.4848 59.3079 58.3869 55.1368 64.0025 46.5768 41.3741 39.2476 75.4852 39.1293 32.2705
threshold=0.39254815439153184 0.73525604905317465 1.4052072675436353 2.1938679142639539 35.919828561416132 0 0.692451919922213 667.50000000000011 289.50000000000006 0.3856267347173799 5.5000000000000009 1 2 3.3911649915625537
decision_type=8 8 10 8 10 1 8 10 2 10 2 1 1 8
left_child=9 4 6 12 5 -2 7 -3 10 -1 -8 -12 -4 -7
right_child=1 2 3 -5 -6 13 8 -9 -10 -11 11 -13 -14 -15
leaf_value=-0.0051952558282391615 0.001922324126701722 -0.0035489255209191699 0.0018651321012450896 0.011245242107371977 -0.0018338678673478904 0.00011993852550816781 2.9686062719101461e-05 0.00063830158239426126 0.00053225756745650232 0.00092316907798626181 -0.0029768941478139754 -0.00031802872553833632 -0.00074783886213662394 -0.00097019464357830443
leaf_weight=367 460 554 885 1149 1565 1636 32641 416 6469 59 391 2519 1206 3407
leaf_count=367 460 554 885 1149 1565 1636 32641 416 6469 59 391 2519 1206 3407
internal_value=-0.000186305 -1.0506e-05 0.000628312 0.00647149 -0.00418634 -0.00247186 0.000187231 -0.00804103 0.000378108 -0.0219258 -0.000119108 -0.00401029 0.0022209 -0.00356366
internal_weight=53724 53298 46230 3240 7068 5503 42990 970 42020 426 35551 2910 2091 5043
internal_count=53724 53298 46230 3240 7068 5503 42990 970 42020 426 35551 2910 2091 5043
cat_boundaries=0 1 2 3
cat_threshold=1280 1056 36033
is_linear=0
shrinkage=0.035


Tree=85
num_leaves=15
num_cat=3
split_feature=22 23 22 22 23 16 32 26 9 16 32 23 24 32
split_gain=162.83 108.294 100.25 71.1616 67.3386 61.4267 60.6508 50.5186 48.3653 43.792 43.6354 40.3916 34.0688 69.3726
threshold=0.39254815439153184 0.81742322495160091 1.5512541582449924 0.72275681343581921 2.1938679142639539 35.919828561416132 0 289.50000000000006 677.50000000000011 1.6603713526007389 1 0.3856267347173799 5.5000000000000009 2
decision_type=8 8 10 8 8 10 1 2 10 8 1 10 2 1
left_child=11 5 3 8 -4 6 -2 12 -3 -8 -11 -1 -5 -14
right_child=1 2 4 7 -6 -7 9 -9 -10 10 -12 -13 13 -15
leaf_value=-0.0050134218742507912 0.0014968952148478988 -0.0030667294013216701 0.0012349439786478857 8.1238939926821525e-05 0.014828351093157019 -0.0016344625595071385 0.00034807852840609696 0.00061784805195115036 0.00045035993419531464 -0.0010572514609952495 -0.0004768192391506657 0.00089085816025674181 -0.0030327886878650564 -0.00025330792044893081
leaf_weight=367 773 676 935 30655 843 2067 1523 6410 353 1409 4900 59 369 2385
leaf_count=367 773 676 935 30655 843 2067 1523 6410 353 1409 4900 59 369 2385
internal_value=-0.00017458 -1.31325e-06 0.000788159 0.000433505 0.00891195 -0.00315351 -0.00184959 0.000668818 -0.00863153 -0.00277431 -0.00406319 -0.0216009 0.000122553 -0.00360275
internal_weight=53724 53298 42626 40848 1778 10672 8605 39819 1029 7832 6309 426 33409 2754
internal_count=53724 53298 42626 40848 1778 10672 8605 39819 1029 7832 6309 426 33409 2754
cat_boundaries=0 1 2 3
cat_threshold=1280 16576 1056
is_linear=0
shrinkage=0.035


Tree=86
num_leaves=15
num_cat=3
split_feature=22 23 22 23 16 22 24 32 30 23 32 23 32 16
split_gain=158.009 99.2436 82.5392 79.5928 52.1856 50.9036 42.1431 73.6045 41.3167 41.1118 40.8751 38.3296 55.8447 38.7132
threshold=0.39254815439153184 0.73525604905317465 1.3753667089967767 2.1938679142639539 28.708303096241398 0.571989853071181 5.5000000000000009 0 -0.6523320455745395 0.31404353297100485 1 1.0823866948970515 2 21.297216451246104
decision_type=8 8 10 8 10 8 2 1 2 10 1 10 1 10
left_child=9 4 5 -4 10 -3 8 -8 -7 -1 -2 -10 13 -13
right_child=1 2 3 -5 -6 6 7 -9 11 -11 -12 12 -14 -15
leaf_value=-0.0055086950972384387 0.0017243413929360009 -0.0038789889595937598 0.00071040210175208349 0.010127635260021714 -0.001674072983869374 -0.000219614893092569 -0.0026074806756994562 -0.00027556711755509223 6.3660333069744403e-05 -0.00029054959983667699 -0.00045047992706169666 -0.00046271892591792543 0.0012875311646683226 0.0012233063962892765
leaf_weight=311 388 248 2431 1220 1883 12042 450 3005 17953 115 4797 2774 5006 1101
leaf_count=311 388 248 2431 1220 1883 12042 450 3005 17953 115 4797 2774 5006 1101
internal_value=-0.000169368 1.31325e-06 0.000591976 0.00563868 -0.00385975 0.000158628 0.000252149 -0.00344942 0.000581518 -0.0212761 -0.00204335 0.0013458 0.00322586 6.2982e-05
internal_weight=53724 53298 46230 3651 7068 42579 42331 3455 38876 426 5185 26834 8881 3875
internal_count=53724 53298 46230 3651 7068 42579 42331 3455 38876 426 5185 26834 8881 3875
cat_boundaries=0 1 2 3
cat_threshold=1056 1280 27395
is_linear=0
shrinkage=0.035


Tree=87
num_leaves=15
num_cat=2
split_feature=22 23 22 23 16 22 26 23 23 30 24 32 32 17
split_gain=153.125 95.383 77.0179 76.5301 49.0775 48.1532 42.6902 39.634 38.5937 34.6987 33.8376 56.43 32.5367 32.0412
threshold=0.39254815439153184 0.73525604905317465 1.5512541582449924 1.9828807267754229 25.771431211077637 0.571989853071181 289.50000000000006 0.31404353297100485 0.97565345693070116 -0.99465740988130902 4.5000000000000009 0 1 77.53865421287837
decision_type=8 8 10 8 10 8 2 10 10 2 2 1 1 8
left_child=7 4 5 13 -2 -3 9 -1 -8 -7 -11 -12 -10 -4
right_child=1 2 3 -5 -6 6 8 -9 12 10 11 -13 -14 -15
leaf_value=-0.005315890768835093 -0.00033580993698154792 -0.0037432243460079799 0.0021468288381479446 0.010874212777017694 -0.0015568720482902582 -0.0010365801779178591 -5.6694577160364141e-05 -0.00028038036384239409 0.00018547374863186835 0.00011896243325968893 -0.0013361639314862018 -3.0873065127295376e-05 0.0011743900491141559 -0.0024803426786509366
leaf_weight=311 5039 248 504 1033 2029 1459 2812 115 1428 27558 2073 6138 2706 271
leaf_count=311 5039 248 504 1033 2029 1459 2812 115 1428 27558 2073 6138 2706 271
internal_value=-0.000173277 -5.25299e-06 0.000573808 0.00764479 -0.00379047 0.000285187 0.000372349 -0.0209513 0.00289023 -9.77627e-05 0.000118382 -0.00185309 0.00503986 -0.000673077
internal_weight=53724 53298 46230 1808 7068 44422 44174 426 6946 37228 35769 8211 4134 775
internal_count=53724 53298 46230 1808 7068 44422 44174 426 6946 37228 35769 8211 4134 775
cat_boundaries=0 1 2
cat_threshold=1066 28945
is_linear=0
shrinkage=0.035


Tree=88
num_leaves=15
num_cat=4
split_feature=22 23 22 23 16 22 30 23 33 23 32 32 32 15
split_gain=150.741 92.3487 73.9163 70.4921 49.5016 48.1234 41.6603 39.8163 44.1838 38.9052 34.9677 31.9392 29.8107 29.2324
threshold=0.39254815439153184 0.73525604905317465 1.5512541582449924 1.9828807267754229 26.832815729997368 0.571989853071181 -0.6523320455745395 1.0823866948970515 0 0.31404353297100485 1 2 3 1294.3750000000002
decision_type=8 8 10 8 10 8 2 10 1 10 1 1 1 2
left_child=9 4 5 -4 11 -3 -7 -8 -9 -1 -10 -2 -6 -14
right_child=1 2 3 -5 12 6 7 8 10 -11 -12 -13 13 -15
leaf_value=-0.0051298345919258649 0.0010263621828423364 -0.0036122114938977024 -0.00010739003738702735 0.010493615329822077 -0.0037685782048170629 -0.00023957478835478943 1.7353450126776918e-05 0.0010013421129562274 0.00080538096041224091 -0.00027056705110791113 -0.0003964848281047373 -0.00042516874276609084 -0.001066410609617588 -0.0021259137079488511
leaf_weight=311 546 248 775 1033 237 13419 19906 5440 2557 115 2852 4559 1535 191
leaf_count=311 546 248 775 1033 237 13419 19906 5440 2557 115 2852 4559 1535 191
internal_value=-0.000173277 -6.56623e-06 0.00056321 0.00749035 -0.00373109 0.00028046 0.000367595 0.00107754 0.00278285 -0.0207889 0.000535583 -0.00191096 -0.00844766 -0.00667433
internal_weight=53724 53298 46230 1808 7068 44422 44174 30755 10849 426 5409 5105 1963 1726
internal_count=53724 53298 46230 1808 7068 44422 44174 30755 10849 426 5409 5105 1963 1726
cat_boundaries=0 1 2 3 4
cat_threshold=10 36052 9472 20705
is_linear=0
shrinkage=0.035


Tree=89
num_leaves=15
num_cat=4
split_feature=23 23 22 16 32 8 22 32 5 24 32 17 30 32
split_gain=144.111 79.2088 61.5397 51.0334 80.9519 41.7462 39.944 41.3938 37.2966 35.1459 45.4011 34.2793 42.4764 32.7537
threshold=0.45127034967168128 1.1677313805959531 0.77527575969891271 42.505479257369139 0 221.75751451928394 1.1411242957004626 1 150.50000000000003 1.5000000000000002 2 14.013318336332876 -0.59177783207548873 3
decision_type=8 10 10 10 1 2 10 1 10 2 1 10 2 1
left_child=2 5 8 4 -3 6 7 11 -1 -8 -11 -2 -13 -4
right_child=1 3 13 -5 -6 -7 9 -9 -10 10 -12 12 -14 -15
leaf_value=-0.0014700440661236031 -0.00019660988220182642 0.0011516911902879131 -0.0052488907040390267 0.0019957464101885958 -0.00044066831505096277 -0.0012178879774642783 0.0020968145737783757 2.3328333964531825e-05 -0.0027618873524997822 0.0016873805627836515 -0.0010467109431810818 -0.0015689607853718855 -0.00046249831845523483 0.0054587831585591997
leaf_weight=679 9684 4586 223 2307 4487 1232 1572 22381 543 1059 1326 1184 2276 185
leaf_count=679 9684 4586 223 2307 4487 1232 1572 22381 543 1059 1326 1184 2276 185
internal_value=-0.000171974 0.000149139 -0.0104037 0.00272991 0.00154605 -0.00057246 -0.000374047 -0.000745708 -0.0143195 0.00295936 0.000278243 -0.00230337 -0.00529293 0.00135593
internal_weight=53724 52094 1630 11380 9073 40714 39482 35525 1222 3957 2385 13144 3460 408
internal_count=53724 52094 1630 11380 9073 40714 39482 35525 1222 3957 2385 13144 3460 408
cat_boundaries=0 1 2 3 4
cat_threshold=53492 49738 2904 6175
is_linear=0
shrinkage=0.035


Tree=90
num_leaves=15
num_cat=5
split_feature=22 23 23 16 33 22 0 23 32 26 32 24 32 32
split_gain=141.353 83.7295 60.7366 48.0353 45.4517 42.574 55.0371 38.737 37.7814 37.1351 31.8418 30.2966 32.4784 29.3045
threshold=0.39254815439153184 1.2943771584221027 0.73525604905317465 28.708303096241398 0 0.692451919922213 13.050000000000002 0.31404353297100485 1 210.50000000000003 2 5.5000000000000009 3 4
decision_type=8 10 8 10 1 8 10 10 1 2 1 2 1 1
left_child=7 2 3 8 13 6 -4 -1 -2 10 -7 -12 -13 -3
right_child=1 4 5 -5 -6 9 -8 -9 -10 -11 11 12 -14 -15
leaf_value=-0.0048988388388941338 0.0016877448984024802 0.00070627493216826826 -0.0029757356123072468 -0.0014567071831536062 0.00016152359206093259 0.00024715346506308804 0.00095434220312261048 -0.00020964566200480845 -0.00038825320453846128 0.00027862924166326076 -0.00017543405561245342 -0.0025713709256428765 -0.00062298251386742507 0.0024172081794899816
leaf_weight=311 388 1534 611 1883 3395 5875 352 115 4797 14555 16493 269 978 2168
leaf_count=311 388 1534 611 1883 3395 5875 352 115 4797 14555 16493 269 978 2168
internal_value=-0.000175883 -1.44457e-05 -0.000558261 -0.00354305 0.00352366 -1.87797e-05 -0.00726756 -0.0201392 -0.00180058 0.000165029 -0.000691998 -0.00143115 -0.00668131 0.00619586
internal_weight=53724 53298 46201 7068 7097 39133 963 426 5185 38170 23615 17740 1247 3702
internal_count=53724 53298 46201 7068 7097 39133 963 426 5185 38170 23615 17740 1247 3702
cat_boundaries=0 1 2 3 4 5
cat_threshold=10 1280 4496 1056 6922
is_linear=0
shrinkage=0.035


Tree=91
num_leaves=15
num_cat=4
split_feature=22 23 23 23 32 23 24 30 32 30 32 16 3 32
split_gain=134.879 77.6601 53.0071 51.7403 47.3238 37.7269 35.5534 37.9109 37.1247 29.9777 29.3237 30.536 27.9597 26.5425
threshold=0.39254815439153184 1.1677313805959531 0.51811528013180297 2.6436217829168225 0 0.27476363203900822 4.5000000000000009 -0.99864786094873803 1 -0.28519997588938989 2 560.35846336601708 220.30000000000004 3
decision_type=8 10 8 10 1 10 2 2 1 2 1 10 8 1
left_child=5 2 12 4 9 -1 7 -4 -8 -3 11 -9 13 -2
right_child=1 3 6 -5 -6 -7 8 10 -10 -11 -12 -13 -14 -15
leaf_value=-0.0056888156989435383 0.00048833257469627956 -0.0012158728074130032 -0.001327728619123267 0.023981199530224331 0.00084933651370289252 -0.00087929516239760306 -0.00097160606780651872 0.00025758177654209739 -6.8509812380531678e-05 0.00058408653628425511 -0.00012423691086190015 -0.0056268250185047041 -0.0019313929114839253 -0.0013275041545694718
leaf_weight=246 448 1561 563 352 7464 180 3854 13104 5003 2003 17325 65 525 1031
leaf_count=246 448 1561 563 352 7464 180 3854 13104 5003 2003 17325 65 525 1031
internal_value=-0.000151129 6.56623e-06 -0.000689598 0.00257005 0.00214448 -0.019652 -0.000410331 0.000147608 -0.00236572 -0.00117351 0.000314437 0.00155833 -0.00623693 -0.00375
internal_weight=53724 53298 41918 11380 11028 426 39914 31057 8857 3564 30494 13169 2004 1479
internal_count=53724 53298 41918 11380 11028 426 39914 31057 8857 3564 30494 13169 2004 1479
cat_boundaries=0 1 2 3 4
cat_threshold=779 37934 7592 25861
is_linear=0
shrinkage=0.035


Tree=92
num_leaves=15
num_cat=4
split_feature=22 23 23 33 16 32 30 22 0 23 24 16 32 32
split_gain=130.317 76.1009 56.2149 47.2425 42.2475 42.1213 40.4441 38.8303 58.7518 38.1465 34.0542 33.8206 46.7175 32.4909
threshold=0.39254815439153184 1.3782986629240372 0.73525604905317465 0 122.58670358577564 1 -0.22700609751797865 0.68363360969387765 13.050000000000002 0.27476363203900822 1.0000000180025095e-35 3.3911649915625537 2 3
decision_type=8 10 8 1 10 1 2 8 10 10 2 8 1 1
left_child=9 2 4 13 5 10 -5 8 -4 -1 -2 -7 -13 -3
right_child=1 3 7 6 -6 11 -8 -9 -10 -11 -12 12 -14 -15
leaf_value=-0.0054897071494805156 0.0035162746492030028 0.00043828154586745389 -0.0030826053687214435 -0.0016166808134515328 -0.0024063635554091192 0.00017385521171458363 0.0015675140904159181 2.8821559947526112e-05 0.0011129550726546296 -0.00084851983171368712 0.0001506766143127747 -0.001376021725181585 -0.00055165240514330814 0.0026657783702467761
leaf_weight=246 152 978 569 892 519 1636 1559 40037 311 180 513 1457 2791 1884
leaf_count=246 152 978 569 892 519 1636 1559 40037 311 180 513 1457 2791 1884
internal_value=-0.000158946 -3.93974e-06 -0.000444155 0.0039686 -0.00332532 -0.00255798 0.000383212 5.3883e-05 -0.00719774 -0.0193271 0.00571324 -0.00350059 -0.00515166 0.0070073
internal_weight=53724 53298 47985 5313 7068 6549 2451 40917 880 426 665 5884 4248 2862
internal_count=53724 53298 47985 5313 7068 6549 2451 40917 880 426 665 5884 4248 2862
cat_boundaries=0 1 2 3 4
cat_threshold=10 1280 20705 4874
is_linear=0
shrinkage=0.035


Tree=93
num_leaves=15
num_cat=5
split_feature=22 23 23 16 30 23 24 32 32 1 23 32 32 32
split_gain=128.241 73.5632 57.84 40.1355 39.566 37.1429 35.6524 41.0514 36.2557 30.43 30.366 30.2297 28.9208 27.2103
threshold=0.39254815439153184 1.7549510370570294 0.73525604905317465 28.708303096241398 -0.6523320455745395 0.27476363203900822 5.5000000000000009 0 1 99.750000000000014 0.92755412417248173 2 3 4
decision_type=8 10 8 8 2 10 2 1 1 8 10 1 1 1
left_child=5 2 3 11 12 -1 8 -8 10 -5 -6 -2 -4 -3
right_child=1 13 4 9 6 -7 7 -9 -10 -11 -12 -13 -14 -15
leaf_value=-0.0052975673992486979 0.001547526221303576 0.0054008569488708282 3.1722425171682446e-05 -0.005444417382018207 6.0202137619565785e-05 -0.00081882163760370796 -0.002550707444909284 -0.0002490972589717955 0.00011114170618905406 -0.00097698802121670876 0.0010413288284093726 -0.00034982539052794251 -0.00050691202274105208 0.0022787868687912738
leaf_weight=246 388 720 6837 273 2150 180 310 2281 22592 1617 3635 4790 6660 1045
leaf_count=246 388 720 6837 273 2150 180 310 2281 22592 1617 3635 4790 6660 1045
internal_value=-0.000149826 3.93974e-06 -0.00023701 -0.00317687 0.000230605 -0.0191647 0.000919833 -0.00300655 0.0012788 -0.00753562 0.00374741 -0.00158017 -0.00135054 0.00701977
internal_weight=53724 53298 51533 7068 44465 426 30968 2591 28377 1890 5785 5178 13497 1765
internal_count=53724 53298 51533 7068 44465 426 30968 2591 28377 1890 5785 5178 13497 1765
cat_boundaries=0 1 2 3 4 5
cat_threshold=1056 1184 1280 14741 50280
is_linear=0
shrinkage=0.035


Tree=94
num_leaves=15
num_cat=4
split_feature=22 23 23 16 30 23 32 24 32 22 16 32 9 32
split_gain=128.452 70.7717 54.4104 38.7006 38.3305 37.1429 36.8744 33.4268 39.1305 32.6878 30.9301 43.015 30.8682 28.1145
threshold=0.39254815439153184 1.7549510370570294 0.73525604905317465 122.58670358577564 -0.99465740988130902 0.27476363203900822 0 4.5000000000000009 1 0.82218202008240315 18.165902124584999 2 3367.5000000000005 3
decision_type=8 10 8 10 2 10 1 2 1 8 8 1 8 1
left_child=5 2 3 6 -4 -1 -2 9 -9 12 -8 -12 -6 -3
right_child=1 13 4 -5 7 -7 10 8 -10 -11 11 -13 -14 -15
leaf_value=-0.005112152540274994 0.0010514739507634513 0.0052118269556603487 -0.00099835881205216984 -0.002273828912590909 2.5846026184501439e-05 -0.00079016288028757782 -0.00026390404843033166 0.00027302853017869113 -0.00060009083135813886 0.00022752548658607987 -0.0022946146372464023 -0.00071111962114687143 -0.0016555988104857001 0.0025339365729459321
leaf_weight=246 665 534 1487 519 2002 180 4204 3702 6095 30099 542 1138 1080 1231
leaf_count=246 665 534 1487 519 2002 180 4204 3702 6095 30099 542 1138 1080 1231
internal_value=-0.000134192 1.96987e-05 -0.000216636 -0.00306801 0.000236901 -0.0191647 -0.00233369 0.000428309 -0.00136758 0.000958687 -0.0032158 -0.00722849 -0.00247166 0.00690113
internal_weight=53724 53298 51533 7068 44465 426 6549 42978 9797 33181 5884 1680 3082 1765
internal_count=53724 53298 51533 7068 44465 426 6549 42978 9797 33181 5884 1680 3082 1765
cat_boundaries=0 1 2 3 4
cat_threshold=1280 2516 53953 50272
is_linear=0
shrinkage=0.035


Tree=95
num_leaves=15
num_cat=4
split_feature=22 23 23 22 16 32 16 32 24 33 30 21 23 32
split_gain=126.077 68.5923 58.7423 65.327 51.7151 53.1322 51.4166 51.0827 50.4438 43.1969 42.6563 37.953 36.4307 30.7083
threshold=0.39254815439153184 2.6436217829168225 0.89376619170984462 0.72275681343581921 122.58670358577564 0 3.4429875648046795 1 1.0000000180025095e-35 2 -0.6523320455745395 1024.6362433862435 0.31404353297100485 3
decision_type=8 10 8 8 10 1 8 1 2 1 2 2 10 1
left_child=12 2 4 -4 5 8 -7 -8 -2 10 -5 -12 -1 -11
right_child=1 -3 3 9 -6 6 7 -9 -10 13 11 -13 -14 -15
leaf_value=-0.0040557941455012679 0.0029000899230909667 0.022778610675148137 -0.00204343082696263 -0.00012322636770356832 -0.0020576415177030092 0.00014161673585903452 -0.00042015114632942612 -0.00094472552833788808 0.00019001249019209745 -0.00046714454219911499 1.5105192061462548e-06 0.00076407570444212401 -8.5520080914548439e-05 0.00013270708888789897
leaf_weight=311 357 352 850 5035 782 4058 5090 2913 1999 6809 3488 9640 115 11925
leaf_count=311 357 352 850 5035 782 4058 5090 2913 1999 6809 3488 9640 115 11925
internal_value=-0.000148523 3.93974e-06 -9.91483e-05 0.000640628 -0.001936 -0.00145854 -0.0023969 -0.00402535 0.00333615 0.000862148 0.00207751 0.00312876 -0.0190023 -0.00031735
internal_weight=53724 53298 52946 37747 15199 14417 12061 8003 2356 36897 18163 13128 426 18734
internal_count=53724 53298 52946 37747 15199 14417 12061 8003 2356 36897 18163 13128 426 18734
cat_boundaries=0 1 2 3 4
cat_threshold=9472 6686 10 17163
is_linear=0
shrinkage=0.035


Tree=96
num_leaves=15
num_cat=4
split_feature=22 23 23 33 30 23 32 30 24 32 32 23 4 3
split_gain=126.112 65.9735 48.9151 44.8691 39.1898 36.4307 33.676 33.2186 30.2469 37.3776 27.209 26.4044 23.7523 23.5284
threshold=0.39254815439153184 1.3782986629240372 0.51811528013180297 0 -0.22700609751797865 0.31404353297100485 1 -0.99465740988130902 4.5000000000000009 2 3 0.13344941042644634 20.150000000000002 247.10000000000002
decision_type=8 10 8 1 2 10 1 2 2 1 1 10 8 8
left_child=5 2 11 6 12 -1 -3 -4 10 -10 -9 -2 -5 -13
right_child=1 3 7 4 -6 -7 -8 8 9 -11 -12 13 -14 -15
leaf_value=-0.0039138413504087232 0.0045874161531279968 0.00030793196790202042 -0.0008726241976719629 -0.00418951761896625 0.0013803774014561744 -8.2526878082538893e-05 0.0024716190548675371 0.00027715963418875611 -0.0010487113079856126 -7.9416774247534913e-05 -5.3442868381183009e-05 -0.00084645202383427356 -0.00014269925747539827 -0.001814722839943568
leaf_weight=311 140 978 1717 343 1559 115 1884 15015 2506 7587 19156 1415 549 449
leaf_count=311 140 978 1717 343 1559 115 1884 15015 2506 7587 19156 1415 549 449
internal_value=-0.000145917 6.56623e-06 -0.000403313 0.00370534 0.000212895 -0.0190023 0.00666667 -0.000169726 1.58124e-05 -0.00166716 0.000513079 -0.00574913 -0.00561873 -0.00685393
internal_weight=53724 53298 47985 5313 2451 426 2862 45981 44264 10093 34171 2004 892 1864
internal_count=53724 53298 47985 5313 2451 426 2862 45981 44264 10093 34171 2004 892 1864
cat_boundaries=0 1 2 3 4
cat_threshold=10 4874 1066 13736
is_linear=0
shrinkage=0.035


Tree=97
num_leaves=15
num_cat=4
split_feature=22 23 23 30 23 33 24 32 32 19 32 29 23 23
split_gain=123.984 64.5185 48.8504 37.9751 37.5582 30.2867 28.3508 31.1447 31.0716 24.9608 24.6321 24.4947 24.1722 23.9453
threshold=0.39254815439153184 1.6248060564443316 0.51811528013180297 -0.91595872546125101 0.27476363203900822 0 4.5000000000000009 1 2 885.12500000000011 3 0.62587949062545845 0.13344941042644634 0.93780040196279602
decision_type=8 10 8 2 10 1 2 1 1 8 1 2 10 10
left_child=4 2 12 10 -1 11 8 -8 13 -10 -4 -3 -2 -5
right_child=1 5 3 6 -6 -7 7 -9 9 -11 -12 -13 -14 -15
leaf_value=-0.0046542899590085191 0.0044268565877685177 0.001957335684617428 0.0004651934275014852 0.00013911456578028894 -0.00074135211445995912 0.0011213108197026163 0.00012747479384866812 -0.00061398927942806717 6.3338110176872639e-05 -0.0013392460664942115 -0.00047984335712507965 0.0061863619269142047 -0.0010886574385384484 0.00086328940414220131
leaf_weight=246 140 414 469 3949 180 1496 4595 4867 23634 374 6788 563 1864 4145
leaf_count=246 140 414 469 3949 180 1496 4595 4867 23634 374 6788 563 1864 4145
internal_value=-0.000143312 7.87948e-06 -0.000260968 -4.08594e-05 -0.0188399 0.0055226 0.0003671 -0.00131615 0.000863363 0.000230196 -0.00237607 0.0102671 -0.00560976 0.00273647
internal_weight=53724 53298 50825 48821 426 2473 41564 9462 32102 24008 7257 977 2004 8094
internal_count=53724 53298 50825 48821 426 2473 41564 9462 32102 24008 7257 977 2004 8094
cat_boundaries=0 1 2 3 4
cat_threshold=8 11220 1192 4096
is_linear=0
shrinkage=0.035


Tree=98
num_leaves=15
num_cat=5
split_feature=22 23 23 30 24 32 23 23 3 32 32 33 32 17
split_gain=115.567 61.3337 49.3521 44.1256 36.5783 48.2528 39.5107 35.986 33.1087 31.0295 29.1688 30.2662 28.5139 30.9617
threshold=0.39254815439153184 2.369857963854511 0.5029595298864088 -0.6523320455745395 5.5000000000000009 0 1.3782986629240372 0.27476363203900822 288.35000000000008 1 2 3 4 20.597146021788301
decision_type=8 10 8 2 2 1 10 10 8 1 1 1 1 10
left_child=7 2 -2 8 6 -6 10 -1 -4 -8 11 -5 13 -10
right_child=1 -3 3 4 5 -7 9 -9 12 -11 -12 -13 -14 -15
leaf_value=-0.0044913898104432214 -0.00099808491311700626 0.01199826169297917 -0.00013426870350558562 -0.00014482892693955696 -0.0086613133389078136 -0.0003316711517562887 0.0023724729884007632 -0.00071540479045386013 -6.7569823002644475e-06 0.00052600534784009838 -1.3966730140364537e-05 0.00061385966976189484 -0.00033207544049087162 -0.001520913828024913
leaf_weight=246 1823 528 12833 2337 160 2775 1328 180 336 2160 19767 6825 1606 820
leaf_count=246 1823 528 12833 2337 160 2775 1328 180 336 2160 19767 6825 1606 820
internal_value=-0.000139403 6.56623e-06 -0.000112743 8.99867e-05 0.000774104 -0.00296429 0.00111298 -0.0181903 -0.00146058 0.00462926 0.000688291 0.00231884 -0.00493314 -0.00908625
internal_weight=53724 53298 52770 50947 35352 2935 32417 426 15595 3488 28929 9162 2762 1156
internal_count=53724 53298 52770 50947 35352 2935 32417 426 15595 3488 28929 9162 2762 1156
cat_boundaries=0 1 2 3 4 5
cat_threshold=1024 50372 1448 4 27210
is_linear=0
shrinkage=0.035


Tree=99
num_leaves=15
num_cat=4
split_feature=23 22 23 30 23 32 16 3 32 22 23 32 5 32
split_gain=110.506 60.8069 57.4749 40.7421 40.1067 40.8258 38.7372 35.3655 31.9532 31.7499 52.5326 30.651 24.5208 24.4283
threshold=0.41301601441261887 0.70845910833487569 2.6436217829168225 -0.6523320455745395 1.0823866948970515 0 29.944392908634821 280.75000000000006 1 1.2468080749033932 0.90503749086025886 2 1505.0000000000002 3
decision_type=8 10 10 2 10 1 8 8 1 10 8 1 10 1
left_child=1 -1 3 7 9 -6 -7 -2 -3 11 -11 -5 -13 -9
right_child=2 8 -4 4 5 6 -8 13 -10 10 -12 12 -14 -15
leaf_value=-0.0022347903538933521 -0.00013301735014084937 -0.0055659668501392119 0.021347029202277525 -0.0004321374574433701 0.0015285671372265088 -2.743069464220538e-06 0.0011125091671841593 -0.00011006743339493698 0.004689568856650176 -0.0026541491861371792 0.0034289538996610338 7.8751993197682672e-05 -0.0012336589048271864 -0.0010337195807212846
leaf_weight=866 13093 207 352 6971 2241 6849 2616 1029 194 247 1080 15900 219 1860
leaf_count=866 13093 207 352 6971 2241 6849 2616 1029 194 247 1080 15900 219 1860
internal_value=-0.000125072 -0.0103184 0.000122088 2.61946e-05 0.000677176 0.00236103 0.00134757 -0.00144492 0.000948276 -0.000130415 0.00512387 -0.000433427 0.000405665 -0.00494644
internal_weight=53724 1267 52457 52105 36123 11706 9465 15982 401 24417 1327 23090 16119 2889
internal_count=53724 1267 52457 52105 36123 11706 9465 15982 401 24417 1327 23090 16119 2889
cat_boundaries=0 1 2 3 4
cat_threshold=32960 14363 37442 32949
is_linear=0
shrinkage=0.035


Tree=100
num_leaves=15
num_cat=5
split_feature=23 22 23 30 24 32 23 19 32 32 32 16 32 26
split_gain=102.23 57.0032 55.9838 39.7738 34.9326 71.5742 37.032 38.4545 29.2231 29.1984 27.8801 27.0463 25.4423 22.7183
threshold=0.41301601441261887 0.77030831769964714 2.6436217829168225 -0.99465740988130902 5.5000000000000009 0 1.2943771584221027 885.12500000000011 1 2 3 206.63228335259748 4 306.50000000000006
decision_type=8 10 10 2 2 1 10 8 1 1 1 10 1 2
left_child=1 -1 3 -2 6 -6 7 8 11 13 -3 -5 -7 -8
right_child=2 10 -4 4 5 12 9 -9 -10 -11 -12 -13 -14 -15
leaf_value=-0.0021822554419520432 -0.00086428550434671219 -0.0066488754423652315 0.020599883180197814 0.00022277495346559404 -0.0080447283264938555 0.00026117526102747816 -0.00033998799742663904 -0.00083024432610162243 -0.00012290102124009328 0.0014545200173245866 0.0044983441020227753 -0.0029266892621626012 -0.00083224063687406546 0.0018856437680473683
leaf_weight=923 1850 113 352 19330 240 1761 2266 1037 19537 3267 231 112 2086 619
leaf_count=923 1850 113 352 19330 240 1761 2266 1037 19537 3267 231 112 2086 619
internal_value=-0.000128981 -0.00993318 0.000108745 1.41048e-05 0.000199861 -0.00289956 0.00047452 8.5705e-05 0.000263057 0.00300146 0.0022063 0.00122321 -0.00169472 0.000422414
internal_weight=53724 1267 52457 52105 50255 4087 46168 40016 38979 6152 344 19442 3847 2885
internal_count=53724 1267 52457 52105 50255 4087 46168 40016 38979 6152 344 19442 3847 2885
cat_boundaries=0 1 2 3 4 5
cat_threshold=1024 15784 6923 6170 2512
is_linear=0
shrinkage=0.035


Tree=101
num_leaves=15
num_cat=5
split_feature=22 23 23 30 24 32 23 19 33 32 32 16 30 32
split_gain=98.41 55.5712 48.6515 35.1075 33.8299 67.1702 31.3432 30.5656 29.6065 29.1888 26.6487 27.3014 25.8969 25.232
threshold=0.30778394688095173 2.6436217829168225 0.51811528013180297 -0.99465740988130902 5.5000000000000009 0 1.3782986629240372 885.12500000000011 1 2 3 239.98137122318215 -0.26867065956352881 4
decision_type=8 10 8 2 2 1 10 8 1 1 1 10 2 1
left_child=-1 2 -2 -4 6 -6 7 10 9 -8 -5 -12 -10 -7
right_child=1 -3 3 4 5 13 8 -9 12 -11 11 -13 -14 -15
leaf_value=-0.0036465196062519696 -0.00081291360464787838 0.019878887268890894 -0.00082726105916522863 -0.00015202403017960193 -0.0079467272421044031 0.00026698155124562197 0.00016238655181807172 -0.00082354264263774545 -0.0013496014120262041 0.0021229657137703853 0.00020321601054474559 -0.0033244723989627602 0.0011136915818236971 -0.00080890060033614656
leaf_weight=213 2175 352 1790 15136 233 1735 818 994 722 1600 24376 150 1383 2047
leaf_count=213 2175 352 1790 15136 233 1735 818 994 722 1600 24376 150 1383 2047
internal_value=-0.000132889 -3.72786e-05 -0.000129693 8.92349e-05 0.00026464 -0.00281219 0.000538354 0.000230688 0.00330057 0.00592684 0.000382938 0.00109531 0.000247642 -0.00164077
internal_weight=53724 53511 53159 50984 49194 4015 45179 40656 4523 2418 39662 24526 2105 3782
internal_count=53724 53511 53159 50984 49194 4015 45179 40656 4523 2418 39662 24526 2105 3782
cat_boundaries=0 1 2 3 4 5
cat_threshold=1024 10 4874 49731 2512
is_linear=0
shrinkage=0.035


Tree=102
num_leaves=15
num_cat=5
split_feature=22 23 22 23 22 23 32 16 26 33 33 32 32 24
split_gain=95.8756 54.2591 43.626 93.4794 41.6863 38.5087 79.8525 40.1708 31.6918 39.3879 27.6875 26.7495 25.2446 29.7249
threshold=0.30778394688095173 1.9828807267754229 0.8464877257669805 0.41301601441261887 0.68363360969387765 0.82354003548321997 0 35.919828561416132 314.50000000000006 1 2 3 4 1.0000000180025095e-35
decision_type=8 10 8 10 10 8 1 10 2 1 1 1 1 2
left_child=-1 2 3 4 -2 6 -4 -8 -7 -10 -3 -5 13 -9
right_child=1 10 5 11 -6 8 7 12 9 -11 -12 -13 -14 -15
leaf_value=-0.0035188914200331512 -0.0020745066740183258 0.0074204535767826221 -0.0016583801677749184 0.00050381720395137157 -0.00095098785395296046 5.1380568931035935e-05 0.00033772538802608282 0.0091958862393896994 0.0011113509300472524 0.00023804229955269821 -0.00033106279447861378 -0.00022090866716327874 -0.0024628605902928639 -0.001397901733604602
leaf_weight=213 1203 688 1040 1358 1229 33182 2865 63 1253 3092 369 6397 567 205
leaf_count=213 1203 688 1040 1358 1229 33182 2865 63 1253 3092 369 6397 567 205
internal_value=-0.000115952 -2.15823e-05 -0.000180141 -0.00223558 -0.00821502 0.000315457 -0.00265543 -0.00022611 0.00069101 0.0035 0.00781073 -0.000356314 -0.00695833 0.0019788
internal_weight=53724 53511 52454 10187 2432 42267 4740 3700 37527 4345 1057 7755 835 268
internal_count=53724 53511 52454 10187 2432 42267 4740 3700 37527 4345 1057 7755 835 268
cat_boundaries=0 1 2 3 4 5
cat_threshold=16580 2 12 8324 33794
is_linear=0
shrinkage=0.035


Tree=103
num_leaves=15
num_cat=4
split_feature=22 23 22 23 22 23 32 16 26 33 32 20 32 24
split_gain=93.2891 53.8326 42.2043 86.9545 39.0667 38.0113 75.0739 39.1824 30.4593 34.6978 25.0835 25.0552 24.7843 26.7591
threshold=0.30778394688095173 2.6436217829168225 0.8464877257669805 0.41301601441261887 0.68363360969387765 0.82354003548321997 0 35.919828561416132 314.50000000000006 1 2 2370.3571428571436 3 1.0000000180025095e-35
decision_type=8 10 8 10 10 8 1 10 2 1 1 10 1 2
left_child=-1 2 3 4 -2 6 -4 11 -7 -10 -5 -8 13 -9
right_child=1 -3 5 10 -6 8 7 12 9 -11 -12 -13 -14 -15
leaf_value=-0.0033957302203319914 -0.0020018989404276847 0.019059061875789388 -0.0016003368619027982 0.00048618360181307448 -0.00091770327906460624 6.3173620595152754e-05 -2.0945240753912632e-05 0.0088740302210110582 0.0011176366249229844 0.00027082839512274862 -0.00021124574876572768 0.0013860766158039412 -0.0023766604696326128 -0.001348975172928439
leaf_weight=213 1203 352 1040 1360 1229 33767 2194 63 1290 3171 6399 671 567 205
leaf_count=213 1203 352 1040 1360 1229 33767 2194 63 1290 3171 6399 671 567 205
internal_value=-0.000109438 -1.63503e-05 -0.000107309 -0.00213172 -0.00789906 0.000373025 -0.00258166 -0.00022611 0.000739675 0.00345611 -0.000320067 0.00171951 -0.006875 0.0019788
internal_weight=53724 53511 53159 10191 2432 42968 4740 3700 38228 4461 7759 2865 835 268
internal_count=53724 53511 53159 10191 2432 42968 4740 3700 38228 4461 7759 2865 835 268
cat_boundaries=0 1 2 3 4
cat_threshold=16580 2 8324 33794
is_linear=0
shrinkage=0.035


Tree=104
num_leaves=15
num_cat=3
split_feature=22 22 23 23 17 30 24 32 23 32 32 3 23 22
split_gain=93.2679 52.6095 79.9195 40.3727 35.0606 31.1212 26.2932 34.6203 23.5534 22.6191 21.9472 21.9458 19.4674 18.9403
threshold=0.30778394688095173 1.5512541582449924 1.9828807267754229 0.5029595298864088 77.53865421287837 -0.99465740988130902 4.5000000000000009 0 0.13344941042644634 1 2 135.50000000000003 2.6436217829168225 1.6741816458481436
decision_type=8 10 8 8 8 2 2 1 10 1 1 8 8 10
left_child=-1 3 4 8 -3 -5 9 -8 -2 -7 -4 -10 -12 -6
right_child=1 2 10 5 13 6 7 -9 11 -11 12 -13 -14 -15
leaf_value=-0.0032768796626203708 0.004206581697409166 0.0012729282484410776 -0.002394217168148788 -0.00078754100879950225 0.00014502777710370232 -7.8787485851502533e-05 -0.00096320206210196108 -3.7506178607765733e-05 -0.00056710670018691577 0.00023302873400608883 0.0030326964151424999 -0.0014150969386382559 0.018934907745044808 -0.003441481737161117
leaf_weight=213 135 533 132 1762 110 15880 2797 8219 1215 20992 391 622 510 213
leaf_count=213 135 533 132 1762 110 15880 2797 8219 1215 20992 391 622 510 213
internal_value=-0.000112044 -1.89663e-05 0.00571014 -0.000229144 -0.00219512 -3.38335e-05 0.000134466 -0.00136557 -0.00513404 0.000582748 0.0122399 -0.00617535 0.0140993 -0.0112043
internal_weight=53724 53511 1889 51622 856 49650 47888 11016 1972 36872 1033 1837 901 323
internal_count=53724 53511 1889 51622 856 49650 47888 11016 1972 36872 1033 1837 901 323
cat_boundaries=0 1 2 3
cat_threshold=1066 49747 772
is_linear=0
shrinkage=0.035


Tree=105
num_leaves=15
num_cat=4
split_feature=22 23 23 22 30 3 32 22 32 24 32 32 23 22
split_gain=88.1292 52.549 34.7895 29.3321 29.0459 32.3748 28.3687 27.6652 29.7443 27.1836 30.4526 25.2387 25.1774 31.3136
threshold=0.30778394688095173 1.7549510370570294 0.41301601441261887 0.83659592440080255 -0.6523320455745395 280.75000000000006 0 2.0422420827073977 1 4.5000000000000009 2 3 0.97827486111059303 1.4753098498602497
decision_type=8 10 8 10 2 8 1 10 1 2 1 1 10 8
left_child=-1 2 3 -2 5 -4 -5 8 -3 10 12 -11 13 -6
right_child=1 7 4 6 9 -7 -8 -9 -10 11 -12 -13 -14 -15
leaf_value=-0.0031621888744286582 -0.0014981282932279975 0.0034645190138893577 -0.00010440460601835789 -0.0071267536234413684 8.0785702439306611e-05 -0.00069122280879151295 0.0089757105650750593 0.010417001108764317 0.00054283322307190963 -0.00078930517187537355 3.933293504137514e-05 3.0342990626225922e-05 0.00088450048843596873 0.015381433769851818
leaf_weight=213 820 378 12870 127 4429 2822 143 271 1116 2993 18633 4974 3816 119
leaf_count=213 820 378 12870 127 4429 2822 143 271 1116 2993 18633 4974 3816 119
internal_value=-0.000108135 -1.76583e-05 -0.000220479 -0.00639269 -8.70492e-05 -0.00133784 0.00356364 0.00591243 0.00401601 0.00047442 0.00100456 -0.0013215 0.00275689 0.000999341
internal_weight=53724 53511 51746 1090 50656 15692 270 1765 1494 34964 26997 7967 8364 4548
internal_count=53724 53511 51746 1090 50656 15692 270 1765 1494 34964 26997 7967 8364 4548
cat_boundaries=0 1 2 3 4
cat_threshold=6167 50240 5288 5163
is_linear=0
shrinkage=0.035


Tree=106
num_leaves=15
num_cat=5
split_feature=22 23 23 30 33 3 32 17 24 32 32 33 3 1
split_gain=80.6992 52.359 35.5124 29.4588 28.13 25.3073 26.0814 28.3065 25.3024 30.5785 26.3293 25.861 20.3403 18.6649
threshold=0.30778394688095173 1.9828807267754229 0.5029595298864088 -0.6523320455745395 0 288.35000000000008 1 20.597146021788301 4.5000000000000009 2 3 4 135.50000000000003 250.50000000000003
decision_type=8 10 8 2 1 8 1 10 2 1 1 1 8 10
left_child=-1 2 12 5 -3 13 7 -7 9 11 -10 -5 -2 -4
right_child=1 4 3 8 -6 6 -8 -9 10 -11 -12 -13 -14 -15
leaf_value=-0.0030515122638236553 -0.00039313412208805246 0.0066531324056902106 -0.00014936905487952014 -0.00010516095450361863 -0.00053997232882659345 3.1511770619943316e-05 -0.00022871484676809719 -0.0014036738447655319 0.00026443290129883086 7.4134345623186882e-05 -0.00048938141726324435 0.00073602495381346565 -0.0012515608729484922 0.00080038270647374797
leaf_weight=213 1293 688 12449 1715 369 336 1590 816 2976 20081 5020 5161 700 317
leaf_count=213 1293 688 12449 1715 369 336 1590 816 2976 20081 5020 5161 700 317
internal_value=-0.000101621 -1.50422e-05 -0.0001708 1.0403e-05 0.00767891 -0.00125894 -0.00430652 -0.00827763 0.000573688 0.00108653 -0.00115486 0.00309824 -0.00474725 -0.000602929
internal_weight=53724 53511 52454 50461 1057 15508 2742 1152 34953 26957 7996 6876 1993 12766
internal_count=53724 53511 52454 50461 1057 15508 2742 1152 34953 26957 7996 6876 1993 12766
cat_boundaries=0 1 2 3 4 5
cat_threshold=12 27210 1192 3012 4
is_linear=0
shrinkage=0.035


Tree=107
num_leaves=15
num_cat=3
split_feature=22 23 22 23 22 24 32 23 32 14 26 16 32 9
split_gain=78.2984 52.2649 35.1011 64.6657 51.6726 27.9264 39.0042 36.2945 55.8256 42.9611 41.3505 40.8535 36.4361 31.8601
threshold=0.30778394688095173 2.6436217829168225 0.89171240717367717 0.41301601441261887 0.68363360969387765 1.0000000180025095e-35 0 0.93780040196279602 1 5.0500000000000007 314.50000000000006 141.35398063537818 2 2197.5000000000005
decision_type=8 10 10 10 8 2 1 8 1 8 2 10 1 8
left_child=-1 2 3 4 -2 6 13 8 9 -7 12 -10 -9 -4
right_child=1 -3 5 -5 -6 7 -8 10 11 -11 -12 -13 -14 -15
leaf_value=-0.002944709334589827 -0.0018058189892505606 0.017430062346330811 0.0017898895207431754 -6.2268529171776176e-05 -0.0005916336798468503 0.0016229508313983453 0.00011803743914773569 0.00084329375036904246 0.00019197493515557665 -0.0010782975984199976 0.00070977783471916475 -0.0039431309807209259 -6.029759718170658e-05 0.00076481433520154333
leaf_weight=213 1203 352 723 10799 1873 216 4049 2534 4320 2876 3246 166 19844 1310
leaf_count=213 1203 352 723 10799 1873 216 4049 2534 4320 2876 3246 166 19844 1310
internal_value=-9.90154e-05 -1.37342e-05 -0.000103359 -0.00161635 -0.00608893 0.000431164 0.00261048 3.16198e-05 -0.00209548 -0.00570003 0.00066097 0.000404355 0.000125095 0.00654541
internal_weight=53724 53511 53159 13875 3076 39284 6082 33202 7578 3092 25624 4486 22378 2033
internal_count=53724 53511 53159 13875 3076 39284 6082 33202 7578 3092 25624 4486 22378 2033
cat_boundaries=0 1 2 3
cat_threshold=21538 38116 192
is_linear=0
shrinkage=0.035


Tree=108
num_leaves=15
num_cat=4
split_feature=22 23 23 23 30 24 32 23 33 32 24 32 16 22
split_gain=78.3667 49.1692 34.0654 29.9529 29.1077 27.5122 36.5528 25.2636 36.0378 26.2431 22.8131 42.0212 21.9811 22.5305
threshold=0.30778394688095173 2.6436217829168225 0.41301601441261887 0.13344941042644634 -0.99465740988130902 4.5000000000000009 0 1.3980608637068686 1 2 5.5000000000000009 3 560.35846336601708 1.4753098498602497
decision_type=8 10 8 10 2 2 1 10 1 1 2 1 10 10
left_child=-1 2 3 -2 -4 7 -7 12 9 -9 -8 -12 13 -6
right_child=1 -3 4 -5 5 6 10 8 -10 -11 11 -13 -14 -15
leaf_value=-0.0028416445078791822 0.0042861987466416554 0.016820010164209233 -0.00076213351054239386 -0.0013422054695036323 4.4138418964203015e-05 9.6759840829607207e-05 -0.00035701693570798477 0.002243102468318583 -7.6746321040814809e-05 0.0010052610281852121 -0.0074288371184299228 -0.0009400765920651162 -0.0045738199627622248 0.0048168556364465301
leaf_weight=213 144 352 1846 946 34573 5830 3890 887 1587 950 240 1578 96 592
leaf_count=213 144 352 1846 946 34573 5830 3890 887 1587 950 240 1578 96 592
internal_value=-8.98956e-05 -4.57807e-06 -9.15093e-05 -0.00620091 3.69666e-05 0.000195807 -0.00130382 0.000643189 0.00351123 0.00682235 -0.00329023 -0.0065277 0.000364232 0.000411004
internal_weight=53724 53511 53159 1090 52069 50223 11538 38685 3424 1837 5708 1818 35261 35165
internal_count=53724 53511 53159 1090 52069 50223 11538 38685 3424 1837 5708 1818 35261 35165
cat_boundaries=0 1 2 3 4
cat_threshold=27092 10 52449 1024
is_linear=0
shrinkage=0.035


Tree=109
num_leaves=15
num_cat=3
split_feature=22 23 23 32 30 23 24 32 8 7 32 23 24 9
split_gain=75.9243 44.4108 31.4968 28.8285 26.478 25.7278 24.9488 27.8323 22.5049 21.0793 18.522 23.8105 28.1913 34.0446
threshold=0.30778394688095173 1.7549510370570294 0.41301601441261887 0 -0.99465740988130902 0.13344941042644634 4.5000000000000009 1 32.553954654498561 749.62500000000011 2 0.97827486111059303 1.0000000180025095e-35 2692.5000000000005
decision_type=8 10 8 1 2 10 2 1 2 2 1 10 2 8
left_child=-1 2 5 -3 -4 -2 10 -8 -5 -10 11 12 13 -6
right_child=1 3 4 8 6 -7 7 -9 9 -11 -12 -13 -14 -15
leaf_value=-0.0027421869501034119 0.004136181790509199 0.0040517548258060046 -0.00072568030383740882 -0.0013302672553270347 0.0015579563962461731 -0.0012952282780710059 -0.00072987614998472794 1.4885979199438239e-05 0.0050978576988864408 -0.0023952758801084962 -2.3584684716114746e-05 0.00053929337237164148 -0.00015828797244962447 0.00014960731831774324
leaf_weight=213 144 534 1826 617 761 946 4679 6523 556 58 20987 7354 6572 1954
leaf_count=213 144 534 1826 617 761 946 4679 6523 556 58 20987 7354 6572 1954
internal_value=-9.77126e-05 -1.37342e-05 -0.000200189 0.00543785 -7.32319e-05 -0.00607306 8.17037e-05 -0.0013679 0.00238764 0.00712439 0.000513379 0.00138479 0.000207167 0.00320404
internal_weight=53724 53511 51746 1765 50656 1090 48830 11202 1231 614 37628 16641 9287 2715
internal_count=53724 53511 51746 1765 50656 1090 48830 11202 1231 614 37628 16641 9287 2715
cat_boundaries=0 1 2 3
cat_threshold=50272 5675 13484
is_linear=0
shrinkage=0.035


Tree=110
num_leaves=15
num_cat=4
split_feature=22 23 26 23 16 32 32 22 32 24 32 22 23 23
split_gain=71.2672 44.4534 29.5248 31.6783 29.9269 28.8285 26.1869 26.021 24.1276 22.5089 39.2196 21.4568 17.4774 17.4317
threshold=0.30778394688095173 1.7549510370570294 210.50000000000003 0.3856267347173799 364.94967701820059 0 1 0.78432418680939031 2 5.5000000000000009 3 2.0422420827073977 1.2813114628272821 0.20512848593319441
decision_type=8 10 2 8 10 1 1 10 1 2 1 10 10 10
left_child=13 2 3 7 8 -3 9 -2 -4 12 -11 -7 -5 -1
right_child=1 5 4 6 -6 11 -8 -9 -10 10 -12 -13 -14 -15
leaf_value=-0.0040441082524990627 -0.0017267646834364827 0.0039099434069027909 -0.00015202974218398268 4.1445565256263976e-05 -0.004106214319162119 0.00015285486095820147 -0.00032991927299109579 0.0022260676293849907 0.00034423842159178684 -0.0022753933520552002 -0.00016292995114583321 0.0094262706442049069 0.0010088829489191676 -0.0004539355192824471
leaf_weight=133 473 534 7244 12943 72 1045 15527 219 12248 308 1309 186 1403 80
leaf_count=133 473 534 7244 12943 72 1045 15527 219 12248 308 1309 186 1403 80
internal_value=-9.77126e-05 -1.63503e-05 -0.000202895 -0.000854693 0.000869232 0.00543785 -0.000691221 -0.00823529 0.000955019 0.000304481 -0.00360358 0.00238764 0.000746289 -0.0200688
internal_weight=53724 53511 51746 32182 19564 1765 31490 692 19492 15963 1617 1231 14346 213
internal_count=53724 53511 51746 32182 19564 1765 31490 692 19492 15963 1617 1231 14346 213
cat_boundaries=0 1 2 3 4
cat_threshold=50272 54704 54032 1056
is_linear=0
shrinkage=0.035


Tree=111
num_leaves=15
num_cat=3
split_feature=22 23 30 23 32 22 17 33 16 32 23 22 23 24
split_gain=71.3416 42.6895 31.2265 28.9005 33.6482 27.7481 24.0396 21.9285 19.5782 19.5017 47.8486 34.8132 37.156 21.1794
threshold=0.30778394688095173 2.369857963854511 -0.99465740988130902 0.66967604380121915 0 0.50538657577971635 1.3706888336846716 1 122.58670358577564 2 0.97827486111059303 0.92338654166271406 0.83341372435526406 4.5000000000000009
decision_type=8 10 2 8 1 8 8 1 10 1 10 10 8 2
left_child=-1 2 -2 4 8 -5 -6 -3 -4 10 11 -7 -13 -11
right_child=1 7 3 5 6 9 -8 -9 -10 13 -12 12 -14 -15
leaf_value=-0.0025635406798586091 -0.00071944456087041594 -0.0015923176396218654 0.00043205571476194861 -0.0040618716681207392 0.0010863974688608766 0.00036230220638672596 -0.00089891392095508952 0.012960707261709968 -0.0015876717504396166 0.00011261505892550207 0.0016890241624711467 -0.0017009680379274244 -0.00031186918534707958 -0.00022194052602310613
leaf_weight=213 1897 157 1731 150 250 754 2745 371 248 33029 1308 136 669 10066
leaf_count=213 1897 157 1731 150 250 754 2745 371 248 33029 1308 136 669 10066
internal_value=-8.72899e-05 -5.88609e-06 -0.000105024 5.89145e-05 -0.00247439 0.000332415 -0.00480233 0.00984991 0.00107071 0.000382231 0.00316967 -0.000962276 -0.00600617 0.000195662
internal_weight=53724 53511 52983 51086 4974 46112 2995 528 1979 45962 2867 1559 805 43095
internal_count=53724 53511 52983 51086 4974 46112 2995 528 1979 45962 2867 1559 805 43095
cat_boundaries=0 1 2 3
cat_threshold=42252 3 128
is_linear=0
shrinkage=0.035


Tree=112
num_leaves=15
num_cat=3
split_feature=22 23 16 16 32 32 22 23 29 23 22 22 16 32
split_gain=68.9573 40.0881 34.153 34.1027 42.9655 31.0592 29.0132 47.4557 29.8136 29.5325 38.8842 28.8617 25.0068 24.1225
threshold=0.30778394688095173 1.1930930194640521 560.35846336601708 18.819316317725924 0 1 1.2468080749033932 0.27476363203900822 -0.2102246306142678 0.5029595298864088 0.70105498021301671 0.64433746342902809 152.57237066941968 2
decision_type=8 10 10 10 1 1 10 10 2 10 8 10 10 1
left_child=-1 2 6 4 -3 -5 8 -8 -2 10 -10 -11 -9 -13
right_child=1 3 -4 5 -6 -7 7 12 9 11 -12 13 -14 -15
leaf_value=-0.0024738167560635583 8.9241008429679096e-05 0.00089869401146357229 -0.0046237371693501712 -0.0010529643553474877 -0.00048119195060055412 0.0014292009784830529 0.0039445704398210239 -0.00010855426407977654 -0.0011796034415046833 0.00068861778204200774 -0.00038456335601378847 0.00010960602403730702 -0.0032863115119769605 -0.00030612925904305343
leaf_weight=213 15910 2443 135 449 3848 3569 1082 837 1310 712 4312 6264 90 12550
leaf_count=213 15910 2443 135 449 3848 3569 1082 837 1310 712 4312 6264 90 12550
internal_value=-0.000102924 -2.28904e-05 -0.000490893 0.00193766 0.000327986 0.00445439 -0.000434737 0.00366683 -0.000635852 -0.00138592 -0.00362005 -0.000741897 -0.00214056 -0.0010043
internal_weight=53724 53511 43202 10309 6291 4018 43067 2009 41058 25148 5622 19526 927 18814
internal_count=53724 53511 43202 10309 6291 4018 43067 2009 41058 25148 5622 19526 927 18814
cat_boundaries=0 1 2 3
cat_threshold=33008 256 5536
is_linear=0
shrinkage=0.035


Tree=113
num_leaves=15
num_cat=3
split_feature=22 23 23 32 23 30 24 32 23 22 3 23 24 32
split_gain=68.9482 39.5663 26.8798 26.1264 24.0771 23.0436 21.1868 25.5877 19.8504 19.2753 19.1902 19.001 17.4145 43.127
threshold=0.30778394688095173 1.7549510370570294 0.41301601441261887 0 0.13344941042644634 -0.99465740988130902 4.5000000000000009 1 0.66365677480395202 2.0422420827073977 13.850000000000003 0.20512848593319441 5.5000000000000009 2
decision_type=8 10 8 1 10 2 2 1 8 10 8 10 2 1
left_child=11 2 4 -3 -2 -4 -7 8 -8 -5 -10 -1 -9 -14
right_child=1 3 5 9 -6 6 7 12 10 -11 -12 -13 13 -15
leaf_value=-0.0037262569534043202 0.0040051516212810606 0.0037306848130153093 -0.00065843302517611308 9.6667469021798357e-05 -0.0011786514309086676 8.0949263736503909e-05 -0.00089247869244446336 -0.00028619456004333216 0.0020011792080475779 0.0088175459967997048 9.122598385167436e-05 -0.00026174026585028547 -0.0065377016805160965 -0.00074887410793500811
leaf_weight=133 144 534 1826 1045 946 37628 353 4234 405 186 4194 80 234 1782
leaf_count=133 144 534 1826 1045 946 37628 353 4234 405 186 4194 80 234 1782
internal_value=-0.000104227 -2.41984e-05 -0.000200189 0.00512147 -0.00562557 -8.2904e-05 6.16361e-05 -0.0012742 0.000606 0.0022191 0.00122394 -0.0197477 -0.00275978 -0.0054379
internal_weight=53724 53511 51746 1765 1090 50656 48830 11202 4952 1231 4599 213 6250 2016
internal_count=53724 53511 51746 1765 1090 50656 48830 11202 4952 1231 4599 213 6250 2016
cat_boundaries=0 1 2 3
cat_threshold=50272 18900 1024
is_linear=0
shrinkage=0.035


Tree=114
num_leaves=15
num_cat=3
split_feature=22 23 23 32 26 32 22 23 32 11 1 16 1 0
split_gain=64.5225 39.438 28.2713 51.6457 32.8931 32.5539 32.1976 54.627 42.3819 54.0748 38.2826 30.012 27.6135 25.2278
threshold=0.30778394688095173 2.6436217829168225 0.91941980239646848 0 306.50000000000006 1 1.2468080749033932 0.27476363203900822 2 50.63068181818182 52.550000000000004 167.67230842796855 49.100000000000009 80.15000000000002
decision_type=8 10 10 1 2 1 10 10 1 8 8 10 10 8
left_child=-1 2 6 -4 5 -5 8 -8 13 12 -11 -9 -10 -2
right_child=1 -3 3 4 -6 -7 7 11 9 10 -12 -13 -14 -15
leaf_value=-0.0023536012675995123 0.0026783364100743424 0.015541959352948546 0.0012787084883049589 -0.00079406112360175707 0.0004900034302656131 9.2034076884693348e-05 0.0036113463909247991 -0.00061329571071734373 -3.2047483166794402e-05 -0.0018830272202358242 -0.00039859055670734363 -0.0039351041266031716 0.0030304504305425041 0.00026524083299321409
leaf_weight=213 494 352 1570 5519 3659 17118 1099 272 11433 987 9702 88 282 936
leaf_count=213 494 352 1570 5519 3659 17118 1099 272 11433 987 9702 88 282 936
internal_value=-0.000102924 -2.55064e-05 -0.000103359 0.000665566 0.000295314 -0.0002025 -0.00095047 0.00408811 -0.0012597 -0.00163299 -0.00343323 -0.00767123 8.95904e-06 0.00455363
internal_weight=53724 53511 53159 27866 26296 22637 25293 1459 23834 22404 10689 360 11715 1430
internal_count=53724 53511 53159 27866 26296 22637 25293 1459 23834 22404 10689 360 11715 1430
cat_boundaries=0 1 2 3
cat_threshold=128 778 256
is_linear=0
shrinkage=0.035


Tree=115
num_leaves=15
num_cat=3
split_feature=22 22 23 30 6 16 29 23 22 32 32 23 32 16
split_gain=56.095 37.3197 29.6744 29.1953 29.5226 27.7171 25.2397 23.7965 23.4113 22.7193 22.0556 21.2435 24.3867 20.4839
threshold=0.30778394688095173 2.2502441627596759 1.1930930194640521 -0.4755978891912595 4.4500000000000011 560.35846336601708 -0.2270106897347694 0.20512848593319441 0.95252630988587228 0 1 0.5029595298864088 2 16.431676725155853
decision_type=8 10 10 2 8 10 2 10 8 1 1 8 1 10
left_child=7 2 5 4 -4 6 -2 -1 -5 -6 -10 12 -8 -12
right_child=1 -3 3 8 9 -7 11 -9 10 -11 13 -13 -14 -15
leaf_value=-0.0035134619156691861 0.00010857178220867071 0.016064302843289396 -0.005446074249608357 0.0032862716163694098 -0.00075656737731307887 -0.0041831906664093815 -0.0013532686918431168 -0.00017020331217954129 -0.0020198878802976362 0.00054861388601668232 0.00030601546982422903 -0.00013624834853840918 -0.00034166569578835212 0.0012634759726893254
leaf_weight=133 16487 209 144 312 1406 126 369 80 386 1503 3777 25169 1001 2622
leaf_count=133 16487 209 144 312 1406 126 369 80 386 1503 3777 25169 1001 2622
internal_value=-0.000102924 -3.07385e-05 -8.92941e-05 0.001613 -0.00124755 -0.000489839 -0.000440845 -0.0178211 0.00284357 -0.000468428 0.00240722 -0.00110891 -0.00534545 0.00289757
internal_weight=53724 53511 53302 10150 3053 43152 43026 213 7097 2909 6785 26539 1370 6399
internal_count=53724 53511 53302 10150 3053 43152 43026 213 7097 2909 6785 26539 1370 6399
cat_boundaries=0 1 2 3
cat_threshold=3851 256 6216
is_linear=0
shrinkage=0.035


Tree=116
num_leaves=15
num_cat=4
split_feature=22 22 23 32 33 3 1 32 3 32 23 30 23 3
split_gain=56.1775 37.2528 27.8187 48.9999 32.2816 31.4891 61.1787 43.2053 37.3844 31.3961 27.9215 27.1569 23.7965 23.2714
threshold=0.30778394688095173 2.2502441627596759 0.91941980239646848 0 1 104.10000000000001 99.750000000000014 2 14.65 3 1.3980608637068686 -0.59177783207548873 0.20512848593319441 260.40000000000003
decision_type=8 10 10 1 1 10 8 1 10 1 10 2 10 10
left_child=12 2 5 -4 10 7 -7 -2 -9 -8 -5 13 -1 -11
right_child=1 -3 3 4 -6 6 9 8 -10 11 -12 -13 -14 -15
leaf_value=-0.0033904907486207651 0.0004773514789939382 0.015502052243774276 0.0012368641272737858 0.0001062023357603692 -0.00015446923964288151 -0.0025033700455669218 6.5283564978154692e-05 0.00018027746152100401 -0.00045287215083877235 -0.00052519438031939098 0.001314959716695321 -0.00034007079197170365 -0.00016424619625325738 -0.0016770218898894274
leaf_weight=133 6688 209 1574 10716 13357 685 3870 4269 6610 723 2410 1930 80 470
leaf_count=133 6688 209 1574 10716 13357 685 3870 4269 6610 723 2410 1930 80 470
internal_value=-8.98956e-05 -1.76583e-05 -7.61626e-05 0.000682239 0.000323609 -0.00091901 -0.00278797 -0.000101582 -0.00146181 -0.00180552 0.00155544 -0.00440567 -0.0178211 -0.0085601
internal_weight=53724 53511 53302 28057 26483 25245 7678 17567 10879 6993 13126 3123 213 1193
internal_count=53724 53511 53302 28057 26483 25245 7678 17567 10879 6993 13126 3123 213 1193
cat_boundaries=0 1 2 3 4
cat_threshold=128 10 32010 36116
is_linear=0
shrinkage=0.035


Tree=117
num_leaves=15
num_cat=5
split_feature=22 22 30 24 32 23 19 33 32 32 30 23 4 32
split_gain=56.161 35.6124 26.7211 25.0543 61.4118 31.0249 33.1881 28.9645 31.3486 26.1638 24.4361 23.7965 20.4138 20.3215
threshold=0.30778394688095173 2.2502441627596759 -0.99465740988130902 5.5000000000000009 0 1.3782986629240372 885.12500000000011 1 2 3 -0.26867065956352881 0.20512848593319441 21.550000000000004 4
decision_type=8 10 2 2 1 10 8 1 1 1 2 10 8 1
left_child=11 2 -2 5 -5 6 9 8 -7 -4 12 -1 -9 -6
right_child=1 -3 3 4 13 7 -8 10 -10 -11 -12 -13 -14 -15
leaf_value=-0.003271823572419038 -0.00065486364605763544 0.014959480415242173 0.00034926715016098732 -0.0069944865564621215 0.00014329089583144829 0.0002357822183965236 -0.00069142250027550594 -0.0042110648074157996 0.0018829881300465546 -4.580366178446344e-05 0.00089168708640238639 -0.00015849757938439293 -7.991003699004963e-06 -0.00084630453666605749
leaf_weight=133 1904 209 9798 248 2028 1118 1151 304 1410 31564 1424 80 435 1918
leaf_count=133 1904 209 9798 248 2028 1118 1151 304 1410 31564 1424 80 435 1918
internal_value=-9.25013e-05 -2.02743e-05 -7.74758e-05 7.35366e-05 -0.00251727 0.000303967 5.76227e-06 0.00300362 0.00553284 0.000169217 1.60698e-05 -0.0178211 -0.00512769 -0.00141378
internal_weight=53724 53511 53302 51398 4194 47204 42513 4691 2528 41362 2163 213 739 3946
internal_count=53724 53511 53302 51398 4194 47204 42513 4691 2528 41362 2163 213 739 3946
cat_boundaries=0 1 2 3 4 5
cat_threshold=1024 10 15114 1416 18896
is_linear=0
shrinkage=0.035


Tree=118
num_leaves=15
num_cat=3
split_feature=22 22 23 32 32 3 32 22 23 3 13 1 23 1
split_gain=54.1937 33.9642 25.38 45.1885 30.9628 29.1244 54.6636 30.0844 25.1983 24.0213 25.8143 25.7948 22.8003 22.662
threshold=0.30778394688095173 2.2502441627596759 0.91941980239646848 0 1 37.050000000000004 2 1.4753098498602497 1.7549510370570294 199.75000000000003 210.25000000000003 99.750000000000014 0.20512848593319441 31.050000000000004
decision_type=8 10 10 1 1 10 1 8 10 10 10 8 10 10
left_child=12 2 5 -4 -5 13 9 -8 -6 11 -11 -7 -1 -2
right_child=1 -3 3 4 8 6 7 -9 -10 10 -12 -13 -14 -15
leaf_value=-0.0031573097473843719 -3.9820840323802067e-05 0.014435898600708704 0.001182388650790266 -0.00073960895035515405 7.8981040524677426e-05 -0.00013558598160097053 -0.00076155710693655689 0.0065705733891327249 0.0020149115901901384 -0.0018002356487481848 -0.00018856861211746903 0.00087003307046254789 -0.00015295016410593861 0.00067900787521914426
leaf_weight=133 9613 209 1574 4819 20414 2217 5983 176 1250 310 2967 2198 80 1781
leaf_count=133 9613 209 1574 4819 20414 2217 5983 176 1250 310 2967 2198 80 1781
internal_value=-8.46842e-05 -1.37342e-05 -6.95969e-05 0.0006548 0.000310401 -0.000874653 -0.00195258 -0.00440476 0.00087504 1.81653e-05 -0.00225015 0.00170249 -0.0175 0.000436003
internal_weight=53724 53511 53302 28057 26483 25245 13851 6159 21664 7692 3277 4415 213 11394
internal_count=53724 53511 53302 28057 26483 25245 13851 6159 21664 7692 3277 4415 213 11394
cat_boundaries=0 1 2 3
cat_threshold=128 770 19734
is_linear=0
shrinkage=0.035


Tree=119
num_leaves=15
num_cat=3
split_feature=22 22 23 30 16 6 23 29 32 16 32 23 32 24
split_gain=54.2505 32.3426 24.3213 27.9397 26.1328 25.7341 22.8003 22.3936 21.3346 21.5232 20.375 19.8211 19.7606 20.7246
threshold=0.30778394688095173 2.2502441627596759 1.1930930194640521 -0.4755978891912595 560.35846336601708 4.4500000000000011 0.20512848593319441 -0.2270106897347694 0 16.733200530681508 1 1.3693108396807774 2 1.0000000180025095e-35
decision_type=8 10 10 2 10 8 10 2 1 10 1 10 1 2
left_child=6 2 4 5 7 -4 -1 -2 11 -10 -7 -5 13 -9
right_child=1 -3 3 8 -6 10 -8 12 9 -11 -12 -13 -14 -15
leaf_value=-0.0030468039062259188 0.00010964423746912867 0.013930642149683899 -0.0052512164357404675 0.00031508841200592779 -0.003976426924109361 -0.00074957354524387296 -0.00014759690836223084 0.00057750672270277304 0.00033277139041339778 0.0013705709408436875 0.00048345441593216195 -0.0046296483129587762 -0.00031745239369411596 -6.8311538294669747e-05
leaf_weight=133 16487 209 144 246 126 1406 80 1756 3970 2723 1503 158 16290 8493
leaf_count=133 16487 209 144 246 126 1406 80 1756 3970 2723 1503 158 16290 8493
internal_value=-7.55644e-05 -4.57807e-06 -5.90917e-05 0.00148203 -0.000421716 -0.00131622 -0.0175 -0.000374149 0.00268586 0.00315668 -0.000588538 -0.00501193 -0.00100343 0.000201189
internal_weight=53724 53511 53302 10150 43152 3053 213 43026 7097 6693 2909 404 26539 10249
internal_count=53724 53511 53302 10150 43152 3053 213 43026 7097 6693 2909 404 26539 10249
cat_boundaries=0 1 2 3
cat_threshold=256 3851 21920
is_linear=0
shrinkage=0.035


Tree=120
num_leaves=15
num_cat=4
split_feature=22 23 33 23 30 33 23 24 32 32 23 22 11 2
split_gain=52.365 30.6789 28.12 21.8255 21.3944 21.4594 21.5226 19.908 31.8262 18.6877 17.794 27.2822 23.6819 20.8006
threshold=0.30778394688095173 1.9828807267754229 0 0.20512848593319441 -0.93543596745397617 1 0.41301601441261887 4.5000000000000009 2 3 1.1030205278592378 0.80305410630835461 790.87121212121224 1.9500000000000002
decision_type=8 10 1 10 2 1 10 2 1 1 8 8 8 10
left_child=3 4 -3 -1 5 6 -2 9 -9 -6 12 -12 -11 -13
right_child=1 2 -4 -5 7 -7 -8 8 -10 10 11 13 -14 -15
leaf_value=-0.0029401657695080118 -0.0019316992533146894 0.0056678669545731052 0.00012939320399725507 -0.00014243101656955223 0.00025341534848907115 -0.00014002463884771332 -0.00051752183071456632 0.00011001365749056247 -0.00064998738240787726 -0.00015874966798022861 -0.0017698324697417666 -0.0004466963127317403 -0.0017581060947984772 0.00052241322347116204
leaf_weight=133 421 499 558 80 17708 5182 1188 5266 5200 9627 488 1181 170 6023
leaf_count=133 421 499 558 80 17708 5182 1188 5266 5200 9627 488 1181 170 6023
internal_value=-5.99304e-05 9.81015e-06 0.00589925 -0.0171789 -0.000109419 -0.00194158 -0.00545259 0.000163243 -0.00117658 0.000561758 -0.000249943 0.00100948 -0.00123903 0.00155361
internal_weight=53724 53511 1057 213 52454 6791 1609 45663 10466 35197 17489 7692 9797 7204
internal_count=53724 53511 1057 213 52454 6791 1609 45663 10466 35197 17489 7692 9797 7204
cat_boundaries=0 1 2 3 4
cat_threshold=8 8 27092 42412
is_linear=0
shrinkage=0.035


Tree=121
num_leaves=15
num_cat=4
split_feature=22 23 30 32 33 23 23 16 22 32 30 32 5 8
split_gain=48.4945 30.473 21.6607 20.9639 20.764 19.9396 19.9019 32.0915 27.3519 28.0609 24.0121 20.5206 20.3782 18.5627
threshold=0.30778394688095173 2.6436217829168225 -0.93543596745397617 0 1 0.20512848593319441 1.2062900538780637 560.35846336601708 0.97854255939394885 2 -0.29342786347392819 3 10.950000000000001 2.0844048251971521
decision_type=8 10 2 1 1 10 10 10 10 1 2 1 10 2
left_child=5 2 3 -2 -5 -1 7 11 12 -10 -11 -4 -8 -13
right_child=1 -3 6 4 -6 -7 8 -9 9 10 -12 13 -14 -15
leaf_value=-0.0028372599675752317 0.00015811212750930449 0.013309289895363743 0.00015282159884279418 -0.0011781039993343336 -0.00030232989109006962 -0.00013744593098961701 -0.00082167554870630664 -0.0042580568796466425 0.00071473209803857307 -0.00095850705668915417 0.00021748704283720613 0.0003132504406006798 0.003727331580803355 -0.00021668796351076631
leaf_weight=133 1733 352 16710 1207 3904 80 133 125 4008 1403 2688 3222 434 17592
leaf_count=133 1733 352 16710 1207 3904 80 133 125 4008 1403 2688 3222 434 17592
internal_value=-6.25361e-05 4.57807e-06 -6.3859e-05 -0.00190101 -0.00302478 -0.0165367 0.000207794 -0.000140357 0.00171952 0.00119632 -0.000843887 -8.02046e-05 0.00911713 -0.000813289
internal_weight=53724 53511 53159 6844 5111 213 46315 37649 8666 8099 4091 37524 567 20814
internal_count=53724 53511 53159 6844 5111 213 46315 37649 8666 8099 4091 37524 567 20814
cat_boundaries=0 1 2 3 4
cat_threshold=20737 8 50420 11688
is_linear=0
shrinkage=0.035


Tree=122
num_leaves=15
num_cat=6
split_feature=22 23 30 32 24 32 32 23 32 23 33 23 16 32
split_gain=46.6225 29.3194 21.1813 20.6249 19.2344 51.0288 23.4667 23.1746 19.8993 19.0285 18.7056 17.8888 22.2349 21.6908
threshold=0.30778394688095173 2.6436217829168225 -0.93543596745397617 0 5.5000000000000009 1 2 0.68949216527613888 3 0.20512848593319441 4 0.87342900336198936 560.35846336601708 5
decision_type=8 10 2 1 2 1 1 8 1 10 1 10 10 1
left_child=9 2 3 -2 6 -6 7 -4 -7 -1 -5 12 -8 -13
right_child=1 -3 4 10 5 8 11 -9 -10 -11 -12 13 -14 -15
leaf_value=-0.0027379558687100985 0.00021799665461254533 0.012843464749026012 -0.00061905589631369544 -0.001074773842029887 -0.0068866897158618859 0.00030167303206834589 2.0964865390706162e-05 -1.320970718439507e-05 -0.00070291065246564982 -0.00013263532340497986 -0.00028258652486831464 0.00096799473903519742 -0.0037972455928823065 0.00028916149496901024
leaf_weight=133 1296 352 1884 1310 221 1621 9406 16763 1961 80 4238 1568 95 12796
leaf_count=133 1296 352 1884 1310 221 1621 9406 16763 1961 80 4238 1568 95 12796
internal_value=-6.25361e-05 3.27005e-06 -6.3859e-05 -0.00188057 0.000204771 -0.00217831 0.000418186 -0.000512003 -0.00112872 -0.0162156 -0.00280604 0.00114468 -3.3137e-05 0.00192428
internal_weight=53724 53511 53159 6844 46315 3803 42512 18647 3582 213 5548 23865 9501 14364
internal_count=53724 53511 53159 6844 46315 3803 42512 18647 3582 213 5548 23865 9501 14364
cat_boundaries=0 1 2 3 4 5 6
cat_threshold=20481 1024 23107 2512 8 128
is_linear=0
shrinkage=0.035


Tree=123
num_leaves=15
num_cat=3
split_feature=22 22 23 17 32 33 30 32 30 30 20 22 21 23
split_gain=44.7137 25.9174 66.0431 32.522 21.7924 20.9556 50.4594 24.0969 23.9305 26.3733 20.6253 18.9543 18.6253 18.1387
threshold=0.30778394688095173 1.5512541582449924 1.9828807267754229 77.53865421287837 0 1 0.64414586362404946 2 0.97461712852231652 -0.93543596745397617 829.2261904761906 1.6741816458481436 1545.9629629629633 0.20512848593319441
decision_type=8 10 8 8 1 1 2 1 2 2 10 10 2 10
left_child=13 5 3 -3 -4 6 7 -2 9 -7 -8 -5 -9 -1
right_child=1 2 4 11 -6 8 10 12 -10 -11 -12 -13 -14 -15
leaf_value=-0.0026421274133052457 0.0002490120556583886 0.00069531524703571389 0.0017572091730696129 -7.6751355920818287e-05 0.0071850054596938259 -0.00050853550578018158 8.9208365185809723e-05 -0.00035597083582485816 -0.00064656070735748424 3.3871783978856045e-06 0.00088404125586594336 -0.0030850937159626808 0.0008150830983424907 -0.00012799308708580574
leaf_weight=133 3910 533 296 110 737 4987 1158 5809 2101 31044 2024 213 589 80
leaf_count=133 3910 533 296 110 737 4987 1158 5809 2101 31044 2024 213 589 80
internal_value=-7.55644e-05 -1.11182e-05 0.00401003 -0.00317073 0.00994701 -0.000158638 0.00102629 -0.000162901 -0.000578027 -0.000366162 0.00487606 -0.0118445 -0.00148448 -0.0158945
internal_weight=53724 53511 1889 856 1033 51622 13490 10308 38132 36031 3182 323 6398 213
internal_count=53724 53511 1889 856 1033 51622 13490 10308 38132 36031 3182 323 6398 213
cat_boundaries=0 1 2 3
cat_threshold=790 2 19617
is_linear=0
shrinkage=0.035


Tree=124
num_leaves=15
num_cat=4
split_feature=22 22 24 32 23 32 19 29 16 30 32 1 16 32
split_gain=44.7137 25.0484 19.1881 60.2134 22.058 27.2987 26.8636 20.9159 20.2464 23.7367 23.0709 19.8908 33.9412 20.0303
threshold=0.30778394688095173 2.2502441627596759 5.5000000000000009 0 1.3782986629240372 1 885.12500000000011 0.35846314187849709 19.126007573605225 0.71952396275653763 2 720.50000000000011 206.63228335259748 3
decision_type=8 10 2 1 10 1 8 2 10 2 1 10 10 1
left_child=-1 2 4 -4 6 7 11 -6 9 -7 -10 12 13 -2
right_child=1 -3 3 -5 5 8 -8 -9 10 -11 -12 -13 -14 -15
leaf_value=-0.0017500217089182375 -0.00025917558801700992 0.012077872727391987 -0.0066978188980792519 -0.00027335910479735025 0.0007418337097553707 -0.00091674289242782544 -0.00056894985226802646 0.0023029289660566744 -0.0043345967467703743 0.0017558794974481069 0.0015817575464286279 0.0012765167662501247 -0.0028014558149866767 7.4694161699747911e-05
leaf_weight=213 10886 209 258 4080 771 1428 1199 553 137 440 1434 498 174 31444
leaf_count=213 10886 209 258 4080 771 1428 1199 553 137 440 1434 498 174 31444
internal_value=-7.55644e-05 -1.11182e-05 -5.90917e-05 -0.00228874 0.000138659 0.00240038 -0.000105302 0.00663928 0.000739722 -0.00171917 0.00366434 3.90634e-05 -4.28145e-05 2.14952e-05
internal_weight=53724 53511 53302 4338 48964 4763 44201 1324 3439 1868 1571 43002 42504 42330
internal_count=53724 53511 53302 4338 48964 4763 44201 1324 3439 1868 1571 43002 42504 42330
cat_boundaries=0 1 2 3 4
cat_threshold=1024 17632 256 579
is_linear=0
shrinkage=0.035


Tree=125
num_leaves=15
num_cat=2
split_feature=22 22 23 30 24 32 19 1 16 22 23 32 3 4
split_gain=41.2205 22.3447 21.3219 19.0841 19.4184 50.3679 21.7103 22.6552 25.0256 29.8001 28.4093 21.5186 23.7431 16.5593
threshold=0.30778394688095173 2.2502441627596759 0.20512848593319441 -0.99465740988130902 5.5000000000000009 0 838.25000000000011 720.50000000000011 206.63228335259748 1.5512541582449924 3.2477849613045007 1 13.050000000000002 210.60000000000002
decision_type=8 10 10 2 2 1 8 10 10 10 8 1 8 10
left_child=2 3 -1 -2 6 -6 7 8 9 11 -11 12 -5 -10
right_child=1 -3 -4 4 5 -7 -8 -9 13 10 -12 -13 -14 -15
leaf_value=-0.0024884021940274233 -0.00058199237773369863 0.011655147181933273 -6.2262569225663425e-05 0.0024501006294915593 -0.0062919431004468665 -0.00026379153612944437 -0.00036216248717390909 0.0013997608611427605 -0.0040740855949243744 0.00092784606947200537 0.016697877066704364 -1.9407188028817968e-05 0.0002850070423498241 -0.00086330983648634019
leaf_weight=133 1904 209 80 169 248 3946 1466 633 88 948 250 35840 7670 140
leaf_count=133 1904 209 80 169 248 3946 1466 633 88 948 250 35840 7670 140
internal_value=-6.38389e-05 -1.96203e-06 -0.0152523 -4.72733e-05 8.03455e-05 -0.00220052 0.000283209 0.000417769 0.000325094 0.000384453 0.00581879 0.000234754 0.00189394 -0.0111159
internal_weight=53724 53511 213 53302 51398 4194 47204 45738 45105 44877 1198 43679 7839 228
internal_count=53724 53511 213 53302 51398 4194 47204 45738 45105 44877 1198 43679 7839 228
cat_boundaries=0 1 2
cat_threshold=1024 1408
is_linear=0
shrinkage=0.035


Tree=126
num_leaves=15
num_cat=4
split_feature=22 23 23 32 30 24 32 33 30 20 32 30 22 0
split_gain=39.4407 22.9996 22.1895 17.3928 16.9634 16.7261 28.1277 15.8269 37.6184 23.0413 22.2568 17.7462 18.9672 42.6638
threshold=0.30778394688095173 0.20512848593319441 2.369857963854511 0 -0.99465740988130902 4.5000000000000009 1 2 0.64414586362404946 1163.4523809523812 3 0.97461712852231652 1.5512541582449924 2680.0000000000005
decision_type=8 10 10 1 2 2 1 1 2 8 1 2 10 8
left_child=1 -1 4 -4 -2 7 -7 8 10 -9 -6 12 -11 -14
right_child=2 -3 3 -5 5 6 -8 9 -10 11 -12 -13 13 -15
leaf_value=-0.0024013081172364632 -0.0005605387263289736 -6.0083379302765324e-05 -0.00037429274021129501 0.010627310910742763 0.00038605376047172739 0.00012694381483445929 -0.0005293587145319867 -0.0011201307433521214 0.00069373658007468319 2.9799298620168947e-05 -0.00016591355293251163 -0.00049502278843343303 0.00014979050876470781 0.014452757755803926
leaf_weight=133 1897 80 217 311 2858 5119 6620 825 2473 25943 4672 1702 633 241
leaf_count=133 1897 80 217 311 2858 5119 6620 825 2473 25943 4672 1702 633 241
internal_value=-7.42616e-05 -0.0149312 -1.37342e-05 0.00709193 -8.5208e-05 3.56227e-05 -0.00112355 0.000381556 0.00158265 -2.86113e-05 0.000353019 0.000138655 0.000358847 0.00541524
internal_weight=53724 213 53511 528 52983 51086 11739 39347 10003 29344 7530 28519 26817 874
internal_count=53724 213 53511 528 52983 51086 11739 39347 10003 29344 7530 28519 26817 874
cat_boundaries=0 1 2 3 4
cat_threshold=35734 18900 2 25761
is_linear=0
shrinkage=0.035


Tree=127
num_leaves=15
num_cat=3
split_feature=22 23 23 19 1 16 30 24 32 32 32 23 16 24
split_gain=37.7678 22.021 21.3538 17.2474 17.4553 23.774 17.0871 16.8523 44.7185 19.188 15.3985 15.1619 16.1793 16.0077
threshold=0.30778394688095173 0.20512848593319441 3.2477849613045007 838.25000000000011 752.00000000000011 364.94967701820059 -0.99465740988130902 5.5000000000000009 0 1 2 1.6857212419431311 206.63228335259748 1.0000000180025095e-35
decision_type=8 10 10 8 10 10 2 2 1 1 1 10 10 2
left_child=1 -1 3 4 5 6 -2 9 -9 -8 -10 12 13 -11
right_child=2 -3 -4 -5 -6 -7 7 8 10 11 -12 -13 -14 -15
leaf_value=-0.0023172623331331869 -0.00054308770727554915 -5.7980461027168783e-05 0.028454285514683347 -0.00036259589542694874 0.0015325828520928409 -0.0045095110365504587 -0.00018770078076845055 -0.0069710011221602464 -0.00075393065841406295 0.00041100668384320917 0.00013802091433138487 0.0017689067051650121 -0.001842743553932609 5.020591196830238e-05
leaf_weight=133 1831 80 176 1714 621 59 11715 200 1808 5411 1917 1071 135 26853
leaf_count=133 1831 80 176 1714 621 59 11715 200 1808 5411 1917 1071 135 26853
internal_value=-7.16559e-05 -0.0146101 -1.24262e-05 -5.31496e-05 6.16937e-05 -9.6069e-06 1.7175e-05 0.000141097 -0.00205725 0.000332264 -0.00115107 0.000758847 0.000623226 0.000674641
internal_weight=53724 213 53511 53335 51621 51000 50941 49110 3925 45185 3725 33470 32399 32264
internal_count=53724 213 53511 53335 51621 51000 50941 49110 3925 45185 3725 33470 32399 32264
cat_boundaries=0 1 2 3
cat_threshold=1024 579 45096
is_linear=0
shrinkage=0.035


Tree=128
num_leaves=15
num_cat=2
split_feature=22 22 23 23 30 3 32 33 23 17 29 22 22 30
split_gain=36.1378 21.0986 21.0637 16.9852 16.5073 23.1976 22.7503 22.1958 33.7969 18.9361 18.7991 18.6673 18.5554 18.4742
threshold=0.30778394688095173 2.2502441627596759 0.20512848593319441 2.6436217829168225 -0.6523320455745395 288.35000000000008 0 1 1.1210356942215858 14.875287445126942 -0.27694604220087021 1.4393882604781594 0.692451919922213 -0.039769286347669845
decision_type=8 10 10 8 2 8 1 1 8 10 2 10 8 2
left_child=2 4 -1 -3 5 -2 9 8 11 -7 -9 -6 -10 -14
right_child=1 3 -4 -5 7 6 -8 10 12 -11 -12 -13 13 -15
leaf_value=-0.0022361581514735258 -6.6584794956321417e-05 -0.0037718571232354253 -5.5951144891217697e-05 0.023487396758735901 5.2974989243398394e-06 0.00050728675362063055 -0.00024822665773150066 0.00017326381558494975 -0.0019688549353675533 -0.0014928014527413104 -0.00023092100831229148 -0.0031143935548538894 0.0013729497652382168 0.00038462865762177949
leaf_weight=133 13437 62 80 147 10213 137 2167 7388 202 635 11160 103 2715 5145
leaf_count=133 13437 62 80 147 10213 137 2167 7388 202 635 11160 103 2715 5145
internal_value=-6.77474e-05 -9.81015e-06 -0.014289 0.0109579 -5.38391e-05 -0.000978573 -0.00379246 0.00035634 0.00121785 -0.00889454 -0.000497764 -0.000108517 0.00291558 0.00318627
internal_weight=53724 53511 213 209 53302 16376 2939 36926 18378 772 18548 10316 8062 7860
internal_count=53724 53511 213 209 53302 16376 2939 36926 18378 772 18548 10316 8062 7860
cat_boundaries=0 1 2
cat_threshold=25098 10
is_linear=0
shrinkage=0.035


Tree=129
num_leaves=15
num_cat=1
split_feature=22 22 23 19 1 16 22 22 23 23 29 32 23 26
split_gain=31.3832 19.893 18.3194 16.7583 17.6868 22.915 20.2357 17.7595 34.0387 16.2714 15.5104 20.5904 17.8868 16.3248
threshold=0.30778394688095173 2.2502441627596759 0.20512848593319441 838.25000000000011 752.00000000000011 239.98137122318215 1.6251824594520763 1.5512541582449924 3.2477849613045007 2.6436217829168225 -0.17647087149565668 0 0.41301601441261887 126.50000000000001
decision_type=8 10 10 8 10 10 10 10 8 8 2 1 8 2
left_child=2 3 -1 4 5 7 -7 10 -9 -3 -2 12 -12 -14
right_child=1 9 -4 -5 -6 6 -8 8 -10 -11 11 -13 13 -15
leaf_value=-0.0021578926161719527 0.00011817280617491211 -0.0036398421239221836 -5.3992854820025393e-05 -0.00035057123112959337 0.0014826395387119386 -5.9206588952104297e-06 -0.0044067327855569841 0.00043405223589959466 0.014272857866851502 0.022665337872180145 -0.0023961733690215248 3.6344983586835138e-05 -9.7802097552280879e-05 -0.00051958133332934316
leaf_weight=133 20755 62 80 1714 615 95 96 1082 285 147 285 15983 7611 4781
leaf_count=133 20755 62 80 1714 615 95 96 1082 285 147 285 15983 7611 4781
internal_value=-7.29587e-05 -1.89663e-05 -0.0133257 -6.1718e-05 5.15574e-05 -1.99105e-05 -0.0119643 2.61878e-05 0.00395408 0.0106308 -8.28612e-05 -0.000610501 -0.00166286 -0.00146245
internal_weight=53724 53511 213 53302 51588 50973 191 50782 1367 209 49415 28660 12677 12392
internal_count=53724 53511 213 53302 51588 50973 191 50782 1367 209 49415 28660 12677 12392
cat_boundaries=0 1
cat_threshold=10827
is_linear=0
shrinkage=0.035


Tree=130
num_leaves=15
num_cat=3
split_feature=22 23 23 30 32 33 23 23 22 16 32 16 2 22
split_gain=29.935 18.677 17.4471 15.9527 18.2936 16.2716 16.9027 15.4696 30.0921 29.0447 27.6939 23.3864 24.3416 19.7286
threshold=0.30778394688095173 3.2477849613045007 0.20512848593319441 -0.93543596745397617 0 1 0.3856267347173799 1.2216780188143184 0.96071026956546846 560.35846336601708 2 42.505479257369139 1043.5000000000002 1.2468080749033932
decision_type=8 10 10 2 1 1 10 10 8 10 1 10 10 10
left_child=2 3 -1 4 -2 6 -6 9 -9 13 11 -10 -13 -5
right_child=1 -3 -4 7 5 -7 -8 8 10 -11 -12 12 -14 -15
leaf_value=-0.0020823663746059348 0.00024225043150128691 0.02639311573220228 -5.2103104901324104e-05 -3.4931257617842885e-05 -0.0020484861418336433 -0.00023766226274107242 -0.00054744267111546234 0.003084157780281694 -0.00066862525205752313 -0.0037561413231154838 0.00063733375402649729 0.0020095520589470482 -0.0037025344378431475 0.0012710400588694666
leaf_weight=133 1301 176 80 36009 335 4246 976 414 2822 126 4500 560 54 1992
leaf_count=133 1301 176 80 36009 335 4246 976 414 2822 126 4500 560 54 1992
internal_value=-6.12332e-05 -8.50213e-06 -0.0130046 -4.65879e-05 -0.00162174 -0.00249372 -0.00588612 0.000185986 0.00154997 -0.000112897 0.00106662 -0.00129817 0.00486268 -5.61753e-05
internal_weight=53724 53511 213 53335 6858 5557 1311 46477 8350 38127 7936 3436 614 38001
internal_count=53724 53511 213 53335 6858 5557 1311 46477 8350 38127 7936 3436 614 38001
cat_boundaries=0 1 2 3
cat_threshold=20481 8 13067
is_linear=0
shrinkage=0.035


Tree=131
num_leaves=15
num_cat=3
split_feature=22 23 23 24 32 33 30 21 32 22 23 16 23 3
split_gain=26.9981 18.7162 15.7665 15.5176 52.4839 19.0868 42.3075 25.7852 22.4668 21.1336 41.0381 19.9473 19.6766 29.8229
threshold=0.30778394688095173 3.2477849613045007 0.20512848593319441 5.5000000000000009 0 1 0.64414586362404946 1224.1203703703707 2 1.5512541582449924 2.1938679142639539 90.706223711825999 0.65676634018723934 37.050000000000004
decision_type=8 10 10 2 1 1 2 2 1 10 8 10 10 10
left_child=2 3 -1 5 -5 6 8 -7 -2 12 11 -11 13 -9
right_child=1 -3 -4 4 -6 7 -8 9 -10 10 -12 -13 -14 -15
leaf_value=-0.0020094835514947273 0.00036073449183236518 0.025469356681575201 -5.0279496229777359e-05 -0.0059957776217155877 -0.00023811309027096594 -0.00087888110454273588 0.00064793653489581167 0.000112932395653092 -0.00014879726495451551 0.00062260071739430602 0.0075881606086354528 -0.0021577067793380604 3.7103836098792977e-05 -0.00061840166587903147
leaf_weight=133 2992 176 80 258 4078 1692 2979 4110 6432 561 553 203 24846 4631
leaf_count=133 2992 176 80 258 4078 1692 2979 4110 6432 561 553 203 24846 4631
internal_value=-7.03531e-05 -2.02743e-05 -0.0123624 -5.8399e-05 -0.00206404 0.000119276 0.00130496 -0.000282975 0.000155902 -7.82033e-05 0.00426248 -0.0010013 -0.000249018 -0.00167677
internal_weight=53724 53511 213 53335 4336 48999 12403 36596 9424 34904 1317 764 33587 8741
internal_count=53724 53511 213 53335 4336 48999 12403 36596 9424 34904 1317 764 33587 8741
cat_boundaries=0 1 2 3
cat_threshold=1024 2 17569
is_linear=0
shrinkage=0.035


Tree=132
num_leaves=15
num_cat=3
split_feature=22 22 0 23 30 32 33 23 22 32 16 6 3 16
split_gain=25.567 16.4359 15.0879 14.8594 14.704 16.9409 17.7836 15.1183 26.5897 26.7944 22.6678 21.7315 22.9124 20.7048
threshold=0.30778394688095173 2.2502441627596759 100.50000000000001 3.2477849613045007 -0.93543596745397617 0 1 1.2216780188143184 0.96071026956546846 2 560.35846336601708 145.10000000000002 832.50000000000011 77.604436292912808
decision_type=8 10 8 8 2 1 1 10 8 1 10 8 8 10
left_child=2 4 -1 -3 5 -2 -7 10 -9 11 -6 -10 13 -13
right_child=1 3 -4 -5 7 6 -8 8 9 -11 -12 12 -14 -15
leaf_value=-0.000707201215017414 0.00020038460311600561 0.0010963024470660289 -0.0024846268027532287 0.02955574068796675 -1.1459920157112502e-05 -8.8463342829394345e-05 -0.00079576582700774119 0.0029309148499222452 -0.00082562046193487794 0.00059667503586867019 -0.0032223538738765886 0.00048932866908634246 -0.0025976062045396189 0.0042581963144405748
leaf_weight=141 1738 113 72 96 37962 2580 2532 415 2248 4924 117 498 121 167
leaf_count=141 1738 113 72 96 37962 2580 2532 415 2248 4924 117 498 121 167
internal_value=-7.94729e-05 -3.07385e-05 -0.0120413 0.00964953 -6.95969e-05 -0.00158279 -0.00259411 0.000153691 0.00149976 0.00104609 -0.000142448 -0.00153821 0.00345133 0.00600746
internal_weight=53724 53511 213 209 53302 6850 5112 46452 8373 7958 38079 3034 786 665
internal_count=53724 53511 213 209 53302 6850 5112 46452 8373 7958 38079 3034 786 665
cat_boundaries=0 1 2 3
cat_threshold=20737 6 13066
is_linear=0
shrinkage=0.035


Tree=133
num_leaves=15
num_cat=2
split_feature=22 22 0 23 30 24 32 6 0 32 23 24 9 22
split_gain=25.5559 16.4447 15.0879 14.8594 14.2688 14.7607 38.4132 16.9133 20.2661 16.7518 33.8727 29.9987 63.8175 42.3086
threshold=0.30778394688095173 2.2502441627596759 100.50000000000001 3.2477849613045007 -0.99465740988130902 5.5000000000000009 0 78.050000000000011 159.80000000000004 1 0.97827486111059303 1.0000000180025095e-35 2592.5000000000005 0.92338654166271406
decision_type=8 10 8 8 2 2 1 10 10 1 10 2 8 10
left_child=2 4 -1 -3 -2 9 7 -7 -9 10 11 12 -6 -13
right_child=1 3 -4 -5 5 6 -8 8 -10 -11 -12 13 -14 -15
leaf_value=-0.00068244917249180362 -0.00049558192813201399 0.0010579318614187174 -0.0023976648646568664 0.028521289763887913 0.0049380493002735828 -0.012374726224443303 -0.00024612665336963991 0.0010175592368572995 -0.0047081497225910218 -6.8354288121269539e-06 0.0010123636099313611 0.00015472597997452599 6.2113695399065866e-05 -0.0011824112378681375
leaf_weight=141 1904 113 72 96 186 94 3946 53 101 41036 2946 1353 775 908
leaf_count=141 1904 113 72 96 186 94 3946 53 101 41036 2946 1353 775 908
internal_value=-8.20786e-05 -3.33545e-05 -0.0120413 0.00964953 -7.22232e-05 3.81301e-05 -0.00195046 -0.0149049 -0.00792453 0.000215001 0.00191331 -0.000563991 0.00460145 -0.00276478
internal_weight=53724 53511 213 209 53302 51398 4194 248 154 47204 6168 3222 961 2261
internal_count=53724 53511 213 209 53302 51398 4194 248 154 47204 6168 3222 961 2261
cat_boundaries=0 1 2
cat_threshold=1024 1152
is_linear=0
shrinkage=0.035


Tree=134
num_leaves=15
num_cat=3
split_feature=22 22 23 23 19 1 16 22 22 23 29 32 32 32
split_gain=24.267 16.3959 16.363 14.8594 13.3745 15.7527 20.2414 17.8194 15.1567 31.4202 14.0505 19.7844 15.0215 12.4116
threshold=0.30778394688095173 2.2502441627596759 0.20512848593319441 3.2477849613045007 838.25000000000011 752.00000000000011 239.98137122318215 1.6251824594520763 1.5512541582449924 3.2477849613045007 -0.17647087149565668 0 1 2
decision_type=8 10 10 8 8 10 10 10 10 8 2 1 1 1
left_child=2 4 -1 -3 5 6 8 -8 10 13 12 -12 -2 -10
right_child=1 3 -4 -5 -6 -7 7 -9 9 -11 11 -13 -14 -15
leaf_value=-0.0018543249925188268 0.00029248804313078305 0.0010209042462690676 6.1239272099353073e-05 0.027523044622151834 -0.00029717507743297307 0.0013686876486901046 -5.1491388667840312e-06 -0.0040840632132341003 0.0016398512565675418 0.013452855556126631 5.3135999199116776e-05 -0.00027900469918925864 -2.5347681899810516e-05 -0.00060353595703285248
leaf_weight=133 9027 113 80 96 1714 615 95 96 329 285 14316 14344 11728 753
leaf_count=133 9027 113 80 96 1714 615 95 96 329 285 14316 14344 11728 753
internal_value=-6.64446e-05 -1.89663e-05 -0.0117202 0.00964953 -5.77785e-05 4.34167e-05 -2.403e-05 -0.01125 1.92963e-05 0.00364796 -8.14448e-05 -0.000583639 0.000611994 0.000901564
internal_weight=53724 53511 213 209 53302 51588 50973 191 50782 1367 49415 28660 20755 1082
internal_count=53724 53511 213 209 53302 51588 50973 191 50782 1367 49415 28660 20755 1082
cat_boundaries=0 1 2 3
cat_threshold=54704 11405 42176
is_linear=0
shrinkage=0.035


Tree=135
num_leaves=15
num_cat=2
split_feature=22 22 23 23 24 32 19 0 33 30 21 20 22 23
split_gain=24.2453 16.4137 16.363 14.8594 13.0517 38.4148 18.2696 23.6097 16.5232 36.1811 24.6229 21.1465 17.7533 31.0727
threshold=0.30778394688095173 2.2502441627596759 0.20512848593319441 3.2477849613045007 5.5000000000000009 0 84.550000000000011 159.80000000000004 1 0.64414586362404946 1224.1203703703707 927.67857142857156 1.5512541582449924 2.369857963854511
decision_type=8 10 10 8 2 1 10 8 1 2 2 8 10 8
left_child=2 4 -1 -3 8 6 -6 -8 9 11 -10 -2 -12 -14
right_child=1 3 -4 -5 5 -7 7 -9 10 -11 12 -13 13 -15
leaf_value=-0.0017894236177806674 -0.00035586734598210603 0.00098517259764965294 5.9095897575875905e-05 0.026559738060376516 -0.01319250196209204 -0.00023226635247102975 0.00096846303463170866 -0.0051247220305676586 -0.00083750505763284923 0.00060852042713997691 -3.4304269798575708e-05 0.00023068661377603219 -1.3396063688586592e-05 0.0091689760195052625
leaf_weight=133 2805 113 80 96 79 4080 55 124 1693 2979 33606 6629 815 437
leaf_count=133 2805 113 80 96 79 4080 55 124 1693 2979 33606 6629 815 437
internal_value=-7.16559e-05 -2.41984e-05 -0.0117202 0.00964953 -6.30311e-05 -0.00190191 -0.0146154 -0.00855978 0.000100063 0.00120253 -0.000274709 0.000140905 -7.42908e-05 0.00400955
internal_weight=53724 53511 213 209 53302 4338 258 179 48964 12413 36551 9434 34858 1252
internal_count=53724 53511 213 209 53302 4338 258 179 48964 12413 36551 9434 34858 1252
cat_boundaries=0 1 2
cat_threshold=1024 2
is_linear=0
shrinkage=0.035


Tree=136
num_leaves=15
num_cat=4
split_feature=23 32 22 32 3 30 3 32 33 23 22 17 16 22
split_gain=21.7871 23.4029 20.7295 20.3403 19.2301 15.4349 22.438 22.3772 20.1246 26.4074 19.1325 18.9516 17.7735 23.7085
threshold=0.41301601441261887 0 0.83659592440080255 1 58.550000000000004 -0.6523320455745395 288.35000000000008 2 3 1.1210356942215858 0.94889526464176621 14.875287445126942 560.35846336601708 1.5236325238862833
decision_type=8 1 10 1 8 2 8 1 1 10 8 10 10 8
left_child=1 -1 4 -4 -3 6 -2 11 9 12 -11 -8 13 -7
right_child=5 2 3 -5 -6 8 7 -9 -10 10 -12 -13 -14 -15
leaf_value=0.0029150723778014849 -3.2451823430429966e-05 -0.00045426110502063235 -0.0066344074331378972 0.0084635663096455545 -0.0015173656063332788 3.9785364769142076e-05 0.00047569754246050151 -0.00023533759336485829 -6.7472954357272741e-05 0.0035644987257950475 0.00057228144337153849 -0.001570121351418886 -0.003004307017934076 0.009255137785333897
leaf_weight=114 13175 418 100 124 511 12497 137 2128 18265 294 5051 604 72 234
leaf_count=114 13175 418 100 124 511 12497 137 2128 18265 294 5051 604 72 234
internal_value=-6.90502e-05 -0.00459513 -0.00608305 0.00336245 -0.00843148 4.06961e-05 -0.000863605 -0.00366562 0.000439206 0.00126411 0.00332991 -0.00884259 0.000401702 0.000502905
internal_weight=53724 1267 1153 224 929 52457 16044 2869 36413 18148 5345 741 12803 12731
internal_count=53724 1267 1153 224 929 52457 16044 2869 36413 18148 5345 741 12803 12731
cat_boundaries=0 1 2 3 4
cat_threshold=16644 6163 25098 10
is_linear=0
shrinkage=0.035


Tree=137
num_leaves=15
num_cat=2
split_feature=22 22 0 23 30 24 32 19 0 32 23 24 9 22
split_gain=21.6815 15.301 15.2569 13.7653 13.0512 13.2509 30.1317 17.7778 21.0695 16.4711 31.2438 27.3691 62.2665 40.5623
threshold=0.30778394688095173 2.2502441627596759 100.50000000000001 3.2477849613045007 -0.99465740988130902 5.5000000000000009 0 84.550000000000011 159.80000000000004 1 0.97827486111059303 1.0000000180025095e-35 2592.5000000000005 0.92338654166271406
decision_type=8 10 8 8 2 2 1 10 10 1 10 2 8 10
left_child=2 4 -1 -3 -2 9 7 -7 -9 10 11 12 -6 -13
right_child=1 3 -4 -5 5 6 -8 8 -10 -11 -12 13 -14 -15
leaf_value=-0.00051934987072044594 -0.00044817058198552587 0.00095305311013443199 -0.0022329554677863375 0.025306217405776651 0.0047441380825207456 -0.012687855092971873 -0.00022150549818935857 0.00093570264223966537 -0.0045112728255708662 -5.58844906792172e-06 0.00096554914772550577 0.00014978727396646409 1.0032105513091417e-07 -0.0011410694041278134
leaf_weight=141 1904 113 72 96 186 75 3946 57 116 41036 2946 1353 775 908
leaf_count=141 1904 113 72 96 186 75 3946 57 116 41036 2946 1353 775 908
internal_value=-6.25361e-05 -1.76583e-05 -0.011078 0.00932243 -5.51522e-05 5.03862e-05 -0.00183377 -0.013308 -0.00727528 0.000217967 0.00190199 -0.000477223 0.00445652 -0.00257944
internal_weight=53724 53511 213 209 53302 51398 4194 248 173 47204 6168 3222 961 2261
internal_count=53724 53511 213 209 53302 51398 4194 248 173 47204 6168 3222 961 2261
cat_boundaries=0 1 2
cat_threshold=1024 1152
is_linear=0
shrinkage=0.035


Tree=138
num_leaves=15
num_cat=4
split_feature=23 22 32 32 22 30 3 32 17 33 23 22 1 29
split_gain=21.0194 22.7835 22.8077 16.6449 14.3619 13.2776 19.3018 21.1572 17.7604 16.8192 23.3302 20.2446 15.7221 15.1671
threshold=0.3856267347173799 0.77527575969891271 0 1 2.2502441627596759 -0.6523320455745395 288.35000000000008 2 14.875287445126942 3 1.1210356942215858 0.94889526464176621 250.50000000000003 0.93544191479114935
decision_type=8 10 1 1 10 2 8 1 10 1 10 8 10 2
left_child=1 3 -3 -1 5 6 12 8 -8 10 -7 -12 -2 -13
right_child=4 2 -4 -5 -6 9 7 -9 -10 -11 11 13 -14 -15
leaf_value=-0.0014363957873120669 -7.2985251676159222e-05 -0.0071838361973175406 0.0060980580150441412 -0.00037060230290908669 0.0089550315214378447 3.9640601803019317e-05 0.00045924372419176354 -0.00021855534268884233 -0.0014680808559072193 -6.5539789980076374e-05 0.0034399368661096005 0.0003320986908515084 0.00091948916679766358 0.0021259243345627824
leaf_weight=395 12861 107 188 396 205 12827 137 2136 604 18278 294 4184 351 761
leaf_count=395 12861 107 188 396 205 12827 137 2136 604 18278 294 4184 351 761
internal_value=-6.77474e-05 -0.00487626 0.00338333 -0.00795854 3.19131e-05 -4.67218e-06 -0.000841618 -0.00343685 -0.00847222 0.000365897 0.00112273 0.0030902 -0.000275403 0.00255253
internal_weight=53724 1086 295 791 52638 52433 16089 2877 741 36344 18066 5239 13212 4945
internal_count=53724 1086 295 791 52638 52433 16089 2877 741 36344 18066 5239 13212 4945
cat_boundaries=0 1 2 3 4
cat_threshold=6166 15458 25098 10
is_linear=0
shrinkage=0.035


Tree=139
num_leaves=15
num_cat=3
split_feature=23 32 23 30 3 32 17 1 33 23 20 30 30 26
split_gain=19.8128 21.0635 21.426 13.3909 19.7822 21.1035 19.459 17.0687 16.7397 23.4812 19.7444 25.3861 17.997 30.1073
threshold=0.3856267347173799 0 0.13344941042644634 -0.6523320455745395 280.75000000000006 1 14.875287445126942 250.50000000000003 2 1.6857212419431311 829.2261904761906 0.04621408538533487 -0.022575793296316496 116.50000000000001
decision_type=8 1 10 2 8 1 10 10 1 10 8 2 2 2
left_child=1 -1 -3 4 7 6 -6 -2 9 10 11 -5 13 -12
right_child=3 2 -4 8 5 -7 -8 -9 -10 -11 12 -13 -14 -15
leaf_value=-0.0013504729189037768 -6.9867995671131223e-05 0.0050861263777788575 -0.00045478250703879066 -0.001225185100706261 0.00044317019384505389 -0.00021231201405242763 -0.0015085922884808998 0.0010910013696480061 -5.9336549602018182e-05 0.0024588443602053776 0.0016595133974486003 1.6377218391965268e-05 5.8792874270727776e-05 0.0002920926442907626
leaf_weight=532 12860 99 455 725 141 2157 614 337 18326 980 1122 2214 9018 4144
leaf_count=532 12860 99 455 725 141 2157 614 337 18326 980 1122 2214 9018 4144
internal_value=-7.94729e-05 -0.00474794 0.000123023 1.72862e-05 -0.000823197 -0.00343161 -0.00840909 -0.000246554 0.000387995 0.00113926 0.000839041 -0.0017714 0.00137658 0.00300133
internal_weight=53724 1086 554 52638 16109 2912 755 13197 36529 18203 17223 2939 14284 5266
internal_count=53724 1086 554 52638 16109 2912 755 13197 36529 18203 17223 2939 14284 5266
cat_boundaries=0 1 2 3
cat_threshold=7250 25098 10
is_linear=0
shrinkage=0.035


Tree=140
num_leaves=15
num_cat=3
split_feature=22 23 22 23 24 32 19 10 32 0 23 32 1 22
split_gain=19.1789 15.3075 13.2805 14.4782 12.525 35.5637 18.025 18.1139 15.9008 15.1684 14.562 15.6003 17.8161 14.0472
threshold=0.30778394688095173 0.20512848593319441 2.2502441627596759 2.6436217829168225 5.5000000000000009 0 97.354166666666671 165.08333333333334 1 230.50000000000003 1.6857212419431311 2 19.100000000000005 0.80695080211776382
decision_type=8 10 10 8 2 1 10 10 1 10 10 1 10 8
left_child=1 -1 4 -4 8 6 -6 -8 13 -7 -10 -12 -13 -2
right_child=2 -3 3 -5 5 9 7 -9 10 -11 11 12 -14 -15
leaf_value=-0.0016029988714241852 -0.00092930299161067553 0.00015660133005787394 -0.0041321743290425048 0.017737909807686324 -0.011209270168147807 -0.00040080473664959543 0.00090795291341843394 -0.0043608794611039768 4.3305494071841368e-05 0.00050499113513999391 0.0036804679962230183 -0.0024274805014071112 0.001646676260106025 -0.00011076181954573495
leaf_weight=133 1618 80 62 147 92 3523 51 115 38506 557 279 376 758 7427
leaf_count=133 1618 80 62 147 92 3523 51 115 38506 557 279 376 758 7427
internal_value=-7.55644e-05 -0.0104358 -3.33545e-05 0.00866822 -6.82837e-05 -0.00186968 -0.0141026 -0.00736842 9.14865e-05 -0.00104274 0.000391771 0.00387518 0.00194952 -0.00123234
internal_weight=53724 213 53511 209 53302 4338 258 166 48964 4080 39919 1413 1134 9045
internal_count=53724 213 53511 209 53302 4338 258 166 48964 4080 39919 1413 1134 9045
cat_boundaries=0 1 2 3
cat_threshold=1024 578 17440
is_linear=0
shrinkage=0.035


Tree=141
num_leaves=15
num_cat=3
split_feature=22 23 23 21 33 30 30 21 23 32 22 32 29 5
split_gain=17.9944 14.5108 12.8789 11.4321 14.4887 30.9038 20.1115 20.5148 17.4347 18.0431 19.8884 16.018 14.1724 13.9819
threshold=0.30778394688095173 0.20512848593319441 3.2477849613045007 670.18874643874653 0 0.64414586362404946 0.97461712852231652 1224.1203703703707 0.95000784272717786 1 0.60587144423659944 2 0.19337368024598436 89.90000000000002
decision_type=8 10 10 2 1 2 2 2 8 1 10 1 2 10
left_child=1 -1 3 -2 5 11 7 -6 9 -7 -11 12 -5 -13
right_child=2 -3 -4 4 6 8 -8 -9 -10 10 -12 13 -14 -15
leaf_value=-0.0015468939109243391 -0.00072935010090871511 0.00015112028350584923 0.020108715074586624 0.00051658225606902928 -0.00074237669343164348 0.0011898528307155033 -0.00060977996287205462 9.8264104147427491e-06 0.00073854250665223223 0.001456412958868293 -0.0005024413206749051 5.4905449379651367e-05 -6.2156202493099388e-05 -0.00061527405288528303
leaf_weight=133 803 80 176 2397 1829 165 2162 35561 2429 61 625 3253 1923 2127
leaf_count=133 803 80 176 2397 1829 165 2162 35561 2429 61 625 3253 1923 2127
internal_value=-7.94729e-05 -0.0101147 -3.85866e-05 -7.021e-05 -6.66197e-06 0.00100731 -0.000339677 -0.000149753 0.00394216 -0.000367991 -0.00289586 1.44256e-05 0.00159862 -0.00125857
internal_weight=53724 213 53511 53335 52532 12980 39552 37390 3280 851 686 9700 4320 5380
internal_count=53724 213 53511 53335 52532 12980 39552 37390 3280 851 686 9700 4320 5380
cat_boundaries=0 1 2 3
cat_threshold=2 9220 19681
is_linear=0
shrinkage=0.035


Tree=142
num_leaves=15
num_cat=2
split_feature=22 0 24 32 23 20 19 33 30 21 20 30 29 8
split_gain=16.8975 15.0307 12.362 30.122 18.3287 19.7572 18.1789 15.8375 32.3609 18.8383 17.7634 17.151 18.3833 16.9019
threshold=0.30778394688095173 160.50000000000003 5.5000000000000009 0 2.369857963854511 1519.6428571428573 84.550000000000011 1 0.64414586362404946 1159.574275362319 927.67857142857156 0.99024581825578073 0.10837544681456425 8.317636089496558
decision_type=8 8 2 1 10 10 10 1 2 2 8 2 2 2
left_child=1 -1 4 6 7 -6 -4 8 10 -9 13 -11 -13 -2
right_child=2 -3 3 -5 5 -7 -8 9 -10 11 -12 12 -14 -15
leaf_value=-0.00054192864999945802 0.00042154384848585501 -0.0026347711430128253 -0.011886053864715151 -0.00019751022021149286 -0.0057473966437222492 0.0076813671973235131 -0.0020941899192174953 -0.001163625556895187 0.0005481576485164586 -3.7810996645185063e-06 0.00021494541168943119 -0.00049138865580063314 -0.0032516894597490456 -0.00051307461983570335
leaf_weight=159 562 54 79 4090 77 407 179 851 2961 34290 6603 1039 135 2238
leaf_count=159 562 54 79 4090 77 407 179 851 2961 34290 6603 1039 135 2238
internal_value=-6.90502e-05 -0.00979358 -2.94305e-05 -0.00181714 0.000128844 0.00687117 -0.0130769 6.11084e-05 0.00114226 -0.000307322 0.000137649 -0.000183541 -0.00433418 -0.00219608
internal_weight=53724 213 53511 4348 49163 484 258 48679 12364 36315 9403 35464 1174 2800
internal_count=53724 213 53511 4348 49163 484 258 48679 12364 36315 9403 35464 1174 2800
cat_boundaries=0 1 2
cat_threshold=1024 2
is_linear=0
shrinkage=0.035


Tree=143
num_leaves=15
num_cat=3
split_feature=5 30 21 1 15 3 23 32 24 32 23 32 9 1
split_gain=17.1241 13.6438 12.7805 12.6529 46.925 36.0872 45.7103 30.8034 17.2709 16.7622 15.8194 23.3211 15.7716 15.6137
threshold=2025.0000000000002 -0.99465740988130902 613.77500000000009 84.100000000000009 79.975000000000009 78.050000000000011 0.67609160807919311 0 1.0000000180025095e-35 1 0.88202963833570391 2 2817.5000000000005 47.550000000000004
decision_type=10 2 2 10 2 10 10 1 2 1 8 1 8 10
left_child=1 -1 -3 5 12 13 7 -7 10 -8 11 -6 -5 -4
right_child=-2 2 3 4 8 6 9 -9 -10 -11 -12 -13 -14 -15
leaf_value=-0.00046920497680039564 -0.0010981206738051019 -0.00091722422057996403 -1.9770932621452076e-05 0.0018278016054855668 0.0036317968144894777 -0.0007530878560517868 -0.00065996378571767881 -0.00263145599592534 -4.7107991706341058e-06 0.00012968697458414671 0.00029473378627095539 0.00056722617139676255 0.0057077348178542296 0.00034521941170532203
leaf_weight=1916 303 212 24814 758 115 611 1091 619 13658 2331 2007 273 197 4819
leaf_count=1916 303 212 24814 758 115 611 1091 619 13658 2331 2007 273 197 4819
internal_value=-6.64446e-05 -1.89982e-05 8.90118e-05 0.000124859 0.00090519 -0.000262321 -0.00312648 -0.00889879 0.000455536 -0.00104173 0.00319375 0.00961832 0.00842188 0.000187766
internal_weight=53724 53421 51505 51293 17008 34285 4652 1230 16053 3422 2395 388 955 29633
internal_count=53724 53421 51505 51293 17008 34285 4652 1230 16053 3422 2395 388 955 29633
cat_boundaries=0 1 2 3
cat_threshold=51484 20832 17408
is_linear=0
shrinkage=0.035


Tree=144
num_leaves=15
num_cat=3
split_feature=23 32 22 32 22 23 0 32 23 3 7 29 0 13
split_gain=16.4687 19.8645 16.4768 19.3546 17.9008 18.0556 12.6651 12.4221 11.624 11.4566 19.1638 13.4096 13.1128 26.1439
threshold=0.41301601441261887 0 0.83659592440080255 1 0.5299172649572651 0.35761826530182406 6.5500000000000007 2 3.2477849613045007 832.50000000000011 576.57608695652186 0.94138322595482449 361.00000000000006 320.25000000000006
decision_type=8 1 10 1 10 10 10 1 10 10 2 2 10 10
left_child=1 -1 4 -4 5 7 -6 -3 9 12 -11 -12 -2 -14
right_child=8 2 3 -5 6 -7 -8 -9 -10 10 11 -13 13 -15
leaf_value=0.0025964984638606721 -6.8174305815499328e-06 0.00031199935277454854 -0.0063524497846439345 0.0078126993620597669 -0.00046677014037997309 0.00052256247565631248 -0.0046334912056431666 -0.00097907268149289694 0.019134138664335418 -0.0042474692746972895 -0.00035839627379212068 0.0012293920890753198 0.0034045049424881796 0.00019617431179223601
leaf_weight=114 47107 119 100 124 80 159 252 319 176 66 1386 122 155 3445
leaf_count=114 47107 119 100 124 80 159 252 319 176 66 1386 122 155 3445
internal_value=-5.47191e-05 -0.00398978 -0.00536387 0.00305677 -0.00745717 -0.00377907 -0.0139169 -0.00742664 4.06961e-05 1.00409e-05 -0.0029259 -0.00208196 0.000101455 0.00213592
internal_weight=53724 1267 1153 224 929 597 332 438 52457 52281 1574 1508 50707 3600
internal_count=53724 1267 1153 224 929 597 332 438 52457 52281 1574 1508 50707 3600
cat_boundaries=0 1 2 3
cat_threshold=16644 6163 522
is_linear=0
shrinkage=0.035


Tree=145
num_leaves=15
num_cat=2
split_feature=23 32 26 23 23 30 3 32 17 1 16 19 23 22
split_gain=16.9657 18.0284 14.5058 12.9571 11.61 10.7771 18.8571 21.0979 19.8321 16.1268 14.0986 13.7735 12.8576 25.9997
threshold=0.41301601441261887 0 195.50000000000003 0.13344941042644634 3.2477849613045007 -0.6523320455745395 280.75000000000006 1 14.875287445126942 500.50000000000006 66.01711033602956 1.2875000000000003 1.0714699872991333 0.59027795823797924
decision_type=8 1 2 10 10 2 8 1 10 10 10 10 8 8
left_child=1 3 -3 -1 5 6 10 8 -8 -10 12 -7 -2 -14
right_child=4 2 -4 -5 -6 11 7 -9 9 -11 -12 -13 13 -15
leaf_value=0.0044410242570758277 0.00010422508635323569 -0.0013714779214303921 0.00013193315315213061 -0.0002013697916458717 0.018464443811083683 -0.0013528023052798903 0.00043970850347980377 -0.00020506238019315199 -0.0016410050870413824 -0.00050727103691187547 0.00375352152612878 6.8796293648542287e-05 -0.0054359623320201006 -0.00024064050155493623
leaf_weight=84 7521 575 202 406 176 176 140 2146 463 146 214 36092 75 5308
leaf_count=84 7521 575 202 406 176 176 140 2146 463 146 214 36092 75 5308
internal_value=-5.08105e-05 -0.00404481 -0.00729167 0.00124752 4.60333e-05 1.53961e-05 -0.000740729 -0.00329483 -0.00829188 -0.0111156 -0.000176027 0.000349296 -0.000325354 -0.00163048
internal_weight=53724 1267 777 490 52457 52281 16013 2895 749 609 13118 36268 12904 5383
internal_count=53724 1267 777 490 52457 52281 16013 2895 749 609 13118 36268 12904 5383
cat_boundaries=0 1 2
cat_threshold=50092 25098
is_linear=0
shrinkage=0.035


Tree=146
num_leaves=15
num_cat=2
split_feature=23 32 22 19 23 0 2 22 23 3 24 32 29 23
split_gain=14.3579 18.2958 18.6889 13.669 11.603 10.769 10.4235 10.1472 10.3233 10.1411 10.1033 20.5395 15.3323 13.7013
threshold=0.41301601441261887 0 1.0062608885017423 1466.5000000000002 3.2477849613045007 2.5500000000000003 9.0500000000000025 0.5299172649572651 0.35761826530182406 3725.0000000000005 4.5000000000000009 1 0.99907018497641664 0.66365677480395202
decision_type=8 1 10 8 10 10 10 10 10 10 2 1 2 8
left_child=1 7 3 5 9 -3 -7 8 -1 10 12 13 -2 -12
right_child=4 2 -4 -5 -6 6 -8 -9 -10 -11 11 -13 -14 -15
leaf_value=-0.00077315462874476607 6.0652731977651202e-05 0.0051535600430662144 0.010935431825701433 -0.0015448966852545957 0.017818188277695754 -0.0013176290226016858 1.2205145585515166e-05 -0.005043932321167767 0.0010958483659732872 -0.0024565078804379688 -0.00073815226404196055 -0.00035127038795753853 -0.00094613541093659917 0.00031237280663814874
leaf_weight=175 39806 57 73 50 176 170 487 197 58 52 308 7967 538 3610
leaf_count=175 39806 57 73 50 176 170 487 197 58 52 308 7967 538 3610
internal_value=-4.03879e-05 -0.00371462 -0.000616197 -0.00227568 4.87019e-05 -0.000973574 -0.00227341 -0.0094382 -0.00455882 1.80737e-05 3.41731e-05 -0.000862489 0.000298396 0.00121027
internal_weight=53724 1267 837 764 52457 714 657 430 233 52281 52229 11885 40344 3918
internal_count=53724 1267 837 764 52457 714 657 430 233 52281 52229 11885 40344 3918
cat_boundaries=0 1 2
cat_threshold=6226 2512
is_linear=0
shrinkage=0.035


Tree=147
num_leaves=15
num_cat=2
split_feature=23 32 22 19 22 23 23 30 3 32 17 1 1 16
split_gain=14.0013 17.6475 18.6889 13.669 10.9124 13.829 10.7655 9.64252 16.6663 18.3638 17.3902 13.8916 13.7404 13.3829
threshold=0.41301601441261887 0 1.0062608885017423 1466.5000000000002 2.2502441627596759 2.6436217829168225 0.13344941042644634 -0.6523320455745395 280.75000000000006 1 14.875287445126942 250.50000000000003 500.50000000000006 1.6603713526007389
decision_type=8 1 10 8 10 8 10 2 8 1 10 10 10 8
left_child=1 -1 3 6 7 -6 -3 8 11 10 -10 13 -12 -2
right_child=4 2 -4 -5 5 -7 -8 -9 9 -11 12 -13 -14 -15
leaf_value=-0.001319725288482882 0.00043228354752941378 0.0031148701562886886 0.010552691711801886 -0.0014908253012706849 -0.0065703919077448195 0.015322557285731005 -0.00043269828103749094 5.7514908474884389e-05 0.00040882280369202052 -0.00019575539081316209 -0.0015802128450920271 0.00096634328008463283 -0.00048443074164031242 -0.00015667197628323415
leaf_weight=430 2528 98 73 50 57 147 616 36229 141 2145 462 332 144 10272
leaf_count=430 2528 98 73 50 57 147 616 36229 141 2145 462 332 144 10272
internal_value=-3.1268e-05 -0.00365959 -0.000616197 -0.00227568 5.67077e-05 0.00803828 -0.000973574 2.47809e-05 -0.000689999 -0.00309285 -0.00776247 -0.000159854 -0.0104255 -0.000344397
internal_weight=53724 1267 837 764 52457 204 714 52253 16024 2892 747 13132 606 12800
internal_count=53724 1267 837 764 52457 204 714 52253 16024 2892 747 13132 606 12800
cat_boundaries=0 1 2
cat_threshold=6226 25098
is_linear=0
shrinkage=0.035


Tree=148
num_leaves=15
num_cat=1
split_feature=23 32 22 16 2 1 14 23 16 23 3 7 0 13
split_gain=13.9611 17.2419 12.769 18.3231 14.3301 12.0814 12.412 10.8104 10.7026 10.6039 10.5322 19.4542 13.2567 24.4442
threshold=0.41301601441261887 0 0.83659592440080255 24.784787961282269 8.5500000000000025 18.050000000000004 50.025000000000006 0.20512848593319441 1.1690451944500064 3.2477849613045007 832.50000000000011 576.57608695652186 361.00000000000006 320.25000000000006
decision_type=8 1 10 10 10 8 10 10 10 10 10 2 10 10
left_child=1 -1 3 5 -4 8 -7 -6 -3 10 12 -12 -2 -14
right_child=9 2 4 -5 7 6 -8 -9 -10 -11 11 -13 13 -15
leaf_value=0.00048512644244947089 -7.7488237838774243e-06 0.00046325114130730069 -0.0066395437324203773 -0.0017036131644750218 0.010512938375986745 0.0009080547511342564 -0.00061137100704047322 0.00013584547130453928 -0.0019797603822140743 0.016658262182975812 -0.0040981429331775612 -0.00024292057546485975 0.0032728170417682728 0.00019262572425999492
leaf_weight=277 47107 51 51 285 52 152 159 95 145 176 66 1508 155 3445
leaf_count=277 47107 51 51 285 52 152 159 95 145 176 66 1508 155 3445
internal_value=-3.64794e-05 -0.00365959 -0.00578109 -0.00781681 0.00206897 -0.00375977 0.000553797 0.00759868 -0.0104478 5.13705e-05 2.209e-05 -0.00279291 0.000109737 0.00215534
internal_weight=53724 1267 990 792 198 507 311 147 196 52457 52281 1574 50707 3600
internal_count=53724 1267 990 792 198 507 311 147 196 52457 52281 1574 50707 3600
cat_boundaries=0 1
cat_threshold=16780
is_linear=0
shrinkage=0.035


Tree=149
num_leaves=15
num_cat=3
split_feature=20 22 30 32 23 24 32 29 22 23 23 33 30 26
split_gain=13.6551 13.5023 11.1839 12.0554 10.664 10.3988 20.8675 14.9358 14.4749 41.1935 19.9965 14.3714 23.7131 18.6554
threshold=632.32142857142867 0.82941136961873985 -0.99465740988130902 0 1.0966799103925051 4.5000000000000009 1 0.99907018497641664 1.5512541582449924 1.5567201719485986 3.2477849613045007 2 0.48877522411129348 297.50000000000006
decision_type=8 10 2 1 8 2 1 2 10 8 8 1 2 2
left_child=1 -1 3 4 -2 7 -7 8 11 -10 -11 12 13 -4
right_child=2 -3 5 -5 -6 6 -8 -9 9 10 -12 -13 -14 -15
leaf_value=-0.0016745971839417272 0.00056385701214028668 -0.00018723926257988496 0.00011547893246567577 -0.00076815797957425721 -0.00075455165516951142 0.00014694858394241896 -0.00041513179516937453 -0.00091106260167341695 -0.0026669862368103002 0.0009381228790790847 0.013693749324794063 -8.8141422648391208e-06 0.0005004743776990168 -0.0022000621732237171
leaf_weight=132 444 286 6487 1225 260 5127 6687 548 283 762 369 28171 2820 123
leaf_count=132 444 286 6487 1225 260 5127 6687 548 283 762 369 28171 2820 123
internal_value=-2.47539e-05 -0.00628842 2.49479e-05 -0.0025879 0.00107093 0.000123292 -0.000787715 0.000395395 0.000476294 0.00394644 0.00693222 0.000345291 0.00152673 0.000380952
internal_weight=53724 418 53306 1929 704 51377 11814 39563 39015 1414 1131 37601 9430 6610
internal_count=53724 418 53306 1929 704 51377 11814 39563 39015 1414 1131 37601 9430 6610
cat_boundaries=0 1 2 3
cat_threshold=6435 18900 2
is_linear=0
shrinkage=0.035


Tree=150
num_leaves=15
num_cat=2
split_feature=23 32 17 8 22 26 1 10 3 32 0 8 22 23
split_gain=12.7849 16.5221 12.8482 25.1305 18.7119 12.6828 10.923 9.9091 9.80165 20.5089 18.3812 17.487 21.9801 28.6298
threshold=0.41301601441261887 0 19.286515936521507 16.274104751852487 0.89875683720729149 109.50000000000001 17.050000000000004 51.745000000000012 832.50000000000011 1 361.00000000000006 87.407836391970633 1.5858780692660879 3.2477849613045007
decision_type=8 1 10 2 10 2 10 10 8 1 10 2 10 8
left_child=1 -1 3 5 6 -3 -4 -8 10 -10 11 12 -2 -14
right_child=8 2 4 -5 -6 -7 7 -9 9 -11 -12 -13 13 -15
leaf_value=0.00049503254624883811 6.5863684400274685e-06 -0.0021595736455268461 -0.0018169617488329778 0.0011195312343193862 0.0032825302375594605 -0.00010432624238109868 0.00039034058209844804 -0.0012207518547492568 -0.00090873359939404276 6.1316486531879665e-05 0.00038169979172073492 -0.0006035299541211431 0.00058726324151166253 0.016346157000934829
leaf_weight=277 41631 111 85 113 81 212 68 320 1697 2664 3434 2038 732 261
leaf_count=277 41631 111 85 113 81 212 68 320 1697 2664 3434 2038 732 261
internal_value=-2.73595e-05 -0.0034945 -0.00557214 -0.00111111 -0.00914132 -0.00608232 -0.0117887 -0.00908397 5.67077e-05 -0.00153115 0.000200827 1.09701e-05 0.000162565 0.00529559
internal_weight=53724 1267 990 436 554 323 473 388 52457 4361 48096 44662 42624 993
internal_count=53724 1267 990 436 554 323 473 388 52457 4361 48096 44662 42624 993
cat_boundaries=0 1 2
cat_threshold=16780 27410
is_linear=0
shrinkage=0.035


Tree=151
num_leaves=15
num_cat=1
split_feature=22 23 32 22 23 22 22 7 3 16 14 23 4 16
split_gain=11.9151 14.1732 11.3566 16.9804 28.308 37.2094 29.0914 24.6804 17.7506 19.5427 16.2816 14.4877 17.632 15.9421
threshold=0.30778394688095173 0.13344941042644634 0 0.92532705215721334 0.35761826530182406 0.61968439436793876 0.68363360969387765 54.687750000000008 14.65 2.5625508125043468 857.50000000000011 1.2432593980711137 28.550000000000004 7.3202263171052815
decision_type=8 10 1 10 10 8 8 2 10 10 8 10 10 10
left_child=1 -1 -2 4 6 7 -4 -6 9 -8 -5 13 -13 -7
right_child=2 -3 3 10 5 11 8 -9 -10 -11 -12 12 -14 -15
leaf_value=-0.0028381287202578036 9.297874607474333e-05 -0.00023570665296381127 -0.0019008652552030727 5.2677516216432804e-05 -7.3195039361877994e-05 -7.6977155683725099e-05 -0.00021619377224728318 0.00096678772380884867 -0.0010384983467753529 0.0047135476741028285 -0.0013155251215564146 -0.00091387785294001051 0.0062796371844010537 -0.00066720968075425276
leaf_weight=67 23767 146 670 18757 417 4419 368 594 934 107 345 85 83 2965
leaf_count=67 23767 146 670 18757 417 4419 368 594 934 107 345 85 83 2965
internal_value=-2.21482e-05 -0.00818807 1.11182e-05 -0.000444571 -0.00156476 -0.00067402 -0.00522313 0.00561516 -0.00235149 0.00313542 0.000179515 -0.00151912 0.00849711 -0.00175261
internal_weight=53724 213 53511 29744 10642 8563 2079 1011 1409 475 19102 7552 168 7384
internal_count=53724 213 53511 29744 10642 8563 2079 1011 1409 475 19102 7552 168 7384
cat_boundaries=0 1
cat_threshold=11684
is_linear=0
shrinkage=0.035


Tree=152
num_leaves=15
num_cat=4
split_feature=24 32 32 23 20 32 5 11 3 26 22 4 23 33
split_gain=10.1339 24.1871 14.4366 15.8507 16.6631 14.0127 16.031 16.6743 15.9638 12.9756 12.4111 12.1804 27.5513 16.8149
threshold=5.5000000000000009 0 1 2.369857963854511 1519.6428571428573 2 90.300000000000011 148.35416666666671 341.00000000000006 101.50000000000001 1.498573722981692 110.25000000000001 1.084705556032062 3
decision_type=2 1 1 10 10 1 8 10 10 2 8 10 10 1
left_child=2 -2 11 -4 -5 6 -3 -8 10 -6 -7 13 -13 -1
right_child=1 5 3 4 9 8 7 -9 -10 -11 -12 12 -14 -15
leaf_value=0.00027362205703024945 0.0001903138764836704 -0.010138374412994847 5.1715222658094702e-05 -0.0065446086338299386 -0.0029179970409951997 -0.0006651387680801635 0.0009196189165817071 -0.0037237404630855379 0.00081167724326030092 0.010671379515340872 -0.0055540102246574349 -0.0013335006880039431 0.00092415167267070007 -0.00051564902338207381
leaf_weight=3297 2099 90 39862 65 65 1775 53 121 146 275 82 1029 373 4392
leaf_count=3297 2099 90 39862 65 65 1775 53 121 146 275 82 1029 373 4392
internal_value=-1.82397e-05 -0.00163349 0.00012479 0.00040924 0.0072561 -0.00412577 -0.0115412 -0.00547486 -0.00306987 0.0103478 -0.00396617 -0.00113387 -0.00412935 -0.000586821
internal_weight=53724 4366 49358 40267 405 2267 264 174 2003 340 1857 9091 1402 7689
internal_count=53724 4366 49358 40267 405 2267 264 174 2003 340 1857 9091 1402 7689
cat_boundaries=0 1 2 3 4
cat_threshold=18896 578 1024 10
is_linear=0
shrinkage=0.035


Tree=153
num_leaves=15
num_cat=0
split_feature=21 17 30 6 22 1 3 0 15 2 1 14 3 1
split_gain=10.5178 19.1622 12.3901 11.8661 11.2585 11.0986 39.6804 38.7788 37.294 20.8672 17.5215 17.8034 16.8813 40.9114
threshold=670.18874643874653 89.734455851183995 0.04621408538533487 280.75000000000006 1.0105355656276018 113.10000000000001 99.750000000000014 45.050000000000004 79.975000000000009 230.50000000000003 75.15000000000002 77.02500000000002 50.050000000000004 48.050000000000004
decision_type=2 10 2 10 8 10 10 10 2 10 10 10 10 8
left_child=1 2 3 -1 -4 6 10 9 -7 -8 12 -12 -2 -14
right_child=5 -3 4 -5 -6 8 7 -9 -10 -11 11 -13 13 -15
leaf_value=-0.001848080042363947 5.2992438825813506e-05 -0.0017308807363813038 0.00062662432588730119 0.00037584544589389427 -0.00081020663888688681 0.0054581678197970088 -0.0042404992521672385 -0.00040181533738128055 7.5871990441075406e-05 0.0006466907830017316 0.0014193638534654709 0.00013380323699195481 -0.0019418521997882823 -9.0826335062734747e-05
leaf_weight=195 26096 116 284 79 170 375 503 4083 14102 99 873 1724 817 4208
leaf_count=195 26096 116 284 79 170 375 503 4083 14102 99 873 1724 817 4208
internal_value=-1.04227e-05 -0.00387515 -0.00171896 -0.00752688 0.00183007 5.16214e-05 -0.000259712 -0.00327612 0.000877296 -0.0115321 0.000159832 0.00291891 -7.08411e-05 -0.00192744
internal_weight=53724 844 728 274 454 52880 38403 4685 14477 602 33718 2597 31121 5025
internal_count=53724 844 728 274 454 52880 38403 4685 14477 602 33718 2597 31121 5025
is_linear=0
shrinkage=0.035


Tree=154
num_leaves=15
num_cat=3
split_feature=21 17 30 32 30 32 11 5 1 15 3 32 0 24
split_gain=11.0004 18.9165 10.9588 12.165 10.4472 20.3757 11.6376 12.6175 11.2802 36.6881 29.1238 28.7404 20.9156 14.8543
threshold=670.18874643874653 89.734455851183995 0.04621408538533487 0 -0.97507822412530132 1 193.37500000000003 150.50000000000003 113.10000000000001 79.975000000000009 104.10000000000001 2 93.250000000000014 1.0000000180025095e-35
decision_type=2 10 2 1 2 1 10 8 10 2 10 1 10 2
left_child=1 2 3 -1 5 6 7 -2 10 -10 -6 12 -12 -11
right_child=4 -3 -4 -5 8 -7 -8 -9 9 13 11 -13 -14 -15
leaf_value=8.7228422004244089e-05 0.00020100072176522878 -0.0016702999106079589 0.00021179437041557838 -0.0023347562964377228 4.0597783284074264e-05 -0.00060458578153250011 -0.00057448830738792821 0.00094671854671452178 0.0054360094883459656 0.00054626509757255528 -0.0025986854222698422 -0.00023119406130248324 -0.00048936939981473972 3.228548152469757e-05
leaf_weight=135 1264 116 454 139 31507 2659 156 166 364 1922 374 2801 550 11117
leaf_count=135 1264 116 454 139 31507 2659 156 166 364 1922 374 2801 550 11117
internal_value=-5.21134e-06 -0.0039576 -0.00181446 -0.00727599 5.82396e-05 -0.00160588 0.00153029 0.00253659 0.000203639 0.00106765 -0.000125153 -0.0030496 -0.00834931 0.000759353
internal_weight=53724 844 728 274 52880 4245 1586 1430 48635 13403 35232 3725 924 13039
internal_count=53724 844 728 274 52880 4245 1586 1430 48635 13403 35232 3725 924 13039
cat_boundaries=0 1 2 3
cat_threshold=32257 20897 4323
is_linear=0
shrinkage=0.035


Tree=155
num_leaves=15
num_cat=2
split_feature=20 30 32 22 23 24 32 29 6 17 1 30 29 7
split_gain=10.9927 10.0853 11.1279 9.68551 9.67593 9.65278 18.7006 14.2721 13.1673 13.6177 16.0539 13.7751 13.8578 12.214
threshold=632.32142857142867 -0.99465740988130902 0 0.82941136961873985 1.0966799103925051 4.5000000000000009 1 0.99907018497641664 87.050000000000011 13.374935098492719 61.900000000000006 -0.8739740505118182 -0.54220184589352438 105.45804195804197
decision_type=8 2 1 10 8 2 1 2 8 10 10 2 2 2
left_child=3 2 4 -1 -2 7 -7 -3 13 10 11 -10 -13 -8
right_child=1 5 -4 -5 -6 6 8 -9 9 -11 -12 12 -14 -15
leaf_value=-0.0015462943055336766 0.00054615004606886543 7.4663004948457578e-05 -0.00071189328687659844 -0.00018900771718010498 -0.00074872170719267502 0.00016625753718894481 -0.00053998964909186657 -0.00089327367046007904 0.0019780900657846066 -0.0003052092502380033 0.00074425934525736766 0.00099063968225324779 -0.0012743989458520706 -0.0028503625564326386
leaf_weight=132 444 39015 1225 286 260 4372 4277 548 75 2075 417 146 289 163
leaf_count=132 444 39015 1225 286 260 4372 4277 548 75 2075 417 146 289 163
internal_value=-6.51417e-06 3.80784e-05 -0.00244312 -0.00562648 0.00107093 0.000131466 -0.000746256 0.000393626 -0.00181172 -2.3279e-05 0.00349249 -0.000679612 -0.00310227 -0.00302362
internal_weight=53724 53306 1929 418 704 51377 11814 39563 7442 3002 927 510 435 4440
internal_count=53724 53306 1929 418 704 51377 11814 39563 7442 3002 927 510 435 4440
cat_boundaries=0 1 2
cat_threshold=6435 2516
is_linear=0
shrinkage=0.035


Tree=156
num_leaves=15
num_cat=2
split_feature=20 14 0 8 30 3 1 32 33 23 22 30 26 20
split_gain=10.3873 10.3084 22.3701 14.6759 12.4674 14.5829 16.189 15.4822 14.3304 21.7932 19.6396 18.9113 34.2777 65.7456
threshold=632.32142857142867 1.2250000000000003 1.2500000000000002 0.56784925558152199 -0.6523320455745395 280.75000000000006 250.50000000000003 0 1 1.1210356942215858 0.692451919922213 -0.039769286347669845 116.50000000000001 1670.3571428571431
decision_type=10 10 8 2 2 8 10 1 1 8 10 2 2 10
left_child=-1 3 -3 -2 5 6 -4 -7 9 -6 -11 12 13 -12
right_child=1 2 4 -5 8 7 -8 -9 -10 10 11 -13 -14 -15
leaf_value=-0.00063001096401365359 0.00010006653600217991 0.0026263627742291228 -7.9480613411759285e-05 -0.001733185434608884 1.5355078353210262e-06 6.3672102644398714e-05 0.00098256966931790425 -0.000601640849176622 -5.0955433344183348e-05 -0.0018440009820754552 -0.0018033109862395128 0.00027302601469441636 0.00058662764955243088 0.0056737516579202689
leaf_weight=498 140 139 12984 122 10090 995 339 1968 18400 209 202 5042 1948 648
leaf_count=498 140 139 12984 122 10090 995 339 1968 18400 209 202 5042 1948 648
internal_value=-3.9085e-06 4.33958e-05 7.79701e-05 -0.00681648 4.04126e-05 -0.000764839 -0.000270483 -0.00298349 0.000399382 0.001097 0.0024553 0.00273932 0.0050446 0.0108889
internal_weight=53724 53226 52964 262 52825 16286 13323 2963 36539 18139 8049 7840 2798 850
internal_count=53724 53226 52964 262 52825 16286 13323 2963 36539 18139 8049 7840 2798 850
cat_boundaries=0 1 2
cat_threshold=32917 10
is_linear=0
shrinkage=0.035


Tree=157
num_leaves=15
num_cat=1
split_feature=22 23 32 22 23 22 22 6 3 16 14 0 22 9
split_gain=10.1848 13.4526 10.2149 15.8357 25.5432 34.3381 25.7511 23.2835 17.1181 17.6819 15.5313 15.016 20.7347 21.3318
threshold=0.30778394688095173 0.13344941042644634 0 0.92532705215721334 0.35761826530182406 0.61968439436793876 0.68363360969387765 85.050000000000011 14.65 2.5625508125043468 857.50000000000011 400.50000000000006 1.3090428863127819 2462.5000000000005
decision_type=8 10 1 10 10 8 8 10 10 10 8 8 10 8
left_child=1 -1 -2 4 6 7 -4 -6 9 -8 11 -5 -13 -14
right_child=2 -3 3 10 5 -7 8 -9 -10 -11 -12 12 13 -15
leaf_value=-0.0026827444459434995 9.2239742096473799e-05 -0.0001329679156046681 -0.0017770791830835219 -3.2161637146000957e-05 5.4693561039420584e-06 -0.00024827809058224933 -0.00021404325514047336 0.0010659948668405102 -0.00099025783917482254 0.0045340914346789331 -0.0012872464023012664 0.00018972473511233491 -0.00054277057922589808 0.0064234648839894973
leaf_weight=67 23767 146 670 14909 517 7552 368 494 934 107 345 3078 258 512
leaf_count=67 23767 146 670 14909 517 7552 368 494 934 107 345 3078 258 512
internal_value=3.9085e-06 -0.00754587 3.46625e-05 -0.000397527 -0.00147929 -0.00063317 -0.00495441 0.00540846 -0.00225248 0.00313542 0.00020516 0.000341382 0.00228913 0.00740645
internal_weight=53724 213 53511 29744 10642 8563 2079 1011 1409 475 19102 18757 3848 770
internal_count=53724 213 53511 29744 10642 8563 2079 1011 1409 475 19102 18757 3848 770
cat_boundaries=0 1
cat_threshold=11684
is_linear=0
shrinkage=0.035


Tree=158
num_leaves=15
num_cat=3
split_feature=21 17 30 6 33 30 30 21 20 0 22 23 32 32
split_gain=10.532 19.1622 12.3901 11.8661 10.2131 24.3592 19.6542 18.4645 17.3712 15.3967 14.2825 42.0542 21.4201 19.0917
threshold=670.18874643874653 89.734455851183995 0.04621408538533487 280.75000000000006 0 0.64414586362404946 0.97461712852231652 1133.7980769230771 829.2261904761906 4.5500000000000007 1.5512541582449924 3.2477849613045007 1 2
decision_type=2 10 2 10 1 2 2 2 10 8 10 8 1 1
left_child=1 2 3 -1 5 9 7 -6 -7 -2 -9 13 -13 -12
right_child=4 -3 -4 -5 6 8 -8 10 -10 -11 11 12 -14 -15
leaf_value=-0.0017893086110624299 0.0019701767758840763 -0.001558910559497789 0.00022027044052490039 0.00036566064574040827 -0.0014820733500849391 2.4047899854951761e-05 -0.00054058142391925858 -1.4203277352722866e-05 0.000714557267402759 -2.5838979892287841e-05 -0.0021959392798768318 -0.0022898507878026629 0.019137058548940988 0.00075368227636996032
leaf_weight=195 105 116 454 79 606 1160 2171 35584 2128 9632 366 100 279 749
leaf_count=195 105 116 454 79 606 1160 2171 35584 2128 9632 366 100 279 749
internal_value=-7.81701e-06 -0.00387515 -0.00171896 -0.00752688 5.42687e-05 0.000904525 -0.000223853 -3.71461e-05 0.00350744 2.51488e-05 6.22927e-05 0.00340894 0.0133984 -3.125e-05
internal_weight=53724 844 728 274 52880 13025 39855 37684 3288 9737 37078 1494 379 1115
internal_count=53724 844 728 274 52880 13025 39855 37684 3288 9737 37078 1494 379 1115
cat_boundaries=0 1 2 3
cat_threshold=2 35202 22801
is_linear=0
shrinkage=0.035


Tree=159
num_leaves=15
num_cat=3
split_feature=20 22 30 32 11 5 23 23 17 24 32 9 22 32
split_gain=9.8336 9.58479 9.40686 20.0139 10.665 13.771 10.5208 10.4977 10.9367 9.66168 31.1391 35.5406 21.2612 17.5709
threshold=632.32142857142867 0.82585202494391363 -0.97507822412530132 0 193.37500000000003 150.50000000000003 3.2477849613045007 0.51811528013180297 19.590485259122001 1.0000000180025095e-35 1 2197.5000000000005 0.59027795823797924 2
decision_type=10 8 2 1 10 8 10 8 10 2 1 8 10 1
left_child=1 -1 3 4 5 -2 9 8 -5 10 11 -4 -13 -11
right_child=2 -3 6 7 -6 -7 -8 -9 -10 13 -12 12 -14 -15
leaf_value=-0.0014142598071916882 0.00017780597826214469 -0.00022329921628162498 0.0013725145367812386 0.00041121327061059731 -0.000521919588428145 0.00090913602605085695 0.018952690885697919 -0.00041554816358353345 -0.0015974651251905562 0.00010985818410009285 -0.00011702993292809107 -0.0040137286154493697 0.00048845358005939258 -0.00011664952211413672
leaf_weight=132 1256 366 828 58 156 166 172 2438 160 18204 4073 67 2459 23189
leaf_count=132 1256 366 828 58 156 166 172 2438 160 18204 4073 67 2459 23189
internal_value=0 -0.00487078 4.60258e-05 -0.00153574 0.00158192 0.00255081 0.000182868 -0.00338076 -0.0106726 0.000151971 0.00131391 0.00380232 0.00174239 -5.66452e-05
internal_weight=53724 498 53226 4234 1578 1422 48992 2656 218 48820 7427 3354 2526 41393
internal_count=53724 498 53226 4234 1578 1422 48992 2656 218 48820 7427 3354 2526 41393
cat_boundaries=0 1 2 3
cat_threshold=20897 22054 43472
is_linear=0
shrinkage=0.035


Tree=160
num_leaves=15
num_cat=1
split_feature=3 1 1 10 32 23 3 15 19 16 17 13 1 8
split_gain=9.33431 42.953 24.6622 20.0858 17.7851 20.7843 21.2845 16.2118 13.7891 14.3787 13.4961 16.0514 13.4553 13.7138
threshold=104.10000000000001 84.100000000000009 140.50000000000003 147.52500000000001 0 0.67609160807919311 551.00000000000011 62.525000000000006 66.262500000000017 31.471831698778185 49.081897209464103 105.25000000000001 129.80000000000004 29.78939546494966
decision_type=8 10 10 10 1 8 8 2 10 10 8 8 8 2
left_child=1 10 4 -4 5 -2 12 -3 -9 -10 -1 -12 13 -7
right_child=2 7 3 -5 -6 6 -8 8 9 -11 11 -13 -14 -15
leaf_value=7.069989650180936e-06 -0.0019923980875257426 0.0043851547266534341 0.0010487202992679058 6.59828981856403e-06 -0.00019606380214135967 -0.00080781330495462915 0.00029328021380562342 -0.0019468750292918936 0.00052061063645362561 0.0032716307953770092 -0.0011575198883853435 0.0023232870678541913 -0.00048667793794565824 -0.0039711077321977067
leaf_weight=30480 303 376 707 10898 6859 180 501 203 1885 358 259 50 470 195
leaf_count=30480 303 376 707 10898 6859 180 501 203 1885 358 259 50 470 195
internal_value=-3.9085e-06 0.000352957 -0.000600209 0.000449182 -0.00203101 -0.00527945 -0.00341969 0.00448178 0.00342717 0.00421931 -2.61415e-05 -0.00724522 -0.00679412 -0.0116974
internal_weight=53724 33611 20113 11605 8508 1649 1346 2822 2446 2243 30789 309 845 375
internal_count=53724 33611 20113 11605 8508 1649 1346 2822 2446 2243 30789 309 845 375
cat_boundaries=0 1
cat_threshold=4675
is_linear=0
shrinkage=0.035


Tree=161
num_leaves=15
num_cat=2
split_feature=22 23 32 24 32 0 19 0 23 19 23 5 0 23
split_gain=9.3033 12.0744 9.11775 13.7933 20.4822 17.0363 16.0218 20.4056 14.4785 13.7182 13.1194 12.4833 12.0733 16.0032
threshold=0.30778394688095173 0.13344941042644634 0 5.5000000000000009 1 240.25000000000003 77.550000000000026 139.10000000000002 3.2477849613045007 885.12500000000011 1.5776822507485697 450.50000000000006 4.0500000000000007 1.1057432993112608
decision_type=8 10 1 2 1 10 8 10 10 8 10 8 8 8
left_child=1 -1 9 8 6 -6 -5 -8 -4 12 -7 -9 -2 -14
right_child=2 -3 3 4 5 10 7 11 -10 -11 -12 -13 13 -15
leaf_value=-0.0025326874458842202 0.0016430635556823254 -6.1194666222697328e-05 5.6073053889200146e-05 -0.011032748208659222 -0.00044806788940199245 0.00059741751574694585 0.00092158770657792938 -0.0062220743471550479 0.024176464794827386 -0.0029064982068361792 -0.0028233699269809101 1.6692909115644252e-05 -0.00048898368004449914 0.00012088894111566885
leaf_weight=67 242 146 39948 77 3008 461 50 78 149 70 50 53 4952 4373
leaf_count=67 242 146 39948 77 3008 461 50 78 149 70 50 53 4952 4373
internal_value=-9.11984e-06 -0.00722477 2.02743e-05 0.000234455 -0.00178609 -0.00105971 -0.0110256 -0.00545699 0.000425041 -0.000953688 0.00481589 -0.0126103 -0.000837338 -0.00103912
internal_weight=53724 213 53511 43874 3777 3519 258 181 40097 9637 511 131 9567 9325
internal_count=53724 213 53511 43874 3777 3519 258 181 40097 9637 511 131 9567 9325
cat_boundaries=0 1 2
cat_threshold=578 1024
is_linear=0
shrinkage=0.035


Tree=162
num_leaves=15
num_cat=2
split_feature=5 13 22 23 32 19 8 23 16 22 16 32 1 14
split_gain=9.10933 10.9094 18.1638 11.276 10.0448 13.2602 14.6298 12.4819 24.7541 22.9627 18.9442 22.8821 28.3386 25.8032
threshold=2025.0000000000002 1627.5000000000002 0.80305410630835461 0.3856267347173799 0 1.2875000000000003 0.95337177463486589 1.1635321762957724 7.5277265270907661 0.97689882341604728 13.801311186842909 1 138.25000000000003 110.10000000000001
decision_type=10 10 10 10 1 10 2 10 10 10 8 1 8 8
left_child=4 3 -3 -2 -1 -6 -7 10 -9 -10 -8 -12 13 -13
right_child=1 2 -4 -5 5 6 7 8 9 -11 11 12 -14 -15
leaf_value=0.00011835187652384838 -0.0017211538196874011 0.00096820825272444133 -0.0016229101241285763 -0.00041465519082197215 -0.0011584665810899254 0.00067511345345746545 -2.5162045266396985e-05 -0.00036411001703780645 0.0035581810061795643 0.00040908604789304805 -0.00019252846062401243 -0.0015757409178908529 -0.00038928904023903814 -0.0026267148867968066
leaf_weight=16825 51 50 128 74 146 1149 19833 3247 346 4016 5919 385 1325 230
leaf_count=16825 51 50 128 74 146 1149 19833 3247 346 4016 5919 385 1325 230
internal_value=-2.08454e-05 -0.00602273 -0.000382514 -0.0137308 1.37573e-05 -0.000311655 -0.000268825 -0.000395542 0.000859601 0.00258072 -0.000740513 -0.00219418 -0.00547826 -0.0116855
internal_weight=53724 303 178 125 53421 36596 36450 35301 7609 4362 27692 7859 1940 615
internal_count=53724 303 178 125 53421 36596 36450 35301 7609 4362 27692 7859 1940 615
cat_boundaries=0 1 2
cat_threshold=3488 40990
is_linear=0
shrinkage=0.035


Tree=163
num_leaves=15
num_cat=3
split_feature=21 17 30 32 22 14 23 33 30 30 9 21 32 22
split_gain=8.77339 15.2128 11.7352 12.165 10.0088 9.39932 9.37779 9.02043 22.8059 18.9219 16.7853 15.6573 17.8076 16.6348
threshold=670.18874643874653 89.734455851183995 0.04621408538533487 0 1.0105355656276018 630.12500000000011 0.91473535026372299 1 0.64414586362404946 0.97461712852231652 1102.5000000000002 978.12169312169328 2 0.60587144423659944
decision_type=2 10 2 1 8 10 8 1 2 2 8 2 1 10
left_child=1 2 3 6 -4 -3 -1 8 -2 10 -9 13 -13 -10
right_child=7 5 4 -5 -6 -7 -8 9 11 -11 -12 12 -14 -15
leaf_value=0.00055574532127378011 -6.7559563100388918e-06 -0.0023345613515634092 0.0005970874034411371 -0.0021694561179251962 -0.00075181628333295181 -0.00069782968190829975 -0.0013168117323340456 -0.0020003330618903548 0.0020065874110778664 -0.00053875120355208314 5.9028489435219991e-06 -0.000148111477255653 0.0012007445500482668 -1.3133100675729593e-05
leaf_weight=74 9737 51 284 139 170 65 61 436 51 2171 37248 358 1462 1417
leaf_count=74 9737 51 284 139 170 65 61 436 51 2171 37248 358 1462 1417
internal_value=-1.5634e-05 -0.00354535 -0.00162347 -0.00727599 0.00183007 -0.0150413 0.0007 4.10324e-05 0.000840107 -0.000220341 -3.71461e-05 0.00335864 0.00552329 0.000665309
internal_weight=53724 844 728 274 454 116 135 52880 13025 39855 37684 3288 1820 1468
internal_count=53724 844 728 274 454 116 135 52880 13025 39855 37684 3288 1820 1468
cat_boundaries=0 1 2 3
cat_threshold=32257 2 2084
is_linear=0
shrinkage=0.035


Tree=164
num_leaves=15
num_cat=0
split_feature=3 1 1 10 9 23 16 1 6 22 2 3 1 16
split_gain=8.35425 37.5177 21.6326 18.3428 18.1443 16.7 18.6619 19.6857 18.7003 19.4638 16.2606 14.5873 13.1631 14.5776
threshold=104.10000000000001 84.100000000000009 140.50000000000003 147.52500000000001 2692.5000000000005 0.6500672140013809 25.146560222925089 97.750000000000014 90.300000000000011 0.61968439436793876 11.025000000000002 76.90000000000002 118.10000000000001 7.5806771905062194
decision_type=8 10 10 10 8 10 10 8 8 10 10 10 10 10
left_child=1 -1 5 -4 -3 6 8 -8 10 -10 -2 -6 13 -11
right_child=2 4 3 -5 11 -7 7 -9 9 12 -12 -13 -14 -15
leaf_value=-6.1098242609163031e-06 -0.00088669903733294014 0.00057677916297397939 0.0010107266037787045 5.1160900386576505e-06 0.0056201932499140815 -0.00019057043515275266 -0.0043674787575409919 -0.0011084093893522697 0.00051145163226461686 0.00036176916076697098 0.0013959306994863797 0.0018215801641760772 -8.2227687802957096e-05 -0.0022248781449409174
leaf_weight=30789 160 2218 707 10898 186 6493 309 612 127 63 296 418 173 275
leaf_count=30789 160 2218 707 10898 186 6493 309 612 127 63 296 418 173 275
internal_value=-1.17255e-05 0.000325886 -0.000575852 0.000406977 0.00418465 -0.00191589 -0.00469554 -0.00835313 -0.00159236 -0.00544323 0.0037961 0.00954023 -0.00847868 -0.012449
internal_weight=53724 33611 20113 11605 2822 8508 2015 921 1094 638 456 604 511 338
internal_count=53724 33611 20113 11605 2822 8508 2015 921 1094 638 456 604 511 338
is_linear=0
shrinkage=0.035


Tree=165
num_leaves=15
num_cat=3
split_feature=17 13 32 3 22 23 32 22 16 32 3 23 22 6
split_gain=8.67696 19.2012 20.256 13.1428 11.9715 31.2214 11.1433 10.8198 10.7389 10.4297 13.9587 29.9585 18.4011 18.0351
threshold=242.07445245238239 378.25000000000006 0 3725.0000000000005 1.5512541582449924 3.2477849613045007 1 0.96382931796638183 141.35398063537818 2 51.850000000000001 1.0771195213417017 1.1483945741758244 30.100000000000005
decision_type=8 8 1 8 10 8 1 10 10 1 10 10 10 8
left_child=4 8 3 7 9 6 -6 -3 -2 10 -1 12 -12 -13
right_child=1 2 -4 -5 5 -7 -8 -9 -10 -11 11 13 -14 -15
leaf_value=-1.7693682444203665e-05 -0.00039709928640197184 -6.1545589820201924e-05 -0.0016405947864463046 -0.0015098651952216609 -0.0010447377684836346 0.011658087488633026 0.001059443444945818 0.0019360815192589755 -0.0048998830851805543 4.5030060526856931e-05 -0.00087174086442972656 -0.0025117872877888727 0.0009636579972306193 0.00050298453001231317
leaf_weight=13342 122 240 495 97 455 374 741 327 83 32110 3327 119 422 1470
leaf_count=13342 122 240 495 97 455 374 741 327 83 32110 3327 119 422 1470
internal_value=-1.04227e-05 -0.00276114 -0.000992268 0.00298969 6.14915e-05 0.00306667 0.000291424 0.00507867 -0.0125 -3.1696e-05 -0.000688954 -0.00220101 -0.0039065 0.00182246
internal_weight=53724 1364 1159 664 52360 1570 1196 567 205 50790 18680 5338 3749 1589
internal_count=53724 1364 1159 664 52360 1570 1196 567 205 50790 18680 5338 3749 1589
cat_boundaries=0 1 2 3
cat_threshold=33836 23301 33355
is_linear=0
shrinkage=0.035


Tree=166
num_leaves=15
num_cat=2
split_feature=32 19 24 32 5 0 11 23 20 23 26 0 23 22
split_gain=8.24886 13.7559 13.2146 21.063 17.5456 16.1174 15.1062 12.9625 17.4092 12.9067 11.8762 11.1311 13.3524 16.0793
threshold=0 885.12500000000011 5.5000000000000009 1 90.300000000000011 240.25000000000003 148.35416666666671 2.369857963854511 1519.6428571428573 1.5776822507485697 101.50000000000001 4.0500000000000007 1.1057432993112608 0.60587144423659944
decision_type=1 8 2 1 8 10 10 10 10 10 2 8 8 8
left_child=1 11 7 4 -4 -5 -6 -2 -9 -7 -10 -1 -13 -14
right_child=2 -3 3 5 6 9 -8 8 10 -11 -12 12 13 -15
leaf_value=0.001587063525839424 4.3670378791145498e-05 -0.0027289277813077359 -0.0093884685118429401 -0.00042860938775024146 0.00084049976725384507 0.00057040387203465437 -0.0035902970600868549 -0.0067718097879985555 -0.0030106385920242421 -0.0027339295795695893 0.0096892993355037968 -0.00045085169363844301 -0.003686701516237977 0.00017867758355145927
leaf_weight=242 39862 70 90 3020 53 461 121 65 65 50 275 4972 72 4306
leaf_count=242 39862 70 90 3020 53 461 121 65 65 50 275 4972 72 4306
internal_value=-7.81701e-06 -0.00093314 0.00019534 -0.00177763 -0.0110394 -0.00103638 -0.00469274 0.000381531 0.00657317 0.00468023 0.00973913 -0.000816922 -0.00101015 0.00039927
internal_weight=53724 9662 44062 3795 264 3531 174 40267 405 511 340 9592 9350 4378
internal_count=53724 9662 44062 3795 264 3531 174 40267 405 511 340 9592 9350 4378
cat_boundaries=0 1 2
cat_threshold=578 1024
is_linear=0
shrinkage=0.035


Tree=167
num_leaves=15
num_cat=2
split_feature=29 16 32 32 22 14 10 23 29 5 22 26 8 1
split_gain=8.24528 18.6317 16.3337 15.3054 13.68 13.4066 15.2406 12.1048 15.0226 12.5195 12.0565 11.8645 12.8384 17.5981
threshold=-0.2102246306142678 167.67230842796855 0 1 0.30778394688095173 1.5250000000000001 3.6733333333333333 1.8459722810627612 0.63920241694561786 26.100000000000005 2.0422420827073977 35.500000000000007 5.0271414098239946 300.80000000000007
decision_type=2 8 1 1 10 8 10 10 2 10 10 2 2 8
left_child=1 3 4 -1 -2 -4 -7 -6 -9 -10 11 -8 -13 -14
right_child=2 -3 5 -5 7 6 10 8 9 -11 -12 12 13 -15
leaf_value=0.0002869051448518001 -0.00069137040066915027 -0.0017643984413908301 -0.0011885613494247867 -2.4982601908747629e-05 4.7854222134409987e-05 0.0018122470371509638 0.0001219183047321748 -0.0015532513847190412 -2.8392192215670466e-05 0.0043281455244124079 0.0059404929042376781 -7.6877639964714752e-06 -0.00069336389040598864 -2.8208506943901427e-05
leaf_weight=9313 136 424 96 11796 15715 429 2325 127 76 165 176 3682 6137 3127
leaf_count=9313 136 424 96 11796 15715 429 2325 127 76 165 176 3682 6137 3127
internal_value=1.30283e-06 0.000531386 -0.000353305 0.000677986 0.000429038 -0.00114718 -0.00106668 0.000524304 0.00675603 0.0118089 -0.00124806 -0.00135408 -0.00176743 -0.00246197
internal_weight=53724 21533 32191 21109 16219 15972 15876 16083 368 241 15447 15271 12946 9264
internal_count=53724 21533 32191 21109 16219 15972 15876 16083 368 241 15447 15271 12946 9264
cat_boundaries=0 1 2
cat_threshold=54704 11405
is_linear=0
shrinkage=0.035


Tree=168
num_leaves=15
num_cat=2
split_feature=3 1 32 22 4 16 32 3 1 23 0 6 1 13
split_gain=8.85981 17.2603 17.1551 12.7964 13.0387 11.923 11.7139 15.5309 42.0747 23.3889 21.5852 16.7202 13.0134 15.4979
threshold=832.50000000000011 601.00000000000011 0 0.9577047827369839 2215.0000000000005 364.94967701820059 1 279.50000000000006 279.50000000000006 1.0273025686625452 470.75000000000006 199.25000000000003 380.50000000000006 430.25000000000006
decision_type=8 10 1 8 8 10 1 10 10 10 8 10 10 10
left_child=1 6 3 -2 5 -5 -1 8 -8 12 -10 -11 -9 -14
right_child=2 -3 -4 4 -6 -7 7 9 10 11 -12 -13 13 -15
leaf_value=0.00011824061030434209 -3.5295319276630877e-05 0.00073591102821889522 3.6486412185324781e-05 -0.00086555429400992821 -0.0026552646919249016 -0.0074879431957403939 -4.67315852414163e-05 -0.00098527028286635523 0.0010549203840199148 -0.00081028395572924918 0.00709909658468521 0.00063415885382787592 0.0015178032550566172 -0.00061656476761987999
leaf_weight=17499 619 1071 2757 971 95 55 27751 1114 282 318 118 596 128 350
leaf_count=17499 619 1071 2757 971 95 55 27751 1114 282 318 118 596 128 350
internal_value=1.30283e-06 0.000137208 -0.0014849 -0.00418803 -0.00643428 -0.00522793 3.92434e-05 -0.000373142 -0.000137981 -0.00301075 0.0110617 0.00144723 -0.00556669 -0.000724638
internal_weight=53724 49227 4497 1740 1121 1026 48156 30657 28151 2506 400 914 1592 478
internal_count=53724 49227 4497 1740 1121 1026 48156 30657 28151 2506 400 914 1592 478
cat_boundaries=0 1 2
cat_threshold=27410 3504
is_linear=0
shrinkage=0.035


Tree=169
num_leaves=15
num_cat=1
split_feature=3 1 3 0 15 32 0 1 11 19 3 1 3 1
split_gain=8.21569 8.12839 36.0961 44.52 34.9145 20.3668 19.6117 19.4098 32.6105 17.2901 20.4585 16.8736 16.8357 19.3517
threshold=3725.0000000000005 90.300000000000011 78.050000000000011 45.050000000000004 79.975000000000009 0 64.100000000000009 47.550000000000004 49.825757575757585 67.812500000000014 108.10000000000001 43.050000000000004 39.850000000000009 22.550000000000004
decision_type=10 10 10 10 2 1 10 10 10 8 8 10 10 10
left_child=1 2 7 5 6 -4 -3 12 -9 -6 -11 -5 -1 -14
right_child=-2 4 3 11 9 -7 -8 8 -10 10 -12 -13 13 -15
leaf_value=2.9631823111861969e-05 -0.002108420027206518 0.0073006083862079433 -0.00029605137176179857 5.0826977874641746e-05 -0.0068246619427926895 -0.0036946119684644865 0.0018081498475676107 0.0016993294251396952 0.00011735078590781268 0.00079058369800340039 -2.991418249348177e-06 -0.00057768122442169426 0.00013272004114759595 -0.00084672780350444909
leaf_weight=21985 54 168 275 2883 69 560 510 1199 4135 1766 14386 1878 1539 2317
leaf_count=21985 54 168 275 2883 69 560 510 1199 4135 1766 14386 1878 1539 2317
internal_value=2.60567e-06 1.69539e-05 -0.000275044 -0.00286199 0.000652212 -0.0102917 0.0084041 0.000189705 0.00211088 0.000325712 0.000402921 -0.00154952 -0.000207189 -0.00233877
internal_weight=53724 53670 36771 5596 16899 835 678 31175 5334 16221 16152 4761 25841 3856
internal_count=53724 53670 36771 5596 16899 835 678 31175 5334 16221 16152 4761 25841 3856
cat_boundaries=0 1
cat_threshold=49428
is_linear=0
shrinkage=0.035


Tree=170
num_leaves=15
num_cat=2
split_feature=29 32 3 5 32 14 10 22 22 26 8 1 15 0
split_gain=8.20522 16.2788 14.6964 15.7731 14.5832 13.4902 13.5816 12.3435 10.9129 10.707 11.7511 16.2525 14.9292 12.0594
threshold=-0.2102246306142678 0 341.00000000000006 341.00000000000006 1 1.5250000000000001 3.6733333333333333 0.30778394688095173 2.0422420827073977 35.500000000000007 5.0271414098239946 300.80000000000007 310.25000000000006 149.75000000000003
decision_type=2 1 10 8 1 8 10 10 10 2 2 8 2 10
left_child=1 -1 -3 -4 7 -6 -7 -2 9 -8 -11 12 -12 -14
right_child=4 2 3 -5 5 6 8 -9 -10 10 11 -13 13 -15
leaf_value=0.00026425532814262524 -0.00067120615836765453 -3.7556926570424256e-06 -0.0022715345368360652 -0.00053304381613427602 -0.0011463632105203866 0.0017436428556811124 0.00011053957915568847 7.0136216735476321e-05 0.0057027915339122352 -9.7072140041126744e-06 -0.00062738387510646366 -1.8410860878128602e-05 -0.0033202630484137283 -0.00062111112278728483
leaf_weight=9513 136 11258 195 567 96 429 2325 16083 176 3682 5893 3127 64 180
leaf_count=9513 136 11258 195 567 96 429 2325 16083 176 3682 5893 3127 64 180
internal_value=-3.9085e-06 0.000524886 -0.000331533 -0.00501956 -0.000357653 -0.00110778 -0.00102701 0.000381607 -0.00119823 -0.0012991 -0.00169176 -0.00235624 -0.00340199 -0.0118072
internal_weight=53724 21533 12020 762 32191 15972 15876 16219 15447 15271 12946 9264 6137 244
internal_count=53724 21533 12020 762 32191 15972 15876 16219 15447 15271 12946 9264 6137 244
cat_boundaries=0 1 2
cat_threshold=11405 54704
is_linear=0
shrinkage=0.035


Tree=171
num_leaves=15
num_cat=2
split_feature=30 30 21 21 32 6 24 32 22 2 0 9 0 3
split_gain=8.10107 19.5508 17.1221 18.5593 14.9332 14.8689 11.7768 11.4717 18.294 13.9489 13.6741 15.8441 14.0097 29.0723
threshold=0.97461712852231652 0.92519182738459482 1347.7525252525254 831.83110367892994 0 95.100000000000009 4.5000000000000009 1 2.2502441627596759 994.40000000000009 1.2500000000000002 2781.2500000000005 361.00000000000006 279.50000000000006
decision_type=2 2 2 2 1 8 2 1 10 10 8 10 10 10
left_child=1 7 3 -2 -5 6 -3 -1 9 10 11 -9 13 -12
right_child=2 5 -4 4 -6 -7 -8 8 -10 -11 12 -13 -14 -15
leaf_value=0.00013784685287089704 -0.005297741677678605 0.001472952164835172 -0.00053515233234576972 -4.7608474917480995e-05 0.0014461922136561963 0.00011357595313075342 6.9817586427080032e-05 0.0021903482538281243 0.009619350458134137 -0.0015776544524641438 -4.9040904707778892e-05 -0.00099241743350659737 0.00030126721338428379 -0.00084183326483390671
leaf_weight=12241 63 828 2133 403 325 1286 341 190 166 278 31723 58 1970 1719
leaf_count=12241 63 828 2133 403 325 1286 341 190 166 278 31723 58 1970 1719
internal_value=-2.60567e-06 0.000100581 -0.00179242 0.00259422 0.00420191 0.00314431 0.00599233 -5.42916e-05 -0.000368227 -0.000422614 -0.000361138 0.00774704 -0.000419008 -0.000588095
internal_weight=53724 50800 2924 791 728 2455 1169 48345 36104 35938 35660 248 35412 33442
internal_count=53724 50800 2924 791 728 2455 1169 48345 36104 35938 35660 248 35412 33442
cat_boundaries=0 1 2
cat_threshold=23948 3456
is_linear=0
shrinkage=0.035


Tree=172
num_leaves=15
num_cat=3
split_feature=29 16 32 32 5 23 29 17 22 22 23 24 23 32
split_gain=7.78642 15.3701 13.6387 13.3291 11.5012 20.7873 17.8213 11.5439 10.0526 10.0628 32.6734 11.3813 18.7096 18.0917
threshold=-0.2102246306142678 167.67230842796855 0 1 2.5500000000000003 0.99633868679112336 -0.97509794945709805 0.40451991747787536 0.30778394688095173 0.5299172649572651 0.27476363203900822 1.0000000180025095e-35 1.0176834797836083 2
decision_type=2 8 1 1 8 10 2 10 10 10 10 2 8 1
left_child=1 2 -1 8 5 -4 -7 -6 -2 10 -10 12 13 -11
right_child=3 -3 4 -5 7 6 -8 -9 9 11 -12 -13 -14 -15
leaf_value=0.00025919982773928819 -0.0006525385826752682 -0.00168754289170295 0.0025407029763687681 -0.00017733153269530166 -0.0013057044041171063 0.0055956642587557644 -0.001644874331511242 -3.8946947127067038e-05 -0.0030914242377577368 -0.00081446117917029497 0.00074482429490464362 -6.7142814567577878e-06 1.1445995836023016e-05 0.0012802288709420325
leaf_weight=9313 136 424 126 15972 70 50 121 11429 57 163 255 13277 1545 786
leaf_count=9313 136 424 126 15972 70 50 121 11429 57 163 255 13277 1545 786
internal_value=6.51417e-06 0.000521636 0.000654779 -0.000338085 -0.000136314 0.00660596 -0.00139205 -0.000313369 0.000368671 0.000450336 0.00662461 0.000326128 0.002493 0.00634696
internal_weight=53724 21533 21109 32191 11796 297 171 11499 16219 16083 312 15771 2494 949
internal_count=53724 21533 21109 32191 11796 297 171 11499 16219 16083 312 15771 2494 949
cat_boundaries=0 1 2 3
cat_threshold=11405 54704 16
is_linear=0
shrinkage=0.035


Tree=173
num_leaves=15
num_cat=0
split_feature=16 1 3 0 7 2 29 29 16 3 1 2 23 1
split_gain=10.7891 7.70918 32.6126 34.8716 30.286 17.7771 16.5368 14.7734 13.953 13.1162 24.9904 17.9453 17.5997 16.3082
threshold=1.0000000180025095e-35 113.10000000000001 99.750000000000014 58.550000000000004 91.760952380952389 230.50000000000003 -0.93545489084327571 -0.34235669412071207 152.57237066941968 180.25000000000003 229.75000000000003 229.75000000000003 0.63452821575733587 180.25000000000003
decision_type=8 10 10 10 2 10 2 2 10 8 10 8 10 10
left_child=-1 2 8 5 -3 7 -5 -4 -2 12 -11 -12 13 -6
right_child=1 4 3 6 9 -7 -8 -9 -10 10 11 -13 -14 -15
leaf_value=0.00026476841131412357 2.2912503329629576e-05 0.0037497922990535242 -0.00097418365381717758 -0.0016574009349299291 0.00074923364093702153 0.0007781258183657009 -0.0001588842343228407 -0.0039213145747031093 -0.0036861495016610765 -0.00068063015066872521 0.00152415096446432 1.4565049753402782e-05 0.00014422439369338514 0.0059424920830448936
leaf_weight=73 33920 499 172 425 661 102 3690 434 52 1697 328 7686 3826 159
leaf_count=73 33920 499 172 425 661 102 3690 434 52 1697 328 7686 3826 159
internal_value=5.21134e-06 -1.36984e-05 -0.000273325 -0.002965 0.000664154 -0.0101122 -0.00172451 -0.0123732 0.000109192 0.000367985 -0.000363833 0.000453922 0.00189637 0.00653333
internal_weight=53724 53651 38795 4823 14856 708 4115 606 33972 14357 9711 8014 4646 820
internal_count=53724 53651 38795 4823 14856 708 4115 606 33972 14357 9711 8014 4646 820
is_linear=0
shrinkage=0.035


Tree=174
num_leaves=15
num_cat=3
split_feature=16 3 1 32 22 32 29 29 30 32 0 3 1 17
split_gain=8.02074 7.53251 16.2435 16.1852 11.9213 14.018 10.6538 11.6494 10.3751 10.3054 15.9061 12.4084 28.1614 21.5285
threshold=1.0000000180025095e-35 832.50000000000011 786.00000000000011 0 1.0817368032484314 1 0.98522604642031408 0.99552231814189451 0.94353349168649059 2 688.50000000000011 279.50000000000006 279.50000000000006 11.637131111778656
decision_type=8 8 10 1 8 1 2 2 2 1 10 10 10 8
left_child=-1 2 9 4 8 -6 -5 -8 -3 -2 11 12 -11 -13
right_child=1 3 -4 6 5 -7 7 -9 -10 10 -12 13 -14 -15
leaf_value=0.00025550151691812743 0.0001014319818870918 -8.590294894567641e-05 0.0016715351164635669 -3.7515188202299213e-05 9.4013747612660685e-05 -0.0025389070088653754 0.0022412369294058545 -3.131811622277936e-05 -0.0012910620495429283 -5.7716107064457737e-05 0.0010252126406143551 0.00049352186397767566 0.0019914468963769982 -0.00053731561074790159
leaf_weight=73 21191 959 380 2554 174 503 103 100 103 24822 180 88 351 2143
leaf_count=73 21191 959 380 2554 174 503 103 100 103 24822 180 88 351 2143
internal_value=2.60567e-06 -1.36984e-05 0.000111778 -0.00138414 -0.00401083 -0.00764663 0.000290404 0.00790865 -0.00170572 5.52481e-05 -0.000390594 -0.000459703 -0.000237708 -0.00295841
internal_weight=53724 53651 49155 4496 1739 677 2757 203 1062 48775 27584 27404 25173 2231
internal_count=53724 53651 49155 4496 1739 677 2757 203 1062 48775 27584 27404 25173 2231
cat_boundaries=0 1 2 3
cat_threshold=27410 2048 11696
is_linear=0
shrinkage=0.035


Tree=175
num_leaves=15
num_cat=5
split_feature=24 32 9 22 32 6 3 32 23 32 32 22 23 3
split_gain=7.42914 29.5387 32.2313 19.1577 15.7141 14.2265 13.1907 12.844 19.0637 28.0858 23.54 23.2483 29.7433 20.652
threshold=1.0000000180025095e-35 0 2197.5000000000005 0.59027795823797924 1 35.100000000000009 1.4500000000000002 2 0.90200648767057934 3 4 0.94369723682191498 0.99633868679112336 15.050000000000002
decision_type=2 1 8 10 1 10 10 1 10 1 1 10 10 8
left_child=1 2 4 -4 -1 -6 -5 -2 10 11 -9 -10 -13 -12
right_child=7 -3 3 6 5 -7 -8 8 9 -11 13 12 -14 -15
leaf_value=0.0037681743761195734 -0.00016469370433991993 -0.00012561616769194317 -0.0035817350605691785 0.0021872293020979241 0.0016638737522837912 0.00038329330298020049 0.00027179329577741639 0.00075569250722535544 0.0013323507140950003 4.9083194462985486e-05 0.0002393527011881669 -0.00055344571758469963 0.00076863930683970241 -0.00029670321154017578
leaf_weight=233 14037 5005 68 95 186 511 2140 1228 556 15511 2737 415 2009 8993
leaf_count=233 14037 5005 68 95 186 511 2140 1228 556 15511 2737 415 2009 8993
internal_value=1.30283e-06 0.000968094 0.00356681 0.00134965 0.00905882 0.00604635 0.00192188 -0.000173881 0.000219139 0.000940474 -0.000809998 0.00404341 0.00256484 -0.00129332
internal_weight=53724 8238 3233 2303 930 697 2235 45486 31449 18491 12958 2980 2424 11730
internal_count=53724 8238 3233 2303 930 697 2235 45486 31449 18491 12958 2980 2424 11730
cat_boundaries=0 1 2 3 4 5
cat_threshold=21542 1024 22018 192 256
is_linear=0
shrinkage=0.035


Tree=176
num_leaves=15
num_cat=1
split_feature=3 32 22 1 29 4 16 26 26 2 0 3 1 0
split_gain=8.05956 15.6086 25.3334 15.3731 12.9226 9.94004 11.6197 11.073 9.56229 10.8976 9.53333 26.6028 24.5729 19.6429
threshold=832.50000000000011 0 1.0817368032484314 786.00000000000011 0.98522604642031408 2215.0000000000005 289.92780657938982 67.500000000000014 313.50000000000006 741.00000000000011 361.00000000000006 370.50000000000006 351.00000000000006 49.050000000000004
decision_type=8 1 10 10 2 8 8 2 2 8 10 10 10 10
left_child=3 2 -2 10 5 6 8 -7 9 -3 11 12 -1 -14
right_child=1 4 -4 -5 -6 7 -8 -9 -10 -11 -12 -13 13 -15
leaf_value=3.8679771480296115e-07 -0.00010260300240177657 8.2467786339605065e-05 -0.0023836113562703712 0.001618795667039241 0.0014575898174874792 0.00047498572343306349 0.0012992805425197675 -0.0016155342084311988 0.00075621880102622085 -0.00062910872878317126 0.00022592276824434296 -0.00090565485128406905 0.0055174724250983149 0.00026246273259921657
leaf_weight=44278 943 1149 511 380 211 93 214 376 384 616 3150 1097 128 194
leaf_count=44278 943 1149 511 380 211 93 214 376 384 616 3150 1097 128 194
internal_value=-5.21134e-06 -0.0014227 -0.00438393 0.000124411 1.14454e-05 -0.000616849 0.000310389 -0.00524262 -0.000471216 -0.00156215 6.94956e-05 -5.8969e-05 7.37585e-05 0.00963303
internal_weight=53724 4497 1454 49227 3043 2832 2363 469 2149 1765 48847 45697 44600 322
internal_count=53724 4497 1454 49227 3043 2832 2363 469 2149 1765 48847 45697 44600 322
cat_boundaries=0 1
cat_threshold=25426
is_linear=0
shrinkage=0.035


Tree=177
num_leaves=15
num_cat=1
split_feature=3 1 9 1 3 1 9 23 1 10 1 3 32 9
split_gain=7.93129 31.1727 21.2433 20.0457 13.1986 16.2063 13.3079 13.214 21.1267 13.0716 21.744 18.465 19.8514 15.7108
threshold=123.75000000000001 110.40000000000002 2632.5000000000005 140.50000000000003 190.50000000000003 229.75000000000003 822.50000000000011 0.73004570308192729 180.25000000000003 278.58571428571435 319.50000000000006 390.50000000000006 0 2802.5000000000005
decision_type=8 10 8 10 8 10 10 10 10 10 10 8 1 8
left_child=1 -1 -3 -2 7 6 -6 8 -5 -7 -11 13 -13 -12
right_child=3 2 -4 4 5 9 -8 -9 -10 10 11 12 -14 -15
leaf_value=4.3103396696042579e-06 -0.00036241327690392515 0.00046825356056086516 0.0029537564937604168 0.00031054876614255853 -0.0018780604016987615 0.00043738467159497589 -0.00032773520183305483 0.00026913384948257517 0.0047820235544062534 -0.00055450480597534553 0.00026085203709994595 0.00010666439875923945 -0.00060113665997273895 0.0021543406055594709
leaf_weight=33675 6645 1685 475 278 278 1169 987 1581 162 1011 1208 3152 1175 243
leaf_count=33675 6645 1685 475 278 278 1169 987 1581 162 1011 1208 3152 1175 243
internal_value=-6.51417e-06 0.000293945 0.0043649 -0.000608304 0.00029247 -0.000269289 -0.00394094 0.00285044 0.00817978 0.000316464 -0.000273035 0.000556804 -0.000589797 0.00396635
internal_weight=53724 35835 2160 17889 11244 9223 1265 2021 440 7958 6789 5778 4327 1451
internal_count=53724 35835 2160 17889 11244 9223 1265 2021 440 7958 6789 5778 4327 1451
cat_boundaries=0 1
cat_threshold=5916
is_linear=0
shrinkage=0.035


Tree=178
num_leaves=15
num_cat=1
split_feature=5 30 21 30 32 23 22 20 9 3 6 0 22 0
split_gain=7.22399 7.89357 10.2739 7.49249 12.4349 15.9245 16.5521 15.5902 29.7883 17.5947 13.8198 13.5516 11.0728 10.8459
threshold=2025.0000000000002 -0.83849291496497236 776.79549114331735 -0.93543596745397617 0 1.0823866948970515 0.83659592440080255 1903.6666666666667 1305.0000000000002 38.100000000000009 300.80000000000007 68.050000000000011 1.0193348735126766 28.550000000000004
decision_type=10 2 2 2 1 8 8 10 8 8 10 10 10 10
left_child=3 -2 -3 4 7 -6 -7 8 11 13 -11 -1 -8 -9
right_child=1 2 -4 -5 5 6 12 9 -10 10 -12 -13 -14 -15
leaf_value=0.0018768533123211177 0.00032210333640199503 0.0002040939781446527 -0.0014581171914018166 2.868510797574886e-05 -4.0551678650474215e-05 -0.0024310047092382207 6.5771973125161321e-05 0.0024050274888923928 0.0010830866208835681 -0.0020608917667944236 0.0002761825098518184 -0.00035843370670108959 -0.00093384491836960527 -5.2245736139801276e-05
leaf_weight=66 72 80 151 46554 3846 271 644 107 242 125 57 159 1220 130
leaf_count=66 72 80 151 46554 3846 271 644 107 242 125 57 159 1220 130
internal_value=3.9085e-06 -0.00534091 -0.00845339 3.47209e-05 -0.00104409 -0.00161691 -0.00403972 0.00279689 0.0071928 -0.00206368 -0.010107 -0.00197826 -0.00284644 0.00419421
internal_weight=53724 303 231 53421 6867 5981 2135 886 467 419 182 225 1864 237
internal_count=53724 303 231 53421 6867 5981 2135 886 467 419 182 225 1864 237
cat_boundaries=0 1
cat_threshold=20480
is_linear=0
shrinkage=0.035


Tree=179
num_leaves=15
num_cat=2
split_feature=5 30 21 32 23 0 23 24 23 23 22 32 22 14
split_gain=7.22399 7.89357 10.2739 7.25413 12.1033 11.878 18.1365 16.7416 22.5133 16.44 23.7163 19.5418 14.0153 12.4599
threshold=2025.0000000000002 -0.83849291496497236 776.79549114331735 0 3.2477849613045007 128.20000000000002 0.63452821575733587 1.0000000180025095e-35 0.90963438536648533 0.74446066658716403 0.83659592440080255 1 0.59027795823797924 145.05000000000004
decision_type=10 2 2 1 10 8 8 2 10 10 10 1 8 10
left_child=3 -2 -3 5 -5 7 -7 8 -1 10 13 -12 -8 -9
right_child=1 2 -4 4 -6 6 12 9 -10 -11 11 -13 -14 -15
leaf_value=0.0025600509369219896 0.00031082971962792473 0.00019695068890958895 -0.001407083089702753 -3.6873688564719732e-05 0.017325236997893283 0.00063181495750971612 -0.0038931946488362668 0.00038307939356653167 -7.3922735256773964e-05 0.00042845285272441637 -0.0026046782397779913 -0.00057744074924067636 -5.7030322224632116e-05 -0.0030754840843987617
leaf_weight=241 72 80 151 39903 155 254 56 496 189 4472 157 257 7189 52
leaf_count=241 72 80 151 39903 155 254 56 496 189 4472 157 257 7189 52
internal_value=3.9085e-06 -0.00534091 -0.00845339 3.47209e-05 -0.000200883 0.000740395 -0.000181903 0.00192026 0.00852874 0.00138996 -0.00275078 -0.00902148 -0.000506897 0.00202532
internal_weight=53724 303 231 53421 40058 13363 7499 5864 430 5434 962 414 7245 548
internal_count=53724 303 231 53421 40058 13363 7499 5864 430 5434 962 414 7245 548
cat_boundaries=0 1 2
cat_threshold=3456 128
is_linear=0
shrinkage=0.035


Tree=180
num_leaves=15
num_cat=3
split_feature=30 30 21 21 6 32 29 22 32 29 21 22 29 32
split_gain=7.28115 17.7995 15.068 18.1936 14.8605 13.7307 13.4615 12.2387 10.7839 16.4563 10.2455 9.59048 10.5198 10.4693
threshold=0.97461712852231652 0.92519182738459482 1347.7525252525254 831.83110367892994 80.15000000000002 0 -0.14250824554987665 1.2402338041324088 1 0.30983042691905771 2594.7916666666674 2.2502441627596759 0.878110924644389 2
decision_type=2 2 2 2 8 1 2 10 1 2 2 10 2 1
left_child=1 11 3 -2 8 6 -5 -8 9 -3 -10 13 -13 -1
right_child=2 4 -4 5 -6 -7 7 -9 10 -11 -12 12 -14 -15
leaf_value=0.00013790614534891945 -0.0050990095090207429 -0.00025515585166807967 -0.00052410772123884122 -0.0018530245817794078 0.00011311092296969361 0.0014075189823346619 0.00031922070484118661 -0.0017597129398662739 0.0016969484314542306 0.0026570927819223812 -0.00051856200337187328 -0.00040629931567252257 0.017429076172324698 -5.6708586415421538e-05
leaf_weight=12225 63 387 2133 50 1375 325 291 62 525 114 54 85 97 35938
leaf_count=12225 63 387 2133 50 1375 325 291 62 525 114 54 85 97 35938
internal_value=0 9.7825e-05 -0.00169682 0.00241834 0.00300203 0.00401091 -0.00041866 0.00205307 0.00606452 0.00210271 0.00925084 -4.99483e-05 0.00786096 -8.06552e-05
internal_weight=53724 50800 2924 791 2455 728 403 353 1080 501 579 48345 182 48163
internal_count=53724 50800 2924 791 2455 728 403 353 1080 501 579 48345 182 48163
cat_boundaries=0 1 2 3
cat_threshold=23948 58916 3456
is_linear=0
shrinkage=0.035


Tree=181
num_leaves=15
num_cat=4
split_feature=16 24 32 9 24 32 22 3 0 22 22 22 32 32
split_gain=10.8042 6.9405 25.1018 18.1033 20.8898 17.2941 16.7099 15.6644 14.2057 13.3359 12.0875 11.7448 11.5988 11.3224
threshold=1.0000000180025095e-35 1.5000000000000002 0 2132.5000000000005 1.0000000180025095e-35 1 1.498573722981692 104.10000000000001 688.50000000000011 0.39254815439153184 0.88219178082191785 1.084121941553696 2 3
decision_type=8 2 1 8 2 1 10 8 10 10 10 10 1 1
left_child=-1 2 3 4 -2 -3 10 -6 9 -4 -5 12 -11 -9
right_child=1 5 8 6 7 -7 -8 13 -10 11 -12 -13 -14 -15
leaf_value=0.00026950250031606562 0.0016023066861966912 -0.00024126347371348003 -0.0015864930685416485 -0.00076484288141102311 0.0012924270998266043 3.1390751012616573e-05 0.011216014232329766 0.00028891400102602332 -0.0014377039789727944 8.1172239947307494e-05 0.00027857037574181679 0.00037322245421846925 -0.00034292484541187222 -0.00058609248893420906
leaf_weight=73 710 11607 87 549 668 25754 104 336 249 4405 1517 3403 4073 189
leaf_count=73 710 11607 87 549 668 25754 104 336 249 4405 1517 3403 4073 189
internal_value=-3.9085e-06 -2.28306e-05 0.000579932 0.00295377 0.00544811 -0.000285688 0.000772414 0.00260017 -0.000214601 -4.09254e-05 6.76002e-05 6.18375e-05 -0.000635388 -0.00191509
internal_weight=53724 53651 16290 4073 1903 37361 2170 1193 12217 11968 2066 11881 8478 525
internal_count=53724 53651 16290 4073 1903 37361 2170 1193 12217 11968 2066 11881 8478 525
cat_boundaries=0 1 2 3 4
cat_threshold=5154 5666 27012 1026
is_linear=0
shrinkage=0.035


Tree=182
num_leaves=15
num_cat=3
split_feature=30 30 21 21 32 29 6 22 29 32 32 19 1 0
split_gain=7.09955 16.4155 14.2595 18.012 14.241 13.1792 12.9031 11.8946 9.97732 15.8188 8.95168 14.9201 19.5114 18.1188
threshold=0.97461712852231652 0.92519182738459482 1347.7525252525254 831.83110367892994 0 -0.14250824554987665 80.15000000000002 1.2402338041324088 0.30983042691905771 1 2 407.58333333333343 411.00000000000006 240.25000000000003
decision_type=2 2 2 2 1 2 8 8 2 1 1 8 10 8
left_child=1 10 3 -2 5 -5 8 -7 9 -3 -1 12 -12 -13
right_child=2 6 -4 4 -6 7 -8 -9 -10 -11 11 13 -14 -15
leaf_value=0.0001168226959646268 -0.0049657791246989465 -0.00024732407314513431 -0.00050686262728092291 -0.0017892673977025688 0.0013702581875423626 0.00030694930388630364 0.00011181804618810355 -0.0016896787653909819 0.001914721708383083 0.0015657734345471644 -4.1273250705097249e-05 -0.0015335936166080743 0.0012503987912081023 -0.00030688393223960835
leaf_weight=15201 63 387 2133 50 325 291 1375 62 219 474 30857 212 398 1677
leaf_count=15201 63 387 2133 50 325 291 1375 62 219 474 30857 212 398 1677
internal_value=2.60567e-06 9.92028e-05 -0.00167293 0.0023304 0.00391542 -0.000586124 0.00288821 0.00185754 0.00574194 0.00400115 -4.27094e-05 -0.00036521 -0.000182502 -0.00338173
internal_weight=53724 50800 2924 791 728 403 2455 353 1080 861 48345 33144 31255 1889
internal_count=53724 50800 2924 791 728 403 2455 353 1080 861 48345 33144 31255 1889
cat_boundaries=0 1 2 3
cat_threshold=23948 58916 3460
is_linear=0
shrinkage=0.035


Tree=183
num_leaves=15
num_cat=3
split_feature=3 1 1 32 0 29 32 10 24 30 30 29 26 32
split_gain=7.17676 29.0172 17.8357 15.2584 15.1963 13.2884 15.7864 11.8168 12.0308 11.6365 15.3738 14.4295 13.6769 22.064
threshold=115.10000000000001 103.35000000000001 140.50000000000003 0 69.90000000000002 -0.78326540922535159 1 147.52500000000001 1.0000000180025095e-35 0.98332250088165762 0.90438663683299525 0.10837544681456425 73.500000000000014 2
decision_type=8 10 10 1 10 2 1 10 2 2 2 2 2 1
left_child=1 9 3 -2 -3 -6 -7 8 -4 10 12 -11 13 -1
right_child=2 4 7 -5 5 6 -8 -9 -10 11 -12 -13 -14 -15
leaf_value=-0.00075020430027114072 -6.0362455859341305e-05 0.0041581195501168436 0.002110187312090082 -0.00067711546206357506 -0.00055394973817837203 0.00011717166956926041 0.0013844536916145136 6.9219378445628536e-06 0.00065323735353035211 -0.00020720018339694281 0.00050709501526656551 -0.0022650813028626008 4.8526009984687376e-05 8.7471581248251139e-05
leaf_weight=2141 3969 332 110 3622 311 609 685 10851 520 1027 2226 228 24623 2470
leaf_count=2141 3969 332 110 3622 311 609 685 10851 520 1027 2226 228 24623 2470
internal_value=-5.21134e-06 0.00029489 -0.000550401 -0.00186611 0.0044516 0.00302174 0.00458045 0.000319955 0.00496063 4.81357e-05 0.0001802 -0.00325 -3.35169e-05 -0.00178185
internal_weight=53724 34652 19072 7591 1937 1605 1294 11481 630 32715 31460 1255 29234 4611
internal_count=53724 34652 19072 7591 1937 1605 1294 11481 630 32715 31460 1255 29234 4611
cat_boundaries=0 1 2 3
cat_threshold=60436 44642 16997
is_linear=0
shrinkage=0.035


Tree=184
num_leaves=15
num_cat=2
split_feature=21 16 1 24 32 9 24 22 32 3 0 0 30 22
split_gain=7.72651 13.3064 7.18476 7.04724 20.6584 17.6008 18.7488 17.1549 16.2293 15.04 13.5648 12.9759 12.8826 12.2945
threshold=3229.576539855073 3.8171386673438747 5.5500000000000007 1.5000000000000002 0 2132.5000000000005 1.0000000180025095e-35 1.498573722981692 1 104.10000000000001 688.50000000000011 1.2500000000000002 -0.25206183926700709 1.084121941553696
decision_type=2 10 10 2 1 8 2 10 1 8 10 8 2 10
left_child=3 2 -2 4 5 6 -1 -7 11 -8 13 -5 -13 -6
right_child=1 -3 -4 8 10 7 9 -9 -10 -11 -12 12 -14 -15
leaf_value=0.0015363008856005792 0.0019593899804485515 -0.00032158428856054441 0.0025481826811069542 0.0018665750439920549 -0.00010620375293051572 -2.8530456831633025e-05 0.0012399880666092663 0.010835898613384279 2.8812866528259433e-05 -0.00017159938503954144 -0.0013745307161252796 -0.00047853182102536258 -5.7292760560559993e-05 0.00036312280708890922
leaf_weight=710 55 94 53 75 8554 2063 669 104 25675 525 249 5356 6159 3383
leaf_count=710 55 94 53 75 8554 2063 669 104 25675 525 249 5356 6159 3383
internal_value=1.43312e-05 0.00676329 0.0148673 -1.17698e-05 0.000596175 0.00274963 0.00520691 0.000596225 -0.000277032 0.00251043 -0.000126219 -0.00136321 -0.00146137 4.39625e-05
internal_weight=53724 202 108 53522 16257 4071 1904 2167 37265 1194 12186 11590 11515 11937
internal_count=53724 202 108 53522 16257 4071 1904 2167 37265 1194 12186 11590 11515 11937
cat_boundaries=0 1 2
cat_threshold=5154 5666
is_linear=0
shrinkage=0.035


Tree=185
num_leaves=15
num_cat=3
split_feature=16 24 32 9 22 32 1 32 0 23 22 22 30 30
split_gain=10.7826 6.93687 21.0266 16.299 22.7695 15.5163 14.0416 18.9844 13.536 13.1053 11.1129 10.9747 11.9165 10.9512
threshold=1.0000000180025095e-35 1.5000000000000002 0 1672.5000000000002 1.5236325238862833 1 58.550000000000004 2 688.50000000000011 1.1596940844063131 0.81448222247722313 1.084121941553696 -0.99864786094873803 -0.25206183926700709
decision_type=8 2 1 8 10 1 8 1 10 10 10 10 2 2
left_child=-1 2 3 6 -5 13 -2 9 11 10 -8 12 -4 -3
right_child=1 5 8 4 -6 -7 7 -9 -10 -11 -12 -13 -14 -15
leaf_value=0.00026734429388732277 0.0017352417485066247 -0.0004410976962881092 -0.0013696496372644648 9.953026714349834e-05 0.0099573817906534346 2.8515723009252817e-05 -0.00011275174148279444 -0.00014254844723189165 -0.0013264221410608957 3.0608216721481068e-05 0.002786541363648891 0.00034646242145795373 -7.0447949994738025e-05 -5.2076360054587051e-05
leaf_weight=73 291 5398 154 2575 136 25754 79 472 249 172 348 3403 8411 6209
leaf_count=73 291 5398 154 2575 136 25754 79 472 249 172 348 3403 8411 6209
internal_value=9.11984e-06 -9.78455e-06 0.00059282 0.00276541 0.00119845 -0.000272574 0.00588881 0.00400093 -0.000134483 0.00803746 0.0114236 3.50789e-05 -0.000633022 -0.00133411
internal_weight=53724 53651 16290 4073 2711 37361 1362 1071 12217 599 427 11968 8565 11607
internal_count=53724 53651 16290 4073 2711 37361 1362 1071 12217 599 427 11968 8565 11607
cat_boundaries=0 1 2 3
cat_threshold=5154 5666 1026
is_linear=0
shrinkage=0.035


Tree=186
num_leaves=15
num_cat=1
split_feature=3 1 0 15 1 32 4 15 11 5 23 3 1 1
split_gain=7.27371 30.6891 26.517 17.3817 17.269 14.1009 13.104 12.3238 12.0201 11.7734 11.3328 11.2908 26.45 19.7314
threshold=110.25000000000001 92.750000000000014 69.90000000000002 79.975000000000009 140.50000000000003 0 130.10000000000002 112.55000000000001 137.72115384615387 19.550000000000004 0.31404353297100485 78.050000000000011 24.650000000000002 47.050000000000004
decision_type=8 10 10 2 10 1 10 2 10 8 8 10 10 10
left_child=1 11 3 -3 5 10 8 -6 -4 -7 -2 13 -13 -1
right_child=4 2 6 -5 7 9 -8 -9 -10 -11 -12 12 -14 -15
leaf_value=-3.3139025049844234e-05 -0.0024090657317266625 0.0085878339604694709 0.00030157623179362939 0.0022419810646700914 0.0020197332546200873 0.00043796821883429764 0.001576839744896943 2.2389074996001514e-05 -0.0027458195871992667 -0.00073125348115431264 -2.1396877135259343e-05 0.00045206293059696454 -0.00071094001776002345 0.00034632646307794507
leaf_weight=24160 82 136 1676 331 366 324 361 11140 57 3409 4004 750 1849 5079
leaf_count=24160 82 136 1676 331 366 324 361 11140 57 3409 4004 750 1849 5079
internal_value=9.11984e-06 0.000314353 0.00399649 0.0114936 -0.000534144 -0.00180279 0.0023011 0.000328382 0.00102704 -0.00335245 -0.000375518 1.75863e-05 -0.00219086 0.000214232
internal_weight=53724 34399 2561 467 19325 7819 2094 11506 1733 3733 4086 31838 2599 29239
internal_count=53724 34399 2561 467 19325 7819 2094 11506 1733 3733 4086 31838 2599 29239
cat_boundaries=0 1
cat_threshold=60436
is_linear=0
shrinkage=0.035


Tree=187
num_leaves=15
num_cat=1
split_feature=16 3 1 16 22 23 3 23 32 17 19 0 16 3
split_gain=10.7632 6.78936 6.57869 31.5547 22.7771 22.9688 16.1589 20.444 18.5519 13.3976 13.0808 30.9229 17.0393 20.7274
threshold=1.0000000180025095e-35 3725.0000000000005 461.50000000000006 167.67230842796855 1.5858780692660879 0.88202963833570391 520.50000000000011 2.0739180411378979 0 57.758536436847912 347.62500000000006 118.10000000000001 58.068608648363302 370.50000000000006
decision_type=8 10 10 10 10 10 8 8 1 10 8 10 10 10
left_child=-1 2 3 10 5 -5 7 -4 9 -8 12 -12 -2 -14
right_child=1 -3 6 4 -6 -7 8 -9 -10 -11 11 -13 13 -15
leaf_value=0.00025873613430099532 3.3899028881989594e-06 -0.0018309030621172766 0.00029751011264968934 -0.0020870942151453319 -0.0043887393252717644 0.0022124926388053696 -0.00097662973033697006 0.0042075030943274239 -0.00058025638684849803 0.00038847649031802659 -0.0014068109658483281 -5.0782893162988897e-05 0.0018987644045930403 -0.0023017090907120814
leaf_weight=73 45628 54 652 215 127 120 122 218 868 1675 522 2301 1043 106
leaf_count=73 45628 54 652 215 127 120 122 218 868 1675 522 2301 1043 106
internal_value=2.08454e-05 1.95691e-06 1.50181e-05 -8.8082e-05 -0.00914347 -0.00422059 0.00147316 0.0056 0.000117978 0.00214404 -2.8223e-06 -0.00231436 0.000136912 0.00433709
internal_weight=53724 53651 53597 50062 462 335 3535 870 2665 1797 49600 2823 46777 1149
internal_count=53724 53651 53597 50062 462 335 3535 870 2665 1797 49600 2823 46777 1149
cat_boundaries=0 1
cat_threshold=1804
is_linear=0
shrinkage=0.035


Tree=188
num_leaves=15
num_cat=1
split_feature=3 16 1 16 0 3 9 32 22 19 0 16 3 0
split_gain=6.81098 6.74736 6.54339 26.5745 21.8139 15.5384 19.4425 17.3881 13.2905 12.4953 29.8016 15.1733 20.044 21.6056
threshold=3725.0000000000005 1.0000000180025095e-35 461.50000000000006 167.67230842796855 330.75000000000006 520.50000000000011 1432.5000000000002 0 1.5858780692660879 347.62500000000006 113.65000000000002 58.068608648363302 370.50000000000006 139.10000000000002
decision_type=10 8 10 10 10 8 8 1 10 8 10 10 10 8
left_child=1 -1 3 9 -5 6 -4 -7 -6 11 -11 -3 13 -13
right_child=-2 2 5 4 8 7 -8 -9 -10 10 -12 12 -14 -15
leaf_value=0.00024968036960046239 -0.0017668214549431708 3.2712562871128894e-06 -0.00054740132021894716 -0.003903273957081183 0.00036352672251404098 0.00024214939118042124 0.0013242612604557969 -0.00055994741330880145 -0.0068302542939417338 -0.0013633178485183857 -4.6248166099503443e-05 -0.002439512127900749 -0.0022211492725371603 0.0027261487307225409
leaf_weight=73 54 45628 205 199 212 1797 665 868 51 521 2302 186 106 857
leaf_count=73 54 45628 205 199 212 1797 665 868 51 521 2302 186 106 857
internal_value=2.08454e-05 3.39078e-05 1.89359e-05 -8.38876e-05 -0.008394 0.00147316 0.00552 0.000144195 -0.00169776 -5.64459e-06 -0.00226485 0.000130926 0.00409445 0.00557729
internal_weight=53724 53670 53597 50062 462 3535 870 2665 263 49600 2823 46777 1149 1043
internal_count=53724 53670 53597 50062 462 3535 870 2665 263 49600 2823 46777 1149 1043
cat_boundaries=0 1
cat_threshold=1804
is_linear=0
shrinkage=0.035


Tree=189
num_leaves=15
num_cat=4
split_feature=3 24 32 9 24 22 32 16 3 32 32 2 23 17
split_gain=6.80501 6.59373 19.951 17.1999 17.1459 14.2328 14.159 12.8784 12.7988 11.4885 11.1636 11.566 10.2746 10.2432
threshold=3725.0000000000005 1.5000000000000002 0 2132.5000000000005 1.0000000180025095e-35 0.88219178082191785 1 364.94967701820059 104.10000000000001 2 3 7.5500000000000007 0.876210869786887 0.99999999999986366
decision_type=10 2 1 8 2 10 1 8 8 1 1 10 10 10
left_child=1 2 3 4 10 -5 -3 -4 13 -10 12 -12 -1 -6
right_child=-2 6 7 5 8 -7 -8 -9 9 -11 11 -13 -14 -15
leaf_value=0.0047420844395440849 -0.0017049827040201599 -0.0002083976946815014 -5.4029913569869638e-07 -0.00068146072938441056 -0.0012905677781544162 0.00043262110496606449 2.8684779222422076e-05 -0.0039897710097035769 0.00033139613660830851 -0.00049555859473530809 0.0021704396849401325 0.00051387419652903111 0.0016325720100449522 0.0014479832293984702
leaf_weight=150 54 11586 12164 547 54 1625 25777 74 330 189 70 409 80 615
leaf_count=150 54 11586 12164 547 54 1625 25777 74 330 189 70 409 80 615
internal_value=1.5634e-05 2.86912e-05 0.000615804 0.00273384 0.00517087 0.000610932 -0.000227601 -9.14062e-05 0.00258173 -0.00153626 0.00946078 0.00588057 0.0157143 0.00576409
internal_weight=53724 53670 16307 4069 1897 2172 37363 12238 1188 519 709 479 230 669
internal_count=53724 53670 16307 4069 1897 2172 37363 12238 1188 519 709 479 230 669
cat_boundaries=0 1 2 3 4
cat_threshold=5154 5666 1026 1024
is_linear=0
shrinkage=0.035


Tree=190
num_leaves=15
num_cat=1
split_feature=3 0 13 16 23 14 1 16 3 32 1 0 23 3
split_gain=6.80799 6.61167 14.3492 11.0209 12.0015 11.3514 10.9763 27.1549 14.0876 31.4721 16.5412 16.398 15.0696 13.0373
threshold=3725.0000000000005 4.0500000000000007 10.525000000000002 3.2041639575194796 0.99852451985666468 1.5250000000000001 9.0500000000000025 1.75119007154183 14.65 0 19.550000000000004 9.5500000000000025 0.96395690184805305 28.050000000000004
decision_type=10 8 8 10 10 10 8 8 8 1 8 10 10 8
left_child=1 2 3 4 -1 -6 7 -3 9 -8 11 -10 -11 -12
right_child=-2 6 -4 -5 5 -7 8 -9 10 12 13 -13 -14 -15
leaf_value=0.00070393171587600396 -0.0016453083093794551 -9.8234250575089671e-05 0.0092350880217489332 -0.0060330590800351342 -0.0012890489879063217 0.00022679103252152224 0.0020256420831571767 -0.0018863854445067287 -0.0018480064136483859 0.00065254847184504955 0.00034448092017215053 -0.00027054620475197024 -0.00042202905662225515 -2.067736428849554e-05
leaf_weight=1353 54 2966 54 50 200 424 717 883 520 1636 5005 1794 1557 36511
leaf_count=1353 54 2966 54 50 200 424 717 883 520 1636 5005 1794 1557 36511
internal_value=1.82397e-05 3.12995e-05 0.00196309 0.00146407 0.00188951 -0.00211447 -4.68078e-05 -0.00184354 9.82302e-05 0.00210983 -8.14418e-05 -0.00295817 0.000600062 7.9237e-05
internal_weight=53724 53670 2081 2027 1977 624 51589 3849 47740 3910 43830 2314 3193 41516
internal_count=53724 53670 2081 2027 1977 624 51589 3849 47740 3910 43830 2314 3193 41516
cat_boundaries=0 1
cat_threshold=32936
is_linear=0
shrinkage=0.035


Tree=191
num_leaves=15
num_cat=1
split_feature=3 1 15 1 14 23 23 26 30 30 26 32 11 0
split_gain=6.38961 28.0399 19.0361 15.9302 22.174 24.8123 13.7199 15.9062 12.1007 12.2617 13.1526 17.4456 14.2411 18.2659
threshold=115.10000000000001 84.100000000000009 62.525000000000006 229.75000000000003 235.12500000000003 0.35761826530182406 0.31404353297100485 209.50000000000003 0.98332250088165762 0.90803977035715633 73.500000000000014 0 87.591666666666683 45.050000000000004
decision_type=8 10 2 10 8 10 8 2 2 2 2 1 8 10
left_child=1 8 -3 6 5 -5 7 -2 9 10 11 -1 -12 -14
right_child=3 2 -4 4 -6 -7 -8 -9 -10 -11 12 -13 13 -15
leaf_value=-0.00081085275245310463 -0.0030014757747079497 0.0041837618717642227 0.00042625658291555797 0.0072795751072760751 1.3412095881440713e-05 0.00080637541845268951 -0.00018856167505236973 0.00089091134294234388 -0.00061010766576546362 0.00046077118359005273 6.3396764443836859e-05 4.439917630827462e-05 -0.0024415540634218579 -0.00020978855908441953
leaf_weight=2041 156 388 3161 123 7596 591 10554 52 1183 2028 22514 2364 194 779
leaf_count=2041 156 388 3161 123 7596 591 10554 52 1183 2028 22514 2364 194 779
internal_value=1.17255e-05 0.00029489 0.00324001 -0.0005027 0.000648226 0.00652295 -0.00139129 -0.0101878 -4.16292e-05 9.59064e-05 -9.53508e-05 -0.00184921 0.000233909 -0.00390082
internal_weight=53724 34652 3549 19072 8310 714 10762 208 31103 29920 27892 4405 23487 973
internal_count=53724 34652 3549 19072 8310 714 10762 208 31103 29920 27892 4405 23487 973
cat_boundaries=0 1
cat_threshold=16997
is_linear=0
shrinkage=0.035


Tree=192
num_leaves=15
num_cat=3
split_feature=3 1 32 1 15 23 32 3 1 0 1 29 9 32
split_gain=6.08745 26.5447 20.0768 15.0485 13.0295 12.5411 12.9608 12.0703 16.3405 16.1109 19.5256 12.6619 12.3404 11.7552
threshold=115.10000000000001 118.10000000000001 0 140.50000000000003 79.975000000000009 0.31404353297100485 1 190.50000000000003 229.75000000000003 99.750000000000014 180.25000000000003 0.99865421017599998 822.50000000000011 2
decision_type=8 10 1 10 2 8 1 8 10 10 10 2 10 1
left_child=1 -1 4 5 -3 -2 -7 9 12 10 -5 -10 -9 -11
right_child=3 2 -4 7 -6 6 -8 8 11 13 -12 -13 -14 -15
leaf_value=1.0525291650076431e-05 -0.0021643790752506201 0.0052281893197901356 0.0020905908290973821 0.00063388889821889183 -0.00060967846338838452 -1.1880331215570195e-05 -0.0005819617190609361 -0.0017566166007015414 5.4802402012005263e-05 0.00079866083646570342 0.0075616549484541088 -0.0014096760611251498 -0.0003016106694977211 -6.7989705612906404e-05
leaf_weight=33275 171 83 885 237 409 3887 3533 278 7833 566 134 125 987 1321
leaf_count=33275 171 83 885 237 409 3887 3533 278 7833 566 134 125 987 1321
internal_value=1.04227e-05 0.000286811 0.0050398 -0.000491692 -0.000690335 -0.00170024 -0.00148013 0.000307766 -0.000254118 0.00259832 0.00921543 0.000334045 -0.00394094 0.00127643
internal_weight=53724 34652 1377 19072 492 7591 7420 11481 9223 2258 371 7958 1265 1887
internal_count=53724 34652 1377 19072 492 7591 7420 11481 9223 2258 371 7958 1265 1887
cat_boundaries=0 1 2 3
cat_threshold=42530 60436 37216
is_linear=0
shrinkage=0.035


Tree=193
num_leaves=15
num_cat=3
split_feature=30 30 21 21 32 29 22 6 32 14 26 0 32 9
split_gain=6.04794 13.164 12.6603 17.8313 12.5786 13.4615 10.4174 10.21 13.0596 10.2863 13.0936 12.9548 10.4238 10.735
threshold=0.97461712852231652 0.92519182738459482 1347.7525252525254 831.83110367892994 0 -0.14250824554987665 1.2402338041324088 220.30000000000004 1 35.975000000000009 344.50000000000006 40.250000000000007 2 2632.5000000000005
decision_type=2 2 2 2 1 2 10 8 1 10 2 8 1 8
left_child=1 -1 3 -2 5 -5 -7 9 -9 10 -3 -12 -11 -14
right_child=2 7 -4 4 -6 6 -8 8 -10 12 11 -13 13 -15
leaf_value=-2.4069578638541427e-06 -0.0049316848773025192 0.0020957135619773227 -0.00048368892317986249 -0.0017307617185636382 0.0012518501812969463 0.0002588687582366578 -0.0016427433600158816 0.00069559546270169697 -0.00066000989092259549 -0.00052419449686109455 -0.00049387607316771784 0.00320371673723694 0.00080681949195253184 -0.00045864763995363882
leaf_weight=48345 63 347 2133 50 325 291 62 377 494 165 189 50 655 178
leaf_count=48345 63 347 2133 50 325 291 62 377 494 165 189 50 655 178
internal_value=1.69368e-05 0.000106092 -0.00152953 0.00224246 0.00381992 -0.00041866 0.00205307 0.00260366 -0.000439498 0.00427313 0.0079357 0.00157787 0.00209372 0.00367335
internal_weight=53724 50800 2924 791 728 403 353 2455 871 1584 586 239 998 833
internal_count=53724 50800 2924 791 728 403 353 2455 871 1584 586 239 998 833
cat_boundaries=0 1 2 3
cat_threshold=23948 45624 33857
is_linear=0
shrinkage=0.035


Tree=194
num_leaves=15
num_cat=2
split_feature=24 32 9 22 14 22 32 24 3 7 22 17 19 3
split_gain=5.89992 18.6882 20.4314 24.221 19.6074 17.6439 16.236 17.3272 17.636 20.6883 15.7716 16.3095 14.6821 13.8259
threshold=2.5000000000000004 0 2947.5000000000005 0.59027795823797924 1.3750000000000002 1.4753098498602497 1 5.5000000000000009 79.850000000000009 149.17592592592595 0.63349840371956823 150.59874346491736 461.37500000000006 19.550000000000004
decision_type=2 1 8 8 10 10 1 2 10 2 10 10 10 8
left_child=1 2 10 -4 -3 13 7 -2 -9 -10 11 -1 -11 -5
right_child=6 4 3 5 -6 -7 -8 8 9 12 -12 -13 -14 -15
leaf_value=0.0016898063891500538 -0.00035245957673543692 -0.001737439888388772 -0.0046586217474853739 0.0013567060535301591 -4.0325499621702291e-05 0.0093231312900352754 -1.8111810707993616e-06 -0.009910666457997229 0.00097037845983969425 -0.0071209738152154308 0.00035726321281051414 -0.00038066252897929828 0.00026786105394139924 -0.00036579098412655559
leaf_weight=291 3266 98 108 433 14228 164 25328 95 52 71 6995 60 50 2485
leaf_count=291 3266 98 108 433 14228 164 25328 95 52 71 6995 60 50 2485
internal_value=1.30283e-05 0.000408171 0.00152592 -0.000810642 -0.000414894 -0.000226757 -0.000327363 -0.00254438 -0.0110256 -0.00412921 0.00254251 0.00973315 -0.0119444 -0.000862128
internal_weight=53724 24862 10536 3190 14326 3082 28862 3534 268 173 7346 351 121 2918
internal_count=53724 24862 10536 3190 14326 3082 28862 3534 268 173 7346 351 121 2918
cat_boundaries=0 1 2
cat_threshold=5546 1026
is_linear=0
shrinkage=0.035


Tree=195
num_leaves=15
num_cat=3
split_feature=20 5 6 0 33 30 26 0 20 29 33 30 32 21
split_gain=5.97959 6.97491 9.99541 7.28327 6.57915 21.6659 21.4105 18.447 18.4553 15.7087 32.4285 73.057 19.8495 15.314
threshold=632.32142857142867 130.10000000000002 651.00000000000011 45.050000000000004 0 0.45847758937963173 297.50000000000006 69.90000000000002 960.357142857143 0.92273069556937592 1 -0.013976481981245173 2 2679.5553359683799
decision_type=8 10 8 8 1 2 2 10 8 2 1 2 1 2
left_child=1 3 -3 -1 5 6 7 8 -2 -6 11 12 -11 -12
right_child=4 2 -4 -5 9 -7 -8 -9 -10 10 13 -13 -14 -15
leaf_value=0.00025894768269774787 -0.00030667853474506958 0.00085555177196932957 -0.00085775403986118072 -0.0024721683885874654 -6.8004850995896521e-05 0.00036749919219349476 -0.0024325700500561829 -0.00018625596416300518 0.00044393455257027875 0.0051037223190215277 -0.00026427281490201297 -0.00020874741546401845 0.0012448153159934072 0.00087102049533560719
leaf_weight=50 1620 155 103 110 34282 4023 110 4426 3272 434 3108 943 437 651
leaf_count=50 1620 155 103 110 34282 4023 110 4426 3272 434 3108 943 437 651
internal_value=7.81701e-06 -0.00413712 -0.000532319 -0.00975758 4.07045e-05 0.000709565 -0.000207781 -2.25249e-05 0.00145804 -0.000185227 0.00153729 0.00535812 0.0126655 -0.000324589
internal_weight=53724 418 258 160 53306 13451 9428 9318 4892 39855 5573 1814 871 3759
internal_count=53724 418 258 160 53306 13451 9428 9318 4892 39855 5573 1814 871 3759
cat_boundaries=0 1 2 3
cat_threshold=2 8 25774
is_linear=0
shrinkage=0.035


Tree=196
num_leaves=15
num_cat=2
split_feature=16 30 30 21 21 32 29 5 8 0 22 0 6 32
split_gain=6.77477 6.18377 11.33 11.1781 17.2943 14.0688 12.6228 10.6439 14.3046 9.81019 9.53431 9.16325 8.99121 12.2071
threshold=1.0000000180025095e-35 0.97461712852231652 0.92843842216862604 1347.7525252525254 831.83110367892994 0 -0.14250824554987665 411.00000000000006 31.995100474064078 140.50000000000003 2.2502441627596759 671.50000000000011 220.30000000000004 1
decision_type=8 2 2 2 2 1 2 10 2 8 10 8 8 1
left_child=-1 2 10 4 -3 6 -6 8 9 -8 -2 -9 -4 -14
right_child=1 3 12 -5 5 -7 7 11 -10 -11 -12 -13 13 -15
leaf_value=0.00023465757177571048 -7.4108664150240874e-06 -0.0047844425907720691 0.0006766292172370853 -0.00046282294030665784 -0.0016885939401214941 0.0012118269872231713 -0.00031449269658551717 0.0012583420504137896 -0.00098847534279415108 0.0022757922436703851 0.0067810952753436377 4.1266200827236867e-05 0.00070834008142139698 -0.0007012819011165967
leaf_weight=73 48209 63 1489 2132 50 325 53 50 124 53 182 73 391 457
leaf_count=73 48209 63 1489 2132 50 325 53 50 124 53 182 73 391 457
internal_value=1.30283e-05 -1.95691e-06 8.83054e-05 -0.00156592 0.00197864 0.00353342 -0.000921053 0.00146648 -0.00297872 0.00630631 -2.67584e-05 0.00957031 0.00246584 -0.000410317
internal_weight=53724 53651 50728 2923 791 728 403 353 230 106 48391 123 2337 848
internal_count=53724 53651 50728 2923 791 728 403 353 230 106 48391 123 2337 848
cat_boundaries=0 1 2
cat_threshold=23948 45626
is_linear=0
shrinkage=0.035


Tree=197
num_leaves=15
num_cat=0
split_feature=16 1 15 3 0 2 29 19 0 29 0 11 1 1
split_gain=6.75937 5.99679 28.3193 26.1946 30.6028 17.497 17.0107 15.1619 15.6597 14.8353 11.6307 24.8142 36.85 31.8499
threshold=1.0000000180025095e-35 113.10000000000001 79.975000000000009 99.750000000000014 58.550000000000004 230.50000000000003 -0.93545489084327571 70.02500000000002 89.850000000000009 -0.34235669412071207 47.550000000000004 50.63068181818182 54.050000000000004 47.550000000000004
decision_type=8 10 2 10 10 10 2 8 8 2 10 8 8 10
left_child=-1 3 -3 10 5 9 -6 -4 -9 -5 11 13 -13 -2
right_child=1 2 7 4 6 -7 -8 8 -10 -11 -12 12 -14 -15
leaf_value=0.00022644455676355869 -2.1231123474455551e-05 0.0043717171281659707 -0.0068977495156199962 -0.00090292381973798282 -0.0015255345463702976 0.00084806386373878506 -9.6844540212700795e-05 0.0028978449776686033 3.2820045208042937e-05 -0.0036266501440374824 0.00020547486445744113 -0.0016305353804196556 -4.1592233756646565e-05 0.0022457341177948113
leaf_weight=73 23295 375 66 172 425 102 3690 208 14207 434 7865 777 1396 639
leaf_count=73 23295 375 66 172 425 102 3690 208 14207 434 7865 777 1396 639
internal_value=2.47539e-05 9.78455e-06 0.000607631 -0.000219201 -0.00263152 -0.00932679 -0.00146966 0.000360003 0.00043932 -0.0115712 0.000123613 -0.000231886 -0.00380854 9.35712e-05
internal_weight=53724 53651 14856 38795 4823 708 4115 14481 14415 606 33972 26107 2173 23934
internal_count=53724 53651 14856 38795 4823 708 4115 14481 14415 606 33972 26107 2173 23934
is_linear=0
shrinkage=0.035


Tree=198
num_leaves=15
num_cat=4
split_feature=30 16 6 23 8 23 8 33 32 3 32 33 22 23
split_gain=5.94735 15.7939 21.4978 15.904 25.712 15.3186 13.1284 11.9692 11.1514 11.7933 10.8619 13.2974 14.027 26.2999
threshold=-0.6523320455745395 1.6603713526007389 12.100000000000001 1.0009551146027549 0.56784925558152199 1.6857212419431311 3.5756553280706505 0 1 3.9500000000000006 2 3 0.98557824835227625 0.27476363203900822
decision_type=2 8 8 10 2 10 2 1 1 10 1 1 10 10
left_child=1 3 5 -1 -5 6 7 -3 -6 -10 -4 12 13 -12
right_child=-2 2 10 4 8 -7 -8 -9 9 -11 11 -13 -14 -15
leaf_value=0.00070092230037910352 3.8673182216000251e-05 0.00086092449211981126 0.0001681916959854049 -0.0017180201686735259 0.00070938124355611649 -0.012045516453022952 -0.0027092871472051984 -0.0019207288311540926 -0.0023290307932177243 -0.00019830447995633857 -0.002288452678220438 -3.9677912096168226e-05 4.0497738080639279e-05 -0.00030387636263564961
leaf_weight=1716 37255 190 2940 149 447 54 295 282 68 312 409 7183 922 1502
leaf_count=1716 37255 190 2940 149 447 54 295 282 68 312 409 7183 922 1502
internal_value=2.47539e-05 -0.000529015 -0.0010082 0.00192065 -0.00164118 -0.00648305 -0.00512306 -0.00146751 0.000799279 -0.0035443 -0.0006589 -0.00120726 -0.00323209 -0.00495042
internal_weight=53724 16469 13777 2692 976 821 767 472 827 380 12956 10016 2833 1911
internal_count=53724 16469 13777 2692 976 821 767 472 827 380 12956 10016 2833 1911
cat_boundaries=0 1 2 3 4
cat_threshold=6 10417 4369 8
is_linear=0
shrinkage=0.035


Tree=199
num_leaves=15
num_cat=3
split_feature=29 32 14 32 26 22 26 32 14 23 6 4 16 20
split_gain=5.80698 17.5018 15.6482 12.2925 12.2703 17.2107 11.6548 11.3107 11.4512 11.2647 13.6938 16.0293 14.203 11.2199
threshold=-0.46801505794253101 0 450.12500000000006 1 221.50000000000003 1.145083238092804 320.50000000000006 2 24.525000000000002 0.27476363203900822 851.00000000000011 520.50000000000011 185.0096518102703 1354.6428571428573
decision_type=2 1 8 1 2 10 2 1 10 8 10 8 10 10
left_child=1 2 6 -2 5 7 -1 8 -3 -6 11 12 -11 -13
right_child=3 4 -4 -5 9 -7 -8 -9 -10 10 -12 13 -14 -15
leaf_value=-0.00028628671597368042 6.3144258269233206e-05 0.0013942997107759438 -0.0019652598209730946 -0.00014062122304801168 0.0047724568770038051 -0.0015749285321280306 0.0008900737231910239 0.0015971449676569684 -0.00086132770320849182 0.00010505094716351084 -0.0021766219111188931 -0.00052450727008326208 -0.0042580920018731871 0.0011971638577704397
leaf_weight=4431 18365 148 250 18286 53 168 469 743 158 9542 92 97 54 868
leaf_count=4431 18365 148 250 18286 53 168 469 743 158 9542 92 97 54 868
internal_value=1.82397e-05 0.000551294 -0.00115198 -0.000230112 0.00128707 0.00461129 -0.000713558 0.00627609 0.000436137 0.000908412 0.000824263 0.000944066 0.000510364 0.00523196
internal_weight=53724 17073 5150 36651 11923 1217 4900 1049 306 10706 10653 10561 9596 965
internal_count=53724 17073 5150 36651 11923 1217 4900 1049 306 10706 10653 10561 9596 965
cat_boundaries=0 1 2 3
cat_threshold=53776 54676 224
is_linear=0
shrinkage=0.035


Tree=200
num_leaves=15
num_cat=1
split_feature=17 1 23 17 30 3 32 0 1 5 23 3 1 1
split_gain=5.82007 29.1471 19.3962 18.9 14.3335 13.7721 25.3996 19.6187 13.9349 16.713 18.1468 15.0907 27.0209 17.8816
threshold=1.2850924883238075 9.0500000000000025 0.98713361680627199 0.70192278800603503 -0.048362832084465616 14.65 0 4.9500000000000011 21.050000000000004 7.5500000000000007 0.53097034152342515 28.050000000000004 240.25000000000003 47.050000000000004
decision_type=8 8 10 10 2 8 1 8 8 10 10 8 8 8
left_child=2 -2 4 -4 -1 6 -3 -7 9 -9 -11 12 -10 -13
right_child=1 5 3 -5 -6 7 -8 8 11 10 -12 13 -14 -15
leaf_value=0.00095912380433515977 -0.00095016441373432911 0.00202518175029934 -0.00085211221132151522 0.00025073812316766809 1.9648330577473617e-05 0.0061926857914521884 0.00015147959109421073 -0.0021725896099962358 0.00075332036572702107 -0.0013303679565806062 8.9982868032639782e-06 -0.00031090937577848868 -0.00057315026924116281 2.7505066908269928e-05
leaf_weight=1549 2151 656 803 1102 1224 51 2646 298 3057 716 2125 6263 1111 29972
leaf_count=1549 2151 656 803 1102 1224 51 2646 298 3057 716 2125 6263 1111 29972
internal_value=1.69368e-05 -9.56148e-05 0.00119581 -0.00152094 0.00306156 8.73134e-05 0.00226489 -7.78705e-05 -0.000104485 -0.00234892 -0.00151265 7.01594e-05 0.00206326 -0.000159354
internal_weight=53724 49046 4678 1905 2773 46895 3302 43593 43542 3139 2841 40403 4168 36235
internal_count=53724 49046 4678 1905 2773 46895 3302 43593 43542 3139 2841 40403 4168 36235
cat_boundaries=0 1
cat_threshold=32936
is_linear=0
shrinkage=0.035


Tree=201
num_leaves=15
num_cat=1
split_feature=0 13 16 23 17 9 8 1 8 3 32 23 8 1
split_gain=6.11979 19.2354 14.1605 20.1413 12.8415 14.4923 13.4345 13.0956 16.0817 11.8815 25.186 16.7582 14.3704 14.1634
threshold=5.0500000000000007 14.525000000000002 1.8708286933874192 0.98713361680627199 0.70192278800603503 1117.5000000000002 1.012119402319436 9.0500000000000025 2.4136780385345364 14.65 0 0.94523955564642559 6.6898025704204054 19.550000000000004
decision_type=8 8 10 10 10 8 2 8 2 8 1 10 2 8
left_child=1 2 3 -1 5 -2 -6 8 -8 10 -9 12 -12 -11
right_child=4 -3 -4 -5 6 -7 7 9 -10 13 11 -13 -14 -15
leaf_value=0.0007367927795963212 -0.002659493141807748 0.0059759417887513631 -0.0020115267414696834 -0.00057738041998942231 0.0010026780412795422 -0.0003487485140923219 -0.00013994612471667834 0.0019072706045887458 -0.0014000911313086046 -0.00051463517925445324 0.0010123360380086429 -0.00053181941415539704 -0.0014059958549428283 7.723099106594356e-06
leaf_weight=1742 51 51 236 966 430 649 1435 667 898 2298 1158 1470 251 41422
leaf_count=1742 51 51 236 966 430 649 1435 667 898 2298 1158 1470 251 41422
internal_value=1.5634e-05 0.00155167 0.00116311 0.00188352 -7.51961e-05 -0.00476596 -9.09382e-06 -6.27974e-05 -0.00261976 6.36754e-05 0.0020107 0.000568417 0.00329208 -9.4454e-05
internal_weight=53724 2995 2944 2708 50729 700 50029 49599 2333 47266 3546 2879 1409 43720
internal_count=53724 2995 2944 2708 50729 700 50029 49599 2333 47266 3546 2879 1409 43720
cat_boundaries=0 1
cat_threshold=32936
is_linear=0
shrinkage=0.035


Tree=202
num_leaves=15
num_cat=2
split_feature=16 23 22 30 30 8 0 3 1 3 22 32 32 1
split_gain=5.77075 20.4743 6.6512 14.423 16.6369 7.54862 5.89663 20.1242 35.5211 17.6432 17.3994 17.3124 16.0041 14.9666
threshold=560.35846336601708 1.1970488709867644 2.0422420827073977 -0.41399101439218416 0.063390085881955341 60.699930841285386 341.00000000000006 370.50000000000006 390.50000000000006 297.25000000000006 0.71617794301896354 0 1 351.00000000000006
decision_type=10 10 10 2 2 2 10 10 10 8 10 1 1 10
left_child=2 -2 6 -4 -5 -6 7 13 12 -8 -11 -12 -9 -1
right_child=1 -3 3 4 5 -7 9 8 -10 10 11 -13 -14 -15
leaf_value=-7.1270539645496018e-06 -0.0029139204620102247 0.0021469670834357822 -0.0030467311744280367 0.014475493594081703 0.0033584040591671687 -0.0052658661544961729 0.0020732941054122126 -0.00058341473147803416 0.00010052746584739204 0.00056099518862204323 -0.00071396441212558841 4.9000364802935796e-05 -0.0029708103572761348 0.00166694035625102
leaf_weight=46336 141 68 90 137 106 50 391 282 724 315 234 4289 273 288
leaf_count=46336 141 68 90 137 106 50 391 282 724 315 234 4289 273 288
internal_value=1.17255e-05 -0.0057243 3.46599e-05 0.00460052 0.00833893 0.000434783 1.31735e-06 -0.000120544 -0.00444315 0.00111674 0.000534792 -2.3189e-05 -0.0110625 -1.50121e-06
internal_weight=53724 209 53515 383 293 156 53132 47903 1279 5229 4838 4523 555 46624
internal_count=53724 209 53515 383 293 156 53132 47903 1279 5229 4838 4523 555 46624
cat_boundaries=0 1 2
cat_threshold=16386 3352
is_linear=0
shrinkage=0.035


Tree=203
num_leaves=15
num_cat=3
split_feature=23 16 23 24 32 9 1 32 22 9 23 32 5 29
split_gain=5.6527 6.19409 16.1194 5.80298 16.0298 13.3195 15.7234 16.3855 13.9075 12.3646 12.2342 11.9734 11.668 9.68848
threshold=3.2477849613045007 560.35846336601708 1.1970488709867644 1.5000000000000002 0 1662.5000000000002 58.550000000000004 1 1.3614270322074062 1252.5000000000002 1.1596940844063131 2 370.50000000000006 0.92273069556937592
decision_type=10 10 10 2 1 8 8 1 10 10 10 1 10 2
left_child=1 3 -3 4 5 6 -1 9 12 10 -8 -5 -7 -10
right_child=-2 2 -4 11 -6 8 7 -9 13 -11 -12 -13 -14 -15
leaf_value=0.0016435535126263462 0.010608301139811141 -0.0028119332458398667 0.0020718232355155307 -0.00020736426839957359 -4.5353656847064164e-05 0.00017059662496864082 0.0011860528645349429 -4.0568470363643863e-05 0.0017427824061495357 0.0019447955943837222 -0.0006443843783959486 2.2494234616596833e-05 -0.00073397111227576153 0.0098320926709045894
leaf_weight=290 176 141 52 11511 10053 3541 369 798 291 272 134 25619 404 73
leaf_count=290 176 141 52 11511 10053 3541 369 798 291 272 134 25619 404 73
internal_value=1.30283e-05 -7.8427e-06 -0.00618687 1.50862e-05 0.00056716 0.00196864 0.00444058 0.00303866 0.000900556 0.00660127 0.00337598 -0.000226202 0.000292405 0.00739837
internal_weight=53724 53548 193 53355 16225 6172 1863 1573 4309 775 503 37130 3945 364
internal_count=53724 53548 193 53355 16225 6172 1863 1573 4309 775 503 37130 3945 364
cat_boundaries=0 1 2 3
cat_threshold=7330 1154 5666
is_linear=0
shrinkage=0.035


Tree=204
num_leaves=15
num_cat=3
split_feature=16 23 30 16 6 32 10 23 8 25 32 3 32 26
split_gain=6.44215 14.1028 5.83062 13.0793 18.7048 14.6025 13.2881 12.3605 23.0614 11.9299 11.7488 12.0839 10.9037 17.3198
threshold=560.35846336601708 1.1970488709867644 -0.6523320455745395 1.6603713526007389 12.100000000000001 0 17.508333333333336 1.0009551146027549 0.56784925558152199 5.5000000000000009 1 4.5500000000000007 2 228.50000000000003
decision_type=10 10 2 8 8 1 10 10 2 2 1 10 1 2
left_child=2 -2 3 7 5 6 -5 -1 -9 -7 -10 -12 13 -6
right_child=1 -3 -4 4 12 9 -8 8 10 -11 11 -13 -14 -15
leaf_value=0.00062085066930753837 -0.0027135155822354726 0.001999309422272489 4.2173936529431579e-05 1.4551568287541896e-05 0.00021411700970037863 0.0004122905954881848 -0.0080028280564087388 -0.0016302441556676624 0.00081050433013883541 -0.0038645626957845044 -0.0021487551304786166 0.0003733189283494909 -0.00018217854326245733 -0.0016660563447923884
leaf_weight=1716 141 68 37093 404 3676 66 50 149 238 301 172 417 9064 169
leaf_count=1716 141 68 37093 404 3676 66 50 149 238 301 172 417 9064 169
internal_value=9.11984e-06 -0.0060514 3.3352e-05 -0.000515615 -0.00095304 -0.00605932 -0.00164179 0.00171301 -0.00142712 -0.0110864 0.000883413 -0.00179636 -0.000626065 0.000933938
internal_weight=53724 209 53515 16422 13730 821 454 2692 976 367 827 589 12909 3845
internal_count=53724 209 53515 16422 13730 821 454 2692 976 367 827 589 12909 3845
cat_boundaries=0 1 2 3
cat_threshold=709 10416 4373
is_linear=0
shrinkage=0.035


Tree=205
num_leaves=15
num_cat=2
split_feature=16 23 13 0 8 21 16 30 30 33 26 3 21 32
split_gain=6.42278 12.0206 6.27533 16.0237 9.79904 7.35118 13.1012 6.88381 12.1135 45.5238 60.8185 18.9439 17.5034 16.9187
threshold=560.35846336601708 1.1970488709867644 1.2250000000000003 1.2500000000000002 0.56784925558152199 3229.576539855073 3.8171386673438747 -0.6523320455745395 1.0000000180025095e-35 0 116.50000000000001 480.50000000000006 743.51648351648362 1
decision_type=10 10 8 8 2 2 10 2 2 1 2 10 2 1
left_child=2 -2 4 -4 -1 7 -7 -5 9 10 13 -12 -11 -9
right_child=1 -3 3 5 -6 6 -8 8 -10 12 11 -13 -14 -15
leaf_value=2.3783208561390383e-05 -0.0026185425368572325 0.0019293335924929495 0.0024234254579543982 -8.7397226110909473e-05 -0.0010824321373929194 0.0024708150028837196 -0.00032555096908925998 0.004726829591644951 -3.0606443293980657e-05 -0.00085290581038423774 0.00052706168150019059 -0.0012737419247185302 4.8002259817180878e-05 0.0012238624306051089
leaf_weight=128 141 68 138 16208 76 87 94 476 23516 531 1895 324 9571 471
leaf_count=128 141 68 138 16208 76 87 94 476 23516 531 1895 324 9571 471
internal_value=0 -0.0060514 2.41966e-05 4.79218e-05 -0.00602871 1.64542e-05 0.00696237 -7.92498e-06 0.00025687 0.00110224 0.00475322 0.00158948 -4.84333e-05 0.0121691
internal_weight=53724 209 53515 53311 204 53173 181 52992 36784 13268 3166 2219 10102 947
internal_count=53724 209 53515 53311 204 53173 181 52992 36784 13268 3166 2219 10102 947
cat_boundaries=0 1 2
cat_threshold=8 25774
is_linear=0
shrinkage=0.035


Tree=206
num_leaves=15
num_cat=1
split_feature=16 23 1 15 3 0 32 19 0 2 29 0 11 1
split_gain=6.43384 12.0206 5.84955 23.9813 23.9199 29.4769 16.4299 15.2263 15.7064 14.7755 13.9667 11.4764 23.3728 34.4154
threshold=560.35846336601708 1.1970488709867644 113.10000000000001 79.975000000000009 99.750000000000014 58.550000000000004 0 70.02500000000002 89.850000000000009 210.60000000000002 -0.93545489084327571 47.550000000000004 50.63068181818182 54.050000000000004
decision_type=10 10 10 2 10 10 1 8 8 8 2 10 8 8
left_child=2 -2 4 -4 11 6 9 -5 -9 -6 -7 12 -1 -14
right_child=1 -3 3 7 5 10 -8 8 -10 -11 -12 -13 13 -15
leaf_value=1.4255697262737511e-05 -0.0025268935480672297 0.0018618069167556934 0.004164874742768619 -0.0066684583508191259 -0.0016331009587354825 -0.0014404966287872335 -0.0037818113133265938 0.0027351307484189038 4.0481938935643673e-05 0.0025062937896059962 -9.8006953018205405e-05 0.00020385167754792823 -0.0015439854462672741 -5.5144840450388205e-05
leaf_weight=23994 141 68 375 66 187 424 430 206 14031 85 3668 7873 778 1398
leaf_count=23994 141 68 375 66 187 424 430 206 14031 85 3668 7873 778 1398
internal_value=5.21134e-06 -0.0060514 2.94283e-05 0.000624532 -0.000195536 -0.00250886 -0.00910891 0.000393836 0.000474301 -0.00195122 -0.00136685 0.000130551 -0.000221968 -0.00369097
internal_weight=53724 209 53515 14678 38837 4794 702 14303 14237 272 4092 34043 26170 2176
internal_count=53724 209 53515 14678 38837 4794 702 14303 14237 272 4092 34043 26170 2176
cat_boundaries=0 1
cat_threshold=58672
is_linear=0
shrinkage=0.035


Tree=207
num_leaves=15
num_cat=4
split_feature=2 24 32 22 0 8 32 22 23 32 8 29 32 24
split_gain=6.24503 5.85505 20.9019 23.9518 17.507 15.0569 15.5786 11.2126 12.6015 14.7209 14.3237 10.5676 9.23111 12.0974
threshold=3525.0000000000005 1.0000000180025095e-35 0 0.89171240717367717 27.550000000000004 66.767393140783142 1 1.1594816142307185 1.0130285371070529 2 0.90026199604659951 0.99552231814189451 3 5.5000000000000009
decision_type=10 2 1 10 8 2 1 10 8 1 2 2 1 2
left_child=1 2 4 5 -1 6 -4 8 9 -5 -11 -10 -3 -14
right_child=-2 12 3 7 -6 -7 -8 -9 11 10 -12 -13 13 -15
leaf_value=-0.0010434620044207316 -0.0015052737312884425 6.0765979378997198e-05 0.0010038654793138974 0.00147252825085451 -4.7176328789136918e-05 -0.0015169773930469987 -0.00046040704275108097 0.002132086114632246 0.00025008335949586072 0.0029113874486282575 0.00011040242419451841 -0.0020251477877556326 -5.594103425166336e-05 -0.00063582746203608609
leaf_weight=559 53 20117 352 232 2120 320 769 1085 2179 57 474 81 23602 1724
leaf_count=559 53 20117 352 232 2120 320 769 1085 2179 57 474 81 23602 1724
internal_value=1.30283e-05 2.54304e-05 0.000884246 0.0021073 -0.00164996 -0.00176694 0.000155417 0.00347192 0.00236955 0.00624349 0.00275641 0.00105077 -0.000130149 -0.000574563
internal_weight=53724 53671 8228 5549 2679 1441 1121 4108 3023 763 531 2260 45443 25326
internal_count=53724 53671 8228 5549 2679 1441 1121 4108 3023 763 531 2260 45443 25326
cat_boundaries=0 1 2 3 4
cat_threshold=8529 5132 17408 10712
is_linear=0
shrinkage=0.035


Tree=208
num_leaves=15
num_cat=3
split_feature=2 30 32 3 6 21 33 9 23 30 23 22 32 22
split_gain=6.23653 5.59208 11.5902 16.6008 20.091 20.7048 13.5125 11.4803 10.6241 12.0117 9.52145 12.5539 10.5189 10.0229
threshold=3525.0000000000005 -0.93543596745397617 0 199.75000000000003 77.100000000000009 1242.8416149068325 1 2302.5000000000005 1.0714699872991333 -0.98801846520836312 1.0823866948970515 0.59027795823797924 2 0.66501501823972131
decision_type=10 2 1 10 10 2 1 10 10 2 8 10 1 8
left_child=1 2 3 4 -1 -6 8 10 -4 -10 13 -12 -13 -8
right_child=-2 -3 6 -5 5 -7 7 -9 9 -11 11 12 -14 -15
leaf_value=0.00010970203588123424 -0.0014525891506933486 2.3687972143683348e-05 0.00019646932905802218 -0.00049166864753337871 3.5075481551097858e-05 0.001455272313428101 0.00018918894980102929 0.00073435858807518084 0.0005308175837290441 -0.00092715419749508042 -0.0046135923992716146 -0.0017143527252072748 -0.00022855264089776287 -0.00059563054271860182
leaf_weight=514 53 46767 2239 116 109 147 356 120 323 451 53 386 490 1600
leaf_count=514 53 46767 2239 116 109 147 356 120 323 451 53 386 490 1600
internal_value=5.21134e-06 1.76056e-05 -0.000911854 0.00279689 0.00469677 0.0126054 -0.00146196 -0.00311755 0.000196499 -0.00332478 -0.00357266 -0.00648287 -0.00540295 -0.00217746
internal_weight=53724 53671 6904 886 770 256 6018 3005 3013 774 2885 929 876 1956
internal_count=53724 53671 6904 886 770 256 6018 3005 3013 774 2885 929 876 1956
cat_boundaries=0 1 2 3
cat_threshold=20480 6 683
is_linear=0
shrinkage=0.035


Tree=209
num_leaves=15
num_cat=2
split_feature=2 0 5 3 32 5 32 30 3 1 1 0 1 23
split_gain=6.24928 5.58972 18.8677 18.0411 16.7059 17.6199 14.6694 12.2711 11.4621 25.3013 18.239 18.0486 17.3711 23.4969
threshold=3525.0000000000005 361.00000000000006 1405.0000000000002 390.50000000000006 0 220.30000000000004 1 0.28313308994381592 279.50000000000006 288.35000000000008 1030.7500000000002 200.75000000000003 260.40000000000003 1.9828807267754229
decision_type=10 10 10 8 1 8 1 2 10 10 10 10 10 8
left_child=1 2 8 4 -3 -6 -5 -7 12 11 -11 -10 -1 -14
right_child=-2 3 -4 6 5 7 -8 -9 9 10 -12 -13 13 -15
leaf_value=-8.5506263604429047e-07 -0.0014017485304190815 0.0018386424955227111 -0.0014172229375352043 0.00015406967496045811 -0.0021676441788677872 7.9834289746380529e-06 -0.00042227499507737634 0.0017483600174389193 -0.0021143151224220572 -5.9757673468882615e-05 0.0049964890641112786 -0.00034666670091865529 0.00015808398058936193 0.0034479900194710382
leaf_weight=44446 53 341 121 2573 115 302 1462 176 438 1933 102 770 648 244
leaf_count=44446 53 341 121 2573 115 302 1462 176 438 1933 102 770 648 244
internal_value=1.69368e-05 2.93427e-05 -8.47927e-05 0.00114696 0.00551651 0.00178454 0.00012995 0.00478261 -4.97057e-05 -0.00205819 0.00032598 -0.00605936 9.41711e-05 0.00491639
internal_weight=53724 53671 48702 4969 934 593 4035 478 48581 3243 2035 1208 45338 892
internal_count=53724 53671 48702 4969 934 593 4035 478 48581 3243 2035 1208 45338 892
cat_boundaries=0 1 2
cat_threshold=25298 5900
is_linear=0
shrinkage=0.035


Tree=210
num_leaves=15
num_cat=2
split_feature=24 32 23 22 32 0 22 0 5 25 20 3 1 22
split_gain=5.76778 20.3558 19.9819 30.9877 20.4597 16.9186 14.0328 12.7683 11.864 10.3034 13.3203 9.65612 14.2984 9.17512
threshold=1.0000000180025095e-35 0 1.0744764980450288 0.59027795823797924 1 27.550000000000004 1.1282320479170875 198.75000000000003 169.75000000000003 9.5000000000000018 2320.3571428571436 310.50000000000006 271.00000000000006 0.5299172649572651
decision_type=2 1 8 10 1 8 10 10 8 2 10 10 10 8
left_child=1 5 4 -4 -3 -1 11 -8 9 -6 -11 12 -5 -2
right_child=13 2 3 6 8 -7 7 -9 -10 10 -12 -13 -14 -15
leaf_value=-0.0010101848610759435 0.00026019428688549008 0.0035652285598729416 -0.0031389408118550691 1.1766938822045382e-05 0.0010025682603776015 -5.5303064017643849e-05 0.0017946510167701592 -0.00065821490327419466 -5.7322839698355503e-05 -0.0011133464276311816 0.0012281828489331733 -0.0010314694346741388 0.0018487169134902511 -3.0485062867222638e-05
leaf_weight=557 1099 226 119 2487 853 1588 1096 129 547 119 76 349 92 44387
leaf_count=557 1099 226 119 2487 853 1588 1096 129 547 119 76 349 92 44387
internal_value=1.43312e-05 0.000866189 0.00189669 0.000589198 0.0049644 -0.00205787 0.00110269 0.00423984 0.00345652 0.00565052 -0.001575 -0.000214797 0.000528251 -0.000140028
internal_weight=53724 8238 6093 4272 1821 2145 4153 1225 1595 1048 195 2928 2579 45486
internal_count=53724 8238 6093 4272 1821 2145 4153 1225 1595 1048 195 2928 2579 45486
cat_boundaries=0 1 2
cat_threshold=8273 1024
is_linear=0
shrinkage=0.035


Tree=211
num_leaves=15
num_cat=2
split_feature=21 16 0 29 32 14 4 20 32 2 30 13 30 19
split_gain=5.58583 8.93839 8.83407 5.54022 16.7269 16.296 13.7424 12.5459 12.5053 11.918 11.4847 11.4353 11.119 14.0181
threshold=3229.576539855073 3.8171386673438747 8.5500000000000025 -0.46801505794253101 0 450.12500000000006 4.5500000000000007 2000.3571428571431 1 10.950000000000001 0.90803977035715633 1506.2500000000002 0.99024581825578073 1000.7500000000001
decision_type=2 10 8 2 1 8 10 10 1 8 2 10 2 10
left_child=3 2 -2 4 5 -1 7 -6 10 -9 -5 12 13 -12
right_child=1 -3 -4 8 6 -7 -8 9 -10 -11 11 -13 -14 -15
leaf_value=-0.00011359565092240732 0.00050929717973577154 -0.0003217066415236267 0.0024580747302642945 -0.00025050604531346002 0.00016086147765441734 -0.0018877779071556668 0.00015078589816383271 0.0010422251691786933 4.2778675994534779e-05 0.0026688681444631433 0.00038917231253620012 -0.0018983091068395877 -0.00032183471337140146 0.001595569001218228
leaf_weight=5939 50 94 58 13217 358 250 10006 243 20577 252 1761 73 773 73
leaf_count=5939 50 94 58 13217 358 250 10006 243 20577 252 1761 73 773 73
internal_value=1.04227e-05 0.00574879 0.0123894 -1.17698e-05 0.000509001 -0.000942134 0.00133576 0.00558858 -0.000255215 0.00917 -0.000992019 0.00109497 0.00148737 0.002969
internal_weight=53724 202 108 53522 17048 6189 10859 853 36474 495 15897 2680 2607 1834
internal_count=53724 202 108 53522 17048 6189 10859 853 36474 495 15897 2680 2607 1834
cat_boundaries=0 1 2
cat_threshold=53777 10827
is_linear=0
shrinkage=0.035


Tree=212
num_leaves=15
num_cat=5
split_feature=21 16 0 33 30 16 32 21 29 33 30 32 32 3
split_gain=5.58076 8.93839 8.83407 5.63014 21.1831 16.2827 15.0841 14.8623 12.014 28.3011 64.194 18.3748 14.5448 15.2307
threshold=3229.576539855073 3.8171386673438747 8.5500000000000025 0 0.53312596302726967 13.801311186842909 1 1133.7980769230771 0.92273069556937592 2 -0.013976481981245173 3 4 20.100000000000005
decision_type=2 10 8 1 2 10 1 2 2 1 2 1 1 8
left_child=3 2 -2 4 5 -1 -7 -5 12 10 11 -10 -9 -14
right_child=1 -3 -4 7 -6 6 -8 8 9 -11 -12 -13 13 -15
leaf_value=0.00011451105696160008 0.00049147177844501846 -0.00031044690907030105 0.0023720421147050454 -0.0013136252719237564 0.00034184519928791795 -5.5598683003771635e-05 -0.00094198176751945201 8.2784657071756365e-05 0.0041315588049733966 -4.5985153196091427e-05 -0.00025391935030897152 0.0012645005887051421 8.6117581032870718e-05 -0.00024869982104370667
leaf_weight=6104 50 94 58 613 3886 2418 1461 12558 434 3691 943 437 6253 14724
leaf_count=6104 50 94 58 613 3886 2418 1461 12558 434 3691 943 437 6253 14724
internal_value=1.30283e-05 0.00574879 0.0123894 -9.15426e-06 0.00059745 -0.000255807 -0.00202755 -0.000221463 -0.000136253 0.0013784 0.00493712 0.0117865 -0.000385063 -0.000948695
internal_weight=53724 202 108 53522 13869 9983 3879 39653 39040 5505 1814 871 33535 20977
internal_count=53724 202 108 53522 13869 9983 3879 39653 39040 5505 1814 871 33535 20977
cat_boundaries=0 1 2 3 4 5
cat_threshold=2 27912 8 25836 35220
is_linear=0
shrinkage=0.035


Tree=213
num_leaves=15
num_cat=2
split_feature=24 32 14 9 22 22 32 24 5 7 26 22 17 2
split_gain=5.63819 17.1934 17.9431 16.8746 22.8232 16.3786 15.6983 14.4691 16.6373 14.5623 13.5627 13.1112 14.7954 12.7722
threshold=2.5000000000000004 0 1.3750000000000002 2947.5000000000005 0.59027795823797924 1.5512541582449924 1 5.5000000000000009 90.300000000000011 146.47708333333335 10.500000000000002 0.63349840371956823 150.59874346491736 1809.3500000000001
decision_type=2 1 10 8 8 10 1 2 8 2 2 10 10 8
left_child=1 3 -3 11 -5 -6 7 -2 -9 -10 -8 12 -1 -13
right_child=6 2 -4 4 5 -7 10 8 9 -11 -12 13 -14 -15
leaf_value=0.0016070877199556278 -0.00034497434934172678 -0.0014826088643233462 -3.4251291138556739e-05 -0.0042210508765388524 -8.6167811797435714e-05 0.011148834216156289 -0.0010754777798921663 -0.0086547216497904096 0.00063871390839138128 -0.0030322610874881743 1.3215924200283281e-05 0.00044531690993191434 -0.00035533908839862125 -7.7777555169543391e-05
leaf_weight=291 3266 98 14228 108 2962 120 485 90 50 128 24843 5111 60 1884
leaf_count=291 3266 98 14228 108 2962 120 485 90 50 128 24843 5111 60 1884
internal_value=7.81701e-06 0.000394097 -0.00039537 0.00146621 -0.000657277 -9.07029e-05 -0.000324939 -0.00250493 -0.0102564 -0.00382514 -1.93347e-05 0.00239015 0.00894663 0.002055
internal_weight=53724 24862 14326 10536 3190 3082 28862 3534 268 178 25328 7346 351 6995
internal_count=53724 24862 14326 10536 3190 3082 28862 3534 268 178 25328 7346 351 6995
cat_boundaries=0 1 2
cat_threshold=5546 1026
is_linear=0
shrinkage=0.035


Tree=214
num_leaves=15
num_cat=1
split_feature=21 16 0 1 7 3 23 2 22 23 6 32 17 0
split_gain=5.61122 8.93839 8.83407 5.66222 24.3989 21.6988 28.0842 14.6863 14.1578 20.0619 13.3684 12.5085 13.7346 12.5058
threshold=3229.576539855073 3.8171386673438747 8.5500000000000025 113.10000000000001 91.760952380952389 99.750000000000014 0.60369854937397871 230.50000000000003 0.65532947738070646 0.20512848593319441 180.25000000000003 0 13.794693204494264 60.150000000000006
decision_type=2 10 8 10 2 10 10 10 10 10 8 1 10 8
left_child=3 2 -2 5 -5 -1 7 8 9 -7 -8 -10 -13 -6
right_child=1 -3 -4 4 13 6 10 -9 11 -11 -12 12 -14 -15
leaf_value=1.280396102036563e-05 0.00047546906138929649 -0.00029830460921989295 0.0022909811455007569 0.0031532388699099492 0.0055284853579967447 -0.0030390212494676621 -0.00048496945978315033 0.00019481808553130394 -0.0013404464937594493 0.00033937581637262461 0.00022759827566681159 3.1111528005981494e-05 -0.0040899915029023364 2.1578209452903788e-05
leaf_weight=33843 50 94 58 499 74 77 2296 177 225 180 1459 53 356 14283
leaf_count=33843 50 94 58 499 74 77 2296 177 225 180 1459 53 356 14283
internal_value=-2.60567e-06 0.00574879 0.0123894 -2.48473e-05 0.000555817 -0.000247989 -0.00244304 -0.00743709 -0.00925781 -0.00227099 -0.00101463 -0.0120501 -0.0156014 0.000290001
internal_weight=53724 202 108 53522 14856 38666 4823 1068 891 257 3755 634 409 14357
internal_count=53724 202 108 53522 14856 38666 4823 1068 891 257 3755 634 409 14357
cat_boundaries=0 1
cat_threshold=1332
is_linear=0
shrinkage=0.035


Tree=215
num_leaves=15
num_cat=5
split_feature=30 32 4 8 16 2 32 26 33 0 33 26 4 32
split_gain=5.80805 8.40847 13.6201 13.1389 8.68339 8.08283 6.59563 11.1097 18.8369 12.1942 11.1002 11.0937 9.39798 16.0662
threshold=-0.99273797715557011 0 58.550000000000004 9.1958129127936807 10.839741694339406 280.75000000000006 1 332.50000000000006 2 5.5500000000000007 3 354.50000000000006 651.00000000000011 4
decision_type=2 1 10 2 10 10 1 2 1 8 1 2 8 1
left_child=1 2 3 -1 -4 -6 7 9 -9 10 -2 -10 -11 -14
right_child=6 -3 4 -5 5 -7 -8 8 11 12 -12 -13 13 -15
leaf_value=0.00011942192598053486 0.0011951511148708533 -0.00056467205988347232 0.00079980664617748838 -0.0023972041085958914 -0.00014858130858457386 0.0014717119667936015 3.5890916034851675e-05 0.0050489442968698721 0.0013870310664598035 -0.00031165702458737734 -5.3640649021741157e-05 -0.00235496197982768 0.00028195485891439165 -0.0022156635010473638
leaf_weight=390 343 1434 114 101 171 50 42302 164 312 6941 839 180 171 212
leaf_count=390 343 1434 114 101 171 50 42302 164 312 6941 839 180 171 212
internal_value=3.9085e-06 -0.00173068 0.00108205 -0.00261089 0.00648529 0.00232301 8.02425e-05 -0.000770404 0.00360061 -0.00111033 0.00218197 0 -0.00164279 -0.00694588
internal_weight=53724 2260 826 491 335 221 51464 9162 656 8506 1182 492 7324 383
internal_count=53724 2260 826 491 335 221 51464 9162 656 8506 1182 492 7324 383
cat_boundaries=0 1 2 3 4 5
cat_threshold=6195 515 2 12 512
is_linear=0
shrinkage=0.035


Tree=216
num_leaves=15
num_cat=2
split_feature=21 16 0 24 32 9 22 1 32 23 22 0 1 10
split_gain=5.59598 8.93839 8.83407 5.47172 14.2022 14.2471 17.149 11.9842 17.4561 12.1197 15.1128 11.2416 11.7005 17.8109
threshold=3229.576539855073 3.8171386673438747 8.5500000000000025 1.5000000000000002 0 1672.5000000000002 1.3614270322074062 58.550000000000004 1 0.8646697808074012 0.81853914646644133 651.00000000000011 27.550000000000004 23.50714285714286
decision_type=2 10 8 2 1 8 10 8 1 10 10 10 8 8
left_child=3 2 -2 4 5 7 -7 -1 9 10 -9 12 13 -6
right_child=1 -3 -4 -5 11 6 -8 8 -10 -11 -12 -13 -14 -15
leaf_value=0.0015465003061405315 0.00045757146217944802 -0.00027861027787984749 0.0022095406233470093 -3.4318327831275309e-05 -0.0001278280769738699 -1.1164437638530313e-05 0.0055311185000872934 1.7279174307989756e-05 -0.00013673526391101394 0.00072695805293923946 0.0052067301851921122 -0.0012526551123073113 8.9515145943647466e-05 -0.0012162841125201013
leaf_weight=291 50 94 58 37265 2217 2474 235 69 472 385 145 274 9216 479
leaf_count=291 50 94 58 37265 2217 2474 235 69 472 385 145 274 9216 479
internal_value=5.21134e-06 0.00574879 0.0123894 -1.70008e-05 0.000518694 0.00230421 0.000838246 0.00522312 0.00348048 0.00735342 0.0140639 -8.03213e-05 8.22355e-05 -0.00194372
internal_weight=53724 202 108 53522 16257 4071 2709 1362 1071 599 214 12186 11912 2696
internal_count=53724 202 108 53522 16257 4071 2709 1362 1071 599 214 12186 11912 2696
cat_boundaries=0 1 2
cat_threshold=5154 1026
is_linear=0
shrinkage=0.035


Tree=217
num_leaves=15
num_cat=4
split_feature=21 16 0 33 30 20 22 16 6 32 29 32 33 30
split_gain=5.59852 8.93839 8.83407 5.42748 19.8552 14.7957 19.181 14.791 14.3193 13.534 11.3369 27.0671 21.6936 55.1891
threshold=3229.576539855073 3.8171386673438747 8.5500000000000025 0 0.53312596302726967 1163.4523809523812 1.1132586933191397 13.801311186842909 4.0500000000000007 1 0.94704596667653973 2 3 -0.048362832084465616
decision_type=2 10 8 1 2 10 10 10 10 1 2 1 1 2
left_child=3 2 -2 4 7 6 8 -1 -5 -9 -7 -12 13 -13
right_child=1 -3 -4 5 -6 10 -8 9 -10 -11 11 12 -14 -15
leaf_value=0.00010757476065482108 0.00044155646100316529 -0.00026885891815405297 0.0021322067015298626 0.0029811511661384767 0.00033364191395186181 -4.9986782265479815e-05 -0.0041354959132612621 -5.2251348552654348e-05 -0.00047367720600718037 -0.00089377116610793624 -0.00035949172948840152 0.0044114912901613594 0.00025858007502510717 0.00015793056926333068
leaf_weight=6104 50 94 58 110 3886 33909 224 2418 895 1461 1703 408 1878 526
leaf_count=6104 50 94 58 110 3886 33909 224 2418 895 1461 1703 408 1878 526
internal_value=3.9085e-06 0.00574879 0.0123894 -1.83085e-05 0.000577283 -0.000226757 -0.00399919 -0.000248799 -0.00190594 -0.00193744 -0.000105649 0.00154093 0.0036399 0.00796628
internal_weight=53724 202 108 53522 13869 39653 1229 9983 1005 3879 38424 4515 2812 934
internal_count=53724 202 108 53522 13869 39653 1229 9983 1005 3879 38424 4515 2812 934
cat_boundaries=0 1 2 3 4
cat_threshold=2 27912 35601 8
is_linear=0
shrinkage=0.035


Tree=218
num_leaves=15
num_cat=3
split_feature=2 29 22 32 20 25 33 23 24 32 3 6 3 0
split_gain=6.23228 5.59398 12.5001 11.5451 8.30419 7.51784 7.39538 15.2967 6.88913 17.414 12.2047 8.64416 10.0225 9.73754
threshold=3525.0000000000005 0.99818282439137029 0.66501501823972131 0 740.357142857143 3.5000000000000004 1 1.1596940844063131 4.5000000000000009 2 12.050000000000002 85.050000000000011 159.80000000000004 4.5500000000000007
decision_type=10 2 10 1 10 2 1 10 2 1 8 8 10 10
left_child=1 8 5 -4 -5 -3 7 -6 -1 10 -10 12 -11 -13
right_child=-2 2 3 4 6 -7 -8 -9 9 11 -12 13 -14 -15
leaf_value=3.9148248221624331e-05 -0.0013654958329682688 -8.1429285688517936e-05 -0.0014714113391760871 -0.001284017327344137 -0.00094463484923371316 0.0018958902423196172 0.00087064264042648564 0.0025293904283215222 0.00097026922617552086 -0.00058506813033397506 3.6056755536597602e-05 -0.0013179905246118973 -0.0049652919843143567 5.5843690087477031e-05
leaf_weight=40630 53 59 370 71 243 70 217 59 509 3836 4920 192 72 2423
leaf_count=40630 53 59 370 71 243 70 217 59 509 3836 4920 192 72 2423
internal_value=1.30283e-06 1.36933e-05 -0.00246344 -0.00384456 -0.000694215 0.00757463 0.000868321 -0.00264984 6.52252e-05 -0.000673246 0.000790779 -0.00188972 -0.00293381 -0.000333969
internal_weight=53724 53671 1089 960 590 129 519 302 52582 11952 5429 6523 3908 2615
internal_count=53724 53671 1089 960 590 129 519 302 52582 11952 5429 6523 3908 2615
cat_boundaries=0 1 2 3
cat_threshold=16506 12 27088
is_linear=0
shrinkage=0.035


Tree=219
num_leaves=15
num_cat=2
split_feature=2 30 30 21 21 32 29 22 0 21 6 32 5 8
split_gain=6.23653 6.16093 11.0208 10.1703 15.0557 15.2305 9.76731 9.18431 9.44268 9.11177 8.77012 9.46648 8.43635 13.2624
threshold=3525.0000000000005 0.97461712852231652 0.92843842216862604 831.83110367892994 1347.7525252525254 0 -0.14250824554987665 2.2502441627596759 901.00000000000011 807.55000000000007 220.30000000000004 1 411.00000000000006 31.995100474064078
decision_type=10 2 2 2 2 1 2 10 8 2 8 1 10 2
left_child=1 2 7 -3 5 6 -5 -1 -9 -4 -11 -12 13 -8
right_child=-2 3 9 4 -6 -7 12 8 -10 10 11 -13 -14 -15
leaf_value=-4.7650998205450717e-06 -0.0013177034788143783 -0.0046667317999637926 0.0043370385356658265 -0.0014051899046955863 -0.00043265863649289419 0.0012348134319720939 0.00086771676670224015 0.0019685857775369065 0.019552090395710844 0.00058886385204177884 0.00058830095219029443 -0.00059160668610606048 0.00063449616050879681 -0.00098954835595011837
leaf_weight=48241 53 63 50 50 2133 325 106 127 52 1452 357 475 116 124
leaf_count=48241 53 63 50 50 2133 325 106 127 52 1452 357 475 116 124
internal_value=5.21134e-06 1.76056e-05 0.000107567 -0.00154517 -0.0012242 0.00313361 -0.00153285 -5.78214e-06 0.00779891 0.00245404 0.00211009 -0.000752688 0.000598291 -0.0032766
internal_weight=53724 53671 50754 2917 2854 721 396 48420 179 2334 2284 832 346 230
internal_count=53724 53671 50754 2917 2854 721 396 48420 179 2334 2284 832 346 230
cat_boundaries=0 1 2
cat_threshold=23948 45624
is_linear=0
shrinkage=0.035


Tree=220
num_leaves=15
num_cat=0
split_feature=16 23 13 0 8 23 22 23 22 22 22 0 23 6
split_gain=6.43661 10.1028 5.61288 16.0093 8.7405 7.15124 14.0639 6.90328 12.8769 17.5858 7.80903 93.5966 25.7756 22.0688
threshold=560.35846336601708 1.1970488709867644 1.2250000000000003 1.2500000000000002 0.56784925558152199 0.13344941042644634 0.74320339105861899 0.3856267347173799 0.5299172649572651 0.89875683720729149 0.64433746342902809 2505.0000000000005 0.61903782367930316 85.050000000000011
decision_type=10 10 8 8 2 8 10 8 10 10 8 8 8 8
left_child=2 -2 4 -4 -1 6 -5 8 -7 -10 11 13 -12 -9
right_child=1 -3 3 5 -6 7 -8 10 9 -11 12 -13 -14 -15
leaf_value=2.7855236062127867e-05 -0.0023516211455597079 0.00185643690201806 0.0023642231516750986 -0.00085550285556555835 -0.00098283680753871359 6.2536388299920537e-05 0.0066066623956141353 0.00011201002984473963 -0.0031723292264184367 0.0031578723497955592 -0.00087856930605459112 -0.0028668244744281786 1.7268977401018185e-05 0.00082986855389829701
leaf_weight=128 141 68 138 68 76 475 61 656 274 120 1808 411 48293 1007
leaf_count=128 141 68 138 68 76 475 61 656 274 120 1808 411 48293 1007
internal_value=6.51417e-06 -0.0060514 3.07362e-05 5.31735e-05 -0.00569378 2.17195e-05 0.00809701 1.31953e-06 -0.00308352 -0.0077193 5.29897e-05 0.00215488 -3.42274e-05 0.00585432
internal_weight=53724 209 53515 53311 204 53173 129 53044 869 394 52175 2074 50101 1663
internal_count=53724 209 53515 53311 204 53173 129 53044 869 394 52175 2074 50101 1663
is_linear=0
shrinkage=0.035


Tree=221
num_leaves=15
num_cat=2
split_feature=16 23 21 30 30 8 29 32 3 23 33 22 0 8
split_gain=6.45046 10.1028 5.49872 16.2619 11.3952 14.6868 11.1158 16.4433 16.8436 14.4823 9.27684 11.8061 17.1487 11.5672
threshold=560.35846336601708 1.1970488709867644 2530.7846153846162 0.83730377313544024 -0.20180761162458913 166.100638933146 0.35846314187849709 0 32.050000000000004 1.1755379800227557 1 1.9128474196605498 1.0000000180025095e-35 84.560300217437955
decision_type=10 10 2 2 2 2 2 1 8 8 1 10 10 2
left_child=2 -2 10 4 -4 -6 7 8 -5 -8 11 13 -13 -1
right_child=1 -3 3 6 5 -7 9 -9 -10 -11 -12 12 -14 -15
leaf_value=7.699271864165081e-05 -0.002269314405465116 0.0017914616104474309 9.4142267869190563e-07 0.0029045692806894834 0.000382704819546168 0.0017156090307108313 -0.00038240676673268365 0.00039707970045530785 -0.0012121337580684568 -0.0031253264463050327 -0.00011658872097267405 0.027170518575600048 0.001420984949062786 -0.00018418690898595741
leaf_weight=20958 141 68 2745 80 3277 181 231 552 518 147 20124 70 304 4328
leaf_count=20958 141 68 2745 80 3277 181 231 552 518 147 20124 70 304 4328
internal_value=1.30283e-05 -0.0060514 3.72758e-05 0.000900336 0.001697 0.00303205 -0.00232877 -0.000606061 -0.0045677 -0.00749347 -0.000108541 0.000332619 0.00646438 0.000240797
internal_weight=53724 209 53515 7731 6203 3458 1528 1150 598 378 45784 25660 374 25286
internal_count=53724 209 53515 7731 6203 3458 1528 1150 598 378 45784 25660 374 25286
cat_boundaries=0 1 2
cat_threshold=17299 10
is_linear=0
shrinkage=0.035


Tree=222
num_leaves=15
num_cat=0
split_feature=2 13 0 8 29 21 16 23 22 23 1 16 1 22
split_gain=7.63045 5.61009 16.0132 8.7405 6.71353 6.5683 12.0494 6.2284 12.6513 7.51291 13.1494 16.5945 14.9627 8.95274
threshold=3525.0000000000005 1.2250000000000003 1.2500000000000002 0.56784925558152199 0.54219432480460406 3229.576539855073 3.8171386673438747 0.13344941042644634 0.77527575969891271 0.35761826530182406 17.050000000000004 48.454806574351267 246.25000000000003 0.64433746342902809
decision_type=10 8 8 2 2 2 10 8 10 8 10 10 10 8
left_child=1 3 4 -1 -3 7 -7 8 -4 10 -9 -12 -13 -11
right_child=-2 2 5 -5 -6 6 -8 9 -10 13 11 12 -14 -15
leaf_value=2.222327107491845e-05 -0.0012657417294503993 0.0033750863831618337 -0.00066344884710099316 -0.0009563823631141944 0.00042463165025411148 0.0020941208219585187 -0.00026791638853868179 -0.0012831468789133314 0.0063727344666151811 0.00026809678387834104 0.00032350208280690883 -0.003367597667066314 7.1200012490991175e-05 -1.0114925630209938e-05
leaf_weight=128 53 88 79 76 50 87 94 253 61 2195 307 73 72 50108
leaf_count=128 53 88 79 76 50 87 94 253 61 2195 307 73 72 50108
internal_value=1.5634e-05 2.93427e-05 5.17093e-05 -0.00569378 0.0117483 2.03435e-05 0.00658602 -2.63391e-06 0.00724138 -2.24473e-05 -0.00359859 0 -0.00956667 2.60954e-05
internal_weight=53724 53671 53467 204 138 53329 181 53148 140 53008 705 452 145 52303
internal_count=53724 53671 53467 204 138 53329 181 53148 140 53008 705 452 145 52303
is_linear=0
shrinkage=0.035


Tree=223
num_leaves=15
num_cat=2
split_feature=2 30 21 21 32 22 4 30 6 32 3 26 6 24
split_gain=6.24786 5.32892 10.3545 15.5493 12.0413 10.0416 11.1409 9.90226 8.8588 10.042 9.76886 9.10774 12.7462 12.7166
threshold=3525.0000000000005 0.97461712852231652 831.83110367892994 1347.7525252525254 0 1.2165615031085786 118.10000000000001 0.92519182738459482 220.30000000000004 1 29.900000000000002 347.50000000000006 16.050000000000004 4.5000000000000009
decision_type=10 2 2 2 1 8 8 2 8 1 10 2 10 2
left_child=1 7 -3 4 5 6 -4 -1 10 -10 11 13 -13 -9
right_child=-2 2 3 -5 -6 -7 -8 8 9 -11 -12 12 -14 -15
leaf_value=2.012623277292125e-07 -0.0012214407689196361 -0.0045063413239294992 -0.00091852766865999677 -0.00041368537079357727 0.0011886498248886313 -0.0017532061671676259 0.00025726428134656009 0.0025434014041965567 0.00060577271731579571 -0.00057889267480205734 0.00021122426749184411 -0.00208384213856498 0.0012345281261672027 0.00050498219629174779
leaf_weight=48302 53 63 58 2133 325 87 251 273 377 491 1043 70 65 133
leaf_count=48302 53 63 58 2133 325 87 251 273 377 491 1043 70 65 133
internal_value=1.5634e-05 2.80386e-05 -0.00142539 -0.00110178 0.00332645 -0.000851582 0.00211783 0.000111704 0.0022792 -0.000561283 0.0038326 0.00762821 -0.00025 0.010219
internal_weight=53724 53671 2917 2854 721 396 309 50754 2452 868 1584 541 135 406
internal_count=53724 53671 2917 2854 721 396 309 50754 2452 868 1584 541 135 406
cat_boundaries=0 1 2
cat_threshold=23948 45624
is_linear=0
shrinkage=0.035


Tree=224
num_leaves=15
num_cat=1
split_feature=2 1 10 3 0 32 1 1 13 23 1 0 3 0
split_gain=6.24786 5.16042 27.4263 21.459 40.7173 22.2833 18.6904 18.2975 26.5884 19.4654 16.0076 14.4903 14.266 17.9925
threshold=3525.0000000000005 90.300000000000011 103.34523809523812 78.050000000000011 45.050000000000004 0 113.10000000000001 47.550000000000004 51.525000000000006 0.48712384133508008 43.050000000000004 69.90000000000002 39.850000000000009 198.75000000000003
decision_type=10 10 10 10 10 1 10 10 8 10 10 10 10 8
left_child=1 3 11 7 5 -5 -4 12 9 -9 -6 -3 -1 -14
right_child=-2 2 6 4 10 -7 -8 8 -10 -11 -12 -13 13 -15
leaf_value=2.1098386090374624e-05 -0.0011786903420074458 0.0032821135198680879 -0.00085264259297017093 -0.0035337723744652541 8.2420020448413796e-05 -0.0010223562857446303 4.5280481916602781e-05 0.0041502513876439861 7.4169471875950858e-05 0.00060265243140372304 -0.00058793372241706563 0.00056112698332427163 -0.00021839404369137702 -0.0020129822403646405
leaf_weight=21985 53 340 970 321 2887 512 14440 285 4026 1023 1878 1148 3254 602
leaf_count=21985 53 340 970 321 2887 512 14440 285 4026 1023 1878 1148 3254 602
internal_value=1.5634e-05 2.80386e-05 0.000534225 -0.000204606 -0.00219882 -0.00931384 9.53617e-05 0.000153784 0.0020191 0.00634425 -0.000946541 0.00506363 -0.000231564 -0.00219373
internal_weight=53724 53671 16898 36773 5598 833 15410 31175 5334 1308 4765 1488 25841 3856
internal_count=53724 53671 16898 36773 5598 833 15410 31175 5334 1308 4765 1488 25841 3856
cat_boundaries=0 1
cat_threshold=4841
is_linear=0
shrinkage=0.035


Tree=225
num_leaves=15
num_cat=3
split_feature=2 21 30 26 14 33 32 29 32 3 23 0 10 26
split_gain=6.23511 5.01839 14.7684 10.8476 11.6487 11.2696 15.6758 10.7259 15.075 16.3182 13.5388 9.6709 10.4112 15.9631
threshold=3525.0000000000005 2530.7846153846162 0.83730377313544024 262.50000000000006 7.9750000000000005 0 1 0.35846314187849709 2 32.050000000000004 1.1755379800227557 620.25000000000011 35.510000000000012 55.500000000000007
decision_type=10 2 2 2 8 1 1 2 1 8 8 10 8 2
left_child=1 -1 3 5 -5 6 -3 8 9 -4 -9 12 13 -7
right_child=-2 2 7 4 -6 11 -8 10 -10 -11 -12 -13 -14 -15
leaf_value=-1.553502749167879e-05 -0.0011374361800371847 -1.4222313372740938e-05 0.0027652549041646927 0.003151759253795339 0.00064403038015664615 -0.00074738885868877458 0.0020580391284182034 -0.00037156025239714621 0.00039269932319699558 -0.0011535697552081624 -0.0030171778593358479 0.0010917171507816206 -0.00024424649996951657 0.00055297297209358281
leaf_weight=45929 53 213 80 101 1261 324 175 231 552 518 147 91 2558 1491
leaf_count=45929 53 213 80 101 1261 324 175 231 552 518 147 91 2558 1491
internal_value=3.9085e-06 1.63015e-05 0.000840325 0.00159833 0.0043526 0.000821495 0.0064268 -0.00223744 -0.000545455 -0.00433931 -0.0073107 0.00031257 7.19507e-05 0.00209615
internal_weight=53724 53671 7742 6214 1362 4852 388 1528 1150 598 378 4464 4373 1815
internal_count=53724 53671 7742 6214 1362 4852 388 1528 1150 598 378 4464 4373 1815
cat_boundaries=0 1 2 3
cat_threshold=8 19369 17299
is_linear=0
shrinkage=0.035


Tree=226
num_leaves=15
num_cat=1
split_feature=21 16 0 1 15 3 0 2 19 29 3 9 32 1
split_gain=5.5909 7.35584 7.86539 5.28112 22.3968 19.8067 27.5489 19.1835 14.337 14.286 13.5352 23.5709 16.5577 15.2429
threshold=3229.576539855073 3.8171386673438747 8.5500000000000025 113.10000000000001 79.975000000000009 99.750000000000014 45.050000000000004 230.50000000000003 68.937500000000014 -0.95754239937548935 155.30000000000004 2387.5000000000005 0 229.75000000000003
decision_type=2 10 8 10 2 10 10 10 8 2 8 8 1 10
left_child=3 2 -2 5 -5 -1 7 -7 -6 -8 11 12 -10 -12
right_child=1 -3 -4 4 8 6 9 -9 10 -11 13 -13 -14 -15
leaf_value=8.7381350323029187e-06 0.00031750572129440663 -0.00025073617513552749 0.001964524881387486 0.0036834735427099244 -0.0069551611908461814 -0.003291954157529876 -0.0013330662866595478 0.00087391143021849419 -0.0010118606694793676 -0.00011127962157816669 -0.00040024721180446037 0.0014611207585665282 0.00012251428488925466 4.4838290088266844e-05
leaf_weight=33843 50 94 58 375 52 520 331 100 141 3872 2611 979 2548 8150
leaf_count=33843 50 94 58 375 52 520 331 100 141 3872 2611 979 2548 8150
internal_value=7.81701e-06 0.00574879 0.0117699 -1.43853e-05 0.000546397 -0.000229888 -0.00232705 -0.009184 0.000326177 -0.00130585 0.000395247 0.00222978 0.000532665 -0.000230819
internal_weight=53724 202 108 53522 14856 38666 4823 620 14481 4203 14429 3668 2689 10761
internal_count=53724 202 108 53522 14856 38666 4823 620 14481 4203 14429 3668 2689 10761
cat_boundaries=0 1
cat_threshold=528
is_linear=0
shrinkage=0.035


Tree=227
num_leaves=15
num_cat=3
split_feature=3 0 32 32 24 1 23 3 30 16 22 0 32 19
split_gain=5.61524 21.2458 17.5514 15.6097 14.6472 12.6826 20.6061 15.4472 11.8127 10.6576 10.6463 19.1786 10.8989 14.1854
threshold=450.50000000000006 390.50000000000006 0 1 5.5000000000000009 361.00000000000006 0.74446066658716403 370.50000000000006 -0.82899557272681157 141.35398063537818 1.6251824594520763 300.80000000000007 2 87.120833333333351
decision_type=8 10 1 1 2 10 10 8 2 8 10 8 1 10
left_child=1 5 -3 -2 -4 7 -7 9 -8 10 -1 12 13 -12
right_child=3 2 4 -5 -6 6 8 -9 -10 -11 11 -13 -14 -15
leaf_value=-4.5537170129680845e-06 -0.00069716368837512155 -0.00015232749647162258 0.0017020107778866751 1.6819980172111393e-07 -0.0022284215358046389 0.0019825241304991643 -0.0011375986764824396 -0.00080090854668804392 0.00015921552103268568 -0.0012746070599968008 0.0041807656481664514 0.0099175751008375064 -0.0015679533262164403 -0.0014178802727303199
leaf_weight=43425 1661 436 700 5371 65 298 56 377 297 104 337 189 356 52
leaf_count=43425 1661 436 700 5371 65 298 56 377 297 104 337 189 356 52
internal_value=6.51417e-06 0.000145405 0.00473051 -0.000915163 0.00785256 2.38483e-05 0.00485518 -4.6828e-05 -0.000879888 1.33804e-05 4.02353e-05 0.00372737 0.00116667 0.00511139
internal_weight=53724 46692 1201 7032 765 45491 651 44840 353 44463 44359 934 745 389
internal_count=53724 46692 1201 7032 765 45491 651 44840 353 44463 44359 934 745 389
cat_boundaries=0 1 2 3
cat_threshold=38916 25106 46184
is_linear=0
shrinkage=0.035


Tree=228
num_leaves=15
num_cat=3
split_feature=3 16 0 24 32 23 1 3 22 32 30 2 32 5
split_gain=5.17544 17.1052 28.7728 20.0205 14.9431 13.6557 14.3889 19.4375 13.2258 13.1891 10.015 9.47242 9.11637 12.7012
threshold=450.50000000000006 58.068608648363302 149.75000000000003 5.5000000000000009 0 1.2745455064764435 300.80000000000007 279.50000000000006 1.2218174445181746 1 0.57605713708605399 165.10000000000002 2 165.10000000000002
decision_type=8 10 8 2 1 8 8 10 10 1 2 8 1 8
left_child=1 12 9 5 10 8 7 -7 11 -3 -2 -4 13 -1
right_child=4 2 3 -5 -6 6 -8 -9 -10 -11 -12 -13 -14 -15
leaf_value=-4.0301879582035075e-05 -0.00094316939659471832 0.0004854465579195066 0.0030097458695552011 -0.0026846827711183964 1.6231280866363387e-07 0.004257350688701228 0.0038161851899200265 -0.0039765806106696255 -0.0020860981349513437 -0.0029425723382980229 6.4080172250715613e-05 0.00059820111578016099 5.3231877130682789e-05 -0.00047194803787225685
leaf_weight=17036 1190 128 59 148 5371 253 545 67 75 150 471 657 24975 2599
leaf_count=17036 1190 128 59 148 5371 253 545 67 75 150 471 657 24975 2599
internal_value=-1.04227e-05 0.00012292 0.00321993 0.00483693 -0.000895268 0.0059422 0.00897126 0.00301538 0.00259422 -0.00717314 -0.00377983 0.00407767 -2.19657e-05 -0.000586005
internal_weight=53724 46692 2082 1804 7032 1656 865 320 791 278 1661 716 44610 19635
internal_count=53724 46692 2082 1804 7032 1656 865 320 791 278 1661 716 44610 19635
cat_boundaries=0 1 2 3
cat_threshold=25106 40986 33359
is_linear=0
shrinkage=0.035


Tree=229
num_leaves=15
num_cat=2
split_feature=11 1 33 21 10 9 19 19 3 1 9 6 32 1
split_gain=5.13008 11.3603 11.0246 11.6588 10.1828 13.7293 8.7693 8.10328 17.5756 19.7326 12.3827 9.57136 9.23416 16.9565
threshold=1284.5643939393942 901.00000000000011 0 2123.8675213675219 850.30000000000007 1922.5000000000002 1727.5000000000002 630.12500000000011 495.40000000000003 281.00000000000006 2652.5000000000005 801.00000000000011 1 582.00000000000011
decision_type=8 10 1 2 8 10 8 10 10 8 8 10 1 8
left_child=1 4 -2 -4 6 -6 7 8 -1 -10 -9 -12 13 -11
right_child=2 -3 3 -5 5 -7 -8 10 9 12 11 -13 -14 -15
leaf_value=1.0493714243194896e-05 0.00019540058563171872 0.00084239787371704017 -7.8726214624166304e-05 -0.0019682165736320625 -0.0033876974653461972 -0.00015969311310578773 -0.00072426730876506246 0.00047284136513829156 -0.004295953311534339 -0.00078848524693657005 0.00018904243479976436 -0.0019026289155886619 -0.00083950404562276883 0.001686897511549982
leaf_weight=49347 399 597 294 219 113 202 128 945 61 223 155 114 695 232
leaf_count=49347 399 597 294 219 113 202 128 945 61 223 155 114 695 232
internal_value=0 4.50612e-05 -0.00259542 -0.00589962 -1.00536e-05 -0.00623438 2.8321e-05 5.13742e-05 -1.66129e-05 -0.00417352 0.00287121 -0.00370438 -0.00309091 0.000819149
internal_weight=53724 52812 912 513 52215 315 51900 51772 50558 1211 1214 269 1150 455
internal_count=53724 52812 912 513 52215 315 51900 51772 50558 1211 1214 269 1150 455
cat_boundaries=0 1 2
cat_threshold=6 2318
is_linear=0
shrinkage=0.035


Tree=230
num_leaves=15
num_cat=0
split_feature=8 1 23 22 3 1 1 22 17 23 3 0 16 3
split_gain=5.35258 18.2982 19.8112 32.4722 14.1808 19.5708 17.1173 14.1525 21.0818 18.1614 17.7934 19.3243 12.2532 10.9876
threshold=87.407836391970633 461.50000000000006 0.20512848593319441 0.63349840371956823 370.50000000000006 288.35000000000008 19.550000000000004 1.5858780692660879 89.734455851183995 0.54484478475140519 370.50000000000006 350.75000000000006 167.67230842796855 582.00000000000011
decision_type=2 10 10 8 10 10 10 10 8 10 8 10 10 8
left_child=-1 2 4 -4 5 -2 -6 8 -5 -10 11 -11 -9 -3
right_child=1 13 3 7 6 -7 -8 12 9 10 -12 -13 -14 -15
leaf_value=1.5786748580854938e-05 -0.0012604842555003341 0.00079010991073876337 0.0004785769674026314 -0.00077975057481180455 0.00018049016760039784 0.0028610418309846361 -0.004044500515615777 -0.0011126966612412916 -0.0023630626288631863 2.525925577825661e-05 -7.9961742239098026e-05 0.0046305586748604018 -0.0022365052212931719 -1.4495258962937687e-05
leaf_weight=47193 309 777 573 933 65 95 175 163 86 165 689 120 110 2271
leaf_count=47193 309 777 573 933 65 95 175 163 86 165 689 120 110 2271
internal_value=-9.11984e-06 -0.000947827 -0.00267919 -0.00141526 -0.00819723 -0.00410758 -0.0148571 -0.00329811 -0.00225976 0.00111737 0.00250255 0.00977586 -0.0107014 0.00103177
internal_weight=53724 6531 3483 2839 644 404 240 2266 1993 1060 974 285 273 3048
internal_count=53724 6531 3483 2839 644 404 240 2266 1993 1060 974 285 273 3048
is_linear=0
shrinkage=0.035


Tree=231
num_leaves=15
num_cat=2
split_feature=21 8 22 32 26 33 8 23 5 20 7 19 23 0
split_gain=4.9636 7.58531 6.44818 5.06993 10.4413 19.2503 11.3463 14.2281 12.3803 12.1996 13.8551 20.2868 12.9487 12.8519
threshold=3229.576539855073 7.0242956730025705 1.043115684632798 0 332.50000000000006 1 11.171815648797725 1.7985845743171256 22.050000000000004 1045.9166666666667 15.958114035087723 41.016666666666673 0.96395690184805305 42.550000000000004
decision_type=2 2 10 1 2 1 2 10 8 8 2 10 8 10
left_child=3 2 -2 4 6 -6 7 9 -8 10 -1 12 -12 -13
right_child=1 -3 -4 -5 5 -7 8 -9 -10 -11 11 13 -14 -15
leaf_value=0.0014052320980574697 0.00026501998597490921 -0.00033751949769910366 0.0036681417182396867 1.4814444603174493e-05 0.0048177849638905397 -1.469265572545786e-05 -0.0019297980337758579 -0.0065349215757620699 -0.00056627783511714862 -8.3174375206918622e-05 0.00080350167211045939 0.0038491127732833666 -0.0034579953734756568 -0.00042843566362745557
leaf_weight=359 78 70 54 43965 164 492 194 118 2812 4992 108 80 155 83
leaf_count=359 78 70 54 43965 164 492 194 118 2812 4992 108 80 155 83
internal_value=1.30283e-06 0.00541063 0.010219 -1.96163e-05 -0.000749582 0.0034947 -0.00106501 -0.000172034 -0.00281302 7.86925e-05 0.00412025 -0.000162413 -0.00613806 0.009375
internal_weight=53724 202 132 53522 9557 656 8901 5895 3006 5777 785 426 263 163
internal_count=53724 202 132 53522 9557 656 8901 5895 3006 5777 785 426 263 163
cat_boundaries=0 1 2
cat_threshold=515 2
is_linear=0
shrinkage=0.035


Tree=232
num_leaves=15
num_cat=2
split_feature=0 13 16 1 16 3 32 2 1 8 1 0 14 32
split_gain=5.09556 12.8448 10.683 9.62907 18.5291 11.1986 26.7182 13.9933 20.6833 14.2602 12.8138 15.2095 11.2715 10.1467
threshold=4.0500000000000007 10.525000000000002 3.2041639575194796 9.0500000000000025 1.75119007154183 14.65 0 22.050000000000004 17.050000000000004 10.287086127852442 19.550000000000004 9.5500000000000025 4.4750000000000005 1
decision_type=8 8 10 8 8 8 1 8 10 2 8 10 10 1
left_child=1 2 -1 4 -2 6 -5 8 9 12 11 -7 -8 -6
right_child=3 -3 -4 5 13 10 7 -9 -10 -11 -12 -13 -14 -15
leaf_value=0.00032228350578089316 -7.1050398536242899e-05 0.007744677313790989 -0.0055800578610103648 0.0017924922819331315 -0.0030768516968193186 -0.0016239124123633196 -0.0027761593991099663 -0.000879690765472723 0.0037118004199369649 -0.0022891631878435726 4.5906708537649114e-06 -0.00017505206028866878 0.0002869417947938885 -0.00057917259210671899
leaf_weight=1977 2966 54 50 717 481 520 72 760 181 68 41570 1794 2112 402
leaf_count=1977 2966 54 50 717 481 520 72 760 181 68 41570 1794 2112 402
internal_value=-1.30283e-06 0.00169463 0.00122293 -6.97994e-05 -0.00175272 6.5901e-05 0.00185951 0.00046914 0.00176579 0.000837395 -9.4101e-05 -0.00262613 0.00134308 -0.00618806
internal_weight=53724 2081 2027 51643 3849 47794 3910 3193 2433 2252 43884 2314 2184 883
internal_count=53724 2081 2027 51643 3849 47794 3910 3193 2433 2252 43884 2314 2184 883
cat_boundaries=0 1 2
cat_threshold=32936 35354
is_linear=0
shrinkage=0.035


Tree=233
num_leaves=15
num_cat=3
split_feature=30 16 32 7 4 4 4 4 1 9 32 27 17 32
split_gain=5.14611 7.33249 6.36205 10.7518 13.4623 9.80981 7.65764 7.04728 7.54131 6.77777 6.75189 7.71743 11.4328 6.67386
threshold=-0.99273797715557011 0.83666002653407601 0 130.14583333333334 115.10000000000001 130.10000000000002 420.75000000000006 55.100000000000009 73.100000000000009 2002.5000000000002 1 1.0000000180025095e-35 37.475243723727097 2
decision_type=2 10 1 2 8 10 10 10 10 10 1 2 10 1
left_child=1 -1 5 4 13 7 9 -3 -9 -7 -5 12 -12 -4
right_child=-2 2 3 10 -6 6 -8 8 -10 -11 11 -13 -14 -15
leaf_value=0.00075614771139103591 8.6645635623119891e-06 -0.000918236829544435 -0.00061935578529427019 0.00072368410707518947 -0.0012539830235809503 -0.0025152416988330375 -0.00024766561837534246 0.0016614096137497088 -0.00089792945058783419 -0.00028275370296653628 0.00065650766988248625 0.00081019676968926101 -0.0018651588174612033 0.00028195508441749813
leaf_weight=164 51464 441 370 148 79 83 104 75 66 50 75 138 79 388
leaf_count=164 51464 441 370 148 79 83 104 75 66 50 75 138 79 388
internal_value=-5.21134e-06 -0.00163797 -0.00219895 -0.000623065 -0.00295131 -0.00457434 -0.0105579 -0.00214651 0.00455479 -0.0159783 0.00377528 0.000456026 -0.00484277 -0.00146789
internal_weight=53724 2260 2096 1277 837 819 237 582 141 133 440 292 154 758
internal_count=53724 2260 2096 1277 837 819 237 582 141 133 440 292 154 758
cat_boundaries=0 1 2 3
cat_threshold=34504 20496 20756
is_linear=0
shrinkage=0.035


Tree=234
num_leaves=15
num_cat=2
split_feature=21 8 22 29 32 10 4 32 20 2 8 11 20 1
split_gain=4.98035 7.58531 6.44818 4.79352 14.7779 15.8785 13.3574 12.418 11.7406 10.7447 9.42154 14.0689 22.4507 15.7287
threshold=3229.576539855073 7.0242956730025705 1.043115684632798 -0.46801505794253101 0 611.88333333333344 4.5500000000000007 1 2000.3571428571431 10.950000000000001 17.486656797412905 182.16233766233771 2025.9166666666667 140.50000000000003
decision_type=2 2 10 2 1 10 10 1 10 8 2 10 10 10
left_child=3 2 -2 4 5 -1 8 10 -6 -10 -5 13 -13 -12
right_child=1 -3 -4 7 6 -7 -8 -9 9 -11 11 12 -14 -15
leaf_value=-0.00013303660014769958 0.00025033920859227039 -0.0003130123650062894 0.003539292824896738 -3.3775080592862998e-05 0.00015636132873287525 -0.0023008086292887588 0.0001393892630796978 -0.0001223081795691583 0.0010262131400634717 0.0026245834492278994 0.00030785370659370371 -0.00046969283152027035 0.00020941427316932383 0.0011844587805435543
leaf_weight=6090 78 70 54 10688 358 99 10006 18284 243 252 3361 1311 2040 790
leaf_count=6090 78 70 54 10688 358 99 10006 18284 243 252 3361 1311 2040 790
internal_value=-7.81701e-06 0.00541063 0.010219 -2.87705e-05 0.000455638 -0.000908285 0.00123276 -0.000255215 0.00542541 0.00889 0.0003922 0.00134275 -0.00034416 0.00270332
internal_weight=53724 202 132 53522 17048 6189 10859 36474 853 495 18190 7502 3351 4151
internal_count=53724 202 132 53522 17048 6189 10859 36474 853 495 18190 7502 3351 4151
cat_boundaries=0 1 2
cat_threshold=53777 53684
is_linear=0
shrinkage=0.035


Tree=235
num_leaves=15
num_cat=1
split_feature=21 16 0 0 13 1 8 9 16 23 9 3 32 2
split_gain=4.98274 8.19554 7.86539 4.85575 15.139 13.2495 18.4092 16.2689 13.2272 18.3599 11.3301 10.0896 21.554 14.8549
threshold=3229.576539855073 3.8171386673438747 8.5500000000000025 5.0500000000000007 14.525000000000002 9.0500000000000025 2.4794239778815186 1447.5000000000002 1.8708286933874192 0.98713361680627199 2781.2500000000005 14.65 0 24.100000000000005
decision_type=2 10 8 8 8 8 2 8 10 10 10 8 1 8
left_child=3 2 -2 4 8 6 7 -5 9 10 -1 12 -7 -14
right_child=1 -3 -4 5 -6 11 -8 -9 -10 -11 -12 -13 13 -15
leaf_value=0.0008428212868529007 0.00016453921967714613 -0.00020605850443924768 0.0018241569813473822 -0.0014411589067341553 0.0055407345020014624 0.0017052444136319395 -0.001330746759095661 0.00013532209923255325 -0.001882279366964575 -0.00057297278213960367 -0.00086231510326828531 -1.5121697646047207e-05 0.00034119520175574045 -0.00091763748731442504
leaf_weight=1622 50 94 58 294 51 682 892 1904 233 950 100 43744 2338 712
leaf_count=1622 50 94 58 294 51 682 892 1904 233 950 100 43744 2338 712
internal_value=-9.11984e-06 0.00541063 0.0117699 -3.00783e-05 0.00134752 -0.000110735 -0.00232956 -0.000603722 0.000998282 0.00169966 0.00385061 3.39083e-05 0.0017795 0.000502447
internal_weight=53724 202 108 53522 2956 50566 3090 2198 2905 2672 1722 47476 3732 3050
internal_count=53724 202 108 53522 2956 50566 3090 2198 2905 2672 1722 47476 3732 3050
cat_boundaries=0 1
cat_threshold=32936
is_linear=0
shrinkage=0.035


Tree=236
num_leaves=15
num_cat=5
split_feature=21 33 16 24 29 33 30 32 1 22 32 14 30 32
split_gain=4.72441 11.2705 15.5489 16.1423 13.527 23.2119 52.071 18.4927 18.3435 14.2391 13.5388 13.9621 12.8292 12.8194
threshold=882.22332015810287 0 206.63228335259748 1.0000000180025095e-35 0.93544191479114935 1 -0.048362832084465616 2 11.550000000000002 1.8174112776305755 3 465.50000000000006 0.64414586362404946 4
decision_type=2 1 10 2 2 1 2 1 10 10 1 8 2 1
left_child=-1 2 3 13 10 6 7 8 -6 -7 11 -3 -5 -2
right_child=1 4 -4 12 5 9 -8 -9 -10 -11 -12 -13 -14 -15
leaf_value=-0.00012226074963976849 -0.00017406323387729185 -0.00015293424344908104 -0.001707253202346521 -1.1576537139606493e-05 -0.0027253518166863748 1.8873828176942942e-05 -7.5301529929758254e-05 0.0039019494903489997 0.0018910441702912452 -0.0033848961987389377 2.1679030524943413e-05 -0.0006489806928939491 0.00040024612519382725 0.00095295389545032542
leaf_weight=4002 355 14190 89 6414 61 3405 929 464 216 50 19646 894 1866 1143
leaf_count=4002 355 14190 89 6414 61 3405 929 464 216 50 19646 894 1866 1143
internal_value=-1.43312e-05 7.88304e-05 0.00113692 0.00127364 -0.000183471 0.00149415 0.00486053 0.0117761 0.00395548 -0.000151297 -0.000431265 -0.00121929 0.000667471 0.00461078
internal_weight=53724 49722 9867 9778 39855 5125 1670 741 277 3455 34730 15084 8280 1498
internal_count=53724 49722 9867 9778 39855 5125 1670 741 277 3455 34730 15084 8280 1498
cat_boundaries=0 1 2 3 4 5
cat_threshold=2 8 39696 18019 33104
is_linear=0
shrinkage=0.035


Tree=237
num_leaves=15
num_cat=2
split_feature=2 21 30 29 32 23 3 26 0 32 0 9 26 21
split_gain=4.97042 4.75748 14.3384 10.7259 15.075 13.5388 12.7485 10.2012 10.2341 9.14818 19.5566 16.5506 15.5346 12.5311
threshold=3525.0000000000005 2530.7846153846162 0.83730377313544024 0.35846314187849709 0 1.1755379800227557 32.050000000000004 318.50000000000006 110.25000000000001 1 99.750000000000014 2982.5000000000005 118.50000000000001 2900.1851851851857
decision_type=10 2 2 2 1 8 8 2 8 1 10 10 2 2
left_child=1 -1 7 4 6 -5 -4 9 -9 10 11 -3 -13 -12
right_child=-2 2 3 5 -6 -7 -8 8 -10 -11 13 12 -14 -15
leaf_value=-2.0315621207976922e-05 -0.0011157195157086687 -0.00013248970210760603 0.0026814251916257134 -0.00033858582305108077 0.00038737934378078214 -0.0029376539758501634 -0.001130931308680562 0.0021723246957681972 -0.00018717872296379113 0.00037346902415251628 -0.00078351428225225317 -0.00010363656988425896 0.0027653569033223788 -0.0038084678766483852
leaf_weight=45929 53 1681 80 231 552 147 518 188 121 3424 206 179 254 161
leaf_count=45929 53 1681 80 231 552 147 518 188 121 3424 206 179 254 161
internal_value=-1.82397e-05 -7.17267e-06 0.000795147 -0.00223744 -0.000545455 -0.0073107 -0.00433931 0.00154205 0.00769108 0.00121404 -0.000406651 0.00089193 0.00695205 -0.00780914
internal_weight=53724 53671 7742 1528 1150 378 598 6214 309 5905 2481 2114 433 367
internal_count=53724 53671 7742 1528 1150 378 598 6214 309 5905 2481 2114 433 367
cat_boundaries=0 1 2
cat_threshold=17299 17761
is_linear=0
shrinkage=0.035


Tree=238
num_leaves=15
num_cat=1
split_feature=24 32 16 29 23 23 1 22 9 30 2 26 21 22
split_gain=4.87277 15.6018 11.5403 11.4903 12.769 11.3196 25.0637 24.0668 9.17053 11.6791 10.7381 9.21054 16.7069 12.957
threshold=4.5000000000000009 0 1.9663841604998762 0.99939377080793557 1.0154632132228303 0.66365677480395202 29.950000000000003 0.64433746342902809 2302.5000000000005 -0.36648370705903521 3.5500000000000003 83.500000000000014 1758.6181818181819 1.1807271279209666
decision_type=2 1 8 2 8 8 10 10 10 2 8 2 2 10
left_child=3 8 -3 -1 -5 6 -4 -8 9 -2 -10 12 13 -11
right_child=1 2 5 4 -6 -7 7 -9 10 11 -12 -13 -14 -15
leaf_value=3.1413804037348507e-05 -0.00092396877636326616 0.00046453316520912898 -0.00209490124688159 0.0001479103764238754 -0.0016538400431959067 3.8931208316681793e-05 0.0009488510092823414 -0.00080990895331240354 -0.0017974930824271021 0.0002662786873977752 0.00020387478126471378 7.8263516802455925e-05 -0.0020819341995104274 -0.0031308985881855879
leaf_weight=41087 1612 1011 187 196 204 5484 125 242 113 475 1294 1299 318 77
leaf_count=41087 1612 1011 187 196 204 5484 125 242 113 475 1294 1299 318 77
internal_value=-1.82397e-05 -0.000631841 0.000440968 0.000162802 -0.0057037 -0.000139004 -0.00488372 0.00047043 -0.00208534 -0.002986 0.000322238 -0.00130405 -0.00408 -0.00037702
internal_weight=53724 12237 7049 41487 400 6038 554 367 5188 3781 1407 2169 870 552
internal_count=53724 12237 7049 41487 400 6038 554 367 5188 3781 1407 2169 870 552
cat_boundaries=0 1
cat_threshold=33839
is_linear=0
shrinkage=0.035


Tree=239
num_leaves=15
num_cat=0
split_feature=15 5 0 22 5 1 10 1 13 29 28 2 16 9
split_gain=4.92078 12.9705 10.7862 18.7203 10.7762 9.06264 13.6914 9.82538 7.97119 11.278 7.39286 7.19547 6.61294 6.58257
threshold=1294.3750000000002 1100.5000000000002 1255.0000000000002 0.78916870577283704 2025.0000000000002 1204.0000000000002 1055.8333333333337 901.00000000000011 1757.5000000000002 0.49065764355977465 -0.22252093395631442 901.00000000000011 364.94967701820059 2492.5000000000005
decision_type=2 8 10 10 10 10 10 10 10 2 2 10 10 8
left_child=5 -2 8 -4 10 6 7 12 9 -3 -5 -9 -1 -7
right_child=1 2 3 4 -6 13 -8 11 -10 -11 -12 -13 -14 -15
leaf_value=1.6181168872461683e-06 -0.0021179725149272533 -0.00051950503225889929 0.0011963496081678941 -7.8881605412756134e-05 -0.0014312725845814296 0.0005630562272215295 -0.0018574902506890137 0.0019745146646749142 0.00079358194765914106 -0.0014200098111318751 0.0012464078207190966 3.8287075427989593e-05 -0.0011037098264491908 0.0046071791051686883
leaf_weight=52128 67 108 60 120 117 178 233 161 53 63 94 175 75 92
leaf_count=52128 67 108 60 120 117 178 233 161 53 63 94 175 75 92
internal_value=-1.17255e-05 -0.00295488 -0.00129839 0.0022096 -0.00114583 2.63917e-05 -6.63168e-06 3.13071e-05 -0.00733624 -0.0109375 0.00351598 0.00595308 -7.37435e-06 0.00636364
internal_weight=53724 682 615 391 331 53042 52772 52539 224 171 214 336 52203 270
internal_count=53724 682 615 391 331 53042 52772 52539 224 171 214 336 52203 270
is_linear=0
shrinkage=0.035


Tree=240
num_leaves=15
num_cat=2
split_feature=11 1 33 21 10 9 3 19 19 3 13 9 32 1
split_gain=5.36758 9.83304 9.68978 10.9812 9.4416 14.3713 7.8067 6.80982 9.22284 18.8838 19.9324 12.0632 10.0241 10.518
threshold=1284.5643939393942 901.00000000000011 0 2123.8675213675219 850.30000000000007 1922.5000000000002 832.50000000000011 1727.5000000000002 630.12500000000011 495.40000000000003 420.37500000000006 2652.5000000000005 1 560.75000000000011
decision_type=8 10 1 2 8 10 8 8 10 10 10 8 1 8
left_child=1 4 -2 -4 7 -6 -3 8 9 -1 -11 -10 13 -12
right_child=2 6 3 -5 5 -7 -8 -9 11 10 12 -13 -14 -15
leaf_value=1.0871877040478096e-05 0.00015491495968765202 0.0029272075907089959 -8.3072867817824634e-05 -0.0018493444349013256 -0.0032425238592973141 -0.00011793283065583111 0.00012085757546660166 -0.00066896836397053962 0.00045483041271051299 -0.0027569433593767289 -0.00067130490312007445 -0.00074728461241473153 -0.00058621168208080286 0.0023726544084418104
leaf_weight=49347 399 167 294 219 113 202 430 128 945 124 62 269 936 89
leaf_count=49347 399 167 294 219 113 202 430 128 945 124 62 269 936 89
internal_value=-1.69368e-05 2.91573e-05 -0.00267176 -0.00576705 -2.2118e-05 -0.00601563 0.00447674 1.48348e-05 3.51507e-05 -3.73791e-05 -0.00434622 0.00304348 -0.00278846 0.00527108
internal_weight=53724 52812 912 513 52215 315 597 51900 51772 50558 1211 1214 1087 151
internal_count=53724 52812 912 513 52215 315 597 51900 51772 50558 1211 1214 1087 151
cat_boundaries=0 1 2
cat_threshold=6 266
is_linear=0
shrinkage=0.035


Tree=241
num_leaves=15
num_cat=0
split_feature=16 0 17 22 23 30 30 17 0 13 19 29 8 3
split_gain=5.0845 11.3274 6.92522 5.23519 13.6268 12.9869 10.1383 5.54933 5.03093 13.9775 7.11423 6.98056 6.61003 6.1584
threshold=560.35846336601708 786.00000000000011 688.22773644165443 2.0422420827073977 3.2477849613045007 -0.41399101439218416 0.063390085881955341 49.081897209464103 1.2500000000000002 1.2250000000000003 1.4583333333333337 -0.78326540922535159 0.56784925558152199 2.0500000000000003
decision_type=10 10 10 10 8 2 2 10 8 10 10 2 2 8
left_child=3 -2 -3 8 5 -5 -7 -8 9 12 11 -10 -1 -12
right_child=1 2 -4 4 -6 6 7 -9 10 -11 13 -13 -14 -15
leaf_value=0.00019712152820742346 -0.0034446989655609554 0.0044350379302970522 -0.0012625268974773903 -0.0063075578171338208 0.015957268558024679 0.0046285603793016269 0.0017238431268189604 -0.0054116989396057564 0.0012913992133662346 0.0023556116353785736 0.00083613453093168706 -0.00091809131920975737 -0.00080736804577021101 -6.0338454695399448e-06
leaf_weight=85 79 53 77 61 140 74 52 56 67 136 440 333 50 52021
leaf_count=85 79 53 77 61 140 74 52 56 67 136 440 333 50 52021
internal_value=-1.30283e-05 -0.0053972 0.00103704 8.50149e-06 0.00405928 -0.000987903 0.00374332 -0.00309735 -2.10776e-05 0.00469203 -4.56815e-05 -0.00466667 -0.00325 -1.00065e-05
internal_weight=53724 209 130 53515 383 243 182 108 53132 271 52861 400 135 52461
internal_count=53724 209 130 53515 383 243 182 108 53132 271 52861 400 135 52461
is_linear=0
shrinkage=0.035


Tree=242
num_leaves=15
num_cat=0
split_feature=15 5 0 22 5 1 10 1 16 13 29 28 16 30
split_gain=4.91643 11.2364 9.34575 17.174 10.977 9.06642 13.6871 7.89202 8.21132 7.56488 10.0347 7.21147 6.61647 6.10699
threshold=1294.3750000000002 1100.5000000000002 1255.0000000000002 0.78916870577283704 2025.0000000000002 1204.0000000000002 1055.8333333333337 901.00000000000011 77.604436292912808 1757.5000000000002 0.49065764355977465 -0.22252093395631442 364.94967701820059 -0.41399101439218416
decision_type=2 8 10 10 8 10 10 10 10 10 2 2 10 2
left_child=5 -2 9 -4 11 6 7 12 -9 10 -3 -5 -1 -7
right_child=1 2 3 4 -6 13 -8 8 -10 -11 -12 -13 -14 -15
leaf_value=2.7970617384520672e-06 -0.0020490543159024347 -0.00050125340950472332 0.001153431319865726 -3.0722864718213397e-05 -0.0013780828639944355 -0.0003208366332580948 -0.0016835625952816397 -6.8328205265467682e-05 0.0014861952874400035 0.00088094901969663865 -0.001305371227929279 0.0013513588732031914 -0.00096837578035385407 0.0022897697538360831
leaf_weight=52128 67 108 60 115 129 89 233 110 226 53 63 87 75 181
leaf_count=52128 67 108 60 115 129 89 233 110 226 53 63 87 75 181
internal_value=-1.30283e-05 -0.00295488 -0.00141129 0.00185606 -0.00135417 2.50721e-05 -7.95801e-06 2.99749e-05 0.00533724 -0.00703057 -0.0105398 0.00371981 -4.69277e-06 0.00636364
internal_weight=53724 682 615 391 331 53042 52772 52539 336 224 171 202 52203 270
internal_count=53724 682 615 391 331 53042 52772 52539 336 224 171 202 52203 270
is_linear=0
shrinkage=0.035


Tree=243
num_leaves=15
num_cat=2
split_feature=16 23 22 23 30 30 17 32 13 22 23 23 32 22
split_gain=5.0845 10.7537 5.23519 13.6268 12.9869 10.1383 5.54933 5.0143 20.3492 16.8429 34.4906 13.1239 28.9181 25.7369
threshold=560.35846336601708 1.1970488709867644 2.0422420827073977 3.2477849613045007 -0.41399101439218416 0.063390085881955341 49.081897209464103 0 23.025000000000002 0.81043597146368618 0.98257693881822039 1.0771195213417017 1 0.94208766878258421
decision_type=10 10 10 8 2 2 10 1 8 10 8 8 1 10
left_child=2 -2 7 4 -4 -6 -7 8 9 -1 -11 12 -10 -14
right_child=1 -3 3 -5 5 6 -8 -9 11 10 -12 -13 13 -15
leaf_value=0.0015827566349168576 -0.0020976861720071473 0.0018567352629752078 -0.0060278686026992798 0.015398666261332969 0.0044941942196252372 0.0016634107202194439 -0.0052223873738804034 -2.6791242446613521e-05 0.0005717741508247773 -0.00091675848160254153 0.0020524046870825118 -0.00016886115392601822 0.00012646837326375451 -0.0007101971551817871
leaf_weight=157 141 68 61 140 74 52 56 43112 3542 156 264 4540 755 606
leaf_count=157 141 68 61 140 74 52 56 43112 3542 156 264 4540 755 606
internal_value=-1.30283e-05 -0.0053972 8.50149e-06 0.00405928 -0.000987903 0.00374332 -0.00309735 -2.10776e-05 0.000683607 0.00703608 0.00329412 0.000292655 0.00154747 -0.00277253
internal_weight=53724 209 53515 383 243 182 108 53132 10020 577 420 9443 4903 1361
internal_count=53724 209 53515 383 243 182 108 53132 10020 577 420 9443 4903 1361
cat_boundaries=0 1 2
cat_threshold=1408 1280
is_linear=0
shrinkage=0.035


Tree=244
num_leaves=15
num_cat=4
split_feature=21 33 0 4 21 22 8 29 33 20 30 20 32 32
split_gain=4.82513 11.2096 14.399 15.6993 13.8201 12.4534 11.7369 11.5313 21.2368 44.8826 33.0389 18.3659 14.9676 14.227
threshold=882.22332015810287 0 69.90000000000002 65.100000000000009 1133.7980769230771 1.6741816458481436 4.5493017312672892 0.93544191479114935 1 1880.3571428571431 -0.048362832084465616 2370.3571428571436 2 3
decision_type=2 1 10 10 2 8 2 2 1 8 2 10 1 1
left_child=-1 2 3 -2 -3 6 -4 -6 9 -9 13 -10 -12 -11
right_child=1 4 5 -5 7 -7 -8 8 11 10 12 -13 -14 -15
leaf_value=-0.00011559168550801747 0.00027676854471273216 -0.0011365857679464704 -0.00047982731175073682 0.00086960308450757644 -4.867666099628465e-05 -0.0030629168749651972 2.5217701542319116e-05 -0.000166333691476816 -0.0012441529766394599 0.0010376014867429105 0.0017361643348110883 0.00010033588083547125 -0.00016774159091492353 0.0043120422425655799
leaf_weight=4002 3821 613 54 869 34139 93 5030 1698 538 234 544 1128 552 409
leaf_count=4002 3821 613 54 869 34139 93 5030 1698 538 234 544 1128 552 409
internal_value=-1.95425e-05 7.46074e-05 0.00112983 0.00253461 -0.000186983 -0.000141837 9.62861e-05 -0.000105231 0.00144577 0.0030113 0.00696388 -0.0017906 0.00324251 0.013233
internal_weight=53724 49722 9867 4690 39855 5177 5084 39242 5103 3437 1739 1666 1096 643
internal_count=53724 49722 9867 4690 39855 5177 5084 39242 5103 3437 1739 1666 1096 643
cat_boundaries=0 1 2 3 4
cat_threshold=2 9 1662 35601
is_linear=0
shrinkage=0.035


Tree=245
num_leaves=15
num_cat=0
split_feature=3 1 0 1 10 23 1 3 9 5 23 22 3 1
split_gain=4.52309 22.5084 22.471 11.2231 21.8801 27.5676 20.5385 14.7066 16.1666 17.5815 14.2363 24.2699 21.3237 14.6135
threshold=123.75000000000001 103.35000000000001 85.050000000000011 229.75000000000003 278.58571428571435 0.61903782367930316 319.50000000000006 390.50000000000006 2702.5000000000005 240.25000000000003 0.53097034152342515 0.61968439436793876 199.75000000000003 180.25000000000003
decision_type=8 10 10 10 10 10 10 8 8 8 10 8 10 10
left_child=1 -1 -3 10 5 -5 -6 8 9 -8 12 -12 13 -2
right_child=3 2 -4 4 6 -7 7 -9 -10 -11 11 -13 -14 -15
leaf_value=-3.7677507286368321e-06 -0.00043072865207747173 0.0030875974804222507 0.00026262543845838874 0.0017454328732063463 -0.0005116516339580047 0.0002948339553441304 -0.0012156741247567845 -6.0120107456351773e-05 0.0016862564824446571 0.00039508436949993735 0.0015714434676446949 -0.0001439597389220404 -0.0017207097159092368 0.0027279487126384435
leaf_weight=33182 1113 564 2089 279 1018 1145 268 4327 269 975 145 7677 604 69
leaf_count=33182 1113 564 2089 279 1018 1145 268 4327 269 975 145 7677 604 69
internal_value=-2.08454e-05 0.000206055 0.00330512 -0.000475299 0.000468863 0.00440868 -0.000351938 0.000449179 0.00341463 0.00171074 -0.00128888 -0.000643925 -0.00410385 -0.00135636
internal_weight=53724 35835 2653 17889 8281 1424 6857 5839 1512 1243 9608 7822 1786 1182
internal_count=53724 35835 2653 17889 8281 1424 6857 5839 1512 1243 9608 7822 1786 1182
is_linear=0
shrinkage=0.035


Tree=246
num_leaves=15
num_cat=2
split_feature=32 4 1 3 1 22 1 14 33 1 5 10 10 1
split_gain=4.37481 13.7981 12.2246 15.4117 18.3312 22.7995 17.3145 23.0934 13.5033 19.072 12.917 11.9679 12.4808 12.5675
threshold=0 601.00000000000011 361.00000000000006 52.550000000000004 48.050000000000004 0.87751187565618982 42.050000000000004 40.025000000000006 1 169.50000000000003 350.75000000000006 51.745000000000012 39.016666666666673 36.100000000000009
decision_type=1 10 10 10 8 10 10 8 1 10 10 10 10 10
left_child=1 2 3 6 5 -5 11 -8 10 -10 -6 12 13 -1
right_child=-2 -3 -4 4 8 -7 7 -9 9 -11 -12 -13 -14 -15
leaf_value=-5.7775478514549289e-05 2.210514923101259e-05 -0.0019844864556154934 0.0013288072697507404 -7.2939741989103149e-05 -2.5479921937629217e-05 -0.0042303898225955735 0.0028993939079776693 0.00021247716248055606 -0.0014937538986255264 0.0021620962255246637 -0.00094879285955681305 0.0032162265158237027 -0.0011904578438043979 0.0009676231024990671
leaf_weight=10488 37380 195 275 127 2500 146 318 761 390 57 182 86 513 306
leaf_count=10488 37380 195 275 127 2500 146 318 761 390 57 182 86 513 306
internal_value=-1.04227e-05 -0.000487805 -0.00037483 -0.000502551 -0.00258879 -0.011205 6.73239e-05 0.00429428 -0.00182036 -0.00734848 -0.000856507 -0.000334708 -0.000436262 -0.000181498
internal_weight=53724 16344 16149 15874 3402 273 12472 1079 3129 447 2682 11393 11307 10794
internal_count=53724 16344 16149 15874 3402 273 12472 1079 3129 447 2682 11393 11307 10794
cat_boundaries=0 1 2
cat_threshold=33347 10
is_linear=0
shrinkage=0.035


Tree=247
num_leaves=15
num_cat=2
split_feature=0 13 16 1 16 32 23 3 32 23 23 4 1 0
split_gain=4.36424 11.2212 10.5396 8.98565 17.0396 10.7635 12.0122 8.9589 21.9192 13.2675 12.4654 12.5588 11.7133 12.9081
threshold=4.0500000000000007 10.525000000000002 3.2041639575194796 9.0500000000000025 1.75119007154183 0 0.65676634018723934 14.65 1 0.96395690184805305 0.66967604380121915 1.9500000000000002 19.550000000000004 9.5500000000000025
decision_type=8 8 10 8 8 1 10 8 1 10 8 10 8 10
left_child=1 2 -1 4 -2 -6 -7 8 -5 10 -10 -12 13 -9
right_child=3 -3 -4 7 5 6 -8 12 9 -11 11 -13 -14 -15
leaf_value=0.00032026688242256523 -6.9223770839680902e-05 0.0072217850634626636 -0.005319152612737338 0.0016577196818660235 -0.0028941378231465424 -0.0021467446002822869 0.00047274607699194452 -0.0015593217902068464 -0.00070442887426328806 -0.00036828812857840013 -0.002126854155078919 0.0010003219568300249 3.5420886953771441e-06 -0.00015742102876371069
leaf_weight=1977 2966 54 50 717 481 164 238 520 194 1557 70 1372 41570 1794
leaf_count=1977 2966 54 50 717 481 164 238 520 194 1557 70 1372 41570 1794
internal_value=-9.11984e-06 0.0015604 0.00111959 -7.25101e-05 -0.00169824 -0.00595158 -0.00151079 5.85786e-05 0.00166284 0.000403678 0.00260207 0.00372495 -8.45314e-05 -0.00250539
internal_weight=53724 2081 2027 51643 3849 883 402 47794 3910 3193 1636 1442 43884 2314
internal_count=53724 2081 2027 51643 3849 883 402 47794 3910 3193 1636 1442 43884 2314
cat_boundaries=0 1 2
cat_threshold=35354 32936
is_linear=0
shrinkage=0.035


Tree=248
num_leaves=15
num_cat=2
split_feature=21 32 26 22 2 1 22 8 17 33 22 21 16 9
split_gain=4.60506 9.60713 9.13597 11.9758 6.59155 8.23105 7.35519 6.35937 5.94387 5.25448 13.5313 14.4457 17.0231 18.4084
threshold=670.18874643874653 0 77.500000000000014 0.92128744127314266 280.75000000000006 125.25000000000001 0.88219178082191785 27.661744367434228 23.01185465244922 1 0.63349840371956823 1191.300322061192 185.0096518102703 1212.5000000000002
decision_type=2 1 2 10 8 8 10 2 10 1 10 2 10 8
left_child=1 2 3 -1 5 6 -3 -6 -5 10 -2 -12 13 -13
right_child=9 4 -4 8 7 -7 -8 -9 -10 -11 11 12 -14 -15
leaf_value=0.00076022037302482146 0.00083874822159873746 -0.00098769543549097468 -0.00114940927067668 0.00028951397914024515 -0.0011962938911004987 0.00085788099860852182 0.0014032743306121905 0.00020496544152013882 -0.0014332482422248121 -2.0705442313054824e-05 -3.8679160915587597e-05 0.00091787512434462711 -0.0016426395039511011 0.00024208698230583639
leaf_weight=82 396 86 252 75 52 104 62 57 74 39855 8832 482 61 3254
leaf_count=82 396 86 252 75 52 104 62 57 74 39855 8832 482 61 3254
internal_value=1.30283e-06 -0.00255595 -0.00569277 -0.000741525 0.00176862 0.00490272 -0.000457516 -0.0052193 -0.00659091 4.23561e-05 0.000652224 0.000451559 0.00225539 0.00256349
internal_weight=53724 844 483 231 361 252 148 109 149 52880 13025 12629 3797 3736
internal_count=53724 844 483 231 361 252 148 109 149 52880 13025 12629 3797 3736
cat_boundaries=0 1 2
cat_threshold=37580 2
is_linear=0
shrinkage=0.035


Tree=249
num_leaves=15
num_cat=1
split_feature=3 1 23 1 10 0 2 32 20 0 16 3 6 22
split_gain=4.65886 44.4847 32.0896 20.6841 24.657 27.4422 17.48 15.328 14.2493 11.7136 20.1332 11.1933 13.2014 11.3545
threshold=39.850000000000009 38.100000000000009 0.54484478475140519 47.550000000000004 46.683333333333344 47.050000000000004 26.550000000000004 0 1653.4523809523812 52.550000000000004 15.351341598957672 43.050000000000004 6.0500000000000007 1.0748188672541013
decision_type=8 10 10 8 8 10 8 1 10 10 10 8 10 10
left_child=1 9 -3 4 11 8 -5 -7 -6 10 -1 12 -2 -13
right_child=3 2 -4 6 5 7 -8 -9 -10 -11 -12 13 -14 -15
leaf_value=-5.2779173686642875e-06 0.0010278885913603123 0.0040734494010780621 0.00066772103907965512 0.0021949273666830977 -0.0010513801543042822 0.00087327766797877634 -2.4926223103835525e-06 -0.001567686710285269 -0.0038273289824431365 0.0028997343895065856 -0.0070612778810893598 0.00029174494286857215 -0.00093063766830083839 -0.0010033278032479738
leaf_weight=19316 66 330 1252 274 208 226 28456 187 274 127 113 1646 737 512
leaf_count=19316 66 330 1252 274 208 226 28456 187 274 127 113 1646 737 512
internal_value=2.60567e-06 0.000407227 0.00604285 -0.000259888 -0.00266511 -0.00773889 6.33374e-05 -0.00108852 -0.0133676 -5.00997e-05 -0.000120665 -0.00112104 -0.0046349 0.000194175
internal_weight=53724 21138 1582 32586 3856 895 28730 413 482 19556 19429 2961 803 2158
internal_count=53724 21138 1582 32586 3856 895 28730 413 482 19556 19429 2961 803 2158
cat_boundaries=0 1
cat_threshold=13730
is_linear=0
shrinkage=0.035


Tree=250
num_leaves=15
num_cat=2
split_feature=24 32 6 9 30 0 29 23 22 8 0 21 3 32
split_gain=4.70183 16.6814 11.2913 13.6537 12.0836 10.8432 10.8168 10.5182 16.5118 20.4292 19.5577 11.1347 11.372 10.9864
threshold=4.5000000000000009 0 14.65 2302.5000000000005 -0.36648370705903521 2.9500000000000006 0.99907018497641664 0.66365677480395202 0.64433746342902809 16.274104751852487 6.5500000000000007 2250.7870370370379 370.50000000000006 1
decision_type=2 1 8 10 2 10 2 8 8 2 10 2 8 1
left_child=6 2 5 4 -4 -2 -1 8 9 -3 -10 -9 -13 -12
right_child=1 7 3 -5 -6 -7 -8 11 10 -11 13 12 -14 -15
leaf_value=2.843429502449646e-05 0.00040377956432770566 -0.0012414178896585229 -0.0007850607407400784 0.00036591790016075046 -8.1948821112537713e-05 -0.0027650908804016726 -0.0006977448465431402 0.00025756481920472478 0.0026035104571690091 0.00072506549625410508 -0.00014715551532164752 -6.35050099030976e-07 -0.00096146864367900825 -0.0021627457717087787
leaf_weight=40922 162 83 1259 992 1672 560 565 4410 59 182 125 2118 356 259
leaf_count=40922 162 83 1259 992 1672 560 565 4410 59 182 125 2118 356 259
internal_value=5.21134e-06 -0.000597533 -0.00224571 -0.00150586 -0.00270606 -0.0062586 0.000183047 0.000414092 -0.00363254 0.00324074 -0.00773438 0.000833212 -0.00104478 -0.010617
internal_weight=53724 12237 4645 3923 2931 722 41487 7592 708 265 443 6884 2474 384
internal_count=53724 12237 4645 3923 2931 722 41487 7592 708 265 443 6884 2474 384
cat_boundaries=0 1 2
cat_threshold=33838 10496
is_linear=0
shrinkage=0.035


Tree=251
num_leaves=15
num_cat=1
split_feature=24 32 6 9 29 29 0 23 8 22 7 21 1 5
split_gain=4.55285 15.0169 11.2588 11.9413 11.4777 10.7864 10.5831 10.2804 13.1829 19.5619 15.4993 10.2173 11.2531 10.6633
threshold=4.5000000000000009 0 14.65 2302.5000000000005 0.81428061195174062 0.99907018497641664 2.9500000000000006 0.66365677480395202 16.274104751852487 0.66501501823972131 12.662878787878789 2250.7870370370379 8.0500000000000025 7.0500000000000007
decision_type=2 1 8 10 2 2 10 8 2 10 2 2 8 8
left_child=5 2 6 4 -4 -1 -2 8 10 -10 -3 -9 -13 -14
right_child=1 7 3 -5 -6 -7 -8 11 9 -11 -12 12 13 -15
leaf_value=2.7439094698638037e-05 0.00038964727957623653 0.00075144973217420869 -0.00059106266095390473 0.00035311077365512538 0.00015745377971775168 -0.00067332377691413316 -0.0026683126995876126 0.00024855005053256055 0.00066215902601936358 -0.00084721851525688572 -0.0017969523535805386 0.0014704821498695022 -0.0033802037495573459 -0.00021054511194768812
leaf_weight=40922 162 81 2278 992 653 565 560 4410 208 205 214 228 59 2187
leaf_count=40922 162 81 2278 992 653 565 560 4410 208 205 214 228 59 2187
internal_value=1.30283e-06 -0.000591815 -0.00215558 -0.00141675 -0.00253917 0.000176299 -0.00616231 0.000368082 -0.00363254 0.00041866 -0.00921667 0.000782407 -0.00101654 -0.00177255
internal_weight=53724 12237 4645 3923 2931 41487 722 7592 708 413 295 6884 2474 2246
internal_count=53724 12237 4645 3923 2931 41487 722 7592 708 413 295 6884 2474 2246
cat_boundaries=0 1
cat_threshold=33838
is_linear=0
shrinkage=0.035


Tree=252
num_leaves=15
num_cat=1
split_feature=21 3 25 32 22 23 3 30 19 23 22 16 7 22
split_gain=4.72576 11.6503 21.0966 16.4283 14.5522 14.4426 13.4361 12.9988 11.8439 10.2951 10.2143 11.614 11.6041 8.77741
threshold=2530.7846153846162 28.550000000000004 2.5000000000000004 0 0.92338654166271406 0.70790020239852625 10.100000000000001 0.88117331841669433 85.537500000000009 0.89932235726655574 1.6741816458481436 96.072888995803538 1226.6937500000001 0.88944039368958083
decision_type=2 8 2 1 8 8 10 2 8 10 8 10 2 10
left_child=-1 2 6 -4 7 8 -2 -3 -6 -9 11 -7 -13 -5
right_child=1 4 3 13 5 10 -8 9 -10 -11 -12 12 -14 -15
leaf_value=-1.9267101450523574e-05 -0.001565263982529951 0.00049320521677296788 0.0019188928070279384 -0.00043626864679089663 -5.427399148632162e-05 -0.00012673131881997147 0.0006900653526871898 -0.00071358644704679823 -0.0045361047425426715 0.0015715688188900061 -0.0027766984985106817 0.0025949149391483062 -0.00108744121327297 0.00064550985723762675
leaf_weight=45981 221 1239 452 182 71 3977 235 326 58 52 105 167 68 590
leaf_count=45981 221 1239 452 182 71 3977 235 326 58 52 105 167 68 590
internal_value=-9.11984e-06 0.000790527 0.00336499 0.00575264 7.49835e-05 -0.000959335 -0.00303688 0.00291307 -0.0122761 -0.00274151 -0.000607358 -0.00033199 0.00714583 0.00249047
internal_weight=53724 7743 1680 1224 6063 4446 456 1617 129 378 4317 4212 235 772
internal_count=53724 7743 1680 1224 6063 4446 456 1617 129 378 4317 4212 235 772
cat_boundaries=0 1
cat_threshold=37505
is_linear=0
shrinkage=0.035


Tree=253
num_leaves=15
num_cat=1
split_feature=24 32 5 16 17 19 21 4 1 17 4 3 11 21
split_gain=4.75717 17.4101 16.7844 17.9382 15.3699 13.2531 12.9424 10.432 17.4438 10.8017 9.74867 8.92227 16.9586 8.78827
threshold=5.5000000000000009 0 380.50000000000006 19.126007573605225 80.653742432114271 704.25000000000011 955.8630952380953 17.050000000000004 23.950000000000003 4.1468681132284724 268.25000000000006 12.050000000000002 16.503846153846158 2036.0990338164254
decision_type=2 1 10 8 10 10 2 8 10 8 8 8 8 2
left_child=-1 6 3 7 -4 -6 10 8 -3 -9 -2 13 -13 -8
right_child=1 2 4 -5 5 -7 11 9 -10 -11 -12 12 -14 -15
leaf_value=1.0676621546454325e-05 -0.0012009338322963748 -0.00068288098106360641 0.0013282838516060721 -0.0021793017534420638 -0.0019933932108579517 0.0006479570861728024 0.0006002965607223538 0.00057249164008662211 -0.0099757101007986078 -0.00056337930576917726 0.00040820457212109752 -0.0022970226450377998 0.00034552692540266495 0.004108372189045066
leaf_weight=49358 179 342 57 416 56 86 112 314 51 945 66 94 1561 87
leaf_count=49358 179 342 57 416 56 86 112 314 51 945 66 94 1561 87
internal_value=-1.43312e-05 -0.00112102 -0.0032362 -0.00418717 0.00634804 0 0.0011755 -0.0025347 -0.00747487 -0.000969146 -0.0063 0.00218397 0.00132831 0.00909314
internal_weight=53724 4366 2267 2068 199 142 2099 1652 393 1259 245 1854 1655 199
internal_count=53724 4366 2267 2068 199 142 2099 1652 393 1259 245 1854 1655 199
cat_boundaries=0 1
cat_threshold=18896
is_linear=0
shrinkage=0.035


Tree=254
num_leaves=15
num_cat=3
split_feature=30 23 32 9 20 22 20 32 9 23 23 23 6 32
split_gain=4.57827 7.24182 8.11093 7.98251 7.88127 8.27845 7.84383 7.31238 10.5824 10.2248 8.71021 7.02707 6.76851 6.57993
threshold=-0.99273797715557011 1.4092831972646713 0 2032.5000000000002 2445.3571428571436 0.80695080211776382 1422.6785714285718 1 1397.5000000000002 0.83710801806166935 0.75387963171674799 1.0335104840763021 28.550000000000004 2
decision_type=2 10 1 10 10 10 10 1 8 10 8 10 10 1
left_child=1 2 4 6 5 -1 7 8 9 -4 -9 -5 -11 -8
right_child=-2 -3 3 11 -6 -7 13 10 -10 12 -12 -13 -14 -15
leaf_value=-0.00040093452542871392 7.2432155082168001e-06 -0.0032539332258333235 -0.0013495330419631447 0.0003173677318101087 -0.00078924924524206473 0.00073625260529194554 -0.00011481892463957339 0.00036461771988802741 0.0020980465594309708 0.0018691812002415713 -0.0012454937010945594 -0.0010548120026483633 -0.00029241415297214803 -0.0016645574416741973
leaf_weight=137 51464 85 67 399 96 427 127 69 75 82 205 127 121 243
leaf_count=137 51464 85 67 399 96 427 127 69 75 82 205 127 121 243
internal_value=-5.21134e-06 -0.00154525 -0.00113991 -0.00253922 0.00207407 0.00369069 -0.00440141 -0.00196314 0.00145833 -0.00178182 -0.00605536 0.000922787 0.0021875 -0.0084
internal_weight=53724 2260 2175 1515 660 564 989 619 345 270 274 526 203 370
internal_count=53724 2260 2175 1515 660 564 989 619 345 270 274 526 203 370
cat_boundaries=0 1 2 3
cat_threshold=6179 57668 49172
is_linear=0
shrinkage=0.035


Tree=255
num_leaves=15
num_cat=1
split_feature=30 16 23 32 6 28 8 15 5 24 22 1 8 16
split_gain=4.35849 7.07824 6.26667 7.94071 9.72707 8.54979 7.86954 5.45704 7.7521 5.44135 5.1289 4.71555 5.31573 5.249
threshold=-0.99273797715557011 0.83666002653407601 1.3249864477405284 0 500.50000000000006 -0.22252093395631442 5.8749613062636152 260.25000000000006 200.75000000000003 2.5000000000000004 0.85877962042889722 60.250000000000007 29.78939546494966 48.454806574351267
decision_type=2 10 8 1 10 2 2 2 8 2 10 10 2 10
left_child=1 -1 3 5 7 10 -4 8 -5 -6 -3 -8 -13 -14
right_child=-2 2 6 4 9 -7 11 -9 -10 -11 -12 12 13 -15
leaf_value=0.00071908188541593262 6.989702965428391e-06 -0.0013569323848548697 0.00017850955070339294 -0.00072993859179944394 0.0007461990669210952 0.00079109899044868212 -0.0022667822068338514 -0.00085415172727628449 0.00035088579854407998 -2.615621001971047e-05 0.00041229351266154792 0.00055449610690740114 -0.002761968723388031 -0.00053862043184035294
leaf_weight=164 51464 80 121 795 54 265 149 118 71 63 191 63 56 70
leaf_count=164 51464 80 121 795 54 265 149 118 71 63 191 63 56 70
internal_value=-1.17255e-05 -0.00151435 -0.00206568 -0.00104446 -0.00272849 0.00241379 -0.00565733 -0.00389282 -0.00289323 0.00659836 -0.00190217 -0.00836735 -0.00451031 -0.00854962
internal_weight=53724 2260 2096 1637 1101 536 459 984 866 117 271 338 189 126
internal_count=53724 2260 2096 1637 1101 536 459 984 866 117 271 338 189 126
cat_boundaries=0 1
cat_threshold=6435
is_linear=0
shrinkage=0.035


Tree=256
num_leaves=15
num_cat=2
split_feature=15 6 0 22 22 4 27 30 1 32 16 2 0 32
split_gain=4.41839 9.40268 9.60114 14.9988 7.69359 8.27569 8.43165 8.89937 6.42178 14.8577 14.6458 20.5625 11.8621 11.4691
threshold=1100.5000000000002 1005.0000000000001 491.00000000000006 0.77030831769964714 0.75528907651656929 2215.0000000000005 -0.8783796973249266 0.011826144619637555 601.00000000000011 0 167.67230842796855 400.50000000000006 651.00000000000011 1
decision_type=2 8 10 10 10 10 2 2 10 1 10 8 10 1
left_child=8 -2 3 -3 -4 6 -6 -8 10 -10 -1 -12 -11 -13
right_child=1 2 4 -5 5 -7 7 -9 9 12 11 13 -14 -15
leaf_value=1.9549885471092935e-06 -0.0012639299369961517 -0.0014142569211044794 0.00036902300551495937 0.00091954747679124662 -0.0017221564741771191 -0.0016496319429743086 -0.00094728717216148851 0.0011873958961062673 0.0012217336284331649 0.00056728588149608462 -0.0037413881346494478 -0.0019111523493160433 -0.00026417070109078237 0.00073257638304807424
leaf_weight=50624 208 69 144 63 54 111 83 140 534 436 147 132 817 162
leaf_count=50624 208 69 144 63 54 111 83 140 534 436 147 132 817 162
internal_value=-1.04227e-05 -0.00247434 -0.000418535 -0.00868613 0.0016946 -0.000890585 0.00235816 0.00537281 3.04595e-05 0.00208984 -4.18054e-05 -0.0063565 -2.76025e-05 -0.000936455
internal_weight=53724 872 664 132 532 388 277 223 52852 1787 51065 441 1253 294
internal_count=53724 872 664 132 532 388 277 223 52852 1787 51065 441 1253 294
cat_boundaries=0 1 2
cat_threshold=10764 33042
is_linear=0
shrinkage=0.035


Tree=257
num_leaves=15
num_cat=2
split_feature=13 0 8 23 22 29 20 0 5 33 30 9 26 32
split_gain=4.32752 13.5187 6.80489 5.78697 9.63045 5.50201 5.11404 5.07883 4.86306 4.66471 14.695 12.2223 11.9163 13.6267
threshold=1.2250000000000003 1.2500000000000002 0.56784925558152199 0.13344941042644634 0.77527575969891271 0.54219432480460406 3351.5000000000005 1.0500000000000003 29.100000000000005 0 0.53312596302726967 1117.5000000000002 154.50000000000003 1
decision_type=8 8 2 8 10 2 10 10 8 1 2 8 2 1
left_child=2 5 7 4 -3 -2 9 -1 -8 10 12 -11 -5 -14
right_child=1 3 -4 6 -6 -7 8 -9 -10 11 -12 -13 13 -15
leaf_value=0.0016645558644197934 0.0031445174562735848 -0.00061804802407478649 -0.00084634024499568726 -0.0002293811036978011 0.0059181011163409814 0.00026651085419274081 0.00016567104641317278 -0.00090329995365778359 0.0020692193933186643 -0.0015056761632162364 0.00027708140681985351 -2.2491961661125771e-05 0.00032267872124332523 -0.000172227543827298
leaf_weight=51 88 79 76 3984 62 50 96 77 54 506 3877 38770 2984 2970
leaf_count=51 88 79 76 3984 62 50 96 77 54 506 3877 38770 2984 2970
internal_value=2.60567e-06 2.22326e-05 -0.00502392 -6.5559e-06 0.00695205 0.0107692 -2.56357e-05 0 0.00632258 -4.41653e-05 0.000508677 -0.000238732 -0.000204164 0.000787045
internal_weight=53724 53520 204 53382 141 138 53241 128 150 53091 13815 39276 9938 5954
internal_count=53724 53520 204 53382 141 138 53241 128 150 53091 13815 39276 9938 5954
cat_boundaries=0 1 2
cat_threshold=2 19683
is_linear=0
shrinkage=0.035


Tree=258
num_leaves=15
num_cat=1
split_feature=13 0 8 20 0 23 22 29 5 23 30 21 32 4
split_gain=4.32079 12.3247 6.80489 5.08753 5.07883 5.04968 8.54683 4.94136 4.86306 4.51749 5.57916 4.88398 4.59139 22.1209
threshold=1.2250000000000003 1.2500000000000002 0.56784925558152199 3351.5000000000005 1.0500000000000003 0.13344941042644634 0.77527575969891271 0.54219432480460406 29.100000000000005 3.2477849613045007 0.11478523713130605 2021.2771739130437 0 321.00000000000006
decision_type=8 8 2 10 10 8 10 2 8 10 2 2 1 10
left_child=2 7 4 5 -1 6 -3 -2 -5 12 11 -11 13 -7
right_child=1 3 -4 8 -6 9 -8 -9 -10 10 -12 -13 -14 -15
leaf_value=0.0016062964091650995 0.0030344593453040113 -0.00059641634323216914 -0.00081671833642083999 0.0001598725597887152 -0.00087168445527976101 -2.9274207277348586e-05 0.0057109675772690485 0.00025718297429599388 0.0019967967145525112 0.011656942463539906 -0.0066597799962272138 0.02357310990579424 2.3725997731462448e-05 -0.00059979664409066187
leaf_weight=51 88 79 76 96 77 21912 62 50 54 55 54 63 30107 900
leaf_count=51 88 79 76 96 77 21912 62 50 54 55 54 63 30107 900
internal_value=-1.30283e-06 1.83092e-05 -0.00502392 -9.17826e-06 0 -2.76124e-05 0.0064726 0.0102797 0.00632258 -4.54837e-05 0.00553672 0.0096748 -6.41486e-05 -0.000438516
internal_weight=53724 53520 204 53382 128 53232 141 138 150 53091 172 118 52919 22812
internal_count=53724 53520 204 53382 128 53232 141 138 150 53091 172 118 52919 22812
cat_boundaries=0 1
cat_threshold=49763
is_linear=0
shrinkage=0.035


Tree=259
num_leaves=15
num_cat=0
split_feature=13 0 2 1 16 22 0 10 0 1 2 1 0 5
split_gain=4.9067 11.1858 6.71781 4.45871 24.3503 12.3373 12.7402 9.85398 16.9211 16.8843 17.5196 14.5815 12.6738 13.6758
threshold=1.2250000000000003 1.2500000000000002 1.0500000000000003 9.0500000000000025 1.75119007154183 0.74320339105861899 8.5500000000000025 14.841666666666669 6.5500000000000007 15.050000000000002 8.5500000000000025 17.550000000000004 15.950000000000001 24.650000000000002
decision_type=8 8 10 8 8 10 10 10 8 10 10 8 10 10
left_child=2 -2 -1 4 -3 6 -6 9 -9 -5 -11 12 -10 -14
right_child=1 3 -4 7 5 -7 -8 8 11 10 -12 -13 13 -15
leaf_value=-0.00074924713004231348 0.0021073685629737662 4.2432662290377017e-05 0.00021078477990695788 0.0002054345526868326 -0.0027616723293723529 -0.0011975491736056496 0.00033449090050576507 0.0057144800917996088 -0.001277254189499234 -0.0007209773135189013 0.0036866823212135854 2.5634286336498338e-06 -0.00098394101545281449 0.0014524252806101647
leaf_weight=124 138 4251 80 3876 133 804 53 56 690 85 208 42482 503 241
leaf_count=124 138 4251 80 3876 133 804 53 56 690 85 208 42482 503 241
internal_value=-6.51417e-06 1.43858e-05 -0.00535885 -1.18006e-05 -0.000980747 -0.00590955 -0.0139267 9.37773e-05 -6.04862e-05 0.00171897 0.00974832 -8.60636e-05 -0.00355108 -0.000373832
internal_weight=53724 53520 204 53382 5241 990 186 48141 43972 4169 293 43916 1434 744
internal_count=53724 53520 204 53382 5241 990 186 48141 43972 4169 293 43916 1434 744
is_linear=0
shrinkage=0.035


Tree=260
num_leaves=15
num_cat=2
split_feature=22 0 23 32 26 6 19 32 16 7 22 0 3 9
split_gain=4.38947 74.6477 20.0091 17.8581 16.2557 15.6714 12.959 12.1135 11.7832 10.9146 9.86425 39.1669 10.2537 9.55516
threshold=0.5299172649572651 1.0500000000000003 0.51811528013180297 0 195.50000000000003 41.250000000000007 100.01250000000002 1 1.5735915849388828 130.14583333333334 0.64433746342902809 8.5500000000000025 25.100000000000005 852.50000000000011
decision_type=8 10 8 1 2 8 8 1 10 2 8 10 10 10
left_child=1 -1 3 4 -2 8 -7 -8 -3 -9 11 12 -4 -13
right_child=2 5 10 -5 -6 6 7 9 -10 -11 -12 13 -14 -15
leaf_value=-0.0035816234894685394 -0.00033310375279657417 0.00046371555023834226 -6.1002691865177653e-05 -0.0011589864219782675 0.0031902093030262697 0.0010364816556132643 2.9035816321206292e-05 -0.00022245411439135196 -0.0010569245468687487 0.00094333899892130825 -1.0242352582801041e-06 0.0017544483048670136 -0.0025936353710969313 0.00089816510430157988
leaf_weight=202 355 111 180 960 127 207 344 61 104 249 49991 75 147 611
leaf_count=202 355 111 180 960 127 207 344 61 104 249 49991 75 147 611
internal_value=-3.9085e-06 0.00201871 -5.33832e-05 -0.00411196 0.00140845 0.00569843 0.00780023 0.00531108 -0.00270455 0.0101231 6.17538e-05 0.0034725 -0.00643072 0.0082055
internal_weight=53724 1278 52446 1442 482 1076 861 654 215 310 51004 1013 327 686
internal_count=53724 1278 52446 1442 482 1076 861 654 215 310 51004 1013 327 686
cat_boundaries=0 1 2
cat_threshold=9477 38468
is_linear=0
shrinkage=0.035


Tree=261
num_leaves=15
num_cat=2
split_feature=24 32 9 22 32 29 3 0 22 23 0 29 20 6
split_gain=4.65046 19.236 16.2748 21.0522 14.3542 10.9969 11.6078 10.3117 10.1276 11.8107 10.2524 12.2949 11.0865 16.3979
threshold=1.0000000180025095e-35 0 942.50000000000011 0.60587144423659944 1 -0.95754239937548935 5.5500000000000007 971.00000000000011 1.1006631528702135 1.3249864477405284 39.850000000000009 -0.85227431625818906 2923.6666666666674 33.100000000000009
decision_type=2 1 10 8 1 2 10 10 10 10 10 2 10 10
left_child=1 2 3 -1 -4 -5 -7 8 10 -10 12 -12 13 -3
right_child=-2 7 4 5 -6 6 -8 -9 9 -11 11 -13 -14 -15
leaf_value=-0.0023329101113139603 -1.8258243913213402e-05 -0.00024199825582038706 0.0031028946545161593 0.0024438607374110645 0.00066481080808959594 0.0020681110695683815 2.5934963531873137e-05 -0.0024154823676733063 0.00078571657668686015 -0.00072547478378090122 -0.0016564944095544794 0.00032945322448834388 0.00055805074393559307 -0.00099314974328451057
leaf_weight=99 45486 1370 209 194 1052 214 2240 54 831 252 148 798 165 612
leaf_count=99 45486 1370 209 194 1052 214 2240 54 831 252 148 798 165 612
internal_value=-9.11984e-06 0.000755793 0.00248819 0.000979288 0.00577804 0.00158311 0.000939406 -0.000890459 -0.000686439 0.00221967 -0.00170594 0.00132492 -0.00304136 -0.0037695
internal_weight=53724 8238 4008 2747 1261 2648 2454 4230 4176 1083 3093 946 2147 1982
internal_count=53724 8238 4008 2747 1261 2648 2454 4230 4176 1083 3093 946 2147 1982
cat_boundaries=0 1 2
cat_threshold=22062 1024
is_linear=0
shrinkage=0.035


Tree=262
num_leaves=15
num_cat=2
split_feature=30 21 33 8 5 0 0 30 32 23 30 6 14 0
split_gain=4.26596 10.5258 11.3209 18.7409 13.828 11.4916 10.5769 9.71812 12.7774 8.06216 8.26074 6.33095 8.22641 7.75314
threshold=0.97461712852231652 831.83110367892994 0 31.995100474064078 380.50000000000006 45.050000000000004 671.50000000000011 0.94636490295939868 1 1.2548181698727643 0.95936279103287792 330.50000000000006 135.15000000000003 115.10000000000001
decision_type=2 2 1 2 10 10 8 2 1 8 2 10 10 10
left_child=7 -2 3 5 -5 -3 -6 -1 9 10 -9 12 -4 -14
right_child=1 2 11 4 6 -7 -8 8 -10 -11 -12 -13 13 -15
leaf_value=-2.7751441548479196e-06 -0.0043105421774831424 0.0035668485397000733 -0.00040360608825433357 -0.0019578965493716534 0.00093103651220687543 0.00050217734660046309 -9.6378375679524467e-05 0.00061900849271459286 0.00085534516591113333 -0.0012663384272660939 -0.0006094131473856363 0.00017633499193169035 -0.0034182037982429287 -0.00045043060581920538
leaf_weight=49292 63 82 1595 183 51 299 75 180 1014 120 194 337 54 185
leaf_count=49292 63 82 1595 183 51 299 75 180 1014 120 194 337 54 185
internal_value=-1.5634e-05 -0.00131444 -0.000989184 0.00287943 -0.00345541 0.00806995 0.00534351 5.92461e-05 0.00282221 -0.00178782 0.000738786 -0.00222553 -0.00304513 -0.00903689
internal_weight=53724 2924 2861 690 309 381 126 50800 1508 494 374 2171 1834 239
internal_count=53724 2924 2861 690 309 381 126 50800 1508 494 374 2171 1834 239
cat_boundaries=0 1 2
cat_threshold=2 19468
is_linear=0
shrinkage=0.035


Tree=263
num_leaves=15
num_cat=2
split_feature=30 6 30 32 30 30 6 8 24 29 8 30 6 32
split_gain=4.37561 10.193 8.92895 9.01705 14.1623 13.6135 11.3605 15.931 9.34388 8.85473 11.5839 7.97717 9.47501 9.64032
threshold=0.99932962452255414 82.100000000000009 0.97461712852231652 0 0.99249573635719013 0.99138911339924218 230.50000000000003 10.084657953210305 4.5000000000000009 -0.14250824554987665 4.763478201738585 0.92843842216862604 220.30000000000004 1
decision_type=2 10 2 1 2 2 10 2 2 2 2 2 8 1
left_child=2 -2 11 5 8 6 7 -4 9 10 -5 -1 -13 -14
right_child=1 -3 3 4 -6 -7 -8 -9 -10 -11 -12 12 13 -15
leaf_value=-4.6840830799377289e-06 -0.00050256503576635695 0.0010553796665606842 -0.00034379098496241438 0.0020997365727529927 -0.00040993792416934964 -0.00011366281256753764 0.00017016326721408073 -0.0031226179776380008 -0.00078519969724906273 0.0011212914135961816 -0.00059746837128924488 0.00057474221626958931 0.00069716727170174222 -0.00045495963269127058
leaf_weight=48463 227 179 154 58 647 549 113 281 129 410 177 1489 272 576
leaf_count=48463 227 179 154 58 647 549 113 281 129 410 177 1489 272 576
internal_value=-2.08454e-05 0.00357664 -4.85719e-05 -0.00208086 -0.000219359 -0.00443795 -0.00835443 -0.0108977 0.00296534 0.00468462 -0.000729167 5.23571e-05 0.0020474 -0.000902696
internal_weight=53724 406 53318 2518 1421 1097 548 435 774 645 235 50800 2337 848
internal_count=53724 406 53318 2518 1421 1097 548 435 774 645 235 50800 2337 848
cat_boundaries=0 1 2
cat_threshold=22401 4664
is_linear=0
shrinkage=0.035


Tree=264
num_leaves=15
num_cat=1
split_feature=8 1 9 22 32 3 1 3 22 15 17 1 30 13
split_gain=4.13533 17.3403 23.1813 19.3249 20.7354 15.2139 22.1122 12.1495 11.473 12.1312 10.3896 16.9024 13.7189 11.76
threshold=87.407836391970633 461.50000000000006 667.50000000000011 0.63349840371956823 0 370.50000000000006 288.35000000000008 495.40000000000003 0.98843570090211064 349.75000000000006 55.740028249315024 87.050000000000011 -0.39827153806311183 524.50000000000011
decision_type=2 8 10 10 1 10 10 10 10 2 10 8 2 10
left_child=10 2 5 -4 8 6 -2 -6 -5 -10 13 -12 -13 -1
right_child=1 -3 3 4 7 -7 -8 -9 9 -11 11 12 -14 -15
leaf_value=2.6752177339239847e-06 -0.0017785469665550497 5.0395444486680963e-05 0.0003298152931580244 0.00059268925167955738 -0.00062021267036932958 -0.0037852500623460276 0.0027739338626161913 -0.0026616300365062493 0.00030893483482167334 -0.0027192657742868987 -0.002036866547379505 -2.0064714170972001e-05 0.0011531047123410566 -0.00068086301742277511
leaf_weight=45259 235 4108 498 330 820 157 94 120 102 67 164 659 993 118
leaf_count=45259 235 4108 498 330 820 157 94 120 102 67 164 659 993 118
internal_value=-1.5634e-05 -0.000840728 -0.00318575 -0.00145984 -0.00351454 -0.00997963 -0.00555389 -0.00652356 0.00224708 -0.00502874 9.86271e-05 0.00269083 0.00375981 -5.39862e-06
internal_weight=53724 6531 2423 1937 1439 486 329 940 499 169 47193 1816 1652 45377
internal_count=53724 6531 2423 1937 1439 486 329 940 499 169 47193 1816 1652 45377
cat_boundaries=0 1
cat_threshold=1172
is_linear=0
shrinkage=0.035


Tree=265
num_leaves=15
num_cat=3
split_feature=24 32 9 22 32 17 22 23 22 0 6 23 32 30
split_gain=4.24659 18.7249 16.9728 15.9346 13.709 12.0434 11.273 13.7192 10.4363 37.4697 16.2376 13.3373 18.1892 14.0562
threshold=1.0000000180025095e-35 0 702.50000000000011 0.65532947738070646 1 242.07445245238239 1.1006631528702135 1.4319226650830374 0.55273152394362557 3.9500000000000006 75.15000000000002 0.53097034152342515 2 0.97062204580664158
decision_type=2 1 10 10 1 8 10 10 8 10 10 8 1 2
left_child=1 2 3 -1 -4 6 -3 -8 9 10 -2 12 13 -10
right_child=8 5 4 -5 -6 -7 7 -9 11 -11 -12 -13 -14 -15
leaf_value=-0.0019802789939652645 -0.00047346791900725884 -0.00018126157332130633 0.0030044137040186759 0.0002510891314778313 0.00062887501368239515 -0.0022829019712795008 0.00078574068861436371 -0.001114972177946514 0.0004782952844690843 0.00039045966818103129 -0.0049767321690444895 -1.5265864375661467e-05 -0.0015196034473465626 -0.0032027866714776417
leaf_weight=99 120 3594 240 1981 913 89 1121 201 608 1095 66 42898 634 65
leaf_count=99 120 3594 240 1981 913 89 1121 201 608 1095 66 42898 634 65
internal_value=-9.11984e-06 0.000721825 0.00279095 0.000906475 0.00619603 -0.000620518 -0.000384068 0.00237378 -0.000141566 0.00296656 -0.0113613 -0.000231961 -0.00370808 0.000356105
internal_weight=53724 8238 3233 2080 1153 5005 4916 1322 45486 1281 186 44205 1307 673
internal_count=53724 8238 3233 2080 1153 5005 4916 1322 45486 1281 186 44205 1307 673
cat_boundaries=0 1 2 3
cat_threshold=21542 1024 41749
is_linear=0
shrinkage=0.035


Tree=266
num_leaves=15
num_cat=2
split_feature=24 32 24 19 7 5 32 17 26 29 9 22 22 23
split_gain=4.15864 13.4346 13.3173 17.6629 20.2371 14.5137 12.4331 15.0048 11.6698 11.5937 10.8368 18.7763 13.9854 13.8612
threshold=2.5000000000000004 0 5.5000000000000009 84.550000000000011 149.17592592592595 380.50000000000006 1 314.99039336489574 10.500000000000002 0.10837544681456425 2947.5000000000005 0.59027795823797924 0.66501501823972131 0.43440634645061732
decision_type=2 1 2 10 2 8 1 8 2 2 8 8 10 10
left_child=6 2 -2 -4 -5 -6 10 -8 9 -3 12 -12 13 -1
right_child=1 8 3 4 5 -7 7 -9 -10 -11 11 -13 -14 -15
leaf_value=-3.0409631639748138e-05 -0.00027633999849802863 -0.00019381243564424501 -0.0092583358572631454 0.0010397897706879262 -0.0065641096158859926 7.9716353818515285e-06 -4.2324655439639483e-05 -0.0021046784910140307 1.4800418071219679e-05 -0.0020337360917620788 -0.0033553924672177489 2.6800410090399577e-07 0.0002230568920654902 0.0015407442582329124
leaf_weight=166 3266 265 83 51 63 71 12527 133 24843 220 114 3655 7970 297
leaf_count=166 3266 265 83 51 63 71 12527 133 24843 220 114 3655 7970 297
internal_value=-5.21134e-06 -0.00029099 -0.00230769 -0.00974359 -0.0035 -0.0105755 0.000326537 -0.000441815 -8.28631e-06 -0.00535714 0.00112303 -0.000435877 0.00182093 0.00770299
internal_weight=53724 28862 3534 268 185 134 24862 12660 25328 485 12202 3769 8433 463
internal_count=53724 28862 3534 268 185 134 24862 12660 25328 485 12202 3769 8433 463
cat_boundaries=0 1 2
cat_threshold=1026 5550
is_linear=0
shrinkage=0.035


Tree=267
num_leaves=15
num_cat=2
split_feature=30 16 23 8 32 6 28 16 4 22 22 23 23 32
split_gain=4.38119 7.07824 5.75054 7.56287 6.44733 9.89522 7.10391 5.17341 6.65306 5.1289 4.80787 58.9648 20.026 27.0261
threshold=-0.99273797715557011 0.83666002653407601 1.3249864477405284 5.8749613062636152 0 492.25000000000006 -0.22252093395631442 10.839741694339406 30.100000000000005 0.85877962042889722 0.66501501823972131 0.35761826530182406 0.61162371633080947 1
decision_type=2 10 8 2 1 10 2 10 10 10 8 10 8 1
left_child=1 -1 4 -4 6 -6 9 8 -8 -3 11 -2 13 -12
right_child=10 2 3 -5 5 -7 7 -9 -10 -11 12 -13 -14 -15
leaf_value=0.00072705295713767831 -0.0008257019670210614 -0.0013078549659368899 0.00018763253245307921 -0.0011256203143182328 -0.00057083263340204865 0.00050839157459377313 0.00014718026354410552 0.00015060076298239913 0.0014607608949383554 0.00039852052157880681 0.00032364233671225044 0.00055052889775802536 1.4763853197856115e-05 -0.0013420254066500372
leaf_weight=164 969 80 121 338 977 124 55 118 92 191 767 1998 46634 1096
leaf_count=164 969 80 121 338 977 124 55 118 92 191 767 1998 46634 1096
internal_value=-7.81701e-06 -0.00151435 -0.00206568 -0.00550647 -0.00108709 -0.00260305 0.00203267 0.00609259 0.0103618 -0.00190217 5.84818e-05 0.00142497 -2.52567e-05 -0.00357869
internal_weight=53724 2260 2096 459 1637 1101 536 265 147 271 51464 2967 48497 1863
internal_count=53724 2260 2096 459 1637 1101 536 265 147 271 51464 2967 48497 1863
cat_boundaries=0 1 2
cat_threshold=6435 34085
is_linear=0
shrinkage=0.035


Tree=268
num_leaves=15
num_cat=0
split_feature=13 0 8 17 29 0 1 20 0 6 29 27 1 10
split_gain=4.30735 11.1948 6.80489 5.25917 14.8933 8.18279 9.40016 10.5046 8.01832 7.78142 7.69441 7.64158 7.45786 16.5253
threshold=1.2250000000000003 1.2500000000000002 0.56784925558152199 0.4737238987532954 -0.96689237009891416 4.0500000000000007 3.0500000000000003 2166.8333333333335 2.0500000000000003 4.0500000000000007 -0.96235977360714686 0.6078576107927941 9.0500000000000025 9.2071428571428591
decision_type=8 8 2 8 2 8 8 8 10 8 2 2 8 8
left_child=2 -2 -1 4 -3 6 8 10 9 -5 -8 -6 13 -7
right_child=1 3 -4 5 11 12 7 -9 -10 -11 -12 -13 -14 -15
leaf_value=-1.034541691892238e-05 0.0020214874868130016 0.0018320940880275107 -0.00076487153956422867 0.0025171017588572005 -0.00017497564678828904 -0.00010205763345520148 -0.0020738189777984059 0.0018522307274451502 -0.0014991047223319343 -0.00095929072517702239 0.00084413152318945088 -0.0013057923102451964 8.7679861580425292e-06 -0.0016295820405740498
leaf_weight=128 138 73 76 115 388 3075 67 395 295 50 433 175 47749 567
leaf_count=128 138 73 76 115 388 3075 67 395 295 50 433 175 47749 567
internal_value=-9.11984e-06 1.04624e-05 -0.00502392 -1.57342e-05 -0.00316693 2.25588e-05 0.00270221 0.00478333 -0.00135484 0.00473529 0.00138614 -0.00511444 -4.83501e-05 -0.0015739
internal_weight=53724 53520 204 53382 636 52746 1355 895 460 165 500 563 51391 3642
internal_count=53724 53520 204 53382 636 52746 1355 895 460 165 500 563 51391 3642
is_linear=0
shrinkage=0.035


Tree=269
num_leaves=15
num_cat=1
split_feature=0 15 9 21 23 28 16 1 20 32 27 24 9 1
split_gain=4.71529 12.7795 9.0178 11.7505 11.1283 9.00507 8.91406 7.93835 10.2312 7.20872 7.24081 6.9873 7.8171 6.31012
threshold=4.0500000000000007 13.550000000000002 2781.2500000000005 2384.5993589743598 0.98713361680627199 -0.56174490092936669 2.2676555927951374 4.9500000000000011 2420.3571428571436 0 1.0000000180025095e-35 1.5000000000000002 2427.5000000000005 3.0500000000000003
decision_type=8 2 10 2 10 2 10 8 10 1 2 2 10 8
left_child=1 2 3 6 11 -4 13 8 9 10 -2 -5 -13 -1
right_child=7 -3 5 4 -6 -7 -8 -9 -10 -11 -12 12 -14 -15
leaf_value=-0.00014859153826791817 0.0010977844636310212 0.004057138403679497 0.00092910321162575254 0.00030644159509614637 -0.00031895914911366619 -0.0019235825176993769 -0.0030899314289394848 -9.1385488975442863e-07 0.0012182716695510998 -0.001499671140888574 -0.0022227302698691557 0.00379719912481404 0.00074664918961356579 0.00067310886863688091
leaf_weight=731 246 51 57 58 122 96 91 50718 142 472 65 126 54 695
leaf_count=731 246 51 57 58 122 96 91 50718 142 472 65 126 54 695
internal_value=-3.9085e-06 0.00162752 0.00116953 0.00184113 0.00747945 -0.00686709 0.000482917 -6.97994e-05 -0.00327419 -0.00484137 -0.00053681 0.0118107 0.0151351 0.001174
internal_weight=53724 2081 2030 1877 360 153 1517 51643 925 783 311 238 180 1426
internal_count=53724 2081 2030 1877 360 153 1517 51643 925 783 311 238 180 1426
cat_boundaries=0 1
cat_threshold=33
is_linear=0
shrinkage=0.035


Tree=270
num_leaves=15
num_cat=2
split_feature=13 0 6 2 23 22 21 3 32 22 23 30 23 32
split_gain=5.52478 11.2008 6.25659 6.95898 5.03528 8.54683 4.67229 11.2671 19.2146 12.2852 13.4785 11.6081 10.2058 9.21472
threshold=1.2250000000000003 1.2500000000000002 1.0500000000000003 1.0500000000000003 0.13344941042644634 0.77527575969891271 2530.7846153846162 28.550000000000004 0 0.92338654166271406 0.60369854937397871 0.88117331841669433 0.89932235726655574 1
decision_type=8 8 10 10 8 10 2 8 1 8 8 2 10 1
left_child=2 -2 -1 -4 5 -3 -6 8 -8 11 -11 -9 -13 -12
right_child=1 4 3 -5 6 -7 7 9 -10 10 13 12 -14 -15
leaf_value=-0.0012282237501010152 0.0019237230067591811 -0.0003334868979663074 -0.00055144934195410227 0.0017899237074808485 -1.9567499590071316e-05 0.0053584865534432331 0.0012998709830326128 0.0004676478760994918 2.8424682575290131e-05 -0.0056901049925913473 -0.00040740904047422316 -0.00064431232495582534 0.0014732171937199125 0.00020843007111768732
leaf_weight=77 138 79 73 54 45602 62 628 1231 960 56 2696 323 52 1693
leaf_count=77 138 79 73 54 45602 62 628 1231 960 56 2696 323 52 1693
internal_value=-1.43312e-05 7.8468e-06 -0.00569378 -0.000795455 -1.83565e-05 0.0064726 -3.6153e-05 0.000764652 0.00338355 7.51321e-05 -0.000873034 0.00269398 -0.00267105 -0.000645198
internal_weight=53724 53520 204 127 53382 141 53241 7639 1588 6051 4445 1606 375 4389
internal_count=53724 53520 204 127 53382 141 53241 7639 1588 6051 4445 1606 375 4389
cat_boundaries=0 1 2
cat_threshold=53377 21473
is_linear=0
shrinkage=0.035


Tree=271
num_leaves=15
num_cat=4
split_feature=24 32 22 0 8 32 20 10 23 32 6 16 22 33
split_gain=4.26904 17.7776 17.2888 16.1164 12.1883 10.0312 9.77612 11.3557 9.74845 19.1478 9.41257 8.97137 8.94639 10.5329
threshold=1.0000000180025095e-35 0 0.89171240717367717 27.550000000000004 66.767393140783142 1 829.2261904761906 23.00714285714286 0.83710801806166935 2 47.050000000000004 1.0327955589886442 1.1594816142307185 3
decision_type=2 1 10 8 2 1 8 10 8 1 8 10 10 1
left_child=1 3 4 10 8 6 7 -2 -3 -10 11 -1 13 -4
right_child=5 2 12 -5 -6 -7 -8 -9 9 -11 -12 -13 -14 -15
leaf_value=1.8753405365442014e-05 0.0016619041213198739 0.0007935451709471759 0.00057974510074781471 -2.5025061593063893e-05 -0.0010923734082358013 -7.9986443395135837e-05 7.7423472397390947e-05 -0.00055226062370582424 0.00027870781747917799 -0.001374198688262968 0.001364146686146034 -0.0016058524001924986 0.0018728947422387867 -3.8430304104535854e-05
leaf_weight=113 59 318 1640 2120 321 25358 19074 995 587 216 55 391 1093 1384
leaf_count=113 59 318 1640 2120 321 25358 19074 995 587 216 55 391 1093 1384
internal_value=-1.95425e-05 0.000713333 0.00183979 -0.00162398 -0.00145128 -0.000152338 0.000430919 -0.0028423 0.000279751 -0.00177599 -0.0068883 -0.008389 0.00299733 0.00201056
internal_weight=53724 8238 5559 2679 1442 45486 20128 1054 1121 803 559 504 4117 3024
internal_count=53724 8238 5559 2679 1442 45486 20128 1054 1121 803 559 504 4117 3024
cat_boundaries=0 1 2 3 4
cat_threshold=8529 10712 21126 3
is_linear=0
shrinkage=0.035


Tree=272
num_leaves=15
num_cat=1
split_feature=3 16 23 24 15 1 3 32 29 29 22 10 1 3
split_gain=3.88164 20.5228 21.4982 15.446 15.3145 15.009 18.6551 11.6854 13.1601 9.33149 16.4171 10.5275 17.6322 11.4194
threshold=450.50000000000006 58.068608648363302 1.2745455064764435 5.5000000000000009 105.17500000000001 300.80000000000007 279.50000000000006 0 0.96687895796550427 -0.26037633224328088 1.5858780692660879 1358.6666666666667 702.50000000000011 651.00000000000011
decision_type=8 10 8 2 2 8 10 1 2 2 10 10 10 10
left_child=1 -1 4 5 -3 6 -4 8 -2 10 -9 12 -11 -14
right_child=7 2 3 -5 -6 -7 -8 9 -10 11 -12 -13 13 -15
leaf_value=-7.8429133975949086e-06 -1.4243392719899275e-05 -0.0043317369024243203 0.0041420790290327761 -0.0025881617708550667 0.00022315458430162584 0.0035207290020644335 -0.0038692733501945135 0.0001590176756285783 0.00099388584601218491 -0.00069108278335225544 -0.0033841160693286599 -0.0032002732652501578 0.0031817258050365247 0.00016917681623965564
leaf_weight=44610 3653 90 261 87 1030 547 67 972 330 1627 51 78 52 269
leaf_count=44610 3653 90 261 87 1030 547 67 972 330 1627 51 78 52 269
internal_value=-1.95425e-05 9.59376e-05 0.00348826 0.00731127 0.000186667 0.00871023 0.00273273 -0.000785846 0.000463982 -0.00241025 0.00030642 -0.00379124 -0.00326165 0.00418712
internal_weight=53724 46692 2082 962 1120 875 328 7032 3983 3049 1023 2026 1948 321
internal_count=53724 46692 2082 962 1120 875 328 7032 3983 3049 1023 2026 1948 321
cat_boundaries=0 1
cat_threshold=38061
is_linear=0
shrinkage=0.035


Tree=273
num_leaves=15
num_cat=2
split_feature=5 1 14 23 0 10 32 3 1 20 4 5 32 9
split_gain=4.11795 21.5636 30.4916 34.207 17.0407 28.8188 18.8884 16.8627 16.1683 16.2736 15.0568 13.6233 11.7054 11.0203
threshold=56.550000000000004 41.150000000000013 42.57500000000001 0.46950690079699353 50.050000000000004 39.016666666666673 0 33.100000000000009 65.100000000000009 1880.3571428571431 42.050000000000004 28.550000000000004 1 1952.5000000000002
decision_type=10 10 10 10 10 8 1 8 8 10 8 8 1 10
left_child=1 4 3 -3 5 -1 -7 -2 9 -9 -5 -6 -4 -11
right_child=7 2 12 10 11 6 -8 8 -10 13 -12 -13 -14 -15
leaf_value=-9.9212263402070905e-06 0.00093280010780038701 0.0060361986229689087 0.00042337792772877695 0.00037804986662143053 -0.0027244721504094639 8.106509400647361e-05 -0.0014612798770485148 -4.4852850517398958e-05 -1.457734722952353e-05 -0.001847509712544287 0.0027545213705315965 0.0013051079720189063 -0.00020815715058567719 -0.00057234258583992702
leaf_weight=21161 413 235 2726 676 132 486 869 1300 21659 363 191 619 1920 974
leaf_count=21161 413 235 2726 676 132 486 869 1300 21659 363 191 619 1920 974
internal_value=-2.3451e-05 0.000259304 0.00217799 0.00739837 -0.000215065 -0.000388526 -0.00532721 -0.000355467 -0.000475289 -0.00306018 0.00413417 0.0049537 0.000933133 -0.00576379
internal_weight=53724 29015 5748 1102 23267 22516 1355 24709 24296 2637 867 751 4646 1337
internal_count=53724 29015 5748 1102 23267 22516 1355 24709 24296 2637 867 751 4646 1337
cat_boundaries=0 1 2
cat_threshold=48408 6334
is_linear=0
shrinkage=0.035


Tree=274
num_leaves=15
num_cat=0
split_feature=0 13 23 16 17 8 9 1 8 1 28 29 9 11
split_gain=3.96791 15.3823 11.5159 18.1745 11.0932 12.8996 10.994 10.6945 14.1261 11.6492 15.3288 9.53831 9.19307 9.11579
threshold=5.0500000000000007 14.525000000000002 1.0009551146027549 1.2909944487339973 0.70192278800603503 1.012119402319436 1117.5000000000002 9.0500000000000025 2.4794239778815186 5.5500000000000007 1.0000000180025095e-35 0.97875492728876534 2781.2500000000005 9.6825757575757603
decision_type=8 8 10 10 10 2 8 8 2 10 2 2 10 10
left_child=1 2 3 12 6 -6 -2 8 -7 10 -10 -4 -1 -9
right_child=4 -3 11 -5 5 7 -8 13 9 -11 -12 -13 -14 -15
leaf_value=0.00084695555221410825 -0.0024965416540137148 0.0051710428705482687 -0.00070824643641859315 -0.0010041004520867716 0.00094635917115876167 -3.8603142481486444e-05 -0.00028414475438267922 0.001106927146887119 0.0021429491216050831 -0.001432503557506582 -0.0016870121672533985 0.0035497394136007037 -0.00061332428190130856 -6.9658328174471159e-06
leaf_weight=1451 51 51 842 458 430 1454 649 873 131 671 77 75 118 46393
leaf_count=1451 51 51 842 458 430 1454 649 873 131 671 77 75 118 46393
internal_value=-3.51765e-05 0.00120167 0.000854527 0.0023253 -0.00010831 -4.68681e-05 -0.00446809 -9.94879e-05 -0.00241018 -0.00589932 0.00131455 -0.00239154 0.00411372 1.48082e-05
internal_weight=53724 2995 2944 2027 50729 50029 700 49599 2333 879 208 917 1569 47266
internal_count=53724 2995 2944 2027 50729 50029 700 49599 2333 879 208 917 1569 47266
is_linear=0
shrinkage=0.035


Tree=275
num_leaves=15
num_cat=2
split_feature=3 16 0 24 32 16 3 4 1 32 23 24 23 30
split_gain=4.02693 18.3139 21.4434 19.5184 13.9178 12.444 16.3151 13.2827 12.8466 11.5777 11.4956 10.4641 9.8959 10.0238
threshold=450.50000000000006 58.068608648363302 149.75000000000003 5.5000000000000009 0 107.61483346155016 199.75000000000003 108.10000000000001 330.50000000000006 1 2.0739180411378979 1.5000000000000002 0.71339743460943417 -0.30982845708428081
decision_type=8 10 8 2 1 10 10 10 10 1 8 2 8 2
left_child=1 -1 4 5 -3 6 10 -7 12 -2 -4 -10 -8 -14
right_child=9 2 3 -5 -6 7 8 -9 11 -11 -12 -13 13 -15
leaf_value=-7.340540990151968e-06 -0.00041879149978128033 0.00056801752532698935 0.0018640961754590665 -0.0025104699154648883 -0.00260042002325686 -0.00088358930762912882 0.00086673563060493902 0.0029040999585846108 0.0032375453162361949 4.0327274925727748e-05 0.011890657539956851 0.0004598563067507289 -0.0021226479497217653 8.1182170700461751e-05
leaf_weight=44610 2948 128 154 148 150 68 97 439 87 4084 140 289 168 214
leaf_count=44610 2948 128 154 148 150 68 97 439 87 4084 140 289 168 214
internal_value=-3.51765e-05 8.24464e-05 0.00328701 0.00468214 -0.00568905 0.00577363 0.0037305 0.0103223 0.00126163 -0.000815689 0.0107692 0.00606299 -0.00253099 -0.0050646
internal_weight=53724 46692 2082 1804 278 1656 1149 507 855 7032 294 376 479 382
internal_count=53724 46692 2082 1804 278 1656 1149 507 855 7032 294 376 479 382
cat_boundaries=0 1 2
cat_threshold=40986 27410
is_linear=0
shrinkage=0.035


Tree=276
num_leaves=15
num_cat=2
split_feature=2 15 4 4 1 5 22 0 14 23 32 30 32 16
split_gain=3.86229 5.21944 11.1545 6.78872 5.20454 5.00428 4.98188 62.1684 20.868 17.5175 20.8993 18.5392 15.7748 12.5753
threshold=3525.0000000000005 2532.9000000000005 2215.0000000000005 2610.0000000000005 2412.5000000000005 2412.5000000000005 0.65532947738070646 8.5500000000000025 9.5250000000000021 0.61903782367930316 0 0.8852232634113919 1 17.224014243686479
decision_type=10 2 10 10 10 10 10 10 10 8 1 2 1 10
left_child=1 2 4 -4 5 6 7 8 -1 10 11 -8 -9 -12
right_child=-2 -3 3 -5 -6 -7 9 12 -10 -11 13 -13 -14 -15
leaf_value=-3.8454231902035621e-05 -0.0010074998028351324 0.00061527528917594727 -0.0019419890790350022 3.2579036241319198e-05 0.00098899608307222902 -0.00062395765003243908 0.00040836490612220335 0.00083923853920376222 -0.0021834581029105469 8.2423963247529876e-06 -0.00064945179667078479 -0.0022162632770373462 0.00022318294673424945 -0.0021773448249258784
leaf_weight=428 53 72 84 54 72 67 1019 841 472 48213 527 164 1225 433
leaf_count=428 53 72 84 54 72 67 1019 841 472 48213 527 164 1225 433
internal_value=-2.47539e-05 -1.49974e-05 -2.80763e-05 -0.00979021 -1.96386e-06 -1.50766e-05 -2.62531e-06 0.0013901 -0.00626519 -8.47878e-05 -0.00317737 -2.92154e-05 0.00473201 -0.0069641
internal_weight=53724 53671 53599 138 53461 53389 53322 2966 900 50356 2143 1183 2066 960
internal_count=53724 53671 53599 138 53461 53389 53322 2966 900 50356 2143 1183 2066 960
cat_boundaries=0 1 2
cat_threshold=34613 26894
is_linear=0
shrinkage=0.035


Tree=277
num_leaves=15
num_cat=4
split_feature=29 33 6 2 1 20 9 29 33 30 32 32 8 1
split_gain=3.9526 6.29794 5.89176 10.5837 5.70695 7.85155 4.66348 4.43478 27.9015 32.4191 21.1672 18.3774 18.5585 15.1489
threshold=0.99966190462023474 0 124.25000000000001 280.75000000000006 39.050000000000004 1730.9166666666667 2052.5000000000005 0.94704596667653973 1 -0.048362832084465616 2 3 6.9010033448083101 4.9500000000000011
decision_type=2 1 10 8 8 10 8 2 1 2 1 1 2 10
left_child=7 -2 4 -4 6 -6 -3 -1 9 10 13 -10 -13 -9
right_child=1 2 3 -5 5 -7 -8 8 11 -11 -12 12 -14 -15
leaf_value=-1.2287828673017698e-05 0.00051220873424267122 -0.0023283199844989434 0.0015215359793992703 -0.00055636583063309048 -0.00033256382600019676 -0.0034815754699655684 0.00025654685161586482 -0.0020892564175741882 0.00032377651064069429 7.8168397287867187e-06 0.0036159388210299033 0.00024318973071103285 -0.00086745042662335521 0.0013402358351120099
leaf_weight=47475 114 50 54 60 51 86 69 59 1679 730 414 1008 1695 180
leaf_count=47475 114 50 54 60 51 86 69 59 1679 730 414 1008 1695 180
internal_value=-1.69368e-05 -0.00314928 -0.00527273 0.00117647 -0.00831418 -0.0130634 -0.00254032 1.18321e-05 0.000928076 0.00523247 0.0109043 -0.000445758 -0.00222774 0.00206693
internal_weight=53724 484 370 114 256 137 119 53240 5765 1383 653 4382 2703 239
internal_count=53724 484 370 114 256 137 119 53240 5765 1383 653 4382 2703 239
cat_boundaries=0 1 2 3 4
cat_threshold=1 8 6929 29856
is_linear=0
shrinkage=0.035


Tree=278
num_leaves=15
num_cat=1
split_feature=3 16 23 22 1 8 24 32 22 29 29 9 21 2
split_gain=4.02328 18.862 21.3792 16.5195 12.4624 14.4954 13.2625 11.2003 10.1838 12.4169 9.79129 9.01103 10.9778 8.6079
threshold=450.50000000000006 58.068608648363302 1.2745455064764435 1.0981221078419245 297.25000000000006 71.752494619095245 5.5000000000000009 0 1.6741816458481436 0.59177612190863982 0.96687895796550427 1362.5000000000002 2386.9967793880842 66.65000000000002
decision_type=8 10 8 10 8 2 2 1 10 2 2 10 2 10
left_child=1 -1 3 -3 5 -4 -6 8 9 11 -9 -2 -13 -11
right_child=7 2 4 -5 6 -7 -8 10 -10 13 -12 12 -14 -15
leaf_value=-6.705218493625598e-06 -0.0006456032299011616 0.00048217627763852915 0.0046820470946265427 -0.0012486604980448592 0.0032447854388090529 -0.0024340007606739374 -0.0021770087757335805 -1.2617907985435773e-05 -0.0024573373599010863 -0.00014083316772012773 0.00090418587388404862 0.00050341380260100603 -0.0001902455470262507 -0.0011007290532060923
leaf_weight=44610 561 852 179 268 577 148 58 3738 142 366 346 694 484 701
leaf_count=44610 561 852 179 268 577 148 58 3738 142 366 346 694 484 701
internal_value=-1.5634e-05 0.000101934 0.0033541 6.22222e-05 0.00716649 0.00158133 0.0100078 -0.000795794 -0.00243334 -0.00196727 0.000392779 -0.000140482 0.00159763 -0.00493004
internal_weight=53724 46692 2082 1120 962 327 635 7032 2948 2806 4084 1739 1178 1067
internal_count=53724 46692 2082 1120 962 327 635 7032 2948 2806 4084 1739 1178 1067
cat_boundaries=0 1
cat_threshold=27410
is_linear=0
shrinkage=0.035


Tree=279
num_leaves=15
num_cat=1
split_feature=32 4 2 4 16 21 24 22 5 29 3 6 22 1
split_gain=4.09126 14.5637 10.6205 12.6384 16.8217 10.8396 10.4041 15.0651 9.64943 10.2254 11.8007 9.3129 8.52542 12.4309
threshold=0 321.00000000000006 431.00000000000006 601.00000000000011 114.25219698003083 1338.9791666666667 1.0000000180025095e-35 0.8431882829831655 291.00000000000006 -0.95754239937548935 5.5500000000000007 341.00000000000006 0.60587144423659944 17.050000000000004
decision_type=1 10 10 10 10 2 2 10 10 2 10 8 10 8
left_child=1 6 -3 -4 5 -5 7 11 9 -9 -11 -1 13 -8
right_child=-2 2 3 4 -6 -7 12 8 -10 10 -12 -13 -14 -15
leaf_value=-0.00021626973103462706 2.9707941327341283e-05 -0.00061226646699612177 0.00072069043882295634 0.0011746271730963577 -0.0036270699240548835 -0.00031780625031579333 -0.00024695337939606795 0.0019212476027438091 0.0013474445011519411 0.0016453303420150946 8.0430707119212862e-05 -0.0021050966138122409 -9.47220479380892e-05 0.00070936520719051593
leaf_weight=601 30394 676 187 53 84 80 182 224 57 449 2092 59 18070 516
leaf_count=601 30394 676 187 53 84 80 182 224 57 449 2092 59 18070 516
internal_value=-1.43312e-05 -0.000362819 -0.00432258 0.000171149 -0.00551802 0.00228261 -0.000169849 0.00158589 0.00269897 0.00238809 0.00174588 -0.00315789 -0.000495925 0.00328592
internal_weight=53724 23330 1080 404 217 133 22250 3482 2822 2765 2541 660 18768 698
internal_count=53724 23330 1080 404 217 133 22250 3482 2822 2765 2541 660 18768 698
cat_boundaries=0 1
cat_threshold=53795
is_linear=0
shrinkage=0.035


Tree=280
num_leaves=15
num_cat=1
split_feature=3 16 23 15 1 24 8 32 26 3 10 17 6 0
split_gain=4.0772 18.4062 19.3692 15.3145 13.4315 13.0804 13.026 10.1196 11.1548 12.9698 11.4262 10.2677 7.93813 7.57789
threshold=450.50000000000006 58.068608648363302 1.2745455064764435 105.17500000000001 297.25000000000006 5.5000000000000009 71.752494619095245 0 302.50000000000006 2025.0000000000002 91.675000000000026 15.325854563246585 27.100000000000005 289.00000000000006
decision_type=8 10 8 2 8 2 2 1 2 8 8 10 8 10
left_child=1 -1 3 -3 6 -6 -4 8 11 -10 -11 12 -2 -13
right_child=7 2 4 -5 5 -7 -8 -9 9 10 -12 13 -14 -15
leaf_value=-5.7563272756336334e-06 -0.00068113720090243082 -0.0040113915048454532 0.0045171356683681562 0.00019726492146738967 0.0031301781705042743 -0.0021018532465293645 -0.0023507381603981616 1.1953007396571237e-05 0.0011058907114454928 0.0019421107776162979 -0.0013046150497102971 -0.0016485604101468248 0.00073417011960040036 -0.00049279171212207324
leaf_weight=44610 183 90 179 1030 577 58 148 4705 238 64 155 470 287 930
leaf_count=44610 183 90 179 1030 577 58 148 4705 238 64 155 470 287 930
internal_value=-1.04227e-05 0.00010793 0.00332056 0.000186667 0.00694933 0.00989844 0.00115964 -0.000795794 -0.00267506 0.00219697 -0.00390625 -0.00388267 0.000589474 -0.00538078
internal_weight=53724 46692 2082 1120 962 635 327 7032 2327 457 219 1870 470 1400
internal_count=53724 46692 2082 1120 962 635 327 7032 2327 457 219 1870 470 1400
cat_boundaries=0 1
cat_threshold=27154
is_linear=0
shrinkage=0.035


Tree=281
num_leaves=15
num_cat=3
split_feature=30 6 26 32 14 17 26 24 32 32 0 20 22 15
split_gain=3.93797 9.50511 7.72889 10.0322 7.27922 8.32216 6.9597 14.93 12.0514 10.1273 8.64093 6.01586 5.3935 4.81639
threshold=0.99932962452255414 82.100000000000009 361.50000000000006 0 39.95000000000001 3.045115313535486 10.500000000000002 2.5000000000000004 1 2 46.100000000000009 1070.9166666666667 0.96382931796638183 1100.5000000000002
decision_type=2 10 2 1 10 10 2 2 1 1 10 10 10 2
left_child=2 4 6 -4 5 -2 7 9 -9 -1 12 -12 -11 -8
right_child=1 -3 3 -5 -6 -7 13 8 -10 10 11 -13 -14 -15
leaf_value=0.0022394142106641982 -0.00086640051548723539 0.00098613730451525329 -0.0028768763125480122 6.5865690112161258e-05 -0.0012150915079096637 0.0020512471492545379 1.2285226134314265e-05 -0.0023009630879465368 -0.00020833591630505384 -0.00029164375013368386 -0.00046827650956044717 0.00088957895231846229 -0.0020136911908873009 -0.00024731355231197408
leaf_weight=109 64 179 104 140 107 56 51387 220 210 89 68 125 84 782
leaf_count=109 64 179 104 140 107 56 51387 220 210 89 68 125 84 782
internal_value=-6.51417e-06 0.00340633 -3.28189e-05 -0.00618474 -0.00135776 0.00448 -3.95637e-06 -0.00303846 -0.00772414 0.00123958 -0.00165354 0.00335859 -0.00727528 4.89708e-05
internal_weight=53724 406 53318 244 227 120 53074 905 430 475 366 193 173 52169
internal_count=53724 406 53318 244 227 120 53074 905 430 475 366 193 173 52169
cat_boundaries=0 1 2 3
cat_threshold=50266 30114 12546
is_linear=0
shrinkage=0.035


Tree=282
num_leaves=15
num_cat=2
split_feature=30 16 32 4 7 15 32 4 22 3 4 9 4 10
split_gain=3.83014 7.75607 5.3648 9.10153 8.94938 8.96875 7.70021 7.55278 7.97002 7.32213 6.53521 9.44127 6.50932 9.2735
threshold=-0.99273797715557011 0.83666002653407601 0 130.10000000000002 128.27636363636367 110.10000000000001 1 51.750000000000007 0.89875683720729149 150.50000000000003 420.75000000000006 2002.5000000000002 18.550000000000004 26.26071428571429
decision_type=2 10 1 8 2 2 1 10 10 8 8 10 10 10
left_child=1 -1 3 12 5 6 -4 -8 -9 -6 11 -5 -3 -14
right_child=-2 2 4 10 9 -7 7 8 -10 -11 -12 -13 13 -15
leaf_value=0.00069050839922663206 5.9447536894038927e-06 -0.0013562403952307558 0.00022940872154017191 -0.0022605236504819959 0.0017037638016423795 -0.0023510650668833923 -0.00086135755903364011 0.0011983520039384444 -0.0007017410525597379 6.6291933736284126e-05 -0.00018759296311576066 -0.00018877550307622602 0.0028144548478807232 -0.00074925740828760807
leaf_weight=164 51464 156 375 83 110 55 332 65 138 337 126 50 80 189
leaf_count=164 51464 156 375 83 110 55 332 65 138 337 126 50 80 189
internal_value=-1.30283e-05 -0.00142163 -0.00199905 -0.00450644 -0.000735809 -0.00263402 -0.00175956 -0.00439091 0.000841346 0.00332965 -0.00967803 -0.0149638 -0.00138372 0.00191606
internal_weight=53724 2260 2096 684 1412 965 910 535 203 447 259 133 425 269
internal_count=53724 2260 2096 684 1412 965 910 535 203 447 259 133 425 269
cat_boundaries=0 1 2
cat_threshold=34376 8227
is_linear=0
shrinkage=0.035


Tree=283
num_leaves=15
num_cat=1
split_feature=23 30 21 32 3 1 30 1 9 17 1 16 16 3
split_gain=3.75326 5.72472 5.55299 3.9846 15.6638 24.8452 17.5146 15.2687 22.5523 11.7557 19.9305 17.5122 12.7477 11.4721
threshold=3.2477849613045007 0.11478523713130605 2021.2771739130437 0 310.50000000000006 351.00000000000006 0.48877522411129348 260.40000000000003 2977.5000000000005 32.151570368853342 89.65000000000002 62.915286960495642 12.593509563024595 495.40000000000003
decision_type=10 2 2 1 10 8 2 10 8 8 8 10 10 10
left_child=3 2 -2 -1 7 -6 13 9 -9 -5 12 -12 -11 -7
right_child=1 -3 -4 4 5 6 -8 8 -10 10 11 -13 -14 -15
leaf_value=3.1267264846165382e-05 0.0056019991350181016 -0.0068141952311129104 0.022698178884468272 -6.1864149040669067e-06 -0.0010970784679753529 9.2122108951538394e-05 0.00047606499667784301 0.00019784506263524127 0.0038230347585526112 -6.053958351553757e-05 -0.00040491082731011324 0.0036616202212623981 -0.0023140087592731146 -0.0013199539838454546
leaf_weight=26813 58 55 63 22631 450 293 417 573 142 115 1225 251 263 375
leaf_count=26813 58 55 63 22631 450 293 417 573 142 115 1225 251 263 375
internal_value=-3.9085e-06 0.00502762 0.00916667 -2.09139e-05 -0.000323178 -0.00375 -0.000866972 -0.000113866 0.00490972 -0.000261535 -0.00293706 -0.0010871 -0.0100522 -0.0043685
internal_weight=53724 176 121 53548 26735 1535 1085 25200 715 24485 1854 1476 378 668
internal_count=53724 176 121 53548 26735 1535 1085 25200 715 24485 1854 1476 378 668
cat_boundaries=0 1
cat_threshold=3548
is_linear=0
shrinkage=0.035


Tree=284
num_leaves=15
num_cat=2
split_feature=2 15 4 4 1 5 22 0 32 22 23 32 30 6
split_gain=3.87791 4.21048 11.1993 6.78872 5.18209 5.02565 4.71732 63.8221 17.4482 14.0555 12.9515 18.5741 15.6179 11.6197
threshold=3525.0000000000005 2532.9000000000005 2215.0000000000005 2610.0000000000005 2412.5000000000005 2412.5000000000005 0.65532947738070646 1065.0000000000002 0 0.47837056999104616 0.61162371633080947 1 0.90803977035715633 85.050000000000011
decision_type=10 2 10 10 10 10 8 8 1 10 8 1 2 8
left_child=1 2 4 -4 5 6 7 8 -1 -9 11 12 -8 -10
right_child=-2 -3 3 -5 -6 -7 10 9 13 -11 -12 -13 -14 -15
leaf_value=0.00078800645179149381 -0.00089359245472881333 0.00060050777531467381 -0.0018069867311934172 3.3517522203571073e-05 0.00099252353698190202 -0.00060311634696579692 0.00039783210941905014 -0.0036306915611192302 -0.00013719146321410192 -0.0011991045169365108 6.7932013341898137e-06 -0.0013388391472852188 -0.0021704196027401501 0.00035058995901058378
leaf_weight=809 53 72 84 54 72 67 975 130 741 316 48421 902 137 891
leaf_count=809 53 72 84 54 72 67 975 130 741 316 48421 902 137 891
internal_value=-6.51417e-06 3.2603e-06 -8.48817e-06 -0.00979021 1.76748e-05 4.58853e-06 1.70645e-05 0.00139177 0.0036202 -0.0107095 -6.17565e-05 -0.00280832 0.000248447 0.00148755
internal_weight=53724 53671 53599 138 53461 53389 53322 2887 2441 446 50435 2014 1112 1632
internal_count=53724 53671 53599 138 53461 53389 53322 2887 2441 446 50435 2014 1112 1632
cat_boundaries=0 1 2
cat_threshold=27020 34613
is_linear=0
shrinkage=0.035


Tree=285
num_leaves=15
num_cat=1
split_feature=5 6 9 30 11 3 0 6 25 23 5 32 2 0
split_gain=4.09611 12.4245 7.60195 6.95054 10.4085 6.50574 5.172 5.76471 8.48619 4.88133 4.98785 4.61135 10.0643 10.7165
threshold=1605.0000000000002 1100.5000000000002 632.50000000000011 0.96177147954086928 1797.727272727273 1255.0000000000002 2505.0000000000005 1605.0000000000002 3.5000000000000004 3.2477849613045007 19.550000000000004 0 1155.0000000000002 400.50000000000006
decision_type=10 8 10 2 10 8 10 10 2 10 10 1 10 10
left_child=6 -2 -3 4 5 -4 7 9 -9 11 -11 -1 13 -13
right_child=1 2 3 -5 -6 -7 -8 8 -10 10 -12 12 -14 -15
leaf_value=4.0809425128655602e-05 -0.0018828986439862958 -0.00090046942037286335 0.00033337631201315254 -0.00059372302536471987 0.001026267017614947 -0.00095174786576729961 -0.0012490088472416501 0.00093940840333911013 7.552578020672844e-05 -0.0035688615325182175 0.018159568055423167 -4.5843586522384407e-05 -0.0027050582162418332 0.00023375049303809518
leaf_weight=19634 55 82 54 98 161 64 58 50 100 67 100 31550 146 1505
leaf_count=19634 55 82 54 98 161 64 58 50 100 67 100 31550 146 1505
internal_value=-7.81701e-06 -0.00310212 -0.00113147 0.00100785 0.00382042 -0.00398374 2.23621e-05 3.42382e-05 0.00677419 1.45264e-05 0.00590116 -4.63664e-06 -0.000256051 -0.000214912
internal_weight=53724 514 459 377 279 118 53210 53152 150 53002 167 52835 33201 33055
internal_count=53724 514 459 377 279 118 53210 53152 150 53002 167 52835 33201 33055
cat_boundaries=0 1
cat_threshold=3524
is_linear=0
shrinkage=0.035


Tree=286
num_leaves=15
num_cat=1
split_feature=3 1 0 16 3 0 1 32 1 3 1 0 10 1
split_gain=3.8731 19.8683 27.9727 13.7953 11.1466 25.1182 19.0885 16.653 16.1165 16.2168 24.1013 19.8529 14.2114 13.8352
threshold=123.75000000000001 90.300000000000011 69.90000000000002 15.692392758109305 78.050000000000011 45.050000000000004 44.100000000000009 0 65.100000000000009 52.550000000000004 47.050000000000004 39.850000000000009 64.035714285714292 77.100000000000009
decision_type=8 10 10 10 10 10 10 1 10 10 10 10 10 8
left_child=1 4 3 -3 8 7 -7 -6 9 10 -1 -11 -12 -9
right_child=-2 2 -4 -5 5 6 -8 13 -10 11 12 -13 -14 -15
leaf_value=-1.3038570315891953e-05 -4.5862759715753491e-05 0.00063142705337939091 0.00019042780305485399 0.0050992509048841377 -0.00029292130776225391 0.00046444508601516392 -0.00039788453909569261 -0.0037935861252381083 0.00048439075284568316 -0.0014369910211986261 0.0007685098111066802 -0.00012835779250271878 -0.0033830445188046728 -0.0010473554814550714
leaf_weight=22823 17889 245 2985 396 257 863 1582 129 1880 737 1617 2113 51 157
leaf_count=22823 17889 245 2985 396 257 863 1582 129 1880 737 1617 2113 51 157
internal_value=-3.9085e-06 0.000206055 0.00266042 0.00926471 -7.06215e-05 -0.00210491 -0.000585714 -0.00887774 0.00013772 -7.80736e-05 0.000212892 -0.00257443 0.00426778 -0.0144186
internal_weight=53724 35835 3626 641 32209 2988 2445 543 29221 27341 24491 2850 1668 286
internal_count=53724 35835 3626 641 32209 2988 2445 543 29221 27341 24491 2850 1668 286
cat_boundaries=0 1
cat_threshold=51478
is_linear=0
shrinkage=0.035


Tree=287
num_leaves=15
num_cat=2
split_feature=3 1 0 16 3 0 1 32 1 13 32 23 1 1
split_gain=3.7537 19.4008 27.223 13.3417 10.0371 25.0386 17.3493 16.0257 15.0533 22.3741 14.9053 16.0619 14.6864 14.6268
threshold=123.75000000000001 90.300000000000011 69.90000000000002 15.692392758109305 78.050000000000011 45.050000000000004 44.100000000000009 0 47.550000000000004 51.525000000000006 1 1.0409866595720423 77.100000000000009 65.100000000000009
decision_type=8 10 10 10 10 10 10 1 10 10 1 10 8 10
left_child=1 4 3 -3 8 7 -7 -6 -1 10 -10 -12 -9 -11
right_child=-2 2 -4 -5 5 6 -8 12 9 13 11 -13 -14 -15
leaf_value=-3.0386722855749172e-05 -4.4257563125702508e-05 0.00060932710651111287 0.00018376282994793272 0.0049207771232131917 -0.00028266906199057477 0.00044818950800463281 -0.00038395858022734214 -0.0036608106108547765 0.0015494564359228543 -0.0002495717007845655 0.0019881181022987373 -0.00043948665691799895 -0.0010106980396041437 0.00041059321681138797
leaf_weight=24301 17889 245 2985 396 257 863 1582 129 422 1897 457 350 157 1794
leaf_count=24301 17889 245 2985 396 257 863 1582 129 422 1897 457 350 157 1794
internal_value=9.11984e-06 0.00021582 0.00264115 0.00915635 -5.75837e-05 -0.00198797 -0.000471429 -0.00875 0.000140115 0.00190457 0.0059846 0.00302311 -0.014186 0.000539773
internal_weight=53724 35835 3626 641 32209 2988 2445 543 29221 4920 1229 807 286 3691
internal_count=53724 35835 3626 641 32209 2988 2445 543 29221 4920 1229 807 286 3691
cat_boundaries=0 1 2
cat_threshold=51478 2501
is_linear=0
shrinkage=0.035


Tree=288
num_leaves=15
num_cat=1
split_feature=22 23 6 23 23 29 22 32 1 30 17 21 22 6
split_gain=3.60536 58.4529 16.5707 12.5494 16.8249 15.0079 12.0162 11.8214 12.3299 15.9373 11.567 10.3108 10.0807 9.74546
threshold=0.66501501823972131 0.27476363203900822 85.050000000000011 0.61162371633080947 0.20512848593319441 0.79383249484937135 0.63349840371956823 0 99.750000000000014 0.8852232634113919 3.7448877301390695 1364.1987179487182 0.80305410630835461 49.050000000000004
decision_type=10 10 8 8 10 2 8 1 10 2 10 2 10 10
left_child=1 13 -3 4 5 -2 11 10 9 -9 -6 -4 -12 -1
right_child=3 2 6 -5 7 -7 -8 8 -10 -11 12 -13 -14 -15
leaf_value=-0.00012554239958865483 0.0060176667648449058 2.5574664025115881e-05 0.00097144183981413737 4.8369561373623472e-06 0.0009808678195867965 -0.0090515376135185486 -3.3868582597406389e-05 -0.00040471070643906737 0.0006106548997635836 -0.0035987891102515273 -0.00057344712398261675 0.00041930387089999111 -0.002708244300406051 -0.0012036317604417542
leaf_weight=264 107 960 304 48486 79 65 278 664 229 108 365 865 353 597
leaf_count=264 107 960 304 48486 79 65 278 664 229 108 365 865 353 597
internal_value=7.81701e-06 0.00113352 0.00393242 -6.51989e-05 -0.0028 0.00751412 0.00629132 -0.00380477 -0.00120571 -0.00333333 -0.00693966 0.00784072 -0.00842324 -0.00666859
internal_weight=53724 3268 2407 50456 1970 172 1447 1798 1001 772 797 1169 718 861
internal_count=53724 3268 2407 50456 1970 172 1447 1798 1001 772 797 1169 718 861
cat_boundaries=0 1
cat_threshold=30922
is_linear=0
shrinkage=0.035


Tree=289
num_leaves=15
num_cat=2
split_feature=0 13 23 16 17 5 9 8 32 22 32 1 8 1
split_gain=3.85103 15.3426 11.1479 17.2836 10.9395 12.689 12.4118 11.3996 10.5149 10.7758 9.65492 9.43287 12.9529 11.6119
threshold=5.0500000000000007 14.525000000000002 1.0009551146027549 1.2909944487339973 0.70192278800603503 8.5500000000000025 1842.5000000000002 1.012119402319436 0 1.105689447222493 1 9.0500000000000025 2.4794239778815186 5.5500000000000007
decision_type=8 8 10 10 8 10 8 2 1 10 1 8 2 10
left_child=1 2 3 -1 5 6 -2 -6 9 -4 -5 12 -9 -14
right_child=4 -3 8 10 7 -7 -8 11 -10 -11 -12 -13 13 -15
leaf_value=0.00066444787865799107 -0.0017473713690916424 0.0051520047076503263 -0.0015183257128500017 -0.0019209604828227911 0.00088305614165214434 0.0010069704398290604 -0.00047602461986814062 -4.1930091106067162e-05 0.00028733905880554578 0.0007321220648580885 0.00029738826571256457 4.8202404355651712e-06 0.00021140231821233538 -0.0014497199576832449
leaf_weight=1569 80 51 305 242 430 73 447 1454 497 115 216 47362 208 675
leaf_count=1569 80 51 305 242 430 73 447 1454 497 115 216 47362 208 675
internal_value=6.51417e-06 0.001225 0.000878264 0.0023253 -6.55379e-05 -0.0047438 -0.00664474 -9.07568e-06 -0.00231562 -0.00627586 -0.00362851 -5.8446e-05 -0.00222673 -0.00555743
internal_weight=53724 2995 2944 2027 50729 600 527 50129 917 420 458 49699 2337 883
internal_count=53724 2995 2944 2027 50729 600 527 50129 917 420 458 49699 2337 883
cat_boundaries=0 1 2
cat_threshold=32864 2069
is_linear=0
shrinkage=0.035


Tree=290
num_leaves=15
num_cat=0
split_feature=13 0 8 17 29 6 27 8 23 8 16 23 6 1
split_gain=3.77003 8.06486 7.38999 4.60033 14.4514 7.61468 7.6958 10.7892 7.0093 6.51196 9.84134 10.044 10.5461 8.32811
threshold=1.2250000000000003 1.2500000000000002 0.56784925558152199 0.4737238987532954 -0.96689237009891416 1.2500000000000002 1.0000000180025095e-35 0.56784925558152199 1.0273025686625452 1.012119402319436 0.75277265270908156 0.98713361680627199 1.9500000000000002 9.0500000000000025
decision_type=8 8 2 8 2 10 2 2 10 2 10 8 10 8
left_child=2 -2 -1 4 -3 -6 -7 8 -8 10 11 12 -5 -11
right_child=1 3 -4 9 5 6 7 -9 -10 13 -12 -13 -14 -15
leaf_value=1.849233276401824e-05 0.0017660477712018027 0.0017539882935703123 -0.00071706449673210196 -0.0020234796699639796 0.00024797170636291726 -0.00046322889734558037 -0.00076709176373649334 3.0284892637855168e-06 -0.0026120805188057819 -0.00039002467354025297 0.0017155004901641961 -0.00026873355933348058 0.00088449336910159887 1.047878763151211e-05
leaf_weight=128 138 73 76 50 152 212 84 62 53 3345 632 659 381 47679
leaf_count=128 138 73 76 50 152 212 84 62 53 3345 632 659 381 47679
internal_value=2.60567e-06 2.09248e-05 -0.004689 -1.31118e-06 -0.00294852 -0.00486796 -0.00731971 -0.0121814 -0.0175 3.45017e-05 0.00214823 0.000127854 0.00425459 -3.70378e-05
internal_weight=53724 53520 204 53382 636 563 411 199 137 52746 1722 1090 431 51024
internal_count=53724 53520 204 53382 636 563 411 199 137 52746 1722 1090 431 51024
is_linear=0
shrinkage=0.035


Tree=291
num_leaves=15
num_cat=0
split_feature=3 1 0 1 3 0 2 1 10 7 20 1 3 6
split_gain=3.92992 39.4814 27.73 19.5748 18.1754 22.6354 16.1462 14.0152 13.4038 13.3199 13.0389 11.4876 11.3813 10.5531
threshold=39.850000000000009 38.100000000000009 22.550000000000004 50.050000000000004 51.850000000000001 39.850000000000009 30.100000000000005 26.550000000000004 45.841666666666676 48.322430830039529 2015.3571428571431 113.10000000000001 43.050000000000004 55.100000000000009
decision_type=8 10 10 8 10 10 8 10 10 2 10 8 8 8
left_child=1 -1 -3 4 12 8 11 -7 9 -6 -10 -5 -2 -4
right_child=3 2 13 6 5 7 -8 -9 10 -11 -12 -13 -14 -15
leaf_value=-9.8880934993322856e-06 -0.0007646844257741931 0.0041678190318925603 0.00025741259419659324 0.0050137779502691902 -0.0028875289801396291 0.0026989200459554201 1.2881018693616798e-06 -0.0010028403351935978 -0.0025748163279831317 0.00062182118507964654 -0.0042909858262380023 0.0010717535262910656 7.1898012539864392e-05 0.0021880753983424704
leaf_weight=19556 959 314 946 58 98 75 27496 741 186 84 144 297 2448 322
leaf_count=19556 959 314 946 58 98 75 27496 741 186 84 144 297 2448 322
internal_value=9.11984e-06 0.000380741 0.00568998 -0.000231966 -0.00231118 -0.00577644 0.000121877 -0.00213155 -0.0115087 -0.00374332 -0.0156716 0.00748611 -0.000953986 0.00335428
internal_weight=53724 21138 1582 32586 4735 1328 27851 816 512 182 330 355 3407 1268
internal_count=53724 21138 1582 32586 4735 1328 27851 816 512 182 330 355 3407 1268
is_linear=0
shrinkage=0.035


Tree=292
num_leaves=15
num_cat=1
split_feature=32 11 1 16 23 30 3 1 21 2 3 1 17 6
split_gain=3.90151 16.0793 14.8419 12.4382 11.2348 14.8162 10.5565 11.0818 13.1676 10.1583 9.93003 10.9451 9.35233 10.6663
threshold=0 310.04166666666669 319.50000000000006 52.153619241622771 1.6557367885011527 0.65720762023595369 8.5500000000000025 10.100000000000001 2374.1833333333338 7.5500000000000007 199.75000000000003 165.40000000000003 37.475243723727097 113.10000000000001
decision_type=1 8 8 8 10 2 10 8 2 8 10 8 10 10
left_child=1 3 -3 4 6 -6 -1 8 -8 -9 -5 -12 13 -11
right_child=-2 2 -4 10 5 -7 7 9 -10 12 11 -13 -14 -15
leaf_value=0.00021816504776160986 2.1237264068642573e-05 -0.0014233741686151356 -0.00030771752404341716 0.0050858888689115263 -0.0022687515825541662 0.0013816214242337633 -0.0016612802144233654 0.005613432893508576 0.0010349517878135244 -0.000128105630131245 -0.0028905728801983323 0.001132223427293523 -0.00093279053037385136 0.00023710354844832111
leaf_weight=4247 37284 206 839 289 375 176 516 56 124 7394 50 180 540 1448
leaf_count=4247 37284 206 839 289 375 176 516 56 124 7394 50 180 540 1448
internal_value=6.51417e-06 -0.000442419 -0.00463333 -0.000156818 -0.000343391 -0.00522482 -0.000153873 -0.000770604 -0.0052093 -0.000467013 0.00514313 -0.000297872 -0.000559284 -0.000284842
internal_weight=53724 16440 1045 15395 14876 551 14325 10078 640 9438 519 230 9382 8842
internal_count=53724 16440 1045 15395 14876 551 14325 10078 640 9438 519 230 9382 8842
cat_boundaries=0 1
cat_threshold=49667
is_linear=0
shrinkage=0.035


Tree=293
num_leaves=15
num_cat=2
split_feature=13 8 0 29 23 24 23 22 22 33 2 32 22 22
split_gain=4.3365 6.80489 6.26345 4.78977 4.2813 7.69697 4.26377 20.7257 14.3749 10.7403 9.14919 8.66603 7.53989 8.82207
threshold=1.2250000000000003 0.56784925558152199 1.2500000000000002 0.54219432480460406 0.13344941042644634 3.5000000000000004 0.41301601441261887 0.5299172649572651 0.89875683720729149 0 40.250000000000007 1 0.39254815439153184 0.66501501823972131
decision_type=8 2 8 2 8 2 8 10 10 1 10 1 8 8
left_child=1 -1 3 -2 5 -4 7 11 9 -9 -10 -6 -8 -14
right_child=2 -3 4 -5 6 -7 12 8 10 -11 -12 -13 13 -15
leaf_value=1.0555407718099432e-05 0.0026167146106602503 -0.00069925693274565696 0.0029681729162901929 -0.00011838428423834535 -7.6648329979843311e-05 -0.00043511970935761652 -0.0025246617789736522 -0.0032408038073986011 -0.0035460777117897356 -0.0018524606095296028 0.0086182223088692653 0.00032468218205511867 0.0002659128975596337 -5.3310005808654418e-06
leaf_weight=128 88 76 79 50 273 62 100 101 71 253 75 288 2266 49814
leaf_count=128 88 76 79 50 273 62 100 101 71 253 75 288 2266 49814
internal_value=7.81701e-06 -0.00502392 2.74638e-05 0.00734266 7.86708e-06 0.00599315 -8.54524e-06 -0.00219981 -0.00734653 -0.0111142 0.0018543 0.00241166 3.62173e-05 5.51022e-05
internal_weight=53724 204 53520 138 53382 141 53241 1061 500 354 146 561 52180 52080
internal_count=53724 204 53520 138 53382 141 53241 1061 500 354 146 561 52180 52080
cat_boundaries=0 1 2
cat_threshold=8 37953
is_linear=0
shrinkage=0.035


Tree=294
num_leaves=15
num_cat=2
split_feature=13 8 0 29 5 30 21 23 0 22 23 32 23 32
split_gain=4.33201 6.80489 6.26793 4.78977 4.01091 6.65851 6.14516 5.49273 6.21937 4.80847 53.0613 19.9262 19.3847 12.6637
threshold=1.2250000000000003 0.56784925558152199 1.2500000000000002 0.54219432480460406 2025.0000000000002 -0.8142754349318998 776.79549114331735 0.13344941042644634 16.550000000000004 0.65532947738070646 0.20512848593319441 0 0.61162371633080947 1
decision_type=8 2 8 2 10 2 2 8 10 10 10 1 8 1
left_child=1 -1 3 -2 7 -6 -7 8 -4 10 -9 -12 13 -11
right_child=2 -3 4 -5 5 6 -8 9 -10 12 11 -13 -14 -15
leaf_value=1.0185968447965766e-05 0.0025251295992871452 -0.00067478294009955958 0.0034738596827960941 -0.00011424083429000393 0.0002528183015961874 0.00028421602339319564 -0.00084317824108167923 -0.0014965987533946097 -0.00010370950546271179 0.00096304279660227232 0.00013585125927073616 0.0008308170122817162 9.4101388042086577e-06 -0.0010055964313205302
leaf_weight=128 88 76 67 50 77 80 146 584 60 224 1363 912 48218 1651
leaf_count=128 88 76 67 50 77 80 146 584 60 224 1363 912 48218 1651
internal_value=5.21134e-06 -0.00502392 2.48482e-05 0.00734266 5.24472e-06 -0.00397727 -0.0069697 2.83513e-05 0.00715909 1.05746e-05 0.00140538 0.00382237 -6.91644e-05 -0.00355585
internal_weight=53724 204 53520 138 53382 303 226 53079 127 52952 2859 2275 50093 1875
internal_count=53724 204 53520 138 53382 303 226 53079 127 52952 2859 2275 50093 1875
cat_boundaries=0 1 2
cat_threshold=38513 1280
is_linear=0
shrinkage=0.035


Tree=295
num_leaves=15
num_cat=1
split_feature=3 1 0 29 32 1 14 23 23 22 3 1 14 1
split_gain=4.21661 17.3217 19.8617 10.1318 11.8897 9.6427 19.7982 16.9562 12.3863 21.2709 18.7685 14.4502 13.0286 13.9279
threshold=123.75000000000001 103.35000000000001 85.050000000000011 -0.78326540922535159 0 229.75000000000003 235.12500000000003 0.63452821575733587 0.51811528013180297 0.61968439436793876 199.75000000000003 180.25000000000003 127.60000000000001 135.50000000000003
decision_type=8 10 10 2 1 10 8 10 10 8 10 10 10 8
left_child=1 -1 -3 -4 -5 8 7 -7 10 -10 11 12 -2 -14
right_child=5 2 3 4 -6 6 -8 -9 9 -11 -12 -13 13 -15
leaf_value=-2.2430555149277612e-07 0.0003320753917590991 0.0026266487293780025 -0.0006152934267655278 -7.3093093974498931e-05 0.00091466683902691149 0.0060949833716197376 -1.1568429098939849e-05 0.00078974512229927304 0.001394167599414325 -0.00012202772614856973 -0.0015663090851020052 0.0025512673613224527 -0.0020623205195080541 -0.00021322466676580945
leaf_weight=33182 567 564 404 758 927 125 7590 566 155 7706 587 69 213 311
leaf_count=33182 567 564 404 758 927 125 7590 566 155 7706 587 69 213 311
internal_value=-1.30283e-06 0.000217773 0.00293642 0.00135387 0.00254734 -0.000440092 0.000435071 0.00608477 -0.00119422 -0.000600686 -0.00385559 -0.0012618 -0.00226734 -0.00621928
internal_weight=53724 35835 2653 2089 1685 17889 8281 691 9608 7861 1747 1160 1091 524
internal_count=53724 35835 2653 2089 1685 17889 8281 691 9608 7861 1747 1160 1091 524
cat_boundaries=0 1
cat_threshold=46626
is_linear=0
shrinkage=0.035


Tree=296
num_leaves=15
num_cat=0
split_feature=19 30 22 22 0 13 4 5 26 30 1 20 0 21
split_gain=4.01916 6.56136 7.66675 6.38952 6.26494 10.5763 8.77885 8.49763 7.93791 8.84477 7.78695 9.62774 9.76842 7.18533
threshold=1.2875000000000003 0.11478523713130605 1.03699550618226 0.99452434828071268 4.0500000000000007 10.525000000000002 9.0500000000000025 4.4500000000000011 188.50000000000003 0.18281312110578132 4.9500000000000011 2396.8333333333335 4.9500000000000011 2384.5993589743598
decision_type=10 2 10 10 8 8 10 8 2 2 8 10 8 2
left_child=1 2 -1 -3 5 6 7 -2 9 -9 11 -6 -13 -10
right_child=4 3 -4 -5 10 -7 -8 8 13 -11 -12 12 -14 -15
leaf_value=0.00044198443586383784 3.2906922326780278e-05 -0.0010909727159898481 -0.0010206433198062194 -0.00023752274943764754 -0.0011264084102143872 0.0054746026760862784 -0.00093746816319179754 0.0025210731335168404 -0.00057700251711991684 0.0001883935133197537 1.2619239738403954e-06 -0.0015676614036879456 0.0015680711337811228 0.0025756473081054365
leaf_weight=134 1172 53 87 65 690 54 63 199 196 124 50625 59 145 58
leaf_count=134 1172 53 87 65 690 54 63 199 196 124 50625 59 145 58
internal_value=6.51417e-06 -0.00376453 -0.000154867 -0.0102439 3.0811e-05 0.00202031 0.001541 0.00201539 0.00547251 0.00907012 -4.1437e-05 -0.0032703 0.00334928 0.000810811
internal_weight=53724 339 221 118 53385 1866 1812 1749 577 323 51519 894 204 254
internal_count=53724 339 221 118 53385 1866 1812 1749 577 323 51519 894 204 254
is_linear=0
shrinkage=0.035


Tree=297
num_leaves=15
num_cat=1
split_feature=5 1 14 23 3 0 10 32 4 5 1 9 22 19
split_gain=4.00756 17.7612 25.7492 26.1308 15.8756 14.7929 26.2885 16.8699 14.3727 12.8895 12.7287 12.3855 19.2783 15.8034
threshold=56.550000000000004 41.150000000000013 42.57500000000001 0.46950690079699353 33.100000000000009 50.050000000000004 39.016666666666673 0 42.050000000000004 28.550000000000004 64.90000000000002 2677.5000000000005 0.61968439436793876 105.01250000000002
decision_type=10 10 10 10 8 10 8 1 8 8 8 8 10 10
left_child=1 5 3 -3 -2 6 -1 -8 -5 -7 11 12 -6 -13
right_child=4 2 -4 8 10 9 7 -9 -10 -11 -12 13 -14 -15
leaf_value=3.3739492343476401e-07 0.00082679014474468801 0.0056755909340188791 0.00014022294625161804 0.00032005264332321927 0.00059548400000264661 -0.0026498714408244371 0.00013559110250782353 -0.0013721503663954966 0.0026549207362795194 0.0012559170384029341 -1.7140735139812016e-05 -0.00080648147102612984 -0.00043467209724306071 -0.0037071118900722996
leaf_weight=21161 413 235 4646 676 351 132 486 869 191 619 21844 571 1442 88
leaf_count=21161 413 235 4646 676 351 132 486 869 191 619 21844 571 1442 88
internal_value=1.17255e-05 0.000290662 0.00203198 0.00682927 -0.000315813 -0.000139868 -0.000301496 -0.00501838 0.00397362 0.00467593 -0.000432081 -0.00282051 -0.00130423 -0.00690512
internal_weight=53724 29015 5748 1102 24709 23267 22516 1355 867 751 24296 2452 1793 659
internal_count=53724 29015 5748 1102 24709 23267 22516 1355 867 751 24296 2452 1793 659
cat_boundaries=0 1
cat_threshold=48408
is_linear=0
shrinkage=0.035


Tree=298
num_leaves=15
num_cat=2
split_feature=2 29 32 0 3 30 22 6 4 1 24 23 29 32
split_gain=3.89805 3.80233 11.6219 10.267 12.9603 8.81157 7.18522 6.24808 8.38378 8.05288 7.02408 6.08058 5.62182 23.8867
threshold=3525.0000000000005 0.99818282439137029 0 361.00000000000006 90.300000000000011 -0.013976481981245173 0.70845910833487569 10.950000000000001 20.150000000000002 68.250000000000014 3.5000000000000004 1.1635321762957724 0.94704596667653973 1
decision_type=10 2 1 8 10 2 10 10 10 10 2 8 2 1
left_child=1 12 3 4 5 -3 -4 -8 -9 10 -10 -11 -1 -14
right_child=-2 2 6 -5 -6 -7 7 8 9 11 -12 -13 13 -15
leaf_value=-6.143541482898641e-06 -0.00083905746530961954 0.0016377250687308743 0.001291304038060807 -0.00094460637906203303 0.0015743774687471499 -0.00032548051428968387 2.3793979655583612e-05 -0.002385619449802969 -0.0007192599661206379 -0.0023458388818332278 0.00055203862008809288 -0.00084881076377659685 -0.00032605541247765745 0.00051152153820018366
leaf_weight=47424 53 67 56 143 114 233 107 74 96 84 65 50 1932 3226
leaf_count=47424 53 67 56 143 114 233 107 74 96 84 65 50 1932 3226
internal_value=1.69368e-05 2.67345e-05 -0.00201554 0.00152972 0.00434368 0.000459016 -0.00563071 -0.00713098 -0.00926471 -0.00641667 -0.00105422 -0.0125899 6.92186e-05 0.00116599
internal_weight=53724 53671 1089 557 414 300 532 476 369 295 161 134 52582 5158
internal_count=53724 53671 1089 557 414 300 532 476 369 295 161 134 52582 5158
cat_boundaries=0 1 2
cat_threshold=48772 35601
is_linear=0
shrinkage=0.035


Tree=299
num_leaves=15
num_cat=2
split_feature=8 1 9 3 1 22 32 23 17 3 29 32 22 9
split_gain=3.92768 14.2585 20.142 16.0164 15.6775 14.935 13.4857 10.9213 18.3443 10.8406 12.9253 9.71988 9.04649 23.4044
threshold=87.407836391970633 480.50000000000006 677.50000000000011 370.50000000000006 288.35000000000008 0.63349840371956823 0 0.83045372069661028 74.695112368624066 97.750000000000014 0.94425825643485939 1 1.5858780692660879 2877.5000000000005
decision_type=2 8 10 8 10 10 1 10 10 10 2 1 10 8
left_child=12 2 3 4 -2 -4 7 -7 -9 11 -11 -3 -1 -14
right_child=1 9 5 -5 -6 6 -8 8 -10 10 -12 -13 13 -15
leaf_value=7.3382335789806693e-06 -0.0012511890947976717 -0.0021683949973250287 0.00028674483657368166 -0.0030954100830058481 0.002717148682652634 0.00079189119834902652 -0.00077585746349422512 -0.0018028263762005605 0.00069622938730111526 3.4143736255525806e-05 0.001055344621116794 -6.3620645103468217e-06 0.00034111101401840488 0.0088931451219721198
leaf_weight=46111 229 105 499 202 80 228 964 93 212 3409 355 155 885 197
leaf_count=46111 229 105 499 202 80 228 964 93 212 3409 355 155 885 197
internal_value=1.69368e-05 -0.000787179 -0.00285629 -0.00902132 -0.00390127 -0.00125937 -0.00300599 0.00146898 -0.00282258 0.000503847 0.000984346 -0.00633962 0.000128289 0.00328427
internal_weight=53724 6531 2507 511 309 1996 1497 533 305 4024 3764 260 47193 1082
internal_count=53724 6531 2507 511 309 1996 1497 533 305 4024 3764 260 47193 1082
cat_boundaries=0 1 2
cat_threshold=1172 5124
is_linear=0
shrinkage=0.035


Tree=300
num_leaves=15
num_cat=2
split_feature=8 1 23 16 9 16 3 32 23 22 32 28 29 23
split_gain=3.87695 14.2585 19.7158 21.9061 16.0709 14.9404 20.0139 12.7046 11.8556 10.277 10.2146 11.664 8.66082 9.53428
threshold=87.407836391970633 480.50000000000006 0.80992628027774316 122.58670358577564 1972.5000000000005 42.505479257369139 441.50000000000006 0 1.1412884844793016 0.64433746342902809 1 -0.22252093395631442 0.94425825643485939 1.4439057202571777
decision_type=2 8 8 10 10 10 10 1 8 10 1 2 2 8
left_child=-1 2 3 7 -5 -4 10 -2 -8 -9 11 -7 -3 -14
right_child=1 12 5 4 -6 6 8 9 -10 -11 -12 -13 13 -15
leaf_value=1.5449769021726457e-05 0.00074488269879177682 -6.3900168258396182e-06 -0.0017024782819662851 -0.002661817719827912 -0.00027810180409311495 0.0020406030085176941 -0.00029136036315516924 0.00028578178654805762 -0.0036459672040606256 -0.00043145319117427004 -0.00067568261991614146 -0.00042124085985209564 6.188045710334046e-05 0.0032287560564354949
leaf_weight=47193 375 3624 428 84 117 113 126 311 154 316 343 140 260 140
leaf_count=47193 375 3624 428 84 117 113 126 311 154 316 343 140 260 140
internal_value=1.17255e-05 -0.000787179 -0.00285629 0.000376656 -0.0100243 -0.00582888 -0.00317821 0.00250248 -0.010807 -0.000599688 0.00046589 0.00561567 0.000503847 0.00535802
internal_weight=53724 6531 2507 1203 201 1304 876 1002 280 627 596 253 4024 400
internal_count=53724 6531 2507 1203 201 1304 876 1002 280 627 596 253 4024 400
cat_boundaries=0 1 2
cat_threshold=9236 58512
is_linear=0
shrinkage=0.035


Tree=301
num_leaves=15
num_cat=1
split_feature=5 1 14 23 0 10 32 3 1 4 5 20 0 20
split_gain=3.88653 16.5397 23.8538 25.9405 14.7744 24.0768 15.6176 13.6168 12.7902 12.7888 11.5655 11.2618 11.9026 14.3709
threshold=56.550000000000004 41.150000000000013 42.57500000000001 0.46950690079699353 50.050000000000004 39.016666666666673 0 33.100000000000009 64.90000000000002 42.050000000000004 28.550000000000004 1892.9285714285718 35.100000000000009 2639.5833333333335
decision_type=10 10 10 10 10 8 1 8 8 8 8 10 10 10
left_child=1 4 3 -3 5 -1 -7 -2 11 -5 -6 -9 13 -13
right_child=7 2 -4 9 10 6 -8 8 -10 -11 -12 12 -14 -15
leaf_value=-6.7233567246027815e-07 0.00079456919338006323 0.0054763626951890923 0.00013473258699368441 0.00030826824466778592 -0.0025577084965347028 0.00091102807280221112 -0.0012451351754307529 -3.2737846013414233e-05 -1.7430548049771066e-05 0.0025614159543706134 0.0012112326263313596 -0.0021130705731162969 -0.00045152554319357057 0.00025031909693526368
leaf_weight=21161 413 235 4646 676 132 356 999 1193 21844 191 619 300 873 86
leaf_count=21161 413 235 4646 676 132 356 999 1193 21844 191 619 300 873 86
internal_value=3.9085e-06 0.000278601 0.00195898 0.00657633 -0.00013686 -0.000298388 -0.0048125 -0.000318645 -0.00042632 0.0037328 0.00467593 -0.00282051 -0.00512263 -0.0102046
internal_weight=53724 29015 5748 1102 23267 22516 1355 24709 24296 867 751 2452 1259 386
internal_count=53724 29015 5748 1102 23267 22516 1355 24709 24296 867 751 2452 1259 386
cat_boundaries=0 1
cat_threshold=13576
is_linear=0
shrinkage=0.035


Tree=302
num_leaves=15
num_cat=0
split_feature=0 6 1 13 17 5 29 16 0 29 30 1 20 8
split_gain=3.74812 12.7081 6.9165 7.28778 7.14228 8.52416 7.04396 6.66504 7.53765 7.5936 8.25995 6.25451 9.35507 6.5554
threshold=4.0500000000000007 16.050000000000004 3.0500000000000003 2.5250000000000004 2.8640271498628382 4.4500000000000011 0.47559651477048942 0.15811388300841808 2.0500000000000003 0.78857998149907527 -0.82899557272681157 4.9500000000000011 2420.3571428571436 1.012119402319436
decision_type=8 10 8 10 10 8 2 10 10 2 2 8 10 2
left_child=1 2 3 7 5 -4 -5 -1 9 10 -9 12 13 -2
right_child=11 -3 4 6 -6 -7 -8 8 -10 -11 -12 -13 -14 -15
leaf_value=-0.00031903423207178599 -0.00013778420128183423 0.0024755306888330966 7.3621052512133915e-05 -0.0017197303169819325 -0.0014596957596487051 0.0014886208114298664 0.00025680137209506128 -7.2244349337709525e-05 -0.0014649258263606214 -0.00048892185334685262 0.0017961543010089954 -2.1106101238344001e-07 0.0011423310870518656 -0.0015065730488986251
leaf_weight=315 339 64 535 155 70 414 103 62 135 69 159 50718 142 444
leaf_count=315 339 64 535 155 70 414 103 62 135 69 159 50718 142 444
internal_value=5.21134e-06 0.00145973 0.000952028 -0.00111665 0.00297363 0.00377883 -0.00612167 0.000657718 0.0035 0.00664407 0.00975664 -5.35355e-05 -0.00289785 -0.00439721
internal_weight=53724 2081 2017 998 1019 949 258 740 425 290 221 51643 925 783
internal_count=53724 2081 2017 998 1019 949 258 740 425 290 221 51643 925 783
is_linear=0
shrinkage=0.035


Tree=303
num_leaves=15
num_cat=2
split_feature=30 21 21 32 22 23 5 30 32 5 14 5 26 22
split_gain=3.78904 7.70785 9.9361 13.621 8.98987 9.49322 9.80017 7.18846 11.5639 7.09102 15.4416 9.08982 6.68457 7.65393
threshold=0.97461712852231652 831.83110367892994 1347.7525252525254 0 1.2402338041324088 0.94739838778955376 411.00000000000006 0.94636490295939868 1 268.25000000000006 145.05000000000004 190.50000000000003 356.50000000000006 0.86180754779840463
decision_type=2 2 2 1 10 8 8 2 1 10 10 8 2 10
left_child=7 -2 3 4 5 6 -3 -1 -9 10 -4 -12 13 -11
right_child=1 2 9 -5 -6 -7 -8 8 -10 12 11 -13 -14 -15
leaf_value=3.2507417602301028e-07 -0.0040428891657908811 -0.0011877539258850478 -0.0003297232802106762 0.00092344374597767571 -0.0016516752713047274 0.00060473182186589322 0.00019788609770928753 -0.00018073791647290146 0.00076240729643109971 0.0008191307453234032 -0.0028112851815336147 -0.00049144696878484888 0.00076243671397334357 -0.00048884559596266421
leaf_weight=49292 63 70 1612 325 74 198 61 494 1014 65 70 83 133 170
leaf_count=49292 63 70 1612 325 74 198 61 494 1014 65 70 83 133 170
internal_value=5.21134e-06 -0.00121885 -0.000940335 0.00257844 -0.00175837 0.000733533 -0.00643382 7.57799e-05 0.00245208 -0.00214453 -0.00306497 -0.0135127 0.00225201 -0.0013125
internal_weight=53724 2924 2861 728 403 329 131 50800 1508 2133 1765 153 368 235
internal_count=53724 2924 2861 728 403 329 131 50800 1508 2133 1765 153 368 235
cat_boundaries=0 1 2
cat_threshold=23948 19468
is_linear=0
shrinkage=0.035


Tree=304
num_leaves=15
num_cat=1
split_feature=0 13 16 5 9 26 20 1 32 2 21 4 3 9
split_gain=3.9162 11.3221 8.75182 8.25486 9.20703 11.6357 9.08976 6.58992 8.00246 12.5448 11.8213 10.0885 9.07523 6.64077
threshold=4.0500000000000007 10.525000000000002 3.2041639575194796 4.0500000000000007 2492.5000000000005 179.50000000000003 2379.2261904761908 4.9500000000000011 0 5.5500000000000007 2364.7871376811595 3.0500000000000003 1.4500000000000002 1997.5000000000002
decision_type=8 8 10 8 10 2 10 8 1 10 2 8 10 10
left_child=1 2 3 -1 5 -5 -7 8 9 10 12 -10 -2 -14
right_child=7 -3 -4 4 -6 6 -8 -9 11 -11 -12 -13 13 -15
leaf_value=-1.7640670367544133e-05 0.0025451672235501641 0.005201953330521863 -0.0045422262040922369 0.0016037676971816701 -0.0020638425471852756 -0.00050265112130183534 0.0024096957582843545 -4.6699722557885795e-08 0.0012375152222435216 0.0027229193085676288 0.0017152100220552574 -0.0019468733271964991 -0.00097530930458109878 -0.0035964772933534204
leaf_weight=1326 54 54 50 286 71 225 69 50718 57 63 138 321 242 50
leaf_count=1326 54 54 50 286 71 225 69 50718 57 63 138 321 242 50
internal_value=6.51417e-06 0.00149329 0.00105069 0.00143037 0.00464177 0.00610256 0.00117057 -5.35355e-05 -0.00297312 -0.000186833 -0.00214724 -0.00676845 -0.00558405 -0.00801347
internal_weight=53724 2081 2027 1977 651 580 294 51643 925 547 484 378 346 292
internal_count=53724 2081 2027 1977 651 580 294 51643 925 547 484 378 346 292
cat_boundaries=0 1
cat_threshold=33441
is_linear=0
shrinkage=0.035


Tree=305
num_leaves=15
num_cat=0
split_feature=8 17 23 4 9 22 22 9 3 30 1 5 1 3
split_gain=3.81399 12.8249 15.2148 14.205 13.0045 11.8661 11.7502 10.936 10.6563 10.5846 9.03756 10.7664 8.33792 18.9159
threshold=87.407836391970633 89.734455851183995 0.63452821575733587 399.25000000000006 2362.5000000000005 1.6741816458481436 0.64433746342902809 2332.5000000000005 361.00000000000006 -0.43733099657705293 491.00000000000006 411.00000000000006 471.00000000000006 300.80000000000007
decision_type=2 10 8 10 10 10 10 10 8 2 10 10 8 8
left_child=-1 2 3 6 7 8 -2 12 9 -6 -4 -12 13 -3
right_child=1 4 10 -5 5 -7 -8 -9 -10 -11 11 -13 -14 -15
leaf_value=1.3450437352268142e-05 0.00016631958652151669 0.00024598210110321988 -0.00095436607443096357 0.00098185437980295872 0.00057376682814927005 -0.0011874945298224399 -0.0007971074680773189 -0.0017669258693490898 0.00034879849870532724 0.0027553684684143483 0.001097402125313573 -0.00027247756530915769 7.5889014960652825e-05 -0.0010875282585968906
leaf_weight=47193 311 353 1200 72 70 71 78 102 780 124 158 342 2325 545
leaf_count=47193 311 353 1200 72 70 71 78 102 780 124 158 342 2325 545
internal_value=5.21134e-06 -0.000787179 -0.00298938 0.00262876 0.000304 0.0037 -8.88325e-05 -0.000767267 0.0047191 0.0119598 -0.00451613 -0.000554455 -0.000401177 -0.00325581
internal_weight=53724 6531 2161 461 4370 1045 389 3325 974 194 1700 500 3223 898
internal_count=53724 6531 2161 461 4370 1045 389 3325 974 194 1700 500 3223 898
is_linear=0
shrinkage=0.035


Tree=306
num_leaves=15
num_cat=3
split_feature=21 32 26 22 2 1 8 33 0 8 32 26 8 21
split_gain=3.78276 10.2453 9.72391 11.3163 8.58512 6.48847 6.52297 5.56041 11.6408 14.6771 14.184 14.7086 12.9041 13.3024
threshold=670.18874643874653 0 77.500000000000014 0.92128744127314266 280.75000000000006 125.25000000000001 11.519395589336645 1 69.90000000000002 4.5493017312672892 2 325.50000000000006 1.8205448813371023 1087.5000000000002
decision_type=2 1 2 10 8 8 2 1 10 2 1 2 2 2
left_child=1 2 3 -1 5 6 -3 8 10 -10 -2 12 13 -12
right_child=7 4 -4 -5 -6 -7 -8 -9 9 -11 11 -13 -14 -15
leaf_value=0.00078470908755063121 0.0006781411267283811 0.00068590069587811753 -0.0010499399238485506 -0.00079604546459831295 -0.00062928654161317332 0.00080851155954693758 -0.0012703957447282922 -2.2053476360973102e-05 -0.00047384376153563175 -2.077284848407607e-05 0.0017347166428527134 0.0014390393499695226 -1.8311753093120388e-05 -0.00034815085428311748
leaf_weight=82 1435 72 252 149 109 104 76 39855 67 6760 172 332 4143 116
leaf_count=82 1435 72 252 149 109 104 76 39855 67 6760 172 332 4143 116
internal_value=9.11984e-06 -0.0023086 -0.00555221 -0.000444915 0.00214096 0.00571984 0.000915033 4.63269e-05 0.000673696 -0.000322746 0.00177172 0.000842403 0.00030771 0.00740614
internal_weight=53724 844 483 231 361 252 148 52880 13025 6827 6198 4763 4431 288
internal_count=53724 844 483 231 361 252 148 52880 13025 6827 6198 4763 4431 288
cat_boundaries=0 1 2 3
cat_threshold=37580 2 22312
is_linear=0
shrinkage=0.035


Tree=307
num_leaves=15
num_cat=1
split_feature=29 32 26 2 17 0 3 1 3 1 22 3 3 16
split_gain=3.66894 5.8554 11.0059 8.60974 9.54283 4.07754 15.675 27.009 18.5507 15.1105 14.9952 15.6515 14.7737 14.6426
threshold=0.99966190462023474 0 91.500000000000014 57.600000000000009 3.6765393206696348 341.00000000000006 370.50000000000006 450.50000000000006 480.50000000000006 1052.5000000000002 0.79375166624291482 495.40000000000003 1255.0000000000002 107.61483346155016
decision_type=2 1 2 10 10 10 10 10 10 10 10 8 10 10
left_child=5 3 -3 4 -2 6 -1 -8 -9 -10 -7 13 -11 -12
right_child=1 2 -4 -5 -6 10 7 8 9 12 11 -13 -14 -15
leaf_value=5.9926294387806225e-06 0.00057575755124134053 -0.0017492243161833592 0.00062768387485848045 0.0013787197630482993 -0.0011610849041668704 0.00047952269826880933 -0.0011854019334943276 0.0023031230336831823 -0.00073063692410261854 0.0074210034702979714 7.5462814931652193e-05 -0.00014115282899004045 -5.3506484356936062e-05 0.0020206033325526618
leaf_weight=46496 75 152 80 78 99 598 706 96 394 53 1660 2788 80 369
leaf_count=46496 75 152 80 78 99 598 706 96 394 53 1660 2788 80 369
internal_value=1.17255e-05 -0.00300613 -0.00680162 0.000786517 -0.00351955 3.94403e-05 -6.3663e-05 -0.00380435 0.00150478 -0.00111842 0.000949262 0.000297594 0.00887681 0.00263274
internal_weight=53724 484 232 252 174 53240 47825 1329 623 527 5415 4817 133 2029
internal_count=53724 484 232 252 174 53240 47825 1329 623 527 5415 4817 133 2029
cat_boundaries=0 1
cat_threshold=38565
is_linear=0
shrinkage=0.035


Tree=308
num_leaves=15
num_cat=3
split_feature=33 21 8 16 9 32 5 30 20 32 19 23 19 26
split_gain=3.55681 11.329 15.9023 14.8167 11.6559 11.695 14.9484 11.4539 12.2739 12.4124 11.149 10.9586 10.8307 10.6467
threshold=0 1024.6362433862435 1.8205448813371023 206.63228335259748 1022.5000000000001 1 85.050000000000011 0.04621408538533487 774.64285714285722 2 440.25000000000006 0.98925945489760381 66.262500000000017 12.500000000000002
decision_type=1 2 2 10 10 1 10 2 8 1 8 8 10 2
left_child=1 2 -1 4 -3 -6 12 8 9 -4 -10 -11 -7 -9
right_child=-2 3 7 -5 5 6 -8 13 10 11 -12 -13 -14 -15
leaf_value=0.0010780097182160814 -2.0749566532709543e-05 0.0006639270115023205 0.0003269755347699877 -0.0016274019943324362 0.00035959846590286174 -1.9464252601133494e-05 -0.00046538394186911307 -0.0019826421915679938 -0.00013741383476827574 -0.0007459063922688814 -0.001094742268900476 -0.003430384965122363 0.00062011001346972555 8.7322963991141593e-05
leaf_weight=253 39855 1344 114 70 2561 1415 1149 169 2613 285 158 85 484 3169
leaf_count=253 39855 1344 114 70 2561 1415 1149 169 2613 285 158 85 484 3169
internal_value=9.11984e-06 0.000491573 -0.000521092 0.00147908 0.00164487 0.000941397 -0.000525628 -0.000854047 -0.00232975 -0.00744376 -0.00142471 -0.0103636 0.00137868 0.0005863
internal_weight=53724 13869 6846 7023 6953 5609 3048 6593 3255 484 2771 370 1899 3338
internal_count=53724 13869 6846 7023 6953 5609 3048 6593 3255 484 2771 370 1899 3338
cat_boundaries=0 1 2 3
cat_threshold=2 19658 26112
is_linear=0
shrinkage=0.035


Tree=309
num_leaves=15
num_cat=1
split_feature=0 13 17 5 9 8 16 23 32 26 22 28 22 29
split_gain=3.51434 15.422 9.42427 12.7131 10.2222 9.50623 8.62942 12.565 9.85907 8.95518 8.13958 7.94607 7.72751 10.8824
threshold=5.0500000000000007 14.525000000000002 0.70192278800603503 8.0500000000000025 1842.5000000000002 1.012119402319436 1.8708286933874192 0.98713361680627199 0 79.500000000000014 1.105689447222493 -0.56174490092936669 0.95435601728075226 0.9193901325473397
decision_type=8 8 8 10 8 2 10 10 1 2 10 2 10 2
left_child=1 6 3 4 -2 -4 7 12 10 -10 11 -9 -1 -14
right_child=2 -3 5 -5 -6 -7 -8 8 9 -11 -12 -13 13 -15
leaf_value=0.00021994598002027913 -0.0016775064475092172 0.0049249682541755071 0.00081306405044812718 0.00092302017705630385 -0.00050899685929117874 -5.9145735067356324e-06 -0.0011352928461939187 -0.00013671868602481153 -0.002500158777099872 0.00072628515389425998 0.00071731459239123278 -0.001775953943680865 0.0014896345888667324 -8.6662418562078461e-05
leaf_weight=1106 78 51 430 80 442 49699 236 105 103 412 116 230 543 93
leaf_count=1106 78 51 430 80 442 49699 236 105 103 412 116 230 543 93
internal_value=1.43312e-05 0.00117833 -5.44999e-05 -0.00439669 -0.0064 -2.09439e-06 0.00083079 0.00139329 -0.00180227 0.00151887 -0.00548283 -0.00833824 0.00316543 0.00622465
internal_weight=53724 2995 50729 600 520 50129 2944 2708 966 515 451 335 1742 636
internal_count=53724 2995 50729 600 520 50129 2944 2708 966 515 451 335 1742 636
cat_boundaries=0 1
cat_threshold=32864
is_linear=0
shrinkage=0.035


Tree=310
num_leaves=15
num_cat=2
split_feature=19 9 11 4 21 1 32 10 32 1 23 5 29 19
split_gain=4.92426 7.14781 7.53378 4.97831 11.1982 10.3642 12.4565 11.1967 13.2286 11.7129 13.5728 17.1655 11.4986 11.0977
threshold=1.2875000000000003 2592.5000000000005 1.2894444444444446 6.0500000000000007 2509.4701086956525 9.0500000000000025 0 14.491666666666669 1 17.550000000000004 0.54484478475140519 26.650000000000002 0.878110924644389 10.670833333333336
decision_type=10 10 10 10 2 8 1 10 1 8 10 10 2 10
left_child=1 2 -1 4 -2 6 -5 8 12 10 -9 -12 -7 -8
right_child=3 -3 -4 5 -6 7 13 9 -10 -11 11 -13 -14 -15
leaf_value=0.0005308261990067787 5.4735188784952322e-05 -0.00091614213995155295 -0.00088150279278695906 -0.0010488559628228106 0.0008525072826126882 -0.00020778379657405201 0.0003818385305292932 -0.0017718392999307589 0.00070194473638709738 -3.2742034121097111e-06 -0.00062156878531972968 0.0011769784777393585 0.0017900020581347648 -0.00064283338627657625
leaf_weight=103 5999 51 185 982 744 1465 775 384 1215 40162 876 192 312 279
leaf_count=103 5999 51 185 982 744 1465 775 384 1215 40162 876 192 312 279
internal_value=2.60567e-06 -0.00417151 -0.00191126 2.94999e-05 0.00091805 -9.90417e-05 -0.00253797 1.2553e-05 0.00207875 -0.000136236 -0.00321894 -0.00117428 0.000136719 0.000130964
internal_weight=53724 339 288 53385 6743 46642 2036 44606 2992 41614 1452 1068 1777 1054
internal_count=53724 339 288 53385 6743 46642 2036 44606 2992 41614 1452 1068 1777 1054
cat_boundaries=0 1 2
cat_threshold=34878 12886
is_linear=0
shrinkage=0.035


Tree=311
num_leaves=15
num_cat=1
split_feature=32 3 1 13 6 23 16 30 22 29 23 9 6 22
split_gain=4.06742 15.4334 10.4378 11.098 10.2136 9.63209 16.9564 14.0979 13.1558 11.7752 11.6752 11.6217 11.1982 11.0722
threshold=0 310.50000000000006 260.40000000000003 250.25000000000003 268.25000000000006 0.87913198361864497 9.9999999999999059 -0.056951011027366626 0.64433746342902809 -0.97509794945709805 0.27476363203900822 1452.5000000000002 3.9500000000000006 0.89632807438407258
decision_type=1 10 10 10 8 10 8 2 8 2 10 10 10 10
left_child=1 2 5 -4 -5 6 7 12 10 -10 -8 -9 -1 -7
right_child=-2 -3 3 4 -6 13 8 11 9 -11 -12 -13 -14 -15
leaf_value=-0.00049882377277438281 1.9849003267899957e-05 -0.00054875781334461852 0.0079111958142917844 -0.00040564232001152894 0.00065739375362689042 -0.0011619566681163173 -0.0012106397090104156 -0.00049754302099367514 0.0029019884020957051 -0.0010893668034997546 0.0010544757569636628 0.00036351930765308587 0.00094551412819802018 -0.00015517420526735466
leaf_weight=241 40700 772 57 177 253 672 58 922 55 1130 159 894 1876 5758
leaf_count=241 40700 772 57 177 253 672 58 922 55 1130 159 894 1876 5758
internal_value=6.51417e-06 -0.000531482 -0.000228441 0.00476626 0.00273563 -0.000437128 0.000661985 0.00183977 -0.00263682 -0.00408824 0.0052027 -0.000422845 0.0037771 -0.00134887
internal_weight=53724 13024 12252 487 430 11765 5335 3933 1402 1185 217 1816 2117 6430
internal_count=53724 13024 12252 487 430 11765 5335 3933 1402 1185 217 1816 2117 6430
cat_boundaries=0 1
cat_threshold=16899
is_linear=0
shrinkage=0.035


Tree=312
num_leaves=15
num_cat=3
split_feature=33 21 22 32 5 8 21 21 29 32 29 9 29 6
split_gain=3.80315 11.8999 13.6479 12.273 14.1951 11.2537 13.1253 13.9473 19.5173 15.0256 11.0294 10.9924 10.6583 10.2903
threshold=0 1224.1203703703707 1.1132586933191397 1 390.50000000000006 1.8205448813371023 1191.300322061192 1330.0925925925928 -0.46801505794253101 2 -0.62588817255938378 1617.5000000000002 0.45273815774107123 108.10000000000001
decision_type=1 2 10 1 8 2 2 2 2 1 2 8 2 10
left_child=5 2 3 12 -5 -1 -7 10 -9 11 -8 13 -2 -10
right_child=1 -3 -4 4 -6 6 7 8 9 -11 -12 -13 -14 -15
leaf_value=0.00091651482436156241 -0.00086935771818890176 -3.3372760759092792e-06 -0.0025056908267099658 0.00017288898134238369 -0.001464159399028926 -4.2372384404560931e-05 7.0276478336781252e-05 0.00029448706309551852 -7.7954465398843439e-05 -0.0010492196315860104 0.0010718067137934345 -0.0013382831437057886 -6.9572904836304194e-05 0.00071560067642364002
leaf_weight=532 145 37978 305 1184 111 9592 438 1812 221 357 740 66 132 111
leaf_count=532 145 37978 305 1184 111 9592 438 1812 221 357 740 66 132 111
internal_value=7.81701e-06 -0.000165914 -0.00288257 -0.00155358 -8.01527e-05 0.000506698 0.000306925 0.00206267 0.000612364 -0.00409868 0.0052071 0.000677966 -0.00803082 0.00332344
internal_weight=53724 39855 1877 1572 1295 13869 13337 3745 2567 755 1178 398 277 332
internal_count=53724 39855 1877 1572 1295 13869 13337 3745 2567 755 1178 398 277 332
cat_boundaries=0 1 2 3
cat_threshold=2 16528 58545
is_linear=0
shrinkage=0.035


Tree=313
num_leaves=15
num_cat=2
split_feature=0 22 3 16 3 1 22 3 14 16 22 32 32 1
split_gain=3.83206 14.9561 15.9556 14.8066 14.7651 22.3074 13.6981 12.4427 12.371 12.2605 11.7962 11.5665 10.7969 9.69367
threshold=341.00000000000006 0.79375166624291482 495.40000000000003 107.61483346155016 370.50000000000006 431.00000000000006 1.4753098498602497 601.00000000000011 450.12500000000006 77.604436292912808 1.6741816458481436 0 1 370.50000000000006
decision_type=10 10 8 10 10 10 10 10 10 10 10 1 1 10
left_child=4 -2 3 -3 13 11 7 -7 10 -9 -5 -6 -4 -1
right_child=1 2 12 8 5 6 -8 9 -10 -11 -12 -13 -14 -15
leaf_value=-1.9417843984081976e-06 0.00047900279398487293 6.6878217535676354e-05 -0.0012303476412888004 0.0036133462971512267 -0.0024134359236817208 0.00064425371746426737 0.0087093562757181164 -0.0014514399695791814 -0.00023627405661173165 -2.7926753869470525e-05 3.4766815066968886e-05 -0.00050601937937725771 -0.00010371973266398605 0.0022929008124559429
leaf_weight=46706 599 1679 109 186 239 224 70 109 116 261 67 431 2705 223
leaf_count=46706 599 1679 109 186 239 224 70 109 116 261 67 431 2705 223
internal_value=1.17255e-05 0.000890048 0.000244504 0.00259133 -8.77393e-05 -0.00371173 0.00083707 -0.000934891 0.00889037 -0.00485333 0.0131589 -0.00819259 -0.00146506 1.56603e-05
internal_weight=53724 5461 4862 2048 48263 1334 664 594 369 370 253 670 2814 46929
internal_count=53724 5461 4862 2048 48263 1334 664 594 369 370 253 670 2814 46929
cat_boundaries=0 1 2
cat_threshold=62082 16386
is_linear=0
shrinkage=0.035


Tree=314
num_leaves=15
num_cat=1
split_feature=11 1 0 3 1 23 10 27 8 2 3 0 14 32
split_gain=3.79478 9.57972 8.66351 6.46604 6.34324 10.0747 6.98096 5.22907 7.6942 4.77535 14.6636 18.8607 13.8225 19.0178
threshold=987.26515151515162 901.00000000000011 832.50000000000011 801.00000000000011 1154.0000000000002 0.90726705629918081 1055.8333333333337 -0.8783796973249266 532.73650046346222 329.75000000000006 268.25000000000006 250.50000000000003 326.62500000000006 0
decision_type=10 10 10 8 8 8 10 2 2 10 10 10 8 1
left_child=1 9 -3 -4 5 6 -2 8 -6 10 -1 -12 -11 -14
right_child=4 2 3 -5 7 -7 -8 -9 -10 12 11 -13 13 -15
leaf_value=9.3849870410878117e-06 0.00048985039428030351 0.0034087537773471225 0.0022419841574481195 -0.0002139186747162214 -0.0022864545747635491 -0.0020469984507393529 -0.00081419563889270055 6.0504060573397666e-05 0.00074729877921022767 0.00097400089310980718 -0.0010652197041838905 -6.7472152434231437e-05 -0.0002701561322936247 0.00021633564256714813
leaf_weight=45077 99 101 98 143 80 152 72 764 50 523 828 1841 1217 2679
leaf_count=45077 99 101 98 143 80 152 72 764 50 523 828 1841 1217 2679
internal_value=9.11984e-06 5.39877e-05 0.00585014 0.00213415 -0.00191899 -0.00608232 -0.000198864 -0.000389321 -0.00674074 1.54303e-05 -8.64903e-05 -0.00260471 0.00111551 0.000394771
internal_weight=53724 52507 342 241 1217 323 171 894 130 52165 47746 2669 4419 3896
internal_count=53724 52507 342 241 1217 323 171 894 130 52165 47746 2669 4419 3896
cat_boundaries=0 1
cat_threshold=26752
is_linear=0
shrinkage=0.035


Tree=315
num_leaves=15
num_cat=1
split_feature=16 0 17 2 14 1 22 0 32 30 23 30 21 6
split_gain=3.96081 12.8252 5.78218 3.96113 13.7457 13.0488 20.1761 11.7701 10.833 12.5528 13.7297 11.5511 10.8563 10.5129
threshold=560.35846336601708 520.50000000000011 688.22773644165443 329.75000000000006 326.62500000000006 370.50000000000006 1.3181215910014135 370.50000000000006 0 0.19969739736768838 1.134225889885087 0.33222858587828868 2219.1987179487182 169.75000000000003
decision_type=10 10 8 10 8 8 10 10 1 2 10 2 2 10
left_child=3 -2 -3 -1 5 -5 -7 -8 9 12 11 -11 13 -6
right_child=1 2 -4 4 8 6 7 -9 -10 10 -12 -13 -14 -15
leaf_value=-9.3946411868978133e-06 -0.0032828027852078836 0.0025902664498345242 -0.00091908843548063569 2.881570140742862e-05 0.0013699289436984498 0.0032335235440548431 0.0065789427326626588 -0.0028147248430745193 0.00012213453471817906 0.00074732197230215438 0.0011030844767668929 -0.00029254737834314375 -0.0010175126798949009 -0.0004812969552997618
leaf_weight=47956 74 53 82 271 69 127 55 72 3562 50 256 434 255 408
leaf_count=47956 74 53 82 271 69 127 55 72 3562 50 256 434 255 408
internal_value=9.11984e-06 -0.00474299 0.00175 2.81203e-05 0.000912114 0.00627358 0.0118919 0.00185606 0.000347291 -0.00216543 0.00103356 -0.00243354 -0.00541384 -0.00225104
internal_weight=53724 209 135 53515 5559 525 254 127 5034 1472 740 484 732 477
internal_count=53724 209 135 53515 5559 525 254 127 5034 1472 740 484 732 477
cat_boundaries=0 1
cat_threshold=26754
is_linear=0
shrinkage=0.035


Tree=316
num_leaves=15
num_cat=1
split_feature=32 3 15 23 6 22 26 26 1 17 6 9 6 6
split_gain=3.7871 12.2924 9.30293 8.53902 11.0965 12.6619 11.9693 13.3682 9.9173 15.9972 10.254 9.90173 18.7303 11.1604
threshold=0 341.00000000000006 250.25000000000003 0.88202963833570391 115.10000000000001 0.86180754779840463 237.50000000000003 256.50000000000006 297.25000000000006 25.619594773603229 49.050000000000004 2262.5000000000005 38.100000000000009 4.9500000000000011
decision_type=1 10 2 10 10 10 2 2 10 8 10 10 8 10
left_child=1 3 -3 8 5 -5 -6 -8 9 11 -11 -1 13 -13
right_child=-2 2 -4 4 6 -7 7 -9 -10 10 -12 12 -14 -15
leaf_value=8.3596327681951388e-05 1.9546569893921231e-05 -0.002902497773554944 -0.00040381036575686208 -0.0018444202794923774 -7.5598913167750919e-05 -0.00025578935109739912 0.001190855243070328 0.00025771676000127644 0.0030901250829262466 -0.002551950456504483 -0.00019535359039986387 -0.00031870916845404279 -0.00033820521077266522 0.0014405158064026986
leaf_weight=3692 40700 76 536 318 730 5422 93 298 93 179 644 70 338 535
leaf_count=3692 40700 76 536 318 730 5422 93 298 93 179 644 70 338 535
internal_value=9.11984e-06 -0.000510008 -0.00533225 -0.000270597 -0.00109598 -0.00171802 0.00208259 0.00698232 0.00074964 0.000550979 -0.00393116 0.00135022 0.00454114 0.00820492
internal_weight=53724 13024 612 12412 6861 5740 1121 391 5551 5458 823 4635 943 605
internal_count=53724 13024 612 12412 6861 5740 1121 391 5551 5458 823 4635 943 605
cat_boundaries=0 1
cat_threshold=16899
is_linear=0
shrinkage=0.035


Tree=317
num_leaves=15
num_cat=2
split_feature=32 26 33 23 17 21 5 26 22 24 23 16 11 11
split_gain=3.59059 10.2363 17.3476 12.1704 14.9089 13.2365 11.0789 10.3289 9.52135 8.48947 17.508 10.1659 12.8673 9.21373
threshold=0 332.50000000000006 1 0.87913198361864497 25.619594773603229 3000.1041666666674 159.80000000000004 354.50000000000006 1.0353966155003691 1.0000000180025095e-35 1.7985845743171256 107.61483346155016 288.72115384615387 358.86111111111114
decision_type=1 2 1 8 8 2 10 2 8 2 8 10 8 10
left_child=1 3 -3 4 6 9 -1 -4 -6 -5 11 12 -11 -14
right_child=-2 2 7 5 8 -7 -8 -9 -10 10 -12 -13 13 -15
leaf_value=0.00034398520681724876 1.6394948678005729e-05 0.0044823975070330466 0.0014438149319024737 0.00010625756819942518 -0.0002795169494294295 0.0041563352043528972 0.0016747932446281909 -0.0021372891566761943 -0.0056381840400306733 -0.00042470173984231202 -0.0023654787297888104 0.0042864359016614945 -0.0032305892964037469 -0.00058667077582678982
leaf_weight=2172 44147 164 312 1458 478 55 50 180 88 3924 530 60 53 53
leaf_count=2172 44147 164 312 1458 478 55 50 180 88 3924 530 60 53 53
internal_value=1.17255e-05 -0.000602064 0.00360061 -0.000913623 0.00100251 -0.00178478 0.00229457 0.000138067 -0.00404553 -0.00194476 -0.00267892 -0.00189744 -0.00211648 -0.0138739
internal_weight=53724 9577 656 8921 2788 6133 2222 492 566 6078 4620 4090 4030 106
internal_count=53724 9577 656 8921 2788 6133 2222 492 566 6078 4620 4090 4030 106
cat_boundaries=0 1 2
cat_threshold=515 2
is_linear=0
shrinkage=0.035


Tree=318
num_leaves=15
num_cat=1
split_feature=19 9 11 0 13 1 32 21 13 4 8 23 3 25
split_gain=4.93041 8.80017 7.06488 5.35025 9.12665 6.73144 8.08829 9.33641 9.03569 7.55541 6.17122 6.45033 6.1403 10.5854
threshold=1.2875000000000003 2592.5000000000005 1.2894444444444446 4.0500000000000007 10.525000000000002 4.9500000000000011 0 2364.7871376811595 5.9750000000000005 3.0500000000000003 0.56784925558152199 1.3520262152693856 9.0500000000000025 5.5000000000000009
decision_type=10 10 10 8 8 8 1 2 10 8 2 8 8 2
left_child=1 2 -1 4 12 6 7 8 10 -8 -5 -12 -2 -14
right_child=3 -3 -4 5 -6 -7 9 -9 -10 -11 11 -13 13 -15
leaf_value=0.00051047971878885275 0.00033397609058577032 -0.00090738597501314197 -0.00085241775829210669 0.0011081320998571757 0.0048977111773499896 2.7001036976825878e-06 0.0015625956995368544 0.0015657941646466957 0.002383630484887567 -0.0018862246009357848 -0.0027565260313299434 -0.00091548258284182907 0.0015716072918899318 -0.0029234810697259042
leaf_weight=103 1667 51 185 74 54 50625 54 143 50 320 91 162 64 81
leaf_count=103 1667 51 185 74 54 50625 54 143 50 320 91 162 64 81
internal_value=5.21134e-06 -0.00417151 -0.00167235 3.21221e-05 0.00187066 -3.4644e-05 -0.00303671 -0.000130841 -0.00302356 -0.00683805 -0.00516566 -0.00773256 0.00142543 -0.00536667
internal_weight=53724 339 288 53385 1866 51519 894 520 377 374 327 253 1812 145
internal_count=53724 339 288 53385 1866 51519 894 520 377 374 327 253 1812 145
cat_boundaries=0 1
cat_threshold=33441
is_linear=0
shrinkage=0.035


Tree=319
num_leaves=15
num_cat=2
split_feature=16 32 26 33 23 17 5 26 22 20 30 30 1 24
split_gain=3.70418 4.11217 10.0191 14.9164 10.2939 13.003 9.73093 8.47936 8.38529 7.77402 11.7281 11.6214 7.85864 7.48126
threshold=1.0000000180025095e-35 0 332.50000000000006 1 0.87913198361864497 25.619594773603229 159.80000000000004 354.50000000000006 1.0353966155003691 2391.8333333333335 1.0000000180025095e-35 -0.84774213365954088 74.950000000000017 1.0000000180025095e-35
decision_type=8 1 2 1 8 8 10 2 8 8 2 2 10 2
left_child=-1 2 4 -4 5 6 9 -5 -7 12 11 -11 -2 -6
right_child=1 -3 3 7 13 8 -8 -9 -10 10 -12 -13 -14 -15
leaf_value=0.00022714515501150336 0.0002362713102892339 1.5543549857585245e-05 0.0043254190906574725 0.0013931869056564657 0.00012254738219665164 -0.00026982835982881925 0.0016160809774367864 -0.0020625785398219439 -0.0054409421022590153 0.00085164367321496079 -0.00037737895785459609 0.0037091892620234319 -0.0017973897198783214 -0.00067026210461609121
leaf_weight=73 1795 44106 164 312 1463 478 50 180 88 79 118 100 77 4641
leaf_count=73 1795 44106 164 312 1463 478 50 180 88 79 118 100 77 4641
internal_value=6.51417e-06 -4.56612e-06 -0.000662657 0.0034947 -0.000972004 0.000790323 0.00199865 0.000276134 -0.00392294 0.00162603 0.00683775 0.0123641 0.000783165 -0.00177607
internal_weight=53724 53651 9545 656 8889 2785 2219 492 566 2169 297 179 1872 6104
internal_count=53724 53651 9545 656 8889 2785 2219 492 566 2169 297 179 1872 6104
cat_boundaries=0 1 2
cat_threshold=515 2
is_linear=0
shrinkage=0.035


Tree=320
num_leaves=15
num_cat=0
split_feature=19 30 22 0 1 13 20 30 5 6 6 17 5 1
split_gain=3.60237 6.97996 6.79719 5.57021 8.19391 7.55043 7.31521 7.51872 6.61044 7.00577 7.29507 6.09518 6.82147 7.20906
threshold=1.2875000000000003 0.11478523713130605 1.03699550618226 4.0500000000000007 4.9500000000000011 10.525000000000002 2411.8333333333335 -0.6588389295471534 2.5500000000000003 3.9500000000000006 4.4500000000000011 2.8640271498628382 4.4500000000000011 2.5500000000000003
decision_type=10 2 10 8 8 8 10 2 10 8 8 10 8 8
left_child=1 2 -1 5 6 11 8 -8 -5 -10 -11 12 -2 -14
right_child=3 -3 -4 4 -6 -7 7 -9 9 10 -12 -13 13 -15
leaf_value=0.00044204791354395261 2.9825835912379863e-05 -0.00083296129999664722 -0.0008633549096709643 0.00025424962322096682 3.265954547094219e-06 0.0047218845260901731 -0.0019792280669495279 0.0024562475528420438 -0.0042840434042415894 0.0025131668278333616 -0.00090328592029232605 -0.0012429104557543853 -0.00073521399080320226 0.0011982650152051828
leaf_weight=134 1162 118 87 161 50625 54 51 99 114 74 395 85 98 467
leaf_count=134 1162 118 87 161 50625 54 51 99 114 74 395 85 98 467
internal_value=9.11984e-06 -0.00356105 0.000154867 3.21221e-05 -3.60026e-05 0.00190807 -0.00334816 0.0036129 -0.00476636 -0.0064881 -0.00450422 0.00150248 0.00196016 0.00509649
internal_weight=53724 339 221 53385 51519 1866 894 150 744 583 469 1812 1727 565
internal_count=53724 339 221 53385 51519 1866 894 150 744 583 469 1812 1727 565
is_linear=0
shrinkage=0.035


Tree=321
num_leaves=15
num_cat=2
split_feature=13 11 3 0 29 4 1 23 32 15 10 32 25 9
split_gain=3.7847 6.36557 5.96065 5.44905 4.26763 3.6442 12.396 10.8607 13.9524 12.8041 10.6005 12.7054 12.3536 10.0387
threshold=1.2250000000000003 1.2894444444444446 1.0500000000000003 1.2500000000000002 0.54219432480460406 6.0500000000000007 9.0500000000000025 0.3856267347173799 0 8.9750000000000014 14.491666666666669 1 4.5000000000000009 1822.5000000000002
decision_type=8 10 8 8 2 10 8 10 1 2 10 1 2 8
left_child=1 2 -1 4 -2 -5 7 9 -9 -7 11 -8 -13 -14
right_child=3 -3 -4 5 -6 6 10 8 -10 -11 -12 12 13 -15
leaf_value=-0.00035063806143406932 0.0023712633933694613 -0.0024270491039067228 0.00082320571243166946 0.00010947788289767115 -0.00013337798421950126 -0.00018455292921125467 0.00067656059563786627 -0.0010457224488287487 0.00026928540970299399 -0.0021741043148748541 -1.4661199225540767e-05 0.00091736047157450935 -0.0016104552305712242 0.00013257478951783031
leaf_weight=68 88 62 74 6759 50 230 1125 613 950 236 41608 680 450 731
leaf_count=68 88 62 74 6759 50 230 1125 613 950 236 41608 680 450 731
internal_value=1.17255e-05 -0.004689 -0.00047619 3.00794e-05 0.00685315 1.18006e-05 -9.83315e-05 -0.0027704 -0.00136161 -0.007431 2.35431e-05 0.00203611 0.000242537 -0.00191821
internal_weight=53724 204 142 53520 138 53382 46623 2029 1563 466 44594 2986 1861 1181
internal_count=53724 204 142 53520 138 53382 46623 2029 1563 466 44594 2986 1861 1181
cat_boundaries=0 1 2
cat_threshold=34854 32937
is_linear=0
shrinkage=0.035


Tree=322
num_leaves=15
num_cat=1
split_feature=13 11 3 6 17 22 30 0 30 21 21 32 22 23
split_gain=4.32976 5.89218 5.22079 4.91532 11.581 8.15789 12.7509 5.91649 3.59023 7.75518 9.73365 10.3229 9.09028 8.46374
threshold=1.2250000000000003 1.2894444444444446 1.0500000000000003 1.2500000000000002 0.12472679967391598 1.043115684632798 -0.24372464231556024 1.2500000000000002 0.97461712852231652 831.83110367892994 1347.7525252525254 0 1.2165615031085786 0.99852451985666468
decision_type=8 10 8 8 8 10 2 8 2 2 2 1 10 8
left_child=1 2 -1 5 -5 -2 -7 -6 -9 -10 11 -11 13 -13
right_child=3 -3 -4 4 7 6 -8 8 9 10 -12 12 -14 -15
leaf_value=-0.000338365729283876 0.0016678112196934682 -0.0023421023852699891 0.00079439351249655931 -0.0012392239151228735 0.0021936825093367071 -0.0017033812159946938 0.0032150659144084361 1.0152944469081772e-05 -0.0037104183280064654 0.0013051520533491024 -0.00027490910587643359 -0.00016586556365990937 -0.0015738860559117208 0.00063007627202646302
leaf_weight=68 94 62 74 101 92 73 76 50161 63 247 2132 163 101 217
leaf_count=68 94 62 74 101 92 73 76 50161 63 247 2132 163 101 217
internal_value=3.9085e-06 -0.00502392 -0.000952381 2.35404e-05 6.56882e-07 0.00493952 -0.000227273 2.36927e-05 7.91124e-06 -0.0011834 -0.000904014 0.00257844 -0.000493952 0.002
internal_weight=53724 204 142 53520 53277 243 149 53176 53084 2923 2860 728 481 380
internal_count=53724 204 142 53520 53277 243 149 53176 53084 2923 2860 728 481 380
cat_boundaries=0 1
cat_threshold=33363
is_linear=0
shrinkage=0.035


Tree=323
num_leaves=15
num_cat=0
split_feature=14 8 0 26 22 29 9 17 29 3 23 30 9 9
split_gain=4.58491 8.40538 7.26477 12.0291 5.1403 6.64763 5.66885 4.88822 8.69271 6.42841 8.94302 8.80429 6.00466 6.29169
threshold=1.3750000000000002 0.56784925558152199 1.4500000000000002 101.50000000000001 1.03699550618226 0.78857998149907527 2352.5000000000005 0.40451991747787536 -0.96689237009891416 2.0500000000000003 1.3432425005682946 -0.89787881968372518 1977.5000000000005 1632.5000000000002
decision_type=8 2 8 2 10 2 8 8 2 8 10 2 10 10
left_child=1 4 3 -2 5 6 -1 8 -4 10 11 -9 13 -10
right_child=2 -3 7 -5 -6 -7 -8 9 12 -11 -12 -13 -14 -15
leaf_value=3.3855133585260489e-05 -0.0016750895262954875 -0.00074006136695936348 0.0010465630660406822 0.0028291595937418586 -0.00076757513770955637 -0.00034995833973358787 0.0020437571812217401 -0.0014584034045603666 -0.0015204612410620463 -9.5653645678178703e-07 -0.002769093119030658 0.0021460770926767687 -0.0013056359558187665 0.00022429765665570815
leaf_weight=94 61 76 50 102 96 64 52 52 53 52580 79 221 92 52
leaf_count=94 61 76 50 102 96 64 52 52 53 52580 79 221 92 52
internal_value=-2.60567e-06 -0.00379845 2.49311e-05 0.00729167 -0.0011254 0.00195349 0.00602649 1.97428e-06 -0.00486111 2.51242e-05 0.00470588 0.00767986 -0.00814356 -0.00222727
internal_weight=53724 382 53342 163 306 210 146 53179 247 52932 352 273 197 105
internal_count=53724 382 53342 163 306 210 146 53179 247 52932 352 273 197 105
is_linear=0
shrinkage=0.035


Tree=324
num_leaves=15
num_cat=0
split_feature=16 16 8 23 29 9 21 2 23 21 23 26 4 23
split_gain=4.63068 4.22116 11.1884 9.06473 8.98327 10.1655 8.66604 10.0125 9.30703 8.39676 8.21035 7.72054 7.83004 8.67263
threshold=1.0000000180025095e-35 0.54772255750852961 1.012119402319436 1.0335104840763021 0.9193901325473397 2042.5000000000002 2061.3252508361206 4.0500000000000007 0.99633868679112336 1355.5662393162395 0.9735056184947154 211.50000000000003 4.4500000000000011 0.92213648549263383
decision_type=8 8 2 8 2 10 2 10 10 2 8 2 8 10
left_child=-1 3 11 4 5 -2 -7 8 -8 -5 -9 12 -3 -14
right_child=1 2 -4 9 -6 6 7 10 -10 -11 -12 -13 13 -15
leaf_value=0.00021008520934855281 0.00077626722921355588 -0.00045762581813656395 -3.1538660682906011e-06 -0.001382107342028704 -0.00099370062952131607 -0.0011466291592399497 0.00067742918698118391 -0.0019938857529025436 -0.0017776674289361129 -0.00043454023042169477 0.00016364076686316178 0.0010820735512987413 0.0015418030046962792 2.5765817541310577e-05
leaf_weight=73 357 383 50582 69 174 53 286 88 51 778 65 360 184 221
leaf_count=73 357 383 50582 69 174 53 286 88 51 778 65 360 184 221
internal_value=3.9085e-06 -8.47995e-06 5.14159e-05 -0.00161734 0.000518999 0.0019337 -0.00108577 0.000424242 0.00378655 -0.00431338 -0.00686709 0.00346054 0.00150063 0.00486585
internal_weight=53724 53651 51730 1921 1074 900 543 490 337 847 153 1148 788 405
internal_count=53724 53651 51730 1921 1074 900 543 490 337 847 153 1148 788 405
is_linear=0
shrinkage=0.035


Tree=325
num_leaves=15
num_cat=0
split_feature=16 13 8 0 5 26 26 21 26 29 1 3 8 23
split_gain=4.6321 4.94807 6.48765 4.15321 8.21061 10.9993 12.9229 6.82032 6.61354 6.57519 6.4907 9.72682 6.36538 11.6971
threshold=1.0000000180025095e-35 1.2250000000000003 0.25503866753267823 4.0500000000000007 4.4500000000000011 179.50000000000003 81.500000000000014 2384.5993589743598 39.500000000000007 -0.92923668111203805 4.9500000000000011 2.5500000000000003 0.69719685036486001 0.98478105167885932
decision_type=8 8 2 8 8 2 2 2 2 2 8 10 2 8
left_child=-1 2 -2 4 9 6 8 -7 -6 -3 11 -5 13 -12
right_child=1 3 -4 10 5 7 -8 -9 -10 -11 12 -13 -14 -15
leaf_value=0.00020273222702135499 6.4150848104498062e-05 0.00092686522796451632 -0.00067253465221661852 0.001025473405264176 0.00073871478709477186 -0.00063508517205855867 0.0025031470848198116 0.0023372185806475425 -0.00071637386539140098 -0.00018508063517000214 0.00046392869557120746 -0.00094628870834245879 3.6052446423309741e-06 -0.0013724537615245225
leaf_weight=73 92 175 110 194 58 264 210 70 99 1026 77 701 50404 171
leaf_count=73 92 175 110 194 58 264 210 70 99 1026 77 701 50404 171
internal_value=2.60567e-06 -9.78455e-06 -0.00541063 1.11311e-05 0.0016151 0.00461048 0.00875 0 0.00108025 -0.000145108 -4.82038e-05 -0.00299444 4.14553e-06 -0.0055336
internal_weight=53724 53651 202 53449 1902 701 367 334 157 1201 51547 895 50652 248
internal_count=53724 53651 202 53449 1902 701 367 334 157 1201 51547 895 50652 248
is_linear=0
shrinkage=0.035


Tree=326
num_leaves=15
num_cat=2
split_feature=13 11 3 6 17 22 30 0 16 32 26 33 26 23
split_gain=3.77631 6.36557 5.96065 4.91271 11.5836 8.15789 12.7509 4.96736 3.70532 4.12794 7.91779 13.8576 8.46587 8.02809
threshold=1.2250000000000003 1.2894444444444446 1.0500000000000003 1.2500000000000002 0.12472679967391598 1.043115684632798 -0.24372464231556024 1.2500000000000002 1.0000000180025095e-35 0 332.50000000000006 1 349.50000000000006 0.87913198361864497
decision_type=8 10 8 8 8 10 2 8 8 1 2 1 2 8
left_child=1 2 -1 5 -5 -2 -7 -6 -9 10 13 -12 -13 -10
right_child=3 -3 -4 4 7 6 -8 8 9 -11 11 12 -14 -15
leaf_value=-0.00030079208963212201 0.0015843798788664238 -0.0022341758060981107 0.00072373568762660993 -0.0011753492774733444 0.0020940070490615076 -0.0016417700564223731 0.0031687592582914175 0.00021299899276037041 9.863081753641813e-05 1.5906063055453057e-05 0.0041514280991122839 0.0017714902253740286 -0.0012569027192783945 -0.00042108344905565371
leaf_weight=68 94 62 74 101 92 73 76 64 2681 43726 164 238 251 5960
leaf_count=68 94 62 74 101 92 73 76 64 2681 43726 164 238 251 5960
internal_value=6.51417e-06 -0.004689 -0.00047619 2.48482e-05 1.97065e-06 0.00493952 -0.000227273 2.50089e-05 1.05483e-05 0 -0.000669245 0.00303191 -6.94444e-05 -0.000951307
internal_weight=53724 204 142 53520 53277 243 149 53176 53084 53020 9294 653 489 8641
internal_count=53724 204 142 53520 53277 243 149 53176 53084 53020 9294 653 489 8641
cat_boundaries=0 1 2
cat_threshold=515 2
is_linear=0
shrinkage=0.035


Tree=327
num_leaves=15
num_cat=1
split_feature=16 13 8 0 32 11 1 0 1 9 10 20 25 3
split_gain=4.62644 4.35681 7.29287 4.01809 3.57987 12.7016 13.1132 12.8654 10.7507 16.9646 10.1505 9.1114 11.4493 8.99462
threshold=1.0000000180025095e-35 1.2250000000000003 0.25503866753267823 1.2500000000000002 0 310.04166666666669 351.00000000000006 319.80000000000007 260.40000000000003 2302.5000000000005 290.01666666666671 3033.7500000000005 2.5000000000000004 370.50000000000006
decision_type=8 8 2 8 1 10 8 10 10 8 10 10 2 8
left_child=-1 2 -2 -3 5 8 7 -7 11 10 -10 -5 -13 -8
right_child=1 3 -4 4 -6 6 13 -9 9 -11 -12 12 -14 -15
leaf_value=0.00018818163432899273 6.2208130325274726e-05 0.0012851525220871859 -0.00060475301119386157 -5.4151496867723977e-05 2.2106448181276052e-05 -0.0015650062068259148 0.00062180583842725797 -5.3446445820387608e-06 0.00043144510942267906 0.0018691812545038684 -0.00077333490046398732 -0.00068732820479867147 0.0027952911038859342 -0.00060434967861399129
leaf_weight=73 92 138 110 17936 33744 210 157 118 222 135 124 54 78 533
leaf_count=73 92 138 110 17936 33744 210 157 118 222 135 124 54 78 533
internal_value=7.81701e-06 -4.56612e-06 -0.00507246 1.50597e-05 -6.56463e-07 -0.000377132 -0.004174 -0.00987988 -0.000167888 0.00496914 0.000797721 -0.000305981 0.00868613 -0.00141007
internal_weight=53724 53651 202 53449 53311 19567 1018 328 18549 481 346 18068 132 690
internal_count=53724 53651 202 53449 53311 19567 1018 328 18549 481 346 18068 132 690
cat_boundaries=0 1
cat_threshold=49699
is_linear=0
shrinkage=0.035


Tree=328
num_leaves=15
num_cat=2
split_feature=19 9 11 0 1 17 1 10 0 17 8 32 32 5
split_gain=4.4617 5.89864 6.26751 4.63455 8.96065 11.6852 7.54899 11.1309 18.0812 11.7914 10.2757 17.705 9.61193 13.2515
threshold=1.2875000000000003 2592.5000000000005 1.2894444444444446 5.0500000000000007 4.0500000000000007 1.1381803659589822 9.0500000000000025 9.2071428571428591 8.5500000000000025 0.70192278800603503 1.4757872329925303 0 1 5.5500000000000007
decision_type=10 10 10 8 8 10 8 8 10 10 2 1 1 10
left_child=1 2 -1 4 5 -2 7 9 -9 -5 12 -12 -11 -14
right_child=3 -3 -4 6 -6 -7 -8 8 -10 10 11 -13 13 -15
leaf_value=0.00035247006056581437 0.00022905041015803488 -0.00076533690520359191 -0.00074934047694248001 -0.00069427029718094509 0.0006103180899365518 -0.0011703135670335959 7.9735542838377254e-06 -0.0030398238716026218 -0.00012195175456001907 0.00013643749981247068 -0.00091108048655712986 0.00057196719319636 0.0023205310030229511 7.8690122350298384e-05
leaf_weight=103 1122 51 185 439 1375 280 47524 249 306 595 524 625 184 162
leaf_count=103 1122 51 185 439 1375 280 47524 249 306 595 524 625 184 162
internal_value=5.21134e-06 -0.00396802 -0.00191126 3.0811e-05 0.00142164 -0.000547264 -4.56404e-05 -0.00172224 -0.0061875 -0.000732044 0.000367542 -0.00185009 0.00307082 0.00756233
internal_weight=53724 339 288 53385 2777 1402 50608 3084 555 2529 2090 1149 941 346
internal_count=53724 339 288 53385 2777 1402 50608 3084 555 2529 2090 1149 941 346
cat_boundaries=0 1 2
cat_threshold=34834 8291
is_linear=0
shrinkage=0.035


Tree=329
num_leaves=15
num_cat=4
split_feature=26 21 26 33 32 32 23 5 2 16 9 32 22 16
split_gain=3.81903 13.5153 18.8682 40.7485 14.7029 10.8764 11.8637 19.1522 11.7565 11.5808 10.2681 9.58978 11.2109 10.4413
threshold=91.500000000000014 743.51648351648362 114.50000000000001 0 1 2 0.83710801806166935 139.10000000000002 50.050000000000004 4.1836387533724961 1862.5000000000002 3 1.3181215910014135 289.92780657938982
decision_type=2 2 2 1 1 1 8 10 8 10 8 1 10 8
left_child=11 -2 3 4 -3 6 -5 8 9 -8 -6 12 -1 -13
right_child=1 2 -4 5 10 -7 7 -9 -10 -11 -12 13 -14 -15
leaf_value=0.00027513046336438143 -0.00069777381969686534 0.00061888594107045345 2.1715367122987499e-06 0.0011755851028663923 -0.00023773928543397691 -0.000285994235186447 0.00096252030208364881 -0.0012946800534700377 0.0012069575728521039 -0.0025485010221983065 0.0035553918249760243 -0.00011746685079424697 -0.0010336353509249304 0.0010750482701137321
leaf_weight=3226 547 340 35921 170 53 1511 212 115 319 95 515 10264 309 127
leaf_count=3226 547 340 35921 170 53 1511 212 115 319 95 515 10264 309 127
internal_value=1.30283e-06 0.000175866 0.000252318 0.00277061 0.00902492 0.00037341 0.00336393 0.00145442 0.00388273 -0.00100962 0.0124871 -0.000497452 0.00107465 -0.00103258
internal_weight=53724 39798 39251 3330 908 2422 911 741 626 307 568 13926 3535 10391
internal_count=53724 39798 39251 3330 908 2422 911 741 626 307 568 13926 3535 10391
cat_boundaries=0 1 2 3 4
cat_threshold=8 35601 21641 45312
is_linear=0
shrinkage=0.035


Tree=330
num_leaves=15
num_cat=4
split_feature=26 21 26 33 32 32 22 9 32 23 5 2 16 9
split_gain=3.65273 11.7762 20.3382 39.0355 14.7029 12.8842 12.7451 10.2681 10.0799 13.0811 11.4206 13.4901 16.648 15.2646
threshold=91.500000000000014 831.83110367892994 114.50000000000001 0 1 2 0.72275681343581921 1862.5000000000002 3 0.83710801806166935 139.10000000000002 50.050000000000004 4.1281553588336068 1362.5000000000002
decision_type=2 2 2 1 1 1 10 8 1 8 10 8 10 8
left_child=-1 5 3 4 -3 -2 -7 -6 9 -5 11 12 13 -11
right_child=1 2 -4 8 7 6 -8 -9 -10 10 -12 -13 -14 -15
leaf_value=-4.787182721204542e-05 0.0001505031116501271 0.00059722493313298542 5.8189860278531908e-06 0.0012301760459447223 -0.00022941841044378798 0.00013363681063814707 -0.00157355617628477 0.0034309531111018647 -0.0002581237170927983 -0.0019937640608709856 -0.0012383263201874467 0.001286858069849456 -0.0025194527271826276 0.0018833306446390252
leaf_weight=13926 365 340 35606 164 53 156 496 515 1280 84 131 317 109 182
leaf_count=13926 365 340 35606 164 53 156 496 515 1280 84 131 317 109 182
internal_value=1.04227e-05 0.000181142 0.000278838 0.00296069 0.00902492 -0.0035274 -0.0064018 0.0124871 0.00047546 0.00310878 0.00131039 0.00311334 -0.00138158 0.00335793
internal_weight=53724 39798 38781 3175 908 1017 652 568 2267 987 823 692 375 266
internal_count=53724 39798 38781 3175 908 1017 652 568 2267 987 823 692 375 266
cat_boundaries=0 1 2 3 4
cat_threshold=8 35601 21025 29833
is_linear=0
shrinkage=0.035


Tree=331
num_leaves=15
num_cat=2
split_feature=19 23 23 1 6 30 23 6 21 32 0 15 0 32
split_gain=3.58924 6.30664 6.6608 6.88578 4.42223 8.16142 9.84556 6.51924 9.51386 10.1545 12.6769 7.38089 11.3314 11.5328
threshold=1.2875000000000003 0.99852451985666468 0.92755412417248173 1.2500000000000002 2.0500000000000003 -0.78324956448884031 0.97565345693070116 3.9500000000000006 1364.1987179487182 0 5.5500000000000007 3.6250000000000004 4.9500000000000011 1
decision_type=10 10 10 10 8 2 10 8 2 1 10 2 8 1
left_child=1 2 3 -1 5 6 -2 8 -6 -10 -11 -9 13 -13
right_child=4 -3 -4 -5 7 -7 -8 11 9 10 -12 12 -14 -15
leaf_value=-0.00045738627883442853 0.0006653109841697147 -0.00090733977290775902 0.0012690204016641028 0.00074003235149479383 -0.0034274056292502536 0.0009914747965717658 -0.0029740437128179266 -0.00094358518154186958 0.00086272763868482495 -0.00012084210630869342 -0.003650409611757134 0.0017949641134904441 -4.9105386617287475e-07 0.00024145710406408728
leaf_weight=74 92 142 58 65 91 598 62 355 100 485 120 250 50495 737
leaf_count=74 92 142 58 65 91 598 62 355 100 485 120 250 50495 737
internal_value=2.60567e-06 -0.00356105 0.000519802 -0.00364583 2.55666e-05 0.00268164 -0.00440252 -1.26335e-05 -0.00314607 -0.00172535 -0.00344355 3.57818e-05 7.06975e-05 0.0037752
internal_weight=53724 339 197 139 53385 752 154 52633 796 705 605 51837 51482 987
internal_count=53724 339 197 139 53385 752 154 52633 796 705 605 51837 51482 987
cat_boundaries=0 1 2
cat_threshold=688 8290
is_linear=0
shrinkage=0.035


Tree=332
num_leaves=15
num_cat=0
split_feature=14 8 0 26 17 29 27 19 23 22 2 1 22 0
split_gain=5.01581 8.10241 5.70339 10.4603 5.457 7.32129 6.8991 5.81672 11.133 4.79417 6.88286 4.40297 10.6471 7.84367
threshold=1.3750000000000002 0.56784925558152199 1.4500000000000002 101.50000000000001 0.40451991747787536 -0.96689237009891416 1.0000000180025095e-35 2.0125000000000006 1.3520262152693856 1.03699550618226 1.0500000000000003 3.0500000000000003 1.084121941553696 4.0500000000000007
decision_type=8 2 8 2 8 2 2 8 10 10 10 8 8 8
left_child=1 9 3 -2 5 -4 -7 8 -6 10 -1 12 -9 -13
right_child=2 -3 4 -5 7 6 -8 11 -10 -11 -12 13 -14 -15
leaf_value=-0.00037935987609810542 -0.0017171488875069253 -0.00068885669918513867 0.00095196108469190255 0.0025489295007627495 0.0035187601557906296 -0.00033973391653062434 -0.001253889290882323 -5.4298185758357434e-05 -0.0028961729882929646 -0.00061698510662260822 0.00049029371721521782 0.00066038188536275114 -0.0046406066170857612 -2.3735393318652377e-06
leaf_weight=67 61 76 50 102 88 106 91 544 51 96 143 888 99 51262
leaf_count=67 61 76 50 102 88 106 91 544 51 96 143 888 99 51262
internal_value=-9.11984e-06 -0.00397933 1.96825e-05 0.00645833 -6.58093e-07 -0.00513889 -0.00814356 2.38019e-05 0.00704861 -0.00135048 0.00162791 4.64033e-06 -0.00286265 4.02646e-05
internal_weight=53724 382 53342 163 53179 247 197 52932 139 306 210 52793 643 52150
internal_count=53724 382 53342 163 53179 247 197 52932 139 306 210 52793 643 52150
is_linear=0
shrinkage=0.035


Tree=333
num_leaves=15
num_cat=1
split_feature=16 13 8 6 17 22 1 0 23 32 30 30 23 9
split_gain=6.79191 5.57695 5.92816 4.68784 10.8819 7.82633 14.1175 4.12371 4.05933 3.6879 8.26774 10.1866 13.2901 10.8225
threshold=1.0000000180025095e-35 1.2250000000000003 0.56784925558152199 1.2500000000000002 0.12472679967391598 1.043115684632798 1.6500000000000001 1.2500000000000002 0.91941980239646848 0 0.81800285027139286 -0.013976481981245173 0.96145939372814027 2262.5000000000005
decision_type=8 8 2 8 8 10 10 8 10 1 2 2 10 10
left_child=-1 2 8 5 -5 -3 -7 -6 -2 10 11 12 -9 -13
right_child=1 3 -4 4 7 6 -8 9 -10 -11 -12 13 -14 -15
leaf_value=0.00018647938952556011 0.0017497766395229164 0.0014627233581490707 -0.00053432579567383768 -0.0012365336784495541 0.0019572416400330181 -0.0017352675718838441 0.0023157442501220097 0.00029507718243474177 -0.00060564610313317891 1.4722260530689869e-05 0.00045731278222624464 -0.0010050205945105696 -0.00056141642578710579 8.7754954800728377e-05
leaf_weight=73 50 93 74 95 92 66 83 2956 78 43726 1541 1783 2265 749
leaf_count=73 50 93 74 95 92 66 83 2956 78 43726 1541 1783 2265 749
internal_value=0 -1.5003e-05 -0.00574879 7.20245e-06 -1.51282e-05 0.00481781 -0.000227273 6.58923e-06 -0.00105263 -6.60066e-06 -0.000639166 -0.00110531 -0.00022101 -0.00292471
internal_weight=53724 53651 202 53449 53207 242 149 53112 128 53020 9294 7753 5221 2532
internal_count=53724 53651 202 53449 53207 242 149 53112 128 53020 9294 7753 5221 2532
cat_boundaries=0 1
cat_threshold=515
is_linear=0
shrinkage=0.035


Tree=334
num_leaves=15
num_cat=1
split_feature=16 13 8 6 17 22 30 0 15 17 2 1 29 32
split_gain=6.78848 4.34336 7.29287 3.64825 9.60593 7.63387 11.6764 3.6597 7.68294 7.37513 8.58111 7.78584 7.76283 6.99995
threshold=1.0000000180025095e-35 1.2250000000000003 0.25503866753267823 1.2500000000000002 0.12472679967391598 1.03699550618226 -0.24372464231556024 4.0500000000000007 13.550000000000002 3.166434169582709 6.0500000000000007 3.0500000000000003 0.9193901325473397 0
decision_type=8 8 2 8 8 10 2 8 2 8 8 8 2 1
left_child=-1 2 -2 5 -5 -3 -7 8 9 10 11 -6 13 -12
right_child=1 3 -4 4 7 6 -8 -9 -10 -11 12 -13 -14 -15
leaf_value=0.00017995261089216231 7.5232393779744449e-05 0.0014089880394271889 -0.00053765462445063306 -0.0011932549997038233 -0.00045590329022507706 -0.0016158507211386343 0.0031107684440246312 -5.3340404842205928e-06 0.0032099955755439304 -0.0015716956185944219 0.00078815825652157564 0.00051311962195210508 -0.0013124228961404845 0.0026644297197607005
leaf_weight=73 92 86 110 95 522 77 79 51461 51 66 163 667 53 129
leaf_count=73 92 86 110 95 522 77 79 51461 51 66 163 667 53 129
internal_value=2.60567e-06 -1.23938e-05 -0.00507246 7.20245e-06 -1.24972e-05 0.00425101 -0.000434783 7.90707e-06 0.00162742 0.00117757 0.00168291 0.000263819 0.0065 0.00872054
internal_weight=53724 53651 202 53449 53207 242 156 53112 1651 1600 1534 1189 345 292
internal_count=53724 53651 202 53449 53207 242 156 53112 1651 1600 1534 1189 345 292
cat_boundaries=0 1
cat_threshold=33281
is_linear=0
shrinkage=0.035


Tree=335
num_leaves=15
num_cat=1
split_feature=16 19 8 9 5 30 21 16 30 32 3 6 21 1
split_gain=4.63352 4.92062 5.10723 6.19578 7.91978 4.76539 3.70875 8.93688 3.71911 10.5636 12.2125 12.9013 14.8952 10.745
threshold=1.0000000180025095e-35 1.2875000000000003 0.14709000372968026 2372.5000000000005 1.2500000000000002 -0.35042475891464198 3229.576539855073 3.8171386673438747 -0.93543596745397617 0 199.75000000000003 77.100000000000009 1242.8416149068325 100.50000000000001
decision_type=8 10 2 10 8 2 2 10 2 1 10 10 2 8
left_child=-1 2 -2 4 -4 -6 8 -8 9 10 11 13 -13 -3
right_child=1 6 3 -5 5 -7 7 -9 -10 -11 -12 12 -14 -15
leaf_value=0.0001736542695109389 3.4319098376413008e-05 0.00063222958142582556 -0.0014632241553582707 -0.00092480760231002828 0.00094859993251892856 -0.00058420199276511102 0.0018055801696353708 -0.00042057936178496296 1.4546617525257323e-05 -0.00013461014401023097 -0.00039374763094729182 1.3027457099001884e-05 0.0013423445589821048 -0.00086024352216308622
leaf_weight=73 101 407 72 63 50 51 97 94 46316 5936 116 109 145 94
leaf_count=73 101 407 72 63 50 51 97 94 46316 5936 116 109 145 94
internal_value=1.30283e-06 -1.10892e-05 -0.00419591 -0.00697095 -0.0033427 0.0029717 1.57542e-05 0.00482143 -1.97636e-06 -0.000765561 0.00280474 0.00446711 0.0108108 0.00117589
internal_weight=53724 53651 337 236 173 101 53314 191 53123 6807 871 755 254 501
internal_count=53724 53651 337 236 173 101 53314 191 53123 6807 871 755 254 501
cat_boundaries=0 1
cat_threshold=20480
is_linear=0
shrinkage=0.035


Tree=336
num_leaves=15
num_cat=3
split_feature=16 30 21 21 32 22 23 22 5 30 6 32 24 32
split_gain=3.70671 3.35698 7.78714 8.56612 11.0356 8.52655 7.47392 8.71377 8.11945 6.34237 8.1805 10.4855 9.32471 9.21818
threshold=1.0000000180025095e-35 0.97461712852231652 831.83110367892994 1347.7525252525254 0 1.2165615031085786 0.99852451985666468 1.0792761919082021 140.50000000000003 0.92843842216862604 220.30000000000004 1 4.5000000000000009 2
decision_type=8 2 2 2 1 10 8 10 10 2 8 1 2 1
left_child=-1 9 -3 4 -4 6 8 -8 -6 -2 12 -12 -11 -14
right_child=1 2 3 -5 5 -7 7 -9 -10 10 11 -13 13 -15
leaf_value=0.00016757637007805418 -4.0046615289790483e-06 -0.0035746231303751611 0.0012629292948916967 -0.00025798954924055156 -0.00096333777492992577 -0.0015089368179083663 0.0013459234603454707 7.3229818446540759e-07 7.8032484103625067e-05 0.00078819387868318358 0.00050729670515600701 -0.00049426943522126038 0.001110632099754435 -0.00065680158467897802
leaf_weight=73 48391 63 247 2132 64 101 87 130 99 1016 370 478 149 324
leaf_count=73 48391 63 247 2132 64 101 87 130 99 1016 370 478 149 324
internal_value=3.9085e-06 -7.17534e-06 -0.00115949 -0.000879581 0.00238745 -0.00077621 0.00163636 0.00583333 -0.00395833 5.93302e-05 0.00183817 -0.000902696 0.00339692 -0.000658996
internal_weight=53724 53651 2923 2860 728 481 380 217 163 50728 2337 848 1489 473
internal_count=53724 53651 2923 2860 728 481 380 217 163 50728 2337 848 1489 473
cat_boundaries=0 1 2 3
cat_threshold=33363 45624 960
is_linear=0
shrinkage=0.035


Tree=337
num_leaves=15
num_cat=0
split_feature=0 13 15 15 3 1 3 1 3 1 23 11 22 16
split_gain=3.49718 16.2554 11.3654 12.1205 10.939 15.7993 18.963 17.3481 16.1001 14.7444 16.7262 16.0025 15.9349 12.2725
threshold=361.00000000000006 320.25000000000006 240.25000000000003 300.25000000000006 279.50000000000006 1030.7500000000002 741.25000000000011 582.00000000000011 1204.0000000000002 260.40000000000003 1.9828807267754229 368.37500000000006 1.0075122257192499 122.58670358577564
decision_type=10 10 2 2 10 10 10 10 10 10 8 8 10 10
left_child=4 -2 -3 -4 9 6 7 13 -7 -1 12 -12 -11 -6
right_child=1 2 3 -5 5 8 -8 -9 -10 10 11 -13 -14 -15
leaf_value=-4.5359033979930356e-06 0.0026018993171361129 -0.00094214990315746991 0.0018454278554597416 3.1759372559161397e-05 -0.00012112285375681765 0.006997507100495474 -0.002332838549935008 0.0018867218470260373 -8.0487395981649899e-05 0.00073185198732429464 0.003534009224080684 -0.00078869337696452549 -0.00041706481503376528 -0.0019533127852337669
leaf_weight=44462 183 149 162 4513 2575 56 244 162 89 298 193 57 354 227
leaf_count=44462 183 149 162 4513 2575 56 244 162 89 298 193 57 354 227
internal_value=6.51417e-06 0.000886872 0.000492856 0.000800214 -8.40483e-05 -0.00201161 -0.00252723 -0.0017447 0.0091 5.86303e-05 0.0044763 0.0120784 0.00149163 -0.00239401
internal_weight=53724 5007 4824 4675 48717 3353 3208 2964 145 45364 902 250 652 2802
internal_count=53724 5007 4824 4675 48717 3353 3208 2964 145 45364 902 250 652 2802
is_linear=0
shrinkage=0.035


Tree=338
num_leaves=15
num_cat=4
split_feature=26 21 26 33 32 22 32 0 32 16 1 29 23 5
split_gain=3.26502 11.2468 17.6988 34.8697 13.7726 12.2436 11.4232 10.812 9.62581 9.90571 12.5364 10.4949 9.61934 12.9792
threshold=91.500000000000014 831.83110367892994 114.50000000000001 0 1 0.64433746342902809 2 4.4500000000000011 3 5.4772255750516656 9.5500000000000025 0.94138322595482449 0.83710801806166935 139.10000000000002
decision_type=2 2 2 1 1 8 1 10 1 10 8 2 8 10
left_child=-1 5 3 4 -3 -2 -7 -6 12 10 -10 -11 -5 -14
right_child=1 2 -4 8 7 6 -8 -9 9 11 -12 -13 13 -15
leaf_value=-4.9256419825700894e-05 0.00031281957509369856 0.00055447836152186926 6.7392147130404544e-06 0.0012589727066488871 0.0067014594395882286 0.00012949813744765254 -0.0012168471141765854 0.0022866343872206532 -0.0014500954425951617 0.00087575708502394579 0.00058197452990042895 -0.00095087078062514442 0.00084246461415457888 -0.0012015785707963458
leaf_weight=13926 153 341 35606 145 113 248 616 454 204 88 512 621 587 110
leaf_count=13926 153 341 35606 145 113 248 616 454 204 88 512 621 587 110
internal_value=3.9085e-06 0.000165314 0.00026079 0.00276258 0.00849404 -0.0034589 -0.0050748 0.0118471 0.00041411 -0.00133681 0.0015534 -0.00426471 0.00334889 0.0016453
internal_weight=53724 39798 38781 3175 908 1017 864 567 2267 1425 716 709 842 697
internal_count=53724 39798 38781 3175 908 1017 864 567 2267 1425 716 709 842 697
cat_boundaries=0 1 2 3 4
cat_threshold=8 39681 16929 21641
is_linear=0
shrinkage=0.035


Tree=339
num_leaves=15
num_cat=2
split_feature=26 32 26 21 21 32 24 9 16 5 23 24 4 23
split_gain=3.15851 11.0369 6.58429 11.2941 11.3691 14.5597 12.277 16.4079 6.46031 5.42355 10.8073 5.4762 5.13236 4.91943
threshold=3.5000000000000004 0 10.500000000000002 955.8630952380953 1556.594202898551 1 3.5000000000000004 2412.5000000000005 35.023801430835235 42.050000000000004 0.85257315870794115 1.5000000000000002 29.950000000000003 1.1412884844793016
decision_type=2 1 2 2 2 1 2 10 10 8 10 2 10 8
left_child=1 -1 3 -2 5 -5 9 -8 -7 10 -6 -11 -3 -14
right_child=2 12 -4 4 6 8 7 -9 -10 11 -12 -13 13 -15
leaf_value=-0.00083806752953098033 -0.0033531559695457965 -0.00012970744328516415 5.2361364426134488e-06 0.0019018993077868425 0.00063108233496302795 -0.0020440014427460496 -0.0038414972851989245 8.6729016567882187e-05 0.00015869783411375074 0.0012436241955210766 -0.0029111333325777273 -0.00056942775150389845 0.0012181746251831644 0.0014290501575319283
leaf_weight=108 84 53 52639 101 52 55 120 72 53 94 54 99 66 74
leaf_count=108 84 53 52639 101 52 55 120 72 53 94 54 99 66 74
internal_value=0 0.00354575 -2.03077e-05 -0.00319392 -0.00168794 0.00507009 -0.00458669 -0.0113706 -0.00398374 -0.000115132 -0.00630631 0.00335859 0.00824519 0.012069
internal_weight=53724 301 53423 784 700 209 491 192 108 299 106 193 193 140
internal_count=53724 301 53423 784 700 209 491 192 108 299 106 193 193 140
cat_boundaries=0 1 2
cat_threshold=16954 61470
is_linear=0
shrinkage=0.035


Tree=340
num_leaves=15
num_cat=3
split_feature=33 0 30 32 8 21 22 5 32 8 8 22 0 0
split_gain=3.2704 10.965 13.0833 12.9284 14.3983 16.3398 11.8894 13.3041 11.7647 12.6173 11.6047 11.7131 11.5604 11.6747
threshold=0 69.90000000000002 -0.16799793862756093 1 1.698714927627593 1167.1714285714288 1.2402338041324088 16.550000000000004 2 84.560300217437955 7.539465326020947 1.4753098498602497 58.550000000000004 4.5500000000000007
decision_type=1 10 2 1 2 2 8 8 1 2 2 8 10 8
left_child=1 3 10 12 -5 -6 7 -7 -4 -10 -3 -12 13 -1
right_child=-2 2 8 4 5 6 -8 -9 9 -11 11 -13 -14 -15
leaf_value=0.001720207057099918 -1.7572219185815199e-05 -0.00045502727137912153 0.00060588668313361969 0.0014408114614315455 -6.7142696171138561e-05 -0.0017682916917731797 0.0032902834953411992 0.00057582529271592363 2.6991588726560937e-05 -0.00059326732485298574 -0.00014581864016211421 -0.0025546082126066661 0.0009314456504487562 0.00014008126437557169
leaf_weight=54 39855 119 1129 242 4006 123 134 972 2807 324 2879 74 283 723
leaf_count=54 39855 119 1129 242 4006 123 134 972 2807 324 2879 74 283 723
internal_value=-1.30283e-06 0.000461322 -0.000467494 0.00150336 0.000809359 0.000420802 0.00394246 0.00270455 0.000787808 -0.000322632 -0.00220669 -0.00176302 0.00501395 0.00281969
internal_weight=53724 13869 7332 6537 5477 5235 1229 1095 4260 3131 3072 2953 1060 777
internal_count=53724 13869 7332 6537 5477 5235 1229 1095 4260 3131 3072 2953 1060 777
cat_boundaries=0 1 2 3
cat_threshold=2 17704 1792
is_linear=0
shrinkage=0.035


Tree=341
num_leaves=15
num_cat=0
split_feature=5 9 4 29 2 2 3 0 1 23 3 0 17 1
split_gain=3.21578 14.3754 10.0291 12.5553 5.72634 6.88967 12.4245 15.3066 11.2223 28.482 10.7762 15.9537 20.6127 18.7868
threshold=1405.0000000000002 632.50000000000011 1154.0000000000002 -0.159513159777915 2412.5000000000005 329.75000000000006 268.25000000000006 230.50000000000003 230.50000000000003 0.61903782367930316 155.30000000000004 115.10000000000001 89.734455851183995 150.50000000000003
decision_type=10 10 10 2 10 10 10 10 10 10 10 10 10 10
left_child=4 -2 -3 -4 5 6 8 -8 10 -10 -1 13 -13 -12
right_child=1 2 3 -5 -6 -7 7 -9 9 -11 11 12 -14 -15
leaf_value=1.4166678610106899e-05 -0.0012923665763898769 -0.0007467013979047042 -0.0017298013554138589 0.00029734055564040548 -0.0018471069843522204 0.00010045142622598675 -0.0010986942515821103 -7.3229441071754898e-05 0.0019412442733289272 0.00017990829628005358 -0.0020186294925292145 -0.00017761606399694765 0.0021426123689771708 8.4046825910720228e-05
leaf_weight=40835 121 94 62 358 52 5152 690 2114 245 1113 402 2189 61 236
leaf_count=40835 121 94 62 358 52 5152 690 2114 245 1113 402 2189 61 236
internal_value=5.21134e-06 -0.00246094 0.000134875 0.00247059 3.4938e-05 4.68497e-05 -8.40468e-05 -0.00234247 5.66695e-05 0.00318415 -4.08205e-05 -0.00210508 -0.000713969 -0.00696734
internal_weight=53724 635 514 420 53089 53037 47885 2804 45081 1358 43723 2888 2250 638
internal_count=53724 635 514 420 53089 53037 47885 2804 45081 1358 43723 2888 2250 638
is_linear=0
shrinkage=0.035


Tree=342
num_leaves=15
num_cat=3
split_feature=26 21 25 33 9 32 22 0 22 32 6 5 22 9
split_gain=3.3206 10.8579 16.6831 35.8208 12.552 12.2355 10.8928 10.7972 12.4519 9.62769 10.2761 11.3121 9.28998 8.97371
threshold=91.500000000000014 831.83110367892994 4.5000000000000009 0 1897.5000000000002 1 0.72275681343581921 14.65 1.0416731226113007 2 1505.0000000000002 1808.1000000000001 1.3377372216410082 692.50000000000011
decision_type=2 2 2 1 8 1 10 10 8 1 10 10 10 10
left_child=9 5 3 4 -3 -2 -7 8 -6 12 -11 -12 -1 -13
right_child=1 2 -4 -5 7 6 -8 -9 -10 10 11 13 -14 -15
leaf_value=0.00024747624372619797 0.00013468258637107269 -0.00049400851463555606 1.6257725129353863e-06 2.5087588419006881e-05 0.00096601420175648929 0.00016771990920129697 -0.0014632004480297166 0.0015829332000590417 0.010181934948305377 -0.00012130567529772486 0.0010611150460498871 -0.00047062901100399266 -0.0012811299864307652 0.0004265671330777754
leaf_weight=4021 365 102 34753 2878 96 156 496 798 154 9341 85 70 352 57
leaf_count=4021 365 102 34753 2878 96 156 496 798 154 9341 85 70 352 57
internal_value=7.81701e-06 0.00017059 0.0002644 0.00239524 0.00757082 -0.00339041 -0.0061919 0.00877493 0.015098 -0.000457254 -0.00107912 0.00645161 0.000901322 -0.000265152
internal_weight=53724 39798 38781 4028 1150 1017 652 1048 250 13926 9553 212 4373 127
internal_count=53724 39798 38781 4028 1150 1017 652 1048 250 13926 9553 212 4373 127
cat_boundaries=0 1 2 3
cat_threshold=8 21025 45314
is_linear=0
shrinkage=0.035


Tree=343
num_leaves=15
num_cat=2
split_feature=33 8 21 16 9 22 19 32 9 3 29 20 22 21
split_gain=3.39091 10.7825 11.0193 12.5723 12.6878 10.913 14.5618 11.8583 15.9361 11.5218 10.4039 10.3828 10.1748 10.0733
threshold=0 1.8205448813371023 1191.300322061192 185.0096518102703 1212.5000000000002 0.63349840371956823 397.62500000000006 1 1142.5000000000002 83.90000000000002 0.99865421017599998 1362.0714285714287 1.004750457217916 1133.7980769230771
decision_type=1 2 2 10 10 10 8 1 10 8 2 10 10 2
left_child=1 -1 5 4 11 6 9 12 10 -3 -9 -4 -7 -2
right_child=13 2 3 -5 -6 7 -8 8 -10 -11 -12 -13 -14 -15
leaf_value=0.00074460364669562472 -0.00085889335408893494 0.00026152798228899283 0.0010101687906013252 -0.0014295324947886669 0.00012148009095133695 0.00037591854558130305 -0.00020968195509782554 -5.4720674600799997e-05 -0.00087535055853920002 0.00136183059832187 -0.0012345087013346501 -5.379020624960096e-05 -6.3791333438910082e-05 -9.7472215409322176e-06
leaf_weight=532 613 234 624 61 2805 1188 104 6161 538 123 161 255 1083 39242
leaf_count=532 613 234 624 61 2805 1188 104 6161 538 123 161 255 1083 39242
internal_value=1.04227e-05 0.000481489 0.000285939 0.00189467 0.00216319 -0.000342815 0.00488197 -0.000609129 -0.00133382 0.00821823 -0.000840841 0.00582014 0.00157699 -0.000153624
internal_weight=53724 13869 13337 3745 3684 9592 461 9131 6860 357 6322 879 2271 39855
internal_count=53724 13869 13337 3745 3684 9592 461 9131 6860 357 6322 879 2271 39855
cat_boundaries=0 1 2
cat_threshold=2 3232
is_linear=0
shrinkage=0.035


Tree=344
num_leaves=15
num_cat=2
split_feature=24 32 3 23 26 5 26 6 10 0 6 32 5 2
split_gain=3.4068 13.0125 10.0113 9.99968 9.56183 11.671 15.3071 10.272 11.3555 10.9065 9.01916 8.57963 11.4873 12.0475
threshold=4.5000000000000009 0 12.050000000000002 0.69633265111605336 19.500000000000004 22.050000000000004 7.5000000000000009 115.10000000000001 176.64166666666668 4.5500000000000007 11.025000000000002 1 10.950000000000001 26.100000000000005
decision_type=2 1 8 8 2 10 2 8 8 10 8 1 10 10
left_child=-1 2 3 -2 5 -3 -7 8 11 -9 -5 -6 -13 -14
right_child=1 4 -4 10 7 6 -8 9 -10 -11 -12 12 13 -15
leaf_value=1.851310770337067e-05 -0.0017128925327905952 0.00066084725009549477 5.82084293354937e-05 0.0010750537180490762 -1.9132330144197021e-05 0.00018346523955236921 -0.0030571253768746269 -0.00097652714489794741 -0.0021692250732349783 0.00011781407946215073 0.0024935233141062775 -0.0013323621477853611 0.00064244206005264473 -0.00051728442200415451
leaf_weight=41487 54 92 3574 202 2311 92 164 193 155 2570 139 739 522 1430
leaf_count=41487 54 92 3574 202 2311 92 164 193 155 2570 139 739 522 1430
internal_value=1.30283e-06 -0.000511763 0.00113328 0.0063875 -0.00130146 -0.00694051 -0.010728 -0.0010511 -0.00197307 0.000670159 0.00859827 -0.00167765 -0.00301367 -0.00160961
internal_weight=53724 12237 3969 395 8268 348 256 7920 5157 2763 341 5002 2691 1952
internal_count=53724 12237 3969 395 8268 348 256 7920 5157 2763 341 5002 2691 1952
cat_boundaries=0 1 2
cat_threshold=2512 12805
is_linear=0
shrinkage=0.035


Tree=345
num_leaves=15
num_cat=1
split_feature=22 23 6 22 23 32 30 21 15 17 8 20 26 5
split_gain=3.33658 48.345 13.9101 11.5199 10.9995 15.5065 12.2063 9.2628 9.22828 17.8505 11.3038 9.31591 10.1146 8.66973
threshold=0.66501501823972131 0.31404353297100485 85.050000000000011 0.63349840371956823 0.61162371633080947 0 0.90803977035715633 818.90224358974376 37.525000000000006 14.219925912804511 16.274104751852487 1422.6785714285718 235.50000000000003 25.050000000000004
decision_type=10 10 8 8 8 1 2 2 2 10 2 8 2 10
left_child=1 -1 8 7 5 6 -2 -4 10 -10 11 -3 13 -13
right_child=4 2 3 -5 -6 -7 -8 -9 9 -11 -12 12 -14 -15
leaf_value=-0.00065400680253266689 0.00053728444445433289 -0.00054351181611213305 0.00099406778993890266 -3.7555096216912445e-06 6.3801753246375831e-06 -0.0010741735126194292 -0.0024296360192951217 0.00051916397273386687 -0.0012291832448008205 0.00057157282956223586 0.0011818611838594808 0.0017387915803004552 -0.00062438489363443182 -5.8757204983915519e-06
leaf_weight=986 799 142 117 276 48486 1049 122 966 132 142 90 178 131 108
leaf_count=986 799 142 117 276 48486 1049 122 966 132 142 90 178 131 108
internal_value=7.81701e-06 0.00109074 0.00388719 0.0061327 -6.24244e-05 -0.00262278 0.00071047 0.00775276 0.000565733 -0.00476703 0.00283639 0.000930851 0.00356635 0.00721649
internal_weight=53724 3268 2282 1359 50456 1970 921 1083 923 274 649 559 417 286
internal_count=53724 3268 2282 1359 50456 1970 921 1083 923 274 649 559 417 286
cat_boundaries=0 1
cat_threshold=34597
is_linear=0
shrinkage=0.035


Tree=346
num_leaves=15
num_cat=1
split_feature=24 32 6 8 29 29 0 19 16 16 7 0 29 14
split_gain=3.26696 12.2617 13.5499 14.6321 15.1495 14.3041 12.9564 10.3759 9.94866 12.363 9.64953 13.2834 13.2268 11.623
threshold=4.5000000000000009 0 14.65 3.3550574147710273 0.14250626876356556 0.81428061195174062 2.9500000000000006 33.51250000000001 1.9663841604998762 2.8577380332466946 15.958114035087723 26.650000000000002 0.57077594689671507 34.525000000000006
decision_type=2 1 8 2 2 2 10 8 8 10 2 8 2 10
left_child=-1 2 6 4 -4 7 -2 -5 -3 -10 -11 12 -12 -13
right_child=1 8 3 5 -6 -7 -8 -9 9 10 11 13 -14 -15
leaf_value=1.8026976005282026e-05 0.00032777708663765675 0.0003656429527959654 0.0012633436906902308 -0.0013539054412879232 -0.0004908635249065913 0.00022672046534221837 -0.0023338218818209125 -0.00022000112509135697 -0.00060255350920152061 0.00214474685907598 -0.0001467353738600827 0.00097913008847430095 -0.0024529839386919741 1.6039062568131425e-05
leaf_weight=41487 169 1304 165 738 135 1003 624 2799 570 150 210 384 160 3826
leaf_count=41487 169 1304 165 738 135 1003 624 2799 570 150 210 384 160 3826
internal_value=7.81701e-06 -0.000494609 -0.00169175 -0.000996904 0.00642623 -0.00149395 -0.00592105 -0.00253953 0.000528781 -0.000145146 0.000443506 0.000152672 -0.00616 0.000714116
internal_weight=53724 12237 5633 4840 300 4540 793 3537 6604 5300 4730 4580 370 4210
internal_count=53724 12237 5633 4840 300 4540 793 3537 6604 5300 4730 4580 370 4210
cat_boundaries=0 1
cat_threshold=37934
is_linear=0
shrinkage=0.035


Tree=347
num_leaves=15
num_cat=2
split_feature=21 30 30 9 26 33 32 14 21 23 6 8 16 22
split_gain=3.29569 10.9121 9.13411 11.0741 8.98706 10.2989 14.4653 8.78377 8.59531 8.4338 9.91928 10.7288 8.31122 7.53299
threshold=2530.7846153846162 0.83730377313544024 0.93469109537144635 2582.5000000000005 262.50000000000006 0 1 7.9750000000000005 2679.5553359683799 1.1755379800227557 297.25000000000006 22.164774330575273 16.733200530681508 0.59027795823797924
decision_type=2 2 2 8 2 1 1 8 2 8 10 2 10 8
left_child=-1 4 3 -3 5 6 -2 -6 -8 10 11 -5 -11 -7
right_child=1 2 -4 9 7 13 8 -9 -10 12 -12 -13 -14 -15
leaf_value=-8.8781071856569586e-06 -8.9217037502138395e-05 0.00059434700095235664 5.1346988341759439e-05 -0.00080070873986923957 0.0028276460144348739 0.0018793572775435323 0.0013152021921189563 0.00061521832178089376 0.0027734806462132947 -0.0029120032489223704 -0.0014720580657685213 0.00096352674583064749 -0.0014753935894828347 -6.4042208774850456e-06
leaf_weight=45981 214 86 911 174 101 53 83 1261 92 131 89 57 80 4411
leaf_count=45981 214 86 911 174 101 53 83 1261 92 131 89 57 80 4411
internal_value=1.43312e-05 0.000682112 -0.00196347 -0.00523312 0.0013336 0.000626801 0.00597772 0.00384053 0.0130789 -0.00711754 -0.00344615 0.000444915 -0.0124769 0.000140656
internal_weight=53724 7743 1528 617 6215 4853 389 1362 175 531 320 231 211 4464
internal_count=53724 7743 1528 617 6215 4853 389 1362 175 531 320 231 211 4464
cat_boundaries=0 1 2
cat_threshold=8 19369
is_linear=0
shrinkage=0.035


Tree=348
num_leaves=15
num_cat=2
split_feature=33 0 32 8 26 23 29 30 26 6 17 1 8 23
split_gain=3.39332 10.8719 12.5756 13.7284 12.2518 12.237 12.7863 11.6149 11.4888 16.0536 11.4629 11.4624 13.6214 13.5772
threshold=0 69.90000000000002 1 1.698714927627593 321.50000000000006 0.99633868679112336 0.71503381463111937 -0.17646730165275518 295.50000000000006 48.050000000000004 0.66402866348832101 125.25000000000001 37.361786328515187 0.98713361680627199
decision_type=1 10 1 2 2 8 2 2 2 8 8 8 2 10
left_child=1 2 5 -4 8 -1 10 11 -5 -10 -7 -3 13 -13
right_child=-2 7 3 4 -6 6 -8 -9 9 -11 -12 12 -14 -15
leaf_value=0.00098443531052750614 -1.7797789745382933e-05 -0.00060377313085964457 0.001362577721543123 2.7527792013711253e-05 0.0010317938006143823 -0.00049360835690019178 -0.00086085994766501152 4.9065825648816344e-05 -0.0018437540535880493 0.00063767714519818639 0.00060665255965011548 -0.00022085025213459066 -0.00037315398391086612 0.00061637233579682547
leaf_weight=603 39855 1111 242 4373 351 56 172 4285 159 84 497 421 940 575
leaf_count=603 39855 1111 242 4373 351 56 172 4285 159 84 497 421 940 575
internal_value=5.21134e-06 0.000476448 0.00151406 0.000730283 0.000330853 0.00453462 0.0014863 -0.000448412 -0.000151482 -0.00747984 0.00407706 -0.00209862 -0.00046883 0.00237762
internal_weight=53724 13869 6537 5209 4967 1328 725 7332 4616 243 553 3047 1936 996
internal_count=53724 13869 6537 5209 4967 1328 725 7332 4616 243 553 3047 1936 996
cat_boundaries=0 1 2
cat_threshold=2 23848
is_linear=0
shrinkage=0.035


Tree=349
num_leaves=15
num_cat=3
split_feature=33 0 9 24 32 0 32 23 29 10 22 23 5 16
split_gain=3.46389 11.7139 9.85659 9.1004 9.91122 9.7289 12.4052 13.2669 11.1114 12.5556 10.8602 10.4247 10.0256 13.3624
threshold=0 4.5500000000000007 1117.5000000000002 5.5000000000000009 1 69.90000000000002 2 1.3980608637068686 0.9193901325473397 65.007142857142867 0.61968439436793876 1.0107009126407038 520.50000000000011 141.35398063537818
decision_type=1 8 8 2 1 10 1 10 2 10 10 10 8 8
left_child=1 -1 -2 5 -5 6 -3 8 10 11 -8 -10 13 -7
right_child=2 3 -4 4 -6 12 7 -9 9 -11 -12 -13 -14 -15
leaf_value=0.0014362986080633424 -0.0011207773918204551 0.00062462096770684271 -9.1836795019556454e-06 -0.0014480762783329849 -3.0209352096527978e-05 -5.3946439496980199e-05 0.0014002753256886131 0.0021508489148113819 0.00022524897523315063 -0.0024300536745587588 0.00021353188386639301 -0.0024113419093135637 0.00027392976374586268 -0.0020681785642054228
leaf_weight=115 509 363 39346 372 1009 5391 132 255 412 154 4430 97 1047 92
leaf_count=115 509 363 39346 372 1009 5391 132 255 412 154 4430 97 1047 92
internal_value=1.04227e-05 0.000486531 -0.00015538 0.000391744 -0.00229798 0.000692761 0.00172965 0.00129936 0.000916826 -0.0033009 0.00153273 -0.00061284 -0.000235654 -0.000835459
internal_weight=53724 13869 39855 13754 1381 12373 5843 5480 5225 663 4562 509 6530 5483
internal_count=53724 13869 39855 13754 1381 12373 5843 5480 5225 663 4562 509 6530 5483
cat_boundaries=0 1 2 3
cat_threshold=2 41984 19712
is_linear=0
shrinkage=0.035


Tree=350
num_leaves=15
num_cat=2
split_feature=22 23 32 20 17 20 32 1 9 16 15 6 4 23
split_gain=3.33505 23.1566 15.7823 10.7885 9.86875 12.8119 12.3589 11.4519 8.77042 7.43643 7.78304 8.66742 8.62984 7.29738
threshold=1.6251824594520763 0.5029595298864088 0 2221.5476190476197 77.53865421287837 1422.6785714285718 1 105.30000000000001 2222.5000000000005 32.339344532331772 9.0500000000000025 10.100000000000001 40.250000000000007 1.7549510370570294
decision_type=8 10 1 8 8 8 1 8 10 10 2 10 8 10
left_child=-1 2 -2 -4 6 -6 9 -8 -7 10 -3 -12 -13 -9
right_child=1 4 3 -5 5 8 7 13 -10 -11 11 12 -14 -15
leaf_value=-3.7785129475031989e-06 -0.00073388115166807722 0.0076588689605836813 0.016602780115609003 0.0022703407982043581 -0.0033615792225008727 0.00027373794935207837 -0.0026548795877993727 0.0043892986711758014 -0.0012723028598733655 0.0071574019614453182 -0.0045813218642812804 0.0042331309413882502 -0.00039856948896198953 -0.00047958555598231594
leaf_weight=52175 114 52 114 92 89 248 181 53 166 109 77 90 65 99
leaf_count=52175 114 52 114 92 89 248 181 53 166 109 77 90 65 99
internal_value=1.30283e-06 0.0015991 0.00990769 0.0152036 -0.000595624 -0.00434055 0.00201094 -0.00291667 -0.00167064 0.00609069 0.00314879 0.000295359 0.00503125 0.00401274
internal_weight=53724 1549 320 206 1229 503 726 333 414 393 284 232 155 152
internal_count=53724 1549 320 206 1229 503 726 333 414 393 284 232 155 152
cat_boundaries=0 1 2
cat_threshold=2325 14056
is_linear=0
shrinkage=0.035


Tree=351
num_leaves=15
num_cat=4
split_feature=33 9 8 21 0 20 20 8 32 24 32 22 9 32
split_gain=3.1995 9.83503 9.76344 9.98192 12.0006 16.897 12.0523 12.0486 10.0803 9.10774 9.20592 15.9528 14.8973 9.1086
threshold=0 1117.5000000000002 1.8205448813371023 1191.300322061192 78.050000000000011 1313.6666666666667 1510.7738095238099 5.1660822483872275 1 5.5000000000000009 2 0.64433746342902809 1142.5000000000002 3
decision_type=1 8 2 2 10 10 10 2 1 2 1 8 10 1
left_child=2 -2 -1 9 5 7 -7 -5 -6 10 -4 -12 -13 -11
right_child=1 -3 3 4 8 6 -8 -9 -10 13 11 12 -14 -15
leaf_value=0.00070447270198411573 -0.0010814179351535747 -9.4494408254350309e-06 0.00015624638567528494 -0.00015653748841667816 0.00028360476080955882 -0.00029883600802256939 0.00071779299467510116 0.0026701878530083329 -0.00026589368316790545 7.4567439725744823e-05 0.00079654552305528014 -6.8035648927839708e-05 -0.00087466276384798325 -0.0010101743549629128
leaf_weight=532 509 39346 3189 73 1266 430 732 258 986 318 320 4724 418 623
leaf_count=532 509 39346 3189 73 1266 430 732 258 986 318 320 4724 418 623
internal_value=-1.30283e-06 -0.000160647 0.000456281 0.000270199 0.00180133 0.00422897 0.00221937 0.0111458 0.000186088 -0.000328228 2.83041e-05 -0.000843527 -0.00131922 -0.00358879
internal_weight=53724 39855 13869 13337 3745 1493 1162 331 2252 9592 8651 5462 5142 941
internal_count=53724 39855 13869 13337 3745 1493 1162 331 2252 9592 8651 5462 5142 941
cat_boundaries=0 1 2 3 4
cat_threshold=2 18312 11488 6192
is_linear=0
shrinkage=0.035


Tree=352
num_leaves=15
num_cat=0
split_feature=5 30 21 28 1 15 3 0 2 6 19 3 10 1
split_gain=3.12884 4.79408 6.08302 4.15698 3.7972 19.8029 14.6826 27.0247 17.9726 12.5117 12.3365 12.0362 11.4797 11.4345
threshold=2025.0000000000002 -0.8142754349318998 776.79549114331735 -0.22252093395631442 113.10000000000001 79.975000000000009 99.750000000000014 45.050000000000004 230.50000000000003 180.25000000000003 68.937500000000014 120.25000000000001 103.34523809523812 99.750000000000014
decision_type=10 2 2 2 10 2 10 10 10 8 8 10 8 8
left_child=4 -2 -3 -4 6 -6 -1 8 11 12 -7 -8 13 -9
right_child=1 2 3 -5 5 10 7 9 -10 -11 -12 -13 -14 -15
leaf_value=1.393630480704955e-05 0.00026601629814247744 0.00017903219414836942 -0.00036959845781269157 -0.0012552384075016716 0.0030959969203688377 -0.0069867235342213167 -0.0012495549638113957 -0.00048567550622414585 0.00093285212749927575 0.00015197773073499568 3.2790229328074078e-05 -0.0038968846268165494 -0.00067530880272473174 0.00098235253790938232
leaf_weight=34043 77 80 67 79 375 52 255 511 98 1727 14166 263 1606 325
leaf_count=34043 77 80 67 79 375 52 255 511 98 1727 14166 263 1606 325
internal_value=-5.21134e-06 -0.00352273 -0.00606061 -0.0101987 1.50676e-05 0.000496301 -0.000165838 -0.00198017 -0.00879227 -0.000964303 0.000285453 -0.0113767 -0.00257458 0.000749108
internal_weight=53724 303 226 146 53421 14593 38828 4785 616 4169 14218 518 2442 836
internal_count=53724 303 226 146 53421 14593 38828 4785 616 4169 14218 518 2442 836
is_linear=0
shrinkage=0.035


Tree=353
num_leaves=15
num_cat=5
split_feature=26 21 26 33 32 32 23 32 23 32 16 1 23 5
split_gain=3.12427 10.8043 15.3662 30.6865 14.4107 10.0627 9.79496 9.53865 9.38749 9.29352 9.90571 11.4019 9.81953 11.3285
threshold=91.500000000000014 831.83110367892994 114.50000000000001 0 1 2 0.89932235726655574 3 1.6557367885011527 4 5.4772255750516656 9.5500000000000025 0.83710801806166935 139.10000000000002
decision_type=2 2 2 1 1 1 8 1 10 1 10 8 8 10
left_child=7 5 3 4 -3 -2 -7 8 -1 12 11 -11 -5 -14
right_child=1 2 -4 9 -6 6 -8 -9 -10 10 -12 -13 13 -15
leaf_value=0.00072847400968231095 0.00031482926782590076 0.0031592715192776291 7.8157067636996929e-06 0.0012140357620429006 0.0006409011686347194 -0.00021437367227727184 -0.0016381286726669382 -7.0752612596589615e-05 -0.0016100501832844196 -0.0013886804591216879 -0.00068048897032891025 0.00056645684218711747 0.00081210545278588401 -0.0011473420207514134
leaf_weight=1700 223 451 35606 145 457 464 330 12163 63 204 709 512 587 110
leaf_count=1700 223 451 35606 145 457 464 330 12163 63 204 709 512 587 110
internal_value=3.9085e-06 0.000161797 0.000255376 0.00258648 0.00796316 -0.00339041 -0.00519159 -0.000447204 0.00194882 0.000383436 -0.00133681 0.0015534 0.00326721 0.00154558
internal_weight=53724 39798 38781 3175 908 1017 794 13926 1763 2267 1425 716 842 697
internal_count=53724 39798 38781 3175 908 1017 794 13926 1763 2267 1425 716 842 697
cat_boundaries=0 1 2 3 4 5
cat_threshold=8 25774 16897 33024 21641
is_linear=0
shrinkage=0.035


Tree=354
num_leaves=15
num_cat=4
split_feature=33 24 10 32 14 21 22 0 32 26 8 1 32 23
split_gain=3.48286 9.71589 11.2816 9.94423 11.1437 9.0551 13.4404 8.70751 12.023 12.9064 10.6966 8.99409 11.042 10.1901
threshold=0 5.5000000000000009 4.741666666666668 1 12.525000000000002 1133.7980769230771 0.90120161940136667 69.90000000000002 2 325.50000000000006 1.698714927627593 103.35000000000001 3 1.3348314871537228
decision_type=1 2 10 1 8 2 10 10 1 2 2 8 1 10
left_child=1 2 -1 -3 -5 6 -2 8 -4 10 -10 12 -9 -14
right_child=5 3 7 4 -6 -7 -8 11 9 -11 -12 -13 13 -15
leaf_value=0.0013312561761834221 0.00020146778365580571 -0.0013752780989205208 0.00055491288711993216 -0.0019935144178327632 2.3407586808955331e-05 -9.1605927423124579e-06 -0.0017552639354837065 0.00055655974390396272 0.0012157906286941534 0.0014609197897432621 3.4832891313926754e-06 3.7507820516390345e-05 -0.00039738458760553739 -0.0025280384774953144
leaf_weight=81 266 372 1124 51 966 39242 347 395 207 312 4228 5111 876 146
leaf_count=81 266 372 1124 51 966 39242 347 395 207 312 4228 5111 876 146
internal_value=9.11984e-06 0.000486531 0.000796155 -0.00228479 -0.000440891 -0.000157136 -0.00436084 0.000708239 0.00168567 0.000904032 0.000417793 -0.000171437 -0.00263361 -0.00452266
internal_weight=53724 13869 12480 1389 1017 39855 613 12399 5871 4747 4435 6528 1417 1022
internal_count=53724 13869 12480 1389 1017 39855 613 12399 5871 4747 4435 6528 1417 1022
cat_boundaries=0 1 2 3 4
cat_threshold=2 41984 23848 39552
is_linear=0
shrinkage=0.035


Tree=355
num_leaves=15
num_cat=2
split_feature=29 32 0 28 5 25 29 32 21 5 9 5 9 8
split_gain=3.49983 11.2153 6.33108 7.87106 10.1057 6.08107 5.59309 15.9409 11.299 7.96229 7.56009 5.97994 8.92792 5.97115
threshold=0.99818282439137029 0 450.50000000000006 -0.56174490092936669 150.50000000000003 3.5000000000000004 0.9916835347852474 1 2295.4356060606065 5.5500000000000007 1797.5000000000002 70.250000000000014 1982.5000000000002 51.90162574746504
decision_type=2 1 8 2 8 2 2 1 2 10 10 10 8 2
left_child=6 -2 3 4 5 -3 -1 8 11 -9 -10 -8 -13 -11
right_child=1 2 -4 -5 -6 -7 7 9 10 13 -12 12 -14 -15
leaf_value=-1.4684385637381282e-06 -0.00073668825202909637 -0.0018744985402070295 -0.0014896770495167117 0.00069191870494493112 0.00098484620420321114 -0.00016516207583211817 0.0017127551257484276 0.0018276566159495568 -0.0018452571451833019 -0.00097584550247572024 0.00099113238189062962 -2.6842307060063189e-05 0.0010357481182479123 0.00031342850172819196
leaf_weight=51279 401 62 148 341 58 79 261 74 51 487 154 153 66 110
leaf_count=51279 401 62 148 341 58 79 261 74 51 487 154 153 66 110
internal_value=7.81701e-06 -0.00195155 0.000796586 0.00256881 -0.00291667 -0.00791096 4.85372e-05 0.00226304 0.00595 -0.00158163 -0.000833333 0.00894845 0.00453125 -0.00296512
internal_weight=53724 1089 688 540 199 141 52635 1356 685 671 205 480 219 597
internal_count=53724 1089 688 540 199 141 52635 1356 685 671 205 480 219 597
cat_boundaries=0 1 2
cat_threshold=16505 17595
is_linear=0
shrinkage=0.035


Tree=356
num_leaves=15
num_cat=1
split_feature=1 15 6 10 1 16 23 22 3 0 32 2 1 13
split_gain=3.16083 24.9764 11.6694 12.2247 20.0257 15.6523 11.7355 14.9031 11.5922 39.0643 26.2831 15.7451 14.2238 30.1701
threshold=84.100000000000009 62.525000000000006 30.100000000000005 103.34523809523812 113.10000000000001 26.832815729997368 1.0614142850984958 1.03699550618226 54.050000000000004 49.050000000000004 0 36.100000000000009 44.100000000000009 41.050000000000004
decision_type=10 2 8 8 10 10 8 10 10 10 1 8 10 10
left_child=8 -2 -3 5 6 -4 7 -5 12 10 -10 -11 -1 -14
right_child=1 2 3 4 -6 -7 -8 -9 9 11 -12 -13 13 -15
leaf_value=-8.700791897702233e-06 0.0029003508808671604 -0.0012830953523166476 0.00025039822495055768 -0.0004902260685251792 2.452739076130639e-05 0.003046127014141553 -0.0017250634567449565 0.0013707800967515435 6.9788164340165164e-05 0.0035584714654674624 -0.0016938625215262477 -2.5210394233871061e-05 0.0024887863269783053 0.00013513110097349902
leaf_weight=23862 480 186 1697 523 14205 262 457 115 650 65 1373 6844 469 2536
leaf_count=23862 480 186 1697 523 14205 262 457 115 650 65 1373 6844 469 2536
internal_value=1.30283e-05 0.000392359 0.000174499 0.000269636 -6.40314e-05 0.00286914 -0.00461364 -0.00152411 -0.000176936 -0.00126888 -0.00553994 -1.51866e-05 0.000186253 0.00245349
internal_weight=53724 17925 17445 17259 15300 1959 1095 638 35799 8932 2023 6909 26867 3005
internal_count=53724 17925 17445 17259 15300 1959 1095 638 35799 8932 2023 6909 26867 3005
cat_boundaries=0 1
cat_threshold=60176
is_linear=0
shrinkage=0.035


Tree=357
num_leaves=15
num_cat=1
split_feature=32 4 23 1 3 22 21 22 3 16 1 3 0 6
split_gain=3.21777 11.4414 18.8285 13.198 11.8578 11.7385 11.7928 10.1194 9.88165 16.2942 22.7946 11.412 13.2334 9.25895
threshold=0 321.00000000000006 1.0356646748630436 351.00000000000006 247.10000000000002 0.81448222247722313 1338.9791666666667 1.0769750631572614 495.40000000000003 62.915286960495642 84.100000000000009 349.00000000000006 400.50000000000006 321.00000000000006
decision_type=1 10 10 10 8 10 2 8 10 10 8 10 8 8
left_child=-1 8 3 4 -3 -5 -7 -4 9 -2 -11 12 -12 -10
right_child=1 2 7 5 -6 6 -8 -9 13 10 11 -13 -14 -15
leaf_value=2.951243019229111e-05 -1.5732173730704791e-05 0.0001675677354707625 0.0015321745524369359 0.00071423373627352911 -0.00096323087516165422 0.00054037904375910388 -0.0013355319723571202 -8.6788880923680542e-05 -0.0029055492148085012 -0.0024311506174824219 0.0017974050403638455 -0.00057718095294490631 0.0081457344473881976 -0.00013348268513357022
leaf_weight=26997 24533 109 111 89 526 107 212 313 70 62 265 92 161 77
leaf_count=26997 24533 109 111 89 526 107 212 313 70 62 265 92 161 77
internal_value=1.43312e-05 -0.000257834 -0.00325747 -0.00577767 -0.00891406 -0.000847458 -0.00399691 0.00293706 -8.31189e-05 -2.92619e-05 0.00574359 0.00816444 0.0105568 -0.00898026
internal_weight=53724 26727 1467 1043 635 408 319 424 25260 25113 580 518 426 147
internal_count=53724 26727 1467 1043 635 408 319 424 25260 25113 580 518 426 147
cat_boundaries=0 1
cat_threshold=3516
is_linear=0
shrinkage=0.035


Tree=358
num_leaves=15
num_cat=1
split_feature=32 14 0 14 16 19 26 22 1 1 19 3 3 26
split_gain=3.19403 12.5037 23.9614 11.3217 10.6598 13.1761 9.52742 12.9875 9.23573 8.32607 15.9819 14.3005 11.664 14.7979
threshold=0 465.50000000000006 400.50000000000006 250.25000000000003 152.57237066941968 630.12500000000011 165.50000000000003 1.0482869968400979 682.50000000000011 351.00000000000006 321.31250000000006 370.50000000000006 247.10000000000002 91.500000000000014
decision_type=1 8 10 10 10 8 2 10 10 10 8 10 8 2
left_child=-1 2 9 -4 5 -3 -5 -8 -6 10 11 -2 -12 -14
right_child=1 4 3 6 8 -7 7 -9 -10 -11 12 -13 13 -15
leaf_value=3.1814664906048566e-05 -8.014100868026786e-06 -0.00064160012351793642 0.0088866851609549387 0.00094424654545671347 -0.0031102230603073239 0.0004090592337069341 0.0014232736877083407 -0.00083724910324762603 -0.0009245587189197264 0.00044125084238829217 0.0002703697853711923 -0.0035337355065335444 -0.0013432414285917318 -0.00039293417856703432
leaf_weight=23772 27063 552 66 184 182 330 81 133 132 367 167 53 115 527
leaf_count=23772 27063 552 66 184 182 330 81 133 132 367 167 53 115 527
internal_value=9.11984e-06 -0.000231254 -8.51848e-05 0.00776119 -0.00373022 -0.00173619 0.00538462 0.000319635 -0.0092163 -0.000215217 -0.000284461 -0.000139375 -0.00511671 -0.00724884
internal_weight=53724 29952 28756 464 1196 882 398 214 314 28292 27925 27116 809 642
internal_count=53724 29952 28756 464 1196 882 398 214 314 28292 27925 27116 809 642
cat_boundaries=0 1
cat_threshold=3500
is_linear=0
shrinkage=0.035


Tree=359
num_leaves=15
num_cat=2
split_feature=22 23 23 32 23 17 6 19 16 20 0 10 32 1
split_gain=3.21885 50.8721 14.9302 14.0938 11.8256 14.1269 11.1478 13.5016 11.8312 11.0343 10.116 9.67213 9.43978 9.30361
threshold=0.5299172649572651 2.369857963854511 0.51811528013180297 0 0.20512848593319441 124.37776510304747 60.150000000000006 100.01250000000002 1.5165750888103318 2535.9166666666674 165.10000000000002 152.88690476190479 1 94.750000000000014
decision_type=10 8 8 1 10 10 8 8 10 8 10 8 1 10
left_child=1 6 3 4 -2 13 8 -8 -1 -3 11 12 -9 -6
right_child=2 9 -4 -5 5 -7 7 10 -10 -11 -12 -13 -14 -15
leaf_value=0.00031346871519697701 0.0029440527984063766 -0.0029913067491278934 9.0454631904929314e-06 -0.0010609559967352359 -0.00043533543052142343 -0.0017523154893382897 0.0013105761716854911 0.00070511203678788831 -0.00046890622754737851 -1.4382781484033048e-05 0.00047501789573067366 -0.0012318834603404576 -2.8021737775379977e-06 0.0036389605475607295
leaf_weight=155 132 172 50926 704 436 97 178 123 136 65 200 56 273 71
leaf_count=155 132 172 50926 704 436 97 178 123 136 65 200 56 273 71
internal_value=1.5634e-05 0.00169479 -2.8069e-05 -0.00353633 -9.32091e-05 -0.00218391 0.00481794 0.00687425 -0.00106419 -0.0128719 0.00447489 0.00153173 0.00349127 0.000205078
internal_weight=53724 1358 52366 1440 736 604 1121 830 291 237 652 452 396 507
internal_count=53724 1358 52366 1440 736 604 1121 830 291 237 652 452 396 507
cat_boundaries=0 1 2
cat_threshold=42885 18952
is_linear=0
shrinkage=0.035


Tree=360
num_leaves=15
num_cat=3
split_feature=24 32 4 1 8 0 13 33 32 23 30 3 1 22
split_gain=3.17404 12.0639 11.7404 14.5815 18.3216 15.2369 13.9832 12.8747 9.46974 11.0215 14.6045 8.93565 15.9685 8.73721
threshold=1.5000000000000002 0 330.50000000000006 150.50000000000003 39.876481335787666 155.50000000000003 370.25000000000006 1 2 0.80992628027774316 -0.84774213365954088 801.00000000000011 500.50000000000006 1.4753098498602497
decision_type=2 1 10 10 2 8 10 1 1 8 2 8 8 10
left_child=1 2 3 4 13 -5 -4 -6 9 -2 -11 12 -8 -1
right_child=8 -3 6 5 7 -7 11 -9 -10 10 -12 -13 -14 -15
leaf_value=0.00029057659897104682 0.00023892641204093738 -2.1318024135416059e-05 -0.0006870117246625696 0.0044452282384485836 -0.0015803205771333006 0.00065018896077489335 -0.00045836975961945444 -0.00010317965649420059 -1.7325520545630193e-06 -0.0029926901340289057 -0.00066659633777822118 -0.00054114073735984046 0.0010888853272747175 0.0058852667082004931
leaf_weight=3246 641 11186 165 54 140 455 162 275 35203 276 1286 264 256 115
leaf_count=3246 641 11186 165 54 140 455 162 275 35203 276 1286 264 256 115
internal_value=1.30283e-05 0.000420266 0.00182242 0.00256993 0.00181433 0.00810311 -0.00193075 -0.00508333 -0.000164657 -0.00238278 -0.00397575 0.000305677 0.00347518 0.00267231
internal_weight=53724 16318 5132 4285 3776 509 847 415 37406 2203 1562 682 418 3361
internal_count=53724 16318 5132 4285 3776 509 847 415 37406 2203 1562 682 418 3361
cat_boundaries=0 1 2 3
cat_threshold=7202 6 2
is_linear=0
shrinkage=0.035


Tree=361
num_leaves=15
num_cat=3
split_feature=22 23 0 32 22 22 22 3 32 26 6 17 23 32
split_gain=3.18252 42.1118 12.1355 14.3952 15.3689 13.5945 12.1123 11.3916 10.9364 9.79109 8.8839 11.8976 8.74058 14.2904
threshold=0.66501501823972131 0.35761826530182406 9.5500000000000025 0 0.39254815439153184 0.50538657577971635 0.47837056999104616 10.950000000000001 1 97.500000000000014 75.15000000000002 6.2087273576962412 0.61162371633080947 2
decision_type=10 10 10 1 10 8 8 10 1 2 10 10 8 1
left_child=1 2 5 4 -4 10 -3 -7 -8 -10 11 -1 13 -2
right_child=12 6 3 -5 -6 7 8 -9 9 -11 -12 -13 -14 -15
leaf_value=-0.0016967987762617467 -0.0011457194459435788 0.0006547476927797317 5.2774057880501038e-05 0.00025058134393254997 -0.0019811875684594723 0.00097717489617443905 1.8243493769585232e-05 -0.0016545328717456271 0.001909344022135622 0.00058397503949711221 -0.0030789836709297176 0.0002137496924281908 4.6980503006277544e-06 1.6505050983571801e-05
leaf_weight=87 762 335 158 185 94 129 965 302 239 621 99 54 48486 1208
leaf_count=87 762 335 158 185 94 129 965 302 239 621 99 54 48486 1208
internal_value=1.17255e-05 0.00106936 -0.00446541 7.91855e-05 -0.00524345 -0.00740385 0.00391224 -0.00361239 0.00277322 0.0056 -0.014 -0.00791096 -5.68756e-05 -0.00233924
internal_weight=53724 3268 1108 437 252 671 2160 431 1825 860 240 141 50456 1970
internal_count=53724 3268 1108 437 252 671 2160 431 1825 860 240 141 50456 1970
cat_boundaries=0 1 2 3
cat_threshold=46144 22129 22730
is_linear=0
shrinkage=0.035


Tree=362
num_leaves=15
num_cat=3
split_feature=33 0 0 32 21 6 26 10 26 6 13 32 20 13
split_gain=3.26567 9.45697 11.5041 15.9853 12.8319 10.4354 10.0958 9.58179 11.0631 14.9203 13.0998 9.96726 12.8443 9.67576
threshold=0 69.90000000000002 58.550000000000004 1 1024.6362433862435 124.25000000000001 325.50000000000006 4.741666666666668 275.50000000000006 48.050000000000004 52.550000000000004 2 1064.6428571428573 41.050000000000004
decision_type=1 10 10 1 2 10 2 10 2 8 10 1 10 10
left_child=1 2 6 4 -4 -3 7 -1 11 -10 -11 12 -9 -13
right_child=-2 5 3 -5 -6 -7 -8 8 9 10 -12 13 -14 -15
leaf_value=0.0012722204808185279 -1.731851737684198e-05 -0.00027401087816805004 -0.0028770669152763926 0.00082111838144214081 0.0020123709335085529 4.364202086334618e-05 0.0012036697266596282 6.2136064825378819e-05 -0.0014684849837241149 0.0015929714388848821 -0.0013355952400968547 0.00013006038563225991 0.0010016920850040691 -0.00070661044401867717
leaf_weight=87 39855 3134 132 412 103 4198 334 1243 347 115 90 2128 631 915
leaf_count=87 39855 3134 132 412 103 4198 334 1243 347 115 90 2128 631 915
internal_value=9.11984e-06 0.000471406 0.00143916 0.00585123 -0.00154 -0.000391168 0.000949958 0.00059162 0.000402813 -0.00427289 0.00316667 0.000931532 0.00292747 -0.000309026
internal_weight=53724 13869 6537 647 235 7332 5890 5556 5469 552 205 4917 1874 3043
internal_count=53724 13869 6537 647 235 7332 5890 5556 5469 552 205 4917 1874 3043
cat_boundaries=0 1 2 3
cat_threshold=2 12818 32448
is_linear=0
shrinkage=0.035


Tree=363
num_leaves=15
num_cat=3
split_feature=33 0 21 22 21 21 29 32 9 24 4 32 9 2
split_gain=3.0377 9.39625 9.10815 13.4404 9.00453 13.4578 20.9363 15.3174 12.0751 10.4856 8.38371 8.3142 9.15592 7.85858
threshold=0 4.5500000000000007 1133.7980769230771 0.90120161940136667 1215.5456349206352 1338.9791666666667 -0.46801505794253101 1 1617.5000000000002 5.5000000000000009 19.550000000000004 2 1202.5000000000002 8.0500000000000025
decision_type=1 8 2 10 2 2 2 1 8 2 8 1 10 8
left_child=1 -1 3 -2 9 11 -7 8 -8 -3 13 -6 -13 -5
right_child=2 4 -4 10 5 6 7 -9 -10 -11 -12 12 -14 -15
leaf_value=0.001334557566300968 0.0001791136193214954 1.6281851469386601e-05 -7.842200579368797e-06 -0.0011612446350543471 0.00097260002873437654 0.00026474965658954689 0.00061193708183558215 -0.000882057139196752 -0.00115253177020768 -0.0005787789628879875 -0.00034286776422847614 0.0010307200412672146 2.629184360420367e-06 -0.0042927635646137566
leaf_weight=115 266 9196 39242 69 294 1867 252 406 65 1000 141 244 430 137
leaf_count=115 266 9196 39242 69 294 1867 252 406 65 1000 141 244 430 137
internal_value=1.04227e-05 0.000456281 -0.000144846 -0.00436084 0.000371393 0.00188605 0.000566474 -0.00447115 0.00137048 -0.000157828 -0.00884943 0.00539568 0.0030479 -0.0132701
internal_weight=53724 13869 39855 613 13754 3558 2590 723 317 10196 347 968 674 206
internal_count=53724 13869 39855 613 13754 3558 2590 723 317 10196 347 968 674 206
cat_boundaries=0 1 2 3
cat_threshold=2 58513 17482
is_linear=0
shrinkage=0.035


Tree=364
num_leaves=15
num_cat=2
split_feature=21 20 16 32 22 26 16 13 23 22 0 32 23 1
split_gain=3.04294 8.02362 9.77168 9.33579 8.68089 7.47773 7.17414 11.7169 13.8437 13.8496 10.7518 17.0107 15.6037 11.4219
threshold=2488.4045454545462 2484.5833333333335 22.003787552752666 0 1.0385921700803735 67.500000000000014 107.61483346155016 1506.2500000000002 0.73525604905317465 1.498573722981692 99.750000000000014 1 0.98713361680627199 78.200000000000017
decision_type=2 10 10 1 10 2 10 10 8 10 8 1 10 10
left_child=1 -1 3 -3 -4 -5 10 8 -8 -10 13 12 -12 -2
right_child=6 2 4 5 -6 -7 7 -9 9 -11 11 -13 -14 -15
leaf_value=-4.5133109019485093e-06 0.00010977301778197309 -6.1846066417733947e-05 0.0012197375306170451 -0.0015079019373874744 -0.00018241961794663309 -0.00066744677992568342 -0.00031691490294552543 -0.0015443127235633413 0.0018526757023823305 -0.0029603994711860917 -0.00052267564249733279 4.1481421401348698e-06 -0.0034321364166695497 0.0011266553551622003
leaf_weight=44468 4280 262 69 87 59 209 111 74 290 50 397 2826 208 334
leaf_count=44468 4280 262 69 87 59 209 111 74 290 50 397 2826 208 334
internal_value=7.81701e-06 -0.000106955 -0.00384949 -0.00584369 0.00473684 -0.00990354 0.000612245 0.0045566 0.00667763 0.0101449 0.000352174 -0.00113068 -0.00637903 0.00145486
internal_weight=53724 45154 686 558 128 296 8570 525 451 340 8045 3431 605 4614
internal_count=53724 45154 686 558 128 296 8570 525 451 340 8045 3431 605 4614
cat_boundaries=0 1 2
cat_threshold=53514 352
is_linear=0
shrinkage=0.035


Tree=365
num_leaves=15
num_cat=3
split_feature=21 20 4 32 32 16 23 13 22 3 4 0 32 9
split_gain=3.12569 8.45704 8.64161 11.5089 7.99132 7.14445 11.2938 10.1749 13.1933 9.90282 9.86298 9.72176 14.6961 15.0675
threshold=2488.4045454545462 2484.5833333333335 87.050000000000011 0 1 107.61483346155016 0.73525604905317465 1506.2500000000002 1.498573722981692 431.00000000000006 642.50000000000011 99.750000000000014 2 2892.5000000000005
decision_type=2 10 8 1 1 10 8 10 10 10 8 8 1 10
left_child=1 -1 3 -3 -4 11 -7 8 9 -8 -11 -2 13 -13
right_child=5 2 4 -5 -6 6 7 -9 -10 10 -12 12 -14 -15
leaf_value=-4.3553450203820405e-06 0.00017248212647984264 -0.00014449801584478228 -0.00018445700759784747 -0.0014020056828119593 0.0011670469060468416 -0.00080667749535881972 0.0033048802698656984 -0.0010459255033622929 -0.0028567854896945767 -0.0013249553843765786 0.0017526438504988403 -0.00060629905232704485 4.0029571652308588e-06 -0.0035517630186658027
leaf_weight=44468 4614 274 102 204 106 117 86 68 50 50 154 412 2826 193
leaf_count=44468 4614 274 102 204 106 117 86 68 50 50 154 412 2826 193
internal_value=7.81701e-06 -0.000108506 -0.0039508 -0.00652174 0.00197183 0.000620408 0.0045566 0.00728814 0.00973913 0.0125763 0.00803828 0.00036087 -0.00104919 -0.00592742
internal_weight=53724 45154 686 478 208 8570 525 408 340 290 204 8045 3431 605
internal_count=53724 45154 686 478 208 8570 525 408 340 290 204 8045 3431 605
cat_boundaries=0 1 2 3
cat_threshold=55594 2062 352
is_linear=0
shrinkage=0.035


Tree=366
num_leaves=15
num_cat=1
split_feature=21 16 0 32 9 1 1 23 16 7 1 23 13 22
split_gain=3.35667 8.00954 9.40213 13.8293 15.4924 13.9789 10.835 12.9987 12.2602 11.85 10.3551 9.23852 10.1749 13.1933
threshold=2488.4045454545462 107.61483346155016 99.750000000000014 0 2892.5000000000005 113.10000000000001 78.200000000000017 0.95881336606693868 14.960264830861922 101.08130434782609 37.050000000000004 0.73525604905317465 1506.2500000000002 1.498573722981692
decision_type=2 10 8 1 10 10 10 10 10 2 8 8 10 10
left_child=-1 2 6 4 10 -6 -2 9 -9 -8 -4 -3 13 -13
right_child=1 11 3 -5 5 -7 7 8 -10 -11 -12 12 -14 -15
leaf_value=-9.5247591923339216e-06 9.9894087732812784e-05 -0.00077844378302126217 -0.0031754269368441772 1.8837635162655134e-05 -0.0055787869429392931 -0.00042020771532247597 0.0034696774798578653 -0.0014617794019705956 0.0030514078549515426 0.0001876102064435001 -6.6849894662498473e-05 0.001699325380692573 -0.0010093181107446105 -0.0027567979975552659
leaf_weight=45154 4280 117 71 2663 120 73 132 81 53 68 504 290 68 50
leaf_count=45154 4280 117 71 2663 120 73 132 81 53 68 504 290 68 50
internal_value=1.82397e-05 0.000653061 0.000378261 -0.00100844 -0.00509579 -0.0136111 0.0014094 0.00743363 -0.00100719 0.0129756 -0.00223276 0.00482075 0.00728814 0.00973913
internal_weight=53724 8570 8045 3431 768 193 4614 334 134 200 575 525 408 340
internal_count=53724 8570 8045 3431 768 193 4614 334 134 200 575 525 408 340
cat_boundaries=0 1
cat_threshold=328
is_linear=0
shrinkage=0.035


Tree=367
num_leaves=15
num_cat=1
split_feature=22 23 9 6 3 4 22 21 32 17 11 22 17 2
split_gain=3.07049 40.363 13.3155 9.6855 9.71621 18.6495 9.25576 8.99987 8.92734 9.24402 11.0013 8.7803 8.8762 8.58982
threshold=0.66501501823972131 0.20512848593319441 2742.5000000000005 85.050000000000011 24.900000000000002 63.900000000000006 0.63349840371956823 818.90224358974376 0 1.5666989036020624 8.3922619047619076 0.59027795823797924 1.7873551044569693 34.100000000000009
decision_type=10 10 10 8 10 10 8 2 1 8 8 8 10 10
left_child=1 11 3 4 8 -6 7 -5 -3 -10 -11 -1 -13 -8
right_child=-2 2 -4 6 5 -7 13 -9 9 10 -12 12 -14 -15
leaf_value=-0.0012400775278898879 -6.0732046971542779e-06 0.0018169416215027779 0.002008602773604303 0.00079704353946749541 -0.0014651620479449892 0.00059312404228131169 0.00089278672730741006 0.00028140756737863069 0.00079158033767288754 -0.00077692831015687953 3.2158314390646206e-05 0.0026045831440041738 -0.0014916690689306007 -0.00045732978771977355
leaf_weight=456 50456 142 92 142 146 110 64 1094 141 90 313 50 230 198
leaf_count=456 50456 142 92 142 146 110 64 1094 141 90 313 50 230 198
internal_value=9.11984e-06 0.00104797 0.00314545 0.00263395 -0.000147835 -0.00590038 0.00437791 0.00564061 0.00202605 -0.000125224 -0.00283088 -0.00614035 -0.00122807 -0.00157303
internal_weight=53724 3268 2532 2440 942 256 1498 1236 686 544 403 736 280 262
internal_count=53724 3268 2532 2440 942 256 1498 1236 686 544 403 736 280 262
cat_boundaries=0 1
cat_threshold=32908
is_linear=0
shrinkage=0.035


Tree=368
num_leaves=15
num_cat=2
split_feature=22 0 22 3 32 16 21 17 17 17 23 32 26 23
split_gain=3.28858 37.8435 16.4844 12.7572 11.3059 14.3141 10.0943 9.75801 9.80848 12.9559 8.49216 13.871 11.7563 8.89887
threshold=0.66501501823972131 3.9500000000000006 0.39254815439153184 27.100000000000005 0 74.206917916503258 807.55000000000007 6.4272307299687172 1.7376403015998525 0.8799965522561487 0.61162371633080947 1 14.500000000000002 0.20512848593319441
decision_type=10 10 8 10 1 10 2 8 10 10 8 1 2 10
left_child=1 2 -1 7 5 6 -3 8 9 -4 11 -2 -13 -14
right_child=10 4 3 -5 -6 -7 -8 -9 -10 -11 -12 12 13 -15
leaf_value=-0.0034541184030198813 -0.001104846672770161 0.00034294094432750949 -0.00038157230270329542 -0.0015145517189512881 0.00060938393987796215 -0.00071591523435926042 2.1972073240928427e-05 0.0020438780117538165 -0.0014291008647641396 0.0030905170171863245 3.4014893168340947e-06 -0.0029103196336628637 0.0030040300576067262 -3.3005100224614564e-05
leaf_weight=86 762 175 56 281 1272 115 1001 94 135 53 48486 56 109 1043
leaf_count=86 762 175 56 281 1272 115 1001 94 135 53 48486 56 109 1043
internal_value=1.5634e-05 0.00109074 -0.00606338 -0.00398237 0.00306659 0.000723583 0.0018967 0.000612245 -0.00309237 0.00460526 -5.41012e-05 -0.0023038 5.72363e-05 0.000847018
internal_weight=53724 3268 705 619 2563 1291 1176 338 244 109 50456 1970 1208 1152
internal_count=53724 3268 705 619 2563 1291 1176 338 244 109 50456 1970 1208 1152
cat_boundaries=0 1 2
cat_threshold=38497 22730
is_linear=0
shrinkage=0.035


Tree=369
num_leaves=15
num_cat=2
split_feature=5 6 2 9 29 4 2 3 32 1 23 14 32 9
split_gain=3.23619 12.4305 7.07418 6.98667 6.77364 9.22952 5.61869 12.172 11.7977 11.3631 23.0435 10.5379 12.6118 11.4587
threshold=1405.0000000000002 1100.5000000000002 2412.5000000000005 632.50000000000011 -0.159513159777915 1154.0000000000002 329.75000000000006 260.40000000000003 0 230.50000000000003 0.61903782367930316 326.62500000000006 1 2672.5000000000005
decision_type=10 8 10 10 2 10 10 10 1 10 10 8 1 8
left_child=2 -2 6 -3 -5 -6 7 9 -9 -1 -11 13 -13 -8
right_child=1 3 -4 4 5 -7 11 8 -10 10 -12 12 -14 -15
leaf_value=-8.3023059251174937e-07 -0.0015630232117103155 -0.00060006491962557814 -0.0017506240390738471 -0.0013133868877187114 -0.00066632213686968877 0.0004054028460777315 0.00033443718560661865 -0.0015871619141694406 -0.00011846009453292146 0.0021255968029023332 0.00019691274071513833 -0.00038999609545326892 0.00012247305219981687 0.0036498829497951094
leaf_weight=43697 103 99 52 56 56 321 424 253 2634 236 1065 499 4120 109
leaf_count=43697 103 99 52 56 56 321 424 253 2634 236 1065 499 4120 109
internal_value=1.30283e-05 -0.00246094 4.28485e-05 -0.000260708 0.00167808 0.00339005 5.60876e-05 -6.21215e-05 -0.00226314 7.9328e-05 0.00329632 0.00115377 0.000613106 0.00578996
internal_weight=53724 635 53089 532 433 377 53037 47885 2887 44998 1301 5152 4619 533
internal_count=53724 635 53089 532 433 377 53037 47885 2887 44998 1301 5152 4619 533
cat_boundaries=0 1 2
cat_threshold=36866 24704
is_linear=0
shrinkage=0.035


Tree=370
num_leaves=15
num_cat=2
split_feature=3 1 0 16 32 4 9 19 32 23 22 16 1 23
split_gain=3.03639 21.0683 20.2869 26.4157 18.7819 19.8106 18.4062 15.8611 15.0373 12.3517 23.0389 10.7531 10.3087 24.4253
threshold=20.100000000000005 20.100000000000005 22.550000000000004 8.3666002653402334 0 19.050000000000004 832.50000000000011 27.512500000000003 1 0.97827486111059303 0.82941136961873985 4.1281553588336068 26.550000000000004 0.5029595298864088
decision_type=8 10 10 10 1 8 10 10 1 8 10 10 8 10
left_child=1 2 3 8 5 -3 -6 -4 9 10 -1 -12 13 -2
right_child=12 4 7 -5 6 -7 -8 -9 -10 -11 11 -13 -14 -15
leaf_value=0.0013840468473376956 -0.001172987793943396 -0.0030104575629638902 -0.00271485383315073 -0.0065755367273326558 0.0035628765916848604 0.00095428708066064966 0.0013159649016951194 0.00071836923487275303 1.2747032673023907e-05 0.002185142608482672 -0.0018126789435830536 0.0010644562875566622 3.6232845650119308e-06 -3.1732967617872926e-05
leaf_weight=189 900 151 359 102 186 275 713 60 9911 319 132 51 37465 2911
leaf_count=189 900 151 359 102 186 275 713 60 9911 319 132 51 37465 2911
internal_value=1.5634e-05 0.00049466 -3.14522e-06 0.000294145 0.00465789 -0.00142857 0.00746718 -0.00751179 0.000468558 0.00540368 0.00111406 -0.00763298 -0.000128873 -0.0018619
internal_weight=53724 12448 11123 10704 1325 426 899 419 10602 691 372 183 41276 3811
internal_count=53724 12448 11123 10704 1325 426 899 419 10602 691 372 183 41276 3811
cat_boundaries=0 1 2
cat_threshold=34060 140
is_linear=0
shrinkage=0.035


Tree=371
num_leaves=15
num_cat=2
split_feature=22 23 22 32 28 4 3 17 23 32 23 26 22 20
split_gain=3.15905 33.9136 20.4325 11.1289 10.0653 9.10681 8.33875 8.49831 7.46537 12.256 10.8071 9.89255 9.62806 9.89845
threshold=0.66501501823972131 2.369857963854511 0.50538657577971635 0 -0.56174490092936669 495.40000000000003 21.550000000000004 4.9128130359309905 0.61162371633080947 1 0.20512848593319441 14.500000000000002 0.82218202008240315 2585.4166666666674
decision_type=10 8 8 1 2 8 10 8 8 1 10 2 10 10
left_child=1 3 -3 4 -1 -6 7 -4 9 12 -11 -12 13 -2
right_child=8 2 6 -5 5 -7 -8 -9 -10 10 11 -13 -14 -15
leaf_value=8.3952662290543437e-05 -0.00057419654797186777 -0.0026168110503502406 -0.0018494830418084337 3.5486924056638559e-05 0.0013724475108784352 -4.1131792614830801e-05 -0.0013793111986169916 0.0020573840220196875 3.2388443711778294e-06 0.0028835451891530465 -0.0031269808956440786 -3.1947678605791512e-05 -0.0022852143806678838 0.00093733655597598789
leaf_weight=349 376 164 64 1791 467 113 240 80 48486 112 53 1043 331 55
leaf_count=349 376 164 64 1791 467 113 240 80 48486 112 53 1043 331 55
internal_value=1.5634e-05 0.00106936 -0.00683544 0.00267156 0.00574682 0.00861538 -0.00233933 0.00422819 -5.2714e-05 -0.00216203 5.72363e-05 -0.00101726 -0.00558559 -0.00216743
internal_weight=53724 3268 548 2720 929 580 384 144 50456 1970 1208 1096 762 431
internal_count=53724 3268 548 2720 929 580 384 144 50456 1970 1208 1096 762 431
cat_boundaries=0 1 2
cat_threshold=24974 22730
is_linear=0
shrinkage=0.035


Tree=372
num_leaves=15
num_cat=1
split_feature=30 21 30 6 3 26 6 24 32 8 1 16 2 30
split_gain=3.11454 7.86775 6.75737 9.08369 10.4626 9.84721 12.5775 11.9787 8.65069 9.28696 15.1188 7.10155 17.8711 11.2963
threshold=0.97461712852231652 831.83110367892994 0.92519182738459482 80.15000000000002 29.900000000000002 347.50000000000006 16.050000000000004 4.5000000000000009 0 15.755522526399877 40.250000000000007 81.497023575635339 601.00000000000011 0.95691861501572195
decision_type=2 2 2 8 10 2 10 2 1 2 8 10 10 2
left_child=2 -2 -1 4 5 7 -7 -4 9 10 -6 -5 -13 -14
right_child=1 -3 3 11 8 6 -8 -9 -10 -11 -12 12 13 -15
leaf_value=-1.0232423132766622e-06 -0.0033109794894221126 -7.4434226883584036e-05 0.0023656170741809071 -0.00011325391975261945 -0.0020863382971810338 -0.0024117119264951523 0.0013965374453779955 0.0003097575916909429 0.0010087541074453453 -0.0013307937606724181 0.00093196133025022065 0.003502717760483456 0.00067216231461488505 -0.0019134265040162892
leaf_weight=48345 63 2861 263 1176 63 70 60 126 324 81 93 59 82 58
leaf_count=48345 63 2861 263 1176 63 70 60 126 324 81 93 59 82 58
internal_value=1.04227e-05 -0.00109935 7.44021e-05 0.00186382 0.00425806 0.00781489 -0.000518519 0.0105711 0.000927562 -0.00402778 0.000869565 -2.53623e-05 0.0060049 -0.000965517
internal_weight=53724 2924 50800 2455 1080 519 130 389 561 237 156 1375 199 140
internal_count=53724 2924 50800 2455 1080 519 130 389 561 237 156 1375 199 140
cat_boundaries=0 1
cat_threshold=50369
is_linear=0
shrinkage=0.035


Tree=373
num_leaves=15
num_cat=3
split_feature=33 10 21 22 26 32 30 22 30 32 8 8 5 4
split_gain=3.35352 9.23833 8.98438 11.5751 10.6838 11.1642 10.3715 11.4588 8.2934 9.52722 11.5685 8.7409 11.9783 8.48641
threshold=0 4.741666666666668 1224.1203703703707 1.1132586933191397 85.500000000000014 1 -0.97507822412530132 0.81043597146368618 0.53312596302726967 2 14.803209339266706 5.8749613062636152 23.100000000000005 35.100000000000009
decision_type=1 10 2 10 2 1 2 10 2 1 2 2 10 10
left_child=1 -1 3 4 -2 6 7 -6 -3 10 11 -10 -13 -14
right_child=2 8 -4 -5 5 -7 -8 -9 9 -11 -12 12 13 -15
leaf_value=0.0011765077284172805 -0.0014846369923252713 -1.2157576844260139e-05 -3.9458278126766617e-06 -0.0025738889510760134 0.00012816025159564649 0.0006037798147998497 -0.00013596754165404569 -0.0016446003686919803 -4.9861036919121862e-05 0.00048660198804363348 -0.00024957033796329522 0.0016896555793410864 -0.0012552606591142725 0.00033486403527285022
leaf_weight=91 88 9907 37978 305 67 650 609 158 402 2162 754 94 65 394
leaf_count=91 88 9907 37978 305 67 650 609 158 402 2162 754 94 65 394
internal_value=1.30283e-05 0.000481489 -0.000150113 -0.00251063 -0.00128725 -0.000564137 -0.00321555 -0.00958696 0.000406298 0.0017789 -0.000182715 0.00236979 0.00520609 0.00279095
internal_weight=53724 13869 39855 1877 1572 1484 834 225 13778 3871 1709 955 553 459
internal_count=53724 13869 39855 1877 1572 1484 834 225 13778 3871 1709 955 553 459
cat_boundaries=0 1 2 3
cat_threshold=2 58010 26737
is_linear=0
shrinkage=0.035


Tree=374
num_leaves=15
num_cat=2
split_feature=33 0 20 0 24 22 23 23 9 32 30 26 6 23
split_gain=3.12245 8.93544 11.3347 14.7643 11.7372 11.223 11.0502 10.3703 9.26241 8.76106 11.1322 17.2476 8.434 12.1838
threshold=0 69.90000000000002 960.357142857143 58.550000000000004 5.5000000000000009 1.6251824594520763 0.66967604380121915 0.91228353049667077 1042.5000000000002 1 0.82777578779003613 275.50000000000006 70.250000000000014 1.124202013102483
decision_type=1 10 8 10 2 8 8 8 10 1 2 2 8 10
left_child=1 2 4 6 -1 12 8 -8 -4 10 11 -9 13 -3
right_child=-2 5 3 -5 -6 -7 7 9 -10 -11 -12 -13 -14 -15
leaf_value=1.8872432242721394e-05 -1.6679470700222134e-05 -0.00083590406690704311 0.0033076845175823329 0.0009111565425891483 -0.0010809879058906111 -0.0028407257381148489 -0.0002361152631058561 0.00056045583913890481 0.00095835411584410072 0.0001400809945196624 0.0031051685933717425 -0.0012979189255398931 1.5218193233016431e-05 -3.4237351758272254e-05
leaf_weight=2323 39855 292 50 413 204 130 730 696 203 1691 91 136 6400 510
leaf_count=2323 39855 292 50 413 204 130 730 696 203 1691 91 136 6400 510
internal_value=1.43312e-05 0.000466364 0.00140706 0.00256289 -0.000428515 -0.000372087 0.00183648 0.00129591 0.00881783 0.00232532 0.00503731 0.00376344 -0.000184543 -0.00355638
internal_weight=53724 13869 6537 4010 2527 7332 3597 3344 253 2614 923 832 7202 802
internal_count=53724 13869 6537 4010 2527 7332 3597 3344 253 2614 923 832 7202 802
cat_boundaries=0 1 2
cat_threshold=2 20113
is_linear=0
shrinkage=0.035


Tree=375
num_leaves=15
num_cat=2
split_feature=5 1 14 0 0 16 32 5 1 7 32 25 3 1
split_gain=3.01245 12.4335 28.0135 19.7862 13.606 23.4454 16.5137 13.6402 12.4387 11.5839 12.3296 11.4454 10.9084 11.1409
threshold=56.550000000000004 44.100000000000009 44.300000000000004 22.550000000000004 50.050000000000004 14.257308030823301 0 28.550000000000004 49.100000000000009 42.034523809523812 1 4.5000000000000009 32.050000000000004 92.750000000000014
decision_type=10 10 10 10 10 10 1 8 10 2 1 2 8 8
left_child=1 4 3 -3 5 -1 11 -6 -4 10 -5 -7 -2 -14
right_child=12 2 8 9 7 6 -8 -9 -10 -11 -12 -13 13 -15
leaf_value=-1.3530284335758759e-05 0.00064912808676868838 0.0057109151216241522 -0.00081386138501775849 0.001487161804811893 -0.002721601179735504 0.0038981996434971208 -0.0045994467969548624 0.0011718937870593867 0.00018334734351869222 0.0024584840877204532 -0.00065676178861042388 -0.003203504363986808 -0.00022148608775017454 2.0394303779280867e-06
leaf_weight=22413 390 223 397 264 136 54 293 637 4028 209 304 57 5541 18778
leaf_count=22413 390 223 397 264 136 54 293 637 4028 209 304 57 5541 18778
internal_value=7.81701e-06 0.000249655 0.00175967 0.00703483 -9.79021e-05 -0.000253045 -0.00855746 0.00445373 0.000560948 0.00434143 0.0017103 0.00305556 -0.000276159 -0.000369799
internal_weight=53724 29015 5425 1000 23590 22817 404 773 4425 777 568 111 24709 24319
internal_count=53724 29015 5425 1000 23590 22817 404 773 4425 777 568 111 24709 24319
cat_boundaries=0 1 2
cat_threshold=41256 34709
is_linear=0
shrinkage=0.035


Tree=376
num_leaves=15
num_cat=1
split_feature=22 23 22 0 22 22 3 5 32 29 5 1 23 26
split_gain=2.94537 34.2124 10.9695 9.59758 13.5001 12.9626 10.4706 9.72955 9.43649 8.64269 8.62255 8.61989 8.38493 8.15625
threshold=0.66501501823972131 0.35761826530182406 0.47837056999104616 9.5500000000000025 0.47837056999104616 0.5299172649572651 10.950000000000001 57.550000000000004 0 -0.13398594226331254 110.25000000000001 39.850000000000009 0.5029595298864088 97.500000000000014
decision_type=10 10 8 10 8 10 10 8 1 2 10 8 10 2
left_child=1 3 -3 4 7 10 9 -1 -4 -6 -5 -8 -10 -14
right_child=-2 2 8 5 6 -7 11 -9 12 -11 -12 -13 13 -15
leaf_value=-0.00078557074811367754 -6.625344724759675e-06 0.00060135869292644482 -3.7603545303757653e-05 0.0010290077171560713 -0.0014728428131497041 -0.0028185515926052811 -0.00228959844400216 -0.0030920509886971101 -6.0692161096181927e-06 0.0013280285222822099 9.0188861858570003e-06 -0.00061776054268518159 0.0016756155526871954 0.00065490683318040598
leaf_weight=100 50456 335 742 61 62 75 120 98 325 83 301 208 226 532
leaf_count=100 50456 335 742 61 62 75 120 98 325 83 301 208 226 532
internal_value=9.11984e-06 0.00102658 0.00358891 -0.00396226 -0.00657544 7.91855e-05 -0.00329498 -0.0141379 0.00250546 0.00443333 0.00286104 -0.00672673 0.00455829 0.0066055
internal_weight=53724 3268 2160 1108 671 437 473 198 1825 145 362 328 1083 758
internal_count=53724 3268 2160 1108 671 437 473 198 1825 145 362 328 1083 758
cat_boundaries=0 1
cat_threshold=1649
is_linear=0
shrinkage=0.035


Tree=377
num_leaves=15
num_cat=3
split_feature=33 10 21 22 32 5 29 29 29 30 0 0 32 30
split_gain=2.95412 9.29885 8.45294 11.0153 9.93952 13.1405 9.34523 8.69123 8.19147 10.309 9.84492 13.2815 10.2828 9.51428
threshold=0 4.741666666666668 1224.1203703703707 1.1132586933191397 1 390.50000000000006 0.45273815774107123 0.95242846126021108 0.3261394409934788 0.04621408538533487 69.90000000000002 58.550000000000004 2 0.029024409397335523
decision_type=1 10 2 10 1 8 2 2 2 2 10 10 1 2
left_child=1 -1 3 4 6 -6 -2 -5 10 -10 11 12 13 -3
right_child=2 8 -4 7 5 -7 -8 -9 9 -11 -12 -13 -14 -15
leaf_value=0.0010807359294109909 -0.00078174065757281256 0.0011021022614574364 -4.6776212047178191e-06 -0.0030748916376554898 0.00018575708810766146 -0.0012966843910473681 -2.4296706979024533e-05 0.00039485216840748686 -0.00020918824371478879 7.2309617244088471e-05 -1.2758996080625697e-05 0.00089350859473127833 6.0104510255707403e-05 -4.0886873982284305e-05
leaf_weight=91 145 478 37978 254 1184 111 132 51 3124 2883 4006 399 2637 251
leaf_count=91 145 478 37978 254 1184 111 132 51 3124 2883 4006 399 2637 251
internal_value=6.51417e-06 0.000446197 -0.000146601 -0.00243624 -0.00124287 8.01527e-05 -0.00707192 -0.00846774 0.000370747 -0.000599634 0.00112076 0.00240451 0.00168199 0.00531586
internal_weight=53724 13869 39855 1877 1572 1295 277 305 13778 6007 7771 3765 3366 729
internal_count=53724 13869 39855 1877 1572 1295 277 305 13778 6007 7771 3765 3366 729
cat_boundaries=0 1 2 3
cat_threshold=2 16528 24065
is_linear=0
shrinkage=0.035


Tree=378
num_leaves=15
num_cat=1
split_feature=2 22 23 1 17 32 29 26 1 16 16 5 6 4
split_gain=2.9344 3.15175 22.6906 15.7791 9.07668 12.3421 11.986 9.22026 9.04281 8.73489 7.68412 7.94023 7.45399 5.9396
threshold=3525.0000000000005 1.6251824594520763 0.5029595298864088 13.750000000000002 77.53865421287837 0 0.90162119223771331 97.500000000000014 105.30000000000001 141.35398063537818 32.339344532331772 6.5500000000000007 10.100000000000001 40.250000000000007
decision_type=10 8 10 10 8 1 2 2 8 8 10 8 10 8
left_child=1 -1 3 -3 5 8 -6 -8 -4 -5 11 -7 -13 -14
right_child=-2 2 4 9 6 10 7 -9 -10 -11 -12 12 13 -15
leaf_value=-1.5664562262729388e-06 -0.00076483737185348624 -0.00064004454290228583 -0.0026064681127026088 0.014313705299141393 -0.0017654782691134564 0.005592870316439744 -0.0019532365683364162 0.0023358420289061824 0.0011547438096563007 0.0010488245532158369 0.0067064546556248033 -0.0041199768699509854 0.0036912645273550941 -0.00036198018014351076
leaf_weight=52139 53 92 180 163 335 57 51 108 150 57 109 76 89 65
leaf_count=52139 53 92 180 163 335 57 51 108 150 57 109 76 89 65
internal_value=2.3451e-05 3.1951e-05 0.00159401 0.00993691 -0.000571429 0.00191518 -0.00420842 0.00362805 -0.00304348 0.0149333 0.00596107 0.00299658 0 0.00440252
internal_weight=53724 53671 1532 312 1220 726 494 159 330 220 396 287 230 154
internal_count=53724 53671 1532 312 1220 726 494 159 330 220 396 287 230 154
cat_boundaries=0 1
cat_threshold=51223
is_linear=0
shrinkage=0.035


Tree=379
num_leaves=15
num_cat=2
split_feature=22 23 32 20 20 29 9 5 2 32 14 16 1 10
split_gain=3.22717 19.6954 15.8208 11.0632 8.06443 10.089 9.80347 10.5705 9.42903 8.41955 7.4678 8.4231 6.62586 11.012
threshold=1.6251824594520763 0.5029595298864088 0 2221.5476190476197 1501.5476190476193 0.30983042691905771 2222.5000000000005 280.75000000000006 311.00000000000006 1 240.25000000000003 68.313005106397995 120.25000000000001 25.841666666666669
decision_type=8 10 1 8 8 2 10 8 8 1 8 8 8 8
left_child=-1 2 -2 -4 5 8 9 12 -3 -6 11 -11 13 -8
right_child=1 4 3 -5 6 -7 7 -9 -10 10 -12 -13 -14 -15
leaf_value=-3.0542658965643235e-06 -0.00061764298390070392 0.0012447070310668618 0.015431864553280272 0.0019473456113121858 0.0020696954034282902 -0.005399655133032792 0.0059589488460245737 -0.0027069728768333058 -0.0027582055712916278 -0.0012893883536771122 -0.0019123576427591976 0.0045159790764064244 0.00051112244705078748 -0.0058802205969462843
leaf_weight=52175 114 110 114 92 340 78 55 65 55 108 66 57 193 102
leaf_count=52175 114 110 114 92 340 78 55 65 55 108 66 57 193 102
internal_value=2.73595e-05 0.0015991 0.00926154 0.0145701 -0.000425446 -0.00606855 0.0009889 -0.00308333 -0.00102941 0.00394965 -0.00128049 0.00267647 -0.000591549 -0.00583333
internal_weight=53724 1549 320 206 1229 243 986 415 165 571 231 165 350 157
internal_count=53724 1549 320 206 1229 243 986 415 165 571 231 165 350 157
cat_boundaries=0 1 2
cat_threshold=2325 9341
is_linear=0
shrinkage=0.035


Tree=380
num_leaves=15
num_cat=0
split_feature=2 1 15 6 10 16 1 16 2 23 3 9 1 0
split_gain=3.89917 2.95349 23.1531 11.6983 11.2873 16.2737 16.2422 11.0454 13.7881 12.7589 10.735 25.326 23.0488 19.3768
threshold=3525.0000000000005 84.100000000000009 62.525000000000006 30.100000000000005 103.34523809523812 26.832815729997368 113.10000000000001 12.051476890307407 76.90000000000002 1.6557367885011527 39.850000000000009 2702.5000000000005 38.100000000000009 33.100000000000009
decision_type=10 10 2 8 10 8 10 8 8 10 10 8 10 10
left_child=1 10 7 -4 5 -5 -6 -3 -9 -10 12 -12 -1 -14
right_child=-2 2 3 4 6 -7 -8 8 9 -11 11 -13 13 -15
leaf_value=-6.2814964515289787e-06 -0.00073796116453223493 -0.0010020054702241433 -0.0012282391080978971 0.00021943514319163252 -0.00067399737355933772 0.0028592900015179121 2.3578040893978972e-05 -0.00022053375000156473 0.0094858990817903079 0.0020345111021186769 -1.2966894580713762e-05 -0.00074287212745444598 0.0023167715011383778 0.00031461653404585733
leaf_weight=20989 53 81 186 1697 1094 265 14156 104 136 159 9890 3013 498 1403
leaf_count=20989 53 81 186 1697 1094 265 14156 104 136 159 9890 3013 498 1403
internal_value=1.82397e-05 2.80386e-05 0.000395348 0.000185026 0.000280537 0.0027758 -4.12979e-05 0.00793814 0.0103094 0.0141167 -0.000155456 -0.000962581 0.000299629 0.00398478
internal_weight=53724 53671 17878 17398 17212 1962 15250 480 399 295 35793 12903 22890 1901
internal_count=53724 53671 17878 17398 17212 1962 15250 480 399 295 35793 12903 22890 1901
is_linear=0
shrinkage=0.035


Tree=381
num_leaves=15
num_cat=2
split_feature=2 30 21 30 32 0 21 2 5 5 0 32 29 2
split_gain=3.90029 3.07662 10.3484 6.54774 11.7743 10.1026 9.41671 7.79844 10.4138 9.55204 9.25441 7.55333 7.38939 6.90302
threshold=3525.0000000000005 0.97648852793709995 831.83110367892994 0.94636490295939868 0 135.50000000000003 1151.5728021978023 123.75000000000001 422.00000000000006 881.50000000000011 22.050000000000004 1 -0.24372957273992746 58.550000000000004
decision_type=10 2 2 2 1 8 2 10 8 10 10 1 2 10
left_child=1 3 -3 -1 5 11 -7 10 -9 -10 -6 12 -5 -8
right_child=-2 2 -4 4 7 6 13 8 9 -11 -12 -13 -14 -15
leaf_value=1.1828704365801636e-06 -0.00071213252377360877 -0.0035598804550939713 -9.9319170001200836e-05 -0.00026027794397025965 -0.00035680416591942881 0.0036007909397197226 0.0021201149035417776 -0.00078417354347223368 0.00083510730645128153 -0.00079461261812798726 0.0012279122153043074 -0.00018713718760816013 0.0016194501348092162 0.00016780262026569792
leaf_weight=49249 53 57 2737 88 171 61 72 167 101 89 304 285 197 93
leaf_count=49249 53 57 2737 88 171 61 72 167 101 89 304 285 197 93
internal_value=1.95425e-05 2.93427e-05 -0.00110039 9.14862e-05 0.00227189 0.0052651 0.0115152 -0.000661157 -0.0045442 0.00107692 0.00226042 0.0028 0.00665 0.00679412
internal_weight=53724 53671 2794 50877 1628 796 226 832 357 190 475 570 285 165
internal_count=53724 53671 2794 50877 1628 796 226 832 357 190 475 570 285 165
cat_boundaries=0 1 2
cat_threshold=33763 33090
is_linear=0
shrinkage=0.035


Tree=382
num_leaves=15
num_cat=1
split_feature=2 22 23 1 17 32 20 1 29 23 16 28 10 6
split_gain=3.89693 2.99625 20.5873 14.6577 9.36307 11.7589 11.549 8.5991 7.93564 8.78548 7.83902 7.46672 6.84598 6.03701
threshold=3525.0000000000005 1.6251824594520763 0.5029595298864088 13.750000000000002 77.53865421287837 0 1422.6785714285718 134.25000000000003 0.65233619298682533 1.9828807267754229 141.35398063537818 -0.56174490092936669 799.70833333333337 95.100000000000009
decision_type=10 8 10 10 8 1 8 8 2 10 8 2 10 10
left_child=1 -1 3 -3 5 7 -6 -4 12 -10 -5 -7 13 -8
right_child=-2 2 4 10 6 11 8 -9 9 -11 -12 -13 -14 -15
leaf_value=-2.2713628485349084e-06 -0.00068720788544153423 -0.00058295669151110622 -0.0021226388109749673 0.013539739952315151 -0.0029888198674539561 0.0067034744435936254 -0.0010282671163646896 0.0010665683148219835 -0.0016325286165397115 0.0022695611484008452 0.0010328665663932402 0.0016169432143920916 -0.0037136167492901689 0.00081368120491689293
leaf_weight=52139 53 92 217 163 89 97 89 168 78 129 57 244 54 55
leaf_count=52139 53 92 217 163 89 97 89 168 78 129 57 244 54 55
internal_value=1.5634e-05 2.54304e-05 0.00154847 0.00949527 -0.000514286 0.00201094 -0.00420842 -0.0021875 -0.00162195 0.00313679 0.0143111 0.00658708 -0.00655172 -0.00234899
internal_weight=53724 53671 1532 312 1220 726 494 385 405 207 220 341 198 144
internal_count=53724 53671 1532 312 1220 726 494 385 405 207 220 341 198 144
cat_boundaries=0 1
cat_threshold=55319
is_linear=0
shrinkage=0.035


Tree=383
num_leaves=15
num_cat=2
split_feature=22 23 0 22 22 22 5 32 32 26 26 20 1 23
split_gain=3.03977 32.7942 10.5432 13.4971 11.8461 9.86486 9.70087 9.38428 9.00226 8.88412 8.73832 8.70921 8.67521 8.60662
threshold=0.66501501823972131 0.35761826530182406 9.5500000000000025 0.50538657577971635 0.5299172649572651 0.47837056999104616 57.550000000000004 0 1 97.500000000000014 95.500000000000014 1765.3571428571431 39.050000000000004 0.45127034967168128
decision_type=10 10 10 8 10 10 8 1 1 2 2 8 8 10
left_child=1 2 3 6 -4 10 -1 9 -5 -7 -3 -12 -10 -9
right_child=-2 5 4 8 -6 7 -8 13 12 -11 11 -13 -14 -15
leaf_value=-0.00075749238030301295 -7.0851796437779179e-06 0.0012859605405869444 6.7873926784047393e-05 0.00084979713132263669 -0.0027372955750984375 0.0016934221799885809 -0.0025230975188100914 -0.00050387533018465857 -0.00268227991792159 0.00054462782599208506 -0.00019314132213146403 0.00062792425490777715 -0.00047630009646946764 8.4134334605332636e-05
leaf_weight=124 50456 106 362 137 75 237 116 147 112 613 97 164 182 796
leaf_count=124 50456 106 362 137 75 237 116 147 112 613 97 164 182 796
internal_value=1.43312e-05 0.00104797 -0.00383648 -0.00657544 0.000395928 0.00355658 -0.0131429 0.00247219 -0.00280963 0.00509827 0.00875 0.00513158 -0.0061165 3.65344e-05
internal_weight=53724 3268 1108 671 437 2160 240 1793 431 850 367 261 294 943
internal_count=53724 3268 1108 671 437 2160 240 1793 431 850 367 261 294 943
cat_boundaries=0 1 2
cat_threshold=43406 12805
is_linear=0
shrinkage=0.035


Tree=384
num_leaves=15
num_cat=1
split_feature=16 0 17 22 0 10 2 21 1 32 3 1 23 16
split_gain=2.94159 8.65042 4.85016 3.56967 7.04736 13.9742 7.87995 6.07893 5.70554 3.46634 8.43662 12.6465 11.9661 13.0505
threshold=560.35846336601708 520.50000000000011 688.22773644165443 2.0422420827073977 22.550000000000004 12.792857142857146 26.100000000000005 2240.4083333333338 42.050000000000004 0 832.50000000000011 901.00000000000011 1.0314764046588347 122.58670358577564
decision_type=10 10 8 8 10 10 10 2 10 1 8 10 10 10
left_child=3 -2 -3 9 5 -5 8 -8 -6 10 11 -1 -12 -14
right_child=1 2 -4 4 6 -7 7 -9 -10 -11 12 -13 13 -15
leaf_value=7.382563990492586e-05 -0.0027201415234498838 0.0023898790491937508 -0.00063686469771178928 -0.00046713676082408125 -9.7988324678107978e-05 0.024048166585588181 0.00019909642036253952 -0.0063341428922773909 0.0031741351709011789 -2.3124446528090539e-05 2.8058365372201635e-05 0.0026772961425504662 -0.001155942031078025 2.042944250624568e-05
leaf_weight=14696 74 53 82 79 50 74 142 60 58 36463 1064 98 448 283
leaf_count=14696 74 53 82 79 50 74 142 60 58 36463 1064 98 448 283
internal_value=6.51417e-06 -0.00408879 0.00125 2.28886e-05 0.00306624 0.00908228 0 -0.00405797 0.00743363 -3.95801e-06 0.000415261 0.000690587 -0.00184722 -0.00527853
internal_weight=53724 209 135 53515 463 153 310 202 108 53052 16589 14794 1795 731
internal_count=53724 209 135 53515 463 153 310 202 108 53052 16589 14794 1795 731
cat_boundaries=0 1
cat_threshold=3472
is_linear=0
shrinkage=0.035


Tree=385
num_leaves=15
num_cat=1
split_feature=1 15 6 0 2 10 16 1 23 22 32 3 9 1
split_gain=3.13909 21.4079 11.7238 10.9813 13.0894 10.7411 16.2263 14.6457 10.6139 13.4972 10.5816 10.3186 23.6616 20.2307
threshold=84.100000000000009 62.525000000000006 30.100000000000005 73.100000000000009 64.100000000000009 103.34523809523812 26.832815729997368 113.10000000000001 1.0614142850984958 1.03699550618226 0 39.850000000000009 2702.5000000000005 38.100000000000009
decision_type=10 2 8 10 10 8 10 10 8 10 1 10 8 10
left_child=11 3 -3 4 -2 6 -4 8 9 -7 -5 13 -13 -1
right_child=1 2 5 10 -6 7 -8 -9 -10 -11 -12 12 -14 -15
leaf_value=-5.5093347297496826e-06 7.6234634221030174e-05 -0.0011985787657831908 0.00020945709430520435 0.0036651507739244617 0.010629536771562451 -0.00046605945595049606 0.0027153989237098685 1.9714412018523311e-05 -0.0016103752999253448 0.0013879323187621963 -0.00025399503016841797 -1.4514432905634868e-05 -0.00071577616884310475 0.00079132200549359994
leaf_weight=20989 50 186 1697 131 111 523 262 14205 457 115 188 9894 3015 1901
leaf_count=20989 50 186 1697 131 111 523 262 14205 457 115 188 9894 3015 1901
internal_value=1.82397e-05 0.000396263 0.000194556 0.00764948 0.0149699 0.00028991 0.00272658 -2.28683e-05 -0.00391364 -0.000979782 0.00378086 -0.00017107 -0.000962134 0.000275169
internal_weight=53724 17925 17445 480 161 17259 1959 15300 1095 638 319 35799 12909 22890
internal_count=53724 17925 17445 480 161 17259 1959 15300 1095 638 319 35799 12909 22890
cat_boundaries=0 1
cat_threshold=5128
is_linear=0
shrinkage=0.035


Tree=386
num_leaves=15
num_cat=2
split_feature=24 32 23 32 3 29 3 1 9 1 16 20 0 6
split_gain=3.05501 17.5288 11.792 16.6413 13.1178 11.4389 11.1546 11.3652 11.144 11.7838 11.0643 10.5078 10.2309 9.57874
threshold=1.0000000180025095e-35 0 0.83710801806166935 1 21.050000000000004 -0.95244167294248061 37.050000000000004 31.550000000000004 1305.0000000000002 57.550000000000004 14.257308030823301 1566.214285714286 971.00000000000011 25.050000000000004
decision_type=2 1 8 1 8 2 10 10 10 8 10 10 10 8
left_child=1 2 3 -1 -5 -4 7 13 9 11 -10 -8 -3 -7
right_child=-2 12 5 4 -6 6 8 -9 10 -11 -12 -13 -14 -15
leaf_value=0.0038188218535772605 -1.1341938474318804e-05 -9.3379271878450974e-05 0.0014374582151787814 0.0013218033384647927 -1.2480554476024532e-05 0.001092237768025034 9.4932471555813093e-05 0.0016046938552426743 1.019292196980437e-05 -1.4697946251613083e-05 0.0024946530030515814 -0.001611043150250099 -0.0023068943257440844 -0.00038968214733240531
leaf_weight=160 45486 4140 334 65 322 481 129 315 157 1434 101 268 54 278
leaf_count=160 45486 4140 334 65 322 481 129 315 157 1434 101 268 54 278
internal_value=1.69368e-05 0.000636904 0.00227642 0.00703804 0.002699 0.00152913 0.00087279 0.00376274 -0.000618434 -0.00158224 0.00612167 -0.00687811 -0.000947969 0.00142016
internal_weight=53724 8238 4044 547 387 3497 3163 1074 2089 1831 258 397 4194 759
internal_count=53724 8238 4044 547 387 3497 3163 1074 2089 1831 258 397 4194 759
cat_boundaries=0 1 2
cat_threshold=21678 1024
is_linear=0
shrinkage=0.035


Tree=387
num_leaves=15
num_cat=1
split_feature=21 16 23 16 19 1 3 1 1 0 21 26 20 32
split_gain=2.91318 7.66269 8.95867 10.498 12.1372 11.9247 8.28051 12.8263 9.73233 12.8229 10.0148 7.37947 7.24469 6.66895
threshold=2488.4045454545462 107.61483346155016 0.73525604905317465 206.63228335259748 440.25000000000006 667.50000000000011 150.50000000000003 185.75000000000003 115.25000000000001 110.25000000000001 2822.9800724637685 314.50000000000006 2680.9166666666674 0
decision_type=2 10 8 10 10 8 10 8 10 10 2 2 10 1
left_child=12 6 -3 4 -4 -6 8 -8 9 13 -11 -10 -1 -2
right_child=1 2 3 -5 5 -7 7 -9 11 10 -12 -13 -14 -15
leaf_value=-9.0129443415715164e-06 -2.2770155697889596e-05 -0.00064891970148095012 0.0040514968689160935 -1.0588334442963589e-05 -0.0018265822580094248 0.0019464071011275009 -0.0018369594212141536 -0.00010387080215901347 0.0016778609485079872 8.4380848141398247e-05 -0.0024863878476726743 -0.0011962336571618099 -0.00093448341709779126 0.00033911473704550726
leaf_weight=45045 3140 117 70 151 52 135 168 1403 405 89 148 58 109 2634
leaf_count=45045 3140 117 70 151 52 135 168 1403 405 89 148 58 109 2634
internal_value=2.08454e-05 0.000612245 0.00468868 0.00711864 0.011355 0.00638021 0.000343478 -0.00193211 0.000896743 0.000517786 -0.00737603 0.00575855 -9.14546e-05 0.000847898
internal_weight=53724 8570 525 408 257 187 8045 1571 6474 6011 237 463 45154 5774
internal_count=53724 8570 525 408 257 187 8045 1571 6474 6011 237 463 45154 5774
cat_boundaries=0 1
cat_threshold=16749
is_linear=0
shrinkage=0.035


Tree=388
num_leaves=15
num_cat=2
split_feature=16 1 15 9 32 11 0 32 1 16 0 3 5 11
split_gain=2.88099 2.87703 19.9375 11.2608 12.8597 10.1927 29.5827 24.7248 18.2294 16.7534 15.4917 15.1758 11.1093 11.2228
threshold=1.0000000180025095e-35 84.100000000000009 62.525000000000006 2817.5000000000005 0 67.456439393939405 48.100000000000009 1 57.550000000000004 35.023801430835235 100.50000000000001 41.250000000000007 28.550000000000004 51.461309523809533
decision_type=8 10 2 8 1 10 10 1 10 10 8 8 8 10
left_child=-1 5 3 4 -3 8 7 -7 9 -2 12 -12 -10 -14
right_child=1 2 -4 -5 -6 6 -8 -9 10 -11 11 -13 13 -15
leaf_value=0.00013808431070217231 -1.1752415940987638e-05 0.0035375829177356623 1.5455398740721329e-05 0.0075610699660265818 -0.00032020907499495714 -1.6413471374564504e-05 -3.7647101819996425e-05 -0.0022467351545556106 -0.001604631846605017 -0.0055477737152257022 0.01263898332798905 0.0012060103140862251 0.0027744586674872829 0.00014616958840280359
leaf_weight=73 27045 219 17445 98 163 444 5610 618 134 80 51 291 256 1197
leaf_count=73 27045 219 17445 98 163 444 5610 618 134 80 51 291 256 1197
internal_value=9.11984e-06 -6.52304e-07 0.000361127 0.00736082 0.00452196 -0.000182195 -0.00141531 -0.00675726 0.000101173 -0.000132879 0.00338418 0.0100865 0.00191269 0.00280864
internal_weight=53724 53651 17925 480 382 35726 6672 1062 29054 27125 1929 342 1587 1453
internal_count=53724 53651 17925 480 382 35726 6672 1062 29054 27125 1929 342 1587 1453
cat_boundaries=0 1 2
cat_threshold=5387 60688
is_linear=0
shrinkage=0.035


Tree=389
num_leaves=15
num_cat=2
split_feature=33 0 6 32 8 20 0 23 24 9 23 17 22 2
split_gain=2.92146 8.40617 9.61288 12.2442 13.3365 9.39746 11.7133 10.4462 10.1427 9.67773 9.49861 8.3798 7.86571 7.82064
threshold=0 69.90000000000002 70.250000000000014 1 35.833148598743797 960.357142857143 58.550000000000004 0.66967604380121915 5.5000000000000009 1042.5000000000002 0.91228353049667077 18.367073634806044 1.5236325238862833 18.550000000000004
decision_type=1 10 8 1 2 8 10 8 2 10 8 10 8 8
left_child=1 5 3 4 11 8 7 9 -1 -7 13 -3 -4 -9
right_child=-2 2 12 -5 -6 6 -8 10 -10 -11 -12 -13 -14 -15
leaf_value=2.9032526633922532e-05 -1.6117552992448438e-05 -0.00026105276299652984 1.840409875735083e-05 -0.00087749410457048772 -0.0016318060359039701 0.0031985441230121042 0.00086005128510690317 0.00059651659871124872 -0.0010350417284990063 0.0009233630192658133 0.00028891258618189534 0.0021628695778698323 -0.0012557429129511977 -0.00045827290301396598
leaf_weight=2323 39855 294 6355 321 106 50 413 177 204 203 2614 142 114 553
leaf_count=2323 39855 294 6355 321 106 50 413 177 204 203 2614 142 114 553
internal_value=3.9085e-06 0.000441155 -0.000372087 -0.00383065 -0.000502693 0.00135356 0.00240598 0.00175875 -0.00031793 0.00854651 0.0012332 0.00222222 9.19061e-05 -0.00228571
internal_weight=53724 13869 7332 863 542 6537 4010 3597 2527 253 3344 436 6469 730
internal_count=53724 13869 7332 863 542 6537 4010 3597 2527 253 3344 436 6469 730
cat_boundaries=0 1 2
cat_threshold=2 37786
is_linear=0
shrinkage=0.035


Tree=390
num_leaves=15
num_cat=2
split_feature=24 32 3 1 14 1 10 23 29 1 32 24 19 1
split_gain=2.88961 11.8061 9.44471 22.9438 13.8941 11.4354 16.1833 13.9033 10.7377 8.78476 8.70816 14.7479 18.3829 21.501
threshold=1.5000000000000002 0 51.850000000000001 38.100000000000009 40.025000000000006 87.050000000000011 77.035714285714292 0.78720956856955071 -0.30983472475487867 57.100000000000009 1 5.5000000000000009 84.550000000000011 159.80000000000004
decision_type=2 1 8 10 10 8 10 10 2 10 1 2 10 10
left_child=1 2 3 -1 -5 6 8 -8 -4 -6 11 -2 -13 -14
right_child=10 -3 5 4 9 -7 7 -9 -10 -11 -12 12 13 -15
leaf_value=0.00033155596517147836 -0.00017039309530013315 -3.7511722083189425e-05 -0.0017854514174086926 0.0048787974716719452 0.00020231964039874679 0.00014850359175798414 -0.0031223096033458539 0.00010157508542355089 0.00031324079828425446 0.0044991252167302922 3.4533779361578533e-06 -0.0089428808656758473 0.00069125932824639258 -0.0036616342998730725
leaf_weight=2147 4359 10102 148 109 146 3054 134 70 337 71 32779 83 67 118
leaf_count=2147 4359 10102 148 109 146 3054 134 70 337 71 32779 83 67 118
internal_value=-2.60567e-06 0.000385958 0.00158402 0.00326271 0.0118429 0.000476254 -0.00358069 -0.0117225 -7.14286e-05 0.00646396 -0.000172142 -0.00159091 -0.00948718 -0.00313158
internal_weight=53724 16318 6216 2473 326 3743 689 204 485 217 37406 4627 268 185
internal_count=53724 16318 6216 2473 326 3743 689 204 485 217 37406 4627 268 185
cat_boundaries=0 1 2
cat_threshold=7330 1026
is_linear=0
shrinkage=0.035


Tree=391
num_leaves=15
num_cat=2
split_feature=30 30 32 2 2 23 32 22 29 22 6 22 6 26
split_gain=3.16849 5.68836 12.0656 8.20057 9.27189 6.94604 7.58596 7.61861 6.13782 5.7815 7.14367 7.24985 7.70237 5.48849
threshold=0.97461712852231652 0.94636490295939868 0 140.50000000000003 115.10000000000001 0.82354003548321997 1 1.1160902993564019 -0.27694604220087021 1.2057485112388562 115.10000000000001 0.95916733786351138 31.550000000000004 3.5000000000000004
decision_type=2 2 1 8 10 10 1 10 2 10 10 10 10 2
left_child=1 -1 8 4 5 -4 -7 -8 -3 10 11 12 -10 -2
right_child=13 2 3 -5 -6 6 7 -9 9 -11 -12 -13 -14 -15
leaf_value=-7.625439915853739e-07 0.00057984707748718505 0.00086243111583717209 0.0013049467206047672 0.0016567936401866803 -0.0013384712773833168 0.0012570318327003061 -0.00090161135827645242 0.0011087430117167985 -0.001581180320144175 -0.0030940749990906115 -0.00074790186789999605 0.0012841171242683959 0.0011361171406838433 -0.00017161183137489602
leaf_weight=49292 301 106 187 229 60 116 137 88 65 69 242 141 68 2623
leaf_count=49292 301 106 187 229 60 116 137 88 65 69 242 141 68 2623
internal_value=-3.9085e-06 6.0624e-05 0.00217449 0.00500601 0.00283305 0.00433396 0.00131503 -0.00247917 -0.00123938 -0.00266949 -0.00134357 0.00250896 -0.0032971 -0.00112325
internal_weight=53724 50800 1508 817 588 528 341 225 691 585 516 274 133 2924
internal_count=53724 50800 1508 817 588 528 341 225 691 585 516 274 133 2924
cat_boundaries=0 1 2
cat_threshold=31756 336
is_linear=0
shrinkage=0.035


Tree=392
num_leaves=15
num_cat=1
split_feature=30 21 6 5 20 6 8 20 0 26 32 5 4 24
split_gain=3.03262 8.73043 5.66503 8.9961 8.33188 6.80542 18.2244 9.61317 9.80134 7.91701 8.19518 10.7565 13.0643 8.51597
threshold=0.97648852793709995 831.83110367892994 10.950000000000001 9.0500000000000025 1916.5476190476193 186.50000000000003 32.553954654498561 1123.4523809523812 130.10000000000002 3.5000000000000004 0 73.100000000000009 78.050000000000011 3.5000000000000004
decision_type=2 2 8 10 10 10 2 10 8 2 1 8 10 2
left_child=-1 -2 3 4 -3 6 7 8 -4 -9 11 13 -13 -11
right_child=1 2 5 -5 -6 -7 -8 9 -10 10 -12 12 -14 -15
leaf_value=5.7020826499920578e-06 -0.0034296061110280873 0.00075797053855741238 -9.1076457298640571e-05 0.0032821458527660511 -0.0017991597032866104 0.00017216998591905954 -0.0020900945277135359 0.00097071960253430358 0.0011411901269447367 0.00090529119746184333 -0.00084253577229921725 -0.002196657708722927 0.00014422113790253045 -0.00065636969400828646
leaf_weight=50924 57 108 144 88 75 648 323 129 101 256 555 66 117 133
leaf_count=50924 57 108 144 88 75 648 323 129 101 256 555 66 117 133
internal_value=-2.60567e-06 -0.00112299 -0.000827875 0.00393116 -0.000558511 -0.00135648 -0.00244943 -0.000813413 0.00546 -0.00205393 -0.00299912 0 -0.0068883 0.0032868
internal_weight=53724 2800 2743 271 183 2472 1824 1501 245 1256 1127 572 183 389
internal_count=53724 2800 2743 271 183 2472 1824 1501 245 1256 1127 572 183 389
cat_boundaries=0 1
cat_threshold=16743
is_linear=0
shrinkage=0.035


Tree=393
num_leaves=15
num_cat=1
split_feature=1 15 9 32 6 1 10 16 1 3 1 23 6 9
split_gain=3.07472 18.1993 10.4233 12.2721 9.82553 10.833 9.85331 15.605 13.7699 10.7481 11.4529 11.2391 10.797 10.4893
threshold=84.100000000000009 62.525000000000006 2817.5000000000005 0 30.100000000000005 220.30000000000004 103.34523809523812 26.832815729997368 113.10000000000001 180.25000000000003 177.35000000000002 0.31404353297100485 150.50000000000003 1132.5000000000002
decision_type=10 2 8 1 8 10 8 10 10 8 10 10 10 10
left_child=-1 2 3 -2 5 -3 7 -6 -8 -10 11 -11 -13 -9
right_child=1 4 -4 -5 6 -7 8 13 9 10 -12 12 -14 -15
leaf_value=-1.8827784045869489e-05 0.0034397224292664554 -0.0023032569337949485 0.0072637402491282825 -0.00029146110108297708 0.00019598590580064413 0.0010505222895794187 -0.00063711294678418296 0.0047276974806512873 0.00020731337403268049 -0.0020820143256415971 -5.7305654739447935e-06 -0.0011260222832444365 0.00017568453849428069 0.0011341078699647433
leaf_weight=35799 219 126 98 163 1697 60 1095 93 4571 139 8908 314 273 169
leaf_count=35799 219 126 98 163 1697 60 1095 93 4571 139 8908 314 273 169
internal_value=1.04227e-05 0.000384551 0.00707216 0.00434109 0.000198567 -0.00769634 0.000285855 0.00261965 -1.3721e-05 0.000278325 -0.000384895 -0.00459644 -0.00242399 0.0104869
internal_weight=53724 17925 480 382 17445 186 17259 1959 15300 14205 9634 726 587 262
internal_count=53724 17925 480 382 17445 186 17259 1959 15300 14205 9634 726 587 262
cat_boundaries=0 1
cat_threshold=5387
is_linear=0
shrinkage=0.035


Tree=394
num_leaves=15
num_cat=0
split_feature=16 16 8 23 23 6 0 30 9 29 21 1 8 29
split_gain=2.88881 3.31537 8.97279 8.29998 7.18432 10.6969 8.82701 7.48981 6.4311 6.50539 7.10314 6.11095 7.04544 7.34124
threshold=1.0000000180025095e-35 0.54772255750852961 1.012119402319436 1.1030205278592378 0.88794286034647818 4.9500000000000011 2.9500000000000006 -0.9292178835113839 1852.5000000000002 0.26037272046371446 1242.8416149068325 7.0500000000000007 0.74710495579579761 -0.67166439702596292
decision_type=8 8 2 8 10 8 10 2 10 2 2 8 2 2
left_child=-1 3 4 8 5 7 -6 -3 9 -2 -11 12 13 -5
right_child=1 2 -4 11 6 -7 -8 -9 -10 10 -12 -13 -14 -15
leaf_value=0.00012493841817270092 0.00097620013924693461 -0.0014955925969542248 -3.0318358929021241e-06 0.00073113451584751025 0.0028937930015039441 0.0015579007197655441 -5.3866560397742299e-05 0.0017045902730369765 -8.5917986631181008e-05 -0.0014689529329082317 0.00034911667774050695 -0.0014231997754303289 -0.0013429241371392599 -0.00030191805741479062
leaf_weight=73 180 52 50582 92 53 216 633 194 897 54 152 179 159 208
leaf_count=73 180 52 50582 92 53 216 633 194 897 54 152 179 159 208
internal_value=0 -9.78455e-06 4.32976e-05 -0.00143562 0.00309627 0.0064454 0.00081042 0.00139442 0.000190217 0.00393862 -0.000331754 -0.00468118 -0.00248922 0.000688525
internal_weight=53724 53651 51730 1921 1148 462 686 246 1283 386 206 638 459 300
internal_count=53724 53651 51730 1921 1148 462 686 246 1283 386 206 638 459 300
is_linear=0
shrinkage=0.035


Tree=395
num_leaves=15
num_cat=4
split_feature=30 32 23 22 26 32 10 26 24 32 32 0 23 22
split_gain=2.83943 10.484 6.62371 9.08712 5.77212 9.12756 6.28035 5.63618 12.8648 9.71619 8.85209 8.01523 7.30503 6.11738
threshold=0.99932962452255414 0 0.84049629194666198 0.95916733786351138 361.50000000000006 1 62.20714285714287 10.500000000000002 2.5000000000000004 2 3 46.100000000000009 1.1677313805959531 0.96382931796638183
decision_type=2 1 8 10 2 1 10 2 2 1 1 10 10 10
left_child=4 -2 -3 -4 7 -6 -7 8 10 -10 -1 13 -13 -12
right_child=1 2 3 -5 5 6 -8 -9 9 -11 11 12 -14 -15
leaf_value=0.0020394811152745227 0.0015638587831723846 0.00056075292289993147 -0.0028067288419004583 -4.9281109220050137e-05 -0.0023711856171493742 0.0015588301869738288 -0.00069399797295168831 4.7743504992558976e-06 -0.0019848000305225217 -0.00020891492024057657 -1.0058090840292522e-05 0.00070238420655831062 -0.00072156997683739182 -0.0018087328520969078
leaf_weight=109 127 73 50 156 104 61 79 52169 220 210 89 137 56 84
leaf_count=109 127 73 50 156 104 61 79 52169 220 210 89 137 56 84
internal_value=-2.60567e-06 0.00289538 -0.00107143 -0.0043128 -2.49423e-05 -0.00534137 0.000903226 0 -0.00273077 -0.00708046 0.00123958 -0.00146982 0.00335859 -0.00688202
internal_weight=53724 406 279 206 53318 244 140 53074 905 430 475 366 193 173
internal_count=53724 406 279 206 53318 244 140 53074 905 430 475 366 193 173
cat_boundaries=0 1 2 3 4
cat_threshold=17793 50386 30624 12546
is_linear=0
shrinkage=0.035


Tree=396
num_leaves=15
num_cat=2
split_feature=16 1 0 3 33 6 32 9 29 2 15 5 8 2
split_gain=2.93166 18.5216 24.8302 17.8825 11.422 13.0547 11.1763 10.0071 10.8459 9.99697 9.77152 9.89568 9.02692 8.39681
threshold=48.454806574351267 87.050000000000011 118.10000000000001 250.50000000000003 0 80.15000000000002 1 2422.5000000000005 0.9053161325100999 260.40000000000003 120.12500000000001 541.25000000000011 51.90162574746504 145.10000000000002
decision_type=8 8 10 8 1 8 1 8 2 8 2 8 2 8
left_child=-1 2 9 4 7 -6 -5 8 12 -2 -7 -12 -3 -8
right_child=1 3 -4 6 5 10 13 -9 -10 -11 11 -13 -14 -15
leaf_value=-1.0330435369690917e-05 -0.0044992021638304127 -0.0045918769713109969 0.0012291847712704207 0.000151814500312365 -0.0024842529672908309 0.0083727391886311564 0.0018322471454744374 0.0063743002494290532 0.0058259460576508141 -0.00013689258902802037 4.6072482317810472e-06 0.0023144428829354672 0.0014242736267489921 -0.00047626455896593425
leaf_weight=47135 142 55 83 3402 125 75 52 141 109 50 407 54 261 1633
leaf_count=47135 142 55 83 3402 125 75 52 141 109 50 407 54 261 1633
internal_value=-6.51417e-06 0.000684713 -0.008125 0.00107454 0.00485795 0.00160503 0.000158091 0.00843373 0.00577907 -0.0149239 0.00401109 0.0020279 0.00239875 -0.00216176
internal_weight=53724 6589 275 6314 1227 661 5087 566 425 192 536 461 316 1685
internal_count=53724 6589 275 6314 1227 661 5087 566 425 192 536 461 316 1685
cat_boundaries=0 1 2
cat_threshold=8 3340
is_linear=0
shrinkage=0.035


Tree=397
num_leaves=15
num_cat=3
split_feature=33 21 22 4 22 19 5 0 21 21 29 32 9 32
split_gain=3.04454 8.13453 10.4018 9.33215 8.1142 11.6081 13.8032 9.01345 9.31687 12.9315 16.3363 18.1086 13.1401 10.7057
threshold=0 1121.7708333333337 0.90120161940136667 19.550000000000004 0.63349840371956823 397.62500000000006 90.300000000000011 4.5500000000000007 1206.5608695652174 1338.9791666666667 -0.46801505794253101 1 1617.5000000000002 2
decision_type=1 2 10 8 10 8 8 8 2 2 2 1 8 1
left_child=4 2 -2 -4 5 6 -1 -6 -9 13 -11 12 -12 -10
right_child=1 -3 3 -5 7 -7 -8 8 9 10 11 -13 -14 -15
leaf_value=-9.8870589870488087e-06 0.0002148052315122104 -1.2119018982401087e-05 -0.0037501103615216161 -0.00020379782999560393 0.0014592516054827483 -0.0001817413014755101 0.00097362872677900572 -4.1475626315628516e-05 -0.00022743915305035447 0.00020562667262969406 0.00063238387324958411 -0.00084423778071655029 -0.0010150171949920329 0.00077341016293533524
leaf_weight=164 220 39340 185 110 97 117 244 9659 185 1838 188 460 50 867
leaf_count=164 220 39340 185 110 97 117 244 9659 185 1838 188 460 50 867
internal_value=-5.21134e-06 -0.000160647 -0.00450962 -0.00875 0.000441155 0.00468868 0.00745763 0.00027268 0.000192801 0.00171444 0.000358127 -0.00418208 0.00359684 0.00496689
internal_weight=53724 39855 515 295 13869 525 408 13344 13247 3588 2536 698 238 1052
internal_count=53724 39855 515 295 13869 525 408 13344 13247 3588 2536 698 238 1052
cat_boundaries=0 1 2 3
cat_threshold=2 50321 10241
is_linear=0
shrinkage=0.035


Tree=398
num_leaves=15
num_cat=1
split_feature=16 1 0 3 33 29 14 8 23 0 8 29 23 22
split_gain=2.93001 15.9903 20.6309 16.8029 15.5474 12.9538 11.1819 8.45866 21.104 12.9897 11.6649 10.5167 12.6022 11.8171
threshold=48.454806574351267 85.050000000000011 118.10000000000001 199.75000000000003 0 0.90892735371523092 95.125000000000014 69.253394437611476 0.75816093547143315 400.50000000000006 130.67080449547399 0.75014288946266361 1.2674495913431232 1.6251824594520763
decision_type=8 8 10 8 1 2 10 2 8 10 2 2 10 10
left_child=7 2 -2 4 5 6 -3 -1 -9 10 11 13 -13 -10
right_child=1 3 -4 -5 -6 -7 -8 8 9 -11 -12 12 -14 -15
leaf_value=2.9241240175004184e-07 -0.0028753485981178996 -0.0017614112008204621 0.0011876149511970025 3.1485462065541375e-05 -0.00033619138555451958 0.010211445181354754 0.0029627961284822992 0.00011458148270318368 -0.001414206821032444 1.3979339074072506e-05 -0.001758531991601065 0.00065946557989018722 -0.0011322583958313921 0.0022139936895335189
leaf_weight=44526 191 73 83 5543 238 108 353 932 541 532 244 213 82 65
leaf_count=44526 191 73 83 5543 238 108 353 932 541 532 244 213 82 65
internal_value=-1.69368e-05 0.000674098 -0.00752688 0.0010356 0.00585586 0.00905282 0.00633411 -0.000113598 -0.00204858 -0.00439061 -0.00648261 -0.00459713 0.000816667 -0.00721768
internal_weight=53724 6589 274 6315 772 534 426 47135 2609 1677 1145 901 295 606
internal_count=53724 6589 274 6315 772 534 426 47135 2609 1677 1145 901 295 606
cat_boundaries=0 1
cat_threshold=12
is_linear=0
shrinkage=0.035


Tree=399
num_leaves=15
num_cat=3
split_feature=1 0 3 0 32 1 11 32 1 3 9 32 1 16
split_gain=2.94276 17.4023 12.7095 26.4737 20.1615 11.5018 17.6525 11.5794 11.2734 11.2698 15.2605 15.159 11.1114 10.6086
threshold=90.300000000000011 68.050000000000011 75.15000000000002 45.050000000000004 0 57.100000000000009 51.461309523809533 1 43.050000000000004 108.10000000000001 2602.5000000000005 2 25.050000000000004 8.4979072772358943
decision_type=10 8 10 10 1 10 10 1 10 8 8 1 10 8
left_child=2 -2 5 4 -4 -1 13 -8 -5 10 -3 -12 -6 -7
right_child=1 9 3 8 12 6 7 -9 -10 -11 11 -13 -14 -15
leaf_value=-1.5252105333735113e-05 0.0031779697275835035 0.00015998162459974764 -0.002400985750688831 8.6786218521290329e-05 0.00080849641108285864 -6.4664938484217954e-05 -0.00087632997781469165 0.00021126810822103632 -0.00035556321160241434 -1.101964544474532e-05 0.00055949303575242141 0.0034558689831079648 -0.001441540005393164 0.0039583058755156544
leaf_weight=27577 190 1700 439 2923 201 123 491 2454 2005 14550 263 242 244 322
leaf_count=27577 190 1700 439 2923 201 123 491 2454 2005 14550 263 242 244 322
internal_value=-7.81701e-06 0.000373746 -0.00018364 -0.00168472 -0.00724409 9.83146e-05 0.00202062 0.0010322 -0.000681127 0.000252685 0.00258145 0.00789216 -0.00175 0.00847778
internal_weight=53724 16945 36779 5812 884 30967 3390 2945 4928 16755 2205 505 445 445
internal_count=53724 16945 36779 5812 884 30967 3390 2945 4928 16755 2205 505 445 445
cat_boundaries=0 1 2 3
cat_threshold=4843 8713 34692
is_linear=0
shrinkage=0.035


end of trees

feature_importances:
recent_ratio=906
market_code=824
trend_ratio=703
lag_2=316
lag_1=305
lag_7=245
season_cos=242
std_7=231
weekday=161
price_mean_28=139
season_sin=133
price_lag=132
rolling_std=126
year_day=125
lag_28=120
lag_21=112
commodity_code=103
std_14=92
lag_3=85
weekly_seasonal=76
price_mean_7=71
lag_14=64
median_7=57
mean_7=55
median_14=49
median_28=42
mean_14=33
rolling_mean=23
weekday_cos=12
month=11
weekday_sin=7

parameters:
[boosting: gbdt]
[objective: regression_l1]
[metric: l1]
[tree_learner: serial]
[device_type: cpu]
[data_sample_strategy: bagging]
[data: ]
[valid: ]
[num_iterations: 400]
[learning_rate: 0.035]
[num_leaves: 15]
[num_threads: 2]
[seed: 42]
[deterministic: 1]
[force_col_wise: 1]
[force_row_wise: 0]
[histogram_pool_size: -1]
[max_depth: -1]
[min_data_in_leaf: 50]
[min_sum_hessian_in_leaf: 0.001]
[bagging_fraction: 1]
[pos_bagging_fraction: 1]
[neg_bagging_fraction: 1]
[bagging_freq: 0]
[bagging_seed: 400]
[bagging_by_query: 0]
[feature_fraction: 1]
[feature_fraction_bynode: 1]
[feature_fraction_seed: 30056]
[extra_trees: 0]
[extra_seed: 12879]
[early_stopping_round: 0]
[early_stopping_min_delta: 0]
[first_metric_only: 0]
[max_delta_step: 0]
[lambda_l1: 0]
[lambda_l2: 5]
[linear_lambda: 0]
[min_gain_to_split: 0]
[drop_rate: 0.1]
[max_drop: 50]
[skip_drop: 0.5]
[xgboost_dart_mode: 0]
[uniform_drop: 0]
[drop_seed: 17869]
[top_rate: 0.2]
[other_rate: 0.1]
[min_data_per_group: 100]
[max_cat_threshold: 32]
[cat_l2: 10]
[cat_smooth: 10]
[max_cat_to_onehot: 4]
[top_k: 20]
[monotone_constraints: ]
[monotone_constraints_method: basic]
[monotone_penalty: 0]
[feature_contri: ]
[forcedsplits_filename: ]
[refit_decay_rate: 0.9]
[cegb_tradeoff: 1]
[cegb_penalty_split: 0]
[cegb_penalty_feature_lazy: ]
[cegb_penalty_feature_coupled: ]
[path_smooth: 0]
[interaction_constraints: ]
[verbosity: -1]
[saved_feature_importance_type: 0]
[use_quantized_grad: 0]
[num_grad_quant_bins: 4]
[quant_train_renew_leaf: 0]
[stochastic_rounding: 1]
[linear_tree: 0]
[max_bin: 255]
[max_bin_by_feature: ]
[min_data_in_bin: 3]
[bin_construct_sample_cnt: 200000]
[data_random_seed: 175]
[is_enable_sparse: 1]
[enable_bundle: 1]
[use_missing: 1]
[zero_as_missing: 0]
[feature_pre_filter: 1]
[pre_partition: 0]
[two_round: 0]
[header: 0]
[label_column: ]
[weight_column: ]
[group_column: ]
[ignore_column: ]
[categorical_feature: 31,32,33]
[forcedbins_filename: ]
[precise_float_parser: 0]
[parser_config_file: ]
[objective_seed: 16083]
[num_class: 1]
[is_unbalance: 0]
[scale_pos_weight: 1]
[sigmoid: 1]
[boost_from_average: 1]
[reg_sqrt: 0]
[alpha: 0.9]
[fair_c: 1]
[poisson_max_delta_step: 0.7]
[tweedie_variance_power: 1.5]
[lambdarank_truncation_level: 30]
[lambdarank_norm: 1]
[label_gain: ]
[lambdarank_position_bias_regularization: 0]
[eval_at: ]
[multi_error_top_k: 1]
[auc_mu_weights: ]
[num_machines: 1]
[local_listen_port: 12400]
[time_out: 120]
[machine_list_filename: ]
[machines: ]
[gpu_platform_id: -1]
[gpu_device_id: -1]
[gpu_device_id_list: ]
[gpu_use_dp: 0]
[num_gpu: 1]

end of parameters

pandas_categorical:[]
