tree
version=v4
num_class=1
num_tree_per_iteration=1
label_index=0
max_feature_idx=63
objective=regression
feature_names=Column_0 Column_1 Column_2 Column_3 Column_4 Column_5 Column_6 Column_7 Column_8 Column_9 Column_10 Column_11 Column_12 Column_13 Column_14 Column_15 Column_16 Column_17 Column_18 Column_19 Column_20 Column_21 Column_22 Column_23 Column_24 Column_25 Column_26 Column_27 Column_28 Column_29 Column_30 Column_31 Column_32 Column_33 Column_34 Column_35 Column_36 Column_37 Column_38 Column_39 Column_40 Column_41 Column_42 Column_43 Column_44 Column_45 Column_46 Column_47 Column_48 Column_49 Column_50 Column_51 Column_52 Column_53 Column_54 Column_55 Column_56 Column_57 Column_58 Column_59 Column_60 Column_61 Column_62 Column_63
feature_infos=[-1.7463158947133814:1.637197537523126] [-1.8171170041865949:1.5389363838074088] [-1.5305506722575213:1.3648656686735308] [0:1] none [0:1] none none none none [0:1] none [0:1] [0:1] none none none [0:1] [0:1] none [0:1] none none none none [0:1] [0:1] [0:1] [0:1] [0:1] none [0:1] [0:1] none [0:1] none none none none [0:1] none [0:1] [0:1] none none none [0:1] [0:1] none [0:1] none none none none none [0:1] [0:1] [0:1] [0:1] none none [0:1] none [0:1]
tree_sizes=1409 1454 1466 1460 1463 1474 1470 1465 1463 1485 1484 1478 1492 1468 1460 1467 1471 1477 1473 1486 1485 1478 1466 1492 1477 1473 1483 1485 1468 1476 1495 1489 1474 1464 1478 1463 1478 1470 1494 1489 1475 1465 1481 1474 1467 1474 1459 1481 1491 1452 1479 1448 1462 1476 1477 1485 1461 1489 1472 1479 1486 1478 1483 1476 1470 1473 1460 1450 1475 1479 1459 1461 1483 1479 1470 1463 1470 1485 1451 1477 1475 1476 1466 1468 1470 1454 1474 1475 1466 1458 1472 1472 1471 1483 1474 1490 1463 1473 1487 1469 1475 1469 1484 1478 1490 1488 1475 1487 1481 1472 1480 1465 1473 1473 1487 1490 1491 1470 1479 1483 1488 1471 1476 1481 1494 1475 1479 1486 1486 1502 1480 1488 1499 1473 1493 1482 1488 1494 1493 1490 1474 1482 1469 1476 1478 1462 1491 1478 1484 1476 1489 1476 1473 1475 1491 1479 1480 1492 1456 1485 1480 1486 1471 1479 1482 1477 1469 1468 1477 1482 1487 1497 1469 1473 1482 1486 1472 1493 1485 1483

Tree=0
num_leaves=15
num_cat=0
split_feature=2 29 46 13 0 2 20 0 31 20 0 0 42 17
split_gain=786.906 962.56 394.683 335.229 285.401 267.055 264.555 257.816 178.3 148.261 144.67 137.319 107.681 103.997
threshold=0.2948204991990116 1.0000000180025095e-35 1.0000000180025095e-35 1.0000000180025095e-35 0.072144934680439907 -0.58639316978000433 1.0000000180025095e-35 -0.69300136462150541 1.0000000180025095e-35 1.0000000180025095e-35 -1.0189866971618786 -0.26334180258847412 1.0000000180025095e-35 1.0000000180025095e-35
decision_type=2 2 2 2 2 2 2 2 2 2 2 2 2 2
left_child=1 2 3 4 5 12 8 9 13 -7 -3 -12 -1 -2
right_child=6 10 -4 -5 -6 7 -8 -9 -10 -11 11 -13 -14 -15
leaf_value=2.8449204798578203 2.7930813121000098 2.892350139381739 2.7953009857197872 2.7980351585229442 2.7970799571452045 2.9922911939553036 2.8341193420839823 2.8396624733049909 2.8433251569840481 2.8973927727853361 3.0716496237212887 2.9372022341283515 2.9103305585313426 2.7647481744891413
leaf_weight=1140 1208 46 581 358 212 75 418 104 143 102 42 45 65 446
leaf_count=1140 1208 46 581 358 212 75 418 104 143 102 42 45 65 446
internal_value=2.82055 2.83831 2.83163 2.84191 2.85118 2.85892 2.79834 2.90268 2.79001 2.93907 2.96853 3.00629 2.84859 2.78538
internal_weight=4985 2770 2637 2056 1698 1486 2215 281 1797 177 133 87 1205 1654
internal_count=4985 2770 2637 2056 1698 1486 2215 281 1797 177 133 87 1205 1654
is_linear=0
shrinkage=1


Tree=1
num_leaves=15
num_cat=0
split_feature=2 29 46 13 0 17 0 2 0 0 0 0 0 2
split_gain=716.699 857.989 409.36 341.822 241.365 197.021 204.833 177.616 327.64 151.093 124.566 100.539 233.759 246.279
threshold=0.42070816619601387 1.0000000180025095e-35 1.0000000180025095e-35 1.0000000180025095e-35 0.072144934680439907 1.0000000180025095e-35 -0.70057664569439504 -0.58639316978000433 -0.69300136462150541 -1.0189866971618786 -0.26334180258847412 -0.4783569052635599 -0.25027372393880881 -1.0899438377680133
decision_type=2 2 2 2 2 2 2 2 2 2 2 2 2 2
left_child=1 2 3 4 7 6 -2 11 -9 -3 -11 -1 13 -13
right_child=5 9 -4 -5 -6 -7 -8 8 -10 10 -12 12 -14 -15
leaf_value=0.019921708116380322 0.0050225223925497321 0.06298744052276016 -0.025469475163143941 -0.022267269309605389 -0.019692449750438986 -0.054752874467492212 -0.030679502199055814 0.10327371851384196 0.0071981936263959536 0.23911863101688638 0.11107112533026474 0.029187825305218046 0.012847916159592569 0.19660837033297868
leaf_weight=994 707 48 637 391 220 390 927 228 145 42 45 42 123 46
leaf_count=994 707 48 637 391 220 390 927 228 145 42 45 42 123 46
internal_value=1.41027e-05 0.0156847 0.00975347 0.0200173 0.0292271 -0.022904 -0.0152447 0.0360636 0.0661629 0.13789 0.176871 0.0266524 0.0578754 0.119127
internal_weight=4985 2961 2826 2189 1798 2024 1634 1578 373 135 87 1205 211 88
internal_count=4985 2961 2826 2189 1798 2024 1634 1578 373 135 87 1205 211 88
is_linear=0
shrinkage=0.05


Tree=2
num_leaves=15
num_cat=0
split_feature=2 29 46 13 0 2 20 0 31 20 0 0 42 2
split_gain=648.382 791.929 321.919 273.916 234.931 222.946 219.116 210.348 154.854 135.259 118.311 112.997 93.3853 84.5044
threshold=0.2948204991990116 1.0000000180025095e-35 1.0000000180025095e-35 1.0000000180025095e-35 0.072144934680439907 -0.58639316978000433 1.0000000180025095e-35 -0.69300136462150541 1.0000000180025095e-35 1.0000000180025095e-35 -1.0189866971618786 -0.26334180258847412 1.0000000180025095e-35 0.79837116718702072
decision_type=2 2 2 2 2 2 2 2 2 2 2 2 2 2
left_child=1 2 3 4 5 12 8 9 -2 -7 -3 -12 -1 -10
right_child=6 10 -4 -5 -6 7 -8 -9 13 -11 11 -13 -14 -15
leaf_value=0.021924180330427475 -0.0320246833066005 0.065344881029644364 -0.022718485537641858 -0.020284870269533711 -0.021328781644387226 0.15835091965458228 0.012430467610469178 0.017825069114948043 0.078872202204333414 0.068013444220503941 0.22770615639165045 0.10575389221429508 0.08282754478116916 -0.0035678847106906937
leaf_weight=1140 1654 46 581 358 212 75 418 104 43 102 42 45 65 100
leaf_count=1140 1654 46 581 358 212 75 418 104 43 102 42 45 65 100
internal_value=2.61179e-05 0.0161461 0.0100913 0.019376 0.027752 0.0347733 -0.0201293 0.0747557 -0.0277085 0.107634 0.134267 0.168421 0.0253412 0.0219678
internal_weight=4985 2770 2637 2056 1698 1486 2215 281 1797 177 133 87 1205 143
internal_count=4985 2770 2637 2056 1698 1486 2215 281 1797 177 133 87 1205 143
is_linear=0
shrinkage=0.05


Tree=3
num_leaves=15
num_cat=0
split_feature=2 29 46 13 0 17 0 2 0 0 2 0 0 0
split_gain=589.904 704.543 335.947 280.156 196.66 171.155 171.696 148.543 270.873 124.754 97.3532 95.7195 89.932 211.818
threshold=0.42070816619601387 1.0000000180025095e-35 1.0000000180025095e-35 1.0000000180025095e-35 0.072144934680439907 1.0000000180025095e-35 -0.70057664569439504 -0.58639316978000433 -0.69300136462150541 -1.0389085585420845 -0.2087301687889975 -0.26334180258847412 -0.4783569052635599 -0.25027372393880881
decision_type=2 2 2 2 2 2 2 2 2 2 2 2 2 2
left_child=1 2 3 4 7 6 -2 12 10 -3 -9 -11 -1 -14
right_child=5 9 -4 -5 -6 -7 -8 8 -10 11 -12 -13 13 -15
leaf_value=0.017720491526064926 0.0049399564593730887 0.054831869636351865 -0.023026840492145848 -0.020101201593486058 -0.017640594391546607 -0.050436133150087326 -0.027746143486612432 0.15553673443456109 0.0065987534037011929 0.21217542332799538 0.075122685727352909 0.10069120913308034 0.11191020873556329 0.010771709897369147
leaf_weight=994 707 46 637 391 220 390 927 50 145 44 178 45 88 123
leaf_count=994 707 46 637 391 220 390 927 50 145 44 178 45 88 123
internal_value=3.96332e-05 0.0142566 0.00888185 0.0181798 0.0265177 -0.0207526 -0.0136148 0.0326886 0.0602134 0.124996 0.0939565 0.159259 0.0240828 0.0536074
internal_weight=4985 2961 2826 2189 1798 2024 1634 1578 373 135 228 89 1205 211
internal_count=4985 2961 2826 2189 1798 2024 1634 1578 373 135 228 89 1205 211
is_linear=0
shrinkage=0.05


Tree=4
num_leaves=15
num_cat=0
split_feature=2 29 46 13 0 17 0 2 0 0 0 2 25 0
split_gain=533.244 638.818 303.488 253.128 177.722 154.569 154.992 134.465 245.028 113.701 93.4052 88.4828 84.3227 82.2641
threshold=0.42070816619601387 1.0000000180025095e-35 1.0000000180025095e-35 1.0000000180025095e-35 0.072144934680439907 1.0000000180025095e-35 -0.70057664569439504 -0.58639316978000433 -0.69300136462150541 -1.0189866971618786 -0.26334180258847412 -0.2087301687889975 1.0000000180025095e-35 -0.89550624904103449
decision_type=2 2 2 2 2 2 2 2 2 2 2 2 2 2
left_child=1 2 3 4 7 6 -2 12 11 -3 -11 -9 -1 -13
right_child=5 9 -4 -5 -6 -7 -8 8 -10 10 -12 13 -14 -15
leaf_value=0.02565879966448284 0.0046936549799981809 0.054075612486340109 -0.021879101822412164 -0.019101256517451686 -0.016766509957410195 -0.047927193158800355 -0.026361824200623635 0.14805900339180461 0.0062733047404231468 0.20671180746391077 0.095870879807687825 0.042447246447068841 -0.039588431344152644 0.11269508725644586
leaf_weight=1155 707 48 637 391 220 390 927 50 145 42 45 107 50 71
leaf_count=1155 707 48 637 391 220 390 927 50 145 42 45 107 50 71
internal_value=4.991e-05 0.0135669 0.00844896 0.0172864 0.0252118 -0.0197186 -0.0129354 0.0310781 0.057266 0.119015 0.152823 0.089359 0.0228903 0.0714083
internal_weight=4985 2961 2826 2189 1798 2024 1634 1578 373 135 87 228 1205 178
internal_count=4985 2961 2826 2189 1798 2024 1634 1578 373 135 87 228 1205 178
is_linear=0
shrinkage=0.05


Tree=5
num_leaves=15
num_cat=0
split_feature=2 29 46 13 0 2 20 0 31 20 2 42 2 25
split_gain=484.992 591.506 236.39 201.893 176.01 170.473 167.11 153.337 130.149 128.682 107.668 82.8498 71.392 68.5102
threshold=0.2948204991990116 1.0000000180025095e-35 1.0000000180025095e-35 1.0000000180025095e-35 0.072144934680439907 -0.58639316978000433 1.0000000180025095e-35 -0.69300136462150541 1.0000000180025095e-35 1.0000000180025095e-35 -1.3417191717620176 1.0000000180025095e-35 0.79837116718702072 1.0000000180025095e-35
decision_type=2 2 2 2 2 2 2 2 2 2 2 2 2 2
left_child=1 2 3 4 5 11 8 9 -2 -7 -3 13 -10 -1
right_child=6 10 -4 -5 -6 7 -8 -9 12 -11 -12 -13 -14 -15
leaf_value=0.021174151881548045 -0.027950582590385704 0.050098225823108189 -0.019348862856837377 -0.017327028554346827 -0.018568032517023908 0.14228019912110329 0.011059939086110155 0.01631917260358778 0.07383873417766558 0.054769290124890041 0.14796521300553447 0.075869579090556111 -0.0019592257182903627 -0.037685141296913999
leaf_weight=1090 1654 45 581 358 212 75 418 104 43 102 88 65 100 50
leaf_count=1090 1654 45 581 358 212 75 418 104 43 102 88 65 100 50
internal_value=5.79393e-05 0.0139997 0.00876679 0.016723 0.0239139 0.0299914 -0.017374 0.064952 -0.0239929 0.0930256 0.116085 0.0217447 0.0215373 0.0185311
internal_weight=4985 2770 2637 2056 1698 1486 2215 281 1797 177 133 1205 143 1140
internal_count=4985 2770 2637 2056 1698 1486 2215 281 1797 177 133 1205 143 1140
is_linear=0
shrinkage=0.05


Tree=6
num_leaves=15
num_cat=0
split_feature=2 29 46 13 0 27 0 0 2 2 17 0 2 25
split_gain=441.434 447.671 260.161 217.814 137.333 157.55 135.342 127.881 171.619 193.08 114.454 123.436 84.6895 73.9843
threshold=0.54659583319301619 1.0000000180025095e-35 1.0000000180025095e-35 1.0000000180025095e-35 -0.2110906855491089 1.0000000180025095e-35 -0.65436418952014874 -0.4783569052635599 -0.58639316978000433 1.0000000180025095e-35 1.0000000180025095e-35 -0.70057664569439504 -1.0899438377680133 1.0000000180025095e-35
decision_type=2 2 2 2 2 2 2 2 2 2 2 2 2 2
left_child=1 2 3 4 5 7 -3 8 13 -10 11 -2 -9 -1
right_child=10 6 -4 -5 -6 -7 -8 12 9 -11 -12 -13 -14 -15
leaf_value=0.02071475245429957 0.0040745483056764259 0.04940564042204116 -0.020525268919171696 -0.017681149935524446 -0.0059366188312532098 -0.01303523222206911 0.1458883708290441 0.023050118210217494 0.10975327515348671 0.032388258569840074 -0.044345978106344303 -0.025354946176174536 0.11116216465522644 -0.046638802456301316
leaf_weight=838 608 81 660 418 356 199 69 42 120 246 367 857 83 41
leaf_count=838 608 81 660 418 356 199 69 42 120 246 367 857 83 41
internal_value=6.44777e-05 0.011404 0.0071617 0.0149717 0.022073 0.0284278 0.0951233 0.0344607 0.0295245 0.0582125 -0.0194428 -0.0131523 0.0823857 0.0174744
internal_weight=4985 3153 3003 2343 1925 1569 150 1370 1245 366 1832 1465 125 879
internal_count=4985 3153 3003 2343 1925 1569 150 1370 1245 366 1832 1465 125 879
is_linear=0
shrinkage=0.05


Tree=7
num_leaves=15
num_cat=0
split_feature=2 29 46 13 0 17 0 2 0 20 2 0 0 2
split_gain=401.308 488.569 192.259 164.711 148.493 141.921 149.329 138.156 131.559 120.823 101.37 76.7081 180.006 209.08
threshold=0.2948204991990116 1.0000000180025095e-35 1.0000000180025095e-35 1.0000000180025095e-35 0.072144934680439907 1.0000000180025095e-35 -0.70057664569439504 -0.58639316978000433 -0.69300136462150541 1.0000000180025095e-35 -1.3417191717620176 -0.4783569052635599 -0.25027372393880881 -1.0899438377680133
decision_type=2 2 2 2 2 2 2 2 2 2 2 2 2 2
left_child=1 2 3 4 7 6 -2 11 9 -9 -3 -1 13 -13
right_child=5 10 -4 -5 -6 -7 -8 8 -10 -11 -12 12 -14 -15
leaf_value=0.013952961180711643 0.0072989464368546685 0.041947583434112534 -0.017361994818616566 -0.015586343855053808 -0.017354250517804353 -0.040933633359964007 -0.022015127667484088 0.13236374746548471 0.013706123676669416 0.047817197540336143 0.13638632082276875 0.018417952444658364 0.0076317588858306404 0.17215605292003602
leaf_weight=994 761 45 581 358 212 446 1008 75 104 102 88 42 123 46
leaf_count=994 761 45 581 358 212 446 1008 75 104 102 88 42 123 46
internal_value=6.77289e-05 0.0127497 0.0079939 0.0151691 0.0216641 -0.0157891 -0.00941061 0.0272465 0.0587203 0.0847207 0.105528 0.0198219 0.0470791 0.100821
internal_weight=4985 2770 2637 2056 1698 2215 1769 1486 281 177 133 1205 211 88
internal_count=4985 2770 2637 2056 1698 2215 1769 1486 281 177 133 1205 211 88
is_linear=0
shrinkage=0.05


Tree=8
num_leaves=15
num_cat=0
split_feature=2 29 46 13 0 0 2 0 17 0 0 0 2 0
split_gain=365.815 430.48 203.962 170.672 122.443 165.109 119.952 171.896 108.935 104.021 101.215 90.1525 74.3616 78.5117
threshold=0.42070816619601387 1.0000000180025095e-35 1.0000000180025095e-35 1.0000000180025095e-35 -0.22580471879823719 -0.34166164540304855 -0.58639316978000433 -0.69300136462150541 1.0000000180025095e-35 -0.70057664569439504 -1.0189866971618786 -0.26334180258847412 -0.2087301687889975 -0.89550624904103449
decision_type=2 2 2 2 2 2 2 2 2 2 2 2 2 2
left_child=1 2 3 4 5 6 -1 12 9 -2 -3 -12 -8 -14
right_child=8 10 -4 -5 -6 -7 7 -9 -10 -11 11 -13 13 -15
leaf_value=0.01550281396385339 0.0038367691210094098 0.037415785413235425 -0.017794743573481833 -0.015566336335472136 -0.0057396272694867139 0.1175621053089901 0.12836860841355072 0.0017350334489333727 -0.039980317246910112 -0.021604816582448887 0.18178181831132284 0.075185497047657035 0.030514100271729978 0.098662995656773667
leaf_weight=1050 707 48 637 391 349 47 50 124 390 927 42 45 107 71
leaf_count=1050 707 48 637 391 349 47 50 124 390 927 42 45 107 71
internal_value=7.39359e-05 0.0112695 0.00706814 0.0143129 0.0208206 0.0272169 0.0240251 0.0492153 -0.0162996 -0.0106055 0.0978314 0.129574 0.0747983 0.0584913
internal_weight=4985 2961 2826 2189 1798 1449 1402 352 2024 1634 135 87 228 178
internal_count=4985 2961 2826 2189 1798 1449 1402 352 2024 1634 135 87 228 178
is_linear=0
shrinkage=0.05


Tree=9
num_leaves=15
num_cat=0
split_feature=2 29 46 13 0 25 27 0 0 10 2 2 17 0
split_gain=331.795 328.71 193.016 162.914 117.77 102.75 118.899 119.712 142.283 166.532 106.369 187.993 83.6228 90.7237
threshold=0.54659583319301619 1.0000000180025095e-35 1.0000000180025095e-35 1.0000000180025095e-35 -0.65436418952014874 1.0000000180025095e-35 1.0000000180025095e-35 -0.25027372393880881 -0.3589390661806463 1.0000000180025095e-35 -0.58639316978000433 0.1689328322020093 1.0000000180025095e-35 -0.70057664569439504
decision_type=2 2 2 2 2 2 2 2 2 2 2 2 2 2
left_child=1 2 3 5 -3 6 7 8 9 10 -1 -12 13 -2
right_child=12 4 -4 -5 -6 -7 -8 -9 -10 -11 11 -13 -14 -15
leaf_value=0.026361396323950639 0.0033165288585062583 0.039256857074930401 -0.017570392823717598 -0.015234876248403972 0.12891190118143256 -0.035719000834903522 -0.010139888728008374 -0.0026545641288976186 0.11774043107385904 -0.016106307318469317 0.10186395226694052 0.026552221936136974 -0.038116925838718896 -0.021914231638536313
leaf_weight=752 608 81 660 418 69 80 254 286 46 170 149 188 367 857
leaf_count=752 608 81 660 418 69 80 254 286 46 170 149 188 367 857
internal_value=8.20677e-05 0.00991305 0.00627774 0.0130048 0.0816517 0.0191463 0.0215613 0.0266288 0.0330406 0.0297641 0.0369412 0.0602548 -0.0168301 -0.0114528
internal_weight=4985 3153 3003 2343 150 1925 1845 1591 1305 1259 1089 337 1832 1465
internal_count=4985 3153 3003 2343 150 1925 1845 1591 1305 1259 1089 337 1832 1465
is_linear=0
shrinkage=0.05


Tree=10
num_leaves=15
num_cat=0
split_feature=2 29 46 13 0 20 31 2 2 0 20 42 2 25
split_gain=301.227 366.618 140.631 121.065 116.011 108.697 102.647 101.732 97.5535 95.2792 114.324 67.9065 56.3763 50.4231
threshold=0.2948204991990116 1.0000000180025095e-35 1.0000000180025095e-35 1.0000000180025095e-35 0.072144934680439907 1.0000000180025095e-35 1.0000000180025095e-35 -0.58639316978000433 -1.3417191717620176 -0.69300136462150541 1.0000000180025095e-35 1.0000000180025095e-35 0.79837116718702072 1.0000000180025095e-35
decision_type=2 2 2 2 2 2 2 2 2 2 2 2 2 2
left_child=1 2 3 4 7 6 -2 11 -3 10 -9 13 -8 -1
right_child=5 8 -4 -5 -6 -7 12 9 -10 -11 -12 -13 -14 -15
leaf_value=0.016584703253838831 -0.022508687351714379 0.029780226083908307 -0.01473468322359588 -0.013279851631442499 -0.015828742558206214 0.0092765413005725435 0.067900622536738717 0.11894351758740165 0.12160910143523425 0.012277349636380403 0.037111551960921273 0.06619825786980453 0.00050038839302336173 -0.033891706885053566
leaf_weight=1090 1654 45 581 358 212 418 43 75 88 104 102 65 100 50
leaf_count=1090 1654 45 581 358 212 418 43 75 88 104 102 65 100 50
internal_value=8.37101e-05 0.0110711 0.00695136 0.0130879 0.0186563 -0.0136543 -0.0189927 0.0235908 0.0914407 0.0505995 0.0727277 0.0172191 0.0214246 0.0143153
internal_weight=4985 2770 2637 2056 1698 2215 1797 1486 133 281 177 1205 143 1140
internal_count=4985 2770 2637 2056 1698 2215 1797 1486 133 281 177 1205 143 1140
is_linear=0
shrinkage=0.05


Tree=11
num_leaves=15
num_cat=0
split_feature=2 29 46 13 0 0 0 17 1 0 26 27 2 0
split_gain=274.104 321.495 151.256 126.471 92.8545 87.2672 86.0996 85.2636 79.3834 77.6414 70.697 75.2068 102.855 84.2161
threshold=0.42070816619601387 1.0000000180025095e-35 1.0000000180025095e-35 1.0000000180025095e-35 0.072144934680439907 -1.0189866971618786 -0.26334180258847412 1.0000000180025095e-35 1.259265268141242 -0.70057664569439504 1.0000000180025095e-35 1.0000000180025095e-35 -1.0899438377680133 -1.2159109372143722
decision_type=2 2 2 2 2 2 2 2 2 2 2 2 2 2
left_child=1 2 3 4 8 -3 -7 9 10 -2 11 12 13 -1
right_child=7 5 -4 -5 -6 6 -8 -9 -10 -11 -12 -13 -14 -15
leaf_value=0.060689197881266671 0.0034280015595786364 0.028829299949109558 -0.015263528653053591 -0.013334752848187021 -0.012353180814324669 0.16465265019426378 0.061742351735208902 -0.035035961871724385 -0.0069817123398345704 -0.018551890994769879 -0.02304301209974717 -0.0023357762511642204 0.045020435841470974 0.0030937569653804869
leaf_weight=76 707 48 637 391 220 42 45 390 202 927 67 166 725 342
leaf_count=76 707 48 637 391 220 42 45 390 202 927 67 166 725 342
internal_value=8.71429e-05 0.00977824 0.0061474 0.0123862 0.0179882 0.0845845 0.114007 -0.0140861 0.0222286 -0.00904905 0.0265207 0.0290888 0.0336488 0.0138048
internal_weight=4985 2961 2826 2189 1798 135 87 2024 1578 1634 1376 1309 1143 418
internal_count=4985 2961 2826 2189 1798 135 87 2024 1578 1634 1376 1309 1143 418
is_linear=0
shrinkage=0.05


Tree=12
num_leaves=15
num_cat=0
split_feature=2 29 46 13 0 25 27 2 0 17 0 26 39 1
split_gain=248.592 242.257 143.943 121.358 102.158 83.7257 96.1454 94.7273 68.833 65.2897 69.0654 55.0275 44.5744 39.6746
threshold=0.54659583319301619 1.0000000180025095e-35 1.0000000180025095e-35 1.0000000180025095e-35 -0.65436418952014874 1.0000000180025095e-35 1.0000000180025095e-35 -1.2158315047650154 -0.70057664569439504 1.0000000180025095e-35 -0.70057664569439504 1.0000000180025095e-35 1.0000000180025095e-35 1.259265268141242
decision_type=2 2 2 2 2 2 2 2 2 2 2 2 2 2
left_child=1 2 3 5 -3 6 7 8 12 10 -2 13 -1 -9
right_child=9 4 -4 -5 -6 -7 -8 11 -10 -11 -12 -13 -14 -15
leaf_value=0.031013178325719738 0.0030853512983189009 0.030897116822650634 -0.015118414804049601 -0.013087992904696703 0.11413326315240752 -0.032933848868010616 -0.0097368557748268372 0.037473714616077791 -0.015590036912683415 -0.033359772740417792 -0.018928236378663373 -0.015095736422255391 -0.022732331524503994 0.0057387282124069412
leaf_weight=224 608 81 660 418 69 80 254 931 221 367 857 59 45 111
leaf_count=224 608 81 660 418 69 80 254 931 221 367 857 59 45 111
internal_value=8.76097e-05 0.00859713 0.00547622 0.0112855 0.0701837 0.0165861 0.0187666 0.0233237 0.00500809 -0.0145513 -0.00980047 0.0314511 0.0219209 0.0341106
internal_weight=4985 3153 3003 2343 150 1925 1845 1591 490 1832 1465 1101 269 1042
internal_count=4985 3153 3003 2343 150 1925 1845 1591 490 1832 1465 1101 269 1042
is_linear=0
shrinkage=0.05


Tree=13
num_leaves=15
num_cat=0
split_feature=2 29 46 2 13 0 2 0 20 31 0 0 2 41
split_gain=227.678 275.055 102.948 93.3287 89.1258 89.4789 83.9703 86.9239 83.4454 87.0795 67.2919 141.455 175.197 58.8696
threshold=0.2948204991990116 1.0000000180025095e-35 1.0000000180025095e-35 -1.3417191717620176 1.0000000180025095e-35 0.072144934680439907 -0.58639316978000433 -1.0092288002666059 1.0000000180025095e-35 1.0000000180025095e-35 -0.4783569052635599 -0.25027372393880881 -1.0899438377680133 1.0000000180025095e-35
decision_type=2 2 2 2 2 2 2 2 2 2 2 2 2 2
left_child=1 2 4 -3 5 6 10 -8 9 -2 13 12 -12 -1
right_child=8 3 -4 -5 -6 -7 7 -9 -10 -11 11 -13 -14 -15
leaf_value=0.0055764427972822966 -0.019775960508009276 0.019491019092024643 -0.012486590758144959 0.10869664069265128 -0.011305749832277393 -0.014188313372128548 0.10295273314388294 0.031329223712713558 0.008231683521908487 0.020683019470648264 0.012592441986568951 0.0052177390811732043 0.1530781688944747 0.050580980290313951
leaf_weight=917 1654 45 581 88 358 212 51 230 418 143 42 123 46 77
leaf_count=917 1654 45 581 88 358 212 51 230 418 143 42 123 46 77
internal_value=8.41465e-05 0.00963647 0.00606802 0.0792502 0.0113184 0.016096 0.0204298 0.0449642 -0.0118596 -0.0165369 0.0146435 0.0401598 0.087798 0.00915728
internal_weight=4985 2770 2637 133 2056 1698 1486 281 2215 1797 1205 211 88 994
internal_count=4985 2770 2637 133 2056 1698 1486 281 2215 1797 1205 211 88 994
is_linear=0
shrinkage=0.05


Tree=14
num_leaves=15
num_cat=0
split_feature=2 29 46 13 25 27 2 10 2 0 0 2 2 0
split_gain=206.839 239.893 112.509 93.9952 78.0424 85.3143 105.896 160.55 88.284 81.1542 123.792 142.777 77.1337 127.988
threshold=0.42070816619601387 1.0000000180025095e-35 1.0000000180025095e-35 1.0000000180025095e-35 1.0000000180025095e-35 1.0000000180025095e-35 -0.58639316978000433 1.0000000180025095e-35 -0.2087301687889975 -0.11920233649342464 -0.52046139802752489 -1.0899438377680133 -1.3417191717620176 -1.0189866971618786
decision_type=2 2 2 2 2 2 2 2 2 2 2 2 2 2
left_child=1 2 3 4 5 6 9 8 -8 10 -1 -12 -3 -14
right_child=-2 12 -4 -5 -6 -7 7 -9 -10 -11 11 -13 13 -15
leaf_value=0.012638305636926993 -0.012222785878194926 0.018557939622947512 -0.0130948688444304 -0.011422367113744294 -0.032771760595496746 -0.0099103016639128325 0.10273318867465216 -0.046098784641140984 0.041813100038952639 -0.016660750946752598 0.0050988097772447036 0.10274136365244815 0.031867150858391168 0.15246701676617652
leaf_weight=811 2024 45 637 391 78 238 82 40 225 172 65 87 41 49
leaf_count=811 2024 45 637 391 78 238 82 40 225 172 65 87 41 49
internal_value=8.9177e-05 0.00850762 0.0053712 0.0107519 0.0155813 0.0178096 0.0222686 0.0463754 0.0586445 0.0148299 0.0204772 0.0615948 0.0731265 0.0994142
internal_weight=4985 2961 2826 2189 1798 1720 1482 347 307 1135 963 152 135 90
internal_count=4985 2961 2826 2189 1798 1720 1482 347 307 1135 963 152 135 90
is_linear=0
shrinkage=0.05


Tree=15
num_leaves=15
num_cat=0
split_feature=46 13 2 2 2 0 0 25 0 0 61 2 0 41
split_gain=192.808 167.803 150.91 167.367 286.945 118.626 73.2107 62.5937 55.8521 70.2799 214.829 115.226 144.38 83.8811
threshold=1.0000000180025095e-35 1.0000000180025095e-35 0.42070816619601387 -0.46050550278300201 -0.2087301687889975 -0.69300136462150541 -0.52046139802752489 1.0000000180025095e-35 0.33528778489511685 -0.65797611364846242 1.0000000180025095e-35 -1.2158315047650154 -0.23216963936154275 1.0000000180025095e-35
decision_type=2 2 2 2 2 2 2 2 2 2 2 2 2 2
left_child=1 2 3 7 6 -6 -5 8 9 13 11 -11 -13 -1
right_child=-2 -3 -4 4 5 -7 -8 -9 -10 10 -12 12 -14 -15
leaf_value=0.003675445764106926 -0.019191381706902239 -0.017711188225588179 -0.0030376923600752442 0.17343049241436853 0.050645125027823978 -0.010326163476312777 0.075144022483039988 -0.034186761652770112 -0.019144031492092449 -0.0091076041715269975 0.13232164205983282 0.073772443241554575 -0.0095809774552812667 0.063562979701433389
leaf_weight=818 1027 668 1357 43 189 136 42 71 120 183 46 144 80 61
leaf_count=818 1027 668 1357 43 189 136 42 71 120 183 46 144 80 61
internal_value=9.12497e-05 0.00510177 0.00974164 0.0187068 0.0469877 0.0252239 0.127709 0.0110418 0.0132974 0.0162444 0.0322015 0.020294 0.044182 0.00796633
internal_weight=4985 3958 3290 1933 410 325 85 1523 1452 1332 453 407 224 879
internal_count=4985 3958 3290 1933 410 325 85 1523 1452 1332 453 407 224 879
is_linear=0
shrinkage=0.05


Tree=16
num_leaves=15
num_cat=0
split_feature=2 29 2 0 46 13 27 0 0 10 2 2 49 25
split_gain=175.683 165.103 102.872 196.064 95.3692 79.7792 64.1329 74.781 115.3 121.014 86.2139 129.44 179.186 59.474
threshold=0.54659583319301619 1.0000000180025095e-35 -0.58639316978000433 -0.65436418952014874 1.0000000180025095e-35 1.0000000180025095e-35 1.0000000180025095e-35 -0.25027372393880881 -0.3589390661806463 1.0000000180025095e-35 -0.58639316978000433 0.1689328322020093 1.0000000180025095e-35 1.0000000180025095e-35
decision_type=2 2 2 2 2 2 2 2 2 2 2 2 2 2
left_child=1 4 3 -3 5 6 7 8 9 10 13 12 -12 -1
right_child=-2 2 -4 -5 -6 -7 -8 -9 -10 -11 11 -13 -14 -15
leaf_value=0.01966404623957382 -0.012210645845428933 -0.04677507275094589 0.11703287675976753 0.09006044109319819 -0.012090919557023299 -0.010361298847877022 -0.0096488516654062561 -0.0043317023552237799 0.097820002958178526 -0.019600694600579352 0.14142019794432117 0.018682986222342345 0.030959120457718037 -0.040246805218471723
leaf_weight=752 1832 46 48 56 660 418 254 323 47 170 66 188 83 42
leaf_count=752 1832 46 48 56 660 418 254 323 47 170 66 188 83 42
internal_value=9.57161e-05 0.00724934 0.0580917 0.0286375 0.00467278 0.00940124 0.0136988 0.0172551 0.0224263 0.0195567 0.0254666 0.0466014 0.0811132 0.0164018
internal_weight=4985 3153 150 102 3003 2343 1925 1671 1348 1301 1131 337 149 794
internal_count=4985 3153 150 102 3003 2343 1925 1671 1348 1301 1131 337 149 794
is_linear=0
shrinkage=0.05


Tree=17
num_leaves=15
num_cat=0
split_feature=46 13 2 2 2 0 0 25 2 0 29 42 10 0
split_gain=162.941 141.942 120.612 141.057 261.273 100.277 63.4455 52.1956 54.8157 65.7032 68.3446 56.1459 51.5949 46.2726
threshold=1.0000000180025095e-35 1.0000000180025095e-35 0.42070816619601387 -0.46050550278300201 -0.2087301687889975 -0.69300136462150541 -0.52046139802752489 1.0000000180025095e-35 -0.71228083677700649 0.33528778489511685 1.0000000180025095e-35 1.0000000180025095e-35 1.0000000180025095e-35 -0.89550624904103449
decision_type=2 2 2 2 2 2 2 2 2 2 2 2 2 2
left_child=1 2 3 7 6 13 -5 8 9 10 11 -1 -4 -6
right_child=-2 -3 12 4 5 -7 -8 -9 -10 -11 -12 -13 -14 -15
leaf_value=0.013364482187088439 -0.017628172158573163 -0.016277250905357015 0.0016146278934064302 0.16256467074155809 0.025666890654344268 -0.010477318967679058 0.070944109644783149 -0.031350396022404713 -0.012925079892011127 -0.019500153912619379 0.06378713410209727 0.065782605522070769 -0.025769905760736751 0.077040502709681047
leaf_weight=1013 1027 668 1157 43 118 136 42 71 190 118 79 52 200 71
leaf_count=1013 1027 668 1157 43 118 136 42 71 190 118 79 52 200 71
internal_value=9.81563e-05 0.00470427 0.00897164 0.0169865 0.0429492 0.0221961 0.119965 0.00995 0.0120099 0.0157784 0.019445 0.0160424 -0.0024534 0.0455706
internal_weight=4985 3958 3290 1933 410 325 85 1523 1452 1262 1144 1065 1357 189
internal_count=4985 3958 3290 1933 410 325 85 1523 1452 1262 1144 1065 1357 189
is_linear=0
shrinkage=0.05


Tree=18
num_leaves=15
num_cat=0
split_feature=2 29 1 2 1 17 0 28 41 0 49 31 0 31
split_gain=150.67 185.27 80.7587 106.277 73.4044 68.2413 68.7898 63.685 58.0953 266.735 63.6079 58.9414 49.8278 39.0927
threshold=0.2948204991990116 1.0000000180025095e-35 -0.41876142585576009 -1.2158315047650154 1.259265268141242 1.0000000180025095e-35 -0.70057664569439504 1.0000000180025095e-35 1.0000000180025095e-35 -0.64460816921490449 1.0000000180025095e-35 1.0000000180025095e-35 -0.83944468792477001 1.0000000180025095e-35
decision_type=2 2 2 2 2 2 2 2 2 2 2 2 2 2
left_child=1 4 -3 -4 7 6 13 8 10 -10 11 -1 -13 -2
right_child=5 2 3 -5 -6 -7 -8 -9 9 -11 -12 12 -14 -15
leaf_value=-0.0029388681548643157 0.002183401222182804 0.0080444708466529853 0.035880434947709247 0.14546220477508462 -0.015946162539244354 -0.027050202525476508 -0.013750381700208729 0.046308182949869658 0.10872043829524157 -0.036649193016232033 0.019971301770905853 0.077692984510213142 0.001919282677218966 0.038540110909884955
leaf_weight=1470 680 43 46 44 361 446 1008 103 64 59 495 41 44 81
leaf_count=1470 680 43 46 44 361 446 1008 103 64 59 495 41 44 81
internal_value=0.000100203 0.00787092 0.0650039 0.0914513 0.00494227 -0.00961591 -0.00519479 0.00826651 0.00642242 0.0395196 0.0044 -0.000576062 0.0394148 0.00614405
internal_weight=4985 2770 133 90 2637 2215 1769 2276 2173 123 2050 1555 85 761
internal_count=4985 2770 133 90 2637 2215 1769 2276 2173 123 2050 1555 85 761
is_linear=0
shrinkage=0.05


Tree=19
num_leaves=15
num_cat=0
split_feature=29 34 2 31 49 2 2 28 12 0 2 2 2 0
split_gain=136.956 124.016 140.025 95.1601 116.909 84.7689 76.8394 75.7685 82.6992 205.16 75.3952 55.7184 58.9782 120.894
threshold=1.0000000180025095e-35 1.0000000180025095e-35 0.79837116718702072 1.0000000180025095e-35 1.0000000180025095e-35 -0.71228083677700649 0.2948204991990116 1.0000000180025095e-35 1.0000000180025095e-35 -0.64460816921490449 -1.3417191717620176 -0.71228083677700649 -0.83816850377400887 -0.57617471485579175
decision_type=2 2 2 2 2 2 2 2 2 2 2 2 2 2
left_child=1 2 3 4 7 -5 10 8 11 -10 -2 12 -1 -14
right_child=6 -3 -4 5 -6 -7 -8 -9 9 -11 -12 -13 13 -15
leaf_value=-0.0065358995775178109 0.0086445672080871904 0.06117625067058903 -0.016543750987890349 0.0045553375652525579 0.018273880767220255 0.079128133053580921 0.0049151092862572384 0.028415885644896728 0.085187425501886516 -0.036698640197042436 0.088326569183005244 -0.017152717528512811 -0.0019552985131468651 0.08432848062366248
leaf_weight=888 45 75 1325 78 735 73 106 162 75 61 88 1083 135 56
leaf_count=888 45 75 1325 78 735 73 106 162 75 61 88 1083 135 56
internal_value=0.000102981 -0.00176347 -0.00279981 0.00264935 0.000804191 0.0411702 0.0368735 -0.00442602 -0.00676394 0.0307784 0.061894 -0.00915179 -0.00110432 0.0239543
internal_weight=4985 4746 4671 3346 3195 151 239 2460 2298 136 133 2162 1079 191
internal_count=4985 4746 4671 3346 3195 151 239 2460 2298 136 133 2162 1079 191
is_linear=0
shrinkage=0.05


Tree=20
num_leaves=15
num_cat=0
split_feature=46 13 61 0 34 2 0 0 0 10 27 25 0 1
split_gain=125.047 111.333 92.8168 171.051 86.8242 96.7121 76.5704 70.7058 122.375 98.7428 101.632 76.0359 60.2758 46.6617
threshold=1.0000000180025095e-35 1.0000000180025095e-35 1.0000000180025095e-35 -1.0292090430823462 1.0000000180025095e-35 0.79837116718702072 -0.55821867399039615 -0.25027372393880881 -0.3589390661806463 1.0000000180025095e-35 1.0000000180025095e-35 1.0000000180025095e-35 -1.4711188974405045 1.259265268141242
decision_type=2 2 2 2 2 2 2 2 2 2 2 2 2 2
left_child=1 2 4 -4 5 7 -5 8 9 10 11 12 -1 -14
right_child=-2 -3 3 6 -6 -7 -8 -9 -10 -11 -12 -13 13 -15
leaf_value=0.074420971100397734 -0.015423359468944603 -0.014441357469427813 -0.023391460137707848 0.12804896788332951 0.058196887291072835 -0.0096695541381022817 0.045809226632318512 -0.0087090665743350202 0.090818627226148169 -0.021947792053214035 -0.013861473988185258 -0.035735444287684832 0.025514384939494841 -0.0062828887501049022
leaf_weight=56 1027 668 68 42 75 866 91 404 49 187 233 53 1037 129
leaf_count=56 1027 668 68 42 75 866 91 404 49 187 233 53 1037 129
internal_value=0.000105534 0.00414064 0.00792 0.0406749 0.00576371 0.00442124 0.0732919 0.0101059 0.0144694 0.0121578 0.0164105 0.0219556 0.0245121 0.0219918
internal_weight=4985 3958 3290 201 3089 3014 133 2148 1744 1695 1508 1275 1222 1166
internal_count=4985 3958 3290 201 3089 3014 133 2148 1744 1695 1508 1275 1222 1166
is_linear=0
shrinkage=0.05


Tree=21
num_leaves=15
num_cat=0
split_feature=2 29 1 2 1 17 0 28 41 0 49 31 0 39
split_gain=115.195 143.484 73.7186 93.2291 62.2247 55.4265 54.8244 50.2687 47.7186 219.988 43.749 46.5215 43.2983 33.9939
threshold=0.2948204991990116 1.0000000180025095e-35 -0.41876142585576009 -1.2158315047650154 1.259265268141242 1.0000000180025095e-35 -0.70057664569439504 1.0000000180025095e-35 1.0000000180025095e-35 -0.64460816921490449 1.0000000180025095e-35 1.0000000180025095e-35 -0.83944468792477001 1.0000000180025095e-35
decision_type=2 2 2 2 2 2 2 2 2 2 2 2 2 2
left_child=1 4 -3 -4 7 6 13 8 10 -10 11 -1 -13 -2
right_child=5 2 3 -5 -6 -7 -8 -9 9 -11 -12 12 -14 -15
leaf_value=-0.0023141044710665365 0.008832726612974259 0.002992802874909507 0.030568359419703484 0.13298344764372577 -0.014908616860671684 -0.024101908079163487 -0.012043907162583536 0.041181853312522262 0.09858744326753148 -0.033427967900480908 0.016826324448849347 0.07099463492198739 0.00042399465632827387 -0.02980342993771868
leaf_weight=1470 701 43 46 44 361 446 1008 103 64 59 495 41 44 60
leaf_count=1470 701 43 46 44 361 446 1008 103 64 59 495 41 44 60
internal_value=0.000105738 0.00690033 0.0571792 0.0824404 0.00432305 -0.0083899 -0.00440585 0.00738383 0.00574541 0.0357413 0.00391257 -0.000214572 0.0353135 0.00571638
internal_weight=4985 2770 133 90 2637 2215 1769 2276 2173 123 2050 1555 85 761
internal_count=4985 2770 133 90 2637 2215 1769 2276 2173 123 2050 1555 85 761
is_linear=0
shrinkage=0.05


Tree=22
num_leaves=15
num_cat=0
split_feature=2 29 1 2 1 12 0 28 0 49 0 0 2 31
split_gain=105.093 122.731 61.0306 70.7446 58.1811 49.1737 197.778 49.8285 48.4757 42.2253 41.5165 42.0004 65.8039 33.7779
threshold=0.42070816619601387 1.0000000180025095e-35 -0.41876142585576009 -1.2158315047650154 0.69992303680890788 1.0000000180025095e-35 -0.64460816921490449 1.0000000180025095e-35 -0.97022922966089642 1.0000000180025095e-35 -0.87366781448166952 -0.45399866887692109 -0.96405617077101102 1.0000000180025095e-35
decision_type=2 2 2 2 2 2 2 2 2 2 2 2 2 2
left_child=1 4 -3 -4 5 7 -7 9 -2 13 -11 12 -12 -1
right_child=8 2 3 -5 -6 6 -8 -9 -10 10 11 -13 -14 -15
leaf_value=-0.0012538790768647145 0.0050982594007178686 0.0028498142460982004 0.029103626062472659 0.11757387180502217 -0.0065369889333580207 0.11026214748406067 -0.031006432821353277 0.043009118283433574 -0.013009684945524373 0.0058024850673741657 0.10646520432616985 0.0076063615545420588 0.023499609755836887 0.034682974212573492
leaf_weight=1247 485 43 46 46 910 50 46 89 1539 249 40 69 59 67
leaf_count=1247 485 43 46 46 910 50 46 89 1539 249 40 69 59 67
internal_value=0.000106202 0.00610689 0.0523267 0.0748991 0.00386349 0.00880483 0.0433196 0.00693872 -0.00866983 0.00503665 0.018858 0.0379122 0.0584655 0.000628442
internal_weight=4985 2961 135 92 2826 1916 96 1820 2024 1731 417 168 99 1314
internal_count=4985 2961 135 92 2826 1916 96 1820 2024 1731 417 168 99 1314
is_linear=0
shrinkage=0.05


Tree=23
num_leaves=15
num_cat=0
split_feature=46 13 34 2 61 0 0 0 10 27 25 0 31 0
split_gain=99.1747 90.4883 74.6545 79.9797 54.9103 180.668 56.9077 113.028 81.7227 81.5397 64.026 56.3757 40.0684 71.0835
threshold=1.0000000180025095e-35 1.0000000180025095e-35 1.0000000180025095e-35 0.79837116718702072 1.0000000180025095e-35 -1.0389085585420845 -0.25027372393880881 -0.3589390661806463 1.0000000180025095e-35 1.0000000180025095e-35 1.0000000180025095e-35 -1.4711188974405045 1.0000000180025095e-35 -0.86087431922536239
decision_type=2 2 2 2 2 2 2 2 2 2 2 2 2 2
left_child=1 2 3 4 6 -6 7 8 9 10 11 -1 13 -13
right_child=-2 -3 -4 -5 5 -7 -8 -9 -10 -11 -12 12 -14 -15
leaf_value=0.070087060157273867 -0.013719856996210048 -0.013049267025053268 0.05577296802362839 -0.0064293131768022498 -0.035133078986523202 0.082628303679192203 -0.0079108613706652658 0.086252415160118945 -0.020362609764768943 -0.012582092609434846 -0.033430733973668379 0.0063838769185600719 0.046113688387863699 0.033619364397911571
leaf_weight=56 1027 668 75 928 49 90 404 49 187 233 53 670 124 372
leaf_count=56 1027 668 75 928 49 90 404 49 187 233 53 670 124 372
internal_value=0.000109597 0.0037031 0.00711036 0.00594118 0.010962 0.0412058 0.00896839 0.0128831 0.0106629 0.0145321 0.0194991 0.0218456 0.0194126 0.0161529
internal_weight=4985 3958 3290 3215 2287 139 2148 1744 1695 1508 1275 1222 1166 1042
internal_count=4985 3958 3290 3215 2287 139 2148 1744 1695 1508 1275 1222 1166 1042
is_linear=0
shrinkage=0.05


Tree=24
num_leaves=15
num_cat=0
split_feature=29 34 2 31 2 49 2 0 2 0 28 2 2 0
split_gain=90.0953 92.8569 97.9472 68.5714 75.6717 72.0118 64.6435 169.316 128.334 56.0411 50.1919 56.2143 45.9085 104.068
threshold=1.0000000180025095e-35 1.0000000180025095e-35 0.79837116718702072 1.0000000180025095e-35 -0.58639316978000433 1.0000000180025095e-35 -0.46050550278300201 -0.65436418952014874 0.67248350019001835 -1.5875853418164012 1.0000000180025095e-35 -0.71228083677700649 -0.83816850377400887 -0.57617471485579175
decision_type=2 2 2 2 2 2 2 2 2 2 2 2 2 2
left_child=1 2 3 5 -5 9 7 -2 -8 -1 11 12 -11 -14
right_child=6 -3 -4 4 -6 -7 8 -9 -10 10 -12 -13 13 -15
leaf_value=0.052514134919659811 -0.061526381617242644 0.053056750393339569 -0.013796631416206155 0.00089971184742027597 0.071287190837382872 0.014400171781394105 0.11884248406277038 0.059928327153126404 0.0154470307940972 -0.003128646092239163 0.022286154957780639 -0.014605463438490039 -0.0008167009087845878 0.079524631284434225
leaf_weight=42 53 75 1325 79 72 735 46 58 82 990 162 1078 132 56
leaf_count=42 53 75 1325 79 72 735 46 58 82 990 162 1078 132 56
internal_value=0.000108895 -0.00140495 -0.00230174 0.0022557 0.0349551 0.000689381 0.0299325 0.00187388 0.0538615 -0.00341551 -0.00442959 -0.00636604 0.00118591 0.0237
internal_weight=4985 4746 4671 3346 151 3195 239 111 128 2460 2418 2256 1178 188
internal_count=4985 4746 4671 3346 151 3195 239 111 128 2460 2418 2256 1178 188
is_linear=0
shrinkage=0.05


Tree=25
num_leaves=15
num_cat=0
split_feature=46 13 61 0 2 34 0 0 0 2 31 0 49 1
split_gain=83.4975 76.0762 65.4025 138.796 69.362 66.1032 70.8099 87.7296 114.835 55.0013 52.3474 73.4167 42.8393 45.3264
threshold=1.0000000180025095e-35 1.0000000180025095e-35 1.0000000180025095e-35 -1.0389085585420845 -0.46050550278300201 1.0000000180025095e-35 -1.3675572950679056 -1.605496441180837 -1.523580443951331 0.79837116718702072 1.0000000180025095e-35 -0.90532305024906989 1.0000000180025095e-35 -0.41876142585576009
decision_type=2 2 2 2 2 2 2 2 2 2 2 2 2 2
left_child=1 2 5 -4 -5 6 7 -1 -9 10 12 -12 -8 -14
right_child=-2 -3 3 4 -6 -7 9 8 -10 -11 11 -13 13 -15
leaf_value=-0.032834967128932475 -0.012578053469936529 -0.011951860004076874 -0.026882607134488912 0.029973571108263215 0.10208521296926698 0.050472818207382766 -0.0026382690133114946 0.11326719000723891 0.023029055718352346 -0.0098953759941564703 0.072978682708996004 0.0029157434670447277 0.029852372069217384 0.0029318347203338316
leaf_weight=48 1027 668 63 79 59 75 1130 42 186 801 65 85 254 403
leaf_count=48 1027 668 63 79 59 75 1130 42 186 801 65 85 254 403
internal_value=0.000111357 0.00340862 0.00653278 0.034028 0.0618218 0.00472281 0.00355166 0.0275952 0.0404923 0.00110961 0.00566597 0.0338371 0.00326612 0.0133985
internal_weight=4985 3958 3290 201 138 3089 3014 276 228 2738 1937 150 1787 657
internal_count=4985 3958 3290 201 138 3089 3014 276 228 2738 1937 150 1787 657
is_linear=0
shrinkage=0.05


Tree=26
num_leaves=15
num_cat=0
split_feature=2 29 2 0 1 28 31 20 0 41 0 12 49 0
split_gain=78.4956 94.6819 58.4794 82.0122 52.112 45.3836 39.6085 39.5702 38.8221 38.1319 175.194 36.7755 36.2509 32.8273
threshold=0.42070816619601387 1.0000000180025095e-35 -1.3417191717620176 -1.0189866971618786 1.259265268141242 1.0000000180025095e-35 1.0000000180025095e-35 1.0000000180025095e-35 -1.3503384964367899 1.0000000180025095e-35 -0.64460816921490449 1.0000000180025095e-35 1.0000000180025095e-35 -0.83516870082126871
decision_type=2 2 2 2 2 2 2 2 2 2 2 2 2 2
left_child=1 4 -3 -4 5 9 7 11 -9 12 -11 -2 -1 -8
right_child=6 2 3 -5 -6 -7 13 8 -10 10 -12 -13 -14 -15
leaf_value=-0.00068674092337026938 -0.014336894458174258 -0.00077985455381109363 0.015281799245019293 0.11111931435617746 -0.013956388842656953 0.036114367623930846 0.049261671069236297 0.04810044706353675 -0.00086312689940351713 0.086655152173462646 -0.030721093940388289 0.032140322325920519 0.014280528272021612 -0.00074867234189613643
leaf_weight=1678 1464 45 41 49 376 117 51 44 337 65 59 42 531 86
leaf_count=1678 1464 45 41 49 376 117 51 44 337 65 59 42 531 86
internal_value=0.000112421 0.00529846 0.0458945 0.0687413 0.00332808 0.00598993 -0.00747221 -0.0093614 0.00501311 0.00444955 0.0312056 -0.0129998 0.00292076 0.0183092
internal_weight=4985 2961 135 90 2826 2450 2024 1887 381 2333 124 1506 2209 137
internal_count=4985 2961 135 90 2826 2450 2024 1887 381 2333 124 1506 2209 137
is_linear=0
shrinkage=0.05


Tree=27
num_leaves=15
num_cat=0
split_feature=34 2 29 1 2 1 28 31 20 2 12 0 49 0
split_gain=72.4318 83.3405 87.046 54.8497 63.2784 41.6336 42.3479 39.9116 43.9056 40.193 36.2411 157.54 36.5854 35.195
threshold=1.0000000180025095e-35 0.42070816619601387 1.0000000180025095e-35 -0.41876142585576009 -1.2158315047650154 1.259265268141242 1.0000000180025095e-35 1.0000000180025095e-35 1.0000000180025095e-35 1.1760341681780278 1.0000000180025095e-35 -0.64460816921490449 1.0000000180025095e-35 -1.3503384964367899
decision_type=2 2 2 2 2 2 2 2 2 2 2 2 2 2
left_child=1 2 5 -4 -5 6 10 8 9 -3 12 -12 -1 -10
right_child=-2 7 3 4 -6 -7 -8 -9 13 -11 11 -13 -14 -15
leaf_value=-0.0015275330485543237 0.048231839020313194 -0.019913121869781114 -0.0029507641163137224 0.022089600935578348 0.10537952765201529 -0.01280609935912134 0.034338996724319497 0.017428686377163573 0.045799990423509608 -0.0024238026349470304 0.081681097253150425 -0.029235401679380019 0.013569180900557263 -0.00082022452625311415
leaf_weight=1623 75 1007 43 46 46 366 117 137 44 488 66 59 531 337
leaf_count=1623 75 1007 43 46 46 366 117 137 44 488 66 59 531 337
internal_value=0.000113434 -0.000640911 0.00478804 0.0436915 0.0650906 0.00285629 0.00525748 -0.00845095 -0.0103574 -0.0142151 0.00373568 0.0296926 0.00220322 0.00477479
internal_weight=4985 4910 2897 135 92 2762 2396 2013 1876 1495 2279 125 2154 381
internal_count=4985 4910 2897 135 92 2762 2396 2013 1876 1495 2279 125 2154 381
is_linear=0
shrinkage=0.05


Tree=28
num_leaves=15
num_cat=0
split_feature=46 13 0 29 2 0 34 0 31 2 42 0 0 25
split_gain=66.439 59.7426 55.0592 77.6565 72.9393 98.1895 60.1259 43.4936 40.133 48.1617 60.4501 44.6548 55.7488 36.9239
threshold=1.0000000180025095e-35 1.0000000180025095e-35 0.33528778489511685 1.0000000180025095e-35 0.2948204991990116 -0.65436418952014874 1.0000000180025095e-35 -1.5875853418164012 1.0000000180025095e-35 -0.71228083677700649 1.0000000180025095e-35 -0.90532305024906989 -1.0708166041725258 1.0000000180025095e-35
decision_type=2 2 2 2 2 2 2 2 2 2 2 2 2 2
left_child=1 2 3 6 5 -5 7 -1 9 10 13 12 -10 -9
right_child=-2 -3 -4 4 -6 -7 -8 8 11 -11 -12 -13 -14 -15
leaf_value=0.046724022811589147 -0.01120546149205669 -0.01055707351675556 -0.013590892924011423 0.019342112349289838 0.0018302355687198945 0.11032174216550694 0.053669041051762179 0.010158329568491796 0.012997019823108399 -0.0039833829488249168 0.061798683398713673 0.004881236985296248 0.092431359845321887 -0.027615297700145414
leaf_weight=58 1027 668 327 64 84 55 62 865 47 1443 52 124 41 68
leaf_count=58 1027 668 327 64 84 55 62 865 47 1443 52 124 41 68
internal_value=0.000113755 0.00305498 0.0058235 0.00797381 0.0376698 0.06252 0.00576395 0.00462416 0.00366456 0.00183347 0.0103458 0.0244226 0.0512378 0.00735209
internal_weight=4985 3958 3290 2963 203 119 2760 2698 2640 2428 985 212 88 933
internal_count=4985 3958 3290 2963 203 119 2760 2698 2640 2428 985 212 88 933
is_linear=0
shrinkage=0.05


Tree=29
num_leaves=15
num_cat=0
split_feature=46 42 29 2 0 0 34 0 41 0 31 0 2 0
split_gain=60.0509 56.7894 58.1462 63.4727 189.451 101.064 50.3575 49.8396 70.1711 78.1976 46.9158 36.1152 30.5703 36.6664
threshold=1.0000000180025095e-35 1.0000000180025095e-35 1.0000000180025095e-35 -0.46050550278300201 -0.65436418952014874 -0.039226896741116228 1.0000000180025095e-35 -0.45399866887692109 1.0000000180025095e-35 -1.2318738890929961 1.0000000180025095e-35 -0.48881325110669566 -0.83816850377400887 -1.0092288002666059
decision_type=2 2 2 2 2 2 2 2 2 2 2 2 2 2
left_child=1 2 6 4 -4 -5 7 8 10 -10 11 -1 -12 -14
right_child=-2 -3 3 5 -6 -7 -8 -9 9 -11 12 -13 13 -15
leaf_value=0.0011877881726700215 -0.010646277093371528 -0.0098802951267960345 -0.062689249000766056 0.091045919090912156 0.069780388755618414 -0.0072575232568418691 0.04383691398596222 -0.0072674991476361726 0.099097210071271369 0.014571745148354985 -0.0029801135736645438 0.043468873573538777 0.07231530647500066 0.015876548297913566
leaf_weight=1763 1027 710 53 72 51 40 75 858 40 81 49 50 56 60
leaf_count=1763 1027 710 53 72 51 40 75 858 40 81 49 50 56 60
internal_value=0.000115029 0.00291128 0.00571183 0.0306561 0.00236275 0.0564262 0.00391576 0.00287427 0.00702285 0.043671 0.00473913 0.00240046 0.0300997 0.0438867
internal_weight=4985 3958 3248 216 104 112 3032 2957 2099 121 1978 1813 165 116
internal_count=4985 3958 3248 216 104 112 3032 2957 2099 121 1978 1813 165 116
is_linear=0
shrinkage=0.05


Tree=30
num_leaves=15
num_cat=0
split_feature=2 29 2 1 12 0 39 17 42 27 18 0 0 0
split_gain=59.3027 72.0161 58.0156 43.3181 37.6096 152.337 34.9262 43.5908 38.0758 32.6504 34.3306 26.9661 25.7433 29.1781
threshold=0.2948204991990116 1.0000000180025095e-35 -1.3417191717620176 0.69992303680890788 1.0000000180025095e-35 -0.64460816921490449 1.0000000180025095e-35 1.0000000180025095e-35 1.0000000180025095e-35 1.0000000180025095e-35 1.0000000180025095e-35 -1.5049396630606748 0.16114619966911531 -0.4783569052635599
decision_type=2 2 2 2 2 2 2 2 2 2 2 2 2 2
left_child=1 3 -3 4 11 -6 7 8 9 10 -2 -1 13 -13
right_child=6 2 -4 -5 5 -7 -8 -9 -10 -11 -12 12 -14 -15
leaf_value=-0.024100108010073507 0.010117160171027565 -0.0055077577524996826 0.063794196885493079 -0.0060529943754853207 0.097526214461700594 -0.027035092283040286 -0.028562036536486802 -0.018027259257581005 -0.014405718831165669 -0.014819879003055512 -0.021880596279895501 0.0052867181986434473 -0.01007209167133024 0.021690055412361527
leaf_weight=70 955 45 88 858 49 46 157 446 371 196 90 1062 189 363
leaf_count=70 955 45 88 858 49 46 157 446 371 196 90 1062 189 363
internal_value=0.000116305 0.0049914 0.0406119 0.00316542 0.0076132 0.0378985 -0.00597931 -0.00423047 -0.000395639 0.00380915 0.00732484 0.00586178 0.00718946 0.0094898
internal_weight=4985 2770 133 2637 1779 95 2215 2058 1612 1241 1045 1684 1614 1425
internal_count=4985 2770 133 2637 1779 95 2215 2058 1612 1241 1045 1684 1614 1425
is_linear=0
shrinkage=0.05


Tree=31
num_leaves=15
num_cat=0
split_feature=2 29 1 0 1 12 0 28 39 17 42 0 49 0
split_gain=54.0504 58.8453 49.9064 65.7227 43.2538 31.1807 130.455 32.2181 28.1518 33.4233 28.7115 21.8462 25.4033 28.1312
threshold=0.42070816619601387 1.0000000180025095e-35 -0.41876142585576009 -0.55821867399039615 0.69992303680890788 1.0000000180025095e-35 -0.64460816921490449 1.0000000180025095e-35 1.0000000180025095e-35 1.0000000180025095e-35 1.0000000180025095e-35 -1.5049396630606748 1.0000000180025095e-35 -0.87366781448166952
decision_type=2 2 2 2 2 2 2 2 2 2 2 2 2 2
left_child=1 4 -3 -4 5 7 -7 11 9 10 -2 -1 -13 -14
right_child=8 2 3 -5 -6 6 -8 -9 -10 -11 -12 12 13 -15
leaf_value=-0.022677811704678079 0.0027008566179177545 -0.0078575308111289311 0.09694625111866971 0.012608671568809671 -0.0061060769442599604 0.088979128783998593 -0.025739661289844663 0.034640018868127037 -0.027576558273025121 -0.017546879990698715 -0.013627492131164135 0.0017771561123972831 0.0048744636571946302 0.031674834556110643
leaf_weight=71 1143 43 47 45 910 50 46 89 141 390 350 1259 233 168
leaf_count=71 1143 43 47 45 910 50 46 89 141 390 350 1259 233 168
internal_value=0.00011105 0.00441445 0.0364189 0.0568401 0.00286091 0.00712168 0.0346062 0.00563555 -0.00618274 -0.0045532 -0.00114006 0.00410602 0.00527751 0.016204
internal_weight=4985 2961 135 92 2826 1916 96 1820 2024 1883 1493 1731 1660 401
internal_count=4985 2961 135 92 2826 1916 96 1820 2024 1883 1493 1731 1660 401
is_linear=0
shrinkage=0.05


Tree=32
num_leaves=15
num_cat=0
split_feature=34 2 1 31 2 2 29 2 0 0 49 28 2 2
split_gain=53.9736 64.4987 50.6137 41.7102 75.0455 37.8893 37.3853 155.263 102.238 52.5509 46.7498 33.6185 33.5969 33.4032
threshold=1.0000000180025095e-35 0.79837116718702072 1.259265268141242 1.0000000180025095e-35 -0.58639316978000433 1.1760341681780278 1.0000000180025095e-35 -0.46050550278300201 -0.65436418952014874 -1.5875853418164012 1.0000000180025095e-35 1.0000000180025095e-35 -1.46760683875902 -0.71228083677700649
decision_type=2 2 2 2 2 2 2 2 2 2 2 2 2 2
left_child=1 2 3 6 -5 -3 9 8 -8 -1 11 13 -12 -11
right_child=-2 5 -4 4 -6 -7 7 -9 -10 10 12 -13 -14 -15
leaf_value=0.054178701764998997 0.041645763477600822 -0.016995139370300956 -0.012570651463762612 -0.0055725354331708152 0.072063134734090123 -0.00043743985049426553 -0.06045028112828732 0.094502482184491657 0.040702000528573992 0.0029221485779628727 -0.020299230919529995 0.021114203703279297 0.017409525398011088 -0.010165748867439107
leaf_weight=47 75 774 449 61 61 623 48 54 48 1000 64 148 585 948
leaf_count=47 75 774 449 61 61 623 48 54 48 1000 64 148 585 948
internal_value=0.000108567 -0.00054261 0.0030715 0.00537042 0.0337815 -0.00962232 0.0041701 0.0283206 -0.0100757 0.00285328 0.00193568 -0.00169797 0.01364 -0.00345101
internal_weight=4985 4910 3513 3064 122 1397 2942 150 96 2792 2745 2096 649 1948
internal_count=4985 4910 3513 3064 122 1397 2942 150 96 2792 2745 2096 649 1948
is_linear=0
shrinkage=0.05


Tree=33
num_leaves=15
num_cat=0
split_feature=34 2 1 0 0 61 1 31 2 49 2 2 0 1
split_gain=48.834 58.2754 45.7299 41.0187 102.166 47.7985 80.752 43.3152 68.0245 44.9359 34.2043 31.3436 31.2067 57.501
threshold=1.0000000180025095e-35 0.79837116718702072 1.259265268141242 -1.605496441180837 -1.5450788539871039 1.0000000180025095e-35 -0.41876142585576009 1.0000000180025095e-35 -0.71228083677700649 1.0000000180025095e-35 1.1760341681780278 -1.46760683875902 -0.86865906061991616 -0.978103657188094
decision_type=2 2 2 2 2 2 2 2 2 2 2 2 2 2
left_child=1 2 3 -1 -5 7 -7 9 -9 -6 -3 -11 -13 -14
right_child=-2 10 -4 4 5 6 -8 8 -10 11 -12 12 13 -15
leaf_value=-0.043980217689559578 0.039617561694089476 -0.01614757273491705 -0.011944906495458874 0.081427026633173236 -0.0016542464043322717 -0.013517201150735392 0.063049181285260741 -0.0059127617477168961 0.068010978890197291 -0.019315025743774392 -0.00041563799910247328 0.008487821246567738 0.082162469682162231 0.018351670195216337
leaf_weight=40 75 774 449 42 2076 56 85 60 62 64 623 375 44 160
leaf_count=40 75 774 449 42 2076 56 85 60 62 64 623 375 44 160
internal_value=0.000107511 -0.000511888 0.00292344 0.00510863 0.00578659 0.00466737 0.0328761 0.00324522 0.0321461 0.00192578 -0.00914245 0.0134536 0.0171297 0.0327789
internal_weight=4985 4910 3513 3064 3024 2982 141 2841 122 2719 1397 643 579 204
internal_count=4985 4910 3513 3064 3024 2982 141 2841 122 2719 1397 643 579 204
is_linear=0
shrinkage=0.05


Tree=34
num_leaves=15
num_cat=0
split_feature=34 2 29 2 0 28 2 31 20 0 12 61 1 0
split_gain=44.1819 53.188 50.0422 46.4519 63.9427 31.9093 30.7572 23.9796 28.9286 30.2435 29.9265 21.9774 21.6213 29.5918
threshold=1.0000000180025095e-35 0.42070816619601387 1.0000000180025095e-35 -1.3417191717620176 -1.0189866971618786 1.0000000180025095e-35 -0.33461783578599974 1.0000000180025095e-35 1.0000000180025095e-35 -1.3503384964367899 1.0000000180025095e-35 1.0000000180025095e-35 1.259265268141242 -1.5875853418164012
decision_type=2 2 2 2 2 2 2 2 2 2 2 2 2 2
left_child=1 2 5 -4 -5 12 -7 8 10 -10 11 -3 13 -1
right_child=-2 7 3 4 -6 6 -8 -9 9 -11 -12 -13 -14 -15
leaf_value=0.043125404930777024 0.03768813468171163 -0.014127458714883887 -0.0079472428306620168 0.0068853400734274891 0.09111262825043763 0.0078472930907532018 0.058360390202142301 0.01333954196587446 0.042113596259656813 -0.0011012523371697429 0.029380169358443134 0.011192703772299549 -0.010270553147727677 0.0021687557848611549
leaf_weight=43 75 1363 45 41 49 83 46 137 44 337 42 90 354 2236
leaf_count=43 75 1363 45 41 49 83 46 137 44 337 42 90 354 2236
internal_value=0.000107113 -0.000482047 0.00385499 0.0333525 0.0537262 0.00239013 0.0264757 -0.0067213 -0.00819895 0.00408329 -0.0113303 -0.0125459 0.00119089 0.00297866
internal_weight=4985 4910 2897 135 90 2762 129 2013 1876 381 1495 1453 2633 2279
internal_count=4985 4910 2897 135 90 2762 129 2013 1876 381 1495 1453 2633 2279
is_linear=0
shrinkage=0.05


Tree=35
num_leaves=15
num_cat=0
split_feature=34 2 1 0 0 29 2 0 31 2 49 2 2 0
split_gain=39.9696 49.015 38.5243 39.6805 91.0262 40.7649 136.816 82.491 38.7672 61.1601 40.3917 29.9401 28.3557 28.3917
threshold=1.0000000180025095e-35 0.79837116718702072 1.259265268141242 -1.605496441180837 -1.5450788539871039 1.0000000180025095e-35 -0.46050550278300201 -0.65436418952014874 1.0000000180025095e-35 -0.58639316978000433 1.0000000180025095e-35 1.1760341681780278 -1.46760683875902 -0.86865906061991616
decision_type=2 2 2 2 2 2 2 2 2 2 2 2 2 2
left_child=1 2 3 -1 -5 8 7 -7 10 -10 -6 -3 -12 -14
right_child=-2 11 -4 4 5 6 -8 -9 9 -11 12 -13 13 -15
leaf_value=-0.043575976567254184 0.035852673538513 -0.014921511385722456 -0.010948635576661479 0.076768123096024446 -0.0016412388989491223 -0.059620119480504878 0.092240370077462025 0.035460811682045464 -0.0051801661532076583 0.064901936184319248 -0.018483691199710876 -0.00020347676988691091 0.007937274864610452 0.031105130956930932
leaf_weight=40 75 774 449 42 2076 40 53 48 61 61 64 623 375 204
leaf_count=40 75 774 449 42 2076 40 53 48 61 61 64 623 375 204
internal_value=0.000107969 -0.000452405 0.00269817 0.00470381 0.00537081 0.00431444 0.0303651 -0.00812227 0.00300108 0.0303425 0.00175288 -0.0083676 0.0126823 0.016179
internal_weight=4985 4910 3513 3064 3024 2982 141 88 2841 122 2719 1397 643 579
internal_count=4985 4910 3513 3064 3024 2982 141 88 2841 122 2719 1397 643 579
is_linear=0
shrinkage=0.05


Tree=36
num_leaves=15
num_cat=0
split_feature=46 0 0 61 2 0 0 34 2 0 2 31 0 2
split_gain=37.1284 37.0435 86.618 42.6475 59.9418 138.506 118.828 35.3083 34.2567 25.3595 29.5973 23.1469 40.0829 37.985
threshold=1.0000000180025095e-35 -1.605496441180837 -1.5450788539871039 1.0000000180025095e-35 -0.46050550278300201 -0.11920233649342464 -0.65436418952014874 1.0000000180025095e-35 0.54659583319301619 0.072144934680439907 -0.082842501791995246 1.0000000180025095e-35 -0.99845103696763104 -0.71228083677700649
decision_type=2 2 2 2 2 2 2 2 2 2 2 2 2 2
left_child=1 -1 -3 7 6 -6 -5 8 9 11 -11 13 -13 -4
right_child=-2 2 3 4 5 -7 -8 -9 -10 10 -12 12 -14 -15
leaf_value=-0.037020936837198877 -0.0083553456527404712 0.062013174959107256 0.010403758657650322 -0.056919873478737754 0.10879933419458282 -0.0017959303062525579 0.040986098166765045 0.034106601773483028 -0.0063926480602204327 -0.017389604551038548 0.024274968603052772 0.058572399098087438 0.0013124844277831792 -0.0044658772066069052
leaf_weight=57 1027 59 1057 53 50 62 69 75 1345 238 50 53 69 721
leaf_count=57 1027 59 1057 53 50 62 69 75 1345 238 50 53 69 721
internal_value=0.000106374 0.00230509 0.00289838 0.00195879 0.022551 0.0486195 -0.00177887 0.000611503 -0.00011844 0.00374074 -0.0100386 0.00583776 0.0267312 0.0043757
internal_weight=4985 3958 3901 3842 234 112 122 3608 3533 2188 288 1900 122 1778
internal_count=4985 3958 3901 3842 234 112 122 3608 3533 2188 288 1900 122 1778
is_linear=0
shrinkage=0.05


Tree=37
num_leaves=15
num_cat=0
split_feature=41 0 61 0 0 34 2 31 0 49 0 1 0 0
split_gain=34.2909 102.49 35.5595 79.0499 107.458 36.5094 43.5305 35.7303 46.3606 36.2756 35.3052 29.2601 46.2568 51.4801
threshold=1.0000000180025095e-35 -1.2318738890929961 1.0000000180025095e-35 -1.0389085585420845 -0.55821867399039615 1.0000000180025095e-35 0.79837116718702072 1.0000000180025095e-35 -0.99845103696763104 1.0000000180025095e-35 -0.62776518427508143 -0.41876142585576009 -0.86865906061991616 -0.59483294761554573
decision_type=2 2 2 2 2 2 2 2 2 2 2 2 2 2
left_child=2 -2 5 -4 -5 6 7 9 -9 -1 -3 12 -11 -14
right_child=1 10 3 4 -6 -7 -8 8 -10 11 -12 -13 13 -15
leaf_value=-0.0034120544262735177 0.089924879999653928 0.028466008438004387 -0.029833455009815785 0.097865455103467933 0.011214715092320568 0.032445567002060353 -0.01007084635599912 0.056868195274000756 0.001047809538623359 0.0064034035974335698 -0.02185894641905832 0.0014008198565770647 0.085742838973920724 0.014908414568495135
leaf_weight=2323 40 61 63 47 135 75 1279 62 89 180 76 452 47 56
leaf_count=2323 40 61 63 47 135 75 1279 62 89 180 76 452 47 56
internal_value=0.000105229 0.0215933 -0.000694476 0.017784 0.0344121 -0.00169399 -0.00227871 0.00083132 0.0244112 -0.000348218 0.000635689 0.00931815 0.0218649 0.0482484
internal_weight=4985 177 4808 245 182 4563 4488 3209 151 3058 137 735 283 103
internal_count=4985 177 4808 245 182 4563 4488 3209 151 3058 137 735 283 103
is_linear=0
shrinkage=0.05


Tree=38
num_leaves=15
num_cat=0
split_feature=1 34 2 29 2 20 0 31 28 12 0 0 0 26
split_gain=34.1506 45.6017 49.7777 61.6133 79.7984 34.4031 31.658 29.1744 27.6778 22.6649 19.9289 18.4161 18.0212 24.4399
threshold=1.259265268141242 1.0000000180025095e-35 0.2948204991990116 1.0000000180025095e-35 -0.83816850377400887 1.0000000180025095e-35 -1.5875853418164012 1.0000000180025095e-35 1.0000000180025095e-35 1.0000000180025095e-35 -0.095254840800592044 -1.3503384964367899 0.16114619966911531 1.0000000180025095e-35
decision_type=2 2 2 2 2 2 2 2 2 2 2 2 2 2
left_child=1 2 3 6 -5 7 -1 9 12 10 -4 -7 13 -8
right_child=-2 -3 5 4 -6 11 8 -9 -10 -11 -12 -13 -14 -15
leaf_value=0.046057368408549917 -0.011199408345531629 0.042555708286644366 -0.014259430367798946 0.010292371309911594 0.096486980538992656 0.038376564978945843 0.0047761303588566085 0.014561396870571612 0.028258268224308269 0.025439435552636332 -0.00029939914331875996 0.0046008524180461583 -0.01079709907594536 -0.025562642408750842
leaf_weight=42 587 65 1111 76 40 44 1767 130 103 42 332 336 243 67
leaf_count=42 587 65 1111 76 40 44 1767 130 103 42 332 336 243 67
internal_value=0.000107209 0.0016207 0.000987282 0.00593537 0.0411463 -0.00481167 0.00406183 -0.00799586 0.00321127 -0.0099875 -0.0110524 0.00869217 0.00194318 0.00364115
internal_weight=4985 4398 4333 2338 116 1995 2222 1615 2180 1485 1443 380 2077 1834
internal_count=4985 4398 4333 2338 116 1995 2222 1615 2180 1485 1443 380 2077 1834
is_linear=0
shrinkage=0.05


Tree=39
num_leaves=15
num_cat=0
split_feature=1 34 2 29 2 20 0 31 28 12 0 2 2 0
split_gain=30.8605 41.2775 44.9505 55.886 72.4003 31.0867 28.7188 26.3532 25.0361 20.5248 17.9891 17.4823 16.8836 16.7844
threshold=1.259265268141242 1.0000000180025095e-35 0.2948204991990116 1.0000000180025095e-35 -0.83816850377400887 1.0000000180025095e-35 -1.5875853418164012 1.0000000180025095e-35 1.0000000180025095e-35 1.0000000180025095e-35 -0.095254840800592044 1.1760341681780278 0.67248350019001835 -0.82088959661711536
decision_type=2 2 2 2 2 2 2 2 2 2 2 2 2 2
left_child=1 2 3 6 -5 7 -1 9 -8 10 11 -4 -12 -9
right_child=-2 -3 5 4 -6 -7 8 13 -10 -11 12 -13 -14 -15
leaf_value=0.043859175105833197 -0.010641339570102054 0.040491438562523074 -0.017025161996519388 0.0097909458936789109 0.091892362882693618 0.0082688152457280235 0.001844498086962607 0.036313922411086517 0.026872267693813359 0.024225280090997166 0.024779381739374783 -0.002235688156779912 -0.0052952664707312837 -0.00029583979298603296
leaf_weight=42 587 65 849 76 40 380 2077 49 103 42 54 262 278 81
leaf_count=42 587 65 849 76 40 380 2077 49 103 42 54 262 278 81
internal_value=0.000106847 0.00154559 0.000942945 0.00564499 0.0391794 -0.00456766 0.00386066 -0.00759449 0.00305055 -0.00948739 -0.0105008 -0.0135477 -0.000284519 0.0138444
internal_weight=4985 4398 4333 2338 116 1995 2222 1615 2180 1485 1443 1111 332 130
internal_count=4985 4398 4333 2338 116 1995 2222 1615 2180 1485 1443 1111 332 130
is_linear=0
shrinkage=0.05


Tree=40
num_leaves=15
num_cat=0
split_feature=41 0 0 61 0 0 31 49 34 2 2 0 0 0
split_gain=29.0906 92.8977 31.5855 28.0169 73.3316 96.7186 28.0067 35.6975 33.1036 32.2826 51.7445 123.705 32.0669 29.416
threshold=1.0000000180025095e-35 -1.2318738890929961 -0.62776518427508143 1.0000000180025095e-35 -1.0389085585420845 -0.55821867399039615 1.0000000180025095e-35 1.0000000180025095e-35 1.0000000180025095e-35 -0.71228083677700649 -0.83816850377400887 -0.70057664569439504 -1.0092288002666059 -0.72665565843113
decision_type=2 2 2 2 2 2 2 2 2 2 2 2 2 2
left_child=3 -2 -3 6 -5 -6 7 8 9 10 -1 -12 -8 -9
right_child=1 2 -4 4 5 -7 12 13 -10 -11 11 -13 -14 -15
leaf_value=-0.0039348082431856345 0.084953900994289497 0.02628798378587124 -0.021311915784668276 -0.030068510861064379 0.091989776024556894 0.0098010928780273843 0.040360160814825352 0.001498561021847706 0.027502010800186306 -0.0092895012182353225 -0.0082744053905896321 0.069649094869490974 0.0022983237056032942 0.022901626031735702
leaf_weight=923 40 61 76 63 47 135 80 769 75 2136 124 84 171 201
leaf_count=923 40 61 76 63 47 135 80 769 75 2136 124 84 171 201
internal_value=0.000106976 0.0198988 -4.45069e-05 -0.000629603 0.0157725 0.0317948 -0.0015168 -0.00246438 -0.004915 -0.00567556 0.00115406 0.0235583 0.0146527 0.00597163
internal_weight=4985 177 137 4808 245 182 4563 4312 3342 3267 1131 208 251 970
internal_count=4985 177 137 4808 245 182 4563 4312 3342 3267 1131 208 251 970
is_linear=0
shrinkage=0.05


Tree=41
num_leaves=15
num_cat=0
split_feature=1 34 2 0 0 29 2 0 31 2 49 2 28 2
split_gain=28.0855 34.709 39.1323 38.4554 73.162 27.825 125.44 71.6297 26.5438 51.4426 28.3751 25.6646 24.4533 24.293
threshold=1.259265268141242 1.0000000180025095e-35 0.79837116718702072 -1.605496441180837 -1.5450788539871039 1.0000000180025095e-35 -0.46050550278300201 -0.65436418952014874 1.0000000180025095e-35 -0.71228083677700649 1.0000000180025095e-35 -1.46760683875902 1.0000000180025095e-35 -0.83816850377400887
decision_type=2 2 2 2 2 2 2 2 2 2 2 2 2 2
left_child=1 2 3 -1 -5 8 7 -7 10 -10 12 -12 -6 -13
right_child=-2 -3 -4 4 5 6 -8 -9 9 -11 11 13 -14 -15
leaf_value=-0.043540308793031036 -0.010145841352542758 0.037193248643011635 -0.0064494767406374472 0.068650746612216942 -0.0027779698107147908 -0.059478692533004855 0.08447892968966203 0.029158786647021775 -0.007783448393456638 0.056431579933268951 -0.018894639707551425 0.026173426864537882 0.018180381525307893 0.0053924503415543725
leaf_weight=40 587 65 1269 42 1928 40 53 48 60 62 64 240 148 339
leaf_count=40 587 65 1269 42 1928 40 53 48 60 62 64 240 148 339
internal_value=0.00010773 0.00148026 0.000927613 0.00398516 0.00464216 0.00369522 0.025218 -0.0115574 0.00261005 0.0252343 0.00157711 0.0107376 -0.00126777 0.0140668
internal_weight=4985 4398 4333 3064 3024 2982 141 88 2841 122 2719 643 2076 579
internal_count=4985 4398 4333 3064 3024 2982 141 88 2841 122 2719 643 2076 579
is_linear=0
shrinkage=0.05


Tree=42
num_leaves=15
num_cat=0
split_feature=12 2 61 2 0 0 31 49 0 34 2 2 0 0
split_gain=26.9461 96.6599 25.8163 64.8019 117.814 111.152 24.0551 30.1845 28.1326 26.9466 32.9794 44.5532 112.192 26.5443
threshold=1.0000000180025095e-35 -0.58639316978000433 1.0000000180025095e-35 -0.46050550278300201 -0.65436418952014874 -0.11920233649342464 1.0000000180025095e-35 1.0000000180025095e-35 -1.0092288002666059 1.0000000180025095e-35 -0.71228083677700649 -0.83816850377400887 -0.70057664569439504 -0.72665565843113
decision_type=2 2 2 2 2 2 2 2 2 2 2 2 2 2
left_child=2 -2 6 4 -4 -5 7 9 -8 10 11 -1 -13 -9
right_child=1 -3 3 5 -6 -7 8 13 -10 -11 -12 12 -14 -15
leaf_value=-0.0030970156878068426 -0.0032608273782228172 0.07901124776322016 -0.057915928401052953 0.094815150526766145 0.035652395399470981 -0.0032069111418422838 0.037607046939566076 0.0011733906149855743 0.0019591846450829524 0.024658663636194424 -0.0089100958859371047 -0.0078800171780000847 0.066328650305784026 0.021504076458751371
leaf_weight=915 131 47 62 52 69 62 80 769 171 75 2143 124 84 201
leaf_count=915 131 47 62 52 69 62 80 769 171 75 2143 124 84 201
internal_value=0.000105884 0.0190992 -0.000605077 0.0151396 -0.00883684 0.0423688 -0.0014569 -0.00233527 0.0135285 -0.0045893 -0.00527562 0.00166348 0.0224352 0.00542182
internal_weight=4985 178 4807 245 131 114 4562 4311 251 3341 3266 1123 208 970
internal_count=4985 178 4807 245 131 114 4562 4311 251 3341 3266 1123 208 970
is_linear=0
shrinkage=0.05


Tree=43
num_leaves=15
num_cat=0
split_feature=1 12 0 34 2 0 61 1 0 31 2 49 2 28
split_gain=25.2239 31.2529 94.0884 30.7901 35.4724 32.8553 24.5128 74.4648 22.4723 22.1923 46.0321 27.355 24.8286 22.8657
threshold=1.259265268141242 1.0000000180025095e-35 -0.62776518427508143 1.0000000180025095e-35 0.79837116718702072 -1.605496441180837 1.0000000180025095e-35 -0.41876142585576009 -0.62776518427508143 1.0000000180025095e-35 -0.71228083677700649 1.0000000180025095e-35 -1.46760683875902 1.0000000180025095e-35
decision_type=2 2 2 2 2 2 2 2 2 2 2 2 2 2
left_child=1 3 -3 4 5 -1 9 -8 -9 11 -11 13 -13 -7
right_child=-2 2 -4 -5 -6 6 7 8 -10 10 -12 12 -14 -15
leaf_value=-0.040904908498660443 -0.0096109959327468353 0.055809813785426168 -0.019165484673392616 0.034192969892591012 -0.0071036639715186646 -0.0028592875190122718 -0.020397566527254503 0.079188255211781897 0.027031448605703192 -0.0079616013414887422 0.052767782632145099 -0.018472783933324157 0.013700064674631241 0.017446031302213668
leaf_weight=40 587 92 74 65 1228 1831 57 40 47 60 62 65 589 148
leaf_count=40 587 92 74 65 1228 1831 57 40 47 60 62 65 589 148
internal_value=0.000106174 0.0014069 0.0225568 0.000567033 2.63587e-05 0.0030083 0.00364199 0.0236095 0.0522522 0.00258194 0.0232542 0.00160717 0.0104559 -0.00132467
internal_weight=4985 4398 166 4232 4167 2939 2899 144 87 2755 122 2633 654 1979
internal_count=4985 4398 166 4232 4167 2939 2899 144 87 2755 122 2633 654 1979
is_linear=0
shrinkage=0.05


Tree=44
num_leaves=15
num_cat=0
split_feature=1 41 0 34 2 0 61 1 0 0 31 2 49 1
split_gain=22.7878 28.6008 86.3131 27.8757 32.0156 29.7893 22.2589 67.5042 21.6414 20.3917 20.1068 41.6813 24.7028 22.5005
threshold=1.259265268141242 1.0000000180025095e-35 -0.62776518427508143 1.0000000180025095e-35 0.79837116718702072 -1.605496441180837 1.0000000180025095e-35 -0.41876142585576009 -1.1732327215915801 -0.62776518427508143 1.0000000180025095e-35 -0.71228083677700649 1.0000000180025095e-35 -0.41876142585576009
decision_type=2 2 2 2 2 2 2 2 2 2 2 2 2 2
left_child=1 3 8 4 5 -1 10 -8 -3 -9 12 -12 -7 -14
right_child=-2 2 -4 -5 -6 6 7 9 -10 -11 11 -13 13 -15
leaf_value=-0.038957056204699692 -0.0091320777796062604 0.08079394041782334 -0.018232428409943456 0.03253435561878245 -0.0067490583532527695 -0.0012618296029600414 -0.019412261424428326 0.075417386740446096 0.030292372813202302 0.025735037798080975 -0.0075763626993002918 0.050211842577118665 0.020630428311829305 0.0019057855942281609
leaf_weight=40 587 40 74 65 1228 1980 57 40 51 47 60 62 279 375
leaf_count=40 587 40 74 65 1228 1980 57 40 51 47 60 62 279 375
internal_value=0.000103946 0.00134027 0.0216358 0.000539314 2.49866e-05 0.00285708 0.00346028 0.0224878 0.053751 0.049759 0.00245051 0.0221276 0.00152302 0.00993237
internal_weight=4985 4398 165 4233 4168 2940 2900 144 91 87 2756 122 2634 654
internal_count=4985 4398 165 4233 4168 2940 2900 144 91 87 2756 122 2634 654
is_linear=0
shrinkage=0.05


Tree=45
num_leaves=15
num_cat=0
split_feature=1 0 29 2 1 34 2 2 2 31 2 1 28 49
split_gain=20.5936 28.243 25.6152 55.7257 73.3472 26.2695 24.6484 20.0775 20.0588 19.0163 37.7418 19.312 19.591 18.563
threshold=1.259265268141242 -1.5875853418164012 1.0000000180025095e-35 0.2948204991990116 -0.41876142585576009 1.0000000180025095e-35 0.79837116718702072 1.1760341681780278 1.0501465011810254 1.0000000180025095e-35 -0.71228083677700649 -0.41876142585576009 1.0000000180025095e-35 1.0000000180025095e-35
decision_type=2 2 2 2 2 2 2 2 2 2 2 2 2 2
left_child=1 -1 5 4 -4 6 9 -8 -5 11 -11 13 -13 -3
right_child=-2 2 3 8 -6 -7 7 -9 -10 10 -12 12 -14 -15
leaf_value=0.032784681388709165 -0.008677024400163701 0.0023663508870096291 -0.010508031605981119 -0.035819203771340354 0.073246178584439423 0.030956197877539629 -0.012331378254395937 0.00075251869234937031 0.0093122976583739133 -0.0072097645802122927 0.047779705357970673 -0.0037840931654589786 0.019162536961863739 0.017268710541039973
leaf_weight=68 587 827 41 40 68 65 673 518 58 60 62 1543 97 278
leaf_count=68 587 827 41 40 68 65 673 518 58 60 62 1543 97 278
internal_value=0.000103084 0.00127837 0.00076868 0.0178455 0.0421206 -9.69209e-05 -0.000609326 -0.0066491 -0.00945669 0.00190258 0.0210556 0.00103663 -0.0024052 0.00613997
internal_weight=4985 4398 4330 207 109 4123 4058 1191 98 2867 122 2745 1640 1105
internal_count=4985 4398 4330 207 109 4123 4058 1191 98 2867 122 2745 1640 1105
is_linear=0
shrinkage=0.05


Tree=46
num_leaves=15
num_cat=0
split_feature=0 0 61 2 0 0 31 0 49 0 0 0 2 2
split_gain=21.1488 121.205 27.6272 58.6859 110.906 98.305 18.0066 23.1829 17.8297 24.989 33.7258 21.4835 27.3463 35.0862
threshold=-1.605496441180837 -1.5680920578156745 1.0000000180025095e-35 -0.46050550278300201 -0.11920233649342464 -0.65436418952014874 1.0000000180025095e-35 -1.0092288002666059 1.0000000180025095e-35 -0.72665565843113 -0.353680596059955 -1.1238136672145196 -0.33461783578599974 0.42070816619601387
decision_type=2 2 2 2 2 2 2 2 2 2 2 2 2 2
left_child=-1 -2 6 5 -5 -4 8 -8 -3 11 -11 -10 -13 -14
right_child=1 2 3 4 -6 -7 7 -9 9 10 -12 12 13 -15
leaf_value=-0.028919263142010862 0.08504227519567524 -0.0035147083657721782 -0.05687594347234283 0.09609779199280849 -0.002829349027888384 0.031744297528245917 0.033720545116357685 0.0013658183992899568 0.011368312294545928 0.0385221279158511 -0.0023339707899446551 -0.021613108037694635 0.028492405986155496 -0.0084832867379705228
leaf_weight=60 40 3458 54 50 62 69 80 171 264 108 93 180 91 205
leaf_count=60 40 3458 54 50 62 69 80 171 264 108 93 180 91 205
internal_value=0.000101044 0.000466186 -0.000260871 0.0163916 0.0422457 -0.00744966 -0.00110913 0.0118631 -0.00185436 0.00424162 0.0197818 -2.13763e-05 -0.00635948 0.00299917
internal_weight=4985 4925 4885 235 112 123 4650 251 4399 941 201 740 476 296
internal_count=4985 4925 4885 235 112 123 4650 251 4399 941 201 740 476 296
is_linear=0
shrinkage=0.05


Tree=47
num_leaves=15
num_cat=0
split_feature=12 2 0 0 61 0 0 0 29 31 2 2 10 0
split_gain=20.3746 84.5361 18.4265 16.777 16.6706 62.7135 113.115 18.1186 49.7464 26.3007 23.2611 45.8203 57.8922 98.7498
threshold=1.0000000180025095e-35 -0.58639316978000433 -1.6462430167485937 -0.64460816921490449 1.0000000180025095e-35 -1.0189866971618786 -0.55821867399039615 -1.0092288002666059 1.0000000180025095e-35 1.0000000180025095e-35 0.1689328322020093 -0.33461783578599974 1.0000000180025095e-35 -0.50292728311519419
decision_type=2 2 2 2 2 2 2 2 2 2 2 2 2 2
left_child=2 3 -1 -2 7 -6 -7 9 10 -4 11 12 -9 -14
right_child=1 -3 4 -5 5 6 -8 8 -10 -11 -12 -13 13 -15
leaf_value=-0.033491461599866552 0.012037220530926367 0.072647033304888378 0.0025547788844415519 -0.023348153655927989 -0.027727273872920444 0.099904633916559682 0.0058502739322555328 -0.003915954671494218 -0.056083537993389512 0.032075642226491029 -0.0060613838962367637 0.021530997795574224 -0.0077614097275950939 0.093798571958073562
leaf_weight=40 71 47 951 60 68 40 135 1371 41 80 1729 257 55 40
leaf_count=40 71 47 951 60 68 40 135 1371 41 80 1729 257 55 40
internal_value=0.000100038 0.0166158 -0.000518184 -0.00427721 -0.000227575 0.0124758 0.0282344 -0.00091513 -0.00263427 0.0049031 -0.00196734 0.00214322 -0.00128029 0.036053
internal_weight=4985 178 4807 131 4767 243 175 4524 3493 1031 3452 1723 1466 95
internal_count=4985 178 4807 131 4767 243 175 4524 3493 1031 3452 1723 1466 95
is_linear=0
shrinkage=0.05


Tree=48
num_leaves=15
num_cat=0
split_feature=1 0 34 2 29 1 28 2 39 26 25 2 0 10
split_gain=18.5984 26.8206 23.007 28.4752 51.7538 58.0203 25.305 26.1769 15.9631 12.8355 12.78 13.4055 20.6088 23.9318
threshold=1.259265268141242 -1.5875853418164012 1.0000000180025095e-35 0.42070816619601387 1.0000000180025095e-35 -0.41876142585576009 1.0000000180025095e-35 -0.33461783578599974 1.0000000180025095e-35 1.0000000180025095e-35 1.0000000180025095e-35 -0.71228083677700649 -1.224357500512774 1.0000000180025095e-35
decision_type=2 2 2 2 2 2 2 2 2 2 2 2 2 2
left_child=1 -1 3 4 6 -6 9 -8 -5 10 11 12 -3 -14
right_child=-2 2 -4 8 5 -7 7 -9 -10 -11 -12 -13 13 -15
leaf_value=0.031918267948619489 -0.0082452670821950881 0.020802693365344859 0.029791135958103995 -0.0032090424713113589 -0.010207804656305979 0.063864920660853391 0.005195231256011415 0.053164563157285252 -0.021537129917487619 -0.018328278435461493 -0.020482927330193065 -0.0027657863830584757 0.00069177466500333293 0.027051240424229267
leaf_weight=68 587 186 65 1675 41 70 71 46 126 81 61 789 1027 92
leaf_count=68 587 186 65 1675 41 70 71 46 126 81 61 789 1027 92
internal_value=9.86857e-05 0.00121559 0.000718913 0.000262087 0.00375371 0.0368083 0.00216446 0.0246315 -0.00451376 0.000967896 0.0017095 0.00237492 0.00548245 0.00290335
internal_weight=4985 4398 4330 4265 2464 111 2353 117 1801 2236 2155 2094 1305 1119
internal_count=4985 4398 4330 4265 2464 111 2353 117 1801 2236 2155 2094 1305 1119
is_linear=0
shrinkage=0.05


Tree=49
num_leaves=15
num_cat=0
split_feature=0 0 29 2 0 61 0 31 0 49 0 0 0 0
split_gain=19.3585 107.17 21.8384 57.2656 93.2762 106.21 76.5352 15.4862 18.6963 16.0176 23.1199 31.4575 23.3546 37.8467
threshold=-1.605496441180837 -1.5680920578156745 1.0000000180025095e-35 -0.46050550278300201 0.072144934680439907 1.0000000180025095e-35 -0.65436418952014874 1.0000000180025095e-35 -1.0092288002666059 1.0000000180025095e-35 -0.72665565843113 -0.56428078125894365 -0.4783569052635599 -0.2804417980205543
decision_type=2 2 2 2 2 2 2 2 2 2 2 2 2 2
left_child=-1 -2 7 6 5 -5 -4 9 -9 -3 -11 -12 -13 -14
right_child=1 2 3 4 -6 -7 -8 8 -10 10 11 12 13 -15
leaf_value=-0.027668124073064855 0.079974628823055394 -0.003243214270954203 -0.06034812489722638 0.008097314610230652 -0.025106344185769559 0.11848565759947119 0.024928672586878142 0.030678148422299364 0.0016171330338440879 6.4517257765256821e-06 0.057059251534384348 -0.023574111659434582 0.057457790532430941 -0.00081499843616728441
leaf_weight=60 40 3464 45 42 40 44 58 80 171 740 41 40 41 79
leaf_count=60 40 3464 45 42 40 44 58 80 171 740 41 40 41 79
internal_value=9.67132e-05 0.000446059 -0.00023761 0.0147685 0.0371262 0.0659843 -0.012768 -0.000981691 0.0110489 -0.00167191 0.00410699 0.0190547 0.00873184 0.0197104
internal_weight=4985 4925 4885 229 126 86 103 4656 251 4405 941 201 160 120
internal_count=4985 4925 4885 229 126 86 103 4656 251 4405 941 201 160 120
is_linear=0
shrinkage=0.05


Tree=50
num_leaves=15
num_cat=0
split_feature=41 0 0 0 0 29 2 0 34 2 31 0 2 2
split_gain=18.4488 71.442 20.0052 16.5766 13.6824 38.3749 62.2175 40.6237 18.5592 18.6057 33.4732 29.38 28.4502 33.5025
threshold=1.0000000180025095e-35 -1.2318738890929961 -0.62776518427508143 -1.6462430167485937 0.33528778489511685 1.0000000180025095e-35 0.2948204991990116 -0.65436418952014874 1.0000000180025095e-35 -0.71228083677700649 1.0000000180025095e-35 -0.83516870082126871 -0.33461783578599974 0.1689328322020093
decision_type=2 2 2 2 2 2 2 2 2 2 2 2 2 2
left_child=3 -2 -3 -1 5 8 7 -7 9 -5 12 -12 -11 -14
right_child=1 2 -4 4 -6 6 -8 -9 -10 10 11 -13 13 -15
leaf_value=-0.031764322222166123 0.072908845437424527 0.019371318137125365 -0.018512703735644048 0.0035673784560523929 -0.0095311747299082553 0.016444435704033821 -0.010924518252398041 0.07561438233967413 0.026250401721335949 -0.017301871592827454 0.040249394504353407 -0.0054502919665537775 0.014879535255211641 -0.0047421181473226411
leaf_weight=40 40 61 76 1498 362 62 84 55 62 380 78 62 244 1881
leaf_count=40 40 61 76 1498 362 62 84 55 62 380 78 62 244 1881
internal_value=9.66409e-05 0.015858 -0.00160862 -0.000489943 -0.000214366 0.000555087 0.021788 0.0450627 -0.000469725 -0.000882064 -0.00340281 0.0202192 -0.00473808 -0.00247722
internal_weight=4985 177 137 4808 4768 4406 201 117 4205 4143 2645 140 2505 2125
internal_count=4985 177 137 4808 4768 4406 201 117 4205 4143 2645 140 2505 2125
is_linear=0
shrinkage=0.05


Tree=51
num_leaves=15
num_cat=0
split_feature=0 2 29 2 0 61 0 28 0 0 2 49 0 0
split_gain=17.5999 100.971 16.4067 54.511 80.8094 88.1508 65.6763 13.3772 15.857 24.684 21.663 14.3227 21.1516 29.0384
threshold=-1.5875853418164012 -0.71228083677700649 1.0000000180025095e-35 -0.46050550278300201 0.072144934680439907 1.0000000180025095e-35 -0.65436418952014874 1.0000000180025095e-35 -0.4848748230857734 -0.83516870082126871 0.1689328322020093 1.0000000180025095e-35 -0.72665565843113 -0.353680596059955
decision_type=2 2 2 2 2 2 2 2 2 2 2 2 2 2
left_child=1 -1 7 6 5 -5 -4 11 9 10 -9 -2 -13 -14
right_child=2 -3 3 4 -6 -7 -8 8 -10 -11 -12 12 13 -15
leaf_value=-0.032412217253641712 -0.0029981456055728889 0.077450370134430985 -0.058246352190667011 0.0079523403747853907 -0.023639761372691109 0.10804020429693878 0.020778633654117584 0.026177374494456968 -0.016702503551329888 0.036848375181732486 -0.021387286817103071 3.4960180272658669e-05 0.035622897478328509 -0.0022855395644805149
leaf_weight=40 3509 40 45 42 40 45 58 41 40 84 52 748 108 93
leaf_count=40 3509 40 45 42 40 45 58 41 40 84 52 748 108 93
internal_value=9.52389e-05 0.0230683 -0.000288699 0.0126899 0.0343792 0.0609864 -0.0141987 -0.000932373 0.0111332 0.0175401 -0.000308278 -0.00152441 0.00391968 0.0182335
internal_weight=4985 80 4905 230 127 87 103 4675 217 177 93 4458 949 201
internal_count=4985 80 4905 230 127 87 103 4675 217 177 93 4458 949 201
is_linear=0
shrinkage=0.05


Tree=52
num_leaves=15
num_cat=0
split_feature=0 0 29 2 0 0 31 0 1 2 2 2 2 0
split_gain=17.5228 94.6359 16.0229 51.7672 77.1731 59.5234 12.9016 15.3681 15.3209 28.9238 40.6817 29.4781 16.4798 34.0337
threshold=-1.605496441180837 -1.5680920578156745 1.0000000180025095e-35 -0.46050550278300201 -0.039226896741116228 -0.65436418952014874 1.0000000180025095e-35 -1.0092288002666059 -0.41876142585576009 0.1689328322020093 -0.33461783578599974 -0.082842501791995246 -1.0899438377680133 -0.51674784976754695
decision_type=2 2 2 2 2 2 2 2 2 2 2 2 2 2
left_child=-1 -2 6 5 -5 -4 8 -8 9 10 12 -12 -3 -14
right_child=1 2 3 4 -6 -7 7 -9 -10 -11 11 -13 13 -15
leaf_value=-0.026322041109444635 0.07515928694712265 0.012848204486931747 -0.05545796362802069 0.068157446547411391 -0.009794444663867613 0.019774333958824476 0.027923696956074818 0.0015744695806003718 -0.0036610680744029686 -0.0043916200387311265 0.064911171750953567 0.012091924918510405 -0.012345055306085807 0.021636819543861738
leaf_weight=60 40 323 45 70 56 58 80 171 2850 768 50 56 257 101
leaf_count=60 40 323 45 70 56 58 80 171 2850 768 50 56 257 101
internal_value=9.35898e-05 0.000425959 -0.000216491 0.0126372 0.0339005 -0.0135244 -0.00085384 0.010127 -0.00148385 0.00250614 0.00923143 0.0377473 0.0046953 -0.00269105
internal_weight=4985 4925 4885 229 126 103 4656 251 4405 1555 787 106 681 358
internal_count=4985 4925 4885 229 126 103 4656 251 4405 1555 787 106 681 358
is_linear=0
shrinkage=0.05


Tree=53
num_leaves=15
num_cat=0
split_feature=12 2 0 0 25 2 2 2 34 2 0 0 0 0
split_gain=17.2884 75.4457 14.5818 13.1701 12.607 15.4088 60.8578 40.9775 28.7179 29.2481 38.2677 130.611 28.1465 25.7422
threshold=1.0000000180025095e-35 -0.46050550278300201 -1.6462430167485937 -0.64460816921490449 1.0000000180025095e-35 1.0000000180025095e-35 -0.33461783578599974 -0.2087301687889975 1.0000000180025095e-35 -0.71228083677700649 -1.0292090430823462 -0.86494305675877292 -0.52046139802752489 -0.22015024320630983
decision_type=2 2 2 2 2 2 2 2 2 2 2 2 2 2
left_child=2 3 -1 -2 5 6 8 -8 9 -4 -11 -12 -13 -14
right_child=1 -3 4 -5 -6 -7 7 -9 -10 10 11 12 13 -15
leaf_value=-0.029809064245117561 0.010157768740444571 0.068991891286956764 0.0044992666757663847 -0.021099192414793275 -0.018446963997457617 -0.0026906446162708588 0.057512340917215722 0.012037282644546239 -0.032298888664406077 -0.031891307334645069 0.080529209468946913 -0.029967903795962533 0.034286313535730271 -0.014670585447490432
leaf_weight=40 72 46 1616 60 91 2366 75 143 63 136 41 127 42 67
leaf_count=40 72 46 1616 60 91 2366 75 143 63 136 41 127 42 67
internal_value=9.27624e-05 0.0153063 -0.000476716 -0.0041528 -0.00021819 0.000144296 0.00304778 0.028063 0.000416719 0.00146334 -0.0103802 0.000334136 -0.0141577 0.00447142
internal_weight=4985 178 4807 132 4767 4676 2310 218 2092 2029 413 277 236 109
internal_count=4985 178 4807 132 4767 4676 2310 218 2092 2029 413 277 236 109
is_linear=0
shrinkage=0.05


Tree=54
num_leaves=15
num_cat=0
split_feature=0 2 61 2 0 0 1 34 2 0 56 28 2 0
split_gain=17.0552 90.6671 14.3141 45.1107 74.2604 68.9922 14.4276 22.5481 16.2588 21.356 23.4599 15.5729 24.2153 17.088
threshold=-1.5875853418164012 -0.71228083677700649 1.0000000180025095e-35 -0.46050550278300201 -0.11920233649342464 -0.65436418952014874 1.259265268141242 1.0000000180025095e-35 0.42070816619601387 0.11579070252449575 1.0000000180025095e-35 1.0000000180025095e-35 -0.33461783578599974 -0.34166164540304855
decision_type=2 2 2 2 2 2 2 2 2 2 2 2 2 2
left_child=1 -1 6 5 -5 -4 7 8 9 10 11 13 -13 -2
right_child=2 -3 3 4 -6 -7 -8 -9 -10 -11 -12 12 -14 -15
leaf_value=-0.029897535677688821 0.0018712169146429666 0.074225608600924406 -0.050611464095501491 0.077661817910958011 -0.0028550519309646916 0.023649428707455667 -0.0084804444978010263 0.028890092682037783 -0.0040439817126397704 -0.010923521576532678 -0.024386827317731723 0.0039561307066708663 0.050056575549145547 0.014835242108747721
leaf_weight=40 1583 40 54 51 62 69 551 65 1718 266 68 71 46 301
leaf_count=40 1583 40 54 51 62 69 551 65 1718 266 68 71 46 301
internal_value=8.98717e-05 0.0227046 -0.000288076 0.0116732 0.0342031 -0.00924106 -0.000897412 0.000120844 -0.000354565 0.0023611 0.00407793 0.00506863 0.0226178 0.00395597
internal_weight=4985 80 4905 236 113 123 4669 4118 4053 2335 2069 2001 117 1884
internal_count=4985 80 4905 236 113 123 4669 4118 4053 2335 2069 2001 117 1884
is_linear=0
shrinkage=0.05


Tree=55
num_leaves=15
num_cat=0
split_feature=0 0 61 2 0 0 1 34 2 56 2 0 2 2
split_gain=15.738 83.5544 14.0648 43.4473 73.3781 62.4839 13.5379 20.3153 16.4665 14.2416 14.0404 13.029 25.3741 27.1161
threshold=-1.605496441180837 -1.5680920578156745 1.0000000180025095e-35 -0.46050550278300201 -0.11920233649342464 -0.65436418952014874 1.259265268141242 1.0000000180025095e-35 0.79837116718702072 1.0000000180025095e-35 1.1760341681780278 -0.69300136462150541 -1.46760683875902 -0.58639316978000433
decision_type=2 2 2 2 2 2 2 2 2 2 2 2 2 2
left_child=-1 -2 6 5 -5 -4 7 8 9 11 -10 -3 -13 -14
right_child=1 2 3 4 -6 -7 -8 -9 10 -11 -12 12 13 -15
leaf_value=-0.024945972858357333 0.070624930136615333 0.0059224416256985195 -0.048171269923581617 0.077738306569293716 -0.0027167607433511878 0.022500264690369105 -0.0081718323762602681 0.027488707097719858 -0.010047145128104253 -0.018501113925040478 0.00091480757987944059 -0.021644673813626239 0.0084355768030032214 -0.0060183442244019208
leaf_weight=60 40 1346 54 50 62 69 548 65 662 82 521 132 647 647
leaf_count=60 40 1346 54 50 62 69 548 65 662 82 521 132 647 647
internal_value=8.82644e-05 0.000403252 -0.000200414 0.0116812 0.0339344 -0.00880058 -0.000805647 0.00018193 -0.000271133 0.00178493 -0.00522604 0.00239793 -0.000932495 0.00121048
internal_weight=4985 4925 4885 235 112 123 4650 4102 4037 2854 1183 2772 1426 1294
internal_count=4985 4925 4885 235 112 123 4650 4102 4037 2854 1183 2772 1426 1294
is_linear=0
shrinkage=0.05


Tree=56
num_leaves=15
num_cat=0
split_feature=0 2 29 0 2 0 31 0 1 2 2 0 28 2
split_gain=15.5438 81.4796 11.9513 41.2498 89.0508 33.9997 11.916 13.7328 13.1126 22.4421 35.5956 26.0532 14.6821 13.9916
threshold=-1.5875853418164012 -0.71228083677700649 1.0000000180025095e-35 0.11579070252449575 0.2948204991990116 -1.0092288002666059 1.0000000180025095e-35 -1.0092288002666059 -0.41876142585576009 0.1689328322020093 -0.33461783578599974 -0.52046139802752489 1.0000000180025095e-35 -0.71228083677700649
decision_type=2 2 2 2 2 2 2 2 2 2 2 2 2 2
left_child=1 -1 6 4 5 -4 8 -8 9 10 13 -12 -10 -2
right_child=2 -3 3 -5 -6 -7 7 -9 12 -11 11 -13 -14 -15
leaf_value=-0.028196139459032567 0.0075167020203709654 0.070513659165728659 0.088662416558890123 -0.025486050937640465 -0.017394768857421021 0.027841060722278339 0.026552883308471706 0.0016428215863893746 -0.0042738611121060331 -0.0038264098076932099 0.055601143663206759 0.0055193024588392134 0.011851275657462239 -0.010192343370789397
leaf_weight=40 549 40 40 57 76 57 80 171 2715 769 61 45 147 138
leaf_count=40 549 40 40 57 76 57 80 171 2715 769 61 45 147 138
internal_value=8.53232e-05 0.0216748 -0.00027549 0.0108016 0.0229123 0.0542065 -0.000824846 0.00972943 -0.00142778 0.00225505 0.00814724 0.0348359 -0.00343793 0.00394017
internal_weight=4985 80 4905 230 173 97 4675 251 4424 1562 793 106 2862 687
internal_count=4985 80 4905 230 173 97 4675 251 4424 1562 793 106 2862 687
is_linear=0
shrinkage=0.05


Tree=57
num_leaves=15
num_cat=0
split_feature=0 0 46 0 0 29 2 0 25 34 2 31 2 0
split_gain=15.3066 74.1679 11.9337 17.7845 17.305 31.9492 75.6517 34.2558 16.1483 13.4316 21.5789 25.5599 26.0447 24.1303
threshold=-1.605496441180837 -1.5680920578156745 1.0000000180025095e-35 -0.93164589045328416 0.33528778489511685 1.0000000180025095e-35 0.2948204991990116 -1.0092288002666059 1.0000000180025095e-35 1.0000000180025095e-35 -0.71228083677700649 1.0000000180025095e-35 -0.33461783578599974 -0.83516870082126871
decision_type=2 2 2 2 2 2 2 2 2 2 2 2 2 2
left_child=-1 -2 4 -4 5 8 7 -7 9 10 -3 12 -12 -13
right_child=1 2 3 -5 -6 6 -8 -9 -10 -11 11 13 -14 -15
leaf_value=-0.024603510987494262 0.066555664737132342 0.0064463056915517085 0.0077226882236539774 -0.0083768773545781321 -0.0098698421022614131 0.084440394912269859 -0.014455475459717924 0.026263878933370934 -0.020809519217989174 0.024204881957848558 -0.017945899333155328 0.036548743427265433 -0.0011920056799077068 -0.004869026585220127
leaf_weight=60 40 1177 216 807 327 40 82 71 81 62 269 78 1613 62
leaf_count=60 40 1177 216 807 327 40 82 71 81 62 269 78 1613 62
internal_value=8.51945e-05 0.000395836 -0.000172919 -0.00496912 0.00109945 0.00211916 0.0217923 0.0483519 0.000970685 0.00152411 0.00106968 -0.00206331 -0.0036032 0.0183964
internal_weight=4985 4925 4885 1023 3862 3535 193 111 3342 3261 3199 2022 1882 140
internal_count=4985 4925 4885 1023 3862 3535 193 111 3342 3261 3199 2022 1882 140
is_linear=0
shrinkage=0.05


Tree=58
num_leaves=15
num_cat=0
split_feature=12 2 0 2 0 0 2 2 0 1 0 49 1 61
split_gain=14.786 68.8233 13.5219 15.5401 14.7116 141.24 22.0361 40.9199 26.6631 29.1266 17.1338 27.3855 50.0716 19.8159
threshold=1.0000000180025095e-35 -0.58639316978000433 -1.5049396630606748 0.2948204991990116 -1.0092288002666059 -1.0292090430823462 -0.83816850377400887 0.1689328322020093 -1.1900244155067161 0.69992303680890788 -0.86865906061991616 1.0000000180025095e-35 -0.978103657188094 1.0000000180025095e-35
decision_type=2 2 2 2 2 2 2 2 2 2 2 2 2 2
left_child=2 -2 3 -1 5 6 8 -8 9 -4 -6 13 -13 -12
right_child=1 -3 4 -5 10 -7 7 -9 -10 -11 11 12 -14 -15
leaf_value=-0.023990568012725248 -0.0046862400795116017 0.064712110989518012 0.037994646356396738 0.011622173928966126 -0.010014730957138819 0.095182076202971602 -0.021699362564135658 0.0051351704230850198 -0.0036223998196936885 -0.0081794579742563659 -0.0027094976326175347 0.053171017466229389 0.0041146392359378489 0.015249992848464653
leaf_weight=116 131 47 124 40 498 40 212 421 143 46 2664 62 280 161
leaf_count=116 131 47 124 40 498 40 212 421 143 46 2664 62 280 161
internal_value=8.39439e-05 0.0141535 -0.000442711 -0.0148276 4.59403e-05 0.00546116 0.00147466 -0.0038921 0.012284 0.0255506 -0.00141311 -5.50642e-05 0.0132653 -0.0016759
internal_weight=4985 178 4807 156 4651 986 946 633 313 170 3665 3167 342 2825
internal_count=4985 178 4807 156 4651 986 946 633 313 170 3665 3167 342 2825
is_linear=0
shrinkage=0.05


Tree=59
num_leaves=15
num_cat=0
split_feature=0 0 1 34 2 29 0 28 2 39 0 0 61 2
split_gain=15.0483 75.9924 10.3071 16.8534 18.2292 34.4961 60.9381 18.6094 21.9333 13.6073 9.47575 12.669 11.9035 9.20459
threshold=-1.5875853418164012 -1.6462430167485937 1.259265268141242 1.0000000180025095e-35 0.42070816619601387 1.0000000180025095e-35 -0.99845103696763104 1.0000000180025095e-35 -0.33461783578599974 1.0000000180025095e-35 0.021159056577534512 0.18271060881765058 1.0000000180025095e-35 0.92425883418402288
decision_type=2 2 2 2 2 2 2 2 2 2 2 2 2 2
left_child=1 -1 3 4 5 7 -7 -2 -9 10 12 -12 -6 -13
right_child=2 -3 -4 -5 9 6 -8 8 -10 -11 11 13 -14 -15
leaf_value=-0.026849297159129665 0.00064463394366280581 0.06848692992436034 -0.0065485869509219821 0.025447604705148671 -0.0032912493622861807 0.077694934952471942 0.0016664825481911229 0.0031941166147589684 0.047049259017997731 -0.01936274437539396 0.027260789336128667 0.019732876486309312 -0.027922225509788474 -0.0040282148094228452
leaf_weight=40 2236 40 575 65 1323 40 71 71 46 126 53 49 49 201
leaf_count=40 2236 40 575 65 1323 40 71 71 46 126 53 49 49 201
internal_value=8.40032e-05 0.0213266 -0.000271012 0.000565253 0.000174288 0.00296799 0.0299543 0.00167058 0.0209373 -0.00364691 -0.00244302 0.0055344 -0.00421029 0.000748608
internal_weight=4985 80 4905 4330 4265 2464 111 2353 117 1801 1675 303 1372 250
internal_count=4985 80 4905 4330 4265 2464 111 2353 117 1801 1675 303 1372 250
is_linear=0
shrinkage=0.05


Tree=60
num_leaves=15
num_cat=0
split_feature=0 2 25 46 0 29 2 1 0 0 13 0 0 10
split_gain=13.6446 70.7738 9.4103 10.8486 18.2149 23.1591 68.5324 30.5021 15.6824 13.2184 11.8125 17.6714 36.3945 36.3103
threshold=-1.5875853418164012 -0.71228083677700649 1.0000000180025095e-35 1.0000000180025095e-35 0.33528778489511685 1.0000000180025095e-35 0.2948204991990116 1.0000000180025095e-35 -0.93164589045328416 -0.37431312258393995 1.0000000180025095e-35 -0.4783569052635599 -0.44581165437181802 1.0000000180025095e-35
decision_type=2 2 2 2 2 2 2 2 2 2 2 2 2 2
left_child=1 -1 3 4 5 10 7 -7 -5 -10 11 13 -13 -2
right_child=2 -3 -4 8 -6 6 -8 -9 9 -11 -12 12 -14 -15
leaf_value=-0.026172026362092721 0.0032921287143630562 0.065826912224292752 -0.016008010403733824 0.0073728877775685771 -0.010151732527266978 0.020066634076647463 -0.015151140129960636 0.073200465928690103 -0.011211401267208154 0.0039425459784205429 -0.0046461454304076279 0.051515130214393134 0.0067132848208090795 -0.016302426781005446
leaf_weight=40 1806 40 91 217 317 62 83 49 621 186 658 48 497 270
leaf_count=40 1806 40 91 217 317 62 83 49 621 186 658 48 497 270
internal_value=8.34761e-05 0.020311 -0.000254577 4.97374e-05 0.00128385 0.00233289 0.0190288 0.0444026 -0.00451154 -0.00771756 0.00133409 0.00283782 0.0108331 0.000730466
internal_weight=4985 80 4905 4814 3790 3473 194 111 1024 807 3279 2621 545 2076
internal_count=4985 80 4905 4814 3790 3473 194 111 1024 807 3279 2621 545 2076
is_linear=0
shrinkage=0.05


Tree=61
num_leaves=15
num_cat=0
split_feature=0 0 1 34 2 29 0 28 2 39 0 0 2 0
split_gain=14.2586 63.4763 9.86038 14.7386 17.1223 27.0298 55.2435 15.9711 19.9682 11.7086 9.13454 11.648 20.4624 9.44788
threshold=-1.605496441180837 -1.5680920578156745 1.259265268141242 1.0000000180025095e-35 0.42070816619601387 1.0000000180025095e-35 -0.99845103696763104 1.0000000180025095e-35 -0.33461783578599974 1.0000000180025095e-35 -0.88779153697985158 -0.55821867399039615 -0.71228083677700649 -0.4783569052635599
decision_type=2 2 2 2 2 2 2 2 2 2 2 2 2 2
left_child=-1 -2 3 4 5 7 -7 -3 -9 -6 -4 12 -12 -13
right_child=1 2 10 -5 9 6 -8 8 -10 -11 11 13 -14 -15
leaf_value=-0.023746607230315287 0.061587511627779659 0.00091336222142085781 -0.015596852242079622 0.023942907407546222 -0.0022783100301169085 0.072364422599119807 2.0928640071659873e-05 0.0027938852903165233 0.04462994115116696 -0.017974600581510458 0.025244522787877085 -0.030269424041940107 -0.0082349484607652582 -0.0044309017446763858
leaf_weight=60 40 2223 179 65 1671 40 71 71 46 126 83 43 97 170
leaf_count=60 40 2223 179 65 1671 40 71 71 46 126 83 43 97 170
internal_value=8.1955e-05 0.000381774 -0.000144399 0.000674639 0.000307504 0.00302456 0.02691 0.00186952 0.0197159 -0.00339764 -0.00630095 -0.0020094 0.00731057 -0.00988018
internal_weight=4985 4925 4885 4313 4248 2451 111 2340 117 1797 572 393 180 213
internal_count=4985 4925 4885 4313 4248 2451 111 2340 117 1797 572 393 180 213
is_linear=0
shrinkage=0.05


Tree=62
num_leaves=15
num_cat=0
split_feature=0 0 1 34 2 29 1 28 2 0 29 0 2 31
split_gain=12.9149 57.5705 8.92233 13.3412 15.4835 24.5217 54.132 14.4783 18.1023 10.958 12.8146 11.782 10.3246 15.6275
threshold=-1.605496441180837 -1.5680920578156745 1.259265268141242 1.0000000180025095e-35 0.42070816619601387 1.0000000180025095e-35 -0.41876142585576009 1.0000000180025095e-35 -0.33461783578599974 0.021159056577534512 1.0000000180025095e-35 0.23885386183015633 1.1760341681780278 1.0000000180025095e-35
decision_type=2 2 2 2 2 2 2 2 2 2 2 2 2 2
left_child=-1 -2 3 4 5 7 -7 -3 -9 10 12 -11 13 -6
right_child=1 2 -4 -5 9 6 -8 8 -10 11 -12 -13 -14 -15
leaf_value=-0.0225975776181346 0.058654771944774059 0.00086773512575721759 -0.0059917010496375461 0.022781497089942891 -0.0080607530157519227 -0.019417821009491767 0.051819399931830247 0.0026580176201381096 0.042491422981644676 0.020585133273788317 -0.027846210557272877 -0.00091045592533191668 0.0028069167551186742 0.020092088802014657
leaf_weight=60 40 2223 572 65 988 41 70 71 46 88 57 218 396 50
leaf_count=60 40 2223 572 65 988 41 70 71 46 88 57 218 396 50
internal_value=8.04433e-05 0.000365785 -0.000135314 0.000643791 0.000294493 0.00287826 0.0256286 0.00177811 0.0187699 -0.00322889 -0.00499741 0.00536481 -0.00405167 -0.00666861
internal_weight=4985 4925 4885 4313 4248 2451 111 2340 117 1797 1491 306 1434 1038
internal_count=4985 4925 4885 4313 4248 2451 111 2340 117 1797 1491 306 1434 1038
is_linear=0
shrinkage=0.05


Tree=63
num_leaves=15
num_cat=0
split_feature=0 2 25 46 0 29 2 1 0 0 0 31 0 2
split_gain=12.6726 63.0246 8.4258 9.08024 16.4407 18.8505 55.5667 27.2049 14.2354 11.8003 11.7704 17.0061 49.3481 27.9277
threshold=-1.5875853418164012 -0.71228083677700649 1.0000000180025095e-35 1.0000000180025095e-35 0.33528778489511685 1.0000000180025095e-35 0.2948204991990116 1.0000000180025095e-35 -0.93164589045328416 -0.37431312258393995 -0.86865906061991616 1.0000000180025095e-35 -1.0646272870892448 -0.83816850377400887
decision_type=2 2 2 2 2 2 2 2 2 2 2 2 2 2
left_child=1 -1 3 4 5 10 7 -7 -5 -10 11 13 -13 -2
right_child=2 -3 -4 8 -6 6 -8 -9 9 -11 -12 12 -14 -15
leaf_value=-0.024305410849462666 0.0068954439238405512 0.062519356466474982 -0.015153221068503234 0.0071904411945560081 -0.0096939079627704153 0.017173367296345533 -0.013548896683599144 0.067248070269238722 -0.010487573171769946 0.00382975010441906 0.003597702665974277 -0.01549008670614435 0.055884754276937912 -0.0097147012493922231
leaf_weight=40 375 40 91 217 317 62 83 49 621 186 2041 51 43 769
leaf_count=40 375 40 91 217 317 62 83 49 621 186 2041 51 43 769
internal_value=7.9187e-05 0.019573 -0.000246603 4.13558e-05 0.00117042 0.00216707 0.0172301 0.0400774 -0.00413164 -0.00718636 0.00126592 -0.00257791 0.0176442 -0.00426741
internal_weight=4985 80 4905 4814 3790 3473 194 111 1024 807 3279 1238 94 1144
internal_count=4985 80 4905 4814 3790 3473 194 111 1024 807 3279 1238 94 1144
is_linear=0
shrinkage=0.05


Tree=64
num_leaves=15
num_cat=0
split_feature=0 0 1 34 2 56 0 0 2 0 49 0 0 2
split_gain=12.5624 51.1045 8.21197 12.0295 13.5229 12.7207 13.1288 142.938 26.1377 17.2429 17.7424 19.2399 37.7022 44.2234
threshold=-1.605496441180837 -1.5680920578156745 1.259265268141242 1.0000000180025095e-35 0.79837116718702072 1.0000000180025095e-35 -1.0092288002666059 -1.0556786602691812 -1.46760683875902 -0.93662452591167356 1.0000000180025095e-35 -0.45399866887692109 -0.72665565843113 -0.33461783578599974
decision_type=2 2 2 2 2 2 2 2 2 2 2 2 2 2
left_child=-1 -2 3 4 5 6 7 8 -3 -8 -11 12 13 -12
right_child=1 2 -4 -5 -6 -7 9 -9 -10 10 11 -13 -14 -15
leaf_value=-0.022288637841683664 0.055277358527694435 0.034065204554057697 -0.0057313811458175306 0.021655755064714313 -0.0040572397314622725 -0.017060916619707964 -0.016278014747549866 0.081767394234899621 -0.0013716775912286895 -0.00013854439256096149 -0.018038162833545358 -0.006623384875927083 0.051113345587383147 0.031565000319413075
leaf_weight=60 40 55 572 65 1252 82 137 59 596 1729 86 95 67 90
leaf_count=60 40 55 572 65 1252 82 137 59 596 1729 86 95 67 90
internal_value=7.77532e-05 0.000359174 -0.000112952 0.000634488 0.000302795 0.0021263 0.00267756 0.00858043 0.00171739 0.00076995 0.00191453 0.0123558 0.0197692 0.00739675
internal_weight=4985 4925 4885 4313 4248 2996 2914 710 651 2204 2067 338 243 176
internal_count=4985 4925 4885 4313 4248 2996 2914 710 651 2204 2067 338 243 176
is_linear=0
shrinkage=0.05


Tree=65
num_leaves=15
num_cat=0
split_feature=12 2 0 2 2 0 1 34 2 29 0 10 0 2
split_gain=12.4488 61.5865 16.431 13.4979 12.4371 22.0261 18.6904 17.8476 24.0892 27.3339 51.9112 16.063 131.514 13.3447
threshold=1.0000000180025095e-35 -0.58639316978000433 -1.5049396630606748 -1.3417191717620176 -1.46760683875902 -0.630947769268975 0.69992303680890788 1.0000000180025095e-35 1.0000000180025095e-35 1.0000000180025095e-35 -0.64876101252792229 1.0000000180025095e-35 -0.50292728311519419 -0.33461783578599974
decision_type=2 2 2 2 2 2 2 2 2 2 2 2 2 2
left_child=2 3 -1 -2 5 6 -4 8 9 11 -11 13 -13 -6
right_child=1 -3 4 -5 7 -7 -8 -9 -10 10 -12 12 -14 -15
leaf_value=-0.016262619983687811 0.011906381265725942 0.06081512061004736 0.021271377069484676 -0.019778061852278844 0.00044637712365715594 -0.020559937523149358 -0.016734753224860739 0.030234570786649109 -0.0029298550939643696 -0.0075538463713157745 0.071694174160559981 -0.013172773752321907 0.093378369705308051 0.01403282236512296
leaf_weight=156 62 47 79 69 1528 183 52 49 2345 40 40 92 40 203
leaf_count=156 62 47 79 69 1528 183 52 49 2345 40 40 92 40 203
internal_value=7.75522e-05 0.0129873 -0.000405688 -0.00482883 0.000132934 -0.00944394 0.00616019 0.000830335 0.000480387 0.00459498 0.0328524 0.00334763 0.0200272 0.00205406
internal_weight=4985 178 4807 131 4651 314 131 4337 4288 1943 80 1863 132 1731
internal_count=4985 178 4807 131 4651 314 131 4337 4288 1943 80 1863 132 1731
is_linear=0
shrinkage=0.05


Tree=66
num_leaves=15
num_cat=0
split_feature=0 0 0 1 0 0 2 0 2 2 2 0 49 1
split_gain=12.495 58.773 7.65131 7.99373 11.2598 79.2436 30.7178 52.6923 19.1107 32.2601 16.7541 11.8461 22.0179 42.8307
threshold=-1.5875853418164012 -1.6462430167485937 -1.5049396630606748 1.259265268141242 -1.0092288002666059 -1.0389085585420845 -1.2158315047650154 -1.2159109372143722 0.1689328322020093 -0.83816850377400887 -0.96405617077101102 -0.86865906061991616 1.0000000180025095e-35 -0.978103657188094
decision_type=2 2 2 2 2 2 2 2 2 2 2 2 2 2
left_child=1 -1 -2 4 5 6 7 -4 9 10 -8 -6 -13 -14
right_child=2 -3 3 -5 11 -7 8 -9 -10 -11 -12 12 13 -15
leaf_value=-0.022956368588798105 -0.015390764106854388 0.060900062939063429 0.055513695943536182 -0.0055656933739602343 -0.0082328474235990462 0.064998739342785106 -0.0065055556917371603 -0.010747407573009175 0.005993601639662908 -0.023756025694500735 0.025260321231668489 -0.00095123879127331952 0.04957580276823137 0.0036807923633382618
leaf_weight=40 80 40 64 565 439 51 105 54 388 194 66 2588 62 249
leaf_count=40 80 40 64 565 439 51 105 54 388 194 66 2588 62 249
internal_value=7.78211e-05 0.0194346 -0.000245678 1.17052e-05 0.000753695 0.00563843 0.00202174 0.0255171 -0.00171797 -0.00990347 0.00590524 -0.000598103 0.000562917 0.0130886
internal_weight=4985 80 4905 4825 4260 922 871 118 753 365 171 3338 2899 311
internal_count=4985 80 4905 4825 4260 922 871 118 753 365 171 3338 2899 311
is_linear=0
shrinkage=0.05


Tree=67
num_leaves=15
num_cat=0
split_feature=0 2 31 0 0 28 0 0 2 49 2 0 0 0
split_gain=11.3294 55.7278 7.54798 13.818 38.0351 8.10709 13.0638 21.9835 18.8652 8.93373 17.3102 23.8245 22.633 14.1435
threshold=-1.5875853418164012 -0.71228083677700649 1.0000000180025095e-35 -1.0646272870892448 -0.87366781448166952 1.0000000180025095e-35 -0.4848748230857734 -0.83516870082126871 0.1689328322020093 1.0000000180025095e-35 -1.46760683875902 -0.49513316921841377 -0.30640218874987663 -1.1238136672145196
decision_type=2 2 2 2 2 2 2 2 2 2 2 2 2 2
left_child=1 -1 5 -4 -5 9 7 8 -7 -2 -11 13 -13 -12
right_child=2 -3 3 4 -6 6 -8 -9 -10 10 11 12 -14 -15
leaf_value=-0.022754723489994095 -0.0023208290324544414 0.058891576928796166 -0.014650306883619502 0.055813438635925916 0.0027706875717440935 0.022484604137148277 -0.016528586899152115 0.032750700522474079 -0.021907164801464041 -0.02026243385107716 0.011631760981925889 0.056041458453096098 0.0075365425087511543 -0.0026207505284147926
leaf_weight=40 3488 40 51 41 159 41 40 84 52 71 259 40 58 521
leaf_count=40 3488 40 51 41 159 41 40 84 52 71 259 40 58 521
internal_value=7.73753e-05 0.0185091 -0.000230666 0.00818021 0.0140894 -0.000687601 0.00870416 0.0145274 -0.00227525 -0.00115064 0.00314618 0.00508088 0.0280593 0.00212946
internal_weight=4985 80 4905 251 200 4654 217 177 93 4437 949 878 98 780
internal_count=4985 80 4905 251 200 4654 217 177 93 4437 949 878 98 780
is_linear=0
shrinkage=0.05


Tree=68
num_leaves=15
num_cat=0
split_feature=0 0 25 2 2 34 0 17 0 2 0 0 0 0
split_gain=11.6579 44.2501 7.21667 7.45268 43.3307 38.5626 31.8349 60.8837 168.908 18.0808 28.9381 117.217 24.8539 22.6101
threshold=-1.605496441180837 -1.5680920578156745 1.0000000180025095e-35 1.0000000180025095e-35 -0.33461783578599974 1.0000000180025095e-35 -0.79364555884651533 1.0000000180025095e-35 -0.051457972366335196 -0.71228083677700649 -1.0292090430823462 -0.86494305675877292 -0.54292546980936029 -0.23216963936154275
decision_type=2 2 2 2 2 2 2 2 2 2 2 2 2 2
left_child=-1 -2 3 4 5 9 -6 8 -8 -3 -11 -12 -13 -14
right_child=1 2 -4 -5 6 -7 7 -9 -10 10 11 12 13 -15
leaf_value=-0.021469736267482081 0.051450222879204727 0.0034135262221428792 -0.0138869017833263 -0.0018006609121501268 -0.0047962795811849583 -0.037929401730115601 0.12369956674799323 -0.0030567713337199343 -0.011798130034003408 -0.027659299971805957 0.076823681396118171 -0.028635817090599022 0.030628260592694714 -0.013845188673171025
leaf_weight=60 40 1716 91 2390 69 63 48 60 42 129 41 120 45 71
leaf_count=60 40 1716 91 2390 69 63 48 60 42 129 41 120 45 71
internal_value=7.64517e-05 0.000347552 -9.17784e-05 0.000175763 0.00214054 6.55543e-06 0.0232389 0.0360286 0.0615854 0.00116749 -0.00829581 0.000855477 -0.0128771 0.00363415
internal_weight=4985 4925 4885 4794 2404 2185 219 150 90 2122 406 277 236 116
internal_count=4985 4925 4885 4794 2404 2185 219 150 90 2122 406 277 236 116
is_linear=0
shrinkage=0.05


Tree=69
num_leaves=15
num_cat=0
split_feature=41 0 0 0 0 0 61 2 0 2 2 17 0 10
split_gain=11.1111 59.0047 16.7122 16.1072 10.9908 111.15 22.8595 15.4188 14.7751 21.268 60.137 45.411 88.573 40.0525
threshold=1.0000000180025095e-35 -1.2318738890929961 -0.62776518427508143 -1.5049396630606748 -1.0092288002666059 -1.0292090430823462 1.0000000180025095e-35 -1.46760683875902 -0.9456129724181157 1.0000000180025095e-35 -0.33461783578599974 1.0000000180025095e-35 -0.051457972366335196 1.0000000180025095e-35
decision_type=2 2 2 2 2 2 2 2 2 2 2 2 2 2
left_child=3 -2 -3 -1 5 6 -5 -6 -9 10 13 12 -12 -10
right_child=1 2 -4 4 7 -7 -8 8 9 -11 11 -13 -14 -15
leaf_value=-0.016080137235819823 0.064158045571474795 0.015671979766043408 -0.018962390730396295 0.0032526385122496047 -0.012894057100487589 0.084424394511041195 -0.029406130891456678 -0.014325032645667141 -0.0014390383814211068 -0.0030294972080407117 0.079366874215533831 -0.0020023883676485105 -0.010187054838617008 0.033026888419408353
leaf_weight=156 40 61 76 892 256 40 55 174 1142 1817 80 66 41 89
leaf_count=156 40 61 76 892 256 40 55 174 1142 1817 80 66 41 89
internal_value=7.50582e-05 0.0123067 -0.00353764 -0.000380164 0.000153002 0.00483067 0.0012979 -0.00110866 -0.000216592 0.000550636 0.00513596 0.0313962 0.0493499 0.00110234
internal_weight=4985 177 137 4808 4652 987 947 3665 3409 3235 1418 187 121 1231
internal_count=4985 177 137 4808 4652 987 947 3665 3409 3235 1418 187 121 1231
is_linear=0
shrinkage=0.05


Tree=70
num_leaves=15
num_cat=0
split_feature=0 0 0 1 34 2 56 0 0 2 0 2 2 2
split_gain=11.2274 50.1246 6.75159 7.2001 11.9052 10.9778 10.9944 14.6614 111.408 25.813 57.3415 19.649 29.4878 19.0674
threshold=-1.5875853418164012 -1.6462430167485937 -1.5049396630606748 1.259265268141242 1.0000000180025095e-35 0.79837116718702072 1.0000000180025095e-35 -1.0092288002666059 -1.0556786602691812 -1.0899438377680133 -1.2318738890929961 0.1689328322020093 -0.71228083677700649 -0.96405617077101102
decision_type=2 2 2 2 2 2 2 2 2 2 2 2 2 2
left_child=1 -1 -2 4 5 6 7 8 9 10 -4 12 13 -11
right_child=2 -3 3 -5 -6 -7 -8 -9 -10 11 -12 -13 -14 -15
leaf_value=-0.020741123644014203 -0.014458692885109044 0.056710600369565545 0.055059191423343194 -0.0052834228108824596 0.021624449106739531 -0.003556025698210149 -0.01579374565432469 0.00059460430856549682 0.073464880011914688 -0.022455325054953686 -0.0059181505125825819 0.0094802590903271464 -0.03075418771931239 0.014055332366419449
leaf_weight=40 80 40 65 565 65 1244 82 2204 59 51 90 176 116 108
leaf_count=40 80 40 65 565 65 1244 82 2204 59 51 90 176 116 108
internal_value=7.47457e-05 0.0184234 -0.000231906 9.87192e-06 0.000714067 0.000379918 0.00204041 0.00256078 0.00905592 0.00256405 0.0200286 -0.00350012 -0.011816 0.0022109
internal_weight=4985 80 4905 4825 4260 4195 2951 2869 665 606 155 451 275 159
internal_count=4985 80 4905 4825 4260 4195 2951 2869 665 606 155 451 275 159
is_linear=0
shrinkage=0.05


Tree=71
num_leaves=15
num_cat=0
split_feature=0 2 28 0 0 2 31 0 0 49 0 1 0 2
split_gain=10.1812 49.2477 6.44641 12.0216 19.5275 17.0397 7.04544 12.0964 32.3602 6.87332 15.8853 39.6189 25.1296 17.3181
threshold=-1.5875853418164012 -0.71228083677700649 1.0000000180025095e-35 -0.4848748230857734 -0.83516870082126871 0.1689328322020093 1.0000000180025095e-35 -1.0646272870892448 -0.83516870082126871 1.0000000180025095e-35 -0.86865906061991616 -0.978103657188094 -1.1238136672145196 -0.33461783578599974
decision_type=2 2 2 2 2 2 2 2 2 2 2 2 2 2
left_child=1 -1 6 4 5 -4 9 -8 -9 -2 12 -12 -11 -14
right_child=2 -3 3 -5 -6 -7 7 8 -10 10 11 -13 13 -15
leaf_value=-0.021249558674615057 -0.0020989052123984993 0.055506200662681041 0.021445629771712216 -0.016035034731473951 0.030928557846955092 -0.020743371718735609 -0.013852291858210318 0.042761646902340189 -0.00043125208797501337 0.0090917023835851585 0.046777131613634997 0.0031457663797740398 -0.025513919866874901 -0.0022371797726709001
leaf_weight=40 3488 40 41 40 84 52 51 61 139 272 62 280 129 206
leaf_count=40 3488 40 41 40 84 52 51 61 139 272 62 280 129 206
internal_value=7.32549e-05 0.0175461 -0.00021876 0.00816623 0.0137535 -0.002084 -0.000610205 0.00750595 0.0130355 -0.00107251 0.00269644 0.0112815 -0.00216179 -0.0112987
internal_weight=4985 80 4905 217 177 93 4688 251 200 4437 949 342 607 335
internal_count=4985 80 4905 217 177 93 4688 251 200 4437 949 342 607 335
is_linear=0
shrinkage=0.05


Tree=72
num_leaves=15
num_cat=0
split_feature=0 0 25 18 0 46 0 29 2 0 2 0 0 1
split_gain=10.8017 38.3743 6.27101 6.45535 8.80779 7.33413 13.1652 17.7504 58.3298 95.6752 92.5504 12.2919 11.158 16.6324
threshold=-1.605496441180837 -1.5680920578156745 1.0000000180025095e-35 1.0000000180025095e-35 -0.2110906855491089 1.0000000180025095e-35 0.33528778489511685 1.0000000180025095e-35 -0.46050550278300201 -0.65436418952014874 0.67248350019001835 -0.93164589045328416 -0.86865906061991616 0.69992303680890788
decision_type=2 2 2 2 2 2 2 2 2 2 2 2 2 2
left_child=-1 -2 3 5 -5 6 7 12 9 -9 -10 -7 -3 -14
right_child=1 2 -4 4 -6 11 -8 8 10 -11 -12 -13 13 -15
leaf_value=-0.020668123632429109 0.047921719392096357 -0.0023098488449965196 -0.012935976676567163 -0.023879031344716039 0.0058765477674093012 0.0072524177547065765 -0.0084607782459924698 -0.062398956739839084 0.10009527088009887 0.037016109228134156 0.003209782282130853 -0.0061293963551178211 0.0068452328621334442 -0.0031052970570329044
leaf_weight=60 40 1201 91 61 40 216 303 45 40 48 60 807 1369 604
leaf_count=60 40 1201 91 61 40 216 303 45 40 48 60 807 1369 604
internal_value=7.17476e-05 0.000332703 -7.64238e-05 0.00017297 -0.0122094 0.000444542 0.00148823 0.00238804 0.0170311 -0.0113889 0.0431667 -0.00329527 0.00148749 0.00379899
internal_weight=4985 4925 4885 4794 101 4693 3670 3367 193 93 100 1023 3174 1973
internal_count=4985 4925 4885 4794 101 4693 3670 3367 193 93 100 1023 3174 1973
is_linear=0
shrinkage=0.05


Tree=73
num_leaves=15
num_cat=0
split_feature=41 0 0 0 2 0 34 2 29 0 0 10 0 2
split_gain=10.0496 52.6833 16.1617 15.2282 9.89738 19.0764 16.9722 17.1251 26.3439 40.7753 14.3166 49.4652 31.5463 17.1827
threshold=1.0000000180025095e-35 -1.2318738890929961 -1.5680920578156745 -0.62776518427508143 -1.46760683875902 -0.47406368242157754 1.0000000180025095e-35 1.0000000180025095e-35 1.0000000180025095e-35 -0.64876101252792229 -0.62130644256776646 1.0000000180025095e-35 -0.57617471485579175 -0.33461783578599974
decision_type=2 2 2 2 2 2 2 2 2 2 2 2 2 2
left_child=2 -2 -1 -3 5 -4 7 8 10 -10 13 12 -12 -6
right_child=1 3 4 -5 6 -7 -8 -9 9 -11 11 -13 -14 -15
leaf_value=-0.020356518210316397 0.060697264419425107 0.015064719996400298 0.0022143626347737944 -0.017995524277480749 -0.003084847234099606 -0.022284495588558328 0.029353953826962514 -0.0025407844644126428 -0.0035079057815230706 0.066005946518409825 0.043093986913057353 0.049109472227141716 0.0011653585805122377 0.018743252607457569
leaf_weight=97 40 61 183 76 1008 138 49 2356 42 40 46 64 688 97
leaf_count=97 40 61 183 76 1008 138 49 2356 42 40 46 64 688 97
internal_value=6.95304e-05 0.0117023 -0.000363402 -0.00327031 5.67222e-05 -0.00839063 0.000677938 0.000340882 0.00376025 0.0311655 0.00254788 0.00764229 0.003903 -0.00113831
internal_weight=4985 177 4808 137 4711 321 4390 4341 1985 82 1903 798 734 1105
internal_count=4985 177 4808 137 4711 321 4390 4341 1985 82 1903 798 734 1105
is_linear=0
shrinkage=0.05


Tree=74
num_leaves=15
num_cat=0
split_feature=0 2 0 1 34 0 2 2 0 2 29 0 0 29
split_gain=10.3965 43.8884 6.26999 6.04019 10.0035 9.86434 12.3759 25.9689 32.6208 9.22038 16.357 61.9562 11.6167 12.261
threshold=-1.5875853418164012 -0.71228083677700649 -1.5049396630606748 1.259265268141242 1.0000000180025095e-35 -0.9456129724181157 -1.2158315047650154 -0.71228083677700649 -0.68554678916560674 0.42070816619601387 1.0000000180025095e-35 -0.62776518427508143 0.021159056577534512 1.0000000180025095e-35
decision_type=2 2 2 2 2 2 2 2 2 2 2 2 2 2
left_child=1 -1 -2 4 9 -5 -7 8 -8 10 -4 -12 13 -11
right_child=2 -3 3 5 -6 6 7 -9 -10 12 11 -13 -14 -15
leaf_value=-0.018937356990119 -0.013934694766634849 0.053547272228059321 0.0014578706677546866 -0.015987851142528511 0.019820951111614707 -0.017157254770965035 -0.0049363299096003184 -0.0056347937870629798 0.051776666501712691 -0.0032869517603938123 0.058864548755386339 -0.015416873195048038 0.0064641395854376643 -0.026752615811560177
leaf_weight=40 80 40 2301 145 65 90 48 231 51 1423 53 56 306 56
leaf_count=40 80 40 2301 145 65 90 48 231 51 1423 53 56 306 56
internal_value=7.03786e-05 0.017727 -0.000224707 8.28812e-06 0.000653273 -0.00483993 -0.000933715 0.00356759 0.0247262 0.000346973 0.00236354 0.0211115 -0.00237527 -0.00421037
internal_weight=4985 80 4905 4825 4260 565 420 330 99 4195 2410 109 1785 1479
internal_count=4985 80 4905 4825 4260 565 420 330 99 4195 2410 109 1785 1479
is_linear=0
shrinkage=0.05


Tree=75
num_leaves=15
num_cat=0
split_feature=0 0 31 0 0 28 0 0 0 49 2 2 2 0
split_gain=9.58522 35.6197 5.79732 10.7809 29.9664 6.33346 11.0287 17.1828 15.9094 7.04705 14.9384 21.8246 36.0413 19.8623
threshold=-1.605496441180837 -1.5680920578156745 1.0000000180025095e-35 -1.0646272870892448 -0.87366781448166952 1.0000000180025095e-35 -0.4848748230857734 -0.83516870082126871 -0.95030115093493672 1.0000000180025095e-35 -1.46760683875902 -0.83816850377400887 -0.46050550278300201 -0.62130644256776646
decision_type=2 2 2 2 2 2 2 2 2 2 2 2 2 2
left_child=-1 -2 5 -4 -5 9 7 8 -7 -3 -11 13 -13 -12
right_child=1 2 3 4 -6 6 -8 -9 -10 10 11 12 -14 -15
leaf_value=-0.019468851576769544 0.046163278988872965 -0.0019324884953738552 -0.012876961197493212 0.049544414942867536 0.0024627469254437811 0.021036324606731882 -0.01536239003319116 0.029280005378085512 -0.01972817664327859 -0.018797472529496029 0.0085973120556302428 -0.027476727391945795 0.0049820518747086652 0.039991187061840565
leaf_weight=60 40 3476 51 41 159 41 40 84 52 71 201 101 502 66
leaf_count=60 40 3476 51 41 159 41 40 84 52 71 201 101 502 66
internal_value=6.82612e-05 0.000314083 -8.0084e-05 0.00729025 0.0125095 -0.00048227 0.00781781 0.0131694 -0.00169221 -0.000893393 0.00294092 0.00475402 -0.000527519 0.0165972
internal_weight=4985 4925 4885 251 200 4634 217 177 93 4417 941 870 603 267
internal_count=4985 4925 4885 251 200 4634 217 177 93 4417 941 870 603 267
is_linear=0
shrinkage=0.05


Tree=76
num_leaves=15
num_cat=0
split_feature=0 0 0 25 18 0 46 0 29 2 0 2 0 0
split_gain=9.59868 40.4266 6.12796 5.58093 5.76561 8.12757 6.24774 12.1029 15.4102 59.0423 91.9278 79.862 11.8536 10.9758
threshold=-1.5875853418164012 -1.6462430167485937 -1.5049396630606748 1.0000000180025095e-35 1.0000000180025095e-35 -0.2110906855491089 1.0000000180025095e-35 0.33528778489511685 1.0000000180025095e-35 -0.46050550278300201 -0.65436418952014874 0.67248350019001835 -0.93164589045328416 -0.37431312258393995
decision_type=2 2 2 2 2 2 2 2 2 2 2 2 2 2
left_child=1 -1 -2 4 6 -6 7 8 -4 10 -10 -11 -8 -14
right_child=2 -3 3 -5 5 -7 12 -9 9 11 -12 -13 13 -15
leaf_value=-0.018157154310583359 -0.013770769143522514 0.051410481763360584 0.0015139318478137522 -0.012116577383130789 -0.023071681497404812 0.0056934071277889116 0.0075006135270475997 -0.008048657315829006 -0.064462819757560894 0.095161282670285022 0.034112764030694964 0.0047795218026234973 -0.0088967055466557133 0.0049036713534386517
leaf_weight=40 80 40 3122 91 59 40 213 303 43 40 48 59 621 186
leaf_count=40 80 40 3122 91 59 40 213 303 43 40 48 59 621 186
internal_value=6.65809e-05 0.0170322 -0.000216956 1.33835e-05 0.000251572 -0.0115668 0.000508884 0.00148405 0.00236049 0.0161101 -0.0128515 0.0424587 -0.00294337 -0.00571169
internal_weight=4985 80 4905 4825 4734 99 4635 3615 3312 190 91 99 1020 807
internal_count=4985 80 4905 4825 4734 99 4635 3615 3312 190 91 99 1020 807
is_linear=0
shrinkage=0.05


Tree=77
num_leaves=15
num_cat=0
split_feature=41 0 0 0 2 0 34 2 29 0 0 0 2 0
split_gain=9.09822 47.077 16.5791 13.7678 8.38473 17.2126 14.5837 14.9213 23.3826 35.3849 13.6729 17.5355 23.8667 12.9335
threshold=1.0000000180025095e-35 -1.2318738890929961 -1.5680920578156745 -0.62776518427508143 -1.46760683875902 -0.47406368242157754 1.0000000180025095e-35 1.0000000180025095e-35 1.0000000180025095e-35 -0.64876101252792229 -0.020379572202220416 -0.70057664569439504 0.2948204991990116 -0.37431312258393995
decision_type=2 2 2 2 2 2 2 2 2 2 2 2 2 2
left_child=2 -2 -1 -3 5 -4 7 8 13 -10 11 12 -9 -6
right_child=1 3 4 -5 6 -7 -8 10 9 -11 -12 -13 -14 -15
leaf_value=-0.02059717926319049 0.057447393238544468 0.014410553392141113 0.0023738348438731723 -0.017024088751238127 -2.7488805566796326e-05 -0.020895230778509619 0.027231462789224642 0.024767165619038769 -0.0029659198364242914 0.061803287941785093 0.006406895161800397 -0.008764105681080504 -0.0018171568581372842 0.0094168546260932177
leaf_weight=97 40 61 183 76 1418 138 49 91 42 40 373 978 914 485
leaf_count=97 40 61 183 76 1418 138 49 91 42 40 373 978 914 485
internal_value=6.43858e-05 0.0111328 -0.000347544 -0.00302168 7.79623e-05 -0.00769713 0.000649729 0.000337279 0.00352904 0.0293481 -0.00235259 -0.00400503 0.00063439 0.00238686
internal_weight=4985 177 4808 137 4711 321 4390 4341 1985 82 2356 1983 1005 1903
internal_count=4985 177 4808 137 4711 321 4390 4341 1985 82 2356 1983 1005 1903
is_linear=0
shrinkage=0.05


Tree=78
num_leaves=15
num_cat=0
split_feature=0 2 31 1 0 2 28 0 0 2 49 0 0 0
split_gain=9.65953 38.74 5.38023 10.1354 36.0186 11.1615 5.80242 9.77419 15.8401 15.2341 6.05602 13.6177 26.647 25.8099
threshold=-1.5875853418164012 -0.71228083677700649 1.0000000180025095e-35 1.0000000180025095e-35 -1.0189866971618786 0.1689328322020093 1.0000000180025095e-35 -0.4848748230857734 -0.83516870082126871 0.1689328322020093 1.0000000180025095e-35 -0.72665565843113 -0.56428078125894365 -0.47406368242157754
decision_type=2 2 2 2 2 2 2 2 2 2 2 2 2 2
left_child=1 -1 6 5 -5 -4 10 8 9 -8 -2 -12 -13 -14
right_child=2 -3 3 4 -6 -7 7 -9 -10 -11 11 12 13 -15
leaf_value=-0.017378848780035264 -0.0019615588259361528 0.050731592447984787 -0.021883222996732413 0.054739238463696986 -0.0019265597683464199 0.008288799417375519 0.020359608012814681 -0.014482510302748001 0.027845949099160907 -0.019531259732320908 -0.00057577778690805041 0.048979922692118177 -0.028766524115967196 0.01634601163254543
leaf_weight=40 3488 40 47 40 84 80 41 40 84 52 748 41 41 119
leaf_count=40 3488 40 47 40 84 80 41 40 84 52 748 41 41 119
internal_value=6.38087e-05 0.0170831 -0.000220624 0.0068805 0.0169315 -0.00304338 -0.000606394 0.00733909 0.0123772 -0.00188658 -0.000998114 0.00253965 0.0140248 0.0045735
internal_weight=4985 80 4905 251 124 127 4654 217 177 93 4437 949 201 160
internal_count=4985 80 4905 251 124 127 4654 217 177 93 4437 949 201 160
is_linear=0
shrinkage=0.05


Tree=79
num_leaves=15
num_cat=0
split_feature=0 0 0 1 0 2 2 0 34 2 29 0 39 28
split_gain=8.75903 35.9986 5.29586 5.46921 9.72676 11.6006 23.2157 29.0653 8.51474 7.41655 13.4146 63.1352 10.9904 9.34528
threshold=-1.5875853418164012 -1.6462430167485937 -1.5049396630606748 1.259265268141242 -0.9456129724181157 -1.2158315047650154 -0.71228083677700649 -0.68554678916560674 1.0000000180025095e-35 0.42070816619601387 1.0000000180025095e-35 -0.62776518427508143 1.0000000180025095e-35 1.0000000180025095e-35
decision_type=2 2 2 2 2 2 2 2 2 2 2 2 2 2
left_child=1 -1 -2 8 -5 -6 7 -7 9 10 13 -12 -11 -4
right_child=2 -3 3 4 5 6 -8 -9 -10 12 11 -13 -14 -15
leaf_value=-0.016943654533298241 -0.012807846149123024 0.048708172856519627 0.0005851411268502669 -0.015676817333414441 -0.016436948131709157 -0.0043774130285310102 -0.005074723325972046 0.049165470880579279 0.018304042540379425 -0.0010181758178896526 0.057252437411384152 -0.017691411103667884 -0.016281011180519531 0.015031847100452349
leaf_weight=40 80 40 2185 145 90 48 231 51 65 1660 53 56 125 116
leaf_count=40 80 40 2185 145 90 48 231 51 65 1660 53 56 125 116
internal_value=6.30403e-05 0.0162696 -0.000207811 6.32182e-06 -0.00460706 -0.000729172 0.00362798 0.0236327 0.000620065 0.000337467 0.00214604 0.0191242 -0.00210403 0.00132586
internal_weight=4985 80 4905 4825 565 420 330 99 4260 4195 2410 109 1785 2301
internal_count=4985 80 4905 4825 565 420 330 99 4260 4195 2410 109 1785 2301
is_linear=0
shrinkage=0.05


Tree=80
num_leaves=15
num_cat=0
split_feature=0 0 25 0 0 0 2 0 1 2 5 2 0 17
split_gain=8.90796 30.1536 4.8652 5.15364 15.3111 20.5063 21.3074 18.9696 18.6046 11.7298 53.5875 41.0419 53.1291 128.323
threshold=-1.605496441180837 -1.5680920578156745 1.0000000180025095e-35 0.33528778489511685 1.0000000180025095e-35 0.11579070252449575 0.1689328322020093 0.23885386183015633 1.0000000180025095e-35 1.0000000180025095e-35 1.0000000180025095e-35 -0.33461783578599974 -0.79364555884651533 1.0000000180025095e-35
decision_type=2 2 2 2 2 2 2 2 2 2 2 2 2 2
left_child=-1 -2 3 4 9 8 7 -7 -6 10 11 -3 -13 -14
right_child=1 2 -4 -5 5 6 -8 -9 -10 -11 -12 12 13 -15
leaf_value=-0.018772710823724351 0.042483351492722123 0.0014503623246227809 -0.011390949154187556 -0.0054969282974007098 0.044635174392640371 -0.029133630122265053 0.017167932690224715 0.010857373227675757 0.0047049677689318305 -0.0029357311843825618 -0.048187795119341834 -0.0080014190793981851 0.1041683745306899 -0.002519410737459698
leaf_weight=60 40 1820 91 370 66 70 115 49 52 2023 49 69 51 60
leaf_count=60 40 1820 91 370 66 70 115 49 52 2023 49 69 51 60
internal_value=6.15473e-05 0.000298527 -6.41408e-05 0.000155526 0.000630538 0.0106046 0.00196929 -0.0127595 0.0274105 -0.000236439 0.00242887 0.00371587 0.0263551 0.0474754
internal_weight=4985 4925 4885 4794 4424 352 234 119 118 4072 2049 2000 180 111
internal_count=4985 4925 4885 4794 4424 352 234 119 118 4072 2049 2000 180 111
is_linear=0
shrinkage=0.05


Tree=81
num_leaves=15
num_cat=0
split_feature=41 0 0 0 2 0 34 2 10 2 2 61 0 0
split_gain=8.26722 42.2045 17.0465 12.5604 7.32768 15.3661 13.3195 11.967 25.3583 157.019 16.6647 27.5745 32.8829 17.128
threshold=1.0000000180025095e-35 -1.2318738890929961 -1.5680920578156745 -0.62776518427508143 -1.46760683875902 -0.47406368242157754 1.0000000180025095e-35 -0.71228083677700649 1.0000000180025095e-35 -0.96405617077101102 -0.58639316978000433 1.0000000180025095e-35 -0.11920233649342464 -0.52046139802752489
decision_type=2 2 2 2 2 2 2 2 2 2 2 2 2 2
left_child=2 -2 -1 -3 5 -4 7 8 -6 -10 13 -12 -13 -9
right_child=1 3 4 -5 6 -7 -8 10 9 -11 11 12 -14 -15
leaf_value=-0.020865320508377722 0.054463497691211255 0.01385700319790178 0.0023451740974308674 -0.016167070692739424 0.0022789294532396297 -0.019639484638880406 0.026037284483512241 -0.022241243089620884 -0.024600368381943558 0.10083605184024849 -0.0014645907770377887 0.050104220410616233 -0.0022043080018192998 0.011775698275838901
leaf_weight=97 40 61 183 76 1269 138 49 167 58 41 2642 56 62 46
leaf_count=97 40 61 183 76 1269 138 49 167 58 41 2642 56 62 46
internal_value=6.04557e-05 0.0106113 -0.000332211 -0.00279166 9.92431e-05 -0.00716926 0.000633744 0.000335137 0.00420179 0.0283161 -0.0014457 -0.000400945 0.0230414 -0.0148537
internal_weight=4985 177 4808 137 4711 321 4390 4341 1368 99 2973 2760 118 213
internal_count=4985 177 4808 137 4711 321 4390 4341 1368 99 2973 2760 118 213
is_linear=0
shrinkage=0.05


Tree=82
num_leaves=15
num_cat=0
split_feature=0 2 0 0 31 0 0 28 0 0 0 0 0 0
split_gain=9.06045 34.1859 5.1754 5.1993 5.51982 9.39094 26.5212 4.99887 9.09291 13.4453 15.604 6.02785 19.8839 6.09338
threshold=-1.5875853418164012 -0.71228083677700649 -1.5049396630606748 -1.4711188974405045 1.0000000180025095e-35 -1.0646272870892448 -0.83516870082126871 1.0000000180025095e-35 -0.4848748230857734 -0.83516870082126871 -0.95030115093493672 -1.4318423002869898 -1.4117016003102787 -1.3030462895999761
decision_type=2 2 2 2 2 2 2 2 2 2 2 2 2 2
left_child=1 -1 -2 -4 7 -6 -7 11 9 10 -9 -5 -13 -14
right_child=2 -3 3 4 5 6 -8 8 -10 -11 -12 12 13 -15
leaf_value=-0.01584713453914793 -0.012670851263172198 0.048146595273699078 0.017512182124136463 -0.013062676993198694 -0.011998154860563003 0.038789424658309493 -0.00031403961380058572 0.021353459783962796 -0.014200196574009689 0.02593065104339012 -0.019284131607208918 0.033590528794697358 -0.0095921880608051541 -0.00056163328312494761
leaf_weight=40 80 40 40 98 50 61 139 40 40 84 52 40 194 3987
leaf_count=40 80 40 40 98 50 61 139 40 40 84 52 40 194 3987
internal_value=6.05313e-05 0.0165436 -0.000214939 -3.25208e-06 -0.000156927 0.00704583 0.0118785 -0.000556923 0.00683087 0.0117165 -0.00153721 -0.000929389 -0.000641634 -0.00098504
internal_weight=4985 80 4905 4825 4785 250 200 4535 216 176 92 4319 4221 4181
internal_count=4985 80 4905 4825 4785 250 200 4535 216 176 92 4319 4221 4181
is_linear=0
shrinkage=0.05


Tree=83
num_leaves=15
num_cat=0
split_feature=0 2 0 1 0 2 2 0 34 0 2 2 0 56
split_gain=8.21641 31.0076 4.6839 4.86449 8.87939 10.0334 20.8736 26.1482 8.12751 7.15513 6.44344 9.83456 10.6992 8.84164
threshold=-1.5875853418164012 -0.71228083677700649 -1.5049396630606748 1.259265268141242 -0.9456129724181157 -1.2158315047650154 -0.71228083677700649 -0.68554678916560674 1.0000000180025095e-35 -1.0556786602691812 0.79837116718702072 1.1760341681780278 -0.0817264973895135 1.0000000180025095e-35
decision_type=2 2 2 2 2 2 2 2 2 2 2 2 2 2
left_child=1 -1 -2 8 9 -6 7 -7 10 -5 13 12 -12 -4
right_child=2 -3 3 4 5 6 -8 -9 -10 -11 11 -13 -14 -15
leaf_value=-0.015092508971602435 -0.01205276087630631 0.045853901548045028 0.0020400166093019825 -0.0074333031160327108 -0.015256092916040319 -0.0041925523855024949 -0.0048474265282470019 0.04659104567495579 0.017854311895459447 -0.031589194602436491 -0.0099573394435937303 0.0022191319847062949 0.0051963585920338116 -0.014419136847191977
leaf_weight=40 80 40 2869 102 90 48 231 51 65 43 540 557 147 82
leaf_count=40 80 40 2869 102 90 48 231 51 65 43 540 557 147 82
internal_value=5.92651e-05 0.0157558 -0.000203062 -1.67746e-06 -0.00435254 -0.000647661 0.00340436 0.0223732 0.000577145 -0.0149291 0.000301061 -0.00271439 -0.00670917 0.00157321
internal_weight=4985 80 4905 4825 565 420 330 99 4260 145 4195 1244 687 2951
internal_count=4985 80 4905 4825 565 420 330 99 4260 145 4195 1244 687 2951
is_linear=0
shrinkage=0.05


Tree=84
num_leaves=15
num_cat=0
split_feature=0 0 18 0 25 2 42 0 0 0 2 2 2 2
split_gain=8.40612 27.8321 4.55669 6.54634 4.58726 4.97907 4.49558 16.8315 109.832 13.5007 10.5997 10.0333 7.13113 71.2263
threshold=-1.605496441180837 -1.5680920578156745 1.0000000180025095e-35 -0.2110906855491089 1.0000000180025095e-35 -0.83816850377400887 1.0000000180025095e-35 -0.46913689606207259 -0.2110906855491089 -0.53631293975712346 1.0501465011810254 -0.33461783578599974 -0.46050550278300201 -0.2087301687889975
decision_type=2 2 2 2 2 2 2 2 2 2 2 2 2 2
left_child=-1 -2 4 -4 6 -6 12 9 -9 10 -8 -10 -3 -14
right_child=1 2 3 -5 5 -7 7 8 11 -11 -12 -13 13 -15
leaf_value=-0.01823964023759829 0.040815025753164223 -0.0012684542275757239 -0.020528026263133464 0.0051228582202124283 -0.021110943300076401 0.0020973292287699012 -0.010912031179983527 0.078069300238381739 -0.017157096878811718 -0.031239630372396538 0.01639838224753391 0.0006660862329428913 0.036943477280955352 0.00054798308561087509
leaf_weight=60 40 1834 61 40 50 41 206 42 123 68 41 214 142 2023
leaf_count=60 40 1834 61 40 50 41 206 42 123 68 41 214 142 2023
internal_value=5.64004e-05 0.00028661 -6.1818e-05 -0.010467 0.00016214 -0.0108342 0.00037989 -0.00332911 0.00376453 -0.0118339 -0.00628342 -0.00590195 0.0010249 0.00296702
internal_weight=4985 4925 4885 101 4784 91 4693 694 379 315 247 337 3999 2165
internal_count=4985 4925 4885 101 4784 91 4693 694 379 315 247 337 3999 2165
is_linear=0
shrinkage=0.05


Tree=85
num_leaves=15
num_cat=0
split_feature=0 0 0 31 0 0 2 49 2 2 2 0 0 2
split_gain=7.62421 28.8597 4.72933 4.34662 9.59058 24.3734 5.57987 4.80209 13.0411 18.3948 32.8912 17.2137 38.0091 13.245
threshold=-1.5875853418164012 -1.6462430167485937 -1.5450788539871039 1.0000000180025095e-35 -1.0646272870892448 -0.87366781448166952 -0.2087301687889975 1.0000000180025095e-35 -1.46760683875902 -0.83816850377400887 -0.46050550278300201 -0.62130644256776646 -1.0798885864143306 0.1689328322020093
decision_type=2 2 2 2 2 2 2 2 2 2 2 2 2 2
left_child=1 -1 -2 7 -5 -6 -7 -4 -9 11 -11 12 -10 -12
right_child=2 -3 3 4 5 6 -8 8 9 10 13 -13 -14 -15
leaf_value=-0.01458470750422705 -0.016904147803073838 0.044212315590786089 -0.0012166969635351117 -0.012683863951912467 0.044653353190352754 -0.0099592159412956495 0.0092287712312276362 -0.017513326179134113 0.028738675093544382 -0.026093674296269066 0.024777808432312063 0.037162617065341158 -0.014586119909713769 0.0015897266201804891
leaf_weight=40 40 40 3679 51 41 58 101 71 103 101 70 66 96 428
leaf_count=40 40 40 3679 51 41 58 101 71 103 101 70 66 96 428
internal_value=5.47877e-05 0.0151751 -0.000197908 -5.36592e-05 0.00632751 0.011253 0.00219261 -0.000403384 0.00279257 0.00449782 -0.000366163 0.0154127 0.0079011 0.00493517
internal_weight=4985 80 4905 4865 251 200 159 4614 935 864 599 265 199 498
internal_count=4985 80 4905 4865 251 200 159 4614 935 864 599 265 199 498
is_linear=0
shrinkage=0.05


Tree=86
num_leaves=15
num_cat=0
split_feature=0 0 18 0 1 0 2 2 0 34 0 56 2 2
split_gain=7.82588 24.3977 4.08211 5.93031 4.41509 7.27496 8.87372 19.3704 23.4204 7.25204 7.22604 6.08354 6.18868 9.49574
threshold=-1.605496441180837 -1.5680920578156745 1.0000000180025095e-35 -0.2110906855491089 1.259265268141242 -0.9456129724181157 -1.2158315047650154 -0.71228083677700649 -0.68554678916560674 1.0000000180025095e-35 -1.0556786602691812 1.0000000180025095e-35 0.79837116718702072 1.1760341681780278
decision_type=2 2 2 2 2 2 2 2 2 2 2 2 2 2
left_child=-1 -2 4 -4 9 10 -7 8 -8 11 -6 12 -3 -14
right_child=1 2 3 -5 5 6 7 -9 -10 -11 -12 -13 13 -15
leaf_value=-0.01759970490370066 0.038221255911602858 0.0020078511636108095 -0.019475305573053894 0.004936850161868192 -0.0061400391759538868 -0.014266665152314565 -0.0036312259789556267 -0.0047855190503852153 0.044442369286322371 0.017036849093526159 -0.030186048572262134 -0.011202391243855888 -0.0063131381298145405 0.0027820652981196143
leaf_weight=60 40 2886 61 40 107 90 48 226 51 65 43 107 650 511
leaf_count=60 40 2886 61 40 107 90 48 226 51 65 43 107 650 511
internal_value=5.35887e-05 0.000275711 -5.05145e-05 -0.009899 0.000161457 -0.00398128 -0.000550953 0.00331127 0.0215236 0.000717867 -0.0133397 0.000454439 0.000768019 -0.0023121
internal_weight=4985 4925 4885 101 4784 565 415 325 99 4219 150 4154 4047 1161
internal_count=4985 4925 4885 101 4784 565 415 325 99 4219 150 4154 4047 1161
is_linear=0
shrinkage=0.05


Tree=87
num_leaves=15
num_cat=0
split_feature=12 2 0 2 0 0 61 0 49 1 0 2 10 2
split_gain=7.47325 51.409 18.1909 11.925 7.26412 92.9623 20.5124 11.3884 14.2157 34.9016 12.2199 11.1802 10.1327 20.1556
threshold=1.0000000180025095e-35 -0.46050550278300201 -1.5680920578156745 -1.3417191717620176 -1.0092288002666059 -1.0292090430823462 1.0000000180025095e-35 -0.86865906061991616 1.0000000180025095e-35 -0.978103657188094 -0.83944468792477001 -1.2158315047650154 1.0000000180025095e-35 -1.2158315047650154
decision_type=2 2 2 2 2 2 2 2 2 2 2 2 2 2
left_child=2 3 -1 -2 5 6 12 11 -9 -10 -11 -6 13 -4
right_child=1 -3 4 -5 7 -7 -8 8 9 10 -12 -13 -14 -15
leaf_value=-0.021534646737431599 0.0098361134179867811 0.054377652308903637 0.025172606009989981 -0.019861687221823056 -0.028400038435297498 0.076675565540790566 -0.027606043949102363 -0.00098752095211591668 0.043091327887668743 0.026038051148255664 -0.0023687583371942329 -0.0051784830674020321 -0.015109177497526011 0.0013183611762802091
leaf_weight=97 62 46 98 70 57 40 58 2825 62 43 237 441 73 776
leaf_count=97 62 46 98 70 57 40 58 2825 62 43 237 441 73 776
internal_value=5.08256e-05 0.0100533 -0.000323587 -0.00597411 0.000122199 0.00379539 0.000748158 -0.000926634 0.000180405 0.0097774 0.00214744 -0.00793934 0.00253926 0.00404446
internal_weight=4985 178 4807 132 4710 1045 1005 3665 3167 342 280 498 947 874
internal_count=4985 178 4807 132 4710 1045 1005 3665 3167 342 280 498 947 874
is_linear=0
shrinkage=0.05


Tree=88
num_leaves=15
num_cat=0
split_feature=0 2 0 25 0 0 0 2 0 1 2 2 5 2
split_gain=8.00289 27.0513 4.54704 4.01339 4.62222 14.0262 18.4192 19.0721 17.0366 16.555 10.7981 9.37979 51.033 33.9641
threshold=-1.5875853418164012 -0.71228083677700649 -1.5450788539871039 1.0000000180025095e-35 0.33528778489511685 1.0000000180025095e-35 0.11579070252449575 0.1689328322020093 0.23885386183015633 1.0000000180025095e-35 0.92425883418402288 1.0000000180025095e-35 1.0000000180025095e-35 -0.33461783578599974
decision_type=2 2 2 2 2 2 2 2 2 2 2 2 2 2
left_child=1 -1 -2 4 5 11 9 8 -8 -7 -9 12 13 -4
right_child=2 -3 3 -5 -6 6 7 10 -10 -11 -12 -13 -14 -15
leaf_value=-0.013301202900973814 -0.016589394264987536 0.04364486957589786 0.0013356730778891794 -0.010354001602716245 -0.0052186517177746751 0.042306565675843399 -0.027508785271654942 0.035206405190831944 0.010387787650174955 0.0046309039417085137 0.003977879988705765 -0.0026610589341703114 -0.047242071132595632 0.024000558078002471
leaf_weight=40 40 40 1804 91 370 66 70 44 49 52 71 2019 49 180
leaf_count=40 40 40 1804 91 370 66 70 44 49 52 71 2019 49 180
internal_value=5.05996e-05 0.0155419 -0.000208293 -6.6846e-05 0.000133497 0.00058532 0.0101298 0.00194502 -0.0119905 0.0260576 0.0163238 -0.000248401 0.0021479 0.00341406
internal_weight=4985 80 4905 4865 4774 4404 352 234 119 118 115 4052 2033 1984
internal_count=4985 80 4905 4865 4774 4404 352 234 119 118 115 4052 2033 1984
is_linear=0
shrinkage=0.05


Tree=89
num_leaves=15
num_cat=0
split_feature=0 2 0 31 1 0 2 28 0 0 2 49 2 2
split_gain=7.25814 24.5364 4.12469 3.82189 9.1639 32.8728 10.4253 4.16217 8.19566 12.5879 12.9662 4.7476 12.1088 16.3577
threshold=-1.5875853418164012 -0.71228083677700649 -1.5450788539871039 1.0000000180025095e-35 1.0000000180025095e-35 -1.0189866971618786 0.1689328322020093 1.0000000180025095e-35 -0.4848748230857734 -0.83516870082126871 0.1689328322020093 1.0000000180025095e-35 -1.46760683875902 -0.83816850377400887
decision_type=2 2 2 2 2 2 2 2 2 2 2 2 2 2
left_child=1 -1 -2 7 6 -6 -5 11 9 10 -9 -4 -13 -14
right_child=2 -3 3 4 5 -7 -8 8 -10 -11 -12 12 13 -15
leaf_value=-0.01266781262654279 -0.015799423253961973 0.041566543192380956 -0.0015794177408698295 -0.021709329772869643 0.051599920780530995 -0.0025206895580320338 0.0074546135379932824 0.01876281176282223 -0.013636705057606811 0.024742512729798639 -0.018039163660809952 -0.017132773356231517 0.014368848924085582 -0.00051017037901590373
leaf_weight=40 40 40 3462 47 40 84 80 41 40 84 52 71 265 599
leaf_count=40 40 40 3462 47 40 84 80 41 40 84 52 71 265 599
internal_value=4.89241e-05 0.0148018 -0.000197628 -6.29107e-05 0.00592071 0.0154795 -0.00350759 -0.000390842 0.00633699 0.0109527 -0.0017612 -0.000725602 0.00243242 0.00407606
internal_weight=4985 80 4905 4865 251 124 127 4614 217 177 93 4397 935 864
internal_count=4985 80 4905 4865 251 124 127 4614 217 177 93 4397 935 864
is_linear=0
shrinkage=0.05


Tree=90
num_leaves=15
num_cat=0
split_feature=0 0 18 0 1 34 0 0 0 0 2 0 2 56
split_gain=7.31629 22.9278 3.63307 5.25028 4.04809 7.70878 7.24009 8.5519 15.7105 7.96527 9.393 6.66139 6.01566 5.37752
threshold=-1.605496441180837 -1.5680920578156745 1.0000000180025095e-35 -0.2110906855491089 1.259265268141242 1.0000000180025095e-35 -0.9456129724181157 -0.55821867399039615 -0.63721412284754153 -0.4848748230857734 -0.96405617077101102 -1.0556786602691812 -0.83816850377400887 1.0000000180025095e-35
decision_type=2 2 2 2 2 2 2 2 2 2 2 2 2 2
left_child=-1 -2 4 -4 5 13 11 8 12 -9 -11 -6 -8 -3
right_child=1 2 3 -5 6 -7 7 9 -10 10 -12 -13 -14 -15
leaf_value=-0.017021286514617744 0.037047091470144337 0.00070213256378466463 -0.018355259702851377 0.0046155855364520991 -0.0062359020351047782 0.017503851224015009 -0.011728683423579616 -0.02672050456884642 0.033697599124943099 -0.01694685134844964 0.0070037232630533507 -0.029335453046692744 0.0074705070195098715 -0.010552240987607374
leaf_weight=60 40 4047 61 40 107 65 66 41 41 66 101 43 100 107
leaf_count=60 40 4047 61 40 107 65 66 41 41 66 101 43 100 107
internal_value=4.75787e-05 0.000262349 -5.38946e-05 -0.00934492 0.000146081 0.000678867 -0.00382073 -0.000399391 0.00676286 -0.00752373 -0.00255031 -0.0131566 -0.000211659 0.0004073
internal_weight=4985 4925 4885 101 4784 4219 565 415 207 208 167 150 166 4154
internal_count=4985 4925 4885 101 4784 4219 565 415 207 208 167 150 166 4154
is_linear=0
shrinkage=0.05


Tree=91
num_leaves=15
num_cat=0
split_feature=0 0 0 25 2 0 29 2 0 2 0 61 0 2
split_gain=6.74637 23.0643 4.19169 3.56529 4.52314 4.07134 13.6681 52.5683 84.7923 72.9903 7.53528 17.5365 8.73056 19.8276
threshold=-1.5875853418164012 -1.6462430167485937 -1.5450788539871039 1.0000000180025095e-35 -0.83816850377400887 0.33528778489511685 1.0000000180025095e-35 -0.46050550278300201 -0.65436418952014874 0.67248350019001835 -0.03146798458730142 1.0000000180025095e-35 0.16114619966911531 1.0000000180025095e-35
decision_type=2 2 2 2 2 2 2 2 2 2 2 2 2 2
left_child=1 -1 -2 5 -5 6 10 8 -8 -9 11 -4 -12 -14
right_child=2 -3 3 4 -6 -7 7 9 -10 -11 12 -13 13 -15
leaf_value=-0.012361938035714308 -0.015921082414154495 0.040218271421811856 -0.00029367446357893973 -0.019550315979330875 0.0025482107213763306 -0.0048915478757799169 -0.062366723226833815 0.088841978673424041 0.031777037680149077 0.0028033416958585865 0.016267224934924596 -0.030396976432173834 -0.015528921810402949 0.015648609489678333
leaf_weight=40 40 40 3820 50 41 370 44 40 48 60 145 47 99 101
leaf_count=40 40 40 3820 50 41 370 44 40 48 60 145 47 99 101
internal_value=4.46213e-05 0.0142679 -0.000193079 -5.72743e-05 -0.00975315 0.000131551 0.000555594 0.0135317 -0.0136172 0.038286 -4.20522e-05 -0.000675078 0.00701633 0.000214781
internal_weight=4985 80 4905 4865 91 4774 4404 192 92 100 4212 3867 345 200
internal_count=4985 80 4905 4865 91 4774 4404 192 92 100 4212 3867 345 200
is_linear=0
shrinkage=0.05


Tree=92
num_leaves=15
num_cat=0
split_feature=0 0 27 2 0 0 2 2 0 41 0 13 2 2
split_gain=6.82905 20.1142 3.52174 21.6988 5.41322 6.73491 5.52653 5.24959 41.631 14.6718 64.6796 13.5548 11.9572 36.9209
threshold=-1.605496441180837 -1.5680920578156745 1.0000000180025095e-35 -1.3417191717620176 0.26878662857820085 -0.61159450663088144 0.2948204991990116 -1.2158315047650154 -1.2159109372143722 1.0000000180025095e-35 -0.82484902087463829 1.0000000180025095e-35 1.0000000180025095e-35 -0.46050550278300201
decision_type=2 2 2 2 2 2 2 2 2 2 2 2 2 2
left_child=-1 -2 7 -4 5 -5 -7 8 -3 12 -11 -10 13 -9
right_child=1 2 3 4 -6 6 -8 9 11 10 -12 -13 -14 -15
leaf_value=-0.016447585822653869 0.03470444366158474 0.029787266220886351 0.028190669479469462 -0.010498724068371367 -0.020946944617187709 -0.0070404655699219032 0.0181149281394344 0.0012094059743516209 -0.010230280723148709 -0.059920482208705217 0.016035175053967218 0.010833945787850428 -0.00067703563989644864 0.021147827636370242
leaf_weight=60 40 82 43 199 70 40 44 1166 591 47 64 86 2165 288
leaf_count=60 40 82 43 199 70 40 44 1166 591 47 64 86 2165 288
internal_value=4.31279e-05 0.000250625 -4.55816e-05 -0.00455341 -0.00867841 -0.00551809 0.00625101 0.00035393 -0.00343106 0.00112555 -0.0166175 -0.00753044 0.00167863 0.00518232
internal_weight=4985 4925 4885 396 353 283 84 4489 759 3730 111 677 3619 1454
internal_count=4985 4925 4885 396 353 283 84 4489 759 3730 111 677 3619 1454
is_linear=0
shrinkage=0.05


Tree=93
num_leaves=15
num_cat=0
split_feature=41 0 0 0 0 0 61 0 2 20 5 2 2 17
split_gain=7.3214 38.3519 18.8869 12.0887 6.29155 84.1726 16.401 10.3015 11.0822 10.8048 8.91088 9.53744 42.5439 35.5991
threshold=1.0000000180025095e-35 -1.2318738890929961 -1.5680920578156745 -0.62776518427508143 -1.0092288002666059 -1.0292090430823462 1.0000000180025095e-35 -0.9456129724181157 0.67248350019001835 1.0000000180025095e-35 1.0000000180025095e-35 1.0000000180025095e-35 -0.33461783578599974 1.0000000180025095e-35
decision_type=2 2 2 2 2 2 2 2 2 2 2 2 2 2
left_child=2 -2 -1 -3 5 6 -4 8 9 -6 11 12 -9 -14
right_child=1 3 4 -5 7 -7 -8 10 -10 -11 -12 -13 13 -15
leaf_value=-0.021940958165949345 0.051773800150979134 0.013530214142704767 0.0022460877160008653 -0.01592505401513802 -0.0074368979770224539 0.072893276309505817 -0.024708485413963598 -3.1962983998019158e-05 0.0081685292042734826 -0.036326816178074005 -0.01695421458198092 -0.002348193929623231 0.04112610003373366 -0.0042733320096672023
leaf_weight=97 40 61 948 76 78 40 58 1413 47 55 76 1809 121 66
leaf_count=97 40 61 948 76 78 40 58 1413 47 55 76 1809 121 66
internal_value=4.16586e-05 0.00997066 -0.000327858 -0.00280396 0.00012628 0.00354274 0.000646105 -0.000850187 -0.0124468 -0.019745 -0.000244426 0.000137824 0.002948 0.0252271
internal_weight=4985 177 4808 137 4711 1046 1006 3665 180 133 3485 3409 1600 187
internal_count=4985 177 4808 137 4711 1046 1006 3665 180 133 3485 3409 1600 187
is_linear=0
shrinkage=0.05


Tree=94
num_leaves=15
num_cat=0
split_feature=42 0 0 0 2 2 2 2 17 34 2 0 0 0
split_gain=7.18628 21.183 20.8142 99.8311 9.21031 8.71719 6.42869 59.4028 105.594 57.571 16.6935 12.4078 19.9653 19.2678
threshold=1.0000000180025095e-35 -1.5875853418164012 -0.46913689606207259 -0.2110906855491089 1.0501465011810254 -0.33461783578599974 -0.46050550278300201 -0.2087301687889975 1.0000000180025095e-35 1.0000000180025095e-35 -0.71228083677700649 -1.0292090430823462 -0.82484902087463829 -0.54292546980936029
decision_type=2 2 2 2 2 2 2 2 2 2 2 2 2 2
left_child=1 -1 4 -4 -2 -5 9 8 -8 10 -3 -12 -13 -14
right_child=2 6 3 5 -6 -7 7 -9 -10 -11 11 12 13 -15
leaf_value=0.027706291193802218 -0.017394936850918693 0.0016571197610689527 0.074228608015586034 -0.016318657625094057 0.0050046747350799186 0.00029729834123928519 0.074320403824249912 5.6527186458042944e-05 -0.011105733805231121 -0.048402150865877049 -0.027676806332500178 0.023485147781630467 -0.031828463455473167 0.010147144974452323
leaf_weight=70 277 1620 42 123 54 214 73 2141 69 62 84 45 67 44
leaf_count=70 277 1620 42 123 54 214 73 2141 69 62 84 45 67 44
internal_value=4.07747e-05 0.000815017 -0.00461023 0.00338699 -0.0137325 -0.00582778 0.000354403 0.00214734 0.0332328 -0.00177531 -0.000170757 -0.0124207 -0.00395945 -0.0153044
internal_weight=4985 4275 710 379 331 337 4205 2283 142 1922 1860 240 156 111
internal_count=4985 4275 710 379 331 337 4205 2283 142 1922 1860 240 156 111
is_linear=0
shrinkage=0.05


Tree=95
num_leaves=15
num_cat=0
split_feature=12 2 0 2 0 0 61 0 0 2 46 0 0 2
split_gain=6.5088 45.2952 18.4421 10.5579 6.02515 75.6865 14.7685 10.1506 12.8147 19.7044 9.22905 11.2165 10.5424 14.6748
threshold=1.0000000180025095e-35 -0.46050550278300201 -1.5680920578156745 -1.3417191717620176 -1.0092288002666059 -1.0292090430823462 1.0000000180025095e-35 -0.86865906061991616 -0.84319442237820008 -0.2087301687889975 1.0000000180025095e-35 -0.37431312258393995 0.33528778489511685 1.0000000180025095e-35
decision_type=2 2 2 2 2 2 2 2 2 2 2 2 2 2
left_child=2 3 -1 -2 5 6 -4 -6 9 -9 12 -12 13 -10
right_child=1 -3 4 -5 7 -7 -8 8 10 -11 11 -13 -14 -15
leaf_value=-0.021666408213551602 0.0092088018864160404 0.050980369675865715 0.0022546662597203566 -0.018735501863476303 -0.0074364174737478611 0.069245304832501076 -0.023324203193187718 -0.0023119343820014108 0.006935679907402576 0.03828487711535259 -0.0090152405373808159 0.0051932350097674924 -0.007442544078172882 -0.0015927722578755567
leaf_weight=97 62 46 947 70 498 40 58 65 956 53 534 186 309 1064
leaf_count=97 62 46 947 70 498 40 58 65 956 53 534 186 309 1064
internal_value=4.00228e-05 0.00937481 -0.000309393 -0.0056686 0.000139453 0.00348475 0.000735081 -0.000815769 0.000229341 0.0162564 -0.000401175 -0.0053405 0.00112907 0.00244633
internal_weight=4985 178 4807 132 4710 1045 1005 3665 3167 118 3049 720 2329 2020
internal_count=4985 178 4807 132 4710 1045 1005 3665 3167 118 3049 720 2329 2020
is_linear=0
shrinkage=0.05


Tree=96
num_leaves=15
num_cat=0
split_feature=0 2 34 2 0 0 2 10 0 2 0 0 0 0
split_gain=7.0212 21.0623 4.75031 5.72175 15.9162 18.8427 18.7095 130.009 21.1626 22.2617 22.0083 23.764 41.5433 15.2115
threshold=-1.5875853418164012 -0.71228083677700649 1.0000000180025095e-35 -0.71228083677700649 0.11579070252449575 0.021159056577534512 -0.96405617077101102 1.0000000180025095e-35 -1.2318738890929961 -1.46760683875902 -0.89334313011173372 -0.55821867399039615 -0.65436418952014874 0.20886924433046908
decision_type=2 2 2 2 2 2 2 2 2 2 2 2 2 2
left_child=1 -1 3 4 5 6 8 -8 9 -2 -10 12 -12 -6
right_child=2 -3 -4 -5 13 -7 7 -9 10 -11 11 -13 -14 -15
leaf_value=-0.010931636073759625 0.046177512564592897 0.039338595881348568 0.012118664524191386 -0.0017219870123048138 -0.036932857021350754 0.036671956575342585 0.0026017114264650361 0.093929119351818122 -0.016119729995443779 0.0034752913361073149 0.00076604745113156717 -0.007668467532790756 0.042754356949948349 -0.00414720738722134
leaf_weight=40 43 40 75 3035 42 40 417 41 254 96 241 361 76 184
leaf_count=40 43 40 75 3035 42 40 417 41 254 96 241 361 76 184
internal_value=3.98379e-05 0.0145499 -0.000202654 -0.000398915 0.00183757 0.00362733 0.00271608 0.0111502 -0.000904705 0.017153 -0.00362882 0.00108432 0.0110376 -0.0105106
internal_weight=4985 80 4905 4830 1795 1569 1529 458 1071 139 932 678 317 226
internal_count=4985 80 4905 4830 1795 1569 1529 458 1071 139 932 678 317 226
is_linear=0
shrinkage=0.05


Tree=97
num_leaves=15
num_cat=0
split_feature=42 0 0 0 13 2 2 10 2 0 0 0 2 2
split_gain=7.10026 19.3847 19.0801 87.3601 8.84851 8.72209 8.62564 6.61703 10.0522 6.93458 20.8589 21.0604 17.2153 16.6328
threshold=1.0000000180025095e-35 -1.5875853418164012 -0.46913689606207259 -0.2110906855491089 1.0000000180025095e-35 0.67248350019001835 1.0501465011810254 1.0000000180025095e-35 -0.96405617077101102 -1.3675572950679056 -1.3030462895999761 -1.224357500512774 -0.96405617077101102 0.79837116718702072
decision_type=2 2 2 2 2 2 2 2 2 2 2 2 2 2
left_child=1 -1 6 -4 5 -5 -2 9 -9 12 -11 -12 -3 -14
right_child=2 7 3 4 -6 -7 -8 8 -10 10 11 -13 13 -15
leaf_value=0.026535980818112471 -0.016859289494553401 0.031429571649503142 0.069345921464264396 -0.032574666354805236 0.00016737606094561911 -0.0044394720238275258 0.0048183812992647294 -0.026463650317307102 0.0016850557509962829 -0.019161294769050916 0.023211985202596607 0.00028322376227670111 -0.0091914782469922855 0.025593228199674439
leaf_weight=70 277 61 42 48 226 63 54 55 71 132 101 3620 119 46
leaf_count=70 277 61 42 48 226 63 54 55 71 132 101 3620 119 46
internal_value=4.18626e-05 0.000811456 -0.00458122 0.00307633 -0.00554318 -0.0169672 -0.0133151 0.000370812 -0.0108236 0.000721741 0.000220248 0.00091772 0.0091946 0.000696444
internal_weight=4985 4275 710 379 337 111 331 4205 126 4079 3853 3721 226 165
internal_count=4985 4275 710 379 337 111 331 4205 126 4079 3853 3721 226 165
is_linear=0
shrinkage=0.05


Tree=98
num_leaves=15
num_cat=0
split_feature=0 0 34 2 0 0 2 10 0 1 0 2 61 0
split_gain=7.0784 19.0249 4.17471 5.77576 14.9733 16.7679 16.6361 115.044 24.3909 14.9526 13.8047 12.6539 26.3373 31.3518
threshold=-1.605496441180837 -1.5680920578156745 1.0000000180025095e-35 -0.71228083677700649 0.11579070252449575 0.021159056577534512 -0.96405617077101102 1.0000000180025095e-35 -1.4228418677327614 -0.41876142585576009 0.20886924433046908 -0.58639316978000433 1.0000000180025095e-35 -0.11920233649342464
decision_type=2 2 2 2 2 2 2 2 2 2 2 2 2 2
left_child=-1 -2 3 4 5 6 8 -8 -3 -10 -6 -5 -13 -14
right_child=1 2 -4 11 10 -7 7 -9 9 -11 -12 12 13 -15
leaf_value=-0.01674780872229847 0.033760436234020051 0.032230263334457519 0.011514676555797652 -0.013183902461437963 -0.035107676430859346 0.034952681839820886 0.0027948250784202875 0.088736952261912624 0.0064329460322683513 -0.0064942973606405196 -0.0038761855859775099 -0.0016719320157367015 0.048693882028475917 -0.0023758157748488885
leaf_weight=60 40 52 75 215 42 40 414 41 331 680 184 2693 56 62
leaf_count=60 40 52 75 215 42 40 414 41 331 680 184 2693 56 62
internal_value=4.1261e-05 0.000252513 -3.55649e-05 -0.000220373 0.00203479 0.00378195 0.00291568 0.0108935 -0.000513151 -0.00225759 -0.00993732 -0.00155039 -0.000651853 0.0222683
internal_weight=4985 4925 4885 4810 1784 1558 1518 455 1063 1011 226 3026 2811 118
internal_count=4985 4925 4885 4810 1784 1558 1518 455 1063 1011 226 3026 2811 118
is_linear=0
shrinkage=0.05


Tree=99
num_leaves=15
num_cat=0
split_feature=42 0 0 0 0 0 2 10 2 61 2 0 0 0
split_gain=6.62847 18.0933 17.2816 76.6748 8.47839 11.3031 8.25955 7.01813 8.16278 6.0351 47.3898 55.8695 45.1576 9.42851
threshold=1.0000000180025095e-35 -1.5875853418164012 -0.46913689606207259 -0.2110906855491089 -0.53631293975712346 -1.3590968427517176 -0.33461783578599974 1.0000000180025095e-35 -0.96405617077101102 1.0000000180025095e-35 -0.46050550278300201 -0.095254840800592044 -0.65436418952014874 -1.3675572950679056
decision_type=2 2 2 2 2 2 2 2 2 2 2 2 2 2
left_child=1 -1 4 -4 5 -2 -5 9 -9 13 12 -12 -11 -3
right_child=2 7 3 6 -6 -7 -8 8 -10 10 11 -13 -14 -15
leaf_value=0.025639265954830789 -0.024979050019135078 0.010347523210680784 0.06494858670471744 -0.015423169549927116 -0.028253931288740465 -0.0020306266552627978 0.00074685239815153182 -0.025260114629973515 0.00014140784281165634 -0.051590887107886375 0.076115244356068701 0.0010779955087947832 0.01227984646069152 -0.00033351857454147341
leaf_weight=70 73 217 42 123 68 190 214 55 71 44 42 57 68 3651
leaf_count=70 73 217 42 123 68 190 214 55 71 44 42 57 68 3651
internal_value=4.28005e-05 0.000786385 -0.00442405 0.00286394 -0.012736 -0.00854079 -0.00521114 0.000360671 -0.011168 0.000722089 0.00891587 0.0337888 -0.0132771 0.00027074
internal_weight=4985 4275 710 379 331 263 337 4205 126 4079 211 99 112 3868
internal_count=4985 4275 710 379 331 263 337 4205 126 4079 211 99 112 3868
is_linear=0
shrinkage=0.05


Tree=100
num_leaves=15
num_cat=0
split_feature=0 0 34 2 0 0 2 10 0 2 0 20 0 0
split_gain=7.37562 17.0805 3.77675 5.5384 13.5576 15.3022 14.4646 102.526 22.7107 21.6368 19.1663 30.1853 17.9451 22.0938
threshold=-1.605496441180837 -1.5680920578156745 1.0000000180025095e-35 -0.71228083677700649 0.11579070252449575 0.021159056577534512 -0.96405617077101102 1.0000000180025095e-35 -1.2318738890929961 -1.46760683875902 -0.89334313011173372 1.0000000180025095e-35 -0.55821867399039615 -0.65436418952014874
decision_type=2 2 2 2 2 2 2 2 2 2 2 2 2 2
left_child=-1 -2 3 4 5 6 8 -8 9 -3 -10 12 13 -12
right_child=1 2 -4 -5 -6 -7 7 -9 10 -11 11 -13 -14 -15
leaf_value=-0.017096397454940505 0.032006625476337612 0.048175134890994363 0.010970140693636684 -0.001493987599313684 -0.0093755329223839876 0.033456704366420002 0.0026450467275795884 0.083776992091605829 -0.01475466505789882 0.0049299231305232512 -0.0018800546456037499 0.027768644247885034 -0.010976089410812885 0.030507839893804158
leaf_weight=60 40 41 75 3026 226 40 414 41 254 90 203 91 315 69
leaf_count=60 40 41 75 3026 226 40 414 41 254 90 203 91 315 69
internal_value=4.15313e-05 0.000257173 -1.57939e-05 -0.000191581 0.00201675 0.00367919 0.00285155 0.0102905 -0.000345917 0.0189856 -0.00309795 0.00129957 -0.00288417 0.00649871
internal_weight=4985 4925 4885 4810 1784 1558 1518 455 1063 131 932 678 587 272
internal_count=4985 4925 4885 4810 1784 1558 1518 455 1063 131 932 678 587 272
is_linear=0
shrinkage=0.05


Tree=101
num_leaves=15
num_cat=0
split_feature=0 0 27 2 2 0 0 2 0 41 0 13 5 2
split_gain=6.68265 15.4882 3.58118 18.0528 6.17817 5.62632 7.52937 4.01522 32.0704 15.4422 60.2976 10.7294 10.493 15.8347
threshold=-1.605496441180837 -1.5680920578156745 1.0000000180025095e-35 -1.3417191717620176 0.42070816619601387 0.32232197485983977 -0.6741801275741145 -1.2158315047650154 -1.3503384964367899 1.0000000180025095e-35 -0.82484902087463829 1.0000000180025095e-35 1.0000000180025095e-35 1.0000000180025095e-35
decision_type=2 2 2 2 2 2 2 2 2 2 2 2 2 2
left_child=-1 -2 7 -4 -5 6 -6 8 -3 12 -11 -10 13 -9
right_child=1 2 3 4 5 -7 -8 9 11 10 -12 -13 -14 -15
leaf_value=-0.01626915311921508 0.030482497802447706 0.037564338423797618 0.025314517867647941 -0.014570100881149345 -0.013627048014175325 -0.01699099453642618 0.012077486236302414 0.0054294253034542642 -0.0077903132879781345 -0.05893731404628072 0.014417526916120993 0.010776874701377382 0.026482291368856315 -0.001361563217330134
leaf_weight=60 40 44 43 185 40 41 87 1424 628 47 64 87 40 2155
leaf_count=60 40 44 43 185 40 41 87 1424 628 47 64 87 40 2155
internal_value=4.38393e-05 0.0002491 -1.0835e-05 -0.00455655 -0.00831736 -0.00134149 0.00389582 0.000392019 -0.00291826 0.00106681 -0.017136 -0.00550733 0.00163428 0.00134193
internal_weight=4985 4925 4885 396 353 168 127 4489 759 3730 111 715 3619 3579
internal_count=4985 4925 4885 396 353 168 127 4489 759 3730 111 715 3619 3579
is_linear=0
shrinkage=0.05


Tree=102
num_leaves=15
num_cat=0
split_feature=42 0 0 0 2 13 2 10 2 2 34 2 17 2
split_gain=6.69016 17.4781 16.0019 67.1463 8.31092 8.28089 8.01075 7.12632 6.71505 6.27909 57.944 52.2728 94.3605 14.7872
threshold=1.0000000180025095e-35 -1.5875853418164012 -0.46913689606207259 -0.2110906855491089 1.0501465011810254 1.0000000180025095e-35 0.67248350019001835 1.0000000180025095e-35 -0.96405617077101102 -0.46050550278300201 1.0000000180025095e-35 -0.2087301687889975 1.0000000180025095e-35 -0.71228083677700649
decision_type=2 2 2 2 2 2 2 2 2 2 2 2 2 2
left_child=1 -1 4 -4 -2 6 -5 9 -9 10 13 12 -11 -3
right_child=2 7 3 5 -6 -7 -8 8 -10 11 -12 -13 -14 -15
leaf_value=0.025216061042576461 -0.015923385188779643 0.002013468034176145 0.060667928573622548 -0.030995378445833922 0.0053391226517435705 0.00053354591986965068 -0.0040411129106695835 -0.024028474750944922 -0.00095753495721784352 0.070492562333742778 -0.048171088926028463 0.00051098551807421172 -0.010266894511241076 -0.0115475585795052
leaf_weight=70 277 1547 42 48 54 226 63 55 71 73 62 2099 69 229
leaf_count=70 277 1547 42 48 54 226 63 55 71 73 62 2099 69 229
internal_value=4.23091e-05 0.000789346 -0.00444528 0.00256849 -0.0124433 -0.00498759 -0.0160393 0.000370924 -0.0112463 0.000735114 -0.0014302 0.00251073 0.0316527 0.000253867
internal_weight=4985 4275 710 379 331 337 111 4205 126 4079 1838 2241 142 1776
internal_count=4985 4275 710 379 331 337 111 4205 126 4079 1838 2241 142 1776
is_linear=0
shrinkage=0.05


Tree=103
num_leaves=15
num_cat=0
split_feature=0 0 34 2 0 0 0 0 29 0 0 0 0 10
split_gain=6.98362 13.9438 4.41166 4.6836 11.7867 14.2989 14.8622 16.3386 41.6951 17.3229 15.5391 12.8824 11.103 10.9941
threshold=-1.605496441180837 -1.5680920578156745 1.0000000180025095e-35 -0.71228083677700649 0.11579070252449575 -0.03146798458730142 -0.11001591630017876 -0.30640218874987663 1.0000000180025095e-35 -0.22015024320630983 -0.45399866887692109 0.23885386183015633 0.46943538863233664 1.0000000180025095e-35
decision_type=2 2 2 2 2 2 2 2 2 2 2 2 2 2
left_child=-1 -2 3 4 5 6 7 8 10 -9 13 -6 -13 -3
right_child=1 2 -4 -5 11 -7 -8 9 -10 -11 -12 12 -14 -15
leaf_value=-0.016635713819977676 0.028936867752955078 0.0034513860229311282 0.011877249401401391 -0.0013839192913077871 -0.027398642506732636 0.024405733241953637 -0.020195819500035475 0.043706263562664389 0.046244220543817126 0.0021989919350675819 -0.017067792173071486 0.016961760281368959 -0.010389408433640546 -0.013520422490934532
leaf_weight=60 40 1047 75 3026 64 75 68 48 49 51 117 54 108 103
leaf_count=60 40 1047 75 3026 64 75 68 48 49 51 117 54 108 103
internal_value=4.05714e-05 0.000250405 3.76412e-06 -0.000186233 0.00184454 0.00339464 0.00230061 0.00340869 0.00191825 0.0227907 0.0001338 -0.00877757 -0.00117669 0.00191047
internal_weight=4985 4925 4885 4810 1784 1558 1483 1415 1316 99 1267 226 162 1150
internal_count=4985 4925 4885 4810 1784 1558 1483 1415 1316 99 1267 226 162 1150
is_linear=0
shrinkage=0.05


Tree=104
num_leaves=15
num_cat=0
split_feature=0 0 34 2 0 61 31 1 2 61 2 0 28 0
split_gain=6.32522 12.6463 3.99156 4.23455 10.9397 16.0939 16.0703 19.0722 14.3723 20.2872 20.2145 20.074 13.7006 21.0885
threshold=-1.605496441180837 -1.5680920578156745 1.0000000180025095e-35 -0.71228083677700649 -0.14818330027098306 1.0000000180025095e-35 1.0000000180025095e-35 1.0000000180025095e-35 -0.46050550278300201 1.0000000180025095e-35 -0.33461783578599974 -0.52046139802752489 1.0000000180025095e-35 -0.76983970019376002
decision_type=2 2 2 2 2 2 2 2 2 2 2 2 2 2
left_child=-1 -2 3 -3 6 -6 8 -8 11 10 -10 -5 -12 -14
right_child=1 2 -4 4 5 -7 7 -9 9 -11 12 -13 13 -15
leaf_value=-0.015830759650787282 0.027558923778789386 0.0017550258939967756 0.01129881138973809 -0.020194980345587147 0.0018636801856795179 0.028086496949033587 -0.0048651334548753412 0.034374356858672635 -0.027356348118869722 0.029204544186592102 -0.0031372057013869486 0.016070350858322143 -0.0072038342560972529 0.032924188769367695
leaf_weight=60 40 1784 75 233 519 64 61 60 80 48 1789 44 62 66
leaf_count=60 40 1784 75 233 519 64 61 60 80 48 1789 44 62 66
internal_value=3.99703e-05 0.000239667 4.78086e-06 -0.000175944 -0.00131477 0.00482852 -0.00278356 0.014835 -0.00371365 -0.00225888 -0.0030436 -0.0143605 -0.00200153 0.0136754
internal_weight=4985 4925 4885 4810 3026 583 2443 121 2322 2045 1997 277 1917 128
internal_count=4985 4925 4885 4810 3026 583 2443 121 2322 2045 1997 277 1917 128
is_linear=0
shrinkage=0.05


Tree=105
num_leaves=15
num_cat=0
split_feature=41 0 0 0 0 0 61 10 0 2 20 5 26 2
split_gain=6.25021 33.9204 22.6566 11.3809 5.06398 67.5898 15.668 8.79614 8.25996 9.88929 10.6182 7.65965 7.2961 6.06787
threshold=1.0000000180025095e-35 -1.2318738890929961 -1.5680920578156745 -0.62776518427508143 -1.0092288002666059 -1.0292090430823462 1.0000000180025095e-35 1.0000000180025095e-35 -0.9456129724181157 0.67248350019001835 1.0000000180025095e-35 1.0000000180025095e-35 1.0000000180025095e-35 1.0000000180025095e-35
decision_type=2 2 2 2 2 2 2 2 2 2 2 2 2 2
left_child=2 -2 -1 -3 5 6 7 12 9 10 -6 13 -4 -10
right_child=1 3 4 -5 8 -7 -8 -9 11 -11 -12 -13 -14 -15
leaf_value=-0.023973320423380823 0.048528286191036128 0.013052371002378918 0.0046683199018655447 -0.015527952415868641 -0.0058097162027843305 0.065405969108854031 -0.024116406109242233 -0.014214272956053417 0.0024580980954808694 0.0083904268400629561 -0.034386542771142302 -0.015629968176094387 -0.016236816075715154 -0.0017663209648134471
leaf_weight=97 40 61 833 76 78 40 58 73 1600 47 55 76 42 1809
leaf_count=97 40 61 833 76 78 40 58 73 1600 47 55 76 42 1809
internal_value=4.00683e-05 0.00921401 -0.000301349 -0.0027977 0.000196026 0.00326109 0.00066525 0.00222901 -0.000680052 -0.0110642 -0.0179616 -0.000137675 0.00363013 0.000216671
internal_weight=4985 177 4808 137 4711 1046 1006 948 3665 180 133 3485 875 3409
internal_count=4985 177 4808 137 4711 1046 1006 948 3665 180 133 3485 875 3409
is_linear=0
shrinkage=0.05


Tree=106
num_leaves=15
num_cat=0
split_feature=2 2 0 0 34 29 0 0 0 2 2 41 0 2
split_gain=6.31296 88.2134 114.391 69.9979 51.7653 28.805 41.8397 10.5709 21.9807 11.6009 20.7082 9.55368 9.49751 14.9336
threshold=-0.46050550278300201 -0.2087301687889975 -0.89550624904103449 -0.52546685307537266 1.0000000180025095e-35 1.0000000180025095e-35 -0.65436418952014874 -0.095254840800592044 -0.353680596059955 0.1689328322020093 0.54659583319301619 1.0000000180025095e-35 -1.2864512578492133 -1.46760683875902
decision_type=2 2 2 2 2 2 2 2 2 2 2 2 2 2
left_child=4 2 -2 -4 5 12 -7 8 11 -9 -11 -3 13 -1
right_child=1 7 3 -5 -6 6 -8 9 -10 10 -12 -13 -14 -15
leaf_value=0.018775711308800333 0.10440670027914974 0.0001277802784816086 -0.026070945262908936 0.04424537496558445 -0.046263293828815222 -0.056456220503896475 0.0042779789368311569 -0.019268400587939792 -0.016328446124539851 0.037917377538262659 0.0043078183014051922 -0.023717246763408185 0.0021283903036901897 -0.012232115749530054
leaf_weight=44 43 1817 63 76 62 53 58 40 244 50 393 41 1749 252
leaf_count=44 43 1817 63 76 62 53 58 40 244 50 393 41 1749 252
internal_value=3.78813e-05 0.00163042 0.0350806 0.0124576 -0.00194853 -0.000632473 -0.0252072 -0.000749976 -0.00228337 0.00590519 0.00825459 -0.000423338 0.000724737 -0.00752777
internal_weight=4985 2767 182 139 2218 2156 111 2585 2102 483 443 1858 2045 296
internal_count=4985 2767 182 139 2218 2156 111 2585 2102 483 443 1858 2045 296
is_linear=0
shrinkage=0.05


Tree=107
num_leaves=15
num_cat=0
split_feature=42 0 0 0 0 0 0 2 34 2 17 61 0 13
split_gain=6.15611 18.8041 14.4966 6.88652 10.6491 54.6525 12.718 6.11885 47.3004 45.9887 83.5408 11.9074 39.3394 12.2241
threshold=1.0000000180025095e-35 -1.5875853418164012 -1.3590968427517176 0.31167351626970247 -0.46913689606207259 -0.2110906855491089 -0.53631293975712346 -0.46050550278300201 1.0000000180025095e-35 -0.2087301687889975 1.0000000180025095e-35 1.0000000180025095e-35 -0.65436418952014874 1.0000000180025095e-35
decision_type=2 2 2 2 2 2 2 2 2 2 2 2 2 2
left_child=1 -1 -2 4 6 -6 -4 8 11 10 -9 13 -13 -3
right_child=2 7 3 -5 5 -7 -8 9 -10 -11 -12 12 -14 -15
leaf_value=0.026089278026483954 -0.025062649510800838 -0.00012850163869459084 -0.0012219543377189742 -0.020236350996221633 0.057479916409250688 -0.0022827557714174495 -0.026167060786725156 0.065966097228229048 -0.044022415846120572 0.00022831479053465436 -0.010014699787740977 -0.046376662574974553 0.0098012698761804004 0.020377051659957752
leaf_weight=70 73 1663 190 45 42 292 68 73 62 2141 69 54 69 74
leaf_count=70 73 1663 190 45 42 292 68 73 62 2141 69 54 69 74
internal_value=3.6305e-05 0.000752907 -0.00426844 -0.00181445 -0.000350713 0.00552972 -0.00794734 0.000318934 -0.0017588 0.00206814 0.0294195 -0.000304244 -0.0152096 0.00076751
internal_weight=4985 4275 710 637 592 334 258 4205 1922 2283 142 1860 123 1737
internal_count=4985 4275 710 637 592 334 258 4205 1922 2283 142 1860 123 1737
is_linear=0
shrinkage=0.05


Tree=108
num_leaves=15
num_cat=0
split_feature=34 41 0 0 0 1 1 61 0 1 0 49 10 0
split_gain=6.90623 6.10878 30.6477 20.8696 10.5784 4.46611 3.94647 15.676 52.5429 11.8175 17.7728 17.4877 19.4738 17.6387
threshold=1.0000000180025095e-35 1.0000000180025095e-35 -1.2318738890929961 -1.5680920578156745 -0.62776518427508143 1.0000000180025095e-35 1.0000000180025095e-35 1.0000000180025095e-35 -0.64876101252792229 0.69992303680890788 -1.0189866971618786 1.0000000180025095e-35 1.0000000180025095e-35 -0.75238005880318581
decision_type=2 2 2 2 2 2 2 2 2 2 2 2 2 2
left_child=1 3 -3 5 -4 -1 -5 9 -9 10 -8 12 -12 -13
right_child=-2 2 4 6 -6 -7 7 8 -10 -11 11 13 -14 -15
leaf_value=-0.011684440872631967 0.01489281359600363 0.046238067182934002 0.012728234841710047 -0.0014507398548051411 -0.014825290005104855 -0.033689637496775275 0.019420326502453959 -0.02336884039605773 0.047874846752507222 -0.0023031137244503277 -0.0060672856675003731 0.0016299665258344958 0.025489668852903626 0.043565221619274883
leaf_weight=48 75 40 61 2421 76 49 174 41 64 1344 439 57 53 43
leaf_count=48 75 40 61 2421 76 49 174 41 64 1344 439 57 53 43
internal_value=3.45786e-05 -0.000198352 0.00886874 -0.000541037 -0.00255032 -0.0232565 -5.59325e-05 0.00146853 0.0201391 0.000521235 0.00546984 0.00131795 -0.00257842 0.0201628
internal_weight=4985 4910 177 4733 137 97 4636 2215 105 2110 766 592 492 100
internal_count=4985 4910 177 4733 137 97 4636 2215 105 2110 766 592 492 100
is_linear=0
shrinkage=0.05


Tree=109
num_leaves=15
num_cat=0
split_feature=34 0 2 0 0 0 0 0 2 2 0 0 2 20
split_gain=6.24787 6.17063 17.211 5.29104 4.2405 4.81459 21.2296 17.1599 10.5958 15.5659 10.0057 29.8626 105.131 8.99493
threshold=1.0000000180025095e-35 -1.5875853418164012 -0.71228083677700649 -1.5049396630606748 -1.4711188974405045 -1.3030462895999761 -1.224357500512774 -1.3503384964367899 -0.83816850377400887 0.79837116718702072 -1.0556786602691812 -1.0092288002666059 -0.082842501791995246 1.0000000180025095e-35
decision_type=2 2 2 2 2 2 2 2 2 2 2 2 2 2
left_child=1 2 -1 -3 -5 7 -7 8 -6 -10 13 12 -12 -8
right_child=-2 3 -4 4 5 6 10 -9 9 -11 11 -13 -14 -15
leaf_value=-0.00962926863049645 0.014167514431907178 -0.013009740993176111 0.035820210866984871 0.015617647412277403 0.016573103836604527 0.020671039392487489 -0.013825982843944991 -0.023234133991211946 -0.015066514148308738 0.019056324875387162 0.086471682908230055 -0.00038999380223482245 -0.016243984196335076 0.00063145744418235212
leaf_weight=40 75 80 40 40 75 120 249 100 121 44 41 3714 58 188
leaf_count=40 75 80 40 40 75 120 249 100 121 44 41 3714 58 188
internal_value=3.52248e-05 -0.000186326 0.0134149 -0.000417064 -0.00019959 -0.000340491 0.000106576 -0.00605363 0.00123776 -0.00584785 -0.000483518 0.000339299 0.0271648 -0.00763176
internal_weight=4985 4910 80 4830 4750 4710 4370 340 240 165 4250 3813 99 437
internal_count=4985 4910 80 4830 4750 4710 4370 340 240 165 4250 3813 99 437
is_linear=0
shrinkage=0.05


Tree=110
num_leaves=15
num_cat=0
split_feature=2 2 0 0 34 29 0 0 0 2 2 41 0 0
split_gain=5.75764 75.3241 106.141 62.6474 45.2592 25.6748 34.041 9.56662 20.631 10.5346 18.7121 9.36157 8.14818 7.82516
threshold=-0.46050550278300201 -0.2087301687889975 -0.89550624904103449 -0.52546685307537266 1.0000000180025095e-35 1.0000000180025095e-35 -0.65436418952014874 -0.095254840800592044 -0.353680596059955 0.1689328322020093 0.54659583319301619 1.0000000180025095e-35 -1.5680920578156745 -1.115374429614554
decision_type=2 2 2 2 2 2 2 2 2 2 2 2 2 2
left_child=4 2 -2 -4 5 12 -7 8 11 -9 -11 13 -1 -3
right_child=1 7 3 -5 -6 6 -8 9 -10 10 -12 -13 -14 -15
leaf_value=-0.017504175075640279 0.099238663667605989 0.0067692762524985814 -0.025732827914448888 0.04077889426515844 -0.043297690214058097 -0.052015881863507363 0.0027982825537522637 -0.018301574141895843 -0.015708773749941066 0.036124078057204877 0.0041745451441081837 -0.023358406906211101 0.0011977889169103061 -0.0014013925591319018
leaf_weight=58 43 365 63 76 62 53 58 40 244 50 393 41 1987 1452
leaf_count=58 43 365 63 76 62 53 58 40 244 50 393 41 1987 1452
internal_value=3.58219e-05 0.00155671 0.0324666 0.0106959 -0.00186121 -0.000630595 -0.0238317 -0.000642961 -0.00210174 0.00568811 0.00792674 -0.000299845 0.000650782 0.000245574
internal_weight=4985 2767 182 139 2218 2156 111 2585 2102 483 443 1858 2045 1817
internal_count=4985 2767 182 139 2218 2156 111 2585 2102 483 443 1858 2045 1817
is_linear=0
shrinkage=0.05


Tree=111
num_leaves=15
num_cat=0
split_feature=34 0 0 0 0 0 2 2 0 0 2 2 2 0
split_gain=7.15932 6.06501 16.7333 5.28937 19.0255 15.1014 20.6386 13.0626 9.08828 27.4073 95.7114 8.70805 8.04679 8.02236
threshold=1.0000000180025095e-35 -1.5875853418164012 -1.6462430167485937 -1.3030462895999761 -1.224357500512774 -1.3503384964367899 -1.2158315047650154 0.79837116718702072 -1.0556786602691812 -1.0092288002666059 -0.082842501791995246 0.2948204991990116 -0.83816850377400887 -0.92649753523712752
decision_type=2 2 2 2 2 2 2 2 2 2 2 2 2 2
left_child=1 2 -1 5 12 6 -3 11 -6 10 -10 -8 -5 -11
right_child=-2 3 -4 4 8 -7 7 -9 9 13 -12 -13 -14 -15
leaf_value=-0.0094431044711243556 0.015161938209981693 0.027826269648762215 0.035372768322538051 0.03530847246791901 -0.0072654612842896335 -0.022502776145862016 -0.0056379094063727696 0.012413052421087693 0.08261726900588634 -0.0088024732907380897 -0.015391124822199346 -0.027558001755706725 0.0087714383639395238 0.00027241053157322565
leaf_weight=40 75 52 40 47 437 100 174 74 41 260 58 60 73 3454
leaf_count=40 75 52 40 47 437 100 174 74 41 260 58 60 73 3454
internal_value=3.39057e-05 -0.000203254 0.013281 -0.000432001 0.000105836 -0.00551979 -0.000704027 -0.00566928 -0.000452789 0.000331397 0.0260304 -0.0114444 0.0195735 -0.000367276
internal_weight=4985 4910 80 4830 4370 460 360 308 4250 3813 99 234 120 3714
internal_count=4985 4910 80 4830 4370 460 360 308 4250 3813 99 234 120 3714
is_linear=0
shrinkage=0.05


Tree=112
num_leaves=15
num_cat=0
split_feature=34 41 1 0 0 0 1 29 2 1 27 0 20 0
split_gain=6.47681 5.82236 30.9107 50.9684 19.5386 4.51232 3.55688 14.8777 39.0297 9.71138 16.2104 11.4053 17.7009 17.5617
threshold=1.0000000180025095e-35 1.0000000180025095e-35 0.69992303680890788 -0.62776518427508143 -1.5680920578156745 -1.6462430167485937 1.0000000180025095e-35 1.0000000180025095e-35 -0.2087301687889975 0.69992303680890788 1.0000000180025095e-35 -1.0189866971618786 1.0000000180025095e-35 -1.3030462895999761
decision_type=2 2 2 2 2 2 2 2 2 2 2 2 2 2
left_child=1 4 3 -3 5 -1 -6 9 -9 10 11 12 13 -8
right_child=-2 2 -4 -5 6 -7 7 8 -10 -11 -12 -13 -14 -15
leaf_value=-0.0089934327329198524 0.014423532562342462 0.049564855405737442 -0.025380815458198897 -0.012494885110701886 -0.001380280823226832 -0.03135987150194755 0.010853274542695055 0.051667113870382309 -0.0096139137286015541 -0.0020806147516220395 -0.017004302900137477 0.0037591830169065956 -0.0012007677886525499 0.053524668329176787
leaf_weight=40 75 70 47 60 2421 57 50 48 53 1343 74 534 66 47
leaf_count=40 75 70 47 60 2421 57 50 48 53 1343 74 534 66 47
internal_value=3.46395e-05 -0.000190933 0.00866104 0.0211666 -0.000525489 -0.0225046 -5.61093e-05 0.00139115 0.0199475 0.000486576 0.00495216 0.00732525 0.0188208 0.0321927
internal_weight=4985 4910 177 130 4733 97 4636 2215 101 2114 771 697 163 97
internal_count=4985 4910 177 130 4733 97 4636 2215 101 2114 771 697 163 97
is_linear=0
shrinkage=0.05


Tree=113
num_leaves=15
num_cat=0
split_feature=0 0 34 0 0 0 2 2 2 0 0 2 20 17
split_gain=6.03314 15.7221 6.05558 4.79295 17.0954 13.9008 18.7299 11.9121 7.82778 7.42383 24.5681 86.1877 13.2858 8.63754
threshold=-1.5875853418164012 -1.6462430167485937 1.0000000180025095e-35 -1.3030462895999761 -1.2318738890929961 -1.3503384964367899 -1.2158315047650154 0.79837116718702072 0.2948204991990116 -1.0556786602691812 -1.0092288002666059 -0.082842501791995246 1.0000000180025095e-35 1.0000000180025095e-35
decision_type=2 2 2 2 2 2 2 2 2 2 2 2 2 2
left_child=1 -1 3 5 -5 6 -2 8 -8 12 11 -11 13 -6
right_child=2 -3 -4 4 9 -7 7 -9 -10 10 -12 -13 -14 -15
leaf_value=-0.0085651738657837821 0.026543815965177839 0.034892660272972928 0.013721087810813222 0.020329444758667083 -0.018557837464642235 -0.021549048209928125 -0.0053748192029491881 0.011901788768131825 -0.026158156756672171 0.078369446133458351 -0.00032157920480055613 -0.014634467096378407 0.0032602814099945056 0.003794313598025058
leaf_weight=40 52 40 75 100 203 100 174 74 60 41 3714 58 200 54
leaf_count=40 52 40 75 100 203 100 174 74 60 41 3714 58 200 54
internal_value=3.43971e-05 0.0134848 -0.000190384 -0.000411991 9.99851e-05 -0.00525514 -0.000635005 -0.00536528 -0.0108804 -0.000383068 0.000339929 0.0246715 -0.00639063 -0.0138682
internal_weight=4985 80 4905 4830 4370 460 360 308 234 4270 3813 99 457 257
internal_count=4985 80 4905 4830 4370 460 360 308 234 4270 3813 99 457 257
is_linear=0
shrinkage=0.05


Tree=114
num_leaves=15
num_cat=0
split_feature=2 2 0 0 34 29 0 0 61 0 1 2 39 0
split_gain=6.48594 67.9049 96.8717 56.5511 45.0035 26.2853 31.5469 8.41597 18.5416 10.9834 10.1 10.8096 9.06396 8.10495
threshold=-0.46050550278300201 -0.2087301687889975 -0.89550624904103449 -0.52546685307537266 1.0000000180025095e-35 1.0000000180025095e-35 -0.65436418952014874 0.033964212729210248 1.0000000180025095e-35 -0.53631293975712346 1.259265268141242 0.2948204991990116 1.0000000180025095e-35 0.33528778489511685
decision_type=2 2 2 2 2 2 2 2 2 2 2 2 2 2
left_child=4 2 -2 -4 5 -1 -7 8 9 10 11 -3 -13 -9
right_child=1 7 3 -5 -6 6 -8 13 -10 -11 -12 12 -14 -15
leaf_value=0.00054507703752903894 0.094786594005094649 0.013794527717435799 -0.024412621669471266 0.038780422255587886 -0.043298119450810191 -0.051357072960924025 0.0014501444498697918 0.014402496289580286 -0.027947416265423481 -0.0061709293533340655 -0.010463282637945855 0.0023318063771800915 -0.015130843962542712 -0.00010510917266123274
leaf_weight=2045 43 195 63 76 62 53 58 171 63 663 154 1044 78 217
leaf_count=2045 43 195 63 76 62 53 58 171 63 663 154 1044 78 217
internal_value=3.46354e-05 0.00164885 0.030997 0.010199 -0.0019788 -0.000751556 -0.0242268 -0.000439809 -0.00164002 -0.000837929 0.00157084 0.00299175 0.00109306 0.00632978
internal_weight=4985 2767 182 139 2218 2156 111 2585 2197 2134 1471 1317 1122 388
internal_count=4985 2767 182 139 2218 2156 111 2585 2197 2134 1471 1317 1122 388
is_linear=0
shrinkage=0.05


Tree=115
num_leaves=15
num_cat=0
split_feature=34 0 0 0 61 2 0 0 29 1 0 1 27 0
split_gain=6.73283 5.71484 14.3961 5.03955 3.52408 44.8585 62.1385 31.8525 8.75802 5.15635 13.8685 6.50004 15.7315 9.26291
threshold=1.0000000180025095e-35 -1.5875853418164012 -1.6462430167485937 -1.5049396630606748 1.0000000180025095e-35 -0.46050550278300201 -0.11920233649342464 -0.65436418952014874 1.0000000180025095e-35 0.69992303680890788 -1.2768843494665407 1.0000000180025095e-35 1.0000000180025095e-35 -0.11001591630017876
decision_type=2 2 2 2 2 2 2 2 2 2 2 2 2 2
left_child=1 2 -1 -3 8 7 -7 -6 9 11 -11 -5 13 -13
right_child=-2 3 -4 4 5 6 -8 -9 -10 10 -12 12 -14 -15
leaf_value=-0.0082073371790058799 0.01470317237272665 -0.012709149836687509 0.033377251293998038 -0.00045448280808155022 -0.043953938237218944 0.069364728638902307 -0.0049954592512222009 0.0071439006064139624 -0.018737794693845969 -0.020742634773254397 -0.0013931812236865331 0.0097435953820116314 -0.016985067745049796 -0.0052345642864349345
leaf_weight=40 75 80 40 2319 52 49 62 69 63 98 1258 583 73 124
leaf_count=40 75 80 40 2319 52 49 62 69 63 98 1258 583 73 124
internal_value=3.26472e-05 -0.00019734 0.0128919 -0.000419385 -0.000207138 0.00577605 0.0284769 -0.0151731 -0.000516795 -0.000250832 -0.00282008 0.000874464 0.00481658 0.00710924
internal_weight=4985 4910 80 4830 4750 232 111 121 4518 4455 1356 3099 780 707
internal_count=4985 4910 80 4830 4750 232 111 121 4518 4455 1356 3099 780 707
is_linear=0
shrinkage=0.05


Tree=116
num_leaves=15
num_cat=0
split_feature=42 0 0 0 0 2 0 2 34 2 17 29 2 39
split_gain=6.10142 17.1356 15.0488 6.39367 64.2652 10.9325 8.26227 6.33233 42.6441 35.2517 72.755 9.74539 17.5388 10.4746
threshold=1.0000000180025095e-35 -1.5875853418164012 -1.3590968427517176 -0.23216963936154275 -0.50292728311519419 -0.33461783578599974 -0.53631293975712346 -0.46050550278300201 1.0000000180025095e-35 -0.2087301687889975 1.0000000180025095e-35 1.0000000180025095e-35 0.67248350019001835 1.0000000180025095e-35
decision_type=2 2 2 2 2 2 2 2 2 2 2 2 2 2
left_child=1 -1 -2 4 6 -5 -4 8 -3 10 -9 13 -13 -11
right_child=2 7 3 5 -6 -7 -8 9 -10 11 -12 12 -14 -15
leaf_value=0.024930675944132317 -0.025440893275663259 -0.00040227918379910583 -0.0013223502581240611 -0.017845968158496907 0.059413880662230606 0.00039358457793959564 -0.023501795369924774 0.060167375987085207 -0.041913051443407318 0.0023300477385934906 -0.010710550317357124 -0.038918432939884277 0.002060357333325288 -0.010922316904107891
leaf_weight=70 73 1860 190 127 42 226 52 73 62 1874 69 41 66 160
leaf_count=70 73 1860 190 127 42 226 52 73 62 1874 69 41 66 160
internal_value=3.10332e-05 0.000744447 -0.00425455 -0.00175457 0.00381546 -0.00623209 -0.00624175 0.000330162 -0.00178351 0.00210961 0.0260563 0.000498538 -0.0140678 0.00127788
internal_weight=4985 4275 710 637 284 353 242 4205 1922 2283 142 2141 107 2034
internal_count=4985 4275 710 637 284 353 242 4205 1922 2283 142 2141 107 2034
is_linear=0
shrinkage=0.05


Tree=117
num_leaves=15
num_cat=0
split_feature=34 0 0 2 0 0 0 0 2 0 2 61 0 0
split_gain=7.56494 5.27068 12.3706 3.31489 10.2671 13.5219 12.9054 13.8697 43.555 37.2994 14.1747 13.9048 12.3085 11.8314
threshold=1.0000000180025095e-35 -1.605496441180837 -1.5680920578156745 -0.71228083677700649 0.11579070252449575 -0.03146798458730142 -0.11001591630017876 -0.65797611364846242 -0.83816850377400887 -0.55821867399039615 -1.2158315047650154 1.0000000180025095e-35 -0.4783569052635599 0.20886924433046908
decision_type=2 2 2 2 2 2 2 2 2 2 2 2 2 2
left_child=1 -1 -3 4 5 6 7 11 9 10 -9 -4 -11 -6
right_child=-2 2 3 -5 13 -7 -8 8 -10 12 -12 -13 -14 -15
leaf_value=-0.014700757809764438 0.015579734476549284 0.026988460092494889 0.00070596777400030227 -0.0012729071384057012 -0.031768274751745838 0.023321408178512151 -0.019135046619921922 0.010635037308043624 0.045701539835944362 -0.020150273765853429 0.050499817811849312 -0.028715694626970663 0.001621024589102839 -0.0028674575573106307
leaf_weight=60 75 40 914 3026 42 75 68 45 70 92 45 40 209 184
leaf_count=60 75 40 914 3026 42 75 68 45 70 92 45 40 209 184
internal_value=2.90467e-05 -0.000214736 -2.95418e-05 -0.000265347 0.00144318 0.00289017 0.00182688 0.00285982 0.0099606 0.00336196 0.0312319 -0.000585139 -0.00512241 -0.00846996
internal_weight=4985 4910 4850 4810 1784 1558 1483 1415 461 391 90 954 301 226
internal_count=4985 4910 4850 4810 1784 1558 1483 1415 461 391 90 954 301 226
is_linear=0
shrinkage=0.05


Tree=118
num_leaves=15
num_cat=0
split_feature=34 41 2 0 0 0 61 2 0 0 29 2 2 0
split_gain=6.84503 5.00506 30.5977 59.6108 20.2657 5.33951 3.35459 37.9138 53.7179 25.6988 7.13722 4.2722 34.7944 9.803
threshold=1.0000000180025095e-35 1.0000000180025095e-35 -0.33461783578599974 -0.79906330138835469 -1.5680920578156745 -1.6462430167485937 1.0000000180025095e-35 -0.46050550278300201 -0.11920233649342464 -0.65436418952014874 1.0000000180025095e-35 -0.46050550278300201 -0.33461783578599974 -0.630947769268975
decision_type=2 2 2 2 2 2 2 2 2 2 2 2 2 2
left_child=1 4 3 -3 5 -1 10 9 -9 -8 11 -6 13 -13
right_child=-2 2 -4 -5 6 -7 7 8 -10 -11 -12 12 -14 -15
leaf_value=-0.0083036510581483269 0.014820982138444853 0.063852790325880052 -0.023637318057525489 -0.0061202200559922794 0.0017307682699268098 -0.032510521237627939 -0.038498129649087789 0.064055561041459444 -0.0047144496835244357 0.0069254653838227015 -0.016792773317832212 -0.044763797300833241 -0.00022952130285112634 -0.012948699928820135
leaf_weight=40 75 48 52 77 1835 57 54 50 62 69 63 52 2403 48
leaf_count=40 75 48 52 77 1835 57 54 50 62 69 63 52 2403 48
internal_value=2.87263e-05 -0.000203167 0.00800406 0.0213318 -0.000513344 -0.0228977 -3.53192e-05 0.0057594 0.0265716 -0.0133135 -0.000347215 -0.000100751 -0.00144378 -0.0300459
internal_weight=4985 4910 177 125 4733 97 4636 235 112 123 4401 4338 2503 100
internal_count=4985 4910 177 125 4733 97 4636 235 112 123 4401 4338 2503 100
is_linear=0
shrinkage=0.05


Tree=119
num_leaves=15
num_cat=0
split_feature=34 0 2 0 2 31 2 29 0 2 2 0 0 0
split_gain=6.19523 5.37803 13.8535 4.10462 3.15092 10.1819 18.4778 32.2495 47.1513 59.466 27.2901 15.9803 15.0602 9.4458
threshold=1.0000000180025095e-35 -1.5875853418164012 -0.71228083677700649 -1.5450788539871039 -0.71228083677700649 1.0000000180025095e-35 -0.46050550278300201 1.0000000180025095e-35 0.072144934680439907 0.79837116718702072 -0.33461783578599974 -1.0092288002666059 -0.52046139802752489 0.11579070252449575
decision_type=2 2 2 2 2 2 2 2 2 2 2 2 2 2
left_child=1 2 -1 -3 13 6 12 10 9 -9 -8 -7 -6 -5
right_child=-2 3 -4 4 5 11 7 8 -10 -11 -12 -13 -14 -15
leaf_value=-0.00818868915694544 0.014099179215535716 -0.015972315480134319 0.032600504088969459 0.0027945178504357295 -0.019841951305788513 0.032190632441064772 -0.027593569732224099 0.081923741016847407 -0.020293476601086914 -0.00059266946821783981 -0.00078732572400739404 -4.9086128613756354e-05 0.0066185089188929604 -0.0081062711518601997
leaf_weight=40 75 40 40 1548 229 55 97 46 40 40 2322 118 69 226
leaf_count=40 75 40 40 1548 229 55 97 46 40 40 2322 118 69 226
internal_value=2.65452e-05 -0.000194067 0.0125036 -0.000409469 -0.000272895 -0.00125613 -0.00197538 -0.000591436 0.0238681 0.0444028 -0.00188414 0.0104513 -0.0137119 0.00139824
internal_weight=4985 4910 80 4830 4790 3016 2843 2545 126 86 2419 173 298 1774
internal_count=4985 4910 80 4830 4790 3016 2843 2545 126 86 2419 173 298 1774
is_linear=0
shrinkage=0.05


Tree=120
num_leaves=15
num_cat=0
split_feature=2 2 0 0 34 29 0 61 0 10 0 25 41 0
split_gain=5.74869 64.2736 90.5763 49.5458 42.5335 19.859 30.808 10.6178 21.296 8.11981 6.77448 6.34651 6.08433 13.98
threshold=-0.46050550278300201 -0.2087301687889975 -0.89550624904103449 -0.52546685307537266 1.0000000180025095e-35 1.0000000180025095e-35 -0.55821867399039615 1.0000000180025095e-35 -0.03146798458730142 1.0000000180025095e-35 -1.5680920578156745 1.0000000180025095e-35 1.0000000180025095e-35 -1.115374429614554
decision_type=2 2 2 2 2 2 2 2 2 2 2 2 2 2
left_child=4 2 -2 -4 5 10 -7 9 -9 12 -1 -12 13 -3
right_child=1 7 3 -5 -6 6 -8 8 -10 -11 11 -13 -14 -15
leaf_value=-0.016102572972886264 0.091781691296233078 0.011212754423901015 -0.022419243959280161 0.036734452650237545 -0.042038351758674257 0.0042035788390785457 -0.047896979884667831 -0.035150301072280857 0.0084311346736145581 -0.0090669433325712336 0.0014919797061061976 -0.013731647927550154 -0.01582839202064161 -0.00014601927576873199
leaf_weight=58 43 314 63 76 62 58 53 60 50 214 1918 69 50 1897
leaf_count=58 43 314 63 76 62 58 53 60 50 214 1918 69 50 1897
internal_value=2.65977e-05 0.0015463 0.030099 0.00998607 -0.00186895 -0.000675913 -0.0210807 -0.000485696 -0.0155437 0.000195561 0.000451148 0.000950052 0.00107948 0.0014758
internal_weight=4985 2767 182 139 2218 2156 111 2585 110 2475 2045 1987 2261 2211
internal_count=4985 2767 182 139 2218 2156 111 2585 110 2475 2045 1987 2261 2211
is_linear=0
shrinkage=0.05


Tree=121
num_leaves=15
num_cat=0
split_feature=34 0 0 0 0 0 2 2 0 0 1 20 0 2
split_gain=7.05674 5.03544 13.2563 4.66011 15.4485 13.1854 17.5424 11.4316 7.40982 21.6239 80.8581 11.6754 8.03182 7.69351
threshold=1.0000000180025095e-35 -1.5875853418164012 -1.6462430167485937 -1.3030462895999761 -1.2318738890929961 -1.3503384964367899 -1.2158315047650154 0.79837116718702072 -1.0556786602691812 -1.0092288002666059 0.69992303680890788 1.0000000180025095e-35 -0.98817026019072185 -1.0899438377680133
decision_type=2 2 2 2 2 2 2 2 2 2 2 2 2 2
left_child=1 2 -1 5 -5 6 -3 -8 11 10 -10 13 -11 -6
right_child=-2 3 -4 4 8 -7 7 -9 9 12 -12 -13 -14 -15
leaf_value=-0.0081600484783328816 0.015043568988512088 0.025608614632100974 0.031735940401752788 0.019315642425242596 0.0019171036537954933 -0.021064266524341541 -0.010675129419887219 0.011642985351653279 0.0618486544759623 -0.022013470375289522 -0.027699950229790479 0.0026744366407920007 -2.3689682831793546e-05 -0.018220467412570104
leaf_weight=40 75 52 40 100 62 100 234 74 56 40 43 200 3674 195
leaf_count=40 75 52 40 100 62 100 234 74 56 40 43 200 3674 195
internal_value=2.42948e-05 -0.000211156 0.0120755 -0.000419575 8.52629e-05 -0.00519514 -0.000695023 -0.00527246 -0.000373929 0.000348381 0.0231755 -0.00637582 -0.000272241 -0.0133851
internal_weight=4985 4910 80 4830 4370 460 360 308 4270 3813 99 457 3714 257
internal_count=4985 4910 80 4830 4370 460 360 308 4270 3813 99 457 3714 257
is_linear=0
shrinkage=0.05


Tree=122
num_leaves=15
num_cat=0
split_feature=34 41 1 0 0 0 61 2 0 0 29 2 2 0
split_gain=6.38505 4.75191 27.9732 43.7403 19.2076 5.31258 3.84323 33.8788 49.1148 25.269 7.9589 3.95975 31.5713 9.05097
threshold=1.0000000180025095e-35 1.0000000180025095e-35 0.69992303680890788 -0.62776518427508143 -1.5680920578156745 -1.6462430167485937 1.0000000180025095e-35 -0.46050550278300201 -0.11920233649342464 -0.65436418952014874 1.0000000180025095e-35 -0.46050550278300201 -0.33461783578599974 -0.630947769268975
decision_type=2 2 2 2 2 2 2 2 2 2 2 2 2 2
left_child=1 4 3 -3 5 -1 10 9 -9 -8 11 -6 13 -13
right_child=-2 2 -4 -5 6 -7 7 8 -10 -11 -12 12 -14 -15
leaf_value=-0.0077714751441297792 0.014310926750495837 0.046004664716828209 -0.024578530571366455 -0.011488154940607568 0.0016532122617028248 -0.031876409543141471 -0.03685238604832973 0.061676353374675211 -0.0040926871341071093 0.0081664545140163591 -0.017736761633020182 -0.042787031894894662 -0.00024637225298140792 -0.01223240402340889
leaf_weight=40 75 70 47 60 1835 57 54 50 62 69 63 52 2403 48
leaf_count=40 75 70 47 60 1835 57 54 50 62 69 63 52 2403 48
internal_value=2.43218e-05 -0.000199643 0.00779733 0.0196975 -0.000501873 -0.022294 -3.64943e-05 0.00616592 0.0258354 -0.0118713 -0.000370335 -0.000110068 -0.00140305 -0.0286482
internal_weight=4985 4910 177 130 4733 97 4636 235 112 123 4401 4338 2503 100
internal_count=4985 4910 177 130 4733 97 4636 235 112 123 4401 4338 2503 100
is_linear=0
shrinkage=0.05


Tree=123
num_leaves=15
num_cat=0
split_feature=34 0 0 0 41 0 2 46 0 0 2 0 2 1
split_gain=5.77929 5.22533 12.5701 4.13122 20.7605 12.8388 18.8452 7.20492 10.3206 9.49676 24.0299 56.1438 18.5236 18.4782
threshold=1.0000000180025095e-35 -1.5875853418164012 -1.6462430167485937 -0.86865906061991616 1.0000000180025095e-35 -0.84319442237820008 -0.2087301687889975 1.0000000180025095e-35 -0.37431312258393995 -0.55821867399039615 -1.0899438377680133 -0.65436418952014874 -1.46760683875902 -0.41876142585576009
decision_type=2 2 2 2 2 2 2 2 2 2 2 2 2 2
left_child=1 2 -1 4 -3 6 -5 9 -9 10 11 -7 13 -11
right_child=-2 3 -4 5 -6 7 -8 8 -10 12 -12 -13 -14 -15
leaf_value=-0.0074014048457943975 0.013613967113680653 -0.0013707310360862326 0.03146448374748053 -0.00094233827399356018 -0.031839367862919285 0.0045407042191250293 0.038594618101638778 -0.0078950405475335366 0.0057303807614903718 0.0083286158066974685 0.0012065413127215032 0.069017680944438942 0.00071319471010314198 -0.032531108747455566
leaf_weight=40 75 1558 40 68 56 121 52 534 186 40 593 45 1494 83
leaf_count=40 75 1558 40 68 56 121 52 534 186 40 593 45 1494 83
internal_value=2.19457e-05 -0.00019113 0.012325 -0.000403452 -0.00246598 0.000632549 0.0165422 5.61538e-06 -0.00436902 0.00133382 0.00593986 0.022633 -0.000832862 -0.0193227
internal_weight=4985 4910 80 4830 1614 3216 120 3096 720 2376 759 166 1617 123
internal_count=4985 4910 80 4830 1614 3216 120 3096 720 2376 759 166 1617 123
is_linear=0
shrinkage=0.05


Tree=124
num_leaves=15
num_cat=0
split_feature=2 2 0 0 34 29 0 61 0 10 10 0 39 0
split_gain=5.53797 61.7476 83.9555 43.4598 42.6951 17.0176 28.6989 11.1203 21.4621 7.43487 6.06457 81.3557 12.095 8.89519
threshold=-0.46050550278300201 -0.2087301687889975 -0.89550624904103449 -0.52546685307537266 1.0000000180025095e-35 1.0000000180025095e-35 -0.55821867399039615 1.0000000180025095e-35 -0.03146798458730142 1.0000000180025095e-35 1.0000000180025095e-35 -0.54945309493059014 1.0000000180025095e-35 -1.5680920578156745
decision_type=2 2 2 2 2 2 2 2 2 2 2 2 2 2
left_child=4 2 -2 -4 5 10 -7 9 -9 -3 12 -12 13 -1
right_child=1 7 3 -5 -6 6 -8 8 -10 -11 11 -13 -14 -15
leaf_value=-0.022218326437382068 0.088888706730471723 0.0010655675793976621 -0.020236801881916247 0.035172400914896755 -0.042083404118602633 0.0048474371091773117 -0.045415981574492024 -0.035568729567251378 0.0081894062678866952 -0.008643484275779446 -0.012431472664406935 0.065995171475831588 0.019418265401209528 -0.00062029110642585416
leaf_weight=47 43 2261 63 76 62 58 53 60 50 214 116 44 72 1766
leaf_count=47 43 2261 63 76 62 58 53 60 50 214 116 44 72 1766
internal_value=2.26778e-05 0.00151427 0.0295003 0.0101281 -0.00183781 -0.000642535 -0.0195313 -0.000477397 -0.0158876 0.000219777 0.000400803 0.00968435 -0.00039662 -0.00120406
internal_weight=4985 2767 182 139 2218 2156 111 2585 110 2475 2045 160 1885 1813
internal_count=4985 2767 182 139 2218 2156 111 2585 110 2475 2045 160 1885 1813
is_linear=0
shrinkage=0.05


Tree=125
num_leaves=15
num_cat=0
split_feature=34 0 0 0 0 0 2 2 2 0 0 2 20 0
split_gain=6.64056 5.07015 11.2999 4.15761 14.1928 12.1168 16.1562 10.6106 6.5714 6.36263 19.6892 81.1715 10.3115 7.54909
threshold=1.0000000180025095e-35 -1.5875853418164012 -1.6462430167485937 -1.3030462895999761 -1.2318738890929961 -1.3503384964367899 -1.2158315047650154 0.79837116718702072 0.2948204991990116 -1.0556786602691812 -1.0092288002666059 -0.082842501791995246 1.0000000180025095e-35 -0.92649753523712752
decision_type=2 2 2 2 2 2 2 2 2 2 2 2 2 2
left_child=1 2 -1 5 -5 6 -3 8 -8 12 11 -11 -6 -12
right_child=-2 3 -4 4 9 -7 7 -9 -10 10 13 -13 -14 -15
leaf_value=-0.0065974208908820796 0.014591927337762598 0.024630233555756234 0.030265656809621889 0.018493892128268876 -0.012527392307857347 -0.020138492825094098 -0.0051630140149923551 0.011290199680814496 -0.024211093266644786 0.074199302823737615 -0.0084840025154265877 -0.016020259854073328 0.0025646343013492993 0.00031911559988865673
leaf_weight=40 75 52 40 100 257 100 174 74 60 41 260 58 200 3454
leaf_count=40 75 52 40 100 257 100 174 74 60 41 260 58 200 3454
internal_value=2.2273e-05 -0.000206128 0.0121228 -0.000415267 6.15846e-05 -0.00492601 -0.000612405 -0.00500556 -0.0102109 -0.000378541 0.000290802 0.0220728 -0.00594017 -0.000301385
internal_weight=4985 4910 80 4830 4370 460 360 308 234 4270 3813 99 457 3714
internal_count=4985 4910 80 4830 4370 460 360 308 234 4270 3813 99 457 3714
is_linear=0
shrinkage=0.05


Tree=126
num_leaves=15
num_cat=0
split_feature=34 42 0 0 29 2 1 2 0 0 0 2 2 1
split_gain=6.00808 5.135 16.3279 14.2039 7.90071 51.1596 39.6825 16.9271 6.24041 48.0739 10.9549 8.03022 6.03612 6.70011
threshold=1.0000000180025095e-35 1.0000000180025095e-35 -1.5875853418164012 -1.3590968427517176 1.0000000180025095e-35 -0.2087301687889975 1.0000000180025095e-35 0.67248350019001835 -0.46913689606207259 -0.2110906855491089 -0.53631293975712346 -0.33461783578599974 1.3019218351750299 -0.41876142585576009
decision_type=2 2 2 2 2 2 2 2 2 2 2 2 2 2
left_child=1 2 -1 -3 12 6 -6 -7 10 -10 -5 -11 13 -4
right_child=-2 3 4 8 5 7 -8 -9 9 11 -12 -13 -14 -15
leaf_value=0.024076652629123098 0.01388128088521106 -0.024703867336114248 0.0019406321629797882 -0.0014150700796259723 0.0064043252568306598 -0.038804066354452181 0.069335210485302876 0.0014686827945029912 0.051548947846855632 -0.014076168120279909 -0.024570196210074106 0.0018596324059789943 0.0074145505582387363 -0.0025090799124317365
leaf_weight=70 75 73 1308 190 56 41 44 66 42 123 68 214 228 2387
leaf_count=70 75 73 1308 190 56 41 44 66 42 123 68 214 228 2387
internal_value=2.28279e-05 -0.000194425 0.000470982 -0.0041209 5.94262e-05 0.0095319 0.0349105 -0.0143918 -0.00169217 0.00238927 -0.00766003 -0.00400543 -0.000444998 -0.00093372
internal_weight=4985 4910 4200 710 4130 207 100 107 637 379 258 337 3923 3695
internal_count=4985 4910 4200 710 4130 207 100 107 637 379 258 337 3923 3695
is_linear=0
shrinkage=0.05


Tree=127
num_leaves=15
num_cat=0
split_feature=2 2 0 34 0 29 0 61 0 0 0 1 27 2
split_gain=5.62485 56.1886 77.3007 41.2783 39.2655 18.4887 28.184 9.72613 19.055 6.7004 12.8715 8.65098 10.6174 14.5626
threshold=-0.46050550278300201 -0.2087301687889975 -0.89550624904103449 1.0000000180025095e-35 -0.52546685307537266 1.0000000180025095e-35 -0.65436418952014874 1.0000000180025095e-35 -0.03146798458730142 -0.095254840800592044 -0.53631293975712346 1.259265268141242 1.0000000180025095e-35 0.2948204991990116
decision_type=2 2 2 2 2 2 2 2 2 2 2 2 2 2
left_child=3 2 -2 5 -4 -1 -7 9 -9 10 11 12 13 -3
right_child=1 7 4 -5 -6 6 -8 8 -10 -11 -12 -13 -14 -15
leaf_value=0.00041092615177921776 0.085208520773384311 0.01739248698189234 -0.019226952935927188 -0.041424160479800777 0.033440758045523981 -0.04601306541738185 0.0038249555230140692 -0.03333127227641882 0.0078954209940722934 0.0059605441663505426 -0.0072265250369173452 -0.0095651001127687509 -0.01156881236960983 0.0019669701331208925
leaf_weight=2045 43 178 63 62 76 53 58 60 50 427 577 154 114 1025
leaf_count=2045 43 178 63 62 76 53 58 60 50 427 577 154 114 1025
internal_value=2.31272e-05 0.00152638 0.0282229 -0.00185189 0.00963565 -0.000676578 -0.0203648 -0.000373588 -0.0147855 0.000278362 -0.00091101 0.0015727 0.0028876 0.00427446
internal_weight=4985 2767 182 2218 139 2156 111 2585 110 2475 2048 1471 1317 1203
internal_count=4985 2767 182 2218 139 2156 111 2585 110 2475 2048 1471 1317 1203
is_linear=0
shrinkage=0.05


Tree=128
num_leaves=15
num_cat=0
split_feature=34 42 0 0 29 2 1 2 2 0 0 27 61 0
split_gain=6.84235 4.95404 14.9254 13.9648 8.09154 47.3241 35.8779 15.6938 5.54285 6.2183 11.2695 15.9871 9.3689 7.1145
threshold=1.0000000180025095e-35 1.0000000180025095e-35 -1.5875853418164012 -1.3590968427517176 1.0000000180025095e-35 -0.2087301687889975 1.0000000180025095e-35 0.67248350019001835 1.3019218351750299 0.050086610207614873 0.16114619966911531 1.0000000180025095e-35 1.0000000180025095e-35 -0.45399866887692109
decision_type=2 2 2 2 2 2 2 2 2 2 2 2 2 2
left_child=1 2 -1 -3 8 6 -6 -7 9 12 -11 -12 13 -4
right_child=-2 3 4 -5 5 7 -8 -9 -10 10 11 -13 -14 -15
leaf_value=0.023012569663114848 0.014811089054330604 -0.024475757549206417 -0.00020612162811981308 -0.0016586395269777667 0.0069046718164764605 -0.036886469084163043 0.066779147444859799 0.0018789171556229977 0.007071110449032858 0.028040704534024647 0.0066160636781035179 -0.018952869904227555 -0.021783459418108116 -0.0062827180343594984
leaf_weight=70 75 73 2605 637 56 41 44 66 228 44 329 73 55 589
leaf_count=70 75 73 2605 637 56 41 44 66 228 44 329 73 55 589
internal_value=2.17252e-05 -0.00021012 0.000443465 -0.00406679 4.99847e-05 0.00963617 0.0340423 -0.0133794 -0.00046049 -0.000928801 0.00459447 0.00190211 -0.00168936 -0.00132993
internal_weight=4985 4910 4200 710 4130 207 100 107 3923 3695 446 402 3249 3194
internal_count=4985 4910 4200 710 4130 207 100 107 3923 3695 446 402 3249 3194
is_linear=0
shrinkage=0.05


Tree=129
num_leaves=15
num_cat=0
split_feature=34 0 0 61 2 0 0 29 0 41 0 1 0 17
split_gain=6.19135 5.53048 11.9978 4.0417 35.3974 49.8161 22.7656 5.3771 4.12085 20.0928 9.05296 8.35617 7.35858 10.4487
threshold=1.0000000180025095e-35 -1.605496441180837 -1.5680920578156745 1.0000000180025095e-35 -0.46050550278300201 -0.11920233649342464 -0.65436418952014874 1.0000000180025095e-35 -0.87832843339401312 1.0000000180025095e-35 -0.88779153697985158 -1.5374458885204276 -0.70057664569439504 1.0000000180025095e-35
decision_type=2 2 2 2 2 2 2 2 2 2 2 2 2 2
left_child=1 -1 -3 7 6 -6 -5 8 9 10 11 -4 13 -10
right_child=-2 2 3 4 5 -7 -8 -9 12 -11 -12 -13 -14 -15
leaf_value=-0.015037753817535216 0.014089768956862876 0.026598522275508869 -0.013756749905275815 -0.036014850796865568 0.06232720460348691 -0.0039154720478109086 0.0067338702618349421 -0.014849725119196452 0.0098177454412339722 -0.031922088896057438 -0.024241489142046446 0.00049723818389615904 -0.00056853713813287746 -0.0041073871402863447
leaf_weight=60 75 40 110 54 50 62 69 63 432 54 40 1253 2429 194
leaf_count=60 75 40 110 54 50 62 69 63 432 54 40 1253 2429 194
internal_value=2.15386e-05 -0.000199002 -9.30716e-06 -0.000241541 0.00612531 0.0262318 -0.0123098 -0.000571115 -0.000365255 -0.00255141 -0.00137713 -0.000671591 0.000678358 0.00550295
internal_weight=4985 4910 4850 4810 235 112 123 4575 4512 1457 1403 1363 3055 626
internal_count=4985 4910 4850 4810 235 112 123 4575 4512 1457 1403 1363 3055 626
is_linear=0
shrinkage=0.05


Tree=130
num_leaves=15
num_cat=0
split_feature=34 41 2 0 0 0 1 29 2 31 0 2 2 0
split_gain=5.60341 5.01209 27.3468 55.392 20.0678 5.67665 3.44072 14.4085 34.5376 8.19077 27.5795 7.25676 23.7006 22.5791
threshold=1.0000000180025095e-35 1.0000000180025095e-35 -0.33461783578599974 -0.79906330138835469 -1.5680920578156745 -1.6462430167485937 1.0000000180025095e-35 1.0000000180025095e-35 -0.2087301687889975 1.0000000180025095e-35 -1.0189866971618786 -1.0899438377680133 -0.71228083677700649 -0.22015024320630983
decision_type=2 2 2 2 2 2 2 2 2 2 2 2 2 2
left_child=1 4 3 -3 5 -1 -6 9 -9 11 -11 -8 13 -13
right_child=-2 2 -4 -5 6 -7 7 8 -10 10 -12 12 -14 -15
leaf_value=-0.0077800588504899114 0.013403579672532424 0.061607777357101448 -0.021898250240418648 -0.005844826777347753 -0.0013269352541481262 -0.0326773995679598 -0.0058528267735348987 0.049493398755788807 -0.0081757371263070557 0.045959877533217272 -0.0035873451183528401 0.018994062660230831 -0.001741077333943536 -0.020555499408926287
leaf_weight=40 75 48 52 77 2421 57 449 48 53 40 84 267 1234 40
leaf_count=40 75 48 52 77 2421 57 449 48 53 40 84 267 1234 40
internal_value=1.99734e-05 -0.000189835 0.00802314 0.0206193 -0.000500234 -0.022775 -2.45539e-05 0.00139886 0.0196602 0.000508638 0.0128715 -0.000273858 0.00135716 0.0137413
internal_weight=4985 4910 177 125 4733 97 4636 2215 101 2114 124 1990 1541 307
internal_count=4985 4910 177 125 4733 97 4636 2215 101 2114 124 1990 1541 307
is_linear=0
shrinkage=0.05


Tree=131
num_leaves=15
num_cat=0
split_feature=2 2 0 34 0 29 0 61 0 10 0 0 0 0
split_gain=5.93597 50.9575 70.6455 41.2552 35.5449 19.9049 30.4588 9.97143 18.8738 6.36574 5.60352 5.52006 54.9044 11.7442
threshold=-0.46050550278300201 -0.2087301687889975 -0.89550624904103449 1.0000000180025095e-35 -0.52546685307537266 1.0000000180025095e-35 -0.55821867399039615 1.0000000180025095e-35 -0.03146798458730142 1.0000000180025095e-35 -0.53631293975712346 -0.31821276953382122 -0.22015024320630983 -0.45399866887692109
decision_type=2 2 2 2 2 2 2 2 2 2 2 2 2 2
left_child=3 2 -2 5 -4 11 -7 9 -9 -3 -11 13 -13 -1
right_child=1 7 4 -5 -6 6 -8 8 -10 10 -12 12 -14 -15
leaf_value=0.00020440129727145821 0.081465687213672533 0.0011978662017788303 -0.018243052055074187 -0.041466798720648512 0.031867778261986161 0.0039877540757879614 -0.047822175378149208 -0.033293813506081224 0.0077394597966653801 0.0028588805759500249 -0.013844268029704149 0.051620731610039786 -0.0010016034081301063 -0.01601331982644244
leaf_weight=1441 43 2261 63 62 76 58 53 60 50 78 136 54 431 119
leaf_count=1441 43 2261 63 62 76 58 53 60 50 78 136 54 431 119
internal_value=2.05793e-05 0.00156484 0.0269883 -0.0019056 0.00921907 -0.00073056 -0.0211589 -0.000244605 -0.0148372 0.000415411 -0.0077861 0.000397853 0.00504531 -0.00105164
internal_weight=4985 2767 182 2218 139 2156 111 2585 110 2475 214 2045 485 1560
internal_count=4985 2767 182 2218 139 2156 111 2585 110 2475 214 2045 485 1560
is_linear=0
shrinkage=0.05


Tree=132
num_leaves=15
num_cat=0
split_feature=34 0 0 61 2 0 0 29 0 12 0 1 46 0
split_gain=6.44235 4.54046 11.9506 4.15415 33.293 47.027 22.7427 4.66755 4.48213 20.0462 8.09052 8.23741 6.86121 11.2977
threshold=1.0000000180025095e-35 -1.605496441180837 -1.5680920578156745 1.0000000180025095e-35 -0.46050550278300201 -0.11920233649342464 -0.55821867399039615 1.0000000180025095e-35 -0.87832843339401312 1.0000000180025095e-35 -0.88779153697985158 -1.5374458885204276 1.0000000180025095e-35 -0.69300136462150541
decision_type=2 2 2 2 2 2 2 2 2 2 2 2 2 2
left_child=1 -1 -3 7 6 -6 -5 8 9 10 11 -4 13 -10
right_child=-2 2 3 4 5 -7 -8 -9 12 -11 -12 -13 -14 -15
leaf_value=-0.013650389126832446 0.014370305485442861 0.026522044826387647 -0.013764210768142895 0.010208142795149358 0.060757936352792266 -0.0036090942739974707 -0.032221109586624573 -0.013902489141776012 0.0091642669522635899 -0.031755318290047484 -0.023118341843863684 0.00033162119812647057 -0.0034489251647923944 0.0003163303593423891
leaf_weight=60 75 40 111 60 50 62 63 63 446 55 40 1251 755 1854
leaf_count=60 75 40 111 60 50 62 63 63 446 55 40 1251 755 1854
internal_value=1.9736e-05 -0.00020523 -3.33401e-05 -0.000265106 0.00618972 0.025688 -0.0116917 -0.000599226 -0.000407398 -0.00268736 -0.00150342 -0.000835656 0.000681016 0.00203853
internal_weight=4985 4910 4850 4810 235 112 123 4575 4512 1457 1402 1362 3055 2300
internal_count=4985 4910 4850 4810 235 112 123 4575 4512 1457 1402 1362 3055 2300
is_linear=0
shrinkage=0.05


Tree=133
num_leaves=15
num_cat=0
split_feature=34 41 2 0 0 0 29 0 2 2 61 2 2 0
split_gain=5.83039 4.89737 24.7987 51.326 18.532 5.74223 3.6065 37.7471 102.026 37.7604 3.97532 3.75882 36.6274 8.71507
threshold=1.0000000180025095e-35 1.0000000180025095e-35 -0.33461783578599974 -0.79906330138835469 -1.5680920578156745 -1.6462430167485937 1.0000000180025095e-35 -0.55821867399039615 0.2948204991990116 -0.33461783578599974 1.0000000180025095e-35 -0.46050550278300201 -0.33461783578599974 -0.630947769268975
decision_type=2 2 2 2 2 2 2 2 2 2 2 2 2 2
left_child=1 4 3 -3 5 -1 10 8 -8 -9 11 -6 13 -13
right_child=-2 2 -4 -5 6 -7 7 9 -10 -11 -12 12 -14 -15
leaf_value=-0.0068880518887280712 0.013670454255317328 0.05937079819245264 -0.020575529499048437 -0.0055602708126122101 0.0015458545559822296 -0.031857322597623632 0.069179000912441155 -0.044082117297432638 -0.025705528139280009 0.01192946129881624 -0.012099821160508084 -0.044695148522172268 -0.00018606831253753235 -0.014515690943226217
leaf_weight=40 75 48 52 77 1835 57 61 53 50 65 69 52 2403 48
leaf_count=40 75 48 52 77 1835 57 61 53 50 65 69 52 2403 48
internal_value=1.84725e-05 -0.000195542 0.0079229 0.0199156 -0.000502366 -0.0219079 -4.52398e-05 0.00604479 0.0267397 -0.0135437 -0.000364293 -0.000172139 -0.00143186 -0.0307777
internal_weight=4985 4910 177 125 4733 97 4636 229 111 118 4407 4338 2503 100
internal_count=4985 4910 177 125 4733 97 4636 229 111 118 4407 4338 2503 100
is_linear=0
shrinkage=0.05


Tree=134
num_leaves=15
num_cat=0
split_feature=2 2 0 34 0 29 0 61 0 10 10 0 39 0
split_gain=5.89485 48.8192 64.9007 39.9154 31.3004 17.7381 32.2039 10.2658 18.5335 5.88741 5.33997 71.0945 11.1841 7.45441
threshold=-0.46050550278300201 -0.2087301687889975 -0.89550624904103449 1.0000000180025095e-35 -0.52546685307537266 1.0000000180025095e-35 -0.65436418952014874 1.0000000180025095e-35 -0.03146798458730142 1.0000000180025095e-35 1.0000000180025095e-35 -0.54945309493059014 1.0000000180025095e-35 -1.5680920578156745
decision_type=2 2 2 2 2 2 2 2 2 2 2 2 2 2
left_child=3 2 -2 5 -4 10 -7 9 -9 -3 12 -12 13 -1
right_child=1 7 4 -5 -6 6 -8 8 -10 -11 11 -13 -14 -15
leaf_value=-0.020443837266719465 0.078658510599699291 0.0012064537566245839 -0.01638602748226661 -0.04081647462153342 0.030645768325298264 -0.047453820461576639 0.005773288433750471 -0.033309611153878996 0.0073601392258961619 -0.0074334196200921999 -0.011644296035549399 0.06166965181726719 0.018624144786578679 -0.00067192196091959001
leaf_weight=47 43 2261 63 62 76 53 58 60 50 214 116 44 72 1766
leaf_count=47 43 2261 63 62 76 53 58 60 50 214 116 44 72 1766
internal_value=1.65368e-05 0.00155545 0.0264397 -0.00190295 0.00939914 -0.000747129 -0.0200315 -0.000215648 -0.015022 0.000454011 0.000318152 0.00902949 -0.000430058 -0.00120645
internal_weight=4985 2767 182 2218 139 2156 111 2585 110 2475 2045 160 1885 1813
internal_count=4985 2767 182 2218 139 2156 111 2585 110 2475 2045 160 1885 1813
is_linear=0
shrinkage=0.05


Tree=135
num_leaves=15
num_cat=0
split_feature=34 0 0 61 2 1 0 0 29 0 12 1 49 1
split_gain=6.65301 5.44779 11.112 4.0471 29.3046 69.2782 72.163 14.8846 4.10757 5.02329 19.4624 7.5904 6.44051 23.875
threshold=1.0000000180025095e-35 -1.5875853418164012 -1.6462430167485937 1.0000000180025095e-35 -0.082842501791995246 -0.41876142585576009 -0.55821867399039615 -0.03146798458730142 1.0000000180025095e-35 -0.87832843339401312 1.0000000180025095e-35 -1.5374458885204276 1.0000000180025095e-35 -0.978103657188094
decision_type=2 2 2 2 2 2 2 2 2 2 2 2 2 2
left_child=1 2 -1 8 5 -5 -7 -6 9 10 11 -3 -11 -14
right_child=-2 3 -4 4 7 6 -8 -9 -10 12 -12 -13 13 -15
leaf_value=-0.0060179992955887605 0.014599528824063866 -0.013799293706778529 0.030554341224377002 -0.030403989583773668 -0.029564052011023779 0.094632935541726304 0.0038102598123562837 0.0070062859968927048 -0.013238579958605652 -0.00025984979106119077 -0.031621687710611968 -0.00070585085871751555 0.033542826380032829 0.00064190463748994939
leaf_weight=40 75 119 40 41 59 40 46 50 63 2697 55 1302 66 292
leaf_count=40 75 119 40 41 59 40 46 50 63 2697 55 1302 66 292
internal_value=1.62269e-05 -0.000212386 0.0125674 -0.000429174 0.00592867 0.0220938 0.047244 -0.0129647 -0.000758222 -0.000578928 -0.00297198 -0.0018202 0.000578442 0.00686009
internal_weight=4985 4910 80 4830 236 127 86 109 4594 4531 1476 1421 3055 358
internal_count=4985 4910 80 4830 236 127 86 109 4594 4531 1476 1421 3055 358
is_linear=0
shrinkage=0.05


Tree=136
num_leaves=15
num_cat=0
split_feature=34 0 0 61 2 0 0 29 0 41 0 1 46 0
split_gain=6.01975 4.94016 10.0789 3.67515 31.6965 42.8295 29.073 3.71948 4.5449 17.6352 7.0211 7.11283 5.86503 10.0597
threshold=1.0000000180025095e-35 -1.5875853418164012 -1.6462430167485937 1.0000000180025095e-35 -0.46050550278300201 -0.11920233649342464 -0.65436418952014874 1.0000000180025095e-35 -0.87832843339401312 1.0000000180025095e-35 -0.88779153697985158 -1.5374458885204276 1.0000000180025095e-35 -0.69300136462150541
decision_type=2 2 2 2 2 2 2 2 2 2 2 2 2 2
left_child=1 2 -1 7 6 -6 -5 8 9 10 11 -3 13 -10
right_child=-2 3 -4 4 5 -7 -8 -9 12 -11 -12 -13 -14 -15
leaf_value=-0.0057314277005692327 0.01388851126486605 -0.012977371191814671 0.0290993751872087 -0.038633004156872632 0.057562794774015137 -0.003545073824352585 0.0096412057811263163 -0.012597017912910536 0.0085297628134217776 -0.030350342288147661 -0.021881011622913539 -4.2178979960240893e-05 -0.0032676716123317289 0.00018080212180550384
leaf_weight=40 75 114 40 54 51 62 69 63 446 54 40 1268 755 1854
leaf_count=40 75 114 40 54 51 62 69 63 446 54 40 1268 755 1854
internal_value=1.66021e-05 -0.000200859 0.0119689 -0.0004073 0.00565135 0.024556 -0.0118314 -0.000720865 -0.000550251 -0.0028265 -0.00174013 -0.0011264 0.00055063 0.00180578
internal_weight=4985 4910 80 4830 236 113 123 4594 4531 1476 1422 1382 3055 2300
internal_count=4985 4910 80 4830 236 113 123 4594 4531 1476 1422 1382 3055 2300
is_linear=0
shrinkage=0.05


Tree=137
num_leaves=15
num_cat=0
split_feature=2 12 34 29 0 2 2 0 29 0 10 28 0 39
split_gain=5.54329 47.9658 38.8153 23.2108 39.7362 58.4255 28.8916 20.978 16.8658 29.5016 7.96567 6.19504 15.4574 5.32458
threshold=-0.46050550278300201 1.0000000180025095e-35 1.0000000180025095e-35 1.0000000180025095e-35 0.072144934680439907 0.79837116718702072 -0.33461783578599974 -0.630947769268975 1.0000000180025095e-35 -0.65436418952014874 1.0000000180025095e-35 1.0000000180025095e-35 -0.76983970019376002 1.0000000180025095e-35
decision_type=2 2 2 2 2 2 2 2 2 2 2 2 2 2
left_child=2 3 8 6 5 -5 7 -2 -1 -10 11 13 -13 -8
right_child=1 -3 -4 4 -6 -7 10 -9 9 -11 -12 12 -14 -15
leaf_value=0.00033268788662795489 -0.046999150672594886 0.051055109547451141 -0.040219316480215643 0.07660735573391525 -0.019409215760727724 -0.004094124191202397 0.0015758369273058221 -0.0021113948750437475 -0.045755552112717521 0.0051982004692157115 -0.0080995612469318724 -0.0062945595792371026 0.027383260615170005 -0.0087211847988518422
leaf_weight=2045 54 46 62 47 40 41 1992 49 53 58 232 62 72 132
leaf_count=2045 54 46 62 47 40 41 1992 49 53 58 232 62 72 132
internal_value=1.5569e-05 0.00150788 -0.00184581 0.000633377 0.0212502 0.0397524 -0.000399939 -0.0260917 -0.000706048 -0.0195103 0.000682902 0.00159163 0.0119376 0.000928307
internal_weight=4985 2767 2218 2721 128 88 2593 103 2156 111 2490 2258 134 2124
internal_count=4985 2767 2218 2721 128 88 2593 103 2156 111 2490 2258 134 2124
is_linear=0
shrinkage=0.05


Tree=138
num_leaves=15
num_cat=0
split_feature=34 0 2 61 2 1 0 0 29 0 12 0 1 49
split_gain=6.85778 4.60374 9.42234 3.75217 30.2094 62.0206 71.0209 16.1495 4.52003 4.04038 17.1331 6.37998 7.19505 5.50492
threshold=1.0000000180025095e-35 -1.5875853418164012 -0.71228083677700649 1.0000000180025095e-35 -0.082842501791995246 -0.41876142585576009 -0.55821867399039615 -0.03146798458730142 1.0000000180025095e-35 -0.87832843339401312 1.0000000180025095e-35 -0.88779153697985158 -1.5374458885204276 1.0000000180025095e-35
decision_type=2 2 2 2 2 2 2 2 2 2 2 2 2 2
left_child=1 2 -1 8 5 -5 -7 -6 9 10 11 12 -3 -11
right_child=-2 3 -4 4 7 6 -8 -9 -10 13 -12 -13 -14 -15
leaf_value=-0.0055820492938870479 0.014820435544016301 -0.012889201621700111 0.028093875119728703 -0.027587283558353007 -0.030764972531526793 0.092915996838183634 0.0028582124233556289 0.0073269100322459757 -0.013825709418608592 -0.00028275308167330181 -0.029572442454988496 -0.020810403765097449 7.0194174526483325e-05 0.006299735630034573
leaf_weight=40 75 115 40 41 59 40 46 50 63 2697 55 40 1266 358
leaf_count=40 75 115 40 41 59 40 46 50 63 2697 55 40 1266 358
internal_value=1.43986e-05 -0.000217705 0.0115304 -0.000416984 0.00570483 0.0221195 0.0459053 -0.0134745 -0.000733815 -0.000545763 -0.00269195 -0.00161143 -0.00102605 0.000492232
internal_weight=4985 4910 80 4830 236 127 86 109 4594 4531 1476 1421 1381 3055
internal_count=4985 4910 80 4830 236 127 86 109 4594 4531 1476 1421 1381 3055
is_linear=0
shrinkage=0.05


Tree=139
num_leaves=15
num_cat=0
split_feature=34 41 0 0 1 0 61 2 0 0 29 2 2 28
split_gain=6.2059 4.96444 25.4538 17.3719 8.15637 6.15121 3.66832 32.3476 43.4432 26.6654 4.29419 3.3787 33.2437 7.81166
threshold=1.0000000180025095e-35 1.0000000180025095e-35 -1.2318738890929961 -1.5680920578156745 1.0000000180025095e-35 -1.6462430167485937 1.0000000180025095e-35 -0.46050550278300201 -0.11920233649342464 -0.65436418952014874 1.0000000180025095e-35 -0.46050550278300201 -0.33461783578599974 1.0000000180025095e-35
decision_type=2 2 2 2 2 2 2 2 2 2 2 2 2 2
left_child=1 3 -3 5 -4 -1 10 9 -9 -8 11 -5 -13 -14
right_child=-2 2 4 6 -6 -7 7 8 -10 -11 -12 12 13 -15
leaf_value=-0.0057803582488780937 0.014098661230852853 0.042023178482694289 0.0090425842550954458 0.0014207191112634784 -0.015045346414197736 -0.031525985358314496 -0.03730380681476423 0.058912640852996939 -0.0029674371719011108 0.0089331891269646066 -0.013155694500758097 -0.02935989101316926 -0.00091241182790603335 0.011424395936517291
leaf_weight=40 75 40 72 1835 65 57 54 50 62 69 63 100 2269 134
leaf_count=40 75 40 72 1835 65 57 54 50 62 69 63 100 2269 134
internal_value=1.39006e-05 -0.000206896 0.00796696 -0.00051581 -0.00243804 -0.0212405 -7.3211e-05 0.00598643 0.0252065 -0.0116381 -0.00039935 -0.000208115 -0.00140243 -0.000215538
internal_weight=4985 4910 177 4733 137 97 4636 235 112 123 4401 4338 2503 2403
internal_count=4985 4910 177 4733 137 97 4636 235 112 123 4401 4338 2503 2403
is_linear=0
shrinkage=0.05


Tree=140
num_leaves=15
num_cat=0
split_feature=34 0 0 0 0 0 2 2 2 0 0 0 17 20
split_gain=5.616 4.76602 9.58182 3.38689 12.6594 11.297 15.3716 10.4655 8.21498 6.44231 49.4327 7.01198 6.95755 9.12502
threshold=1.0000000180025095e-35 -1.5875853418164012 -1.6462430167485937 -1.3030462895999761 -1.224357500512774 -1.3503384964367899 -1.2158315047650154 0.79837116718702072 -0.83816850377400887 -1.0292090430823462 -1.0092288002666059 -0.98817026019072185 1.0000000180025095e-35 1.0000000180025095e-35
decision_type=2 2 2 2 2 2 2 2 2 2 2 2 2 2
left_child=1 2 -1 5 8 6 -3 -8 -5 12 -11 -12 13 -6
right_child=-2 3 -4 4 9 -7 7 -9 -10 10 11 -13 -14 -15
leaf_value=-0.005505102513624089 0.013412038285236856 0.024313146974546493 0.028458753937628079 0.03176834386184204 -0.014914400683354898 -0.019159340982550219 -0.0097652375773068963 0.011585491755211383 0.0051267794140925013 0.054224057539942722 -0.020639852285828621 -9.3480373315336075e-05 0.010107692996742296 -0.00048393705755332922
leaf_weight=40 75 52 40 47 225 100 234 74 73 40 40 3674 59 212
leaf_count=40 75 52 40 47 225 100 234 74 73 40 40 3674 59 212
internal_value=1.34022e-05 -0.000196639 0.0117567 -0.000399409 3.09922e-05 -0.00447065 -0.000307151 -0.00459387 0.0159111 -0.000424661 0.000284053 -0.000325756 -0.0057682 -0.00794791
internal_weight=4985 4910 80 4830 4370 460 360 308 120 4250 3754 3714 496 437
internal_count=4985 4910 80 4830 4370 460 360 308 120 4250 3754 3714 496 437
is_linear=0
shrinkage=0.05


Tree=141
num_leaves=15
num_cat=0
split_feature=2 2 0 34 0 29 0 61 0 1 2 0 0 39
split_gain=5.65077 49.1554 60.6156 38.9847 27.0445 15.6044 26.6633 10.5091 18.4815 5.74406 8.58619 5.93629 15.1272 9.54929
threshold=-0.46050550278300201 -0.2087301687889975 -0.89550624904103449 1.0000000180025095e-35 -0.52546685307537266 1.0000000180025095e-35 -0.65436418952014874 1.0000000180025095e-35 -0.03146798458730142 1.259265268141242 0.2948204991990116 -1.4381438265307516 -1.2768843494665407 1.0000000180025095e-35
decision_type=2 2 2 2 2 2 2 2 2 2 2 2 2 2
left_child=3 2 -2 5 -4 -1 -7 9 -9 11 -11 -3 -13 -14
right_child=1 7 4 -5 -6 6 -8 8 -10 10 -12 12 13 -15
leaf_value=0.00027701178329414007 0.076962876924210125 -0.010871888909755352 -0.013986400552093985 -0.040321607413352473 0.029746351391674045 -0.043759457712823698 0.0046881090104579932 -0.033496943722486558 0.0071218142088932488 -0.02577828292050981 -0.0022249970303770778 0.019921685163991169 0.0017104786117998106 -0.012101351494080764
leaf_weight=2045 43 95 63 62 76 53 58 60 50 46 202 107 1893 132
leaf_count=2045 43 95 63 62 76 53 58 60 50 46 202 107 1893 132
internal_value=1.49065e-05 0.00152162 0.0264915 -0.00186442 0.0100078 -0.000722169 -0.0188096 -0.000255534 -0.0152364 0.000422047 -0.00676503 0.00122776 0.00177659 0.0007991
internal_weight=4985 2767 182 2218 139 2156 111 2585 110 2475 248 2227 2132 2025
internal_count=4985 2767 182 2218 139 2156 111 2585 110 2475 248 2227 2132 2025
is_linear=0
shrinkage=0.05


Tree=142
num_leaves=15
num_cat=0
split_feature=34 0 0 61 2 1 0 0 29 0 41 2 31 0
split_gain=6.41317 4.51058 8.7735 3.963 29.7405 55.4231 69.6291 14.8116 3.63921 4.04641 16.847 6.99433 5.38892 18.15
threshold=1.0000000180025095e-35 -1.5875853418164012 -1.6462430167485937 1.0000000180025095e-35 -0.082842501791995246 -0.41876142585576009 -0.55821867399039615 -0.03146798458730142 1.0000000180025095e-35 -0.89550624904103449 1.0000000180025095e-35 1.3019218351750299 1.0000000180025095e-35 -1.0708166041725258
decision_type=2 2 2 2 2 2 2 2 2 2 2 2 2 2
left_child=1 2 -1 8 5 -5 -7 -6 9 10 11 12 -3 -14
right_child=-2 3 -4 4 7 6 -8 -9 -10 -11 -12 -13 13 -15
leaf_value=-0.005106886946374462 0.01433134177433593 -0.0034340414728890097 0.027398253866427004 -0.024857204030592776 -0.029706643248495996 0.09118991025856564 0.0020546184328850358 0.0067794191731641506 -0.012481343953941878 0.00043311600467462082 -0.029672185176916957 0.012959720071272128 -0.012923216099540395 0.032592120320471221
leaf_weight=40 75 1185 40 41 59 40 46 50 63 3133 54 75 43 41
leaf_count=40 75 1185 40 41 59 40 46 50 63 3133 54 75 43 41
internal_value=1.33166e-05 -0.000211137 0.0114175 -0.00040839 0.00588304 0.0221685 0.0446432 -0.0131493 -0.000734009 -0.000565236 -0.00280002 -0.00167785 -0.00256199 0.00953391
internal_weight=4985 4910 80 4830 236 127 86 109 4594 4531 1398 1344 1269 84
internal_count=4985 4910 80 4830 236 127 86 109 4594 4531 1398 1344 1269 84
is_linear=0
shrinkage=0.05


Tree=143
num_leaves=15
num_cat=0
split_feature=34 41 2 0 0 0 29 0 2 2 61 2 2 0
split_gain=5.80254 4.91644 24.7387 50.0296 16.6857 6.60725 4.02426 35.6466 92.7621 35.4373 3.29068 3.34439 32.5402 7.89655
threshold=1.0000000180025095e-35 1.0000000180025095e-35 -0.33461783578599974 -0.79906330138835469 -1.5680920578156745 -1.6462430167485937 1.0000000180025095e-35 -0.55821867399039615 0.2948204991990116 -0.33461783578599974 1.0000000180025095e-35 -0.46050550278300201 -0.33461783578599974 -0.76044588870414775
decision_type=2 2 2 2 2 2 2 2 2 2 2 2 2 2
left_child=1 4 3 -3 5 -1 10 8 -8 -9 11 -6 13 -13
right_child=-2 2 -4 -5 6 -7 7 9 -10 -11 -12 12 -14 -15
leaf_value=-0.0048637011310174354 0.013633385997313958 0.058865702103823428 -0.020529518948212543 -0.0052451140288546499 0.001385302101690946 -0.031469834046596194 0.066926551515620852 -0.042268704690716488 -0.02356696696772885 0.011985779197803186 -0.011087407712483595 -0.045953048455495658 -0.00024918346144229934 -0.016717669215323704
leaf_weight=40 75 48 52 77 1835 57 61 53 50 65 69 40 2403 60
leaf_count=40 75 48 52 77 1835 57 61 53 50 65 69 40 2403 60
internal_value=1.40456e-05 -0.000199455 0.00793479 0.0199128 -0.000506875 -0.0208181 -7.31041e-05 0.00636 0.0264681 -0.0126811 -0.000410119 -0.000235256 -0.00142348 -0.0290836
internal_weight=4985 4910 177 125 4733 97 4636 229 111 118 4407 4338 2503 100
internal_count=4985 4910 177 125 4733 97 4636 229 111 118 4407 4338 2503 100
is_linear=0
shrinkage=0.05


Tree=144
num_leaves=15
num_cat=0
split_feature=2 2 0 34 0 29 0 0 0 29 0 1 1 0
split_gain=6.02986 46.8689 56.3017 37.6518 24.0763 16.238 31.0637 9.22165 7.27705 13.6715 15.783 8.90374 9.82201 8.52967
threshold=-0.46050550278300201 -0.2087301687889975 -0.89550624904103449 1.0000000180025095e-35 -0.52546685307537266 1.0000000180025095e-35 -0.65436418952014874 -1.5049396630606748 -1.115374429614554 1.0000000180025095e-35 -0.020379572202220416 -0.978103657188094 1.0000000180025095e-35 -0.095254840800592044
decision_type=2 2 2 2 2 2 2 2 2 2 2 2 2 2
left_child=3 2 -2 5 -4 -1 -7 -3 11 13 -11 -9 -13 -10
right_child=1 7 4 -5 -6 6 -8 8 9 10 -12 12 -14 -15
leaf_value=0.00021299150886494125 0.074596091355714531 -0.021878012079590312 -0.012594444291809432 -0.039723071159096436 0.028676790614218378 -0.046191409358924088 0.0060742891828219105 0.022927006485073696 -0.0015943035118826153 -0.040396263871503912 0.00076984998446946252 -0.0083799882500387498 0.010734713317474305 0.0062977233951840936
leaf_weight=2045 43 46 63 62 76 53 58 68 1678 44 47 112 162 428
leaf_count=2045 43 46 63 62 76 53 58 68 1678 44 47 112 162 428
internal_value=1.23577e-05 0.00156879 0.025951 -0.00192899 0.0100578 -0.000806338 -0.0192573 -0.0001666 0.000243664 -0.000814422 -0.0195753 0.007006 0.0029173 1.40376e-05
internal_weight=4985 2767 182 2218 139 2156 111 2585 2539 2197 91 342 274 2106
internal_count=4985 2767 182 2218 139 2156 111 2585 2539 2197 91 342 274 2106
is_linear=0
shrinkage=0.05


Tree=145
num_leaves=15
num_cat=0
split_feature=34 0 0 29 2 0 0 0 0 0 2 2 20 0
split_gain=6.58392 5.04429 8.6222 4.25727 32.9892 42.5987 50.8574 30.6975 3.99953 10.6412 16.5412 9.83417 7.49344 6.22717
threshold=1.0000000180025095e-35 -1.5875853418164012 -1.6462430167485937 1.0000000180025095e-35 -0.46050550278300201 0.072144934680439907 -1.0189866971618786 -0.55821867399039615 -1.3030462895999761 -1.3503384964367899 -1.2158315047650154 0.79837116718702072 1.0000000180025095e-35 -1.224357500512774
decision_type=2 2 2 2 2 2 2 2 2 2 2 2 2 2
left_child=1 2 -1 8 7 6 -6 -5 9 10 -3 12 -12 -10
right_child=-2 3 -4 4 5 -7 -8 -9 13 -11 11 -13 -14 -15
leaf_value=-0.0043310171037557578 0.014518711699003524 0.024595712845758448 0.027918350292990609 0.013206192750770313 0.00054670787704665037 -0.018984808865934611 0.07655678691000356 -0.040524793023412886 0.011241748941277989 -0.019731013065749647 -0.017114599685190746 0.0099046636026705048 0.0038746131490916013 -0.00060711650685309833
leaf_weight=40 75 51 40 50 40 40 47 53 112 97 151 72 58 4059
leaf_count=40 75 51 40 50 40 40 47 53 112 97 151 72 58 4059
internal_value=1.13293e-05 -0.000216091 0.0120813 -0.000424692 0.00618423 0.0230766 0.0424072 -0.0146871 -0.000757681 -0.00534318 -0.00104652 -0.00584138 -0.0113083 -0.000283715
internal_weight=4985 4910 80 4830 230 127 87 103 4600 429 332 281 209 4171
internal_count=4985 4910 80 4830 230 127 87 103 4600 429 332 281 209 4171
is_linear=0
shrinkage=0.05


Tree=146
num_leaves=15
num_cat=0
split_feature=34 0 2 61 2 0 0 29 0 12 1 0 1 31
split_gain=5.95685 4.57386 8.40824 3.97678 28.3122 39.2241 28.4972 3.47092 3.91073 16.6912 6.28109 7.72613 7.16468 10.2739
threshold=1.0000000180025095e-35 -1.5875853418164012 -0.71228083677700649 1.0000000180025095e-35 -0.46050550278300201 -0.11920233649342464 -0.65436418952014874 1.0000000180025095e-35 -0.89550624904103449 1.0000000180025095e-35 -1.5374458885204276 -0.91019804155635353 0.69992303680890788 1.0000000180025095e-35
decision_type=2 2 2 2 2 2 2 2 2 2 2 2 2 2
left_child=1 2 -1 7 6 -6 -5 8 9 10 -3 12 13 -12
right_child=-2 3 -4 4 5 -7 -8 -9 -10 -11 11 -13 -14 -15
leaf_value=-0.0046840380611164233 0.013811631921630402 -0.012916105873037986 0.027148164595876424 -0.037172459937365995 0.055350077709288528 -0.0031364654147182595 0.010605427529662849 -0.012201270155178814 0.00041755075850792881 -0.029262923844681502 0.0016216499922745032 -0.018915566130625932 -0.0051272442016126636 0.025990428441487579
leaf_weight=40 75 111 40 54 51 62 69 63 3133 55 731 53 404 44
leaf_count=40 75 111 40 54 51 62 69 63 3133 55 731 53 404 44
internal_value=1.23885e-05 -0.000203932 0.011506 -0.000402568 0.00589978 0.0237637 -0.0106294 -0.000728755 -0.000563925 -0.00276092 -0.00163369 -0.000597883 0.000256196 0.00306851
internal_weight=4985 4910 80 4830 236 113 123 4594 4531 1398 1343 1232 1179 775
internal_count=4985 4910 80 4830 236 113 123 4594 4531 1398 1343 1232 1179 775
is_linear=0
shrinkage=0.05


Tree=147
num_leaves=15
num_cat=0
split_feature=34 41 0 0 1 0 29 0 2 2 61 2 2 0
split_gain=5.39059 4.84412 23.3872 15.8213 7.26332 6.40253 4.11278 32.609 91.2934 29.84 3.25345 3.26127 31.9145 7.70827
threshold=1.0000000180025095e-35 1.0000000180025095e-35 -1.2318738890929961 -1.5680920578156745 1.0000000180025095e-35 -1.6462430167485937 1.0000000180025095e-35 -0.55821867399039615 0.2948204991990116 -0.33461783578599974 1.0000000180025095e-35 -0.46050550278300201 -0.33461783578599974 -0.76044588870414775
decision_type=2 2 2 2 2 2 2 2 2 2 2 2 2 2
left_child=1 3 -3 5 -4 -1 10 8 -8 -9 11 -5 13 -13
right_child=-2 2 4 6 -6 -7 7 9 -10 -11 -12 12 -14 -15
leaf_value=-0.0045838475759540287 0.013138985483870878 0.040524287850019484 0.0087338724132702758 0.0013569275393253743 -0.013996019258872786 -0.030761118959319794 0.065799202225984094 -0.038938089609146125 -0.023963109073408234 0.010849949547242541 -0.011033973520831533 -0.045478797808200834 -0.00025377428286666299 -0.016588215029708319
leaf_weight=40 75 40 72 1835 65 57 61 53 50 65 69 40 2403 60
leaf_count=40 75 40 72 1835 65 57 61 53 50 65 69 40 2403 60
internal_value=1.20002e-05 -0.000193782 0.00788041 -0.000498933 -0.0020966 -0.020277 -7.65465e-05 0.00642693 0.0256572 -0.0117887 -0.000417247 -0.000243371 -0.00141673 -0.0288096
internal_weight=4985 4910 177 4733 137 97 4636 229 111 118 4407 4338 2503 100
internal_count=4985 4910 177 4733 137 97 4636 229 111 118 4407 4338 2503 100
is_linear=0
shrinkage=0.05


Tree=148
num_leaves=15
num_cat=0
split_feature=2 2 0 34 0 29 0 61 0 1 2 27 0 0
split_gain=5.49599 45.2294 52.7143 37.9927 21.283 13.7777 33.6361 9.86087 15.9724 5.12569 7.86289 5.36993 7.00974 6.42627
threshold=-0.46050550278300201 -0.2087301687889975 -0.89550624904103449 1.0000000180025095e-35 -0.52546685307537266 1.0000000180025095e-35 -0.65436418952014874 1.0000000180025095e-35 -0.03146798458730142 1.259265268141242 0.2948204991990116 1.0000000180025095e-35 -0.6741801275741145 -0.58584266651933714
decision_type=2 2 2 2 2 2 2 2 2 2 2 2 2 2
left_child=3 2 -2 5 -4 -1 -7 9 -9 11 -11 13 -13 -3
right_child=1 7 4 -5 -6 6 -8 8 -10 10 -12 12 -14 -15
leaf_value=0.00022362343603610888 0.072520595207396482 0.0044863668500814439 -0.01124649826508875 -0.039807655278127643 0.027565327056725392 -0.045749844217842284 0.0085815633088350309 -0.031692583641157519 0.0060831678690961921 -0.024535548128187659 -0.0019980746090261488 -0.022045608254632466 -0.00082684777690176397 -0.0011610353388734117
leaf_weight=2045 43 1126 63 62 76 53 58 60 50 46 202 52 140 909
leaf_count=2045 43 1126 63 62 76 53 58 60 50 46 202 52 140 909
internal_value=1.04941e-05 0.00149643 0.0254484 -0.00184292 0.0100643 -0.000715288 -0.017711 -0.000208305 -0.0147198 0.000448014 -0.00634125 0.00120908 -0.00674162 0.0019651
internal_weight=4985 2767 182 2218 139 2156 111 2585 110 2475 248 2227 192 2035
internal_count=4985 2767 182 2218 139 2156 111 2585 110 2475 248 2227 192 2035
is_linear=0
shrinkage=0.05


Tree=149
num_leaves=15
num_cat=0
split_feature=34 0 0 61 2 1 0 0 1 2 2 0 2 2
split_gain=6.17279 4.83002 8.29477 4.2348 28.8744 50.5984 56.4329 12.686 3.13902 11.7376 9.58668 15.2513 14.489 43.8907
threshold=1.0000000180025095e-35 -1.5875853418164012 -1.6462430167485937 1.0000000180025095e-35 -0.082842501791995246 -0.41876142585576009 -0.55821867399039615 -0.03146798458730142 -0.41876142585576009 -1.0899438377680133 -0.96405617077101102 -1.3675572950679056 -0.46050550278300201 -0.082842501791995246
decision_type=2 2 2 2 2 2 2 2 2 2 2 2 2 2
left_child=1 2 -1 8 5 -5 -7 -6 9 -3 11 -10 -12 -14
right_child=-2 3 -4 4 7 6 -8 -9 10 -11 12 -13 13 -15
leaf_value=-0.0042745845569741167 0.014055905076251788 0.0095637648165918694 0.02735555299247305 -0.022828054137874483 -0.027988768746068732 0.085511014060605142 0.0051103227112131817 0.0057907078361425267 0.019368491587401542 -0.0010948789506502791 0.0073066945100940684 -0.0081604249742399833 -0.027330550707322605 0.0003865375221304907
leaf_weight=40 75 320 40 41 59 40 46 50 52 1304 517 758 156 1487
leaf_count=40 75 320 40 41 59 40 46 50 52 1304 517 758 156 1487
internal_value=8.77417e-06 -0.000211431 0.011822 -0.000415552 0.00608804 0.022133 0.0435995 -0.0126685 -0.000752155 0.00101453 -0.00171821 -0.00634978 2.28963e-05 -0.00227518
internal_weight=4985 4910 80 4830 236 127 86 109 4594 1624 2970 810 2160 1643
internal_count=4985 4910 80 4830 236 127 86 109 4594 1624 2970 810 2160 1643
is_linear=0
shrinkage=0.05


Tree=150
num_leaves=15
num_cat=0
split_feature=2 12 34 61 2 2 0 29 0 10 0 39 0 2
split_gain=5.69461 44.3235 35.4719 22.7713 35.5497 23.8776 19.3346 13.8517 32.5907 6.44202 6.90384 11.9427 11.5467 9.31885
threshold=-0.46050550278300201 1.0000000180025095e-35 1.0000000180025095e-35 1.0000000180025095e-35 0.92425883418402288 -0.33461783578599974 -0.79364555884651533 1.0000000180025095e-35 -0.65436418952014874 1.0000000180025095e-35 -1.115374429614554 1.0000000180025095e-35 -1.158361382710825 0.1689328322020093
decision_type=2 2 2 2 2 2 2 2 2 2 2 2 2 2
left_child=2 3 7 5 -5 6 -2 -1 -9 10 12 13 -7 -12
right_child=1 -3 -4 4 -6 9 -8 8 -10 -11 11 -13 -14 -15
leaf_value=0.00015455670787567938 -0.049422068008070079 0.04915147095258969 -0.038560305631835948 0.053608152562496715 -0.002096877352737669 0.004141139188695209 -0.0055812577687902381 -0.045425664589486339 0.008063659618298212 -0.0074763912826099179 0.010345389965443146 -0.013353889637791432 0.03006062305295 1.8439284120075788e-05
leaf_weight=2045 41 46 62 49 65 279 62 53 58 218 252 145 49 1561
leaf_count=2045 41 46 62 49 65 279 62 53 58 218 252 145 49 1561
internal_value=9.99517e-06 0.00152254 -0.00187661 0.00068184 0.022358 -0.000282436 -0.0236414 -0.000786939 -0.0178282 0.000696518 0.00148177 0.000353841 0.00817198 0.00146366
internal_weight=4985 2767 2218 2721 114 2607 103 2156 111 2504 2286 1958 328 1813
internal_count=4985 2767 2218 2721 114 2607 103 2156 111 2504 2286 1958 328 1813
is_linear=0
shrinkage=0.05


Tree=151
num_leaves=15
num_cat=0
split_feature=34 0 0 29 0 2 2 0 41 2 31 2 2 2
split_gain=6.91919 4.47947 7.5169 3.96461 30.1674 87.0956 27.5537 4.01447 17.2557 6.98735 7.15767 10.2573 16.5041 14.3863
threshold=1.0000000180025095e-35 -1.5875853418164012 -1.6462430167485937 1.0000000180025095e-35 -0.55821867399039615 0.2948204991990116 -0.33461783578599974 -0.92649753523712752 1.0000000180025095e-35 1.3019218351750299 1.0000000180025095e-35 -0.83816850377400887 0.1689328322020093 -0.96405617077101102
decision_type=2 2 2 2 2 2 2 2 2 2 2 2 2 2
left_child=1 2 -1 7 5 -5 -6 8 9 10 11 13 -13 -3
right_child=-2 3 -4 4 6 -7 -8 -9 -10 -11 -12 12 -14 -15
leaf_value=-0.0039630530934248653 0.014881550645540385 -0.0028489341110321739 0.026151352427301128 0.063758756415474988 -0.037686286162246362 -0.023447252010469731 0.010160629529464268 0.00018283468688395411 -0.030251285739775216 0.01336620375120514 0.011375651210518443 -0.017292402755148178 -0.0014153139366213006 0.019158248014139886
leaf_weight=40 75 305 40 61 53 51 65 3306 54 69 81 265 424 96
leaf_count=40 75 305 40 61 53 51 65 3306 54 69 81 265 424 96
internal_value=9.36768e-06 -0.000223771 0.0113647 -0.000420338 0.00595739 0.0243342 -0.0115999 -0.000741674 -0.00310031 -0.00187112 -0.00279022 -0.00386182 -0.00755426 0.00248855
internal_weight=4985 4910 80 4830 230 112 118 4600 1294 1240 1171 1090 689 401
internal_count=4985 4910 80 4830 230 112 118 4600 1294 1240 1171 1090 689 401
is_linear=0
shrinkage=0.05


Tree=152
num_leaves=15
num_cat=0
split_feature=34 41 2 0 0 0 29 2 0 61 0 61 18 0
split_gain=6.26092 4.15064 25.335 46.3504 15.1252 6.74937 3.82847 31.096 42.7376 51.5474 28.3677 3.36252 3.18954 4.12257
threshold=1.0000000180025095e-35 1.0000000180025095e-35 -0.33461783578599974 -0.79906330138835469 -1.5680920578156745 -1.6462430167485937 1.0000000180025095e-35 -0.46050550278300201 0.072144934680439907 1.0000000180025095e-35 -0.65436418952014874 1.0000000180025095e-35 1.0000000180025095e-35 -0.2110906855491089
decision_type=2 2 2 2 2 2 2 2 2 2 2 2 2 2
left_child=1 4 3 -3 5 -1 11 10 9 -9 -8 12 -6 -14
right_child=-2 2 -4 -5 6 -7 7 8 -10 -11 -12 -13 13 -15
leaf_value=-0.0037743373463551204 0.014156800131132078 0.056882211923599248 -0.021529676265911096 -0.004830673701259532 -2.2088550009043172e-05 -0.030591627646048194 -0.042942478321492672 0.0020924773998558521 -0.019351035463512831 0.078809362973855893 0.0090727291256189353 -0.011203410122281231 -0.016907478658305036 0.003468726811531399
leaf_weight=40 75 48 52 77 4237 57 45 42 40 44 58 69 61 40
leaf_count=40 75 48 52 77 4237 57 45 42 40 44 58 69 61 40
internal_value=9.74406e-06 -0.000212028 0.00726193 0.0193897 -0.00049448 -0.0198326 -8.1487e-05 0.00619318 0.0226918 0.042242 -0.0140375 -0.000410197 -0.000233437 -0.00892704
internal_weight=4985 4910 177 125 4733 97 4636 229 126 86 103 4407 4338 101
internal_count=4985 4910 177 125 4733 97 4636 229 126 86 103 4407 4338 101
is_linear=0
shrinkage=0.05


Tree=153
num_leaves=15
num_cat=0
split_feature=34 0 0 0 41 0 2 1 29 1 2 20 0 2
split_gain=5.66573 4.64354 7.37037 3.38951 16.706 10.3515 16.108 5.93215 15.2714 11.063 14.1673 16.3749 8.10836 7.28774
threshold=1.0000000180025095e-35 -1.5875853418164012 -1.6462430167485937 -0.86865906061991616 1.0000000180025095e-35 -0.84319442237820008 -0.2087301687889975 0.69992303680890788 1.0000000180025095e-35 1.0000000180025095e-35 -0.46050550278300201 1.0000000180025095e-35 -1.2049316039429521 -1.0899438377680133
decision_type=2 2 2 2 2 2 2 2 2 2 2 2 2 2
left_child=1 2 -1 4 7 6 -5 8 9 -3 11 12 -11 -9
right_child=-2 3 -4 5 -6 -7 -8 13 -10 10 -12 -13 -14 -15
leaf_value=-0.0035946056158060119 0.013467344422764205 -0.0038724306477744934 0.026237085352685038 -0.0013293825274532927 -0.028619280476765388 -2.6084588577523243e-05 0.035211101439953957 -0.018297968738663354 0.02371982349192395 0.01535594356426459 -0.0030308678074340736 -0.0052368583967274222 0.04743861440983084 -0.0028370649527767839
leaf_weight=40 75 745 40 68 56 3096 52 93 66 40 138 42 43 391
leaf_count=40 75 745 40 68 56 3096 52 93 66 40 138 42 43 391
internal_value=9.52412e-06 -0.000201443 0.0115974 -0.000401588 -0.00226981 0.000536834 0.0148225 -0.00128724 0.000785489 -0.00076016 0.00801866 0.020073 0.0327022 -0.00587093
internal_weight=4985 4910 80 4830 1614 3216 120 1558 1074 1008 263 125 83 484
internal_count=4985 4910 80 4830 1614 3216 120 1558 1074 1008 263 125 83 484
is_linear=0
shrinkage=0.05


Tree=154
num_leaves=15
num_cat=0
split_feature=2 2 17 34 0 29 0 61 0 39 0 10 0 0
split_gain=5.13429 45.5556 50.7705 36.0298 23.3573 12.9916 32.4567 10.8812 14.4075 4.9194 9.52348 9.19852 6.22951 5.40489
threshold=-0.46050550278300201 -0.2087301687889975 1.0000000180025095e-35 1.0000000180025095e-35 -0.52046139802752489 1.0000000180025095e-35 -0.65436418952014874 1.0000000180025095e-35 -0.03146798458730142 1.0000000180025095e-35 -0.61159450663088144 1.0000000180025095e-35 -1.5680920578156745 -1.4228418677327614
decision_type=2 2 2 2 2 2 2 2 2 2 2 2 2 2
left_child=3 2 4 5 -2 9 -7 -3 -9 11 -11 12 -1 -14
right_child=1 7 -4 -5 -6 6 -8 8 -10 10 -12 -13 13 -15
leaf_value=-0.018789177964446232 0.066830020079449312 0.00042579618097862037 -0.0082025746090180224 -0.038751410026452507 0.020513065765527163 -0.044730208424681971 0.0086354753375053415 -0.031620403442291486 0.0043006287225020616 -0.0018515184754505755 0.023008682770626759 0.01622590031003273 0.010824638907312572 -0.0013751742942251762
leaf_weight=47 60 2475 69 62 53 53 58 60 50 90 65 77 94 1672
leaf_count=47 60 2475 69 62 53 53 58 60 50 90 65 77 94 1672
internal_value=1.09446e-05 0.00144715 0.0254853 -0.00178044 0.0458407 -0.000682341 -0.0171861 -0.000263678 -0.0155074 0.000229381 0.00873403 -0.000476586 -0.00120306 -0.000714297
internal_weight=4985 2767 182 2218 113 2156 111 2585 110 2045 155 1890 1813 1766
internal_count=4985 2767 182 2218 113 2156 111 2585 110 2045 155 1890 1813 1766
is_linear=0
shrinkage=0.05


Tree=155
num_leaves=15
num_cat=0
split_feature=34 0 2 61 2 1 0 0 29 0 12 1 2 2
split_gain=6.39821 4.63821 6.7988 3.58116 29.6034 45.971 52.141 11.3564 3.21994 3.63586 15.7597 6.94687 6.23232 6.60633
threshold=1.0000000180025095e-35 -1.5875853418164012 -0.71228083677700649 1.0000000180025095e-35 -0.082842501791995246 -0.41876142585576009 -0.55821867399039615 -0.03146798458730142 1.0000000180025095e-35 -0.92649753523712752 1.0000000180025095e-35 -1.5374458885204276 1.3019218351750299 -0.83816850377400887
decision_type=2 2 2 2 2 2 2 2 2 2 2 2 2 2
left_child=1 2 -1 8 5 -5 -7 -6 9 10 11 -3 13 -13
right_child=-2 3 -4 4 7 6 -8 -9 -10 -11 -12 12 -14 -15
leaf_value=-0.0030312246920186142 0.014311830850330172 -0.01411559040493825 0.02563659761633192 -0.021061331670471403 -0.027906303602789881 0.08255984676735742 0.0052597315128271784 0.0040938677499070767 -0.011773216994479301 0.00032458011021551584 -0.028521072848193482 0.0037097177317429505 0.014422667401870995 -0.0044395122753827926
leaf_weight=40 75 100 40 41 59 40 46 50 63 3251 55 394 64 667
leaf_count=40 75 100 40 41 59 40 46 50 63 3251 55 394 64 667
internal_value=1.05065e-05 -0.000213684 0.0115784 -0.000413709 0.00556697 0.0218166 0.0422725 -0.013418 -0.000723233 -0.000564465 -0.00281949 -0.00162093 -0.000487213 -0.00141203
internal_weight=4985 4910 80 4830 236 127 86 109 4594 4531 1280 1225 1125 1061
internal_count=4985 4910 80 4830 236 127 86 109 4594 4531 1280 1225 1125 1061
is_linear=0
shrinkage=0.05


Tree=156
num_leaves=15
num_cat=0
split_feature=34 41 2 0 0 1 29 2 0 61 0 61 2 2
split_gain=5.78952 4.61157 22.7148 44.3463 13.9615 6.58891 3.56447 29.8382 39.8917 48.5943 25.6733 2.78169 2.9945 29.6099
threshold=1.0000000180025095e-35 1.0000000180025095e-35 -0.33461783578599974 -0.79906330138835469 -1.5680920578156745 1.0000000180025095e-35 1.0000000180025095e-35 -0.46050550278300201 0.072144934680439907 1.0000000180025095e-35 -0.65436418952014874 1.0000000180025095e-35 -0.46050550278300201 -0.33461783578599974
decision_type=2 2 2 2 2 2 2 2 2 2 2 2 2 2
left_child=1 4 3 -3 5 -1 11 10 9 -9 -8 12 -6 -14
right_child=-2 2 -4 -5 6 -7 7 8 -10 -11 -12 -13 13 -15
leaf_value=-0.0055274705402553088 0.013614826628865748 0.05582497666776181 -0.019600944214121063 -0.0045427837409079078 0.0012736753317077909 -0.03161764933417241 -0.041359220710682112 0.0020181164653463798 -0.018511876581136937 0.076504411248733181 0.008134579360485077 -0.010237485268743525 -0.027769412258274707 -0.00026393155430360325
leaf_weight=48 75 48 52 77 1835 49 45 42 40 44 58 69 100 2403
leaf_count=48 75 48 52 77 1835 49 45 42 40 44 58 69 100 2403
internal_value=1.07727e-05 -0.000202487 0.00767552 0.0191525 -0.000500219 -0.0190795 -0.00010342 0.00595105 0.0221133 0.041 -0.0138648 -0.000420584 -0.000259791 -0.00138413
internal_weight=4985 4910 177 125 4733 97 4636 229 126 86 103 4407 4338 2503
internal_count=4985 4910 177 125 4733 97 4636 229 126 86 103 4407 4338 2503
is_linear=0
shrinkage=0.05


Tree=157
num_leaves=15
num_cat=0
split_feature=2 12 34 61 2 2 0 29 0 28 2 0 0 39
split_gain=5.35045 45.3548 34.9419 18.672 34.534 21.1533 17.9139 11.9975 28.8079 5.99243 14.8368 7.22012 9.45318 8.94527
threshold=-0.46050550278300201 1.0000000180025095e-35 1.0000000180025095e-35 1.0000000180025095e-35 0.92425883418402288 -0.33461783578599974 -0.79364555884651533 1.0000000180025095e-35 -0.65436418952014874 1.0000000180025095e-35 0.42070816619601387 -1.115374429614554 -1.158361382710825 1.0000000180025095e-35
decision_type=2 2 2 2 2 2 2 2 2 2 2 2 2 2
left_child=2 3 7 5 -5 6 -2 -1 -9 11 -11 12 -7 -13
right_child=1 -3 -4 4 -6 9 -8 8 -10 10 -12 13 -14 -15
leaf_value=0.00013916773407142048 -0.047045796545395674 0.049656166858039801 -0.038227085967082533 0.051058566135664785 -0.0037983454319078535 0.0032229552689756525 -0.0048677242575649871 -0.042544176121327014 0.0077414067337910333 0.033242911815856743 -0.0012873480663337332 -0.00012977793916694717 0.026143241757175553 -0.01285995983928067
leaf_weight=2045 41 46 62 49 65 303 62 53 58 46 88 1869 51 147
leaf_count=2045 41 46 62 49 65 303 62 53 58 46 88 1869 51 147
internal_value=1.01927e-05 0.00147632 -0.00181851 0.000625941 0.0202543 -0.000247244 -0.0222334 -0.000737057 -0.0165969 0.000674159 0.0108809 8.83831e-05 0.00665335 -0.00106985
internal_weight=4985 2767 2218 2721 114 2607 103 2156 111 2504 134 2370 354 2016
internal_count=4985 2767 2218 2721 114 2607 103 2156 111 2504 134 2370 354 2016
is_linear=0
shrinkage=0.05


Tree=158
num_leaves=15
num_cat=0
split_feature=34 0 0 29 2 2 2 0 0 0 2 2 20 0
split_gain=6.5326 5.01653 6.72686 3.23961 31.5026 51.9307 18.463 12.5698 3.18272 9.01687 14.4342 8.68565 6.41148 5.86372
threshold=1.0000000180025095e-35 -1.5875853418164012 -1.6462430167485937 1.0000000180025095e-35 -0.2087301687889975 -1.3417191717620176 0.67248350019001835 -0.020379572202220416 -1.3030462895999761 -1.3503384964367899 -1.2158315047650154 0.79837116718702072 1.0000000180025095e-35 -1.224357500512774
decision_type=2 2 2 2 2 2 2 2 2 2 2 2 2 2
left_child=1 2 -1 8 5 -5 -6 -8 9 10 -3 12 -12 -10
right_child=-2 3 -4 4 6 -7 7 -9 13 -11 11 -13 -14 -15
leaf_value=-0.0025078036778029941 0.014460830580648759 0.023101594424279372 0.026028307205775664 -0.017901299487460744 -0.037917934535917915 0.052343606693086346 -0.017245541681491196 0.021218385278832082 0.010891986450409159 -0.018049640644981404 -0.015840086145661285 0.0094649143617700892 0.003575014621019364 -0.0006059079083274323
leaf_weight=40 75 51 40 42 42 65 40 41 112 97 151 72 58 4059
leaf_count=40 75 51 40 42 42 65 40 41 112 97 151 72 58 4059
internal_value=1.00931e-05 -0.000216439 0.0120471 -0.000424464 0.00534075 0.0249483 -0.0118425 0.002266 -0.00071492 -0.00480547 -0.00085103 -0.00533084 -0.0104693 -0.000292093
internal_weight=4985 4910 80 4830 230 107 123 81 4600 429 332 281 209 4171
internal_count=4985 4910 80 4830 230 107 123 81 4600 429 332 281 209 4171
is_linear=0
shrinkage=0.05


Tree=159
num_leaves=15
num_cat=0
split_feature=34 0 0 0 0 1 2 0 0 1 0 0 20 17
split_gain=5.91093 4.54916 6.10146 2.98544 12.3934 6.67139 8.76705 4.99002 10.0599 8.59853 4.87978 42.9606 6.5485 11.452
threshold=1.0000000180025095e-35 -1.5875853418164012 -1.6462430167485937 -1.4318423002869898 -1.4117016003102787 -0.978103657188094 -0.96405617077101102 -1.3030462895999761 -1.2318738890929961 1.0000000180025095e-35 -1.0292090430823462 -1.0092288002666059 1.0000000180025095e-35 1.0000000180025095e-35
decision_type=2 2 2 2 2 2 2 2 2 2 2 2 2 2
left_child=1 2 -1 5 -5 -3 -7 9 -9 -6 12 -12 13 -10
right_child=-2 3 -4 4 7 6 -8 8 10 -11 11 -13 -14 -15
leaf_value=-0.0023883840024826073 0.013756569356403568 -0.023023433936759832 0.024788864475807974 0.026906642415339039 0.0016294575142545985 0.017516691422917778 -0.0079698638474844669 0.015494925527166867 -0.01501877075101519 -0.019010951060213541 0.050518815924546545 -0.00033471510379950477 0.0014851183179287917 0.0088181532948062979
leaf_weight=40 75 44 40 40 107 43 133 100 229 93 40 3714 224 63
leaf_count=40 75 44 40 40 107 43 133 100 229 93 40 3714 224 63
internal_value=1.06114e-05 -0.000204873 0.0114734 -0.000402971 -0.000130182 -0.00606648 -0.00161618 -0.000378495 -2.33413e-05 -0.00806153 -0.000393851 0.000233756 -0.00494309 -0.00985087
internal_weight=4985 4910 80 4830 4610 220 176 4570 4370 200 4270 3754 516 292
internal_count=4985 4910 80 4830 4610 220 176 4570 4370 200 4270 3754 516 292
is_linear=0
shrinkage=0.05


Tree=160
num_leaves=15
num_cat=0
split_feature=34 0 2 29 0 2 2 0 12 1 20 0 2 2
split_gain=5.3477 4.12466 5.8863 2.95328 30.7661 85.4941 25.9162 3.08199 16.1443 6.51195 16.6393 11.5014 25.0825 8.96566
threshold=1.0000000180025095e-35 -1.5875853418164012 -0.71228083677700649 1.0000000180025095e-35 -0.55821867399039615 0.2948204991990116 -0.33461783578599974 -0.92649753523712752 1.0000000180025095e-35 -0.41876142585576009 1.0000000180025095e-35 -0.59483294761554573 0.1689328322020093 -0.96405617077101102
decision_type=2 2 2 2 2 2 2 2 2 2 2 2 2 2
left_child=1 2 -1 7 5 -5 -6 8 -3 10 -9 12 -12 -11
right_child=-2 3 -4 4 6 -7 -8 9 -10 13 11 -13 -14 -15
leaf_value=-0.0026733721295992535 0.013086606932247613 -0.0015261136263420006 0.024007164580481397 0.062750446814156716 -0.03788753238591281 -0.023642087509890775 0.0085384281421664043 0.00053613732278966881 -0.028745214994016451 -0.0066913302967178461 0.051196645305457492 -0.00089734978464548485 0.006056912379649778 0.00052631187394522252
leaf_weight=40 75 1239 40 61 53 51 65 990 55 596 52 62 73 1533
leaf_count=40 75 1239 40 61 53 51 65 990 55 596 52 62 73 1533
internal_value=1.19491e-05 -0.000193013 0.0109271 -0.000381643 0.00512288 0.0236864 -0.0125978 -0.000658976 -0.00272561 0.000151082 0.00313257 0.0167273 0.0253456 -0.0014986
internal_weight=4985 4910 80 4830 230 112 118 4600 1294 3306 1177 187 125 2129
internal_count=4985 4910 80 4830 230 112 118 4600 1294 3306 1177 187 125 2129
is_linear=0
shrinkage=0.05


Tree=161
num_leaves=15
num_cat=0
split_feature=2 2 0 34 2 29 0 61 0 0 0 39 0 0
split_gain=5.09252 45.3956 50.6746 35.3194 20.1464 13.4122 31.9999 11.1917 11.9728 5.73012 8.04511 8.74027 6.01771 10.9837
threshold=-0.46050550278300201 -0.2087301687889975 -0.89550624904103449 1.0000000180025095e-35 -0.33461783578599974 1.0000000180025095e-35 -0.65436418952014874 1.0000000180025095e-35 -0.03146798458730142 -1.5049396630606748 -1.115374429614554 1.0000000180025095e-35 -0.98817026019072185 -1.0389085585420845
decision_type=2 2 2 2 2 2 2 2 2 2 2 2 2 2
left_child=3 2 -2 5 -4 -1 -7 9 -9 -3 -11 12 13 -12
right_child=1 7 4 -5 -6 6 -8 8 -10 10 11 -13 -14 -15
leaf_value=0.0002421450111172036 0.071595039591193205 -0.017245564605626797 -0.0074552635876706953 -0.038376124290516601 0.030232525379188468 -0.04480034711178054 0.0081971170753240598 -0.030408185002424065 0.0023877372687610872 0.0081229590420374038 0.00060071050442610555 -0.012036602070630098 0.0013254317204806558 -0.02767095574661373
leaf_weight=2045 43 43 74 62 65 53 58 60 50 320 101 147 1814 50
leaf_count=2045 43 43 74 62 65 53 58 60 50 320 101 147 1814 50
internal_value=1.26476e-05 0.001443 0.0254389 -0.00177144 0.0103474 -0.000684208 -0.017453 -0.00026482 -0.0157245 0.000434419 0.000760931 -0.000361157 0.000523624 -0.00900011
internal_weight=4985 2767 182 2218 139 2156 111 2585 110 2475 2432 2112 1965 151
internal_count=4985 2767 182 2218 139 2156 111 2585 110 2475 2432 2112 1965 151
is_linear=0
shrinkage=0.05


Tree=162
num_leaves=15
num_cat=0
split_feature=34 42 0 0 29 2 1 0 0 0 2 2 0 2
split_gain=6.08797 4.3358 15.5288 13.4954 6.51529 44.8677 23.0087 14.7255 5.68208 40.0187 9.01998 7.49176 5.55515 4.10608
threshold=1.0000000180025095e-35 1.0000000180025095e-35 -1.5875853418164012 -1.3590968427517176 1.0000000180025095e-35 -0.2087301687889975 1.0000000180025095e-35 -0.43791125803057479 -0.46913689606207259 -0.2110906855491089 1.0501465011810254 0.42070816619601387 -0.61159450663088144 1.3019218351750299
decision_type=2 2 2 2 2 2 2 2 2 2 2 2 2 2
left_child=1 2 -1 -3 13 6 -6 -7 10 -10 12 -11 -5 -4
right_child=-2 3 4 8 5 7 -8 -9 9 11 -12 -13 -14 -15
leaf_value=0.023424406867060397 0.013961200322048714 -0.023878496609317762 -0.00085874786736680727 -0.0041753844131715593 0.010435225904501718 0.0021381920298154003 0.058626110588564817 -0.034906095662649649 0.047296465374529362 -0.011166168008298602 0.013607047297145156 0.0036836153328777734 -0.02036030772387197 0.0060267292683103893
leaf_weight=70 75 73 3695 123 56 62 44 45 42 160 42 177 93 228
leaf_count=70 75 73 3695 123 56 62 44 45 42 160 42 177 93 228
internal_value=1.09067e-05 -0.000207781 0.000403669 -0.00381578 2.33757e-06 0.00860432 0.032373 -0.0137958 -0.00144906 0.00244486 -0.00714401 -0.00339101 -0.0112668 -0.000455705
internal_weight=4985 4910 4200 710 4130 207 100 107 637 379 258 337 216 3923
internal_count=4985 4910 4200 710 4130 207 100 107 637 379 258 337 216 3923
is_linear=0
shrinkage=0.05


Tree=163
num_leaves=15
num_cat=0
split_feature=34 41 2 0 0 0 1 29 0 2 2 0 0 2
split_gain=5.50805 3.98216 23.4 41.2173 14.5061 6.55328 3.20812 11.0917 40.0465 7.23415 13.8357 27.8935 39.0301 15.4097
threshold=1.0000000180025095e-35 1.0000000180025095e-35 -0.33461783578599974 -0.79906330138835469 -1.5680920578156745 -1.6462430167485937 1.0000000180025095e-35 1.0000000180025095e-35 -0.64876101252792229 -1.0899438377680133 -0.46050550278300201 -0.14818330027098306 -0.46913689606207259 -0.33461783578599974
decision_type=2 2 2 2 2 2 2 2 2 2 2 2 2 2
left_child=1 4 3 -3 5 -1 -6 9 -9 -8 11 12 -11 -12
right_child=-2 2 -4 -5 6 -7 7 8 -10 10 13 -13 -14 -15
leaf_value=-0.003594746462269021 0.013281271018861951 0.054133019864559179 -0.020548113445854849 -0.004072525886276478 -0.0013257578622740043 -0.030011847817291649 -0.0049547201471163956 -0.019465984284331422 0.043300754277676837 0.0076688849036294767 -0.027955948229879141 -0.025607941730641855 0.053299155081967246 0.00040588549658704859
leaf_weight=40 75 48 52 77 2421 57 467 42 59 363 48 49 52 1135
leaf_count=40 75 48 52 77 2421 57 467 42 59 363 48 49 52 1135
internal_value=1.20428e-05 -0.000195969 0.00712471 0.0187789 -0.000472634 -0.0194109 -6.81858e-05 0.0013063 0.0173286 0.000525153 0.00208307 0.00938046 0.0136146 -0.000790131
internal_weight=4985 4910 177 125 4733 97 4636 2215 101 2114 1647 464 415 1183
internal_count=4985 4910 177 125 4733 97 4636 2215 101 2114 1647 464 415 1183
is_linear=0
shrinkage=0.05


Tree=164
num_leaves=15
num_cat=0
split_feature=2 12 34 29 0 0 2 0 29 0 10 0 0 0
split_gain=5.214 42.7414 34.2451 19.0668 35.1199 50.195 18.2845 17.7263 14.7473 27.1953 5.75125 5.5376 8.06865 5.30322
threshold=-0.46050550278300201 1.0000000180025095e-35 1.0000000180025095e-35 1.0000000180025095e-35 0.072144934680439907 -1.0189866971618786 -0.33461783578599974 -0.79364555884651533 1.0000000180025095e-35 -0.65436418952014874 1.0000000180025095e-35 -0.53631293975712346 -0.83944468792477001 -0.31821276953382122
decision_type=2 2 2 2 2 2 2 2 2 2 2 2 2 2
left_child=2 3 8 6 5 -5 7 -2 13 -10 -8 12 -12 -1
right_child=1 -3 -4 4 -6 -7 10 -9 9 -11 11 -13 -14 -15
leaf_value=-0.0011717109494848849 -0.045417045071980987 0.048230598017107697 -0.037836838103248741 -0.0039163072829048132 -0.018883990168216683 0.070879896190397598 0.0013309142482203001 -0.0035140824049449296 -0.043506306096572772 0.0054041917622089392 -0.010140028126876463 -0.013153445818490376 0.018972763352628267 0.0048042498694138049
leaf_weight=1560 41 46 62 41 40 47 2258 62 53 58 53 139 40 485
leaf_count=1560 41 46 62 41 40 47 2258 62 53 58 53 139 40 485
internal_value=1.21335e-05 0.00145945 -0.00179311 0.00063391 0.0193199 0.036719 -0.000302678 -0.0207413 -0.000722492 -0.0183062 0.000558742 -0.00690377 0.00251742 0.00024888
internal_weight=4985 2767 2218 2721 128 88 2593 103 2156 111 2490 232 93 2045
internal_count=4985 2767 2218 2721 128 88 2593 103 2156 111 2490 232 93 2045
is_linear=0
shrinkage=0.05


Tree=165
num_leaves=15
num_cat=0
split_feature=34 0 0 12 0 0 1 29 0 31 0 1 0 0
split_gain=6.25353 4.05116 6.30715 3.07489 18.851 23.2034 3.14307 10.1702 35.5741 6.5219 25.6976 5.59844 24.053 33.8526
threshold=1.0000000180025095e-35 -1.5875853418164012 -1.6462430167485937 1.0000000180025095e-35 -0.82484902087463829 -0.58584266651933714 1.0000000180025095e-35 1.0000000180025095e-35 -0.64876101252792229 1.0000000180025095e-35 -1.0189866971618786 -0.41876142585576009 -1.0092288002666059 -1.1527471446480479
decision_type=2 2 2 2 2 2 2 2 2 2 2 2 2 2
left_child=1 2 -1 6 -5 -6 11 9 -9 -8 -11 -3 13 -13
right_child=-2 3 -4 4 5 -7 7 8 -10 10 -12 12 -14 -15
leaf_value=-0.003247075398186488 0.014149667727216693 0.00026690207547870479 0.024352110328064079 -0.028561302216257901 0.03341500088779463 -0.012375451458986693 -0.00023405930903130372 -0.018135184726931833 0.041027563749278184 0.04343783044744106 -0.0043728081647544928 -0.0012301502296009638 -0.0094752283177053261 0.049490954507861964
leaf_weight=40 75 1646 40 62 43 70 1997 42 59 40 84 130 615 42
leaf_count=40 75 1646 40 62 43 70 1997 42 59 40 84 130 615 42
internal_value=1.09669e-05 -0.000210674 0.0108099 -0.000397608 -0.00686599 0.00532733 -0.000151592 0.00120736 0.0165508 0.00046182 0.0114947 -0.00139266 -0.00485551 0.0115817
internal_weight=4985 4910 80 4830 175 113 4655 2222 101 2121 124 2433 787 172
internal_count=4985 4910 80 4830 175 113 4655 2222 101 2121 124 2433 787 172
is_linear=0
shrinkage=0.05


Tree=166
num_leaves=15
num_cat=0
split_feature=34 0 0 41 2 0 18 0 2 0 0 1 0 1
split_gain=5.6571 3.67255 5.72077 2.78582 19.4933 45.5967 2.88913 3.71748 3.02774 12.1762 13.4358 8.72076 6.23222 4.29638
threshold=1.0000000180025095e-35 -1.5875853418164012 -1.6462430167485937 1.0000000180025095e-35 -1.3417191717620176 -0.80633987095209625 1.0000000180025095e-35 -0.2110906855491089 -1.46760683875902 -0.630947769268975 -0.84710253269845559 -0.41876142585576009 -1.1799534573869066 1.0000000180025095e-35
decision_type=2 2 2 2 2 2 2 2 2 2 2 2 2 2
left_child=1 2 -1 6 -5 -6 8 -8 9 10 12 -11 -3 -10
right_child=-2 3 -4 4 5 -7 7 -9 13 11 -12 -13 -14 -15
leaf_value=-0.0030924528460240085 0.013460560603363609 0.0086749444080686019 0.023192489209274452 0.017966496027033176 -0.052599215430189986 0.0088549318103591963 -0.01600177494720334 0.0033456170665366312 -0.0011250559422498071 0.0021268022302859302 0.027973650764436166 -0.022041238835928116 -0.017418563070047337 0.0020538561993477607
leaf_weight=40 75 42 40 54 51 69 61 40 2234 56 45 108 46 2024
leaf_count=40 75 42 40 54 51 69 61 40 2234 56 45 108 46 2024
internal_value=1.29954e-05 -0.000197812 0.0102951 -0.000375798 -0.00655076 -0.0176972 -0.000142319 -0.00842326 4.49142e-05 -0.00481877 0.0063731 -0.0138625 -0.00504882 0.000386265
internal_weight=4985 4910 80 4830 174 120 4656 101 4555 297 133 164 88 4258
internal_count=4985 4910 80 4830 174 120 4656 101 4555 297 133 164 88 4258
is_linear=0
shrinkage=0.05


Tree=167
num_leaves=15
num_cat=0
split_feature=34 42 0 0 0 0 2 2 29 2 0 0 0 1
split_gain=5.11959 3.61912 14.107 11.6749 5.0775 36.1521 8.03473 6.69775 5.04365 43.505 21.3791 14.767 4.77804 4.26514
threshold=1.0000000180025095e-35 1.0000000180025095e-35 -1.5875853418164012 -1.3590968427517176 -0.46913689606207259 -0.2110906855491089 1.0501465011810254 0.42070816619601387 1.0000000180025095e-35 -0.2087301687889975 -0.55821867399039615 -0.43791125803057479 -0.61159450663088144 -0.41876142585576009
decision_type=2 2 2 2 2 2 2 2 2 2 2 2 2 2
left_child=1 2 -1 -3 6 -6 12 -7 13 10 -10 -11 -5 -4
right_child=-2 3 8 4 5 7 -8 -9 9 11 -12 -13 -14 -15
leaf_value=0.02231193182136243 0.012805014044385067 -0.022145040241380531 0.0018112549770760798 -0.0039797222219407563 0.045026628901673992 -0.010501896413503055 0.012916261347180064 0.0035386300440253325 0.052565790085053 0.0014869842438201887 0.0064010700583457952 -0.035628075319703946 -0.018992788399918938 -0.0016346765612330065
leaf_weight=70 75 73 1388 123 42 160 42 177 52 62 48 45 93 2535
leaf_count=70 75 73 1388 123 42 160 42 177 52 62 48 45 93 2535
internal_value=1.22529e-05 -0.00018829 0.000370343 -0.00348464 -0.00128355 0.00239706 -0.00666717 -0.00315013 -1.21676e-05 0.00755624 0.0309667 -0.0144895 -0.0105586 -0.000415167
internal_weight=4985 4910 4200 710 637 379 258 337 4130 207 100 107 216 3923
internal_count=4985 4910 4200 710 637 379 258 337 4130 207 100 107 216 3923
is_linear=0
shrinkage=0.05


Tree=168
num_leaves=15
num_cat=0
split_feature=2 2 0 34 1 29 0 0 1 0 29 0 1 1
split_gain=5.09632 44.7747 48.5674 34.5235 18.0366 16.2125 26.0119 10.1082 8.17323 6.99365 16.4646 16.6745 8.30421 9.54328
threshold=-0.46050550278300201 -0.2087301687889975 -0.89550624904103449 1.0000000180025095e-35 0.69992303680890788 1.0000000180025095e-35 -0.65436418952014874 -1.5049396630606748 -0.41876142585576009 -1.115374429614554 1.0000000180025095e-35 -0.020379572202220416 -0.978103657188094 1.0000000180025095e-35
decision_type=2 2 2 2 2 2 2 2 2 2 2 2 2 2
left_child=3 2 -2 5 8 -1 -7 -3 -4 12 -11 -12 -9 -14
right_child=1 7 4 -5 -6 6 -8 9 -10 10 11 -13 13 -15
leaf_value=0.00032156725283094529 0.070464234741197701 -0.022983328353924058 0.012595976732086903 -0.037961729784728962 0.037047931599690026 -0.043774750346148555 0.0040923886497815452 0.022182542561952557 -0.015855547633022073 4.9227543502680004e-05 -0.042848880678091367 -0.00048234823123642184 -0.008277926171043266 0.010563529503731222
leaf_weight=2045 43 46 49 62 42 53 58 68 48 2106 44 47 112 162
leaf_count=2045 43 46 49 62 42 53 58 68 48 2106 44 47 112 162
internal_value=1.29633e-05 0.00144385 0.0252751 -0.00177179 0.0104945 -0.000696858 -0.0191333 -0.000252261 -0.00151902 0.000177332 -0.000859896 -0.0214482 0.00680672 0.00285774
internal_weight=4985 2767 182 2218 139 2156 111 2585 97 2539 2197 91 342 274
internal_count=4985 2767 182 2218 139 2156 111 2585 97 2539 2197 91 342 274
is_linear=0
shrinkage=0.05


Tree=169
num_leaves=15
num_cat=0
split_feature=34 41 2 0 0 1 2 0 0 0 29 0 0 2
split_gain=5.8698 3.43276 22.6232 40.7554 14.179 6.51658 3.16731 4.67398 10.1791 7.06871 7.56728 5.41505 7.17248 8.99259
threshold=1.0000000180025095e-35 1.0000000180025095e-35 -0.33461783578599974 -0.79906330138835469 -1.5680920578156745 1.0000000180025095e-35 0.79837116718702072 -1.3675572950679056 -0.98817026019072185 -0.93662452591167356 1.0000000180025095e-35 -0.64460816921490449 -0.53631293975712346 1.0501465011810254
decision_type=2 2 2 2 2 2 2 2 2 2 2 2 2 2
left_child=1 4 3 -3 5 -1 -6 -8 -9 -10 11 -11 13 -13
right_child=-2 2 -4 -5 6 -7 7 8 9 10 -12 12 -14 -15
leaf_value=-0.0056954734846949582 0.013710067359512891 0.053214095771312711 -0.020608153926312097 -0.004651829998798763 0.00077186787480238177 -0.031653960744905119 0.011303347836984622 -0.013640513699046215 0.018260289348014023 -0.0084425423667624094 0.016297439151570541 -0.0042613869783683462 -0.002540698339932047 0.024195994421473292
leaf_weight=48 75 48 52 77 3300 49 60 182 44 293 53 50 595 59
leaf_count=48 75 48 52 77 3300 49 60 182 44 293 53 50 595 59
internal_value=1.20171e-05 -0.000202717 0.00659425 0.0180568 -0.000459581 -0.0191831 -5.97219e-05 -0.00211188 -0.00275939 -0.000927601 -0.00176485 -0.00275574 -0.000371719 0.0113006
internal_weight=4985 4910 177 125 4733 97 4636 1336 1276 1094 1050 997 704 109
internal_count=4985 4910 177 125 4733 97 4636 1336 1276 1094 1050 997 704 109
is_linear=0
shrinkage=0.05


Tree=170
num_leaves=15
num_cat=0
split_feature=34 0 0 12 0 0 1 29 0 31 0 18 0 2
split_gain=5.31125 3.67912 5.51084 2.96213 16.6722 20.75 2.71499 9.52764 32.523 6.02393 23.2174 5.23605 5.25506 7.00622
threshold=1.0000000180025095e-35 -1.5875853418164012 -1.6462430167485937 1.0000000180025095e-35 -0.82484902087463829 -0.58584266651933714 1.0000000180025095e-35 1.0000000180025095e-35 -0.64876101252792229 1.0000000180025095e-35 -1.0189866971618786 1.0000000180025095e-35 -1.5049396630606748 -1.0899438377680133
decision_type=2 2 2 2 2 2 2 2 2 2 2 2 2 2
left_child=1 2 -1 6 -5 -6 11 9 -9 -8 -11 12 -3 -14
right_child=-2 3 -4 4 5 -7 7 8 -10 10 -12 -13 13 -15
leaf_value=-0.0028379384029124464 0.013042369741015136 -0.018240220272956891 0.02296779694567834 -0.027120550302788617 0.031316935026811231 -0.01198282482760836 -0.00025592003119985978 -0.017185051569884476 0.039387213420428217 0.041378345180835045 -0.0040681209734662674 -0.016126081326591043 0.0048078055172232209 -0.0019836546839531051
leaf_weight=40 75 41 40 62 43 70 1997 42 59 40 84 56 475 1861
leaf_count=40 75 41 40 62 43 70 1997 42 59 40 84 56 475 1861
internal_value=1.23437e-05 -0.000191919 0.0103104 -0.000370066 -0.00671874 0.00475216 -0.000128611 0.00113441 0.0159852 0.000412835 0.0110161 -0.00128208 -0.000919107 -0.000599754
internal_weight=4985 4910 80 4830 175 113 4655 2222 101 2121 124 2433 2377 2336
internal_count=4985 4910 80 4830 175 113 4655 2222 101 2121 124 2433 2377 2336
is_linear=0
shrinkage=0.05


Tree=171
num_leaves=15
num_cat=0
split_feature=2 12 34 61 0 2 0 29 0 10 0 0 39 2
split_gain=5.35188 41.7994 33.412 18.2498 35.3404 18.5306 17.6192 15.3197 22.2217 5.64232 5.86641 8.61073 8.41654 6.76756
threshold=-0.46050550278300201 1.0000000180025095e-35 1.0000000180025095e-35 1.0000000180025095e-35 -0.11920233649342464 -0.33461783578599974 -0.79364555884651533 1.0000000180025095e-35 -0.65436418952014874 1.0000000180025095e-35 -1.115374429614554 -1.158361382710825 1.0000000180025095e-35 0.1689328322020093
decision_type=2 2 2 2 2 2 2 2 2 2 2 2 2 2
left_child=2 3 7 5 -5 6 -2 -1 -9 10 11 -7 13 -12
right_child=1 -3 -4 4 -6 9 -8 8 -10 -11 12 -13 -14 -15
leaf_value=0.00023145456011486234 -0.045380217857052423 0.047731996490620078 -0.037418779452855232 0.049650056267812576 -0.0055192497042298788 0.0040786922707146175 -0.0036001674634462688 -0.041453014375133948 0.0028175316005945206 -0.0069870538410561336 0.0088574182761899083 0.026469261833813554 -0.01115066178862107 5.6872818704208574e-05
leaf_weight=2045 41 46 62 52 62 279 62 53 58 218 252 49 145 1561
leaf_count=2045 41 46 62 52 62 279 62 53 58 218 252 49 145 1561
internal_value=1.27914e-05 0.00147911 -0.00181616 0.0006627 0.0200679 -0.000200589 -0.0207787 -0.000758608 -0.0186802 0.000661781 0.00139667 0.00756377 0.000356903 0.00128853
internal_weight=4985 2767 2218 2721 114 2607 103 2156 111 2504 2286 328 1958 1813
internal_count=4985 2767 2218 2721 114 2607 103 2156 111 2504 2286 328 1958 1813
is_linear=0
shrinkage=0.05


Tree=172
num_leaves=15
num_cat=0
split_feature=34 0 2 12 0 0 2 0 0 1 0 2 0 10
split_gain=6.01256 3.3881 5.10305 3.20059 15.1931 18.8093 2.74904 11.3738 12.084 7.77909 5.85896 5.15883 13.7252 36.2003
threshold=1.0000000180025095e-35 -1.5875853418164012 -0.71228083677700649 1.0000000180025095e-35 -0.82484902087463829 -0.58584266651933714 -1.46760683875902 -0.630947769268975 -0.84710253269845559 -0.41876142585576009 -1.1799534573869066 -0.71228083677700649 -0.6880715985160476 1.0000000180025095e-35
decision_type=2 2 2 2 2 2 2 2 2 2 2 2 2 2
left_child=1 2 -1 6 -5 -6 7 8 10 -9 -3 12 -8 -14
right_child=-2 3 -4 4 5 -7 11 9 -10 -11 -12 -13 13 -15
leaf_value=-0.0027774473189354121 0.013875537190296048 0.0085252934304828002 0.022053337079428494 -0.026448975538369269 0.029281839521394838 -0.011939361167767655 -0.0019165385875116727 0.001610916280308096 0.026539655471656549 -0.021227470494129444 -0.016772827933406613 -0.00097151706744746122 0.0048815210460036599 0.052421403658944515
leaf_weight=40 75 42 40 62 43 70 735 56 45 108 46 2989 593 41
leaf_count=40 75 42 40 62 43 70 735 56 45 108 46 2989 593 41
internal_value=1.19189e-05 -0.000205411 0.00987302 -0.000376359 -0.00697563 0.00398303 -0.000125377 -0.00476324 0.00605467 -0.0135035 -0.00477759 0.000192736 0.00273241 0.00811105
internal_weight=4985 4910 80 4830 175 113 4655 297 133 164 88 4358 1369 634
internal_count=4985 4910 80 4830 175 113 4655 297 133 164 88 4358 1369 634
is_linear=0
shrinkage=0.05


Tree=173
num_leaves=15
num_cat=0
split_feature=34 42 0 0 29 2 0 0 0 0 13 2 2 0
split_gain=5.43992 3.35251 13.3618 10.7694 5.11571 42.1554 23.8717 14.461 4.87241 44.4595 9.48117 22.6839 4.77992 4.12865
threshold=1.0000000180025095e-35 1.0000000180025095e-35 -1.5875853418164012 -1.3590968427517176 1.0000000180025095e-35 -0.2087301687889975 -0.55821867399039615 -0.43791125803057479 -0.23216963936154275 -0.50292728311519419 1.0000000180025095e-35 0.54659583319301619 0.42070816619601387 -0.6741801275741145
decision_type=2 2 2 2 2 2 2 2 2 2 2 2 2 2
left_child=1 2 -1 -3 -4 6 -6 -7 9 12 11 -10 13 -5
right_child=-2 3 4 8 5 7 -8 -9 10 -11 -12 -13 -14 -15
leaf_value=0.021698009755022618 0.013199781204041625 -0.021288624173651141 -0.00043430560714063129 -0.00070349510390100612 0.053451741045271908 0.001694032910745591 0.0047724083065986637 -0.035028077905720219 -0.043672079545386294 0.049851216350428086 0.0010031017183791846 -0.00010157924798910418 0.0023189788707150302 -0.019273229614410498
leaf_weight=70 75 73 3923 51 52 62 48 45 45 42 226 82 120 71
leaf_count=70 75 73 3923 51 52 62 48 45 45 42 226 82 120 71
internal_value=1.28697e-05 -0.000193852 0.000343817 -0.00336646 -2.84455e-05 0.00759384 0.0306374 -0.0141092 -0.00125239 0.00360887 -0.00516173 -0.0159777 -0.00475949 -0.011647
internal_weight=4985 4910 4200 710 4130 207 100 107 637 284 353 127 242 122
internal_count=4985 4910 4200 710 4130 207 100 107 637 284 353 127 242 122
is_linear=0
shrinkage=0.05


Tree=174
num_leaves=15
num_cat=0
split_feature=2 2 0 34 0 29 0 61 0 0 0 0 39 0
split_gain=5.40599 42.0073 46.1076 32.4611 17.695 15.7584 22.4749 10.2254 12.6404 5.54153 7.30937 8.97016 8.30344 5.3414
threshold=-0.46050550278300201 -0.2087301687889975 -0.89550624904103449 1.0000000180025095e-35 -0.52546685307537266 1.0000000180025095e-35 -0.65436418952014874 1.0000000180025095e-35 -0.03146798458730142 -1.5049396630606748 -1.2768843494665407 -1.4318423002869898 1.0000000180025095e-35 -0.31821276953382122
decision_type=2 2 2 2 2 2 2 2 2 2 2 2 2 2
left_child=3 2 -2 5 -4 13 -7 9 -9 -3 11 -11 -12 -1
right_child=1 7 4 -5 -6 6 -8 8 -10 10 12 -13 -14 -15
leaf_value=-0.0012044834779535519 0.068598940290976324 -0.01687490865817785 -0.0092847238137171821 -0.036917768249986695 0.026119777935748108 -0.041861133873462679 0.0026658948262532553 -0.030024798327095564 0.0036337971651496798 -0.0030487496923241354 0.00089622918471305877 0.020025511265087587 -0.01105850340510444 0.004792946736073481
leaf_weight=1560 43 43 63 62 76 53 58 60 50 70 2106 102 154 485
leaf_count=1560 43 43 63 62 76 53 58 60 50 70 2106 102 154 485
internal_value=1.27774e-05 0.0014865 0.0245695 -0.0018254 0.010169 -0.000782969 -0.0189594 -0.00015643 -0.0149338 0.000511868 0.000832896 0.0107077 7.25573e-05 0.000221183
internal_weight=4985 2767 182 2218 139 2156 111 2585 110 2475 2432 172 2260 2045
internal_count=4985 2767 182 2218 139 2156 111 2585 110 2475 2432 172 2260 2045
is_linear=0
shrinkage=0.05


Tree=175
num_leaves=15
num_cat=0
split_feature=34 0 0 41 2 0 2 0 0 0 29 0 2 0
split_gain=6.12377 3.51797 12.4956 3.03206 18.3895 40.2102 2.63002 4.3445 10.2502 6.35859 7.01892 5.02302 4.11538 3.93496
threshold=1.0000000180025095e-35 -1.605496441180837 -1.5680920578156745 1.0000000180025095e-35 -1.3417191717620176 -0.80633987095209625 0.79837116718702072 -1.3675572950679056 -0.98817026019072185 -0.93662452591167356 1.0000000180025095e-35 -0.70534430240596058 1.3019218351750299 0.33528778489511685
decision_type=2 2 2 2 2 2 2 2 2 2 2 2 2 2
left_child=1 -1 -3 6 -5 -6 13 -8 12 -10 11 -11 -9 -4
right_child=-2 2 3 4 5 -7 7 8 9 10 -12 -13 -14 -15
leaf_value=-0.012042492824876981 0.01400290912730837 0.027097881975628083 0.0011154421451853957 0.017084778626199944 -0.050328980737699661 0.0073992287281008685 0.011014242178287297 -0.0178421182983345 0.017492490541189908 -0.0090493876722965595 0.015894692706960169 -0.00054695852882157773 -0.00066652477395777801 -0.0066102126832039837
leaf_weight=60 75 40 3128 54 51 69 60 135 44 222 53 775 47 172
leaf_count=60 75 40 3128 54 51 69 60 135 44 222 53 775 47 172
internal_value=1.16664e-05 -0.000207664 -5.63498e-05 -0.000293333 -0.0067349 -0.0175581 -4.87661e-05 -0.00191878 -0.00254321 -0.000705463 -0.00149985 -0.0024545 -0.0134621 0.000709012
internal_weight=4985 4910 4850 4810 174 120 4636 1336 1276 1094 1050 997 182 3300
internal_count=4985 4910 4850 4810 174 120 4636 1336 1276 1094 1050 997 182 3300
is_linear=0
shrinkage=0.05


Tree=176
num_leaves=15
num_cat=0
split_feature=34 42 0 0 29 2 0 0 0 0 2 2 2 1
split_gain=5.5416 3.48217 12.8477 10.661 5.11905 39.4418 23.2849 13.656 4.56564 40.1881 9.37407 5.24166 4.3444 3.8193
threshold=1.0000000180025095e-35 1.0000000180025095e-35 -1.5875853418164012 -1.3590968427517176 1.0000000180025095e-35 -0.2087301687889975 -0.55821867399039615 -0.43791125803057479 -0.23216963936154275 -0.50292728311519419 -0.2087301687889975 -0.96405617077101102 0.42070816619601387 -0.41876142585576009
decision_type=2 2 2 2 2 2 2 2 2 2 2 2 2 2
left_child=1 2 -1 -3 13 6 -6 -7 9 12 11 -10 -5 -4
right_child=-2 3 4 8 5 7 -8 -9 10 -11 -12 -13 -14 -15
leaf_value=0.021290010453796845 0.013320951649991723 -0.021262534285585086 0.0016865138664067783 -0.011142758289427165 0.05242927068913425 0.0019616291087004357 0.0043689990639686586 -0.033714839705127356 -0.0059942338159695886 0.047344358620995827 0.0011676779159708012 -0.026101231356225319 0.0021722357758305602 -0.0015743487482001496
leaf_weight=70 75 73 1388 122 52 62 48 45 70 42 222 61 120 2535
leaf_count=70 75 73 1388 122 52 62 48 45 70 42 222 61 120 2535
internal_value=1.13641e-05 -0.00019728 0.000350688 -0.00343066 -1.43493e-05 0.00761042 0.0298983 -0.0133858 -0.00132698 0.00337924 -0.00511099 -0.0156087 -0.0045766 -0.000420349
internal_weight=4985 4910 4200 710 4130 207 100 107 637 284 353 131 242 3923
internal_count=4985 4910 4200 710 4130 207 100 107 637 284 353 131 242 3923
is_linear=0
shrinkage=0.05


Tree=177
num_leaves=15
num_cat=0
split_feature=2 12 34 61 0 2 0 29 0 28 0 0 0 0
split_gain=5.33924 38.8242 31.6259 19.1939 31.469 18.2904 16.8241 16.4251 22.2665 5.58025 13.5841 5.50584 7.34002 6.29727
threshold=-0.46050550278300201 1.0000000180025095e-35 1.0000000180025095e-35 1.0000000180025095e-35 -0.11920233649342464 -0.33461783578599974 -0.79364555884651533 1.0000000180025095e-35 -0.65436418952014874 1.0000000180025095e-35 -0.76983970019376002 -1.115374429614554 -1.158361382710825 -0.095254840800592044
decision_type=2 2 2 2 2 2 2 2 2 2 2 2 2 2
left_child=2 3 7 5 -5 6 -2 -1 -9 11 -11 12 -7 -13
right_child=1 -3 -4 4 -6 9 -8 8 -10 10 -12 13 -14 -15
leaf_value=0.00023903190856401386 -0.044681570271766467 0.046052754331806986 -0.036453063061344437 0.048499942201845073 -0.0036020759929670022 0.0028059321084655214 -0.0038422970646934118 -0.042137491675940428 0.0021965423474709193 -0.006564348342362792 0.024993488157476373 -0.0023668270041179479 0.023002159300277821 0.0044536073696136288
leaf_weight=2045 41 46 62 52 62 303 62 53 58 62 72 1588 51 428
leaf_count=2045 41 46 62 52 62 303 62 53 58 62 72 1588 51 428
internal_value=1.17173e-05 0.00147631 -0.00181508 0.000689449 0.0205902 -0.000195897 -0.0206401 -0.000786131 -0.0193431 0.000660862 0.0105103 9.55818e-05 0.00582844 -0.000915859
internal_weight=4985 2767 2218 2721 114 2607 103 2156 111 2504 134 2370 354 2016
internal_count=4985 2767 2218 2721 114 2607 103 2156 111 2504 134 2370 354 2016
is_linear=0
shrinkage=0.05


Tree=178
num_leaves=15
num_cat=0
split_feature=34 0 0 12 0 0 2 0 0 0 29 0 0 2
split_gain=6.21818 3.62638 11.2351 3.32758 12.1496 17.5004 2.64263 4.00163 9.9306 5.88406 6.91703 4.36137 6.83735 8.25253
threshold=1.0000000180025095e-35 -1.605496441180837 -1.5680920578156745 1.0000000180025095e-35 -0.82484902087463829 -0.58584266651933714 0.79837116718702072 -1.3675572950679056 -0.98817026019072185 -0.93662452591167356 1.0000000180025095e-35 -0.64460816921490449 -0.53631293975712346 1.0501465011810254
decision_type=2 2 2 2 2 2 2 2 2 2 2 2 2 2
left_child=1 -1 -3 6 -5 -6 -4 -8 -9 -10 11 -11 13 -13
right_child=-2 2 3 4 5 -7 7 8 9 10 -12 12 -14 -15
leaf_value=-0.012225435697098053 0.014110070361767885 0.025692244432866575 0.00073601574754275157 -0.024420228740200403 0.027219125587079264 -0.012535751964120816 0.010514356764671844 -0.013244718312141588 0.016817237936851123 -0.0075040567914464009 0.015814950510182165 -0.0037831664506274352 -0.0023791150077225849 0.023486816542238366
leaf_weight=60 75 40 3299 62 43 70 60 182 44 293 53 50 595 59
leaf_count=60 75 40 3299 62 43 70 60 182 44 293 53 50 595 59
internal_value=1.13841e-05 -0.00020963 -5.60029e-05 -0.000280715 -0.00700909 0.00280249 -2.37637e-05 -0.00189819 -0.00249739 -0.000688542 -0.00145269 -0.00240046 -0.000261134 0.0111349
internal_weight=4985 4910 4850 4810 175 113 4635 1336 1276 1094 1050 997 704 109
internal_count=4985 4910 4850 4810 175 113 4635 1336 1276 1094 1050 997 704 109
is_linear=0
shrinkage=0.05


Tree=179
num_leaves=15
num_cat=0
split_feature=34 0 0 12 0 0 1 2 29 0 0 2 2 0
split_gain=5.62629 3.28465 10.1895 3.00892 11.0083 15.8593 2.53187 8.42141 35.5661 43.2448 14.2264 5.62792 12.6742 25.5519
threshold=1.0000000180025095e-35 -1.605496441180837 -1.5680920578156745 1.0000000180025095e-35 -0.82484902087463829 -0.58584266651933714 1.0000000180025095e-35 -1.46760683875902 1.0000000180025095e-35 -0.56428078125894365 -0.67811901657459772 -1.0899438377680133 -0.46050550278300201 -0.22015024320630983
decision_type=2 2 2 2 2 2 2 2 2 2 2 2 2 2
left_child=1 -1 -3 6 -5 -6 -4 10 11 -10 -8 -9 13 -13
right_child=-2 2 3 4 5 -7 7 8 9 -11 -12 12 -14 -15
leaf_value=-0.011633882193916268 0.013422891169834833 0.024468805286146346 -0.0011392618303478254 -0.023237374523887411 0.025918655643860502 -0.011926374800370671 0.0080414879640850877 -0.0053079535972360963 -0.003827358652339425 0.066615667765069261 -0.022601420030443242 0.013416044749693233 -0.00089034736222118728 -0.020855613836338598
leaf_weight=60 75 40 2420 62 43 70 63 327 41 44 90 403 1186 61
leaf_count=60 75 40 2420 62 43 70 63 327 41 44 90 403 1186 61
internal_value=1.19839e-05 -0.000198249 -5.20401e-05 -0.000266041 -0.00666413 0.00267513 -2.1703e-05 0.00119921 0.00204229 0.0333304 -0.0100428 0.000664752 0.00185343 0.00884033
internal_weight=4985 4910 4850 4810 175 113 4635 2215 2062 85 153 1977 1650 464
internal_count=4985 4910 4850 4810 175 113 4635 2215 2062 85 153 1977 1650 464
is_linear=0
shrinkage=0.05


end of trees

feature_importances:
Column_0=1036
Column_2=576
Column_1=127
Column_34=124
Column_29=123
Column_61=70
Column_31=55
Column_41=42
Column_49=36
Column_10=35
Column_12=34
Column_28=34
Column_46=33
Column_13=29
Column_20=29
Column_17=27
Column_25=26
Column_42=22
Column_39=20
Column_27=16
Column_18=9
Column_56=7
Column_5=5
Column_26=5

parameters:
[boosting: gbdt]
[objective: regression]
[metric: l2]
[tree_learner: serial]
[device_type: cpu]
[data_sample_strategy: bagging]
[data: ]
[valid: ]
[num_iterations: 180]
[learning_rate: 0.05]
[num_leaves: 15]
[num_threads: 2]
[seed: 42]
[deterministic: 1]
[force_col_wise: 1]
[force_row_wise: 0]
[histogram_pool_size: -1]
[max_depth: -1]
[min_data_in_leaf: 40]
[min_sum_hessian_in_leaf: 0.001]
[bagging_fraction: 1]
[pos_bagging_fraction: 1]
[neg_bagging_fraction: 1]
[bagging_freq: 0]
[bagging_seed: 400]
[bagging_by_query: 0]
[feature_fraction: 1]
[feature_fraction_bynode: 1]
[feature_fraction_seed: 30056]
[extra_trees: 0]
[extra_seed: 12879]
[early_stopping_round: 0]
[early_stopping_min_delta: 0]
[first_metric_only: 0]
[max_delta_step: 0]
[lambda_l1: 0]
[lambda_l2: 2]
[linear_lambda: 0]
[min_gain_to_split: 0]
[drop_rate: 0.1]
[max_drop: 50]
[skip_drop: 0.5]
[xgboost_dart_mode: 0]
[uniform_drop: 0]
[drop_seed: 17869]
[top_rate: 0.2]
[other_rate: 0.1]
[min_data_per_group: 100]
[max_cat_threshold: 32]
[cat_l2: 10]
[cat_smooth: 10]
[max_cat_to_onehot: 4]
[top_k: 20]
[monotone_constraints: ]
[monotone_constraints_method: basic]
[monotone_penalty: 0]
[feature_contri: ]
[forcedsplits_filename: ]
[refit_decay_rate: 0.9]
[cegb_tradeoff: 1]
[cegb_penalty_split: 0]
[cegb_penalty_feature_lazy: ]
[cegb_penalty_feature_coupled: ]
[path_smooth: 0]
[interaction_constraints: ]
[verbosity: -1]
[saved_feature_importance_type: 0]
[use_quantized_grad: 0]
[num_grad_quant_bins: 4]
[quant_train_renew_leaf: 0]
[stochastic_rounding: 1]
[linear_tree: 0]
[max_bin: 255]
[max_bin_by_feature: ]
[min_data_in_bin: 3]
[bin_construct_sample_cnt: 200000]
[data_random_seed: 175]
[is_enable_sparse: 1]
[enable_bundle: 1]
[use_missing: 1]
[zero_as_missing: 0]
[feature_pre_filter: 1]
[pre_partition: 0]
[two_round: 0]
[header: 0]
[label_column: ]
[weight_column: ]
[group_column: ]
[ignore_column: ]
[categorical_feature: ]
[forcedbins_filename: ]
[precise_float_parser: 0]
[parser_config_file: ]
[objective_seed: 16083]
[num_class: 1]
[is_unbalance: 0]
[scale_pos_weight: 1]
[sigmoid: 1]
[boost_from_average: 1]
[reg_sqrt: 0]
[alpha: 0.9]
[fair_c: 1]
[poisson_max_delta_step: 0.7]
[tweedie_variance_power: 1.5]
[lambdarank_truncation_level: 30]
[lambdarank_norm: 1]
[label_gain: ]
[lambdarank_position_bias_regularization: 0]
[eval_at: ]
[multi_error_top_k: 1]
[auc_mu_weights: ]
[num_machines: 1]
[local_listen_port: 12400]
[time_out: 120]
[machine_list_filename: ]
[machines: ]
[gpu_platform_id: -1]
[gpu_device_id: -1]
[gpu_device_id_list: ]
[gpu_use_dp: 0]
[num_gpu: 1]

end of parameters

pandas_categorical:null
