tree
version=v4
num_class=1
num_tree_per_iteration=1
label_index=0
max_feature_idx=63
objective=regression
feature_names=Column_0 Column_1 Column_2 Column_3 Column_4 Column_5 Column_6 Column_7 Column_8 Column_9 Column_10 Column_11 Column_12 Column_13 Column_14 Column_15 Column_16 Column_17 Column_18 Column_19 Column_20 Column_21 Column_22 Column_23 Column_24 Column_25 Column_26 Column_27 Column_28 Column_29 Column_30 Column_31 Column_32 Column_33 Column_34 Column_35 Column_36 Column_37 Column_38 Column_39 Column_40 Column_41 Column_42 Column_43 Column_44 Column_45 Column_46 Column_47 Column_48 Column_49 Column_50 Column_51 Column_52 Column_53 Column_54 Column_55 Column_56 Column_57 Column_58 Column_59 Column_60 Column_61 Column_62 Column_63
feature_infos=[-1.2633424817833789:2.8979371444247306] [-1.8171170041865949:1.5389363838074088] [-1.5305506722575213:1.3648656686735308] [0:1] none [0:1] [0:1] none none none [0:1] none [0:1] [0:1] none none [0:1] [0:1] [0:1] [0:1] [0:1] none none none none [0:1] [0:1] [0:1] [0:1] [0:1] [0:1] [0:1] [0:1] none [0:1] [0:1] none none none [0:1] none [0:1] [0:1] none none [0:1] [0:1] none [0:1] [0:1] none none none [0:1] none [0:1] [0:1] [0:1] [0:1] none none [0:1] [0:1] [0:1]
tree_sizes=1369 1456 1460 1461 1470 1458 1464 1466 1464 1474 1464 1469 1463 1479 1456 1493 1477 1479 1479 1484 1455 1468 1470 1473 1481 1490 1470 1466 1475 1488 1482 1483 1480 1479 1475 1489 1473 1484 1484 1475 1487 1477 1485 1473 1469 1453 1474 1461 1477 1468 1451 1484 1480 1481 1457 1476 1480 1472 1474 1473 1485 1482 1465 1478 1465 1476 1491 1476 1478 1479 1483 1475 1486 1469 1478 1471 1482 1478 1489 1483 1481 1475 1482 1492 1473 1495 1474 1481 1474 1491 1482 1460 1472 1478 1493 1485 1473 1465 1462 1458 1493 1463 1477 1477 1460 1504 1475 1476 1475 1496 1492 1496 1481 1465 1491 1490 1470 1462 1503 1467 1494 1485 1459 1467 1499 1491 1471 1472 1500 1469 1473 1475 1488 1483 1464 1498 1486 1481 1498 1479 1469 1493 1475 1477 1488 1488 1475 1473 1471 1468 1465 1508 1491 1487 1474 1499 1475 1491 1496 1470 1491 1499 1490 1463 1499 1490 1489 1486 1474 1479 1477 1481 1469 1487 1465 1463 1463 1480 1463 1465

Tree=0
num_leaves=15
num_cat=0
split_feature=6 0 2 27 31 0 0 12 0 0 2 2 1 2
split_gain=362.489 66.23 65.6797 38.102 32.8079 31.5215 26.2066 24.9829 22.8031 21.971 21.1048 42.1099 20.7622 20.6799
threshold=1.0000000180025095e-35 -0.03638325773648244 0.92425883418402288 1.0000000180025095e-35 1.0000000180025095e-35 -0.69787196288427156 1.483945628973002 1.0000000180025095e-35 0.21814576770753935 0.85528778544271666 -1.2158315047650154 0.2948204991990116 -0.41876142585576009 -0.83816850377400887
decision_type=2 2 2 2 2 2 2 2 2 2 2 2 2 2
left_child=1 5 -2 4 6 -1 7 -3 -4 -10 -7 -12 -13 -6
right_child=2 3 8 -5 13 10 -8 -9 9 -11 11 12 -14 -15
leaf_value=2.2586617897586043 2.2836306357994003 2.267461814013414 2.3166309510179657 2.2403912287473484 2.2672150647301965 2.2692284522854349 2.2544741863415152 2.243953587531113 2.3887601100079578 2.3361698621012041 2.3412398728988975 2.2617601109455916 2.3069242593094681 2.3112710087390127
leaf_weight=67 47 1718 40 182 49 49 687 119 53 49 55 45 55 56
leaf_count=67 47 1718 40 182 49 49 687 119 53 49 55 45 55 56
internal_value=2.26881 2.26467 2.33565 2.26239 2.26394 2.28819 2.26279 2.26591 2.35243 2.36528 2.29789 2.30683 2.28686 2.29107
internal_weight=3271 3082 189 2811 2629 271 2524 1837 142 102 204 155 100 105
internal_count=3271 3082 189 2811 2629 271 2524 1837 142 102 204 155 100 105
is_linear=0
shrinkage=1


Tree=1
num_leaves=15
num_cat=0
split_feature=6 0 2 27 63 0 0 12 0 0 2 2 1 2
split_gain=328.397 59.9452 59.5173 34.4346 31.112 28.5476 24.6353 22.4844 20.6326 19.894 19.1166 38.1465 18.8095 13.5723
threshold=1.0000000180025095e-35 -0.03638325773648244 0.92425883418402288 1.0000000180025095e-35 1.0000000180025095e-35 -0.69787196288427156 1.483945628973002 1.0000000180025095e-35 0.21814576770753935 0.85528778544271666 -1.2158315047650154 0.2948204991990116 -0.41876142585576009 -0.83816850377400887
decision_type=2 2 2 2 2 2 2 2 2 2 2 2 2 2
left_child=1 5 -2 4 6 -1 7 -3 -4 -10 -7 -12 -13 -6
right_child=2 3 8 -5 13 10 -8 -9 9 -11 11 12 -14 -15
leaf_value=-0.0096573940788706146 0.014107962093335025 -0.0013349988711965416 0.045541874257226785 -0.027015163292905882 -6.8176453933119779e-06 0.00039646188801556242 -0.013968961979965156 -0.023636019874117838 0.11416880863972685 0.064122056793056284 0.068933561078289102 -0.006714283124087974 0.036273524862828484 0.034512635535959686
leaf_weight=67 47 1720 40 182 48 49 674 119 53 49 55 45 55 68
leaf_count=67 47 1720 40 182 48 49 674 119 53 49 55 45 55 68
internal_value=9.64222e-06 -0.00393061 0.0636312 -0.00609921 -0.00463181 0.0184436 -0.0058059 -0.00280219 0.0795991 0.0918222 0.027677 0.0361862 0.0171767 0.0204707
internal_weight=3271 3082 189 2811 2629 271 2513 1839 142 102 204 155 100 116
internal_count=3271 3082 189 2811 2629 271 2513 1839 142 102 204 155 100 116
is_linear=0
shrinkage=0.05


Tree=2
num_leaves=15
num_cat=0
split_feature=6 0 2 31 27 0 0 12 0 0 2 2 2 1
split_gain=297.512 54.2576 53.9331 31.5299 27.9912 25.8543 21.8301 20.4281 18.6687 18.0133 17.9211 17.3156 34.5562 17.0405
threshold=1.0000000180025095e-35 -0.03638325773648244 0.92425883418402288 1.0000000180025095e-35 1.0000000180025095e-35 -0.69787196288427156 1.483945628973002 1.0000000180025095e-35 0.21814576770753935 0.85528778544271666 -0.83816850377400887 -1.2158315047650154 0.2948204991990116 -0.41876142585576009
decision_type=2 2 2 2 2 2 2 2 2 2 2 2 2 2
left_child=1 5 -2 4 6 -1 7 -3 -4 -10 -5 -7 -13 -14
right_child=2 3 8 10 -6 11 -8 -9 9 -11 -12 12 13 -15
leaf_value=-0.0091885210244335991 0.013431355550086925 -0.0012162601096497383 0.043373213318132223 -0.0013666998389560512 -0.025679086272746489 0.00037741634935396269 -0.013056798795570066 -0.022473752355849572 0.10866794953969393 0.061041684711680692 0.039649967661384372 0.065607820618530044 -0.0063928541271610463 0.034523488954526553
leaf_weight=67 47 1718 40 49 182 49 687 119 53 49 56 55 45 55
leaf_count=67 47 1718 40 49 182 49 687 119 53 49 56 55 45 55
internal_value=1.81956e-05 -0.00373221 0.0605742 -0.00579537 -0.00684357 0.0175541 -0.00546612 -0.00261625 0.0757746 0.0874025 0.0208411 0.0263411 0.0344396 0.0163468
internal_weight=3271 3082 189 2811 2706 271 2524 1837 142 102 105 204 155 100
internal_count=3271 3082 189 2811 2706 271 2524 1837 142 102 105 204 155 100
is_linear=0
shrinkage=0.05


Tree=3
num_leaves=15
num_cat=0
split_feature=6 0 2 63 27 0 0 0 0 2 2 0 12 17
split_gain=269.531 49.1087 48.8729 28.8084 24.8713 23.4151 21.2721 16.8917 16.3104 15.6844 31.3038 13.4143 12.7156 11.3642
threshold=1.0000000180025095e-35 -0.03638325773648244 0.92425883418402288 1.0000000180025095e-35 1.0000000180025095e-35 -0.69787196288427156 0.50577802879619316 0.21814576770753935 0.85528778544271666 -1.2158315047650154 0.2948204991990116 1.0557426000633894 1.0000000180025095e-35 1.0000000180025095e-35
decision_type=2 2 2 2 2 2 2 2 2 2 2 2 2 2
left_child=1 5 -2 4 6 -1 12 -4 -9 -7 -11 -5 -3 -8
right_child=2 3 7 11 -6 9 13 8 -10 10 -12 -13 -14 -15
leaf_value=-0.0087424112490607775 0.012787198167465322 0.005408639894069537 0.041307821870958883 0.03969847455458797 -0.024426773223759874 0.00035928532175317991 -0.0064767419648783242 0.10343212767080828 0.058109291043022981 0.062442530946307744 0.015557047998642222 0.0051480061533909884 -0.021476679558206039 -0.019171594586554291
leaf_weight=67 47 527 40 44 180 49 1745 53 49 55 100 74 46 195
leaf_count=67 47 527 40 44 180 49 1745 53 49 55 100 74 46 195
internal_value=2.60634e-05 -0.00354362 0.0576641 -0.00550646 -0.00657034 0.0167075 -0.00527292 0.0721338 0.0831956 0.0250697 0.0327773 0.0184782 0.00318311 -0.0077712
internal_weight=3271 3082 189 2811 2693 271 2513 142 102 204 155 118 573 1940
internal_count=3271 3082 189 2811 2693 271 2513 142 102 204 155 118 573 1940
is_linear=0
shrinkage=0.05


Tree=4
num_leaves=15
num_cat=0
split_feature=6 0 2 31 27 0 0 12 2 0 0 1 0 58
split_gain=244.184 44.431 44.2874 26.2401 22.8792 21.3296 19.065 17.7026 16.6736 15.2838 14.7684 12.639 11.4194 11.1635
threshold=1.0000000180025095e-35 -0.03638325773648244 0.92425883418402288 1.0000000180025095e-35 1.0000000180025095e-35 -0.32791260858844135 1.483945628973002 1.0000000180025095e-35 -0.83816850377400887 0.21814576770753935 0.85528778544271666 0.69992303680890788 0.50577802879619316 1.0000000180025095e-35
decision_type=2 2 2 2 2 2 2 2 2 2 2 2 2 2
left_child=1 5 -2 4 6 11 7 12 -5 -4 -11 -1 -3 -14
right_child=2 3 9 8 -6 -7 -8 -9 -10 10 -12 -13 13 -15
leaf_value=-0.0060873582715931171 0.012173934731328367 0.0051392301712964187 0.039340782983760751 -0.0023147635832976771 -0.023217099039175085 0.031107647937163713 -0.012036396550007097 -0.020765031744872244 0.037211455122150225 0.098448583336166018 0.055317766590822298 0.02593281539157033 -0.0022437478761362143 -0.01994803891776456
leaf_weight=107 47 527 40 49 182 123 687 119 56 53 49 41 1096 95
leaf_count=107 47 527 40 49 182 123 687 119 56 53 49 41 1096 95
internal_value=3.28249e-05 -0.00336488 0.0548938 -0.0052319 -0.00618816 0.0158976 -0.00494283 -0.00227978 0.0190674 0.068668 0.0791911 0.00301059 -0.000976711 -0.003687
internal_weight=3271 3082 189 2811 2706 271 2524 1837 105 142 102 148 1718 1191
internal_count=3271 3082 189 2811 2706 271 2524 1837 105 142 102 148 1718 1191
is_linear=0
shrinkage=0.05


Tree=5
num_leaves=15
num_cat=0
split_feature=6 0 2 63 27 0 0 41 2 2 0 0 0 0
split_gain=221.23 40.179 40.1322 24.9521 20.2412 20.1221 17.997 16.0922 14.1754 28.105 13.829 13.3723 11.7145 10.5181
threshold=1.0000000180025095e-35 -0.03638325773648244 0.92425883418402288 1.0000000180025095e-35 1.0000000180025095e-35 -0.69787196288427156 1.483945628973002 1.0000000180025095e-35 -1.2158315047650154 0.2948204991990116 0.21814576770753935 0.85528778544271666 1.0557426000633894 0.50577802879619316
decision_type=2 2 2 2 2 2 2 2 2 2 2 2 2 2
left_child=1 5 -2 4 6 -1 7 13 -7 -10 -4 -12 -5 -3
right_child=2 3 10 12 -6 8 -8 -9 9 -11 11 -13 -14 -15
leaf_value=-0.0084632722951093874 0.011590082770479578 0.0048832410506574912 0.037467412313535099 0.037180183186074314 -0.022070756682788361 -0.00058000897988677027 -0.011768344537142841 -0.019927895738510417 0.058300810501698344 0.01390723797821385 0.093705150644474836 0.052660342641220451 0.0048898999315784564 -0.00358428296980656
leaf_weight=67 47 527 40 44 180 49 674 118 55 100 53 49 74 1194
leaf_count=67 47 527 40 44 180 49 674 118 55 100 53 49 74 1194
internal_value=3.78464e-05 -0.00319622 0.0522566 -0.00497166 -0.00596185 0.0151214 -0.00479138 -0.00222429 0.0228743 0.0302018 0.0653687 0.0753794 0.0173493 -0.000988722
internal_weight=3271 3082 189 2811 2693 271 2513 1839 204 155 142 102 118 1721
internal_count=3271 3082 189 2811 2693 271 2513 1839 204 155 142 102 118 1721
is_linear=0
shrinkage=0.05


Tree=6
num_leaves=15
num_cat=0
split_feature=6 2 0 63 0 2 27 0 41 0 0 2 2 0
split_gain=200.423 36.3668 36.351 22.5946 18.309 23.1762 18.292 16.2449 14.5502 12.5126 12.1081 11.7387 11.0276 9.49549
threshold=1.0000000180025095e-35 0.92425883418402288 -0.03638325773648244 1.0000000180025095e-35 -0.37054462860911858 -0.58639316978000433 1.0000000180025095e-35 1.483945628973002 1.0000000180025095e-35 0.21814576770753935 0.85528778544271666 -0.96405617077101102 -0.83816850377400887 0.50577802879619316
decision_type=2 2 2 2 2 2 2 2 2 2 2 2 2 2
left_child=2 -2 4 6 11 -6 7 8 13 -3 -11 -1 -5 -4
right_child=1 9 3 12 5 -7 -8 -9 -10 10 -12 -13 -14 -15
leaf_value=0.023844467861843962 0.011034231864828237 0.035683249462661999 0.0046400016335785789 -0.0019675251101143659 -0.0030581393554298718 0.04162930775858948 -0.020979345720875398 -0.011181668309975669 -0.018948107690084728 0.089190265320410786 0.050130583022666333 -0.007611467818831011 0.028894556516186439 -0.0034053687901141414
leaf_weight=40 47 40 527 48 42 90 180 674 118 53 49 99 70 1194
leaf_count=40 47 40 527 48 42 90 180 674 118 53 49 99 70 1194
internal_value=4.35367e-05 0.0497461 -0.0030347 -0.00472344 0.0143885 0.0275772 -0.00566571 -0.00455302 -0.00211409 0.0622279 0.0717512 0.00165042 0.0165169 -0.000939211
internal_weight=3271 189 3082 2811 271 132 2693 2513 1839 142 102 139 118 1721
internal_count=3271 189 3082 2811 271 132 2693 2513 1839 142 102 139 118 1721
is_linear=0
shrinkage=0.05


Tree=7
num_leaves=15
num_cat=0
split_feature=6 2 0 31 0 27 2 0 12 2 2 0 0 0
split_gain=181.578 32.9548 32.8823 20.9949 17.0642 16.9053 14.8424 14.4535 13.388 12.0986 25.6024 11.3215 10.9634 8.35108
threshold=1.0000000180025095e-35 0.92425883418402288 -0.03638325773648244 1.0000000180025095e-35 -0.69787196288427156 1.0000000180025095e-35 -0.83816850377400887 1.483945628973002 1.0000000180025095e-35 -1.2158315047650154 0.2948204991990116 0.21814576770753935 0.85528778544271666 0.50577802879619316
decision_type=2 2 2 2 2 2 2 2 2 2 2 2 2 2
left_child=2 -2 4 5 -1 7 -5 8 13 -6 -11 -3 -13 -4
right_child=1 11 3 6 9 -7 -8 -9 -10 10 -12 12 -14 -15
leaf_value=-0.0080247447394050566 0.010505039611717268 0.03398404717445374 0.0044088785219030891 -0.0029002443029015673 -0.00082723663425913042 -0.01998151073247478 0.034366959510852807 -0.010449397174994792 -0.018029912241757658 0.054404757949605323 0.012077948937703874 0.084892914679578768 0.047722348759827372 -0.0031389837665171099
leaf_weight=67 47 40 527 49 49 182 56 687 119 55 100 53 49 1191
leaf_count=67 47 40 527 49 49 182 56 687 119 55 100 53 49 1191
internal_value=4.80174e-05 0.0473562 -0.00288193 -0.00448809 0.0136891 -0.00534356 0.0172465 -0.00427307 -0.00195439 0.0208293 0.0275989 0.0592381 0.0682976 -0.000821227
internal_weight=3271 189 3082 2811 271 2706 105 2524 1837 204 155 142 102 1718
internal_count=3271 189 3082 2811 271 2706 105 2524 1837 204 155 142 102 1718
is_linear=0
shrinkage=0.05


Tree=8
num_leaves=15
num_cat=0
split_feature=6 2 0 63 0 2 27 0 41 0 2 0 0 0
split_gain=164.502 29.8628 29.7508 19.5456 15.6591 20.3197 14.8827 13.4526 12.0181 10.6309 10.5414 10.2437 9.92695 7.85683
threshold=1.0000000180025095e-35 0.92425883418402288 -0.03638325773648244 1.0000000180025095e-35 -0.37054462860911858 -0.58639316978000433 1.0000000180025095e-35 1.483945628973002 1.0000000180025095e-35 1.0557426000633894 -0.96405617077101102 0.21814576770753935 0.85528778544271666 0.33203049318332922
decision_type=2 2 2 2 2 2 2 2 2 2 2 2 2 2
left_child=2 -2 4 6 10 -6 7 8 13 -5 -1 -3 -13 -4
right_child=1 11 3 9 5 -7 -8 -9 -10 -11 -12 12 -14 -15
leaf_value=0.022285165327290694 0.010001226499372601 0.032365759085154253 0.0071433539851903163 0.03437589675431018 -0.0034375733399594371 0.03838122303233199 -0.018953808752952942 -0.010169123709301696 -0.017216885179126017 0.0036522797397705482 -0.0075224133786436472 0.080802621504461228 0.045429804922976331 -0.0022736666823722695
leaf_weight=40 47 40 259 44 42 90 180 674 118 74 99 53 49 1462
leaf_count=40 47 40 259 44 42 90 180 674 118 74 99 53 49 1462
internal_value=5.23078e-05 0.0450811 -0.00273647 -0.00426424 0.0130258 0.0252225 -0.0051407 -0.00413701 -0.00191758 0.0154905 0.00124974 0.0563918 0.0650102 -0.000849816
internal_weight=3271 189 3082 2811 271 132 2693 2513 1839 118 139 142 102 1721
internal_count=3271 189 3082 2811 271 132 2693 2513 1839 118 139 142 102 1721
is_linear=0
shrinkage=0.05


Tree=9
num_leaves=15
num_cat=0
split_feature=6 2 0 63 34 0 29 2 2 2 57 0 2 2
split_gain=149.031 27.061 26.9295 17.8489 14.0281 13.0667 12.4865 11.4918 23.0358 18.5027 10.952 11.5782 9.84361 9.65741
threshold=1.0000000180025095e-35 0.92425883418402288 -0.015191260322037617 1.0000000180025095e-35 1.0000000180025095e-35 -0.69787196288427156 1.0000000180025095e-35 -1.2158315047650154 0.2948204991990116 1.1760341681780278 1.0000000180025095e-35 0.50577802879619316 -0.83816850377400887 -0.082842501791995246
decision_type=2 2 2 2 2 2 2 2 2 2 2 2 2 2
left_child=2 -2 5 4 6 -1 10 -7 -9 -10 11 13 -5 -4
right_child=1 -3 3 12 -6 7 -8 8 9 -11 -12 -13 -14 -15
leaf_value=-0.0075939142401667608 0.0095215758536847279 0.053682392549025182 0.009956226444158417 -0.0026846815953031184 0.018554051607216317 -0.0019185314420610668 0.0091849017990277195 0.049497686236582961 -0.012819481305778029 0.027100286181084812 -0.018795708691080413 -0.0073329984669769912 0.026443863359357542 -0.004143973715351721
leaf_weight=67 47 142 193 48 60 58 135 56 48 68 163 1796 70 320
leaf_count=67 47 142 193 48 60 58 135 56 48 68 163 1796 70 320
internal_value=5.62572e-05 0.0429153 -0.00259815 -0.00412648 -0.00497199 0.0116649 -0.00552725 0.0172922 0.0237179 0.0106445 -0.00633748 -0.0054425 0.0147477 0.00117884
internal_weight=3271 189 3082 2785 2667 297 2607 230 172 116 2472 2309 118 513
internal_count=3271 189 3082 2785 2667 297 2607 230 172 116 2472 2309 118 513
is_linear=0
shrinkage=0.05


Tree=10
num_leaves=15
num_cat=0
split_feature=6 2 0 31 2 27 0 0 2 2 0 12 0 0
split_gain=134.689 24.4423 24.3591 16.846 13.1976 12.5945 11.8303 11.2444 10.4053 20.8751 14.8043 9.6962 9.43069 9.2333
threshold=1.0000000180025095e-35 0.92425883418402288 -0.015191260322037617 1.0000000180025095e-35 -0.83816850377400887 1.0000000180025095e-35 -0.69787196288427156 1.483945628973002 -1.2158315047650154 -0.082842501791995246 -0.19804713887514644 1.0000000180025095e-35 0.21814576770753935 0.85528778544271666
decision_type=2 2 2 2 2 2 2 2 2 2 2 2 2 2
left_child=2 -2 6 5 -5 7 -1 11 -8 -10 -11 -4 -3 -14
right_child=1 12 3 4 -6 -7 8 -9 9 10 -12 -13 13 -15
leaf_value=-0.0072252243608776209 0.009064928958743659 0.028268227788032077 -0.00073204703250512922 -0.0034261360399278941 0.031692097914116139 -0.017322984214052154 -0.0018258025920416306 -0.0091963828673720747 0.052887458986667704 0.026891369314120984 -0.0066264520624210524 -0.01567493158594328 0.074322890072044998 0.040668531828651239
leaf_weight=67 47 40 1697 49 56 182 58 687 41 74 57 114 53 49
leaf_count=67 47 40 1697 49 56 182 58 687 41 74 57 114 53 49
internal_value=5.79861e-05 0.0408026 -0.00246547 -0.00391904 0.0155459 -0.00469268 0.0110999 -0.00375934 0.0164543 0.0225686 0.0124269 -0.00168894 0.0510356 0.0592486
internal_weight=3271 189 3082 2785 105 2680 297 2498 230 172 131 1811 142 102
internal_count=3271 189 3082 2785 105 2680 297 2498 230 172 131 1811 142 102
is_linear=0
shrinkage=0.05


Tree=11
num_leaves=15
num_cat=0
split_feature=6 0 49 2 0 63 48 0 1 0 34 55 57 29
split_gain=122.019 22.3384 40.2986 22.1488 16.9471 14.47 10.7426 9.62409 9.04253 8.7744 8.55704 8.33558 9.03032 8.32412
threshold=1.0000000180025095e-35 0.3398589145880257 1.0000000180025095e-35 0.92425883418402288 0.29162009391185861 1.0000000180025095e-35 1.0000000180025095e-35 1.1657257903452278 0.69992303680890788 0.51921225334910759 1.0000000180025095e-35 1.0000000180025095e-35 1.0000000180025095e-35 1.0000000180025095e-35
decision_type=2 2 2 2 2 2 2 2 2 2 2 2 2 2
left_child=1 2 4 -2 11 6 10 -7 9 -5 13 12 -1 -3
right_child=3 5 -4 8 -6 7 -8 -9 -10 -11 -12 -13 -14 -15
leaf_value=0.005851589260268803 0.0086301822253331845 -0.0072165351262093724 0.052861602114903372 0.075592238993145711 0.028295073853323943 0.030344134775247979 0.010515891363588841 0.00062463947279906994 0.027770010489241589 0.04183225040876512 0.013505698706192726 -0.014631562312466227 -0.013005521281035737 0.0065160402057007853
leaf_weight=361 47 2088 41 41 56 45 101 65 44 57 53 82 75 115
leaf_count=361 47 2088 41 41 56 45 101 65 44 57 53 82 75 115
internal_value=6.12514e-05 -0.00234059 0.0061715 0.0388422 0.00266452 -0.00446586 -0.00529641 0.0131074 0.0485833 0.0571857 -0.00601301 -0.000204518 0.00256325 -0.00649441
internal_weight=3271 3082 615 189 574 2467 2357 110 142 98 2256 518 436 2203
internal_count=3271 3082 615 189 574 2467 2357 110 142 98 2256 518 436 2203
is_linear=0
shrinkage=0.05


Tree=12
num_leaves=15
num_cat=0
split_feature=6 0 2 31 2 27 0 2 0 5 2 0 0 0
split_gain=110.556 21.0028 20.0771 14.1677 12.2376 11.0484 10.4679 17.5461 9.93255 9.89134 9.19693 9.15795 9.12533 8.24483
threshold=1.0000000180025095e-35 -0.015191260322037617 0.92425883418402288 1.0000000180025095e-35 -0.83816850377400887 1.0000000180025095e-35 -0.37054462860911858 -0.58639316978000433 -0.17379978201545368 1.0000000180025095e-35 -0.96405617077101102 0.21814576770753935 1.483945628973002 0.85528778544271666
decision_type=2 2 2 2 2 2 2 2 2 2 2 2 2 2
left_child=1 6 -2 5 -5 9 10 -8 -9 12 -1 -4 -3 -13
right_child=2 3 11 4 -6 -7 7 8 -10 -11 -12 13 -14 -15
leaf_value=0.019992871130151409 0.0082162853046462928 -0.0020666597246615623 0.024176459883650147 -0.003963965918028764 0.029831302577051622 -0.016108452504166686 -0.0049307706643100212 0.048299095953774192 0.016845311789030138 0.014016542431479909 -0.0078475815273987334 0.068452593616463928 -0.0089242935286382007 0.036870697566180256
leaf_weight=40 47 1751 40 49 56 182 51 44 63 77 99 53 670 49
leaf_count=40 47 1751 40 49 56 182 51 44 63 77 99 53 670 49
internal_value=6.63612e-05 -0.00221988 0.0369807 -0.00356964 0.0142809 -0.00427913 0.0103761 0.0190961 0.0304285 -0.00340507 0.000334006 0.0462549 -0.00397028 0.0542817
internal_weight=3271 3082 189 2785 105 2680 297 158 107 2498 139 142 2421 102
internal_count=3271 3082 189 2785 105 2680 297 158 107 2498 139 142 2421 102
is_linear=0
shrinkage=0.05


Tree=13
num_leaves=15
num_cat=0
split_feature=6 0 2 63 0 57 0 0 58 46 1 0 0 41
split_gain=100.148 19.0855 18.1929 13.377 12.1515 10.0751 9.61271 8.76439 8.57078 11.0117 8.29821 8.38019 7.83145 7.34921
threshold=1.0000000180025095e-35 -0.03638325773648244 0.92425883418402288 1.0000000180025095e-35 -0.25818750864996892 1.0000000180025095e-35 0.50577802879619316 1.1657257903452278 1.0000000180025095e-35 1.0000000180025095e-35 0.69992303680890788 0.51921225334910759 0.4399206747174636 1.0000000180025095e-35
decision_type=2 2 2 2 2 2 2 2 2 2 2 2 2 2
left_child=1 4 -2 5 -1 6 12 -5 9 13 11 -4 -3 -8
right_child=2 3 10 7 -6 -7 8 -9 -10 -11 -12 -13 -14 -15
leaf_value=0.0025306457122021377 0.0078222387166199652 0.0001573823358417411 0.070012082090211467 0.027702199135145007 0.024506307150604149 -0.016031220346181232 -0.0012433528339379054 0.00056479538081964458 -0.015006978970011256 -0.013572022879018915 0.024301891597797692 0.037495211603404098 0.017484473796561362 -0.014340331081044058
leaf_weight=174 47 500 41 53 97 163 1406 65 189 248 44 57 73 114
leaf_count=174 47 500 41 53 97 163 1406 65 189 248 44 57 73 114
internal_value=6.98522e-05 -0.00210612 0.0352037 -0.00332983 0.0105184 -0.00405502 -0.00327137 0.0130122 -0.00493796 -0.00384583 0.0440321 0.0522274 0.00241799 -0.00224318
internal_weight=3271 3082 189 2811 271 2693 2530 118 1957 1768 142 98 573 1520
internal_count=3271 3082 189 2811 271 2693 2530 118 1957 1768 142 98 573 1520
is_linear=0
shrinkage=0.05


Tree=14
num_leaves=15
num_cat=0
split_feature=6 0 49 2 0 63 48 0 0 0 55 0 57 34
split_gain=90.755 17.3297 36.211 16.4914 15.8623 11.3969 9.34862 8.85644 8.08274 7.72893 7.36068 7.34617 7.0514 6.87968
threshold=1.0000000180025095e-35 0.3398589145880257 1.0000000180025095e-35 0.92425883418402288 0.29162009391185861 1.0000000180025095e-35 1.0000000180025095e-35 0.21814576770753935 0.90769220432586895 1.1657257903452278 1.0000000180025095e-35 0.85528778544271666 1.0000000180025095e-35 1.0000000180025095e-35
decision_type=2 2 2 2 2 2 2 2 2 2 2 2 2 2
left_child=1 2 4 -2 10 6 13 -5 -8 -7 12 -9 -1 -3
right_child=3 5 -4 7 -6 9 8 11 -10 -11 -12 -13 -14 -15
leaf_value=0.0049088720005992089 0.0074470911683438687 -0.0057098875428410571 0.049754858749572105 0.020507544607278848 0.026970646109688901 0.027169752885845111 0.025433222813769543 0.063078760694373737 -0.002604165249343576 0.00053739836717497057 -0.014156229348736817 0.033453431111924788 -0.01175337527068211 0.01222193104892292
leaf_weight=361 47 2203 41 40 56 45 45 53 56 65 82 49 75 53
leaf_count=361 47 2203 41 40 56 45 45 53 56 65 82 49 75 53
internal_value=7.10153e-05 -0.0020004 0.00549683 0.0335167 0.00217376 -0.00387233 -0.00460949 0.041922 0.010139 0.0117231 -0.000600409 0.049764 0.00200208 -0.00527816
internal_weight=3271 3082 615 189 574 2467 2357 142 101 110 518 102 436 2256
internal_count=3271 3082 615 189 574 2467 2357 142 101 110 518 102 436 2256
is_linear=0
shrinkage=0.05


Tree=15
num_leaves=15
num_cat=0
split_feature=6 0 2 63 0 2 34 29 0 57 0 0 49 55
split_gain=82.2053 16.5247 14.9435 11.0634 10.8204 9.1727 9.08498 8.25188 8.01711 7.23596 8.28362 8.66828 6.81293 8.08985
threshold=1.0000000180025095e-35 -0.03638325773648244 0.92425883418402288 1.0000000180025095e-35 -0.25818750864996892 -0.83816850377400887 1.0000000180025095e-35 1.0000000180025095e-35 0.21814576770753935 1.0000000180025095e-35 0.50577802879619316 0.4399206747174636 1.0000000180025095e-35 1.0000000180025095e-35
decision_type=2 2 2 2 2 2 2 2 2 2 2 2 2 2
left_child=1 4 -2 6 -1 -5 7 9 -4 10 11 -3 13 -12
right_child=2 3 8 5 -6 -7 -8 -9 -10 -11 12 -13 -14 -15
leaf_value=0.0023136397326280447 0.0070899348316372061 -0.0011204913836373117 0.01953099495066064 -0.0049179313024505979 0.023049682579144387 0.023125890418628437 0.015083247439433185 0.0075956832997920651 0.047368626472038718 -0.014933941370779366 -0.0082412554518584129 0.017524797841259796 0.0023104941672186376 0.0026189124681910048
leaf_weight=174 47 463 40 48 97 70 61 140 102 163 1371 70 230 195
leaf_count=174 47 463 40 48 97 70 61 140 102 163 1371 70 230 195
internal_value=7.47135e-05 -0.00189673 0.031906 -0.00303542 0.00985025 0.0118264 -0.00369491 -0.00414125 0.0399072 -0.00480619 -0.00408517 0.00138459 -0.00570817 -0.00688732
internal_weight=3271 3082 189 2811 271 118 2693 2632 142 2492 2329 533 1796 1566
internal_count=3271 3082 189 2811 271 118 2693 2632 142 2492 2329 533 1796 1566
is_linear=0
shrinkage=0.05


Tree=16
num_leaves=15
num_cat=0
split_feature=6 0 2 31 2 0 1 0 27 41 0 0 2 0
split_gain=74.3597 14.9329 13.5139 10.4278 11.0617 9.84398 10.3786 9.90024 8.24852 8.56727 9.25381 7.94469 6.33393 9.58514
threshold=1.0000000180025095e-35 -0.03638325773648244 0.92425883418402288 1.0000000180025095e-35 -0.83816850377400887 -0.32791260858844135 0.69992303680890788 -0.19804713887514644 1.0000000180025095e-35 1.0000000180025095e-35 1.3919597682398022 0.51076296367955198 -0.082842501791995246 0.26351963147456786
decision_type=2 2 2 2 2 2 2 2 2 2 2 2 2 2
left_child=1 5 -2 8 -5 6 -1 -7 9 10 12 -4 -3 -14
right_child=2 3 11 4 -6 7 -8 -9 -10 -11 -12 -13 13 -15
leaf_value=-0.0075819165266435076 0.0067499066037791117 0.003974598790898831 0.052367917131632573 -0.0048731972700824929 0.027223823443486696 0.036690821250279747 0.021426306662777828 0.0077771780154618775 -0.013709472811498688 -0.013863311910191207 -0.0067063907502100568 0.027022348477256077 0.010416494597166093 -0.00422757564847457
leaf_weight=107 47 640 58 49 56 49 41 74 182 160 717 84 126 881
leaf_count=107 47 640 58 49 56 49 41 74 182 160 717 84 126 881
internal_value=7.52065e-05 -0.0017998 0.0303494 -0.00288226 0.0124341 0.00936703 0.000632682 0.0196984 -0.00348532 -0.00273781 -0.00197373 0.0379583 9.22101e-05 -0.00237823
internal_weight=3271 3082 189 2811 105 271 148 123 2706 2524 2364 142 1647 1007
internal_count=3271 3082 189 2811 105 271 148 123 2706 2524 2364 142 1647 1007
is_linear=0
shrinkage=0.05


Tree=17
num_leaves=15
num_cat=0
split_feature=6 0 2 63 0 34 0 2 29 0 57 0 0 49
split_gain=67.2999 13.5266 12.2301 9.55016 9.37176 8.07717 7.95135 7.9067 7.28146 6.67618 5.98987 7.00749 7.97053 6.14881
threshold=1.0000000180025095e-35 -0.03638325773648244 0.92425883418402288 1.0000000180025095e-35 -0.25818750864996892 1.0000000180025095e-35 0.21814576770753935 -0.83816850377400887 1.0000000180025095e-35 0.85528778544271666 1.0000000180025095e-35 0.50577802879619316 0.4399206747174636 1.0000000180025095e-35
decision_type=2 2 2 2 2 2 2 2 2 2 2 2 2 2
left_child=1 4 -2 5 -1 8 -4 -5 10 -8 11 12 -3 -13
right_child=2 3 6 7 -6 -7 9 -9 -10 -11 -12 13 -14 -15
leaf_value=0.0019091660107816014 0.0064261873509278717 -0.0011117827593629319 0.01610723785568206 -0.0044793638121336703 0.021203613075700525 0.014354132750027239 0.056040472405200659 0.021559879512319136 0.007252664633200203 0.028272671023310693 -0.013611245693384925 -0.0063535968919402851 0.016767259124511234 0.0023832829283241281
leaf_weight=174 47 463 40 48 97 61 53 70 140 49 163 1566 70 230
leaf_count=174 47 463 40 48 97 61 53 70 140 49 163 1566 70 230
internal_value=7.58057e-05 -0.00170798 0.0288771 -0.00273821 0.00892004 -0.00335099 0.0361155 0.0110695 -0.00377192 0.0435013 -0.0043966 -0.00374056 0.00129021 -0.00523332
internal_weight=3271 3082 189 2811 271 2693 142 118 2632 102 2492 2329 533 1796
internal_count=3271 3082 189 2811 271 2693 142 118 2632 102 2492 2329 533 1796
is_linear=0
shrinkage=0.05


Tree=18
num_leaves=15
num_cat=0
split_feature=6 48 0 0 2 2 1 0 31 2 29 5 57 41
split_gain=60.9642 12.6341 16.9984 12.0079 22.8296 11.082 7.71767 8.36014 7.53922 9.63678 8.1046 8.53435 5.16076 5.77863
threshold=1.0000000180025095e-35 1.0000000180025095e-35 0.6458356033060475 -0.19804713887514644 1.0501465011810254 0.92425883418402288 0.69992303680890788 0.51921225334910759 1.0000000180025095e-35 -0.83816850377400887 1.0000000180025095e-35 1.0000000180025095e-35 1.0000000180025095e-35 1.0000000180025095e-35
decision_type=2 2 2 2 2 2 2 2 2 2 2 2 2 2
left_child=1 3 -3 4 -1 -2 7 -7 10 -10 11 12 13 -5
right_child=5 2 -4 8 -6 6 -8 -9 9 -11 -12 -13 -14 -15
leaf_value=-0.00019902629946390619 0.0061179921834026369 0.03504988347542369 -0.00080531826885095958 -0.0035211038693612295 0.039649923270432437 0.059448093686355709 0.015964109861575392 0.028136090154491242 -0.0064860988250177989 0.022549560066637775 0.0079814760229081332 0.011636503549568633 -0.013315976919939042 -0.013170891726622358
leaf_weight=143 47 52 85 2093 46 41 44 57 51 61 139 79 167 166
leaf_count=143 47 52 85 2093 46 41 44 57 51 61 139 79 167 166
internal_value=7.71091e-05 -0.00162064 0.0131125 -0.00231445 0.00981329 0.0274892 0.0343795 0.042163 -0.00315265 0.00944613 -0.00369308 -0.00434674 -0.00487637 -0.00424123
internal_weight=3271 3082 137 2945 189 189 142 98 2756 112 2644 2505 2426 2259
internal_count=3271 3082 137 2945 189 189 142 98 2756 112 2644 2505 2426 2259
is_linear=0
shrinkage=0.05


Tree=19
num_leaves=15
num_cat=0
split_feature=35 48 0 0 2 2 0 63 29 34 2 0 57 41
split_gain=55.3227 11.485 15.4004 10.9325 20.6938 10.3537 7.66702 6.97583 7.42029 7.73178 7.16136 5.90852 4.63858 5.19399
threshold=1.0000000180025095e-35 1.0000000180025095e-35 0.6458356033060475 -0.19804713887514644 1.0501465011810254 0.92425883418402288 0.21814576770753935 1.0000000180025095e-35 1.0000000180025095e-35 1.0000000180025095e-35 -0.83816850377400887 0.85528778544271666 1.0000000180025095e-35 1.0000000180025095e-35
decision_type=2 2 2 2 2 2 2 2 2 2 2 2 2 2
left_child=1 3 -3 4 -1 -2 -7 8 9 12 -9 -8 13 -5
right_child=5 2 -4 7 -6 6 11 10 -10 -11 -12 -13 -14 -15
leaf_value=-0.00018921262536454819 0.0065904691176150339 0.033362297077568388 -0.0007659780054256834 -0.0033712082275987537 0.037750031104466571 0.013285864347320361 0.051717358934163883 -0.0060982366755174908 0.007588062599525912 0.013101577476620496 0.018012124317843322 0.025706038939967459 -0.012658057391255015 -0.012520186747687626
leaf_weight=143 53 52 85 2092 46 40 53 50 139 61 75 49 167 166
leaf_count=143 53 52 85 2092 46 40 53 50 139 61 75 49 167 166
internal_value=7.90293e-05 -0.00156507 0.0124815 -0.00222788 0.00934328 0.0257662 0.0327324 -0.00302935 -0.00358074 -0.00421082 0.00842382 0.0399564 -0.00465674 -0.00405429
internal_weight=3271 3076 137 2939 189 195 142 2750 2625 2486 125 102 2425 2258
internal_count=3271 3076 137 2939 189 195 142 2750 2625 2486 125 102 2425 2258
is_linear=0
shrinkage=0.05


Tree=20
num_leaves=15
num_cat=0
split_feature=35 0 49 0 2 31 48 2 2 0 55 0 57 2
split_gain=50.1096 10.729 32.8733 15.469 9.84716 7.25478 7.40784 7.00376 15.1648 6.72801 6.43915 6.30764 4.82257 6.04256
threshold=1.0000000180025095e-35 0.3398589145880257 1.0000000180025095e-35 0.29162009391185861 1.1760341681780278 1.0000000180025095e-35 1.0000000180025095e-35 1.0501465011810254 0.92425883418402288 1.1657257903452278 1.0000000180025095e-35 0.90769220432586895 1.0000000180025095e-35 0.2948204991990116
decision_type=2 2 2 2 2 2 2 2 2 2 2 2 2 2
left_child=1 2 3 10 7 6 -3 8 -2 -7 12 -8 13 -1
right_child=4 5 -4 -5 -6 9 11 -9 -10 -11 -12 -13 -14 -15
leaf_value=0.010197313245330061 0.0062729281965981836 -0.0041070913500003163 0.046580755714933544 0.025738561861538167 0.042479176386093193 0.025494297101561515 0.023121116260819613 0.00078892527901111781 0.046021179747250347 -0.00085060613829705681 -0.014163204944980818 -0.0016655068523411096 -0.010419138226440396 -0.0027044806823244838
leaf_weight=169 53 2263 41 56 54 40 45 45 43 57 82 56 75 192
leaf_count=169 53 2263 41 56 54 40 45 45 43 57 82 56 75 192
internal_value=8.0318e-05 -0.0014844 0.00441312 0.00124987 0.0245273 -0.00296057 -0.0035133 0.0171542 0.0246527 0.0103088 -0.00148637 0.00961255 0.000951593 0.00335832
internal_weight=3271 3076 615 574 195 2461 2364 141 96 97 518 101 436 361
internal_count=3271 3076 615 574 195 2461 2364 141 96 97 518 101 436 361
is_linear=0
shrinkage=0.05


Tree=21
num_leaves=15
num_cat=0
split_feature=6 0 19 0 49 2 2 63 0 0 2 2 27 2
split_gain=45.397 9.75765 11.3452 19.8237 10.4299 34.3197 8.60957 8.0487 9.88425 7.48902 7.34009 18.3632 10.101 8.82393
threshold=1.0000000180025095e-35 1.4197988171640121 1.0000000180025095e-35 0.6599295067459453 1.0000000180025095e-35 1.0501465011810254 1.1760341681780278 1.0000000180025095e-35 0.67471404562640891 0.97554673379994095 -1.3417191717620176 -0.082842501791995246 1.0000000180025095e-35 -1.2158315047650154
decision_type=2 2 2 2 2 2 2 2 2 2 2 2 2 2
left_child=1 2 4 -4 7 9 -2 10 -9 -6 -1 12 13 -12
right_child=6 -3 3 -5 5 -7 -8 8 -10 -11 11 -13 -14 -15
leaf_value=-0.010871497675366498 0.016566473715700702 -0.0061110617391857995 0.040970644170580356 -0.0024272399869496152 -0.0055418390027494229 0.042803403986037103 0.04043107305187732 -0.0041852284564959765 0.02744506211841808 0.018092815536406955 -0.0030321350481401208 -0.0047574028503432689 -0.0085987627900698613 0.014747617151310167
leaf_weight=228 135 804 44 61 164 56 54 47 49 40 91 1126 83 289
leaf_count=228 135 804 44 61 164 56 54 47 49 40 91 1126 83 289
internal_value=8.21923e-05 -0.00138286 0.000289818 0.0161844 -0.00049239 0.0088647 0.0237369 -0.00177206 0.01219 -0.000776927 -0.00252233 -0.00131218 0.00705091 0.0104963
internal_weight=3271 3082 2278 105 2173 260 189 1913 96 204 1817 1589 463 380
internal_count=3271 3082 2278 105 2173 260 189 1913 96 204 1817 1589 463 380
is_linear=0
shrinkage=0.05


Tree=22
num_leaves=15
num_cat=0
split_feature=35 0 0 2 0 2 17 27 41 0 63 2 2 0
split_gain=41.3009 9.69594 8.57525 14.8891 9.95817 8.02 6.91846 7.14522 6.98394 6.65082 8.34905 6.44422 13.5811 5.6651
threshold=1.0000000180025095e-35 -0.03638325773648244 -0.1208278937464122 1.1760341681780278 -0.2757413877466956 1.1760341681780278 1.0000000180025095e-35 1.0000000180025095e-35 1.0000000180025095e-35 1.3919597682398022 1.0000000180025095e-35 1.0501465011810254 0.92425883418402288 1.1779617369689801
decision_type=2 2 2 2 2 2 2 2 2 2 2 2 2 2
left_child=1 2 3 4 -1 11 7 8 9 10 -3 12 -2 -8
right_child=5 6 -4 -5 -6 -7 13 -9 -10 -11 -12 -13 -14 -15
leaf_value=0.0042950241241626261 0.0054404917757280846 0.00092589460777428752 0.028456133403371844 0.025806668115747645 -0.02154909931123257 0.038481718501342195 -0.0012924564378426493 -0.010945443849714534 -0.011089292230960716 -0.0042601280692828591 0.018019211854164798 -4.1917838314746294e-05 0.043030879838754324 -0.016879990075822925
leaf_weight=124 53 1511 40 56 51 54 101 182 150 651 73 45 43 137
leaf_count=124 53 1511 40 56 51 54 101 182 150 651 73 45 43 137
internal_value=8.28347e-05 -0.00133772 0.0076594 0.00384488 -0.00339508 0.0222773 -0.0022118 -0.00145157 -0.000718524 -1.32071e-05 0.00173538 0.0156199 0.0228124 -0.010331
internal_weight=3271 3076 271 231 175 195 2805 2567 2385 2235 1584 141 96 238
internal_count=3271 3076 271 231 175 195 2805 2567 2385 2235 1584 141 96 238
is_linear=0
shrinkage=0.05


Tree=23
num_leaves=15
num_cat=0
split_feature=35 0 49 0 2 58 31 2 2 2 55 48 2 46
split_gain=37.4195 8.94323 28.9227 14.1309 7.26095 6.35658 6.20936 6.53373 5.84248 12.3159 5.76949 5.56982 5.53834 4.55939
threshold=1.0000000180025095e-35 0.3398589145880257 1.0000000180025095e-35 0.29162009391185861 1.1760341681780278 1.0000000180025095e-35 1.0000000180025095e-35 -0.83816850377400887 1.0501465011810254 0.92425883418402288 1.0000000180025095e-35 1.0000000180025095e-35 -0.46050550278300201 1.0000000180025095e-35
decision_type=2 2 2 2 2 2 2 2 2 2 2 2 2 2
left_child=1 2 3 10 8 6 11 -8 9 -2 -1 13 -13 -3
right_child=4 5 -4 -5 -6 -7 7 -9 -10 -11 -12 12 -14 -15
leaf_value=0.00083976853977684579 0.0051783590591300962 -0.0020485367974273612 0.043666562119628799 0.024552473953748447 0.03662635014874728 -0.010896931088942472 -0.0033283189267644454 0.023116832973435524 -3.9911555482986131e-05 0.040974958986043933 -0.013467673924640709 -0.0019993900554254652 0.02114930496627123 -0.009136450441661649
leaf_weight=436 53 1801 41 56 54 210 43 48 45 43 82 54 47 258
leaf_count=436 53 1801 41 56 54 210 43 48 45 43 82 54 47 258
internal_value=8.16992e-05 -0.00127046 0.00411384 0.00114684 0.0212075 -0.00261824 -0.00183692 0.0108179 0.0148728 0.0217213 -0.0014682 -0.00237957 0.00897427 -0.00294468
internal_weight=3271 3076 615 574 195 2461 2251 91 141 96 518 2160 101 2059
internal_count=3271 3076 615 574 195 2461 2251 91 141 96 518 2160 101 2059
is_linear=0
shrinkage=0.05


Tree=24
num_leaves=15
num_cat=0
split_feature=35 0 0 1 0 2 17 27 41 0 63 2 2 2
split_gain=33.8966 8.427 8.54503 9.66127 9.32389 6.57374 5.91063 6.35729 6.29749 5.72272 7.13263 5.37515 5.29694 11.1686
threshold=1.0000000180025095e-35 -0.03638325773648244 -0.32791260858844135 0.69992303680890788 -0.19804713887514644 1.1760341681780278 1.0000000180025095e-35 1.0000000180025095e-35 1.0000000180025095e-35 1.3919597682398022 1.0000000180025095e-35 1.0000000180025095e-35 1.0501465011810254 0.92425883418402288
decision_type=2 2 2 2 2 2 2 2 2 2 2 2 2 2
left_child=1 2 3 -1 -4 12 7 8 9 10 -3 -8 13 -2
right_child=5 6 4 -5 -6 -7 11 -9 -10 -11 -12 -13 -14 -15
leaf_value=-0.0088396897295985478 0.0049288561305200519 0.00091794605601716844 0.033278582904341762 0.019148640795935729 0.0053146081412897301 0.034860435334433407 0.00084277690094452173 -0.010271915079299462 -0.010473347609475145 -0.0038952437543490642 0.016717238683777398 -0.014914928957277649 -3.800087786735373e-05 0.039017267713530202
leaf_weight=107 53 1511 49 41 74 54 82 182 150 651 73 156 45 43
leaf_count=107 53 1511 49 41 74 54 82 182 150 651 73 156 45 43
internal_value=8.23557e-05 -0.00120458 0.00718309 -0.000934231 0.0168089 0.0201891 -0.00201949 -0.00131683 -0.000625428 4.42785e-05 0.00166623 -0.00952402 0.0141614 0.0206823
internal_weight=3271 3076 271 148 123 195 2805 2567 2385 2235 1584 238 141 96
internal_count=3271 3076 271 148 123 195 2805 2567 2385 2235 1584 238 141 96
is_linear=0
shrinkage=0.05


Tree=25
num_leaves=15
num_cat=0
split_feature=35 48 0 49 2 53 34 61 0 0 63 2 2 2
split_gain=30.7095 7.86565 12.1261 8.30864 63.6593 7.10363 7.19865 7.16141 6.54777 14.7583 5.50471 7.28426 10.372 10.8508
threshold=1.0000000180025095e-35 1.0000000180025095e-35 0.6458356033060475 1.0000000180025095e-35 1.1760341681780278 1.0000000180025095e-35 1.0000000180025095e-35 1.0000000180025095e-35 0.11640286032154841 0.51921225334910759 1.0000000180025095e-35 -0.082842501791995246 -1.2158315047650154 -1.0899438377680133
decision_type=2 2 2 2 2 2 2 2 2 2 2 2 2 2
left_child=1 3 -3 5 -5 6 7 10 -2 -10 11 12 -1 -14
right_child=8 2 -4 4 -6 -7 -8 -9 9 -11 -12 -13 13 -15
leaf_value=-0.0075153315348013092 0.0042130895923557024 0.029009943235993249 -0.0012612544713359883 -0.0019831528697679054 0.063265545952266883 0.017211877150111833 0.013373255636543036 0.0063860053513117403 0.049454619434423919 0.013958769768257351 0.005285840284834792 -0.0071960106565760367 0.022470141236077656 0.00062233479634194084
leaf_weight=367 54 52 85 339 40 42 63 169 41 100 141 1304 64 410
leaf_count=367 54 52 85 339 40 42 63 169 41 100 141 1304 64 410
internal_value=8.14947e-05 -0.00114345 0.0104806 -0.00169206 0.00519921 -0.00271555 -0.00306134 -0.00349362 0.0192197 0.0248276 -0.00422895 -0.00485874 -0.00122625 0.00365427
internal_weight=3271 3076 137 2939 379 2560 2518 2455 195 141 2286 2145 841 474
internal_count=3271 3076 137 2939 379 2560 2518 2455 195 141 2286 2145 841 474
is_linear=0
shrinkage=0.05


Tree=26
num_leaves=15
num_cat=0
split_feature=35 0 0 2 0 1 0 17 2 63 2 0 2 1
split_gain=27.8007 7.45159 8.13024 6.11194 7.48938 5.43921 5.41231 5.08255 5.77156 6.61504 9.04945 5.11358 6.7379 4.30438
threshold=1.0000000180025095e-35 -0.03638325773648244 -0.25818750864996892 0.79837116718702072 0.21814576770753935 0.69992303680890788 0.85528778544271666 1.0000000180025095e-35 -1.2158315047650154 1.0000000180025095e-35 -0.83816850377400887 1.1779617369689801 1.0000000180025095e-35 1.0000000180025095e-35
decision_type=2 2 2 2 2 2 2 2 2 2 2 2 2 2
left_child=1 2 5 -2 -5 -1 -6 8 -3 10 -10 12 -9 -4
right_child=3 7 13 4 6 -7 -8 11 9 -11 -12 -13 -14 -15
leaf_value=-0.0047938066047810623 0.0032536258516868335 -0.0063953528379704335 0.027412816564485964 0.0048031053794104425 0.041607425619255414 0.015316487839445473 0.017757434030678473 0.013834631970112629 0.0082169659996459751 0.014176033615009288 -0.0018987633702527273 -0.015028356697381871 -0.011637516385586612 0.006024817021356689
leaf_weight=131 51 440 54 40 53 43 51 45 250 76 1801 137 56 43
leaf_count=131 51 440 54 40 53 43 51 45 250 76 1801 137 56 43
internal_value=8.37535e-05 -0.00108174 0.0068055 0.018293 0.0235019 0.000293555 0.0304675 -0.00184806 -0.0011965 -0.000116047 -0.000658936 -0.00880704 -0.000240274 0.0182448
internal_weight=3271 3076 271 195 144 174 104 2805 2567 2127 2051 238 101 97
internal_count=3271 3076 271 195 144 174 104 2805 2567 2127 2051 238 101 97
is_linear=0
shrinkage=0.05


Tree=27
num_leaves=15
num_cat=0
split_feature=35 48 0 0 2 2 29 5 0 31 2 0 2 2
split_gain=25.1795 7.02977 10.9314 7.60743 17.4826 5.95398 5.45478 5.55224 5.12435 5.47801 7.85198 5.01856 5.0083 9.67517
threshold=1.0000000180025095e-35 1.0000000180025095e-35 0.70679642261977704 -0.19804713887514644 1.0501465011810254 1.1760341681780278 1.0000000180025095e-35 1.0000000180025095e-35 -0.027434137182851707 1.0000000180025095e-35 -0.83816850377400887 -0.62713853907415273 1.0501465011810254 0.92425883418402288
decision_type=2 2 2 2 2 2 2 2 2 2 2 2 2 2
left_child=1 3 -3 4 11 12 7 8 -5 -10 -11 -1 13 -2
right_child=5 2 -4 6 -6 -7 -8 -9 9 10 -12 -13 -14 -15
leaf_value=0.010028544833952015 0.0034465823754329574 0.025821744079594727 -0.0023787069335776327 -0.016487112333998084 0.034216874403258164 0.03133393721655011 0.0073708126347855479 0.010166227869275544 -0.0032572202822496255 -0.0061971426649274778 0.020790839831922845 -0.0086405251663000809 -0.0020068287091488217 0.035118654731454119
leaf_weight=61 53 59 78 68 46 54 139 79 2359 49 56 82 45 43
leaf_count=61 53 59 78 68 46 54 139 79 2359 49 56 82 45 43
internal_value=8.30075e-05 -0.00102619 0.0099628 -0.00154486 0.00810683 0.0174126 -0.0022136 -0.00272909 -0.00313914 -0.0027577 0.00831602 -0.000648316 0.0117173 0.0180602
internal_weight=3271 3076 137 2939 189 195 2750 2611 2532 2464 105 143 141 96
internal_count=3271 3076 137 2939 189 195 2750 2611 2532 2464 105 143 141 96
is_linear=0
shrinkage=0.05


Tree=28
num_leaves=15
num_cat=0
split_feature=6 27 0 1 0 2 2 63 0 0 0 2 58 2
split_gain=22.822 6.90177 9.27348 22.6186 9.45842 8.07005 18.8109 6.12477 8.65044 5.71662 13.1274 5.44949 4.85236 5.21606
threshold=1.0000000180025095e-35 1.0000000180025095e-35 0.33203049318332922 1.259265268141242 -0.22035241581602258 -0.96405617077101102 1.0000000180025095e-35 1.0000000180025095e-35 1.1657257903452278 0.11640286032154841 0.51921225334910759 1.0501465011810254 1.0000000180025095e-35 -0.082842501791995246
decision_type=2 2 2 2 2 2 2 2 2 2 2 2 2 2
left_child=1 2 3 4 -1 -6 -7 12 -9 -2 -11 -12 13 -4
right_child=9 -3 7 -5 5 6 -8 8 -10 10 11 -13 -14 -15
leaf_value=-0.0092400274550803289 0.002958601909007744 -0.0093272285117755507 0.0015942839451288293 0.036043867062756113 -0.0051500463657568963 0.041922331650164874 0.0050596524883300218 0.025817425017400336 -0.0022916098454823864 0.045267502335441669 0.024214582341826624 0.00032929481745187967 -0.0096452392124338083 -0.0035732639182296955
leaf_weight=130 54 226 820 53 103 40 201 46 63 41 43 51 198 1202
leaf_count=130 54 226 820 53 103 40 201 46 63 41 43 51 198 1202
internal_value=8.3114e-05 -0.000955662 -0.000287142 0.00568964 0.00215842 0.00649449 0.0114726 -0.00164328 0.00982236 0.0168549 0.0222891 0.0115324 -0.00221456 -0.00147812
internal_weight=3271 3082 2856 527 474 344 241 2329 109 189 135 94 2220 2022
internal_count=3271 3082 2856 527 474 344 241 2329 109 189 135 94 2220 2022
is_linear=0
shrinkage=0.05


Tree=29
num_leaves=15
num_cat=0
split_feature=35 3 0 0 0 1 2 0 63 12 57 0 2 25
split_gain=20.8004 6.72632 9.66202 12.9231 20.2355 7.78363 5.53244 5.5149 6.23895 5.56374 6.37661 5.06787 4.08162 7.70494
threshold=1.0000000180025095e-35 1.0000000180025095e-35 -0.03638325773648244 -0.32791260858844135 -0.19804713887514644 0.69992303680890788 1.1760341681780278 1.483945628973002 1.0000000180025095e-35 1.0000000180025095e-35 1.0000000180025095e-35 0.74574939618238612 -0.082842501791995246 1.0000000180025095e-35
decision_type=2 2 2 2 2 2 2 2 2 2 2 2 2 2
left_child=1 2 3 5 -5 -1 11 8 9 10 12 -2 13 -4
right_child=6 -3 7 4 -6 -7 -8 -9 -10 -11 -12 -13 -14 -15
leaf_value=-0.0083605686338280149 0.00098968041695755068 -0.011040719580173922 0.0066051330392693968 0.048487559498049497 0.0049787626501072097 0.016862251564080635 0.029234063918037075 -0.0049744091417080133 0.014257728588146468 -0.010818300894192182 -0.0098091312197438035 0.019844554089547568 -0.0008803347883601959 -0.0085785308040236367
leaf_weight=104 72 154 540 41 72 41 54 731 73 119 142 69 962 97
leaf_count=104 72 154 540 41 72 41 54 731 73 119 142 69 962 97
internal_value=8.33573e-05 -0.000924782 -0.000384448 0.00881635 0.0213339 -0.00109621 0.015834 -0.00128146 0.000118793 -0.00045084 0.000269392 0.010365 0.00117556 0.00427341
internal_weight=3271 3076 2922 258 113 145 195 2664 1933 1860 1741 141 1599 637
internal_count=3271 3076 2922 258 113 145 195 2664 1933 1860 1741 141 1599 637
is_linear=0
shrinkage=0.05


Tree=30
num_leaves=15
num_cat=0
split_feature=6 49 2 48 0 53 34 61 0 2 0 0 2 0
split_gain=18.88 6.46281 57.0075 7.14862 9.71403 6.30476 5.77082 5.60721 5.6023 11.3021 5.30957 9.6927 7.27828 5.11746
threshold=1.0000000180025095e-35 1.0000000180025095e-35 1.1760341681780278 1.0000000180025095e-35 0.6458356033060475 1.0000000180025095e-35 1.0000000180025095e-35 1.0000000180025095e-35 -0.027434137182851707 -0.83816850377400887 0.3398589145880257 0.29162009391185861 0.1689328322020093 0.11640286032154841
decision_type=2 2 2 2 2 2 2 2 2 2 2 2 2 2
left_child=1 3 -3 5 -5 6 7 8 9 -1 11 12 -10 -2
right_child=13 2 -4 4 -6 -7 -8 -9 10 -11 -12 -13 -14 -15
leaf_value=0.0033566272595808621 0.0022134375506928853 -0.0015638663358897614 0.060183228414860512 0.025910346237597644 -0.0011822480648145852 0.016454491119392598 0.012071598450868177 0.0057134278838887644 -0.0098618381322412799 -0.020008719879863919 -0.0038343144311579649 0.02461250046187121 0.0082090920327525397 0.020476893034090636
leaf_weight=82 54 339 40 52 85 42 63 169 107 136 1811 44 112 135
leaf_count=82 54 339 40 52 85 42 63 169 107 136 1811 44 112 135
internal_value=8.18415e-05 -0.000862977 0.00523469 -0.0017212 0.00932592 -0.00231781 -0.00264297 -0.00302915 -0.0036782 -0.0112693 -0.0028702 0.00374744 -0.000629429 0.0153366
internal_weight=3271 3082 379 2703 137 2566 2524 2461 2292 218 2074 263 219 189
internal_count=3271 3082 379 2703 137 2566 2524 2461 2292 218 2074 263 219 189
is_linear=0
shrinkage=0.05


Tree=31
num_leaves=15
num_cat=0
split_feature=35 17 2 0 0 2 0 2 0 63 0 2 25 2
split_gain=17.1518 6.16331 9.02361 12.1283 18.0144 9.34176 15.9483 21.5476 10.604 9.59768 7.50388 7.06485 5.72323 5.66263
threshold=1.0000000180025095e-35 1.0000000180025095e-35 -1.2158315047650154 -0.19804713887514644 -0.44962586091624107 -0.082842501791995246 0.55440880492455447 -0.46050550278300201 -0.027434137182851707 1.0000000180025095e-35 0.26351963147456786 0.67248350019001835 1.0000000180025095e-35 -1.0899438377680133
decision_type=2 2 2 2 2 2 2 2 2 2 2 2 2 2
left_child=1 2 12 4 11 6 7 -5 -7 10 -10 -4 -1 -3
right_child=-2 13 3 5 -6 8 -8 -9 9 -11 -12 -13 -14 -15
leaf_value=-0.0044397788545350514 0.014384836030161944 0.0088282181108037799 0.014703989942905074 0.0072383609428070487 0.039487302698194983 -0.024750438074068151 0.0011382515172602119 0.050233658475224818 0.0096556720100054449 0.020210951212428364 -0.0029809370838849206 -0.012647182881747458 -0.022317558433860542 -0.011278422806890172
leaf_weight=449 195 40 49 98 48 47 499 40 127 49 1319 42 48 221
leaf_count=449 195 40 49 98 48 47 499 40 127 49 1319 42 48 221
internal_value=8.21108e-05 -0.000833354 -0.000149365 0.0011627 0.0153744 0.000242854 0.00532694 0.0202404 -0.00186156 -0.00110987 -0.00185928 0.00207986 -0.00624893 -0.00815324
internal_weight=3271 3076 2815 2318 139 2179 637 138 1542 1495 1446 91 497 261
internal_count=3271 3076 2815 2318 139 2179 637 138 1542 1495 1446 91 497 261
is_linear=0
shrinkage=0.05


Tree=32
num_leaves=15
num_cat=0
split_feature=35 3 0 0 0 1 2 0 63 57 12 0 2 2
split_gain=15.49 6.04824 8.75719 11.502 16.6887 6.85294 5.0933 4.64709 5.52381 4.857 5.58118 4.5195 3.5413 3.52117
threshold=1.0000000180025095e-35 1.0000000180025095e-35 -0.03638325773648244 -0.32791260858844135 -0.19804713887514644 0.69992303680890788 1.1760341681780278 1.483945628973002 1.0000000180025095e-35 1.0000000180025095e-35 1.0000000180025095e-35 0.74574939618238612 0.42070816619601387 -0.082842501791995246
decision_type=2 2 2 2 2 2 2 2 2 2 2 2 2 2
left_child=1 2 3 5 -5 -1 11 8 9 10 13 -2 -3 -4
right_child=6 12 7 4 -6 -7 -8 -9 -10 -11 -12 -13 -14 -15
leaf_value=-0.0076897468668285689 -0.00035955646150820966 -0.020333709574729339 0.004016605116445528 0.044956233761771477 0.0054107385259625079 0.015976719710391104 0.026502478315628006 -0.0045210007592229847 0.013458195134376487 -0.0092023687084696985 -0.0099976094474261701 0.017408858725151809 -0.0045597566722772355 -0.00077030493196001467
leaf_weight=104 72 55 637 41 72 41 54 731 73 142 119 69 99 962
leaf_count=104 72 55 637 41 72 41 54 731 73 142 119 69 99 962
internal_value=8.06777e-05 -0.000789312 -0.000276999 0.0084823 0.0202914 -0.000871525 0.0136729 -0.00113104 0.000154289 -0.000381748 0.000357166 0.0084575 -0.0103818 0.00113931
internal_weight=3271 3076 2922 258 113 145 195 2664 1933 1860 1718 141 154 1599
internal_count=3271 3076 2922 258 113 145 195 2664 1933 1860 1718 141 154 1599
is_linear=0
shrinkage=0.05


Tree=33
num_leaves=15
num_cat=0
split_feature=6 49 2 48 0 53 5 29 1 0 0 0 0 0
split_gain=14.1455 5.81189 51.1682 6.30833 8.55691 5.48604 5.12277 4.98071 4.83538 6.58808 14.1396 4.59583 4.40021 10.1644
threshold=1.0000000180025095e-35 1.0000000180025095e-35 1.1760341681780278 1.0000000180025095e-35 0.6458356033060475 1.0000000180025095e-35 1.0000000180025095e-35 1.0000000180025095e-35 0.69992303680890788 0.1272420496191049 0.77229151525563211 0.90769220432586895 -0.027434137182851707 -0.62713853907415273
decision_type=2 2 2 2 2 2 2 2 2 2 2 2 2 2
left_child=1 3 11 5 -5 6 7 12 9 -2 -11 -3 13 -1
right_child=8 2 -4 4 -6 -7 -8 -9 -10 10 -12 -13 -14 -15
leaf_value=0.0053997281267409766 0.0010592664636316755 -0.0068663996619877325 0.057101563970735736 0.024389696311145265 -0.0010396083498416448 0.015397347249514002 0.0098836738971152874 0.0059156101707938235 0.00042941686781969936 0.046713830101801912 0.0080746580487149854 0.0047287384850076509 -0.0026862309557381565 -0.017389758732047327
leaf_weight=71 40 179 40 52 85 42 80 151 53 41 55 160 2072 150
leaf_count=71 40 179 40 52 85 42 80 151 53 41 55 160 2072 150
internal_value=7.87915e-05 -0.000739031 0.00504331 -0.00155293 0.00882444 -0.00211342 -0.00241677 -0.00282715 0.013283 0.0182133 0.0251934 -0.00139813 -0.00340754 -0.0100855
internal_weight=3271 3082 379 2703 137 2566 2524 2444 189 136 96 339 2293 221
internal_count=3271 3082 379 2703 137 2566 2524 2444 189 136 96 339 2293 221
is_linear=0
shrinkage=0.05


Tree=34
num_leaves=15
num_cat=0
split_feature=6 17 2 0 0 1 46 2 29 2 2 0 63 0
split_gain=12.817 5.43581 8.44314 9.56166 10.0343 12.2678 6.71449 4.97845 4.95102 4.56824 4.49905 4.68672 4.0648 7.61257
threshold=1.0000000180025095e-35 1.0000000180025095e-35 -1.3417191717620176 -0.015191260322037617 -0.095299798669685229 0.69992303680890788 1.0000000180025095e-35 -1.0899438377680133 1.0000000180025095e-35 1.1760341681780278 1.1760341681780278 0.74574939618238612 1.0000000180025095e-35 1.187393170095614
decision_type=2 2 2 2 2 2 2 2 2 2 2 2 2 2
left_child=1 2 -1 4 5 -4 8 -3 12 -10 11 -2 -5 -14
right_child=10 7 3 6 -6 -7 -8 -9 9 -11 -12 -13 13 -15
leaf_value=-0.0073268389161343555 -0.001186699325822898 0.0083467379855435529 -0.0021264206243516957 -0.00034716375790160795 0.031928549727631941 0.027478767653550718 -0.010346764912409075 -0.010504529447683172 0.019366418317694103 -0.0011134193514105088 0.024624548014253379 0.017302664295555308 0.025653603709800993 -0.0039405237841937278
leaf_weight=348 72 40 136 1910 43 45 145 221 64 46 54 63 41 43
leaf_count=348 72 40 136 1910 43 45 145 221 64 46 54 63 41 43
internal_value=7.94688e-05 -0.000699005 -5.80175e-05 0.000969943 0.0107736 0.00545386 -1.52069e-05 -0.00757394 0.000705956 0.0109352 0.0126483 0.0075683 0.000131265 0.0107649
internal_weight=3271 3082 2821 2473 224 181 2249 261 2104 110 189 135 1994 84
internal_count=3271 3082 2821 2473 224 181 2249 261 2104 110 189 135 1994 84
is_linear=0
shrinkage=0.05


Tree=35
num_leaves=15
num_cat=0
split_feature=35 27 0 1 0 0 0 2 0 12 63 32 2 2
split_gain=11.6616 5.40401 7.47883 7.75065 14.9288 4.53289 15.7958 6.93064 4.11953 5.01349 3.93924 3.29696 3.36635 7.08198
threshold=1.0000000180025095e-35 1.0000000180025095e-35 -0.03638325773648244 0.69992303680890788 -0.22035241581602258 0.51076296367955198 0.10617590604400164 1.0501465011810254 1.3919597682398022 1.0000000180025095e-35 1.0000000180025095e-35 1.0000000180025095e-35 -0.082842501791995246 -1.2158315047650154
decision_type=2 2 2 2 2 2 2 2 2 2 2 2 2 2
left_child=1 2 3 4 -1 6 -2 -7 9 10 11 12 13 -4
right_child=5 -3 8 -5 -6 7 -8 -9 -10 -11 -12 -13 -14 -15
leaf_value=-0.007794904837750697 0.00057601333022690734 -0.0080828889492279322 -0.0020534809171204311 0.024759693294929871 0.022337222211062907 0.01754358597816183 0.041675848510666663 -0.0079463492956181828 -0.003855197515414307 -0.0094201072309321419 0.012357461708287399 -0.0070044485958239353 -0.00062437519514236444 0.0088662306324773475
leaf_weight=110 50 226 259 54 63 50 42 53 789 118 73 128 912 344
leaf_count=110 50 226 259 54 63 50 42 53 789 118 73 128 912 344
internal_value=7.90947e-05 -0.000675773 -8.31457e-05 0.00858268 0.00330794 0.0118726 0.0198265 0.00452588 -0.000839072 0.000461273 0.00115094 0.000638602 0.00129273 0.00418472
internal_weight=3271 3076 2850 227 173 195 92 103 2623 1834 1716 1643 1515 603
internal_count=3271 3076 2850 227 173 195 92 103 2623 1834 1716 1643 1515 603
is_linear=0
shrinkage=0.05


Tree=36
num_leaves=15
num_cat=0
split_feature=6 49 2 48 2 53 34 0 0 2 29 1 0 0
split_gain=10.6204 5.21584 46.242 5.38033 7.78937 4.91598 4.57 4.55521 11.2128 6.70792 4.4097 4.36881 5.74093 9.69283
threshold=1.0000000180025095e-35 1.0000000180025095e-35 1.1760341681780278 1.0000000180025095e-35 -0.58639316978000433 1.0000000180025095e-35 1.0000000180025095e-35 -0.1383345116594015 -0.37054462860911858 -0.83816850377400887 1.0000000180025095e-35 0.69992303680890788 0.21814576770753935 0.86036984926220095
decision_type=2 2 2 2 2 2 2 2 2 2 2 2 2 2
left_child=1 3 -3 5 -5 6 7 8 9 -1 -9 12 -2 -14
right_child=11 2 -4 4 -6 -7 -8 10 -10 -11 -12 -13 13 -15
leaf_value=0.013329821481718683 0.001705830020364374 -0.0012771001368313154 0.054335536015596958 -0.0046850222895423376 0.018970580460001274 0.014655821836574682 0.010886628455482425 -0.0024872878624264969 -0.026263104681055107 -0.010191318153270654 0.0066758053193500802 -0.00065890607678077435 0.038981959206284958 0.0061594059103694948
leaf_weight=48 46 339 40 63 74 42 63 2134 66 75 138 53 46 44
leaf_count=48 46 339 40 63 74 42 63 2134 66 75 138 53 46 44
internal_value=7.76251e-05 -0.000631012 0.00484672 -0.00140209 0.00818157 -0.00191973 -0.00220694 -0.0025507 -0.00996928 -0.000945923 -0.00192534 0.0115189 0.0162054 0.0234181
internal_weight=3271 3082 379 2703 137 2566 2524 2461 189 123 2272 189 136 90
internal_count=3271 3082 379 2703 137 2566 2524 2461 189 123 2272 189 136 90
is_linear=0
shrinkage=0.05


Tree=37
num_leaves=15
num_cat=0
split_feature=6 3 0 0 0 2 2 0 0 17 2 0 63 2
split_gain=9.62113 4.95508 7.51266 10.1872 16.7161 6.37869 4.27039 4.67584 9.31911 3.58488 4.95005 3.96999 6.08937 7.13888
threshold=1.0000000180025095e-35 1.0000000180025095e-35 -0.03638325773648244 -0.32791260858844135 -0.19804713887514644 -0.96405617077101102 1.1760341681780278 0.84906596831120495 0.19825998953136195 1.0000000180025095e-35 -1.3417191717620176 1.3919597682398022 1.0000000180025095e-35 -0.83816850377400887
decision_type=2 2 2 2 2 2 2 2 2 2 2 2 2 2
left_child=1 2 3 5 -5 -1 7 8 -2 10 -4 12 13 -12
right_child=6 -3 9 4 -6 -7 -8 -9 -10 -11 11 -13 -14 -15
leaf_value=0.014428464779035845 0.015608165931866267 -0.0092799094548890702 -0.0063056180627680709 0.043771187231746007 0.00423704229446279 -0.0078352704767466475 0.022615454306859257 0.017856961254102105 -0.016770833090919517 -0.0067538095284301871 0.009242918353237985 -0.0028312763734119574 0.017930912317936882 -0.00027752185288399664
leaf_weight=45 41 154 303 41 72 100 54 50 44 238 233 627 55 1214
leaf_count=45 41 154 303 41 72 100 54 50 44 238 233 627 55 1214
internal_value=7.74144e-05 -0.000597063 -0.000134361 0.00797939 0.0190931 -0.000823536 0.0109671 0.00604566 -0.00115296 -0.000923772 -0.000348153 0.000504837 0.00189939 0.00126613
internal_weight=3271 3082 2928 258 113 145 189 135 85 2670 2432 2129 1502 1447
internal_count=3271 3082 2928 258 113 145 189 135 85 2670 2432 2129 1502 1447
is_linear=0
shrinkage=0.05


Tree=38
num_leaves=15
num_cat=0
split_feature=35 27 0 1 0 0 0 2 17 0 2 2 2 63
split_gain=8.80649 4.7368 6.34997 7.08123 13.5541 4.04635 14.2329 6.61395 3.43004 3.92151 5.15064 3.70767 4.39405 9.51817
threshold=1.0000000180025095e-35 1.0000000180025095e-35 -0.03638325773648244 0.69992303680890788 -0.22035241581602258 0.51076296367955198 0.10617590604400164 1.0501465011810254 1.0000000180025095e-35 1.1779617369689801 1.0000000180025095e-35 -1.2158315047650154 -0.83816850377400887 1.0000000180025095e-35
decision_type=2 2 2 2 2 2 2 2 2 2 2 2 2 2
left_child=1 2 3 4 -1 6 -2 -7 11 10 -10 -4 -13 -14
right_child=5 -3 8 -5 -6 7 -8 -9 9 -11 -12 12 13 -15
leaf_value=-0.0076545480709423177 -0.00040048084920272234 -0.0075143108013179978 -0.0043700093570311471 0.02342165741304468 0.021055503404484349 0.01613509905157396 0.038575147119858731 -0.0087539261748844927 0.013341593164257072 -0.011867656810091902 -0.0089309401489023506 0.0068933135799620782 -0.00086004319011937543 0.019252419138809006
leaf_weight=110 50 226 425 54 63 50 42 53 45 137 56 253 1648 59
leaf_count=110 50 226 425 54 63 50 42 53 45 137 56 253 1648 59
internal_value=7.64657e-05 -0.000579522 -2.47214e-05 0.00796031 0.0029217 0.0103251 0.0178349 0.00340533 -0.000721302 -0.00641893 0.00105884 -0.000147831 0.000771214 -0.000143168
internal_weight=3271 3076 2850 227 173 195 92 103 2623 238 101 2385 1960 1707
internal_count=3271 3076 2850 227 173 195 92 103 2623 238 101 2385 1960 1707
is_linear=0
shrinkage=0.05


Tree=39
num_leaves=15
num_cat=0
split_feature=35 49 2 48 0 0 53 0 0 2 0 0 2 0
split_gain=7.98124 4.69521 41.6769 4.74842 7.44426 4.54829 4.40602 4.586 10.2759 5.00443 4.37167 12.4161 4.15799 6.46551
threshold=1.0000000180025095e-35 1.0000000180025095e-35 1.1760341681780278 1.0000000180025095e-35 0.70679642261977704 0.90769220432586895 1.0000000180025095e-35 -0.095299798669685229 -0.37054462860911858 -0.83816850377400887 0.3398589145880257 0.29162009391185861 0.92425883418402288 0.51076296367955198
decision_type=2 2 2 2 2 2 2 2 2 2 2 2 2 2
left_child=1 3 5 6 -5 -3 7 8 9 -1 11 -9 -2 -14
right_child=12 2 -4 4 -6 -7 -8 10 -10 -11 -12 -13 13 -15
leaf_value=0.012332592621445655 -0.0020686199939386413 -0.0066076596050207428 0.051629734496098194 0.020809153794143043 -0.0024528612179710763 0.0049267616442384568 0.013921964180719277 -0.0003323374579092964 -0.022660790922652399 -0.0078810031761568557 -0.0022765601567046739 0.026118756876379812 0.026797649113771818 0.0051489456859958732
leaf_weight=48 53 179 40 59 78 160 42 272 82 77 1988 51 58 84
leaf_count=48 53 179 40 59 78 160 42 272 82 77 1988 51 58 84
internal_value=7.53409e-05 -0.000549156 0.00464724 -0.00128229 0.00772036 -0.00116672 -0.00176972 -0.0020423 -0.00913625 -4.70049e-05 -0.00139953 0.00397918 0.00983195 0.0142408
internal_weight=3271 3076 379 2697 137 339 2560 2518 207 125 2311 323 195 142
internal_count=3271 3076 379 2697 137 339 2560 2518 207 125 2311 323 195 142
is_linear=0
shrinkage=0.05


Tree=40
num_leaves=15
num_cat=0
split_feature=35 3 0 0 0 0 2 1 2 0 2 46 17 2
split_gain=7.22108 4.45378 6.76075 24.5359 7.01512 10.7318 5.45764 3.8467 6.10681 6.30958 3.32005 3.24271 4.94321 4.52761
threshold=1.0000000180025095e-35 1.0000000180025095e-35 -0.19804713887514644 -0.32791260858844135 -0.095299798669685229 -0.015191260322037617 -0.96405617077101102 0.69992303680890788 0.92425883418402288 0.51921225334910759 0.42070816619601387 1.0000000180025095e-35 1.0000000180025095e-35 -1.2158315047650154
decision_type=2 2 2 2 2 2 2 2 2 2 2 2 2 2
left_child=1 2 3 6 -4 -6 -1 8 -2 -10 -3 12 13 -7
right_child=7 10 4 -5 5 11 -8 -9 9 -11 -12 -13 -14 -15
leaf_value=0.013373815819145519 -0.002194997444034512 -0.018375052366070777 -0.020070295448860395 0.042262835960921855 0.021482430723580449 -0.0045068603559364892 -0.0072198475240821056 -0.0018091374146343585 0.034966573829567714 0.0091385641790358192 -0.0031452923018420761 -0.0059002750328152054 -0.010384270018447862 0.0013366140813014979
leaf_weight=45 42 55 44 41 53 402 100 55 41 57 99 280 112 1845
leaf_count=45 42 55 44 41 53 402 100 55 41 57 99 280 112 1845
internal_value=7.5161e-05 -0.000518855 -7.93375e-05 0.0090928 -0.000709069 -0.00037795 -0.000733708 0.00935552 0.0137053 0.0204274 -0.00875034 -0.000832915 -0.00022696 0.000288108
internal_weight=3271 3076 2922 186 2736 2692 145 195 140 98 154 2639 2359 2247
internal_count=3271 3076 2922 186 2736 2692 145 195 140 98 154 2639 2359 2247
is_linear=0
shrinkage=0.05


Tree=41
num_leaves=15
num_cat=0
split_feature=35 57 0 2 2 2 0 0 2 0 12 63 0 32
split_gain=6.54494 4.23652 5.80719 7.04174 21.1904 13.6373 3.82444 9.38857 4.49281 3.30264 4.20041 3.1074 2.74007 2.19654
threshold=1.0000000180025095e-35 1.0000000180025095e-35 -0.03638325773648244 -1.2158315047650154 0.2948204991990116 1.1760341681780278 0.11640286032154841 0.51921225334910759 1.0501465011810254 1.483945628973002 1.0000000180025095e-35 1.0000000180025095e-35 1.5456466608157442 1.0000000180025095e-35
decision_type=2 2 2 2 2 2 2 2 2 2 2 2 2 2
left_child=1 2 3 -1 -5 -6 -2 -8 -9 10 11 13 -11 -4
right_child=6 -3 9 4 5 -7 7 8 -10 12 -12 -13 -14 -15
leaf_value=-0.0069809020970199934 -0.0023485405626875685 -0.0073303661586703525 0.0011004903931503265 0.037055275229326751 -0.020353682124671955 0.014785900382468334 0.032747790260716926 0.01521309024435194 -0.0056152602956401855 -0.010484527062283274 -0.00859422281592284 0.010992802845935026 -0.0021603054712083652 -0.0056562516037732937
leaf_weight=59 54 209 1610 57 46 63 41 49 51 117 119 73 595 128
leaf_count=59 54 209 1610 57 46 63 41 49 51 117 119 73 595 128
internal_value=7.28986e-05 -0.000492625 1.05992e-05 0.00768517 0.0129189 -0.000143182 0.0089081 0.0131917 0.00468881 -0.000648307 0.000426106 0.00102765 -0.00355373 0.000596941
internal_weight=3271 3076 2867 225 166 109 195 141 100 2642 1930 1811 712 1738
internal_count=3271 3076 2867 225 166 109 195 141 100 2642 1930 1811 712 1738
is_linear=0
shrinkage=0.05


Tree=42
num_leaves=15
num_cat=0
split_feature=6 49 2 0 48 2 53 0 0 2 2 0 12 0
split_gain=5.95737 4.10687 37.4218 4.23278 4.08043 6.86394 3.84796 4.69045 12.323 3.75104 3.64752 6.26222 3.45646 4.468
threshold=1.0000000180025095e-35 1.0000000180025095e-35 1.1760341681780278 0.90769220432586895 1.0000000180025095e-35 -0.58639316978000433 1.0000000180025095e-35 -0.1383345116594015 -0.32791260858844135 -0.83816850377400887 0.92425883418402288 0.21814576770753935 1.0000000180025095e-35 0.47693202528521167
decision_type=2 2 2 2 2 2 2 2 2 2 2 2 2 2
left_child=1 4 3 -3 6 -6 7 8 9 -1 -2 -12 13 -9
right_child=10 2 -4 -5 5 -7 -8 12 -10 -11 11 -13 -14 -15
leaf_value=0.0095777881508520638 -0.00332852939276823 -0.0063577328529868153 0.048919907890792404 0.0047693969046874521 -0.0048651001803003829 0.017331823934555839 0.01306895794960755 0.0038594954375578945 -0.027706632703062031 -0.0074356503255757281 -0.0040372639035229528 0.019065548358664204 -0.0086779522979057912 -0.0018402743218432196
leaf_weight=52 47 179 40 160 63 74 42 425 60 79 40 102 144 1764
leaf_count=52 47 179 40 160 63 74 42 425 60 79 40 102 144 1764
internal_value=7.05484e-05 -0.000460198 0.00440034 -0.00110882 -0.00114447 0.00720135 -0.00159531 -0.00184949 -0.00934144 -0.000639753 0.00863955 0.012592 -0.00122865 -0.000731136
internal_weight=3271 3082 379 339 2703 137 2566 2524 191 131 189 142 2333 2189
internal_count=3271 3082 379 339 2703 137 2566 2524 191 131 189 142 2333 2189
is_linear=0
shrinkage=0.05


Tree=43
num_leaves=15
num_cat=0
split_feature=0 6 0 19 2 0 55 0 2 2 29 0 2 0
split_gain=5.72131 9.24588 8.72027 8.29665 6.62434 5.78664 9.06878 6.67082 15.8557 7.56323 6.27053 4.55984 3.87675 3.38574
threshold=0.99907905815976361 1.0000000180025095e-35 0.43095021281008666 1.0000000180025095e-35 -1.3417191717620176 0.8090212839794878 1.0000000180025095e-35 -0.19804713887514644 1.1760341681780278 0.2948204991990116 1.0000000180025095e-35 -0.027434137182851707 0.2948204991990116 0.3398589145880257
decision_type=2 2 2 2 2 2 2 2 2 2 2 2 2 2
left_child=1 3 -3 4 -1 7 -7 8 9 -6 11 -9 -2 -13
right_child=12 2 -4 -5 5 6 -8 10 -10 -11 -12 13 -14 -15
leaf_value=-0.0078628788755842199 0.00014750241245898178 0.00092532129041856246 0.023637202750477527 0.017127667585186461 0.0084438815423422253 0.0038655319036670814 0.028672783588990572 -0.0162511126268267 0.033139386086259041 -0.017797179323036313 0.014034562229965653 0.0029864008729611111 -0.0051978175751119212 -0.0039430515152232073
leaf_weight=228 708 80 88 72 74 264 41 58 46 41 56 244 649 622
leaf_count=228 708 80 88 72 74 264 41 58 46 41 56 244 649 622
internal_value=6.86201e-05 0.00182863 0.0129601 0.000743948 1.96743e-05 0.00127171 0.00736535 -0.000367213 0.0090009 -0.00105593 -0.00192146 -0.00291671 -0.00241284 -0.00198826
internal_weight=3271 1914 168 1746 1674 1446 305 1141 161 115 980 924 1357 866
internal_count=3271 1914 168 1746 1674 1446 305 1141 161 115 980 924 1357 866
is_linear=0
shrinkage=0.05


Tree=44
num_leaves=15
num_cat=0
split_feature=0 6 0 19 2 0 2 0 2 2 29 0 2 0
split_gain=5.17608 8.36005 7.88838 7.50657 5.98824 5.23495 8.56582 6.03774 14.3778 6.85459 5.67749 4.13167 3.4999 3.27187
threshold=0.99907905815976361 1.0000000180025095e-35 0.43095021281008666 1.0000000180025095e-35 -1.3417191717620176 0.8090212839794878 -0.71228083677700649 -0.19804713887514644 1.1760341681780278 0.2948204991990116 1.0000000180025095e-35 -0.027434137182851707 0.2948204991990116 0.78855895964296507
decision_type=2 2 2 2 2 2 2 2 2 2 2 2 2 2
left_child=1 3 -3 4 -1 7 -7 8 9 -6 11 -9 -2 -13
right_child=12 2 -4 -5 5 6 -8 10 -10 -11 -12 13 -14 -15
leaf_value=-0.0074731534536239576 0.00014014811316934663 0.00088018362642720252 0.022481606463229078 0.016294429548135078 0.0080327977892011414 0.02431975032668561 0.0029514401439629289 -0.015465642584798238 0.031551457611688725 -0.016948709519969862 0.013357031827888869 -0.0010800157647770979 -0.0049387250768838696 -0.013580033006811782
leaf_weight=228 708 80 88 72 74 56 249 58 46 41 56 812 649 54
leaf_count=228 708 80 88 72 74 56 249 58 46 41 56 812 649 54
internal_value=6.76923e-05 0.00174173 0.0123266 0.000710322 2.13928e-05 0.0012118 0.00700768 -0.000347049 0.00856545 -0.00101113 -0.00182571 -0.00277274 -0.00229257 -0.00188896
internal_weight=3271 1914 168 1746 1674 1446 305 1141 161 115 980 924 1357 866
internal_count=3271 1914 168 1746 1674 1446 305 1141 161 115 980 924 1357 866
is_linear=0
shrinkage=0.05


Tree=45
num_leaves=15
num_cat=0
split_feature=0 0 25 32 1 0 12 57 0 2 2 0 0 0
split_gain=4.96213 14.3764 9.2745 7.9523 7.18399 17.6944 7.57537 5.7532 4.92817 7.20338 18.5805 10.9377 7.77228 4.13689
threshold=0.51076296367955198 0.45140981726364154 1.0000000180025095e-35 1.0000000180025095e-35 1.259265268141242 0.17231669131804428 1.0000000180025095e-35 1.0000000180025095e-35 0.3398589145880257 -0.96405617077101102 0.2948204991990116 -0.027434137182851707 -0.19804713887514644 0.8090212839794878
decision_type=2 2 2 2 2 2 2 2 2 2 2 2 2 2
left_child=1 2 3 4 6 -6 7 8 9 -1 -11 12 -12 -2
right_child=13 -3 -4 -5 5 -7 -8 -9 -10 10 11 -13 -14 -15
leaf_value=-0.0037596544030950303 -0.005275144028752449 0.021702739455667076 -0.013557768492124131 -0.017924315052699636 0.040622722379685866 -0.0055984513834118847 -0.013851039299488272 -0.0082151680757455974 -0.0014364983280294042 0.03738152976303051 0.0062681577437025543 0.016546822030977636 -0.018838814034495714 -0.00010515020685819058
leaf_weight=88 494 91 95 42 40 40 64 83 167 58 72 126 51 1760
leaf_count=88 494 91 95 42 40 40 64 83 167 58 72 126 51 1760
internal_value=6.61568e-05 0.002962 0.0010775 0.00277914 0.00392376 0.0179393 0.00229631 0.00393639 0.00575378 0.00878565 0.0123828 0.00630829 -0.00427691 -0.00124191
internal_weight=3271 1017 926 831 789 80 709 645 562 395 307 249 123 2254
internal_count=3271 1017 926 831 789 80 709 645 562 395 307 249 123 2254
is_linear=0
shrinkage=0.05


Tree=46
num_leaves=15
num_cat=0
split_feature=0 6 0 19 2 0 55 2 0 61 0 0 2 1
split_gain=4.64928 7.1776 7.46766 6.62235 5.16042 4.74632 8.21321 5.16554 13.3678 9.3852 8.16801 3.6191 5.34175 10.1565
threshold=0.99907905815976361 1.0000000180025095e-35 0.43095021281008666 1.0000000180025095e-35 -1.3417191717620176 0.8090212839794878 1.0000000180025095e-35 1.1760341681780278 -0.19804713887514644 1.0000000180025095e-35 0.59444087035161242 0.62038793478367349 -0.83816850377400887 1.0000000180025095e-35
decision_type=2 2 2 2 2 2 2 2 2 2 2 2 2 2
left_child=1 3 -3 4 -1 7 -7 9 -9 11 -10 12 13 -6
right_child=-2 2 -4 -5 5 6 -8 8 10 -11 -12 -13 -14 -15
leaf_value=-0.0069096905499210831 -0.0021730463956908625 0.00033469645124746533 0.021338409393404922 0.015332233983900627 -0.0055513378150734895 0.0033436837316406683 0.026946508945074193 0.029858343154531515 -0.0058574639205092004 0.019303698413910306 0.018882459968286146 -0.0088558569769134534 -0.003597553190039383 0.021975913835922258
leaf_weight=228 1357 80 88 72 69 264 41 46 136 47 42 211 528 62
leaf_count=228 1357 80 88 72 69 264 41 46 136 47 42 211 528 62
internal_value=6.38866e-05 0.00165045 0.0114582 0.000694719 4.76036e-05 0.00115263 0.0066714 -0.000331677 0.00644114 -0.00199652 0.00012499 -0.00318886 -0.00135309 0.00761138
internal_weight=3271 1914 168 1746 1674 1446 305 1141 224 917 178 870 659 131
internal_count=3271 1914 168 1746 1674 1446 305 1141 224 917 178 870 659 131
is_linear=0
shrinkage=0.05


Tree=47
num_leaves=15
num_cat=0
split_feature=0 0 25 32 1 0 12 57 0 2 2 0 0 58
split_gain=4.38299 12.8682 8.22702 7.15101 6.42049 15.8777 6.72347 5.15462 4.28552 6.45978 16.8742 10.3241 6.66625 4.02561
threshold=0.51076296367955198 0.45140981726364154 1.0000000180025095e-35 1.0000000180025095e-35 1.259265268141242 0.17231669131804428 1.0000000180025095e-35 1.0000000180025095e-35 0.3398589145880257 -0.96405617077101102 0.2948204991990116 -0.027434137182851707 -0.19804713887514644 1.0000000180025095e-35
decision_type=2 2 2 2 2 2 2 2 2 2 2 2 2 2
left_child=1 2 3 4 6 -6 7 8 9 -1 -11 12 -12 -2
right_child=13 -3 -4 -5 5 -7 -8 -9 -10 10 11 -13 -14 -15
leaf_value=-0.0036332661389476724 -0.00052383557554771577 0.020516506730709025 -0.012780775124034317 -0.017026549529030242 0.038428937024946208 -0.0053533277252600306 -0.013059346240973383 -0.007803726566352827 -0.0012872607422408444 0.035474402451266845 0.0053593315682814438 0.015812814625701322 -0.017897932895652526 -0.0081298021830030192
leaf_weight=88 2066 91 95 42 40 40 64 83 167 58 72 126 51 188
leaf_count=88 2066 91 95 42 40 40 64 83 167 58 72 126 51 188
internal_value=6.44922e-05 0.0027861 0.00100324 0.00260593 0.00369141 0.0169412 0.00215293 0.00369806 0.00541837 0.00824562 0.0116521 0.0058647 -0.004416 -0.00116487
internal_weight=3271 1017 926 831 789 80 709 645 562 395 307 249 123 2254
internal_count=3271 1017 926 831 789 80 709 645 562 395 307 249 123 2254
is_linear=0
shrinkage=0.05


Tree=48
num_leaves=15
num_cat=0
split_feature=57 0 25 0 32 1 12 0 0 6 25 0 2 0
split_gain=4.14144 5.61226 13.1781 13.7729 7.49991 7.55631 7.29521 4.32987 10.4727 6.69236 5.75872 3.92639 10.7167 8.64928
threshold=1.0000000180025095e-35 0.51076296367955198 1.0000000180025095e-35 0.45140981726364154 1.0000000180025095e-35 1.259265268141242 1.0000000180025095e-35 0.8090212839794878 0.99356433460156934 1.0000000180025095e-35 1.0000000180025095e-35 0.26351963147456786 0.92425883418402288 -0.08094118127913888
decision_type=2 2 2 2 2 2 2 2 2 2 2 2 2 2
left_child=1 2 3 4 5 6 11 10 9 -9 -3 13 -13 -1
right_child=-2 7 -4 -5 -6 -7 -8 8 -10 -11 -12 12 -14 -15
leaf_value=0.001030583471003274 -0.0067134468194419497 -0.0071714651036053545 -0.012883150781105671 0.026076336091311721 -0.016213918851942503 0.020554776096218072 -0.012426166277322355 0.0053851923270300112 -0.0016580572033396735 0.026172808612593346 0.01009017835455862 0.0076676022879482624 -0.014561395227253714 0.017435811511639164
leaf_weight=171 209 408 103 75 42 69 64 292 1351 43 53 162 79 150
leaf_count=171 209 408 103 75 42 69 64 292 1351 43 53 162 79 150
internal_value=6.21259e-05 0.00052868 0.00380321 0.00594628 0.00383274 0.00508725 0.00332233 -0.000869088 0.000306677 0.00819295 -0.00515192 0.00515345 0.000321044 0.00875707
internal_weight=3271 3062 915 812 737 695 626 2147 1686 335 461 562 241 321
internal_count=3271 3062 915 812 737 695 626 2147 1686 335 461 562 241 321
is_linear=0
shrinkage=0.05


Tree=49
num_leaves=15
num_cat=0
split_feature=17 2 2 1 25 0 0 0 2 48 61 0 0 0
split_gain=3.96292 6.24907 6.93655 5.75419 4.29229 4.27365 4.75964 8.24203 5.05642 12.2836 9.1093 9.02354 6.83072 11.1423
threshold=1.0000000180025095e-35 -1.2158315047650154 -1.0899438377680133 1.0000000180025095e-35 1.0000000180025095e-35 1.0763949033273019 0.89893686024297825 0.9396681822355154 1.1760341681780278 1.0000000180025095e-35 1.0000000180025095e-35 -0.39529221573096024 0.26351963147456786 0.45140981726364154
decision_type=2 2 2 2 2 2 2 2 2 2 2 2 2 2
left_child=1 4 3 -3 -1 6 8 -8 9 10 -4 -10 -13 -14
right_child=-2 2 5 -5 -6 -7 7 -9 11 -11 -12 12 13 -15
leaf_value=-0.0029418779712836168 -0.0058257326404493256 0.001590126071125269 -0.0026888552875109829 0.025351458191871647 -0.018390855949372054 -0.0017849354666746723 0.025384245616191167 0.0040250908129879437 -0.014248891759577187 0.02545330762884326 0.019892625851517031 0.021037312182261774 -0.013537500528939839 0.013693325232636078
leaf_weight=461 261 48 899 53 48 852 56 209 41 42 45 95 56 105
leaf_count=461 261 48 899 53 48 852 56 209 41 42 45 95 56 105
internal_value=6.03269e-05 0.000574242 0.00160258 0.0143091 -0.00446503 0.00105638 0.00262048 0.00869506 0.00135422 -0.000372226 -0.00157263 0.00704993 0.0105451 0.00417185
internal_weight=3271 3010 2501 101 509 2400 1548 265 1283 986 944 297 256 161
internal_count=3271 3010 2501 101 509 2400 1548 265 1283 986 944 297 256 161
is_linear=0
shrinkage=0.05


Tree=50
num_leaves=15
num_cat=0
split_feature=27 0 0 25 32 1 2 2 0 0 2 0 2 0
split_gain=3.72152 4.94904 12.9488 9.31696 6.77383 7.04599 3.98108 15.7488 6.17513 12.9295 8.42295 5.89918 5.50435 4.75782
threshold=1.0000000180025095e-35 0.50577802879619316 0.4399206747174636 1.0000000180025095e-35 1.0000000180025095e-35 1.259265268141242 -0.96405617077101102 -0.33461783578599974 0.26351963147456786 0.11640286032154841 1.1760341681780278 -0.17379978201545368 0.92425883418402288 -0.25818750864996892
decision_type=2 2 2 2 2 2 2 2 2 2 2 2 2 2
left_child=1 2 3 4 5 6 -1 -8 9 10 13 -12 -10 -9
right_child=-2 -3 -4 -5 -6 -7 7 8 12 -11 11 -13 -14 -15
leaf_value=-0.0038805682653207454 -0.0061019764267640358 -0.00079051264792146946 0.022567525404937019 -0.013011638954845504 -0.015416155421090398 0.019761386745884804 0.033875418599927799 0.023039273883021155 0.0042892465075382432 0.026474307531920767 0.0028158240202490405 -0.022292555948453294 -0.014194396471915147 0.0020628132685822876
leaf_weight=152 226 2140 80 93 42 69 42 41 76 63 44 47 82 74
leaf_count=152 226 2140 80 93 42 69 42 41 76 63 44 47 82 74
internal_value=5.96634e-05 0.000520686 0.0036161 0.00172826 0.0036313 0.00483192 0.00311497 0.00538904 0.00244223 0.00703131 0.000887766 -0.0103528 -0.00536105 0.00980737
internal_weight=3271 3045 905 825 732 690 621 469 427 269 206 91 158 115
internal_count=3271 3045 905 825 732 690 621 469 427 269 206 91 158 115
is_linear=0
shrinkage=0.05


Tree=51
num_leaves=15
num_cat=0
split_feature=17 2 0 0 1 0 0 1 35 0 46 2 25 2
split_gain=3.74052 5.50152 6.64396 12.3784 11.4682 9.2606 8.13254 5.78913 5.74246 11.5145 4.30489 3.94383 3.71602 3.52685
threshold=1.0000000180025095e-35 -1.2158315047650154 -0.19804713887514644 -0.08094118127913888 0.69992303680890788 1.0000000180025095e-35 -0.53097831541696239 1.259265268141242 1.0000000180025095e-35 0.50092203037804695 1.0000000180025095e-35 -1.0899438377680133 1.0000000180025095e-35 -0.082842501791995246
decision_type=2 2 2 2 2 2 2 2 2 2 2 2 2 2
left_child=1 12 4 -4 6 -5 -3 8 10 -10 13 -2 -1 -7
right_child=11 2 3 5 -6 7 -8 -9 9 -11 -12 -13 -14 -15
leaf_value=-0.0027532025771333738 0.0084830501094637894 -0.0068740100158044166 -0.023531247102016331 0.023341250485007434 0.032739274563888712 0.0052606587572439772 0.01929627364346137 -0.0063921711681081631 0.03349985418442105 0.0016397454775869847 -0.0079951078466857315 -0.0082729722884462235 -0.017127958969678732 0.00030077680742225736
leaf_weight=461 40 76 49 45 43 500 46 240 40 88 120 221 48 1254
leaf_count=461 40 76 49 45 43 500 46 240 40 88 120 221 48 1254
internal_value=5.84889e-05 0.000557775 0.00152263 0.00083312 0.0111576 0.00137524 0.00314555 0.000913943 0.00179531 0.0119582 0.00108914 -0.00566002 -0.00417051 0.00171904
internal_weight=3271 3010 2501 2336 165 2287 122 2242 2002 128 1874 261 509 1754
internal_count=3271 3010 2501 2336 165 2287 122 2242 2002 128 1874 261 509 1754
is_linear=0
shrinkage=0.05


Tree=52
num_leaves=15
num_cat=0
split_feature=57 0 0 25 32 1 58 0 0 55 6 0 0 2
split_gain=3.46322 4.29073 11.7434 8.00304 6.32762 6.63787 3.92848 4.00311 5.01301 5.57844 6.18427 3.80001 4.87576 6.99783
threshold=1.0000000180025095e-35 0.50577802879619316 0.4399206747174636 1.0000000180025095e-35 1.0000000180025095e-35 1.259265268141242 1.0000000180025095e-35 0.72644167808127624 1.0763949033273019 1.0000000180025095e-35 1.0000000180025095e-35 -0.32791260858844135 0.3398589145880257 -0.96405617077101102
decision_type=2 2 2 2 2 2 2 2 2 2 2 2 2 2
left_child=1 2 3 4 5 11 7 -3 9 10 -9 -1 13 -13
right_child=-2 6 -4 -5 -6 -7 -8 8 -10 -11 -12 12 -14 -15
leaf_value=-0.0060580154618082374 -0.0061388438395585899 -0.0056954406708588498 0.021299577102062282 -0.012097601302360234 -0.01507439356170256 0.019097435458430224 -0.007573546231779177 0.0005251532986807495 -0.0012098552939068311 0.016094620633785698 0.017328306669819979 -0.0040036934779693742 -0.0023231873510876438 0.012098731374269568
leaf_weight=99 209 270 81 93 42 68 189 470 1084 86 60 90 172 258
leaf_count=99 209 270 81 93 42 68 189 470 1084 86 60 90 172 258
internal_value=5.71415e-05 0.000483786 0.0033739 0.00156009 0.00333076 0.00449645 -0.000727004 -6.31383e-05 0.000837045 0.00443132 0.00248539 0.00283613 0.00454616 0.00793523
internal_weight=3271 3062 903 822 729 687 2159 1970 1700 616 530 619 520 348
internal_count=3271 3062 903 822 729 687 2159 1970 1700 616 530 619 520 348
is_linear=0
shrinkage=0.05


Tree=53
num_leaves=15
num_cat=0
split_feature=17 2 2 1 1 2 0 2 49 0 2 2 25 1
split_gain=3.37897 4.81188 6.34474 5.1966 3.67272 5.66281 18.5743 4.52372 8.13851 6.56114 3.51123 3.47746 3.34447 3.30009
threshold=1.0000000180025095e-35 -1.2158315047650154 -1.0899438377680133 1.0000000180025095e-35 1.0000000180025095e-35 0.2948204991990116 0.047562749425705507 0.92425883418402288 1.0000000180025095e-35 1.0000000180025095e-35 -1.0899438377680133 -0.83816850377400887 1.0000000180025095e-35 -0.978103657188094
decision_type=2 2 2 2 2 2 2 2 2 2 2 2 2 2
left_child=1 12 3 -3 5 6 -4 9 -9 -6 -2 -11 13 -1
right_child=10 2 4 -5 7 -7 -8 8 -10 11 -12 -13 -14 -15
leaf_value=-0.011715621832020892 0.0079657656739332856 0.001497790775334579 0.038931941849157395 0.024077914452010934 -0.021436240716020065 0.00036266632724731241 0.0039475664268369412 0.00044929780142997661 0.023433672892319603 0.0073313269018763089 -0.0078453335060107415 -0.0038488313408683618 -0.016184511613566429 -0.00060109186025935442
leaf_weight=79 40 48 40 53 47 888 400 370 41 78 221 536 48 382
leaf_count=79 40 48 40 53 47 888 400 370 41 78 221 536 48 382
internal_value=5.50869e-05 0.00052963 0.00143198 0.0135842 0.000909693 0.00266529 0.00728974 -0.00126607 0.00284452 -0.00382284 -0.00538003 -0.00240936 -0.00389239 -0.00254813
internal_weight=3271 3010 2501 101 2400 1328 440 1072 411 661 261 614 509 461
internal_count=3271 3010 2501 101 2400 1328 440 1072 411 661 261 614 509 461
is_linear=0
shrinkage=0.05


Tree=54
num_leaves=15
num_cat=0
split_feature=57 0 0 25 32 0 0 2 1 0 0 2 0 0
split_gain=3.15322 3.80118 10.6378 6.97753 5.71689 6.75443 18.5878 9.32112 14.6009 7.14529 11.5562 11.4777 5.67499 3.87056
threshold=1.0000000180025095e-35 0.50577802879619316 0.4399206747174636 1.0000000180025095e-35 1.0000000180025095e-35 -0.19804713887514644 -0.37054462860911858 -0.082842501791995246 -0.41876142585576009 -0.027434137182851707 0.26351963147456786 0.92425883418402288 -0.62713853907415273 0.27530697949905797
decision_type=2 2 2 2 2 2 2 2 2 2 2 2 2 2
left_child=1 2 3 4 5 6 12 8 -7 -9 11 -11 -1 -10
right_child=-2 -3 -4 -5 -6 7 -8 9 13 10 -12 -13 -14 -15
leaf_value=0.013243660986280213 -0.0058584293271128039 -0.00067878002768425477 0.02024200530344037 -0.011297785392472226 -0.014385606599865819 0.030639640130407986 0.038498684488236908 -0.01851717093368135 -0.0087932218512488097 -0.0050835985915157304 -0.0085343384711994812 0.02523050689664872 -0.0096980339074174745 0.0085109257866462628
leaf_weight=50 209 2159 81 93 42 59 48 61 56 56 165 67 54 71
leaf_count=50 209 2159 81 93 42 59 48 61 56 56 165 67 54 71
internal_value=5.37493e-05 0.000460852 0.0031811 0.00145486 0.0031082 0.00421635 0.0134449 0.00155409 0.0105336 -0.00326427 7.17991e-05 0.0115685 0.0013734 0.000862719
internal_weight=3271 3062 903 822 729 687 152 535 186 349 288 123 104 127
internal_count=3271 3062 903 822 729 687 152 535 186 349 288 123 104 127
is_linear=0
shrinkage=0.05


Tree=55
num_leaves=15
num_cat=0
split_feature=17 2 0 0 1 0 0 1 35 0 46 2 0 2
split_gain=3.09708 4.4553 5.74827 11.2349 10.9473 8.20251 6.64153 5.19301 4.6545 10.2482 3.86558 3.03695 2.97618 2.90943
threshold=1.0000000180025095e-35 -1.2158315047650154 -0.19804713887514644 -0.08094118127913888 0.69992303680890788 1.0000000180025095e-35 -0.53097831541696239 1.259265268141242 1.0000000180025095e-35 0.50092203037804695 1.0000000180025095e-35 -1.0899438377680133 0.90769220432586895 -0.082842501791995246
decision_type=2 2 2 2 2 2 2 2 2 2 2 2 2 2
left_child=1 -1 4 -4 6 -5 -3 8 10 -10 13 -2 -11 -7
right_child=11 2 3 5 -6 7 -8 -9 9 12 -12 -13 -14 -15
leaf_value=-0.0037479986644179358 0.0072645153007691813 -0.0065292878104791716 -0.022477630241865332 0.021923495615099341 0.031420698294209112 0.0048290238767147251 0.01711817770653094 -0.0061032473347544256 0.031122607914342855 -0.0075574229723618675 -0.0075928255330225394 -0.0074428801368420843 0.010448390998962252 0.00032405307711145452
leaf_weight=509 40 76 49 45 43 500 46 240 40 46 120 221 42 1254
leaf_count=509 40 76 49 45 43 500 46 240 40 46 120 221 42 1254
internal_value=5.2697e-05 0.000507015 0.00137529 0.000733977 0.0103372 0.0012505 0.00251926 0.000816396 0.00165119 0.0108009 0.00101538 -0.00515077 0.00107748 0.00161229
internal_weight=3271 3010 2501 2336 165 2287 122 2242 2002 128 1874 261 88 1754
internal_count=3271 3010 2501 2336 165 2287 122 2242 2002 128 1874 261 88 1754
is_linear=0
shrinkage=0.05


Tree=56
num_leaves=15
num_cat=0
split_feature=3 57 0 0 0 0 1 2 0 0 0 0 0 49
split_gain=3.00304 3.27681 4.71226 17.3266 5.83783 5.76443 4.7097 3.33071 9.79605 4.56364 9.26435 4.15202 10.249 6.876
threshold=1.0000000180025095e-35 1.0000000180025095e-35 -0.19804713887514644 -0.32791260858844135 -0.095299798669685229 -0.015191260322037617 1.0000000180025095e-35 1.1760341681780278 0.27530697949905797 0.45140981726364154 0.8090212839794878 0.8090212839794878 0.99102966624031885 1.0000000180025095e-35
decision_type=2 2 2 2 2 2 2 2 2 2 2 2 2 2
left_child=1 2 3 6 -4 -6 -1 11 -9 -10 -11 -7 13 -13
right_child=-2 -3 4 -5 5 7 -8 8 9 10 -12 12 -14 -15
leaf_value=-0.0094245531271527801 -0.0067180727835082698 -0.005626433969848299 -0.016438248057794921 0.035516985890765983 0.015584300600716638 -0.0032372501859701149 0.009499729713875681 0.027388777630403639 -0.012201511131133885 0.019161070373191157 -0.0011389249079530278 0.014553651456139051 -0.00077257578747525119 -0.0058271842862628754
leaf_weight=68 154 209 49 43 61 837 60 40 48 74 215 198 1164 51
leaf_count=68 154 209 49 43 61 837 60 40 48 74 215 198 1164 51
internal_value=5.19869e-05 0.000390565 0.000826581 0.00882965 0.00032049 0.000637982 -0.000544119 0.000279331 0.00461569 0.00176702 0.00415496 -0.000450705 0.00120217 0.0103661
internal_weight=3271 3117 2908 171 2737 2688 128 2627 377 337 289 2250 1413 249
internal_count=3271 3117 2908 171 2737 2688 128 2627 377 337 289 2250 1413 249
is_linear=0
shrinkage=0.05


Tree=57
num_leaves=15
num_cat=0
split_feature=17 2 2 1 1 2 0 2 49 0 0 0 1 0
split_gain=2.82522 4.02813 5.60824 4.70767 3.20352 4.99496 16.5995 3.82441 7.51287 6.62295 3.3909 5.3293 3.17239 5.53685
threshold=1.0000000180025095e-35 -1.2158315047650154 -1.0899438377680133 1.0000000180025095e-35 1.0000000180025095e-35 0.2948204991990116 0.047562749425705507 0.92425883418402288 1.0000000180025095e-35 1.0000000180025095e-35 0.11640286032154841 0.99102966624031885 0.69992303680890788 0.64218411808915488
decision_type=2 2 2 2 2 2 2 2 2 2 2 2 2 2
left_child=1 -1 3 -3 5 6 -4 9 10 -6 -9 12 -12 -14
right_child=-2 2 4 -5 7 -7 -8 8 -10 -11 11 -13 13 -15
leaf_value=-0.0035607454328708456 -0.0049186132202445471 0.0012402831721699387 0.036714940694426851 0.022723285450854086 -0.021257866859645109 0.00029689990314314918 0.0036435520593691602 -0.010212616508943029 0.022349239963778231 -0.0021439361045761502 0.014988261178453886 -0.0059693539996584092 -0.0087721563244270075 0.013084847140207627
leaf_weight=509 261 48 40 53 47 888 400 62 41 614 80 116 57 55
leaf_count=509 261 48 40 53 47 888 400 62 41 614 80 116 57 55
internal_value=5.12305e-05 0.00048515 0.00131075 0.0127359 0.000819741 0.00245938 0.00680257 -0.00121225 0.00256742 -0.00356305 0.000267003 0.00242882 0.00751194 0.00200245
internal_weight=3271 3010 2501 101 2400 1328 440 1072 411 661 370 308 192 112
internal_count=3271 3010 2501 101 2400 1328 440 1072 411 661 370 308 192 112
is_linear=0
shrinkage=0.05


Tree=58
num_leaves=15
num_cat=0
split_feature=3 2 27 0 1 0 0 0 1 6 0 2 63 2
split_gain=2.75682 3.33565 3.06091 4.3345 16.5874 6.53263 5.4364 5.08763 3.41418 3.8839 10.0951 3.43762 2.5525 5.45073
threshold=1.0000000180025095e-35 0.42070816619601387 1.0000000180025095e-35 -0.19804713887514644 0.69992303680890788 -0.37054462860911858 -0.095299798669685229 -0.015191260322037617 1.259265268141242 1.0000000180025095e-35 0.50092203037804695 1.0501465011810254 1.0000000180025095e-35 -0.71228083677700649
decision_type=2 2 2 2 2 2 2 2 2 2 2 2 2 2
left_child=2 -2 3 4 5 -1 -5 -8 9 12 -11 -12 -9 -14
right_child=1 -3 -4 6 -6 -7 7 8 -10 10 11 -13 13 -15
leaf_value=-0.0089420493719551495 -0.016072626154984167 -0.00087028389224911684 -0.0052031955497672281 -0.015686245472170412 0.034600301409761107 0.014288238627202016 0.014564825711067897 5.6455038069911116e-05 -0.0047906649772573653 0.029512056770424053 0.010216674592017874 -0.0087725389820451916 -0.0037721706794691273 0.019461559264275893
leaf_weight=83 55 99 226 50 43 45 62 2087 291 40 42 50 48 50
leaf_count=83 55 99 226 50 43 45 62 2087 291 40 42 50 48 50
internal_value=5.04473e-05 -0.00643614 0.000374848 0.0008142 0.00848836 -0.000680977 0.000325861 0.00063723 0.000295222 0.000937557 0.00920051 -7.06207e-05 0.000430419 0.00823393
internal_weight=3271 154 3117 2891 171 128 2720 2670 2608 2317 132 92 2185 98
internal_count=3271 154 3117 2891 171 128 2720 2670 2608 2317 132 92 2185 98
is_linear=0
shrinkage=0.05


Tree=59
num_leaves=15
num_cat=0
split_feature=49 2 0 0 0 0 2 0 2 2 0 0 2 28
split_gain=2.6774 30.6563 5.05161 12.5354 6.77188 10.3024 4.89106 4.52415 4.44094 16.6626 4.43405 12.0839 14.4522 3.97157
threshold=1.0000000180025095e-35 1.1760341681780278 -0.095299798669685229 -0.2757413877466956 0.51076296367955198 0.45140981726364154 1.1760341681780278 0.90769220432586895 -0.082842501791995246 -0.96405617077101102 0.26351963147456786 0.11640286032154841 0.92425883418402288 1.0000000180025095e-35
decision_type=2 2 2 2 2 2 2 2 2 2 2 2 2 2
left_child=2 7 3 6 5 8 -1 -2 9 -4 11 -10 -13 -6
right_child=1 -3 4 -5 13 -7 -8 -9 10 -11 -12 12 -14 -15
leaf_value=0.0055678063100701525 -0.0064238799923711891 0.044284496669258391 -0.00087326059583574538 -0.022735296872574404 -0.00059575662897448005 0.020964710124603967 -0.013089686246530619 0.0050795356231385178 -0.0074124734498461535 0.032096967898871537 -0.0081736629716086077 -0.0043694787788703003 0.03586186951336761 -0.0093246458073346205
leaf_weight=129 179 40 138 84 1889 83 46 160 111 51 136 41 46 138
leaf_count=129 179 40 138 84 1889 83 46 160 111 51 136 41 46 138
internal_value=4.97151e-05 0.00398979 -0.000469037 -0.00710405 0.000188525 0.00481709 0.00057106 -0.000996591 0.00218436 0.0082664 -0.00128599 0.00347936 0.0172301 -0.00119863
internal_weight=3271 379 2892 259 2633 606 175 339 523 189 334 198 87 2027
internal_count=3271 379 2892 259 2633 606 175 339 523 189 334 198 87 2027
is_linear=0
shrinkage=0.05


Tree=60
num_leaves=15
num_cat=0
split_feature=17 2 2 1 25 12 1 2 0 2 49 0 2 0
split_gain=2.63034 3.47202 5.22408 4.25359 2.99136 3.2182 2.8169 4.54523 15.1221 3.34569 6.41661 6.01054 3.14492 2.99619
threshold=1.0000000180025095e-35 -1.2158315047650154 -1.0899438377680133 1.0000000180025095e-35 1.0000000180025095e-35 1.0000000180025095e-35 1.0000000180025095e-35 0.2948204991990116 0.047562749425705507 0.92425883418402288 1.0000000180025095e-35 1.0000000180025095e-35 -0.83816850377400887 0.11640286032154841
decision_type=2 2 2 2 2 2 2 2 2 2 2 2 2 2
left_child=1 4 3 -3 5 -1 7 8 -4 11 13 -8 -13 -11
right_child=-2 2 6 -5 -6 -7 9 -9 -10 10 -12 12 -14 -15
leaf_value=-0.00047024224942019506 -0.0047459874185733497 0.0013276849500834943 0.034991217010454941 0.021755274507132445 -0.01491060723271221 -0.013257177794028914 -0.020200103489035854 0.00023550087139023509 0.0034263931731293817 -0.0095864634553436204 0.020672197609620038 0.0072690339174005213 -0.0033613998719388173 0.0022964735444615907
leaf_weight=407 261 48 40 53 48 54 47 888 400 62 41 78 536 308
leaf_count=407 261 48 40 53 48 54 47 888 400 62 41 78 536 308
internal_value=4.93942e-05 0.000468082 0.00123457 0.0122614 -0.00328818 -0.00201886 0.000760699 0.00229822 0.00644127 -0.00114473 0.0023905 -0.00334346 -0.00199174 0.000264444
internal_weight=3271 3010 2501 101 509 461 2400 1328 440 1072 411 661 614 370
internal_count=3271 3010 2501 101 509 461 2400 1328 440 1072 411 661 614 370
is_linear=0
shrinkage=0.05


Tree=61
num_leaves=15
num_cat=0
split_feature=53 2 49 0 0 29 0 0 0 1 2 0 0 35
split_gain=2.57126 2.55099 27.4598 19.2749 14.9957 4.85584 5.55479 12.1909 6.79695 4.82303 7.63093 3.19109 7.27718 4.63607
threshold=1.0000000180025095e-35 1.1760341681780278 1.0000000180025095e-35 0.10617590604400164 0.8090212839794878 1.0000000180025095e-35 -0.62713853907415273 -0.22035241581602258 -0.054533843223597687 0.69992303680890788 1.3019218351750299 0.8090212839794878 1.0557426000633894 1.0000000180025095e-35
decision_type=2 2 2 2 2 2 2 2 2 2 2 2 2 2
left_child=1 5 3 -3 9 6 -1 -8 -9 10 -5 13 -13 -10
right_child=-2 2 -4 4 -6 -7 7 8 11 -11 -12 12 -14 -15
leaf_value=0.01265384016237156 0.012053161822471091 -0.018659727244362743 0.041860073716157964 0.034792750338092447 -0.0034143125440069793 0.0097727309875102406 -0.020861810001344246 0.016638242056877871 -0.0026148818114660123 0.0023291891884236111 0.0079365219208949178 0.0059254343200009323 -0.0019843828161176021 -0.016763145667350581
leaf_weight=69 42 108 40 58 207 104 77 52 903 40 50 398 1063 60
leaf_count=69 42 108 40 58 207 104 77 52 903 40 50 398 1063 60
internal_value=4.77019e-05 -0.000115819 0.00314862 -0.000361443 0.00527871 -0.000720038 -0.00114336 -0.00152587 -0.000908197 0.0173206 0.0227297 -0.00129801 0.000175534 -0.00352931
internal_weight=3271 3229 503 463 355 2726 2622 2553 2476 148 108 2424 1461 963
internal_count=3271 3229 503 463 355 2726 2622 2553 2476 148 108 2424 1461 963
is_linear=0
shrinkage=0.05


Tree=62
num_leaves=15
num_cat=0
split_feature=27 0 0 25 1 12 0 0 6 25 2 0 0 2
split_gain=2.64762 2.9899 8.26879 5.78527 4.7043 4.8727 3.51816 6.24269 5.27744 4.3802 3.22664 3.02627 5.81875 4.31009
threshold=1.0000000180025095e-35 0.50577802879619316 0.4399206747174636 1.0000000180025095e-35 1.259265268141242 1.0000000180025095e-35 0.8090212839794878 0.99356433460156934 1.0000000180025095e-35 1.0000000180025095e-35 0.54659583319301619 -0.22035241581602258 -0.03638325773648244 1.0501465011810254
decision_type=2 2 2 2 2 2 2 2 2 2 2 2 2 2
left_child=1 2 3 4 5 11 9 8 -8 -3 -9 -1 13 -13
right_child=-2 6 -4 -5 -6 -7 7 10 -10 -11 -12 12 -14 -15
leaf_value=-0.0041647187960868488 -0.0051493811139504001 -0.0061735691668358275 0.01798670126079786 -0.010280794848834998 0.014614006374521475 -0.011538488446967678 0.0040913025334805416 0.001037826925768312 0.022542100805375314 0.0085193024193546893 -0.0039399440559121706 0.027717524698088053 0.0021233770368101002 0.0046352901185552275
leaf_weight=120 226 414 80 93 74 63 291 780 43 56 556 41 394 40
leaf_count=120 226 414 80 93 74 63 291 780 43 56 556 41 394 40
internal_value=4.77507e-05 0.000436609 0.00284255 0.00133408 0.00283373 0.00146863 -0.000582562 0.000494162 0.00658674 -0.00439425 -0.00103655 0.0028799 0.00466959 0.0167052
internal_weight=3271 3045 905 825 732 658 2140 1670 334 470 1336 595 475 81
internal_count=3271 3045 905 825 732 658 2140 1670 334 470 1336 595 475 81
is_linear=0
shrinkage=0.05


Tree=63
num_leaves=15
num_cat=0
split_feature=3 0 0 2 0 0 2 18 2 0 0 0 0 0
split_gain=2.46337 3.09751 15.006 5.12789 5.11702 4.7625 3.02072 2.62047 2.51928 6.89921 4.42431 7.17744 3.50634 7.50674
threshold=1.0000000180025095e-35 -0.19804713887514644 -0.32791260858844135 -1.0899438377680133 -0.095299798669685229 -0.015191260322037617 0.42070816619601387 1.0000000180025095e-35 1.1760341681780278 0.27530697949905797 0.45140981726364154 0.8090212839794878 0.8090212839794878 0.99102966624031885
decision_type=2 2 2 2 2 2 2 2 2 2 2 2 2 2
left_child=1 2 3 -1 -3 -6 -2 8 12 -10 -11 -12 -7 -14
right_child=6 4 -4 -5 5 7 -8 -9 9 10 11 -13 13 -15
leaf_value=0.01401062235236168 -0.015254604983911442 -0.015322688544445016 0.031464238476979996 -0.00575722643289744 0.013699462953809416 -0.0029729139800215815 -0.00078862854210420125 -0.011930649697213719 0.022219058113793533 -0.011775082378234301 0.016192847514425273 -0.00097985969864771718 0.0084371423529969024 -0.00073652214368201516
leaf_weight=42 55 52 44 127 62 898 99 44 43 52 82 220 273 1178
leaf_count=42 55 52 44 127 62 898 99 44 43 52 82 220 273 1178
internal_value=4.72581e-05 0.000353908 0.00614484 -0.000738098 -7.47765e-05 0.000213779 -0.00608438 -9.55018e-05 0.000102682 0.00377612 0.00142364 0.00375878 -0.000520844 0.000998705
internal_weight=3271 3117 213 169 2904 2852 154 2790 2746 397 354 302 2349 1451
internal_count=3271 3117 213 169 2904 2852 154 2790 2746 397 354 302 2349 1451
is_linear=0
shrinkage=0.05


Tree=64
num_leaves=15
num_cat=0
split_feature=57 0 0 25 32 1 0 0 2 2 0 0 6 25
split_gain=2.40613 2.7349 7.51011 5.1991 4.49873 5.83227 3.14935 4.85976 4.7094 3.40137 3.14399 5.38914 4.72824 3.95608
threshold=1.0000000180025095e-35 0.50577802879619316 0.4399206747174636 1.0000000180025095e-35 1.0000000180025095e-35 1.259265268141242 -0.22035241581602258 -0.03638325773648244 0.79837116718702072 1.0000000180025095e-35 0.8090212839794878 0.99356433460156934 1.0000000180025095e-35 1.0000000180025095e-35
decision_type=2 2 2 2 2 2 2 2 2 2 2 2 2 2
left_child=1 2 3 4 5 6 9 8 -8 -1 13 12 -12 -3
right_child=-2 10 -4 -5 -6 -7 7 -9 -10 -11 11 -13 -14 -15
leaf_value=-0.014433102232955949 -0.0051183783282609703 -0.0058377339643857452 0.017044281114049886 -0.0097495455037508363 -0.012832002996848051 0.017352818120270969 0.026709405340564749 0.0016363817031598378 0.0031389686886383141 0.0020243561373239284 0.0037504044887261331 -0.00096282647516816259 0.021208467723594773 0.008119367993163781
leaf_weight=52 209 417 81 93 42 68 40 409 44 74 292 1351 43 56
leaf_count=52 209 417 81 93 42 68 40 409 44 74 292 1351 43 56
internal_value=4.61327e-05 0.000401753 0.00270913 0.0012586 0.00268576 0.00366894 0.00211466 0.00391665 0.0147231 -0.004887 -0.00056492 0.000446858 0.00610386 -0.00415808
internal_weight=3271 3062 903 822 729 687 619 493 84 126 2159 1686 335 473
internal_count=3271 3062 903 822 729 687 619 493 84 126 2159 1686 335 473
is_linear=0
shrinkage=0.05


Tree=65
num_leaves=15
num_cat=0
split_feature=17 2 0 1 0 0 0 1 46 35 0 2 0 1
split_gain=2.38761 3.09205 5.6083 9.85022 8.96084 6.1521 4.79705 4.23555 3.39452 2.78095 8.97248 2.7156 2.69989 2.64696
threshold=1.0000000180025095e-35 -1.2158315047650154 -0.19804713887514644 0.69992303680890788 -0.08094118127913888 1.0000000180025095e-35 -0.53097831541696239 1.259265268141242 1.0000000180025095e-35 1.0000000180025095e-35 0.50092203037804695 0.42070816619601387 0.37443825546775561 -0.978103657188094
decision_type=2 2 2 2 2 2 2 2 2 2 2 2 2 2
left_child=1 13 3 6 -4 -6 -3 8 9 -7 -11 -2 -9 -1
right_child=11 2 4 -5 5 7 -8 12 -10 10 -12 -13 -14 -15
leaf_value=-0.010885978820578103 0.00072334566128317472 -0.0050987510344921022 -0.020195168139887792 0.030019650720059871 0.018899281667743593 0.0013713583769502146 0.015002141240984201 -0.016848517785018141 -0.0067119321740064467 0.027968043328395916 -0.00011801981677611669 -0.0094334575046292127 -0.0031046389179682594 -0.0014293038619827506
leaf_weight=88 127 76 49 43 45 1754 46 42 120 40 88 134 198 421
leaf_count=88 127 76 49 43 45 1754 46 42 120 40 88 134 198 421
internal_value=4.54164e-05 0.000444318 0.00116765 0.0100197 0.000534361 0.000995758 0.0026 0.000619885 0.0013739 0.00189604 0.00895412 -0.00452334 -0.00562918 -0.00310046
internal_weight=3271 3010 2501 165 2336 2287 122 2242 2002 1882 128 261 240 509
internal_count=3271 3010 2501 165 2336 2287 122 2242 2002 1882 128 261 240 509
is_linear=0
shrinkage=0.05


Tree=66
num_leaves=15
num_cat=0
split_feature=53 34 49 2 0 0 0 0 2 0 0 0 28 58
split_gain=2.2905 2.3473 2.33801 24.6411 7.33653 10.8483 5.10362 4.37276 3.53785 2.83533 2.65676 8.41741 3.31006 3.03527
threshold=1.0000000180025095e-35 1.0000000180025095e-35 1.0000000180025095e-35 1.1760341681780278 -0.1208278937464122 -0.32791260858844135 -0.03638325773648244 0.90769220432586895 -0.83816850377400887 2.0152616608478309 0.51076296367955198 0.45140981726364154 1.0000000180025095e-35 1.0000000180025095e-35
decision_type=2 2 2 2 2 2 2 2 2 2 2 2 2 2
left_child=1 2 4 7 5 8 -6 -4 -1 -9 11 13 -12 -8
right_child=-2 -3 3 -5 6 -7 10 9 -10 -11 12 -13 -14 -15
leaf_value=0.0088332778960466384 0.011374815842348406 0.0092951287150096432 -0.0064338106345591135 0.039496797447403274 0.015338974266163655 -0.023913528572586253 -0.0011388755531759021 0.0089346207003503791 -0.0067256624695050341 -0.0057481425541007656 -0.00063429886210626424 0.017397643636115435 -0.008615845040185378 0.012792234963109328
leaf_weight=53 42 63 179 40 51 80 429 116 107 44 1807 81 138 41
leaf_count=53 42 63 179 40 51 80 429 116 107 44 1807 81 138 41
internal_value=4.37615e-05 -0.000110573 -0.000303486 0.00337065 -0.000805185 -0.0091247 -1.47054e-05 -0.00109868 -0.00152634 0.00487574 -0.000340452 0.00271829 -0.00120887 0.000125446
internal_weight=3271 3229 3166 379 2787 240 2547 339 160 160 2496 551 1945 470
internal_count=3271 3229 3166 379 2787 240 2547 339 160 160 2496 551 1945 470
is_linear=0
shrinkage=0.05


Tree=67
num_leaves=15
num_cat=0
split_feature=57 0 1 2 0 1 0 0 35 0 2 63 2 2
split_gain=2.18465 2.46542 11.2546 4.77545 6.14521 3.70776 2.5336 3.8242 2.95028 8.60377 3.1658 2.13444 3.9206 2.52529
threshold=1.0000000180025095e-35 -0.19804713887514644 0.69992303680890788 1.0000000180025095e-35 -0.53097831541696239 1.259265268141242 -0.095299798669685229 -0.015191260322037617 1.0000000180025095e-35 0.50092203037804695 1.0501465011810254 1.0000000180025095e-35 -0.71228083677700649 -0.082842501791995246
decision_type=2 2 2 2 2 2 2 2 2 2 2 2 2 2
left_child=1 2 3 -1 -5 6 -3 -8 11 -10 -11 13 -13 -9
right_child=-2 5 -4 4 -6 -7 7 8 9 10 -12 12 -14 -15
leaf_value=-0.01287001515484669 -0.0048773693036667613 -0.010615863825422617 0.026520868284361704 -0.0074529931290335085 0.01934111399012943 -0.0051419204197196864 0.013028787103082454 0.0019101880952082297 0.026535992313265089 0.0084908389218617247 -0.0091304827051667068 -0.0031567145264707504 0.016287672158161348 -0.0015412048776730694
leaf_weight=53 209 47 47 41 41 308 61 866 40 48 50 48 53 1359
leaf_count=53 209 47 47 41 41 308 61 866 40 48 50 48 53 1359
internal_value=4.37199e-05 0.000382578 0.00599381 -0.00143549 0.00608559 2.40663e-05 0.000646214 0.000864081 0.000552603 0.00760192 -0.000502432 0.0001282 0.00716491 -0.000197367
internal_weight=3271 3062 182 135 82 2880 2572 2525 2464 138 98 2326 101 2225
internal_count=3271 3062 182 135 82 2880 2572 2525 2464 138 98 2326 101 2225
is_linear=0
shrinkage=0.05


Tree=68
num_leaves=15
num_cat=0
split_feature=17 2 0 1 0 0 0 1 46 25 12 1 0 0
split_gain=2.12828 2.76647 5.16167 8.3079 7.777 5.10073 4.07234 3.48598 2.95969 2.57909 2.93431 2.47757 2.47737 3.31446
threshold=1.0000000180025095e-35 -1.2158315047650154 -0.19804713887514644 0.69992303680890788 -0.08094118127913888 1.0000000180025095e-35 -0.53097831541696239 1.259265268141242 1.0000000180025095e-35 1.0000000180025095e-35 1.0000000180025095e-35 -0.978103657188094 0.82469895038086805 1.2510964260998845
decision_type=2 2 2 2 2 2 2 2 2 2 2 2 2 2
left_child=1 9 3 6 -4 -6 -3 8 -7 10 11 -1 -13 -14
right_child=-2 2 4 -5 5 7 -8 -9 -10 -11 -12 12 13 -15
leaf_value=-0.0086292446158788075 -0.0042702276468699263 -0.0043255551646535209 -0.018815157619104083 0.027965690526697375 0.017228501779522669 0.0017557269643798069 0.014198337549654147 -0.0050851199363910575 -0.00628199076020449 -0.013724189272150397 -0.012486046619181124 -0.002750291307229953 0.016921960810820261 0.0013860022562796311
leaf_weight=71 261 76 49 43 45 1882 46 240 120 48 54 168 46 122
leaf_count=71 261 76 49 43 45 1882 46 240 120 48 54 168 46 122
internal_value=4.32855e-05 0.000419901 0.00110409 0.00959631 0.000496559 0.000926399 0.00277522 0.00058413 0.00126816 -0.00293306 -0.00175504 -0.000277178 0.00152831 0.00578893
internal_weight=3271 3010 2501 165 2336 2287 122 2242 2002 509 461 407 336 168
internal_count=3271 3010 2501 165 2336 2287 122 2242 2002 509 461 407 336 168
is_linear=0
shrinkage=0.05


Tree=69
num_leaves=15
num_cat=0
split_feature=3 2 0 0 2 0 0 18 2 0 0 0 29 0
split_gain=2.2133 2.76865 2.5404 13.2677 5.20841 3.43828 3.08675 2.25774 2.00412 6.06676 4.1811 6.2435 3.31191 3.16892
threshold=1.0000000180025095e-35 0.42070816619601387 -0.19804713887514644 -0.32791260858844135 -1.0899438377680133 -0.095299798669685229 -0.015191260322037617 1.0000000180025095e-35 1.1760341681780278 0.27530697949905797 0.45140981726364154 0.99356433460156934 1.0000000180025095e-35 0.8090212839794878
decision_type=2 2 2 2 2 2 2 2 2 2 2 2 2 2
left_child=2 -2 3 4 -1 -4 -7 8 12 -10 -11 -12 13 -8
right_child=1 -3 5 -5 -6 6 7 -9 9 10 11 -13 -14 -15
leaf_value=0.01397261075590822 -0.014550036298450114 -0.00070202148261267958 -0.012555266318290874 0.029384271666893492 -0.0059502140451006078 0.011037083121846081 -0.0032087569840835699 -0.01105435702889024 0.020685615539550783 -0.01164268605514533 0.011751309714924831 -0.0027079747311125339 0.0089119972575425199 0.0006466111144422988
leaf_weight=42 55 99 52 44 127 62 857 44 43 52 128 174 89 1403
leaf_count=42 55 99 52 44 127 62 857 44 43 52 128 174 89 1403
internal_value=4.12156e-05 -0.00577087 0.000331887 0.00557625 -0.000893466 -5.63451e-05 0.000180184 -6.88137e-05 0.000115128 0.00339151 0.00118641 0.00345746 -0.000441022 -0.000816903
internal_weight=3271 154 3117 213 169 2904 2852 2790 2746 397 354 302 2349 2260
internal_count=3271 154 3117 213 169 2904 2852 2790 2746 397 354 302 2349 2260
is_linear=0
shrinkage=0.05


Tree=70
num_leaves=15
num_cat=0
split_feature=53 34 2 31 19 2 49 2 0 0 0 0 6 2
split_gain=2.03311 2.08154 2.2583 6.37894 5.53082 5.41009 6.53731 17.0549 10.0855 14.1618 13.853 5.87378 6.35783 4.91491
threshold=1.0000000180025095e-35 1.0000000180025095e-35 -0.082842501791995246 1.0000000180025095e-35 1.0000000180025095e-35 0.92425883418402288 1.0000000180025095e-35 1.1760341681780278 0.055094874829955953 0.26351963147456786 0.38446136457468616 0.9792320389769511 1.0000000180025095e-35 -0.2087301687889975
decision_type=2 2 2 2 2 2 2 2 2 2 2 2 2 2
left_child=1 2 4 5 13 -4 8 -8 -7 -10 -11 12 -12 -1
right_child=-2 -3 3 -5 -6 6 7 -9 9 10 11 -13 -14 -15
leaf_value=-0.00026921261370550613 0.010715639528246937 0.0087520620943262028 -0.0045142759916722034 0.017272110664182241 0.015050132957278818 -0.012806537156124457 -0.0037409092571872929 0.037287586683496125 0.024030964388870278 -0.026895664076563783 0.0022255732948774963 -0.0036119850367251414 0.018437080519108834 0.013312692981882311
leaf_weight=1076 42 63 926 43 68 140 63 40 63 44 261 296 77 69
leaf_count=1076 42 63 926 43 68 140 63 40 63 44 261 296 77 69
internal_value=4.01941e-05 -0.00010521 -0.000286874 -0.00133878 0.00140617 -0.0017754 0.000805971 0.0125992 -0.000598225 0.0017366 -0.000399584 0.00151806 0.00600546 0.000571046
internal_weight=3271 3229 3166 1953 1213 1910 984 103 881 741 678 634 338 1145
internal_count=3271 3229 3166 1953 1213 1910 984 103 881 741 678 634 338 1145
is_linear=0
shrinkage=0.05


Tree=71
num_leaves=15
num_cat=0
split_feature=28 3 0 0 2 0 0 2 0 1 35 0 0 0
split_gain=1.98841 2.17646 3.51356 13.0032 3.85875 3.1799 3.1277 2.53179 2.2529 2.24164 2.13793 8.11839 3.25968 2.08771
threshold=1.0000000180025095e-35 1.0000000180025095e-35 -0.19804713887514644 -0.32791260858844135 -1.0899438377680133 -0.095299798669685229 -0.015191260322037617 0.42070816619601387 -0.77586898813193661 1.259265268141242 1.0000000180025095e-35 0.50092203037804695 0.91974466046048564 0.42240415670532905
decision_type=2 2 2 2 2 2 2 2 2 2 2 2 2 2
left_child=1 2 3 4 -1 -4 -7 -3 -6 10 -8 -12 -13 -2
right_child=13 7 5 -5 8 6 9 -9 -10 -11 11 12 -14 -15
leaf_value=0.013318586243655195 0.0042841380936842338 -0.013782940065618933 -0.012298093924997375 0.031792456621215458 0.0054588103580266931 0.011437244531753961 0.00029455915115450993 -0.00054343684022038221 -0.0086800296577703526 -0.0039896032336501526 0.025063411788003233 -0.009429374804550951 0.0085056250399731578 -0.0073458122913640502
leaf_weight=42 49 55 48 40 41 61 2168 99 81 287 40 53 45 162
leaf_count=42 49 55 48 40 41 61 2168 99 81 287 40 53 45 162
internal_value=4.10945e-05 0.000366011 0.000674429 0.00696887 0.000604242 0.000194398 0.000429426 -0.00538791 -0.00391705 0.000161854 0.000681545 0.00667009 -0.00118851 -0.00463015
internal_weight=3271 3060 2906 204 164 2702 2654 154 122 2593 2306 138 98 211
internal_count=3271 3060 2906 204 164 2702 2654 154 122 2593 2306 138 98 211
is_linear=0
shrinkage=0.05


Tree=72
num_leaves=15
num_cat=0
split_feature=27 17 0 1 2 0 0 2 0 46 1 2 0 1
split_gain=1.86153 2.17693 3.50687 12.8141 6.05161 4.34214 2.74225 2.3852 2.5484 2.25742 1.85312 2.43476 2.88948 2.03473
threshold=1.0000000180025095e-35 1.0000000180025095e-35 -0.19804713887514644 0.69992303680890788 1.0000000180025095e-35 -0.095299798669685229 -0.015191260322037617 0.42070816619601387 1.1841541197143088 1.0000000180025095e-35 1.259265268141242 -1.46760683875902 1.0449317084585361 -0.978103657188094
decision_type=2 2 2 2 2 2 2 2 2 2 2 2 2 2
left_child=1 2 3 4 -1 -4 -7 8 -3 10 11 12 -8 -13
right_child=-2 7 5 -5 -6 6 9 -9 -10 -11 -12 13 -14 -15
leaf_value=-0.013611105334598059 -0.0043174438385840249 0.0075284941304151129 -0.014414985720258284 0.031694027852444427 0.0085954898817150235 0.010830849275225774 -0.012848606059471003 -0.0085843217403367717 -0.0064408939286705949 -0.0060412999804403626 -0.0032596401204293096 -0.0015188021690593653 0.0030388143106112975 0.0024058943258466708
leaf_weight=49 226 67 47 40 75 62 63 134 60 129 261 415 50 1593
leaf_count=49 226 67 47 40 75 62 63 134 60 129 261 415 50 1593
internal_value=4.03867e-05 0.000366447 0.000776705 0.00782431 -0.000256458 0.000329925 0.000610252 -0.00398227 0.000931246 0.000349472 0.00070035 0.00119026 -0.00588818 0.00159406
internal_weight=3271 3045 2784 164 124 2620 2573 261 127 2511 2382 2121 113 2008
internal_count=3271 3045 2784 164 124 2620 2573 261 127 2511 2382 2121 113 2008
is_linear=0
shrinkage=0.05


Tree=73
num_leaves=15
num_cat=0
split_feature=3 2 0 0 0 2 2 63 2 2 0 0 0 2
split_gain=1.82474 2.31156 2.12488 4.04732 6.83129 12.9452 4.39464 1.63464 5.66881 1.74499 4.43878 4.60963 5.57043 3.00548
threshold=1.0000000180025095e-35 0.42070816619601387 -0.03638325773648244 -0.32791260858844135 -0.19804713887514644 0.54659583319301619 -1.0899438377680133 1.0000000180025095e-35 -0.83816850377400887 1.1760341681780278 0.26351963147456786 0.45140981726364154 0.8090212839794878 -0.082842501791995246
decision_type=2 2 2 2 2 2 2 2 2 2 2 2 2 2
left_child=2 -2 3 6 -5 -6 -1 9 -9 13 -11 -12 -13 -4
right_child=1 -3 7 4 5 -7 -8 8 -10 10 11 12 -14 -15
leaf_value=0.012783132332631134 -0.013260891572817377 -0.00060829028307395712 0.0010755229632634197 0.026379892892272556 0.022645675714755821 -0.014776930625550451 -0.0055173805624232162 -0.0074086706314701592 0.014617571728238445 0.017106798909446028 -0.012158960619427521 0.014160401145705865 -0.0010253082744855892 -0.0025516355331129739
leaf_weight=42 55 99 1043 44 41 48 127 48 69 45 56 82 214 1258
leaf_count=42 55 99 1043 44 41 48 127 48 69 45 56 82 214 1258
internal_value=3.81552e-05 -0.00523915 0.000302081 0.00427338 0.0107288 0.00258151 -0.000873007 -0.000126702 0.00560852 -0.000379382 0.0026737 0.000742337 0.00324835 -0.000908007
internal_weight=3271 154 3117 302 133 89 169 2815 117 2698 397 352 296 2301
internal_count=3271 154 3117 302 133 89 169 2815 117 2698 397 352 296 2301
is_linear=0
shrinkage=0.05


Tree=74
num_leaves=15
num_cat=0
split_feature=28 2 0 6 0 0 0 0 0 0 29 1 31 2
split_gain=1.83808 1.98517 10.7823 9.53222 9.42441 5.58734 3.77455 7.0543 7.66548 6.20044 2.99431 2.44933 2.37584 8.12925
threshold=1.0000000180025095e-35 1.1760341681780278 -0.19804713887514644 1.0000000180025095e-35 0.64218411808915488 0.99356433460156934 -0.62713853907415273 -0.1383345116594015 -0.015191260322037617 -0.2757413877466956 1.0000000180025095e-35 -0.41876142585576009 1.0000000180025095e-35 -0.83816850377400887
decision_type=2 2 2 2 2 2 2 2 2 2 2 2 2 2
left_child=1 6 -3 4 11 -6 -1 9 -9 -8 12 -4 -10 -14
right_child=-2 2 3 -5 5 -7 7 8 10 -11 -12 -13 13 -15
leaf_value=0.010889789067208768 -0.0044533679374939641 0.024614412727642736 -0.021440109700322899 0.022157157113154732 0.017636434815562606 -0.00071123032276454391 -0.0024906124947874837 0.01819272419405088 -0.0010488513894310895 -0.026351021937443875 0.0085360162111081106 -0.0071561308179319983 -0.0072360254732855402 0.02134706522623191
leaf_weight=73 211 51 49 43 55 152 64 55 2206 46 89 81 49 47
leaf_count=73 211 51 49 43 55 152 64 55 2206 46 89 81 49 47
internal_value=3.78197e-05 0.000350213 0.00348725 0.000537735 -0.00233527 0.00428587 -0.000166335 -0.000490368 7.14329e-05 -0.012761 -0.000360266 -0.0127834 -0.000711326 0.00690785
internal_weight=3271 3060 431 380 337 207 2629 2556 2446 110 2391 130 2302 96
internal_count=3271 3060 431 380 337 207 2629 2556 2446 110 2391 130 2302 96
is_linear=0
shrinkage=0.05


Tree=75
num_leaves=15
num_cat=0
split_feature=34 49 2 0 0 0 19 0 2 0 0 55 2 0
split_gain=1.81156 1.91514 19.456 4.62671 9.56448 4.0236 8.51636 3.91772 3.57315 3.65874 3.35404 3.07212 6.74165 7.83427
threshold=1.0000000180025095e-35 1.0000000180025095e-35 1.1760341681780278 -0.095299798669685229 -0.2757413877466956 0.51076296367955198 1.0000000180025095e-35 0.97554673379994095 1.0501465011810254 -0.69787196288427156 0.4399206747174636 1.0000000180025095e-35 -0.96405617077101102 0.99102966624031885
decision_type=2 2 2 2 2 2 2 2 2 2 2 2 2 2
left_child=1 3 7 4 8 6 10 -3 9 -1 -5 -7 -13 -14
right_child=-2 2 -4 5 -6 11 -8 -9 -10 -11 -12 12 13 -15
leaf_value=-0.0036129744932623001 0.0083014500778741569 -0.0055088688778293241 0.035299015558779331 0.00037446834079884485 -0.020575167506196819 -0.0016694772007154503 0.0253742549524066 0.0052563127239746666 -0.01047671730385015 0.013767141640057851 0.011218279855702782 -0.011400928459867525 0.022671817534479916 -0.00040178453711588392
leaf_weight=62 63 190 40 473 84 1785 40 149 55 56 82 46 66 80
leaf_count=62 63 190 40 473 84 1785 40 149 55 56 82 46 66 80
internal_value=3.75324e-05 -0.000129829 0.00319832 -0.000577644 -0.00694739 6.37388e-05 0.00366152 -0.000774192 -0.000170909 0.0047272 0.00201115 -0.00102166 0.00495615 0.0101942
internal_weight=3271 3208 379 2829 257 2572 595 339 173 118 555 1977 192 146
internal_count=3271 3208 379 2829 257 2572 595 339 173 118 555 1977 192 146
is_linear=0
shrinkage=0.05


Tree=76
num_leaves=15
num_cat=0
split_feature=53 2 31 19 2 49 2 0 0 0 0 55 2 0
split_gain=1.80636 1.77351 5.42106 4.50245 4.36908 5.27004 13.7324 8.95008 12.3214 11.1604 5.98224 6.27692 4.27459 3.84926
threshold=1.0000000180025095e-35 -0.082842501791995246 1.0000000180025095e-35 1.0000000180025095e-35 0.92425883418402288 1.0000000180025095e-35 1.1760341681780278 0.055094874829955953 0.26351963147456786 0.3961024736474445 0.50092203037804695 1.0000000180025095e-35 -0.2087301687889975 -0.027434137182851707
decision_type=2 2 2 2 2 2 2 2 2 2 2 2 2 2
left_child=1 3 4 12 13 7 -7 -6 -9 -10 -11 -12 -1 -3
right_child=-2 2 -4 -5 5 6 -8 8 9 10 11 -13 -14 -15
leaf_value=-0.00013242954353196224 0.010100307204464282 -0.016039371735046114 0.015936457373849727 0.013695457444659302 -0.011845094517037807 -0.0032015371351287918 0.033618109622260646 0.022099437918650974 -0.022257942103622658 0.016786958075175853 -0.0016087544811731081 0.015994760657693924 0.012278614967205637 -0.0030304582832848381
leaf_weight=1110 42 59 44 68 141 63 40 66 51 57 527 54 72 877
leaf_count=1110 42 59 44 68 141 63 40 66 51 57 527 54 72 877
internal_value=3.77522e-05 -9.93038e-05 -0.00103023 0.00137383 -0.00143209 0.000867342 0.0114653 -0.000373777 0.00179418 -0.000209211 0.00161735 7.66303e-05 0.000643037 -0.00388292
internal_weight=3271 3229 1979 1250 1935 999 103 896 755 689 638 581 1182 936
internal_count=3271 3229 1979 1250 1935 999 103 896 755 689 638 581 1182 936
is_linear=0
shrinkage=0.05


Tree=77
num_leaves=15
num_cat=0
split_feature=28 0 0 27 0 41 0 32 56 0 0 2 2 0
split_gain=1.6729 1.83383 2.4683 1.8288 3.15748 2.92753 2.42107 2.67779 2.8499 4.32067 4.23174 7.26788 8.38277 13.1261
threshold=1.0000000180025095e-35 0.42240415670532905 1.5402260961163283 1.0000000180025095e-35 -0.62713853907415273 1.0000000180025095e-35 1.4197988171640121 1.0000000180025095e-35 1.0000000180025095e-35 0.81729468065088884 -0.03638325773648244 -0.71228083677700649 0.54659583319301619 -0.19804713887514644
decision_type=2 2 2 2 2 2 2 2 2 2 2 2 2 2
left_child=3 -2 -3 4 -1 6 7 8 10 -10 11 -6 -13 -14
right_child=1 2 -4 -5 5 -7 -8 -9 9 -11 -12 12 13 -15
leaf_value=0.012657671221704395 0.0041061534783711625 -0.010858129573119969 0.00238384808628605 -0.0039721026373802475 -0.0070518822125766592 -0.0057922794676414924 -0.0017144857922021955 -0.0048737550086625824 -0.010098913826029933 0.0090192556392312759 0.0019957409990452256 0.034308923928197038 0.02574785514532224 -0.012290743100974296
leaf_weight=52 49 112 50 226 44 174 671 139 99 40 1487 41 44 43
leaf_count=52 49 112 50 226 44 174 671 139 99 40 1487 41 44 43
internal_value=3.8382e-05 -0.00424626 -0.00679187 0.000336407 0.000682552 0.000449785 0.000870361 0.00176663 0.00228483 -0.00454739 0.00286206 0.0102426 0.0162046 0.00709346
internal_weight=3271 211 162 3060 2834 2782 2608 1937 1798 139 1659 172 128 87
internal_count=3271 211 162 3060 2834 2782 2608 1937 1798 139 1659 172 128 87
is_linear=0
shrinkage=0.05


Tree=78
num_leaves=15
num_cat=0
split_feature=34 20 0 0 0 0 0 0 19 6 55 2 0 63
split_gain=1.60068 1.68255 12.1962 6.57122 7.33141 3.60498 9.11851 3.71734 7.41484 3.18757 2.92596 6.33886 6.36974 2.66057
threshold=1.0000000180025095e-35 1.0000000180025095e-35 0.33203049318332922 0.90769220432586895 1.3748633365469936 -0.095299798669685229 -0.2757413877466956 0.51076296367955198 1.0000000180025095e-35 1.0000000180025095e-35 1.0000000180025095e-35 -0.96405617077101102 0.99102966624031885 1.0000000180025095e-35
decision_type=2 2 2 2 2 2 2 2 2 2 2 2 2 2
left_child=1 5 -3 -4 -5 6 -1 8 9 -7 13 -12 -13 -9
right_child=-2 2 3 4 -6 7 -8 10 -10 -11 11 12 -14 -15
leaf_value=0.00056201249771263638 0.0078055277284091486 0.027115834293806037 -0.0075656356339579862 0.024042853755269981 0.0011094873436766472 0.00059948435773912213 -0.019491404372938847 -0.0021943242540201813 0.023700093965800036 0.012892125602180171 -0.01149142213424461 0.02110566360608894 -0.00015794189025958381 0.0060557542722493134
leaf_weight=166 63 44 167 41 185 499 84 1641 40 57 43 66 73 102
leaf_count=166 63 44 167 41 185 499 84 1641 40 57 43 66 73 102
internal_value=3.74884e-05 -0.000119832 0.00275638 -9.43686e-05 0.00544437 -0.000575086 -0.00627715 -5.10099e-06 0.00343876 0.00190139 -0.00107382 0.00492514 0.0100946 -0.00170514
internal_weight=3271 3208 437 393 226 2771 250 2521 596 556 1925 182 139 1743
internal_count=3271 3208 437 393 226 2771 250 2521 596 556 1925 182 139 1743
is_linear=0
shrinkage=0.05


Tree=79
num_leaves=15
num_cat=0
split_feature=53 0 0 0 1 2 29 2 0 18 0 2 0 31
split_gain=1.60151 1.75293 6.11091 5.24953 2.48607 2.18202 2.17772 3.44746 2.46844 1.88862 1.74419 12.3034 2.99973 2.6829
threshold=1.0000000180025095e-35 -0.25818750864996892 -0.054533843223597687 -0.62713853907415273 1.0000000180025095e-35 1.0501465011810254 1.0000000180025095e-35 1.1760341681780278 0.047562749425705507 1.0000000180025095e-35 0.26351963147456786 1.0501465011810254 0.15980257550052221 1.0000000180025095e-35
decision_type=2 2 2 2 2 2 2 2 2 2 2 2 2 2
left_child=1 3 5 4 -1 -3 8 -8 -4 10 11 12 -10 -12
right_child=-2 2 6 -5 -6 -7 7 -9 9 -11 13 -13 -14 -15
leaf_value=-0.0037740431081217068 0.0095129782450385399 0.0050632112871920858 -0.009729419177083273 -0.012467429476781089 0.012219738724904703 0.019826795354637564 0.011351495624372834 -0.0048257022612162087 0.0032782266467248885 -0.010443559766022695 -0.00080522590228546392 0.027373582877011766 -0.011000725329227624 0.0075948429155172879
leaf_weight=50 42 55 69 101 44 47 93 49 91 43 2388 43 59 97
leaf_count=50 42 55 69 101 44 47 93 49 91 43 2388 43 59 97
internal_value=3.81832e-05 -9.08689e-05 0.000205761 -0.00466136 0.00381102 0.0121165 -0.000216573 0.00577973 -0.000525683 -0.000285317 -0.000114537 0.00443919 -0.00240901 -0.000471492
internal_weight=3271 3229 3034 195 94 102 2932 142 2790 2721 2678 193 150 2485
internal_count=3271 3229 3034 195 94 102 2932 142 2790 2721 2678 193 150 2485
is_linear=0
shrinkage=0.05


Tree=80
num_leaves=15
num_cat=0
split_feature=28 17 2 0 1 2 0 0 0 29 2 1 0 2
split_gain=1.48031 1.69704 3.72311 4.53773 6.45302 5.41711 3.64394 5.859 2.5208 2.32437 3.2093 2.19908 2.99577 2.14704
threshold=1.0000000180025095e-35 1.0000000180025095e-35 -1.3417191717620176 -0.19804713887514644 0.69992303680890788 1.0000000180025095e-35 -0.08094118127913888 -0.015191260322037617 1.0449317084585361 1.0000000180025095e-35 1.0501465011810254 1.259265268141242 0.37443825546775561 0.42070816619601387
decision_type=2 2 2 2 2 2 2 2 2 2 2 2 2 2
left_child=1 2 8 4 5 -4 -5 -8 -1 11 -11 -9 -13 -3
right_child=-2 13 3 6 -6 -7 7 9 -10 10 -12 12 -14 -15
leaf_value=-0.0078080525894565923 -0.003992881477228912 0.0011357055484252268 -0.010749464432398478 -0.012350101389277441 0.02545455923759922 0.010810762956873122 0.019539359447801309 0.00088389258370486249 0.0017819471173736801 0.016481844523999221 -0.00044177899185645709 -0.016176496781841961 -0.0015548444895515431 -0.0078892055560786777
leaf_weight=199 211 127 43 50 43 81 40 1897 103 52 58 41 192 134
leaf_count=199 211 127 43 50 43 81 40 1897 103 52 58 41 192 134
internal_value=3.75931e-05 0.000317938 0.000678312 0.00131343 0.00922499 0.00328228 0.000738955 0.00103657 -0.00454709 0.000689026 0.00770994 0.000319551 -0.00424353 -0.00352253
internal_weight=3271 3060 2799 2497 167 124 2330 2280 302 2240 110 2130 233 261
internal_count=3271 3060 2799 2497 167 124 2330 2280 302 2240 110 2130 233 261
is_linear=0
shrinkage=0.05


Tree=81
num_leaves=15
num_cat=0
split_feature=5 2 19 20 0 0 0 0 0 0 2 2 6 0
split_gain=1.4462 1.88781 3.88611 3.8228 9.98029 8.77777 6.66284 5.45221 4.82689 4.71944 5.53302 5.02203 3.90021 4.40188
threshold=1.0000000180025095e-35 0.2948204991990116 1.0000000180025095e-35 1.0000000180025095e-35 0.36503726019480559 -0.027434137182851707 0.90769220432586895 -0.44962586091624107 0.99102966624031885 0.91974466046048564 1.1760341681780278 1.3019218351750299 1.0000000180025095e-35 0.15980257550052221
decision_type=2 2 2 2 2 2 2 2 2 2 2 2 2 2
left_child=1 2 -1 5 -5 7 -6 -3 9 10 12 -12 13 -7
right_child=-2 3 -4 4 6 8 -8 -9 -10 -11 11 -13 -14 -15
leaf_value=0.00059596264979675526 0.0065520134881413717 -0.0014075965014478517 0.012663630239133326 0.026119806679013313 -0.011362221313174815 0.013578859769872257 0.0074614955304321239 -0.02042384814936668 -0.0043421675116174022 0.013509801841740096 0.014657580111722607 -0.0015762261152917217 -0.012762876526246986 -0.0024084889347391193
leaf_weight=1427 81 61 68 42 78 47 112 98 563 75 107 84 75 353
leaf_count=1427 81 61 68 42 78 47 112 98 563 75 107 84 75 353
internal_value=3.61756e-05 -0.000133275 0.00116105 -0.0012749 0.00466198 -0.00222144 -0.000303996 -0.0132364 -0.000860138 0.00179002 0.000433727 0.00757576 -0.00245784 -0.000471765
internal_weight=3271 3190 1495 1695 232 1463 190 159 1304 741 666 191 475 400
internal_count=3271 3190 1495 1695 232 1463 190 159 1304 741 666 191 475 400
is_linear=0
shrinkage=0.05


Tree=82
num_leaves=15
num_cat=0
split_feature=53 0 0 0 2 2 29 2 0 18 0 63 2 1
split_gain=1.44057 1.72747 6.1676 4.59739 2.38105 2.13609 1.7856 2.99133 2.37262 1.67382 1.64573 3.69143 3.87104 8.0102
threshold=1.0000000180025095e-35 -0.25818750864996892 -0.054533843223597687 -0.62713853907415273 -0.46050550278300201 1.0501465011810254 1.0000000180025095e-35 1.1760341681780278 0.047562749425705507 1.0000000180025095e-35 1.1779617369689801 1.0000000180025095e-35 1.1760341681780278 0.69992303680890788
decision_type=2 2 2 2 2 2 2 2 2 2 2 2 2 2
left_child=1 3 5 4 -1 -3 8 -8 -4 10 11 12 -10 -14
right_child=-2 2 6 -5 -6 -7 7 -9 9 -11 -12 -13 13 -15
leaf_value=0.01171475190255377 0.0090217539289204236 0.005186111084594016 -0.0095198203101229516 -0.01192794336928326 -0.0039529183466549753 0.019804899635183035 0.010404296498745681 -0.0046611786399986229 -0.00055353429983897857 -0.0098239958845078943 -0.0017076172937128182 0.013594534895806152 0.01192527447388891 -0.0096385587713327912
leaf_weight=43 42 55 69 101 51 47 93 49 1404 43 997 53 168 56
leaf_count=43 42 55 69 101 51 47 93 49 1404 43 997 53 168 56
internal_value=3.56151e-05 -8.67808e-05 0.000207685 -0.00462395 0.00330895 0.0121735 -0.000216605 0.00521311 -0.000496492 -0.000260852 -0.000100082 0.000854243 0.000423307 0.00649673
internal_weight=3271 3229 3034 195 94 102 2932 142 2790 2721 2678 1681 1628 224
internal_count=3271 3229 3034 195 94 102 2932 142 2790 2721 2678 1681 1628 224
is_linear=0
shrinkage=0.05


Tree=83
num_leaves=15
num_cat=0
split_feature=57 2 3 0 2 0 0 20 2 42 0 20 0 0
split_gain=1.45948 1.71116 3.85635 6.20262 16.2956 3.27709 5.71377 3.64498 4.2344 3.10143 3.75481 3.01175 9.07647 8.79376
threshold=1.0000000180025095e-35 0.2948204991990116 1.0000000180025095e-35 -0.03638325773648244 -1.2158315047650154 0.29162009391185861 0.51076296367955198 1.0000000180025095e-35 -0.96405617077101102 1.0000000180025095e-35 0.8090212839794878 1.0000000180025095e-35 0.36503726019480559 -0.027434137182851707
decision_type=2 2 2 2 2 2 2 2 2 2 2 2 2 2
left_child=1 2 3 4 -1 -5 7 8 -7 10 -8 13 -13 -3
right_child=-2 11 -4 5 -6 6 9 -9 -10 -11 -12 12 -14 -15
leaf_value=-0.0052459861777844983 -0.0039875062388617334 -0.013292683081777945 -0.011549885894810022 -0.0074070884699800185 0.031923703037619849 0.0072087840828669054 -0.0050451214662863442 0.00055463449212676678 0.027973572109741246 -0.0064143515644569903 0.003166485056237726 0.024911466634578328 -0.0002875045810166436 -0.00032206001913623485
leaf_weight=59 209 144 52 103 56 60 172 59 42 141 696 42 190 1246
leaf_count=59 209 144 52 103 56 60 172 59 42 141 696 42 190 1246
internal_value=3.47468e-05 0.000311713 0.00156508 0.00207233 0.0130903 0.00105802 0.00181461 0.0105007 0.0161325 0.000410587 0.00153144 -0.000801576 0.00444831 -0.00168295
internal_weight=3271 3062 1440 1388 115 1273 1170 161 102 1009 868 1622 232 1390
internal_count=3271 3062 1440 1388 115 1273 1170 161 102 1009 868 1622 232 1390
is_linear=0
shrinkage=0.05


Tree=84
num_leaves=15
num_cat=0
split_feature=28 0 0 1 0 2 1 1 35 0 2 0 0 0
split_gain=1.3908 1.51228 3.97371 4.66207 2.51483 2.57558 1.66701 1.62224 1.89928 6.78273 3.28548 1.8625 4.92081 4.07379
threshold=1.0000000180025095e-35 -0.03638325773648244 -0.25818750864996892 1.0000000180025095e-35 -0.62713853907415273 1.0000000180025095e-35 1.0000000180025095e-35 1.259265268141242 1.0000000180025095e-35 0.50092203037804695 1.0501465011810254 0.29162009391185861 0.17968847135704472 0.3183020038540923
decision_type=2 2 2 2 2 2 2 2 2 2 2 2 2 2
left_child=1 2 4 -4 6 -6 -1 8 11 -10 -11 12 -3 -13
right_child=-2 7 3 -5 5 -7 -8 -9 9 10 -12 13 -14 -15
leaf_value=-0.0011711415283533991 -0.0038724154166160196 0.00051043084161471073 0.019812113265865128 -0.00094933416694402699 -0.014172978043556215 0.0014589813345912519 0.012247744355764655 -0.0035276685767413347 0.022829131364068462 0.0080107547380030165 -0.0099429051893261764 0.015901783898117996 -0.01553968392425518 0.00017122997642408377
leaf_weight=47 211 160 63 46 48 55 43 299 40 48 50 40 66 2055
leaf_count=47 211 160 63 46 48 55 43 299 40 48 50 40 66 2055
internal_value=3.42984e-05 0.000306036 0.00365294 0.0111912 -0.00067551 -0.00595702 0.00536698 -6.28304e-05 0.000360998 0.00601664 -0.00116493 1.98391e-05 -0.00427197 0.000486454
internal_weight=3271 3060 302 109 193 103 90 2758 2459 138 98 2321 226 2095
internal_count=3271 3060 302 109 193 103 90 2758 2459 138 98 2321 226 2095
is_linear=0
shrinkage=0.05


Tree=85
num_leaves=15
num_cat=0
split_feature=57 2 3 0 2 13 42 0 12 58 20 0 0 0
split_gain=1.30606 1.60787 3.4997 5.60838 14.5809 3.00327 2.94403 3.40387 2.9984 3.41665 2.73622 8.30855 8.1573 6.11342
threshold=1.0000000180025095e-35 0.2948204991990116 1.0000000180025095e-35 -0.03638325773648244 -1.2158315047650154 1.0000000180025095e-35 1.0000000180025095e-35 0.27530697949905797 1.0000000180025095e-35 1.0000000180025095e-35 1.0000000180025095e-35 -0.027434137182851707 0.36503726019480559 0.90769220432586895
decision_type=2 2 2 2 2 2 2 2 2 2 2 2 2 2
left_child=1 2 3 4 -1 6 7 -5 9 -9 11 -3 -12 -14
right_child=-2 10 -4 5 -6 -7 -8 8 -10 -11 12 -13 13 -15
leaf_value=-0.004876586739889912 -0.0037714127241247619 -0.012908562396219231 -0.010983393397354694 -0.00622516014453906 0.03028518582276743 -0.0052681315108907946 -0.0059312702978038551 0.0054460430530204633 -0.0078448076467776563 -0.0052476871815942796 0.023619772648354145 -0.00030088003176131635 -0.01086193404509686 0.0071689712968164765
leaf_weight=59 209 144 52 93 56 163 105 780 51 81 42 1246 78 112
leaf_count=59 209 144 52 93 56 163 105 780 51 81 42 1246 78 112
internal_value=3.3554e-05 0.000295558 0.00151051 0.00199372 0.0124707 0.00102917 0.00196172 0.00279651 0.00372809 0.00443018 -0.000783602 -0.00162367 0.00422042 -0.000269229
internal_weight=3271 3062 1440 1388 115 1273 1110 1005 912 861 1622 1390 232 190
internal_count=3271 3062 1440 1388 115 1273 1110 1005 912 861 1622 1390 232 190
is_linear=0
shrinkage=0.05


Tree=86
num_leaves=15
num_cat=0
split_feature=34 49 2 0 0 0 2 0 0 0 2 2 0 0
split_gain=1.23866 1.26488 14.8711 4.0335 11.0613 3.45463 2.87466 3.78177 2.78289 6.30811 4.87825 11.6997 3.30378 9.21784
threshold=1.0000000180025095e-35 1.0000000180025095e-35 1.1760341681780278 -0.1383345116594015 -0.2757413877466956 0.97554673379994095 1.0501465011810254 -0.69787196288427156 0.51076296367955198 0.45140981726364154 -0.082842501791995246 -0.96405617077101102 0.26351963147456786 0.11640286032154841
decision_type=2 2 2 2 2 2 2 2 2 2 2 2 2 2
left_child=1 3 5 4 6 -3 7 -1 9 10 11 -5 13 -12
right_child=-2 2 -4 8 -6 -7 -8 -9 -10 -11 12 -13 -14 -15
leaf_value=-0.0043154966697329655 0.0068650047666429046 -0.0053192305504732454 0.030662886190804695 -0.00047144071021445582 -0.024863862099065895 0.0047899774146198436 -0.0094893679737619932 0.013343644342064087 -0.00081933145301934249 0.015759549870147434 -0.0069355629740819108 0.026647685854030507 -0.008640497221581259 0.014177532778943286
leaf_weight=62 63 190 40 137 60 149 55 56 1977 82 130 54 133 83
leaf_count=62 63 190 40 137 60 149 55 56 1977 82 130 54 133 83
internal_value=3.16411e-05 -0.000106749 0.00259799 -0.000470682 -0.00674346 -0.000873917 -0.000246597 0.00414783 9.70802e-05 0.00301718 0.00102017 0.00739244 -0.00251974 0.00134696
internal_weight=3271 3208 379 2829 233 339 173 118 2596 619 537 191 346 213
internal_count=3271 3208 379 2829 233 339 173 118 2596 619 537 191 346 213
is_linear=0
shrinkage=0.05


Tree=87
num_leaves=15
num_cat=0
split_feature=17 2 0 0 0 0 2 0 0 0 2 63 2 0
split_gain=1.23867 2.18512 2.92806 6.30312 3.41583 4.28622 3.01325 2.41695 4.94845 3.7142 11.4595 2.50507 3.08697 5.72135
threshold=1.0000000180025095e-35 -1.3417191717620176 -0.19804713887514644 -0.32791260858844135 -0.095299798669685229 -0.015191260322037617 1.1760341681780278 0.11640286032154841 0.065645991606312307 0.26351963147456786 0.79837116718702072 1.0000000180025095e-35 -0.83816850377400887 0.34446561180315677
decision_type=2 2 2 2 2 2 2 2 2 2 2 2 2 2
left_child=1 -1 3 6 -4 -6 -3 8 -7 10 -9 12 -11 -14
right_child=-2 2 4 -5 5 7 -8 9 -10 11 -12 -13 13 -15
leaf_value=-0.0033895730443114416 -0.0032591172479829638 0.0071754078705156795 -0.013604566264291143 0.023944505645028716 0.014541879698582408 0.0029848800419701961 -0.0082700817598676205 -0.0078269453495382699 -0.020299337588117593 0.0040310596986276098 0.024342666813948505 0.0087923381145595132 -0.0144525120089958 -0.0004268132012573386
leaf_weight=349 261 87 41 40 52 49 47 50 40 361 58 79 74 1683
leaf_count=349 261 87 41 40 52 49 47 50 40 361 58 79 74 1683
internal_value=3.16291e-05 0.000318948 0.000807514 0.00704004 0.000366157 0.000611258 0.00171601 0.000296786 -0.00769608 0.000611808 0.00957781 0.000162748 -0.000167121 -0.0010333
internal_weight=3271 3010 2661 174 2487 2446 134 2394 89 2305 108 2197 2118 1757
internal_count=3271 3010 2661 174 2487 2446 134 2394 89 2305 108 2197 2118 1757
is_linear=0
shrinkage=0.05


Tree=88
num_leaves=15
num_cat=0
split_feature=28 0 0 0 0 1 0 2 1 1 35 0 2 0
split_gain=1.1972 1.58273 2.21445 1.43452 3.94932 4.06878 2.52817 2.68866 1.46647 1.44936 1.79004 6.14902 3.00569 1.7332
threshold=1.0000000180025095e-35 0.42240415670532905 1.5402260961163283 -0.03638325773648244 -0.25818750864996892 1.0000000180025095e-35 -0.62713853907415273 1.0000000180025095e-35 1.0000000180025095e-35 1.259265268141242 1.0000000180025095e-35 0.50092203037804695 1.0501465011810254 0.29162009391185861
decision_type=2 2 2 2 2 2 2 2 2 2 2 2 2 2
left_child=3 -2 -3 4 6 -6 8 -8 -1 10 13 -12 -13 -5
right_child=1 2 -4 9 5 -7 7 -9 -10 -11 11 12 -14 -15
leaf_value=-0.00085409888427476492 0.0041570451558001487 -0.0098138728401656345 0.0027157848951621698 -0.0041473350123596266 0.019110665367199825 -0.00030857919482514263 -0.014460973454639314 0.0015099002015695239 0.011740496721532611 -0.003351650494193845 0.021822220676889024 0.0077493944088928403 -0.009422387111072357 0.00044294608600263773
leaf_weight=47 49 112 50 226 63 46 48 55 43 299 40 48 50 2095
leaf_count=47 49 112 50 226 63 46 48 55 43 299 40 48 50 2095
internal_value=3.04842e-05 -0.00359414 -0.00596074 0.000282602 0.00354233 0.0110575 -0.000771861 -0.00606652 0.00528773 -7.66458e-05 0.000323976 0.00581456 -0.00102494 -7.20381e-06
internal_weight=3271 211 162 3060 302 109 193 103 90 2758 2459 138 98 2321
internal_count=3271 211 162 3060 302 109 193 103 90 2758 2459 138 98 2321
is_linear=0
shrinkage=0.05


Tree=89
num_leaves=15
num_cat=0
split_feature=27 2 2 3 0 1 13 42 0 12 58 2 0 20
split_gain=1.20315 1.94103 1.5539 3.23594 4.80164 12.8614 2.64193 2.70603 3.01462 2.70363 3.09519 2.67587 3.13503 5.17554
threshold=1.0000000180025095e-35 -0.58639316978000433 0.2948204991990116 1.0000000180025095e-35 -0.03638325773648244 -0.41876142585576009 1.0000000180025095e-35 1.0000000180025095e-35 0.27530697949905797 1.0000000180025095e-35 1.0000000180025095e-35 -1.46760683875902 1.2740317943553443 1.0000000180025095e-35
decision_type=2 2 2 2 2 2 2 2 2 2 2 2 2 2
left_child=2 -2 3 4 5 -1 7 8 -6 10 11 -10 13 -13
right_child=1 -3 -4 -5 6 -7 -8 -9 9 -11 -12 12 -14 -15
leaf_value=0.03379734450773824 -0.010625469343347559 -0.00049134195000904567 -0.00078247866976289518 -0.010537259538951158 -0.0057502538966946312 -0.00066222911581206021 -0.0047209611310600579 -0.0056278715804480364 -0.0020976708964318045 -0.00737221353546769 -0.0049264797278825781 0.011676198069762904 0.0019809725709483174 -0.0025275842033443043
leaf_weight=40 65 161 1598 52 93 76 170 105 106 51 81 343 252 78
leaf_count=40 65 161 1598 52 93 76 170 105 106 51 81 343 252 78
internal_value=2.97815e-05 -0.00347366 0.000291917 0.00147787 0.00194019 0.0115918 0.0010481 0.00193935 0.00274036 0.00361783 0.00428515 0.00525314 0.0064137 0.00904511
internal_weight=3271 226 3045 1447 1395 116 1279 1109 1004 911 860 779 673 421
internal_count=3271 226 3045 1447 1395 116 1279 1109 1004 911 860 779 673 421
is_linear=0
shrinkage=0.05


Tree=90
num_leaves=15
num_cat=0
split_feature=17 2 2 0 1 0 0 0 0 0 63 0 2 55
split_gain=1.16702 1.93103 4.68804 3.86311 2.09841 2.05389 11.3411 4.82318 4.27776 3.3913 2.72853 3.06928 8.04406 3.3776
threshold=1.0000000180025095e-35 -1.2158315047650154 -1.0899438377680133 0.84250266731785672 -0.978103657188094 -0.53097831541696239 -0.19804713887514644 -0.08094118127913888 0.065645991606312307 0.1272420496191049 1.0000000180025095e-35 0.26351963147456786 0.92425883418402288 1.0000000180025095e-35
decision_type=2 2 2 2 2 2 2 2 2 2 2 2 2 2
left_child=1 4 3 -3 -1 -4 -7 -8 -9 -10 11 12 -11 -13
right_child=-2 2 5 -5 -6 6 7 8 9 10 -12 13 -14 -15
leaf_value=-0.0094255474595249522 -0.0031661232272977499 0.020730940969485159 -0.0066980695159933011 0.0013007241354408997 -0.001007821578809047 0.021824542981302066 -0.015054583056446384 0.011923065008241919 -0.012794402430765331 -0.0064472521352040213 0.010309164205595587 -0.0010249433195126975 0.023921269645086594 0.0062417007510455072
leaf_weight=88 261 51 95 50 421 60 49 77 48 41 65 1748 43 174
leaf_count=88 261 51 95 50 421 60 49 77 48 41 65 1748 43 174
internal_value=2.80276e-05 0.000306914 0.000878559 0.0113241 -0.00249434 0.000429915 0.000729245 0.000146527 0.000499104 7.31295e-05 0.000383419 5.18495e-05 0.00929332 -0.000361285
internal_weight=3271 3010 2501 101 509 2400 2305 2245 2196 2119 2071 2006 84 1922
internal_count=3271 3010 2501 101 509 2400 2305 2245 2196 2119 2071 2006 84 1922
is_linear=0
shrinkage=0.05


Tree=91
num_leaves=15
num_cat=0
split_feature=20 0 0 0 0 0 0 2 0 0 2 2 0 0
split_gain=1.11924 9.16896 5.31428 6.30478 3.10216 12.0464 2.94798 6.41538 2.77171 5.12814 3.55918 9.50909 3.71532 4.5601
threshold=1.0000000180025095e-35 0.33203049318332922 0.90769220432586895 1.3748633365469936 -0.1383345116594015 -0.2757413877466956 -0.69787196288427156 0.42070816619601387 0.51076296367955198 0.45140981726364154 -0.082842501791995246 -0.96405617077101102 -0.027434137182851707 0.26351963147456786
decision_type=2 2 2 2 2 2 2 2 2 2 2 2 2 2
left_child=4 -2 -3 -4 5 6 -1 -8 9 10 11 -6 -12 -14
right_child=1 2 3 -5 8 -7 7 -9 -10 -11 12 -13 13 -15
leaf_value=-0.0058336569064455788 0.023498241562882199 -0.0068132866786799074 0.02213333693094725 0.00086835109653677549 -0.00038213175011415646 -0.024739086419914763 0.020653185066249635 -0.00584505443124378 -0.00076676243259661591 0.014463109486352871 -0.0134257037388651 0.023863136033086402 0.006144206083618195 -0.0061658150061938612
leaf_weight=80 44 167 41 185 139 60 43 45 1975 83 55 55 162 137
leaf_count=80 44 167 41 185 139 60 43 45 1975 83 55 55 162 137
internal_value=2.78677e-05 0.0023772 -9.45071e-05 0.00488647 -0.000335817 -0.00590221 0.00103715 0.00727418 0.000155341 0.00303478 0.00125755 0.00666489 -0.00172658 0.000500337
internal_weight=3271 437 393 226 2834 228 168 88 2606 631 548 194 354 299
internal_count=3271 437 393 226 2834 228 168 88 2606 631 548 194 354 299
is_linear=0
shrinkage=0.05


Tree=92
num_leaves=15
num_cat=0
split_feature=1 0 0 1 0 1 0 0 6 1 2 0 0 0
split_gain=1.07671 2.91086 13.9254 3.32651 2.53601 3.77992 3.72742 1.64738 2.52606 2.95903 2.90615 1.75178 2.43583 4.34193
threshold=1.0000000180025095e-35 -0.22035241581602258 -0.03638325773648244 -0.978103657188094 -0.22035241581602258 0.69992303680890788 -0.015191260322037617 0.23333791567328474 1.0000000180025095e-35 -0.978103657188094 0.42070816619601387 0.51921225334910759 0.8204726369654638 1.2426584995594629
decision_type=2 2 2 2 2 2 2 2 2 2 2 2 2 2
left_child=1 3 -3 -1 5 -2 -6 -4 9 -9 11 -11 -13 -14
right_child=4 2 7 -5 6 -7 -8 8 -10 10 -12 12 13 -15
leaf_value=0.0047777813681889152 -0.0047261580425713746 0.024836632235311584 -0.0046855680614992573 -0.012769257433664721 -0.014394188168268927 0.015137955203260245 -0.00099142543080220119 -0.0026624632366247076 0.01040264966500485 0.011842958243751246 -0.00064609373513151028 -0.0036138354188195716 0.013996416055866016 0.0014371061750467202
leaf_weight=40 40 59 138 76 52 55 1333 477 66 75 463 90 102 205
leaf_count=40 40 59 138 76 52 55 1333 477 66 75 463 90 102 205
internal_value=2.79301e-05 0.000852141 0.00138535 -0.00674013 -0.000969281 0.00684912 -0.00151466 0.0004995 0.000989304 0.000535212 0.00216874 0.00492098 0.00356049 0.00567349
internal_weight=3271 1791 1675 116 1480 95 1385 1616 1478 1412 935 472 397 307
internal_count=3271 1791 1675 116 1480 95 1385 1616 1478 1412 935 472 397 307
is_linear=0
shrinkage=0.05


Tree=93
num_leaves=15
num_cat=0
split_feature=57 0 0 2 2 0 0 18 0 0 2 6 0 63
split_gain=1.04929 1.35475 3.63364 3.63219 3.19222 6.79934 1.31004 1.43471 1.25002 1.75136 4.72076 6.84687 4.12411 3.0627
threshold=1.0000000180025095e-35 -0.03638325773648244 -0.25818750864996892 1.1760341681780278 1.1760341681780278 -0.59492873061997409 0.047562749425705507 1.0000000180025095e-35 1.483945628973002 0.8090212839794878 1.1760341681780278 1.0000000180025095e-35 0.47693202528521167 1.0000000180025095e-35
decision_type=2 2 2 2 2 2 2 2 2 2 2 2 2 2
left_child=1 2 4 -4 5 -1 -3 8 9 10 11 12 -8 -11
right_child=-2 6 3 -5 -6 -7 7 -9 -10 13 -12 -13 -14 -15
leaf_value=0.018625650169666521 -0.0033828102115109138 -0.0073118933598648322 0.0034114463091198658 0.021895886312217214 -0.012421274756121896 -0.006337220335586204 0.0029009590473116128 -0.0088592644173497159 -0.0015442842370717081 0.0018324505972416147 0.0073481492187700559 -0.018125090583181774 -0.0041821374338846104 0.01565638427855447
leaf_weight=42 209 59 72 41 44 70 396 42 716 899 159 59 423 40
leaf_count=42 209 59 72 41 44 70 396 42 716 899 159 59 423 40
internal_value=2.76929e-05 0.000262537 0.00363779 0.0103823 -0.00131728 0.00318639 -6.49117e-05 9.67095e-05 0.000242912 0.000891406 -0.000524933 -0.00196416 -0.00075862 0.00245335
internal_weight=3271 3062 269 113 156 112 2793 2734 2692 1976 1037 878 819 939
internal_count=3271 3062 269 113 156 112 2793 2734 2692 1976 1037 878 819 939
is_linear=0
shrinkage=0.05


Tree=94
num_leaves=15
num_cat=0
split_feature=53 0 0 0 2 2 29 2 0 18 0 0 2 6
split_gain=1.05064 1.6177 4.98515 4.41939 2.31385 1.83161 1.64651 2.62389 1.85853 1.39038 1.39608 3.63069 4.71826 6.05419
threshold=1.0000000180025095e-35 -0.25818750864996892 -0.054533843223597687 -0.62713853907415273 1.0501465011810254 -0.46050550278300201 1.0000000180025095e-35 1.1760341681780278 0.047562749425705507 1.0000000180025095e-35 1.1035570522666809 0.83253885893759794 1.1760341681780278 1.0000000180025095e-35
decision_type=2 2 2 2 2 2 2 2 2 2 2 2 2 2
left_child=1 3 4 5 -3 -1 8 -8 -4 10 11 12 13 -10
right_child=-2 2 6 -5 -6 -7 7 -9 9 -11 -12 -13 -14 -15
leaf_value=0.010676331617740087 0.0077007891036125591 0.0037704142443672345 -0.0084293746258276448 -0.011630050217714703 0.018886350376569494 -0.0030726440040008077 0.0099003807099928218 -0.0042127718747246501 -0.00096495555521219759 -0.0089505800428903767 -0.0014466916265866827 0.0045893455747179042 0.0072958568208074826 -0.017248548762720139
leaf_weight=43 42 55 69 101 47 51 93 49 894 43 1107 461 157 59
leaf_count=43 42 55 69 101 47 51 93 49 894 43 1107 461 157 59
internal_value=2.65988e-05 -7.79254e-05 0.000207027 -0.00446858 0.0109649 0.00330817 -0.000174441 0.00503948 -0.000443229 -0.000234672 -8.81472e-05 0.000869769 -0.000680504 -0.00200708
internal_weight=3271 3229 3034 195 102 94 2932 142 2790 2721 2678 1571 1110 953
internal_count=3271 3229 3034 195 102 94 2932 142 2790 2721 2678 1571 1110 953
is_linear=0
shrinkage=0.05


Tree=95
num_leaves=15
num_cat=0
split_feature=28 0 0 2 2 1 17 0 0 0 0 12 25 0
split_gain=1.03313 1.29735 2.11051 1.23004 5.39036 4.877 2.43443 2.36364 12.0041 5.85419 4.28127 2.16917 2.673 2.12373
threshold=1.0000000180025095e-35 0.42240415670532905 1.5402260961163283 -1.2158315047650154 -1.0899438377680133 1.0000000180025095e-35 1.0000000180025095e-35 -0.19804713887514644 -0.53097831541696239 -0.08094118127913888 0.065645991606312307 1.0000000180025095e-35 1.0000000180025095e-35 0.42240415670532905
decision_type=2 2 2 2 2 2 2 2 2 2 2 2 2 2
left_child=3 -2 -3 11 5 -5 7 8 -6 -9 -11 12 -1 -12
right_child=1 2 -4 4 6 -7 -8 9 -10 10 13 -13 -14 -15
leaf_value=0.00056529457517480604 0.0036780994942448306 -0.0092468228977451335 0.0029766764394410601 0.00044547813654668175 -0.0045021197413124391 0.022688358632037237 -0.0047446269180203872 -0.016781505569815638 0.024374564279312807 0.012195649014738127 -0.0033070549944373968 -0.011297529514870674 -0.011717229491099716 0.0010037091700067368
leaf_weight=387 49 112 50 47 91 50 221 47 57 76 344 54 48 1638
leaf_count=387 49 112 50 47 91 50 221 47 57 76 344 54 48 1638
internal_value=2.54785e-05 -0.00334163 -0.00548385 0.000259686 0.000697156 0.0121376 0.00023916 0.000731801 0.00679601 0.000299387 0.00070539 -0.00203386 -0.000837441 0.000252945
internal_weight=3271 211 162 3060 2571 97 2474 2253 148 2105 2058 489 435 1982
internal_count=3271 211 162 3060 2571 97 2474 2253 148 2105 2058 489 435 1982
is_linear=0
shrinkage=0.05


Tree=96
num_leaves=15
num_cat=0
split_feature=1 0 0 1 0 0 1 56 2 2 0 2 0 6
split_gain=1.0291 2.53753 11.8045 3.05558 2.30282 3.66759 3.41437 1.64844 1.50341 3.38135 4.76102 4.30883 2.72842 2.06159
threshold=1.0000000180025095e-35 -0.22035241581602258 -0.03638325773648244 -0.978103657188094 -0.22035241581602258 -0.015191260322037617 0.69992303680890788 1.0000000180025095e-35 0.42070816619601387 -0.46050550278300201 1.2426584995594629 -0.082842501791995246 0.82469895038086805 1.0000000180025095e-35
decision_type=2 2 2 2 2 2 2 2 2 2 2 2 2 2
left_child=1 3 -3 -1 6 -6 -2 8 9 -4 11 -11 -13 -10
right_child=4 2 7 -5 5 -7 -8 -9 13 10 -12 12 -14 -15
leaf_value=0.0047733638080812643 -0.0045011181206930252 0.022919726002289625 6.1966966428500278e-05 -0.012038438893162097 -0.014245844099706221 -0.00095121804322530288 0.014377790068586669 -0.0060649101441312171 -0.001432015331456229 0.023676610382069065 -0.00081277326210786442 -0.0021421362165128812 0.015122460331334625 0.0071745968290737698
leaf_weight=40 40 59 480 76 52 1333 55 88 721 56 107 48 41 75
leaf_count=40 40 59 480 76 52 1333 55 88 721 56 107 48 41 75
internal_value=2.43981e-05 0.000830184 0.00132799 -0.00625862 -0.000950516 -0.00147019 0.00649987 0.00051232 0.000898546 0.0025309 0.0071961 0.0130368 0.00596878 -0.000605142
internal_weight=3271 1791 1675 116 1480 1385 95 1616 1528 732 252 145 89 796
internal_count=3271 1791 1675 116 1480 1385 95 1616 1528 732 252 145 89 796
is_linear=0
shrinkage=0.05


Tree=97
num_leaves=15
num_cat=0
split_feature=49 2 0 0 0 0 0 0 2 2 0 0 2 2
split_gain=1.00827 12.5717 3.72201 7.09727 3.30438 3.03114 2.69313 4.30761 3.60679 10.7704 2.88917 4.33434 11.4088 3.57416
threshold=1.0000000180025095e-35 1.1760341681780278 -0.08094118127913888 -0.2757413877466956 -0.17379978201545368 0.97554673379994095 0.51076296367955198 0.45140981726364154 -0.082842501791995246 -0.96405617077101102 0.047562749425705507 0.26351963147456786 1.0501465011810254 0.92425883418402288
decision_type=2 2 2 2 2 2 2 2 2 2 2 2 2 2
left_child=2 5 3 -1 -5 -2 7 8 9 -4 -10 12 -12 -13
right_child=1 -3 6 4 -6 -7 -8 -9 10 -11 11 13 -14 -15
leaf_value=0.00021156490659393832 -0.0049143417323648467 0.028246482195598738 -0.0004305764663834399 -0.025450897903419006 -0.0067845007777214061 0.0045548584185280865 -0.00058175216165021594 0.013666818771401749 -0.012002445220215513 0.026372717782998312 -0.0032066414936592711 0.0042479726299643515 0.027403477024571556 -0.012170694314272089
leaf_weight=175 190 40 134 49 48 149 2027 83 54 50 93 53 43 83
leaf_count=175 190 40 134 49 48 149 2027 83 54 50 93 53 43 83
internal_value=2.45811e-05 0.00244247 -0.000293755 -0.00583859 -0.0165376 -0.000750059 0.000285906 0.00324373 0.00150067 0.00705819 -0.00166001 0.000465894 0.00672845 -0.00580341
internal_weight=3271 379 2892 272 97 339 2620 593 510 184 326 272 136 136
internal_count=3271 379 2892 272 97 339 2620 593 510 184 326 272 136 136
is_linear=0
shrinkage=0.05


Tree=98
num_leaves=15
num_cat=0
split_feature=27 2 0 0 2 2 0 1 35 0 2 2 0 2
split_gain=1.04334 1.883 1.26989 2.9828 3.11507 2.89378 6.07124 1.2359 1.7546 6.11825 2.87077 1.67461 2.5273 1.08999
threshold=1.0000000180025095e-35 -0.58639316978000433 -0.03638325773648244 -0.25818750864996892 1.1760341681780278 1.1760341681780278 -0.59492873061997409 1.259265268141242 1.0000000180025095e-35 0.50092203037804695 1.0501465011810254 -1.0899438377680133 0.58440174899071207 0.2948204991990116
decision_type=2 2 2 2 2 2 2 2 2 2 2 2 2 2
left_child=2 -2 3 5 -5 6 -1 8 13 -10 -11 -9 -13 -4
right_child=1 -3 7 4 -6 -7 -8 11 9 10 -12 12 -14 -15
leaf_value=0.017878762928938325 -0.010281810785101644 -0.00030287461783137012 0.0010915753612984768 0.0031302461139857771 0.02008035108447075 -0.011566268053391705 -0.0057124150270182229 0.0037753294727631975 0.021723294007547557 0.0075106728794053198 -0.0092715676748551992 -0.013449642259914142 -0.0018486737776092716 -0.0010683987019581625
leaf_weight=42 65 161 1146 73 42 44 70 68 40 48 50 63 172 1187
leaf_count=42 65 161 1146 73 42 44 70 68 40 48 50 63 172 1187
internal_value=2.45485e-05 -0.00323794 0.000268657 0.00352244 0.00955815 -0.000991624 0.00329273 -5.15238e-05 0.000318881 0.00575565 -0.00106588 -0.0030545 -0.00504597 -7.36511e-06
internal_weight=3271 226 3045 271 115 156 112 2774 2471 138 98 303 235 2333
internal_count=3271 226 3045 271 115 156 112 2774 2471 138 98 303 235 2333
is_linear=0
shrinkage=0.05


Tree=99
num_leaves=15
num_cat=0
split_feature=20 0 0 0 0 0 0 2 0 0 0 0 2 2
split_gain=1.00969 8.25284 4.74388 5.32402 2.798 7.5043 3.05978 5.52388 2.86526 2.61156 2.54042 3.9056 3.33222 9.81223
threshold=1.0000000180025095e-35 0.33203049318332922 0.90769220432586895 1.3748633365469936 -0.08094118127913888 -0.2757413877466956 -0.69787196288427156 0.42070816619601387 -0.17379978201545368 0.41596463574847675 0.51076296367955198 0.45140981726364154 -0.082842501791995246 -0.96405617077101102
decision_type=2 2 2 2 2 2 2 2 2 2 2 2 2 2
left_child=4 -2 9 -4 5 6 -1 -8 -7 -3 11 12 13 -6
right_child=1 2 3 -5 10 8 7 -9 -10 -11 -12 -13 -14 -15
leaf_value=-0.0057745658869219089 0.02229349852094184 -0.0014933449484161893 0.020465493722017423 0.00092268792550044662 -0.00041349971399861664 -0.024424159720393957 0.019987301242848241 -0.0046215447418867274 -0.0069920827895402909 -0.014302368555576185 -0.00067805117896665458 0.012972106572569293 -0.0016406895520624147 0.025169678535670616
leaf_weight=80 44 104 41 185 134 49 43 45 48 63 1975 83 327 50
leaf_count=80 44 104 41 185 134 49 43 45 48 63 1975 83 327 50
internal_value=2.39838e-05 0.00225538 -8.9594e-05 0.00461649 -0.000321443 -0.00519301 0.00122766 0.00758018 -0.0161135 -0.00643757 0.000184723 0.00304602 0.00138947 0.00673434
internal_weight=3271 437 393 226 2834 265 168 88 97 167 2569 594 511 184
internal_count=3271 437 393 226 2834 265 168 88 97 167 2569 594 511 184
is_linear=0
shrinkage=0.05


Tree=100
num_leaves=15
num_cat=0
split_feature=28 2 0 2 0 0 0 18 1 0 0 55 6 61
split_gain=0.983563 1.20699 1.19289 11.3088 6.88127 2.33712 2.24021 1.20649 1.07666 0.983273 3.85548 3.70431 3.56814 2.63942
threshold=1.0000000180025095e-35 -1.3417191717620176 -0.17379978201545368 1.1760341681780278 -0.62713853907415273 -0.08094118127913888 -0.015191260322037617 1.0000000180025095e-35 -0.41876142585576009 0.72644167808127624 1.0763949033273019 1.0000000180025095e-35 1.0000000180025095e-35 1.0000000180025095e-35
decision_type=2 2 2 2 2 2 2 2 2 2 2 2 2 2
left_child=2 -2 3 4 -1 -4 -7 9 -6 -8 11 12 -11 -12
right_child=1 -3 5 -5 8 6 7 -9 -10 10 13 -13 -14 -15
leaf_value=0.009057033242968221 0.0036884867291593435 -0.0052734344878236777 -0.010634818063208871 0.023491172451864592 -0.0047917434826810316 0.010347545640718825 -0.0012313822486400598 -0.0080604091185428519 -0.015402551884923517 0.00095542325824672029 -0.0015456101339456603 0.013400460097578948 0.013673155242577196 0.0091475680165114953
leaf_weight=73 47 164 49 53 45 51 908 44 56 503 1073 86 60 59
leaf_count=73 47 164 49 53 45 51 908 44 56 503 1073 86 60 59
internal_value=2.40516e-05 -0.00326129 0.000252572 0.00372372 -0.00249592 -2.79918e-05 0.000166195 -3.12252e-05 -0.0108598 0.000106049 0.000788522 0.00385478 0.00235438 -0.00097313
internal_weight=3271 211 3060 227 174 2833 2784 2733 101 2689 1781 649 563 1132
internal_count=3271 211 3060 227 174 2833 2784 2733 101 2689 1781 649 563 1132
is_linear=0
shrinkage=0.05


Tree=101
num_leaves=15
num_cat=0
split_feature=0 0 2 2 1 2 0 2 0 0 0 0 0 2
split_gain=1.08154 2.82313 11.2551 6.17881 1.387 1.91104 2.10755 1.95477 7.55164 5.31094 4.5514 4.14621 2.90697 9.3552
threshold=-0.69787196288427156 -0.19804713887514644 1.1760341681780278 -1.0899438377680133 1.259265268141242 -1.46760683875902 1.0449317084585361 0.2948204991990116 1.0000000180025095e-35 -0.027434137182851707 0.26351963147456786 0.11640286032154841 0.38446136457468616 0.92425883418402288
decision_type=2 2 2 2 2 2 2 2 2 2 2 2 2 2
left_child=-1 2 3 -2 5 6 -3 8 -7 -9 11 -11 13 -12
right_child=1 4 -4 -5 -6 7 -8 9 -10 10 12 -13 -14 -15
leaf_value=-0.0056108416630381566 0.012350998730176971 -0.010490051825209299 0.02742754031458627 -0.012578782100291525 -0.0032149423450623135 0.022648023551351631 0.0019082569939447411 -0.014877877685995328 0.0012761122432913489 -0.00099348650639137569 0.0089864240939471329 0.016529399084548157 -0.00020986322407536129 -0.019859112538134969
leaf_weight=81 40 82 44 59 328 41 57 61 1077 61 45 73 1153 69
leaf_count=81 40 82 44 59 328 41 57 61 1077 61 45 73 1153 69
internal_value=2.39741e-05 0.000170478 0.00698692 -0.00246103 -0.0001538 0.000217565 -0.0054509 0.000526945 0.00209892 -0.000676378 -3.77133e-05 0.00865526 -0.000969288 -0.0085141
internal_weight=3271 3190 143 99 3047 2719 139 2580 1118 1462 1401 134 1267 114
internal_count=3271 3190 143 99 3047 2719 139 2580 1118 1462 1401 134 1267 114
is_linear=0
shrinkage=0.05


Tree=102
num_leaves=15
num_cat=0
split_feature=25 0 2 55 0 0 0 2 1 0 0 2 55 2
split_gain=0.991554 3.45065 4.45981 6.55203 1.69138 3.99498 2.31289 3.29262 2.26518 1.90166 1.63077 10.4379 1.78439 1.53152
threshold=1.0000000180025095e-35 0.54276120931932537 -0.2087301687889975 1.0000000180025095e-35 -0.03638325773648244 -0.25818750864996892 -0.62713853907415273 1.0000000180025095e-35 1.0000000180025095e-35 0.11640286032154841 0.26351963147456786 0.79837116718702072 1.0000000180025095e-35 0.79837116718702072
decision_type=2 2 2 2 2 2 2 2 2 2 2 2 2 2
left_child=4 -2 -3 -4 5 6 -1 -8 -7 13 11 -11 -12 -6
right_child=1 2 3 -5 9 8 7 -9 -10 10 12 -13 -14 -15
leaf_value=0.0051088128836353358 -0.0094589626051260756 -0.0078661887818393672 -0.0047791679398560862 0.01973789746203182 -0.00045446101650172335 0.017876392120464903 -0.016320585806009379 0.0023043945811137005 0.0032778664327719636 -0.0080427313134783796 -0.00033973266375739056 0.021807584633881397 0.0072514776122989139 -0.012330317959588555
leaf_weight=88 114 72 51 55 53 59 41 52 49 61 2391 53 78 54
leaf_count=88 114 72 51 55 53 59 41 52 49 61 2391 53 78 54
internal_value=2.3487e-05 -0.00274685 0.00160926 0.00807189 0.000296694 0.00391779 -0.000642376 -0.00607735 0.011433 -9.49592e-05 0.000177897 0.00597177 -9.4238e-05 -0.00656416
internal_weight=3271 292 178 106 2979 289 181 93 108 2690 2583 114 2469 107
internal_count=3271 292 178 106 2979 289 181 93 108 2690 2583 114 2469 107
is_linear=0
shrinkage=0.05


Tree=103
num_leaves=15
num_cat=0
split_feature=0 0 2 2 0 0 1 0 1 1 2 2 58 0
split_gain=1.05503 2.65484 9.92954 5.84398 1.44789 1.36456 11.1118 3.10111 1.30399 1.99235 1.806 1.56413 2.18903 1.66756
threshold=-0.69787196288427156 -0.19804713887514644 1.1760341681780278 -1.0899438377680133 -0.095299798669685229 0.075430641828866538 -0.41876142585576009 1.0000000180025095e-35 -0.978103657188094 1.0000000180025095e-35 0.42070816619601387 1.3019218351750299 1.0000000180025095e-35 0.50092203037804695
decision_type=2 2 2 2 2 2 2 2 2 2 2 2 2 2
left_child=-1 2 3 -2 -3 6 -6 -8 -7 10 -10 12 13 -12
right_child=1 4 -4 -5 5 8 7 -9 9 -11 11 -13 -14 -15
leaf_value=-0.0055424663224201429 0.012297750641370104 -0.0082613919620160708 0.025976234261432418 -0.011945002188631258 0.022204575481425442 -0.002476469083557501 -0.015069357435617776 0.0032786585334890887 0.0040761613070593823 -0.0010320093166561889 -0.0080730121997236223 0.0083028486571274703 0.0096553614696445467 -0.00047454088359079181
leaf_weight=81 40 52 44 59 54 529 45 44 496 1297 89 48 42 351
leaf_count=81 40 52 44 59 54 529 45 44 496 1297 89 48 42 351
internal_value=2.28556e-05 0.000167554 0.0067777 -0.00210039 -0.000146912 -6.07554e-07 0.00473114 -0.00612573 -0.000241008 0.00026975 0.00191415 -0.000116877 -0.000986201 -0.00204108
internal_weight=3271 3190 143 99 3047 2995 143 89 2852 2323 1026 530 482 440
internal_count=3271 3190 143 99 3047 2995 143 89 2852 2323 1026 530 482 440
is_linear=0
shrinkage=0.05


Tree=104
num_leaves=15
num_cat=0
split_feature=49 0 0 0 0 0 2 2 2 0 0 19 0 2
split_gain=0.97844 10.9069 3.44776 9.28833 3.38123 4.82468 2.86971 3.93842 2.42875 2.1998 1.92321 4.31431 2.65376 4.53756
threshold=1.0000000180025095e-35 0.3398589145880257 -0.1383345116594015 -0.2757413877466956 0.90769220432586895 1.3748633365469936 1.1760341681780278 1.0000000180025095e-35 -0.96405617077101102 0.41596463574847675 0.51076296367955198 1.0000000180025095e-35 -0.027434137182851707 1.1760341681780278
decision_type=2 2 2 2 2 2 2 2 2 2 2 2 2 2
left_child=2 -2 3 6 9 -6 7 8 -1 -3 11 12 -4 -14
right_child=1 4 10 -5 5 -7 -8 -9 -10 -11 -12 -13 13 -15
leaf_value=0.005313554713079198 0.02612312262617918 -0.001129035626003957 -0.0077399115982478952 -0.022699203759792352 0.017157799264817846 -0.0010340958025104317 -0.010632404716064532 0.014884020471755339 -0.011520065656267911 -0.013025599874890759 -0.00052599042720135193 0.017556156549188826 0.00042580515743433149 0.012273697084514425
leaf_weight=42 41 100 67 60 49 127 46 47 40 62 2027 43 422 98
leaf_count=42 41 100 67 60 49 127 46 47 40 62 2027 43 422 98
internal_value=2.27186e-05 0.00240458 -0.000290873 -0.00606935 -0.000609267 0.00416657 -0.00017562 0.00365855 -0.00297674 -0.00578537 0.000224389 0.00263273 0.00148363 0.00269715
internal_weight=3271 379 2892 235 338 176 175 129 82 162 2657 630 587 520
internal_count=3271 379 2892 235 338 176 175 129 82 162 2657 630 587 520
is_linear=0
shrinkage=0.05


Tree=105
num_leaves=15
num_cat=0
split_feature=28 2 2 1 17 0 0 0 0 63 2 0 0 12
split_gain=0.962484 1.18928 4.80428 4.49886 2.05359 2.17089 11.9455 4.70381 3.65204 2.16196 2.47596 3.21742 3.4522 1.98047
threshold=1.0000000180025095e-35 -1.2158315047650154 -1.0899438377680133 1.0000000180025095e-35 1.0000000180025095e-35 -0.19804713887514644 -0.53097831541696239 -0.08094118127913888 0.065645991606312307 1.0000000180025095e-35 -0.83816850377400887 0.42240415670532905 0.50577802879619316 1.0000000180025095e-35
decision_type=2 2 2 2 2 2 2 2 2 2 2 2 2 2
left_child=1 13 3 -3 5 6 -4 -7 -9 10 -10 -12 -13 -1
right_child=-2 2 4 -5 -6 7 -8 8 9 -11 11 12 -14 -15
leaf_value=-0.00086328771672420984 -0.0032275843408757806 0.00025689636727756996 -0.0047553447135273491 0.021612562166634375 -0.0043312337256565005 -0.01502674929227452 0.024047370108191746 0.011260486006712875 0.0056990080597099559 0.0089915475042824482 -0.0051449432481716802 0.010472428275388666 -0.00021721337507187857 -0.010858547539516752
leaf_weight=435 211 47 91 50 221 47 57 76 167 66 321 78 1350 54
leaf_count=435 211 47 91 50 221 47 57 76 167 66 321 78 1350 54
internal_value=2.23596e-05 0.000248419 0.000678583 0.0114792 0.000246184 0.000698633 0.00651032 0.000284229 0.000648146 0.000230274 -8.05853e-05 -0.000638318 0.000380505 -0.00200679
internal_weight=3271 3060 2571 97 2474 2253 148 2105 2058 1982 1916 1749 1428 489
internal_count=3271 3060 2571 97 2474 2253 148 2105 2058 1982 1916 1749 1428 489
is_linear=0
shrinkage=0.05


Tree=106
num_leaves=15
num_cat=0
split_feature=25 0 2 55 0 0 0 2 0 1 2 0 2 55
split_gain=0.946977 3.2681 3.94195 5.37379 1.65866 4.12843 2.55837 2.8181 1.97724 1.83026 1.5571 1.51775 9.41536 1.60072
threshold=1.0000000180025095e-35 0.52565180069574124 -0.2087301687889975 1.0000000180025095e-35 -0.03638325773648244 -0.25818750864996892 -0.62713853907415273 1.0000000180025095e-35 0.11640286032154841 1.0000000180025095e-35 -0.46050550278300201 0.26351963147456786 0.79837116718702072 1.0000000180025095e-35
decision_type=2 2 2 2 2 2 2 2 2 2 2 2 2 2
left_child=4 -2 -3 -4 5 6 10 -8 -6 -7 -1 12 -10 -13
right_child=1 2 3 -5 8 9 7 -9 11 -11 -12 13 -14 -15
leaf_value=0.012167880019216343 -0.0094066823728748469 -0.0075364887538189821 -0.0042784626960888595 0.017548529235646131 -0.006694962831060274 0.017317908828253629 -0.015947094050690877 0.0013080828064293774 -0.0075433358527897372 0.0041229767213557282 -0.00096085365785627966 -0.00031528624034040314 0.020808472826399589 0.006874640289752279
leaf_weight=41 110 72 52 58 107 59 41 52 61 49 47 2391 53 78
leaf_count=41 110 72 52 58 107 59 41 52 61 49 47 2391 53 78
internal_value=2.23999e-05 -0.00268494 0.00143573 0.00733817 0.000289396 0.0038753 -0.000759298 -0.00647462 -9.84487e-05 0.0115151 0.00529041 0.000179778 0.00576927 -8.27636e-05
internal_weight=3271 292 182 110 2979 289 181 93 2690 108 88 2583 114 2469
internal_count=3271 292 182 110 2979 289 181 93 2690 108 88 2583 114 2469
is_linear=0
shrinkage=0.05


Tree=107
num_leaves=15
num_cat=0
split_feature=0 0 2 2 1 2 0 2 0 0 0 0 0 6
split_gain=0.949834 2.3308 9.08869 5.71552 1.1849 1.65952 1.86618 1.76774 6.80063 4.77011 3.78732 4.50372 3.29021 3.13436
threshold=-0.69787196288427156 -0.19804713887514644 1.1760341681780278 -1.0899438377680133 1.259265268141242 -1.46760683875902 1.0449317084585361 0.2948204991990116 1.0000000180025095e-35 -0.027434137182851707 0.30122258216924452 0.21814576770753935 0.38446136457468616 1.0000000180025095e-35
decision_type=2 2 2 2 2 2 2 2 2 2 2 2 2 2
left_child=-1 2 3 -2 5 6 -3 8 -7 -9 11 -11 -12 -14
right_child=1 4 -4 -5 -6 7 -8 9 -10 10 12 -13 13 -15
leaf_value=-0.0052584637020972663 0.012102007546595165 -0.0098163285184585097 0.024721137069813586 -0.011873235506936908 -0.0029645808844714228 0.021491724561472143 0.0018490746826470153 -0.014106999677679841 0.0012103620435727584 0.0016892037690055741 -0.0095969166279318615 0.020487848506309095 -0.00097206725429212497 0.0084181141223489634
leaf_weight=81 40 82 44 59 328 41 57 61 1077 105 99 44 1058 95
leaf_count=81 40 82 44 59 328 41 57 61 1077 105 99 44 1058 95
internal_value=2.21191e-05 0.000159414 0.00635303 -0.00213845 -0.000135238 0.000208001 -0.0050743 0.0004963 0.00199118 -0.000648004 -4.27206e-05 0.00743832 -0.000943479 -0.000185138
internal_weight=3271 3190 143 99 3047 2719 139 2580 1118 1462 1401 149 1252 1153
internal_count=3271 3190 143 99 3047 2719 139 2580 1118 1462 1401 149 1252 1153
is_linear=0
shrinkage=0.05


Tree=108
num_leaves=15
num_cat=0
split_feature=49 2 0 0 2 2 0 0 2 0 29 0 0 0
split_gain=0.991669 10.4686 3.353 8.8529 2.95624 3.602 2.40676 2.15713 2.13528 1.84024 1.39105 2.54166 2.36531 3.88906
threshold=1.0000000180025095e-35 1.1760341681780278 -0.1383345116594015 -0.2757413877466956 1.1760341681780278 1.0000000180025095e-35 0.97554673379994095 2.0152616608478309 -0.96405617077101102 -0.054533843223597687 1.0000000180025095e-35 0.047562749425705507 0.51076296367955198 0.45140981726364154
decision_type=2 2 2 2 2 2 2 2 2 2 2 2 2 2
left_child=2 6 3 4 5 8 -2 -8 -1 -4 11 -11 13 -13
right_child=1 -3 9 -5 -6 -7 7 -9 -10 10 -12 12 -14 -15
leaf_value=0.0050764622865244746 -0.0042058843740354259 0.025966802274896984 0.0095281679541445712 -0.022227457584249939 -0.010850009990584416 0.014389125242525218 0.0080816849108750581 -0.0049081021003708576 -0.010705895352293738 -0.0097825054579195308 0.0048056131639491982 0.0010994754799083799 -0.00076871969343911132 0.012994497650897647
leaf_weight=42 190 40 50 60 46 47 105 44 40 66 142 402 1916 81
leaf_count=42 190 40 50 60 46 47 105 44 40 66 142 402 1916 81
internal_value=2.21553e-05 0.00242006 -0.000293548 -0.00599206 -0.000237382 0.00365484 -0.000494317 0.00423157 -0.00269385 0.000214588 2.87945e-05 -0.000250054 2.01279e-05 0.00313965
internal_weight=3271 379 2892 235 175 129 339 149 82 2657 2607 2465 2399 483
internal_count=3271 379 2892 235 175 129 339 149 82 2657 2607 2465 2399 483
is_linear=0
shrinkage=0.05


Tree=109
num_leaves=15
num_cat=0
split_feature=53 0 0 0 2 2 29 2 0 18 0 0 2 6
split_gain=0.909078 1.68874 5.04635 4.46682 1.82726 1.79415 1.35904 2.23876 1.71138 1.13344 1.16502 4.04969 3.45545 6.08245
threshold=1.0000000180025095e-35 -0.25818750864996892 -0.054533843223597687 -0.62713853907415273 1.0501465011810254 -0.46050550278300201 1.0000000180025095e-35 1.1760341681780278 0.047562749425705507 1.0000000180025095e-35 1.0557426000633894 0.83253885893759794 1.1760341681780278 1.0000000180025095e-35
decision_type=2 2 2 2 2 2 2 2 2 2 2 2 2 2
left_child=1 3 4 5 -3 -1 8 -8 -4 10 11 12 13 -10
right_child=-2 2 6 -5 -6 -7 7 -9 9 -11 -12 -13 -14 -15
leaf_value=0.010550425578322677 0.0071601036559017801 0.0045869744529849609 -0.0080759428736456983 -0.011761154094258848 0.018094229165996827 -0.0030568874388370876 0.0090592419571782403 -0.0039752861119660681 -0.00078035219305872623 -0.0080818308175851904 -0.0012521586765897891 0.0052438160299056874 0.0061369159436087664 -0.017101145093472384
leaf_weight=43 42 55 69 101 47 51 93 49 894 43 1182 386 157 59
leaf_count=43 42 55 69 101 47 51 93 49 894 43 1182 386 157 59
internal_value=2.16125e-05 -7.56134e-05 0.000215526 -0.00456165 0.0110392 0.00325786 -0.000168281 0.00456867 -0.000412473 -0.000212352 -8.00564e-05 0.000846465 -0.000689385 -0.00182447
internal_weight=3271 3229 3034 195 102 94 2932 142 2790 2721 2678 1496 1110 953
internal_count=3271 3229 3034 195 102 94 2932 142 2790 2721 2678 1496 1110 953
is_linear=0
shrinkage=0.05


Tree=110
num_leaves=15
num_cat=0
split_feature=28 2 0 2 0 0 0 1 18 19 2 0 0 2
split_gain=0.923276 1.2302 1.11958 8.27377 5.65658 2.14777 1.89728 0.994769 0.993635 0.985232 2.1929 1.25236 3.74101 4.51143
threshold=1.0000000180025095e-35 -1.3417191717620176 -0.17379978201545368 1.1760341681780278 -0.62713853907415273 -0.08094118127913888 -0.015191260322037617 -0.41876142585576009 1.0000000180025095e-35 1.0000000180025095e-35 -0.46050550278300201 0.72644167808127624 0.99356433460156934 0.92425883418402288
decision_type=2 2 2 2 2 2 2 2 2 2 2 2 2 2
left_child=2 -2 3 4 -1 -4 -7 -6 9 11 -11 -8 13 -13
right_child=1 -3 5 -5 7 6 8 -9 -10 10 -12 12 -14 -15
leaf_value=0.0087474921960383669 0.0038508628941692265 -0.0051943783573273304 -0.010197744826220122 0.020511684261939743 -0.0035422251421086334 0.0095262177921128718 -0.0012393787196202082 -0.013658435413100082 -0.0073117538267979398 -0.011281266874344699 0.0024576929849730333 0.0015730411113651227 -0.00038936824902730926 0.012008598857869705
leaf_weight=73 47 164 49 53 45 51 871 56 44 56 57 337 1220 148
leaf_count=73 47 164 49 53 45 51 871 56 44 56 57 337 1220 148
internal_value=2.0738e-05 -0.00316232 0.000242146 0.00360494 -0.00171939 -2.9658e-05 0.000156498 -0.00930751 -2.51865e-05 9.93889e-05 -0.00442878 0.000301305 0.00108889 0.00479374
internal_weight=3271 211 3060 227 174 2833 2784 101 2733 2689 113 2576 1705 485
internal_count=3271 211 3060 227 174 2833 2784 101 2733 2689 113 2576 1705 485
is_linear=0
shrinkage=0.05


Tree=111
num_leaves=15
num_cat=0
split_feature=0 0 1 2 2 0 0 0 0 0 26 13 27 42
split_gain=1.09046 2.51908 7.97226 2.27603 1.14526 5.5956 4.92701 2.4222 4.52163 3.28176 2.64666 1.89478 1.97052 2.17031
threshold=-0.69787196288427156 -0.19804713887514644 -0.41876142585576009 0.67248350019001835 0.2948204991990116 -0.027434137182851707 -0.027434137182851707 0.30122258216924452 0.34446561180315677 0.21814576770753935 1.0000000180025095e-35 1.0000000180025095e-35 1.0000000180025095e-35 1.0000000180025095e-35
decision_type=2 2 2 2 2 2 2 2 2 2 2 2 2 2
left_child=-1 2 -2 -4 5 -3 -6 9 -9 -8 -10 12 13 -7
right_child=1 4 3 -5 6 11 7 8 10 -11 -12 -13 -14 -15
leaf_value=-0.0056381025618778167 -0.0079389934556494506 0.018869630081046904 0.0079521360845133966 0.024492007345404656 -0.014432134250686927 0.0022300012873961114 0.00063730450386866033 -0.017316240248536424 -0.0011144725111271363 0.016101651557493119 0.0099886631386782807 -0.0045692557161728055 -0.0068780678101403106 -0.0052485923845294836
leaf_weight=81 56 40 47 40 64 1047 115 40 1293 47 54 170 72 105
leaf_count=81 56 40 47 40 64 1047 115 40 1293 47 54 170 72 105
internal_value=1.98803e-05 0.00016699 0.00660591 0.0159362 -0.000139333 0.000888097 -0.00105271 -0.00048202 -0.00115994 0.00526552 -0.000655209 0.000345833 0.00103482 0.00154044
internal_weight=3271 3190 143 87 3047 1434 1613 1549 1387 162 1347 1394 1224 1152
internal_count=3271 3190 143 87 3047 1434 1613 1549 1387 162 1347 1394 1224 1152
is_linear=0
shrinkage=0.05


Tree=112
num_leaves=15
num_cat=0
split_feature=0 0 1 2 1 48 0 0 0 0 1 2 58 2
split_gain=0.986817 2.28552 7.22678 2.06523 1.0995 2.5801 3.39772 2.66339 2.7134 2.33302 2.10586 1.41715 1.34084 2.4347
threshold=-0.69787196288427156 -0.19804713887514644 -0.41876142585576009 0.67248350019001835 1.0000000180025095e-35 1.0000000180025095e-35 -0.054533843223597687 0.065645991606312307 0.13422700562582043 -0.015191260322037617 -0.978103657188094 0.42070816619601387 1.0000000180025095e-35 1.3019218351750299
decision_type=2 2 2 2 2 2 2 2 2 2 2 2 2 2
left_child=-1 2 -2 -4 5 6 -3 -8 -9 -6 -10 -12 13 -13
right_child=1 4 3 -5 9 -7 7 8 10 -11 11 12 -14 -15
leaf_value=-0.0053629904045689718 -0.0075557312703338174 -0.013374768011271954 0.0075707584144357526 0.023325720320766172 -0.012007231620373204 0.010343991325639968 0.01162489947207548 -0.012208636437675783 -0.0019780789375789653 -0.00078492447242057065 0.0039912647582487455 -0.0018014792909490922 0.0080440824231303928 0.01082536165513808
leaf_weight=81 56 42 47 40 46 65 52 40 493 1333 471 418 47 40
leaf_count=81 56 42 47 40 46 65 52 40 493 1333 471 418 47 40
internal_value=1.94097e-05 0.000159353 0.00629252 0.0151758 -0.000132423 0.000730816 0.000328608 0.000713951 0.000323071 -0.00117612 0.000680437 0.00202461 0.000181862 -0.000656426
internal_weight=3271 3190 143 87 3047 1668 1603 1561 1509 1379 1469 976 505 458
internal_count=3271 3190 143 87 3047 1668 1603 1561 1509 1379 1469 976 505 458
is_linear=0
shrinkage=0.05


Tree=113
num_leaves=15
num_cat=0
split_feature=49 0 0 0 2 2 0 0 0 2 0 2 0 12
split_gain=0.914169 9.72384 3.22653 7.97359 3.19867 3.33402 2.79793 4.19085 2.27075 2.02114 1.78295 1.64042 1.38487 1.38364
threshold=1.0000000180025095e-35 0.3398589145880257 -0.1383345116594015 -0.2757413877466956 1.1760341681780278 1.0000000180025095e-35 0.90769220432586895 1.3748633365469936 0.41596463574847675 -0.96405617077101102 -0.054533843223597687 0.79837116718702072 1.7750339564360955 1.0000000180025095e-35
decision_type=2 2 2 2 2 2 2 2 2 2 2 2 2 2
left_child=2 -2 3 4 5 9 8 -8 11 -1 -4 -3 -9 -12
right_child=1 6 10 -5 -6 -7 7 12 -10 -11 13 -13 -14 -15
leaf_value=0.0050847833478738641 0.024716596173252479 0.0048718032529965665 0.0093818843722916576 -0.021282175097674615 -0.01144801590514059 0.013966557079431964 0.015927585235376861 0.0035729258703960948 -0.012587953602815106 -0.010267696504126348 0.00031466444403886241 -0.0078394782390784137 -0.006780058711567484 -0.0046472262688787448
leaf_weight=42 41 58 50 60 46 47 49 71 62 40 2460 42 56 147
leaf_count=42 41 58 50 60 46 47 49 71 62 40 2460 42 56 147
internal_value=1.90702e-05 0.00232137 -0.000284045 -0.00587406 -0.000410487 0.00364006 -0.00052462 0.00381959 -0.00523328 -0.00247039 0.000214413 -0.000515969 -0.00102651 3.15321e-05
internal_weight=3271 379 2892 235 175 129 338 176 162 82 2657 100 127 2607
internal_count=3271 379 2892 235 175 129 338 176 162 82 2657 100 127 2607
is_linear=0
shrinkage=0.05


Tree=114
num_leaves=15
num_cat=0
split_feature=25 0 0 0 0 2 0 0 1 2 0 55 13 42
split_gain=0.890183 2.99694 4.17811 1.58239 3.91156 2.3485 4.49247 1.66011 1.56664 1.46336 1.37271 1.24232 1.20127 1.28989
threshold=1.0000000180025095e-35 0.54276120931932537 0.78855895964296507 -0.03638325773648244 -0.25818750864996892 1.1760341681780278 -0.62713853907415273 0.11640286032154841 1.0000000180025095e-35 0.79837116718702072 0.17968847135704472 1.0000000180025095e-35 1.0000000180025095e-35 1.0000000180025095e-35
decision_type=2 2 2 2 2 2 2 2 2 2 2 2 2 2
left_child=3 -2 -3 4 5 6 -1 9 -6 -5 -9 12 13 -12
right_child=1 2 -4 7 8 -7 -8 10 -10 -11 11 -13 -14 -15
leaf_value=0.011474965916214778 -0.0088618821227634016 0.015271498722445577 -0.0027128072211053227 -0.00018403771629726346 0.016590814319912529 -0.010517536684789736 -0.0063851929269731047 0.0082749285260398011 0.0043474826881862881 -0.011782254035850722 0.00050646631200924788 0.0060823437237514204 -0.0033063642161644128 -0.0043900637074127903
leaf_weight=68 114 40 138 53 59 44 69 49 49 54 2037 79 276 142
leaf_count=68 114 40 138 53 59 44 69 49 49 54 2037 79 276 142
internal_value=1.82079e-05 -0.0026067 0.00145339 0.000277076 0.00377957 -0.000731736 0.00251726 -0.000101742 0.011216 -0.00614613 0.000153206 -1.0246e-05 -0.000211092 0.000183639
internal_weight=3271 292 178 2979 289 181 137 2690 108 107 2583 2534 2455 2179
internal_count=3271 292 178 2979 289 181 137 2690 108 107 2583 2534 2455 2179
is_linear=0
shrinkage=0.05


Tree=115
num_leaves=15
num_cat=0
split_feature=0 0 1 2 0 0 5 1 1 2 0 0 2 0
split_gain=1.00438 2.37195 11.499 2.66882 1.44134 1.48532 0.990766 1.01116 1.12408 2.50157 1.9478 2.02205 2.91252 1.31573
threshold=-0.69787196288427156 -0.17379978201545368 0.69992303680890788 1.0000000180025095e-35 -0.08094118127913888 -0.015191260322037617 1.0000000180025095e-35 -0.978103657188094 1.0000000180025095e-35 0.42070816619601387 0.49693457250116335 0.99102966624031885 0.92425883418402288 0.27530697949905797
decision_type=2 2 2 2 2 2 2 2 2 2 2 2 2 2
left_child=-1 2 3 -2 -3 -6 7 -7 9 13 -11 12 -12 -9
right_child=1 4 -4 -5 5 6 -8 8 -10 10 11 -13 -14 -15
leaf_value=-0.0054123485592721277 -0.011159160500392319 -0.0082477948447275493 0.028194005195346535 0.0041140551403374744 0.0082117321107674536 -0.0022757795318756324 0.005366927302513225 -0.0041116106482420832 -0.00083616660675033927 -0.007052008389815183 -0.003368950600270182 -0.0026175271794568098 0.0092342234200710419 0.0047151745423641908
leaf_weight=81 46 52 41 69 52 530 77 45 1298 105 74 232 115 454
leaf_count=81 46 52 41 69 52 530 77 45 1298 105 74 232 115 454
internal_value=1.77377e-05 0.000158922 0.00613165 -0.00208155 -0.000152016 -5.40851e-06 -0.000156744 -0.000309478 0.000140712 0.00137699 -0.00102785 0.000500857 0.00431604 0.00390594
internal_weight=3271 3190 156 115 3034 2982 2930 2853 2323 1025 526 421 189 499
internal_count=3271 3190 156 115 3034 2982 2930 2853 2323 1025 526 421 189 499
is_linear=0
shrinkage=0.05


Tree=116
num_leaves=15
num_cat=0
split_feature=0 0 1 2 0 0 1 1 0 1 2 0 0 0
split_gain=0.908905 2.15032 10.4295 2.41826 1.30597 1.4065 12.0459 1.03671 1.48883 1.45379 1.32656 2.35958 1.47145 3.22624
threshold=-0.69787196288427156 -0.17379978201545368 0.69992303680890788 1.0000000180025095e-35 -0.08094118127913888 0.075430641828866538 -0.41876142585576009 1.259265268141242 0.3961024736474445 -0.978103657188094 -1.46760683875902 1.0343818543907466 0.99907905815976361 0.91091057667564346
decision_type=2 2 2 2 2 2 2 2 2 2 2 2 2 2
left_child=-1 2 3 -2 -3 6 -6 9 -9 -7 11 -11 13 -12
right_child=1 4 -4 -5 5 7 -8 8 -10 10 12 -13 -14 -15
leaf_value=-0.0051482521532438645 -0.01062445075173552 -0.0078506784763670082 0.026849873669358884 0.0039141466854218871 0.023806726559996605 -0.0022305835019952747 -0.006982229433374525 -0.010680913230260977 -0.0014032545189503723 -0.011256715117294031 0.0012724730780198201 0.0038523144245593121 -0.0004390232060887489 0.0099563682410812593
leaf_weight=81 46 52 41 69 50 529 80 50 262 58 875 44 914 120
leaf_count=81 46 52 41 69 50 529 80 50 262 58 875 44 914 120
internal_value=1.73017e-05 0.000151608 0.00583845 -0.0019835 -0.000144447 -4.89458e-06 0.00504096 -0.000238266 -0.00294862 9.67169e-05 0.000710529 -0.00479035 0.00100915 0.00233765
internal_weight=3271 3190 156 115 3034 2982 130 2852 312 2540 2011 102 1909 995
internal_count=3271 3190 156 115 3034 2982 130 2852 312 2540 2011 102 1909 995
is_linear=0
shrinkage=0.05


Tree=117
num_leaves=15
num_cat=0
split_feature=3 2 0 0 0 0 2 2 0 1 19 2 0 0
split_gain=0.94191 1.51664 1.31119 1.21261 4.5777 5.81082 8.10375 3.61211 2.50458 1.17038 1.00727 2.46339 1.04345 3.88888
threshold=1.0000000180025095e-35 0.42070816619601387 0.76132227126060492 -0.03638325773648244 -0.32791260858844135 -0.19804713887514644 0.54659583319301619 -1.0899438377680133 -0.77586898813193661 1.0000000180025095e-35 1.0000000180025095e-35 -0.46050550278300201 0.72644167808127624 0.50092203037804695
decision_type=2 2 2 2 2 2 2 2 2 2 2 2 2 2
left_child=3 -2 -3 4 7 -6 -7 -1 -9 -10 12 -12 13 -5
right_child=1 2 -4 10 5 6 -8 8 9 -11 11 -13 -14 -15
leaf_value=0.010150594235165046 -0.010271941228737043 0.0048391791218418186 -0.006565115000756289 0.00091650773037386815 0.024510155802430669 0.018421521661586542 -0.011190788671374323 0.0032694081134266324 -0.0052497502995861901 -0.017274124747098881 -0.01155834400110067 0.0025831120821455823 0.00077375389961741514 -0.0061968707502663692
leaf_weight=42 55 57 42 611 44 41 48 43 43 41 60 60 1806 278
leaf_count=42 55 57 42 611 44 41 48 43 43 41 60 60 1806 278
internal_value=1.68349e-05 -0.00377471 -3.32029e-05 0.000206462 0.0032065 0.0100745 0.00255589 -0.00225308 -0.00644886 -0.011384 -0.000117438 -0.00456118 8.36642e-05 -0.00131684
internal_weight=3271 154 99 3117 302 133 89 169 127 84 2815 120 2695 889
internal_count=3271 154 99 3117 302 133 89 169 127 84 2815 120 2695 889
is_linear=0
shrinkage=0.05


Tree=118
num_leaves=15
num_cat=0
split_feature=28 2 2 1 12 25 17 41 0 0 0 0 63 2
split_gain=0.898034 1.07291 4.37558 4.01744 1.93192 1.96562 1.7305 1.74387 1.94928 10.6397 4.07044 4.7549 1.88272 1.93545
threshold=1.0000000180025095e-35 -1.2158315047650154 -1.0899438377680133 1.0000000180025095e-35 1.0000000180025095e-35 1.0000000180025095e-35 1.0000000180025095e-35 1.0000000180025095e-35 -0.19804713887514644 -0.53097831541696239 -0.08094118127913888 0.026304353064993846 1.0000000180025095e-35 -0.83816850377400887
decision_type=2 2 2 2 2 2 2 2 2 2 2 2 2 2
left_child=1 4 3 -3 5 -1 7 8 9 -4 -10 -12 13 -13
right_child=-2 2 6 -5 -6 -7 -8 -9 10 -11 11 12 -14 -15
leaf_value=0.00042445990064685362 -0.0031233362328906616 0.0003411979395516065 -0.0043245945208602483 0.02052622192344503 -0.010650145025907219 -0.010108382385224105 -0.0039717478498048049 -0.0053814938198979293 -0.01367719116411647 0.023180892318487169 0.016978948149416181 0.0053485990488081284 0.0087046092986437385 -0.00028054548189542671
leaf_weight=387 211 47 88 50 54 48 221 112 47 56 43 166 66 1675
leaf_count=387 211 47 88 50 54 48 221 112 47 56 43 166 66 1675
internal_value=1.59062e-05 0.000234269 0.000642846 0.0109503 -0.00190776 -0.000778728 0.000230195 0.000645526 0.00096554 0.006543 0.000557215 0.000913963 0.000534313 0.000232279
internal_weight=3271 3060 2571 97 489 435 2474 2253 2141 144 1997 1950 1907 1841
internal_count=3271 3060 2571 97 489 435 2474 2253 2141 144 1997 1950 1907 1841
is_linear=0
shrinkage=0.05


Tree=119
num_leaves=15
num_cat=0
split_feature=3 2 0 0 0 0 2 2 0 0 1 18 0 2
split_gain=0.935521 1.46007 1.16581 1.08922 4.08782 4.82958 7.31626 3.31833 2.37022 1.07701 1.05692 1.00599 0.787003 7.09407
threshold=1.0000000180025095e-35 0.42070816619601387 0.76132227126060492 -0.03638325773648244 -0.32791260858844135 -0.19804713887514644 0.54659583319301619 -1.0899438377680133 -0.77586898813193661 0.047562749425705507 1.0000000180025095e-35 1.0000000180025095e-35 0.26351963147456786 1.0501465011810254
decision_type=2 2 2 2 2 2 2 2 2 2 2 2 2 2
left_child=3 -2 -3 4 7 -6 -7 -1 -9 -5 -10 12 13 -11
right_child=1 2 -4 9 5 6 -8 8 10 11 -12 -13 -14 -15
leaf_value=0.0097764844466424125 -0.010137751857339602 0.0045049346904507126 -0.0062486007735556501 -0.0067864784576251351 0.022700635966358948 0.017745770776622691 -0.010392862390726806 0.0033159774479766691 -0.0050980881141084768 -0.002217637342464638 -0.016534653669872949 -0.0073739415852146026 -7.0361958912322199e-05 0.020129816131691073
leaf_weight=42 55 57 42 57 44 41 48 43 43 144 41 43 2526 45
leaf_count=42 55 57 42 57 44 41 48 43 43 144 41 43 2526 45
internal_value=1.58439e-05 -0.00376282 -9.05672e-05 0.000204827 0.00304814 0.00953818 0.002675 -0.00211123 -0.00613322 -0.000102158 -0.0109349 4.08058e-05 0.000163582 0.00325825
internal_weight=3271 154 99 3117 302 133 89 169 127 2815 84 2758 2715 189
internal_count=3271 154 99 3117 302 133 89 169 127 2815 84 2758 2715 189
is_linear=0
shrinkage=0.05


Tree=120
num_leaves=15
num_cat=0
split_feature=62 2 2 0 0 0 0 0 0 0 63 0 0 0
split_gain=0.908688 0.984299 3.33097 3.79038 1.89707 9.10238 2.46452 2.30565 2.53591 2.06706 1.88886 1.8569 2.46759 1.78541
threshold=1.0000000180025095e-35 -1.2158315047650154 -1.0899438377680133 0.84250266731785672 -0.32791260858844135 -0.17379978201545368 -0.08094118127913888 0.065645991606312307 0.21814576770753935 -0.77586898813193661 1.0000000180025095e-35 0.27530697949905797 0.34446561180315677 1.0000000180025095e-35
decision_type=2 2 2 2 2 2 2 2 2 2 2 2 2 2
left_child=1 13 3 -3 9 -6 -7 -8 -9 -4 11 -10 -13 -1
right_child=-2 2 4 -5 5 6 7 8 10 -11 -12 12 -14 -15
leaf_value=-0.0092841263870442562 -0.0065414764676601268 0.019199139479547739 0.0031575466382006805 -0.00025951075188529037 0.02226913112433667 -0.011954077386430333 0.0083506919235429352 -0.0075148092839366736 0.009777251367146772 -0.010097956423123833 0.0080780438677481338 -0.0093980359430757485 0.00015238769770189425 -0.00071359506841540857
leaf_weight=68 50 48 43 50 45 40 83 106 46 86 74 68 2000 464
leaf_count=68 50 48 43 50 45 40 83 106 46 86 74 68 2000 464
internal_value=1.54584e-05 0.000121239 0.000510285 0.00946462 0.000164564 0.000476154 5.23337e-05 0.000264257 -3.53407e-05 -0.00569871 0.000333542 5.50689e-05 -0.000170426 -0.00183975
internal_weight=3271 3221 2689 98 2591 2462 2417 2377 2294 129 2188 2114 2068 532
internal_count=3271 3221 2689 98 2591 2462 2417 2377 2294 129 2188 2114 2068 532
is_linear=0
shrinkage=0.05


Tree=121
num_leaves=15
num_cat=0
split_feature=3 2 0 0 0 2 2 2 0 0 18 5 49 0
split_gain=0.898095 1.41603 1.08001 1.05884 3.53589 2.46016 2.21398 3.31673 3.79399 1.03225 0.930139 0.774039 0.681799 4.34617
threshold=1.0000000180025095e-35 0.42070816619601387 0.70679642261977704 -0.03638325773648244 -0.25818750864996892 1.1760341681780278 1.1760341681780278 -1.2158315047650154 -0.62713853907415273 0.047562749425705507 1.0000000180025095e-35 1.0000000180025095e-35 1.0000000180025095e-35 0.90769220432586895
decision_type=2 2 2 2 2 2 2 2 2 2 2 2 2 2
left_child=3 -2 -3 4 6 -6 7 -1 -9 -5 11 12 -11 -14
right_child=1 2 -4 9 5 -7 -8 8 -10 10 -12 -13 13 -15
leaf_value=-0.0098353327967093465 -0.0099652120500410869 0.0050007906231957569 -0.0052396029187138102 -0.0066463265122088085 0.0040126303320802336 0.019255744648927993 -0.010096000353166578 0.014824786849442077 -0.0045311894479461694 0.00032863150062233224 -0.0070921153192304914 0.0050324136635901623 -0.0073623533627825387 0.0036015691125165609
leaf_weight=40 55 50 49 57 70 42 49 59 42 2280 43 77 183 175
leaf_count=40 55 50 49 57 70 42 49 59 42 2280 43 77 183 175
internal_value=1.51506e-05 -0.00368715 -7.10756e-05 0.000200315 0.00300369 0.00996633 -0.00116167 0.00204095 0.00684407 -0.000102357 3.76069e-05 0.000155664 9.61343e-06 -0.00201266
internal_weight=3271 154 99 3117 302 112 190 141 101 2815 2758 2715 2638 358
internal_count=3271 154 99 3117 302 112 190 141 101 2815 2758 2715 2638 358
is_linear=0
shrinkage=0.05


Tree=122
num_leaves=15
num_cat=0
split_feature=49 2 0 0 2 2 0 2 0 19 0 2 2 0
split_gain=0.879563 8.74468 3.59899 9.58332 2.20974 2.776 1.89938 1.8057 1.77972 3.55729 2.83765 3.52545 4.57777 3.07851
threshold=1.0000000180025095e-35 1.1760341681780278 -0.1383345116594015 -0.2757413877466956 1.1760341681780278 1.0000000180025095e-35 0.97554673379994095 -0.96405617077101102 0.51076296367955198 1.0000000180025095e-35 -0.027434137182851707 1.1760341681780278 1.3019218351750299 0.075430641828866538
decision_type=2 2 2 2 2 2 2 2 2 2 2 2 2 2
left_child=2 6 3 4 5 7 -2 -1 9 10 -4 13 -13 -12
right_child=1 -3 8 -5 -6 -7 -8 -9 -10 -11 11 12 -14 -15
leaf_value=0.004735659126361663 -0.0036890067380909389 0.02379319735226177 -0.0080217016185971275 -0.023078916834727414 -0.0093756520480383198 0.012588597568018096 0.0038064389286828013 -0.0097765892608246471 -0.00047862889240931776 0.016111770268115732 0.010268242776879228 0.021698573314785669 0.0002866994425216142 -0.0011377970516414408
leaf_weight=42 190 40 67 60 46 47 149 40 2027 43 69 49 49 353
leaf_count=42 190 40 67 60 46 47 149 40 2027 43 69 49 49 353
internal_value=1.41268e-05 0.00227243 -0.000283193 -0.00618705 -0.000200213 0.00316484 -0.000391545 -0.00240771 0.000243238 0.00255998 0.00151592 0.00277084 0.0112125 0.00076681
internal_weight=3271 379 2892 235 175 129 339 82 2657 630 587 520 98 422
internal_count=3271 379 2892 235 175 129 339 82 2657 630 587 520 98 422
is_linear=0
shrinkage=0.05


Tree=123
num_leaves=15
num_cat=0
split_feature=20 0 0 0 0 0 0 2 0 0 19 0 6 0
split_gain=0.857113 5.15854 2.88951 3.76429 2.45968 9.47054 2.37243 6.60896 2.34756 1.76439 3.22843 2.56584 3.43521 4.22947
threshold=1.0000000180025095e-35 0.33203049318332922 0.90769220432586895 1.3748633365469936 -0.1383345116594015 -0.2757413877466956 -0.69787196288427156 0.54659583319301619 0.41596463574847675 0.51076296367955198 1.0000000180025095e-35 -0.027434137182851707 1.0000000180025095e-35 0.47693202528521167
decision_type=2 2 2 2 2 2 2 2 2 2 2 2 2 2
left_child=4 -2 8 -4 5 6 -1 -8 -3 10 11 -6 13 -13
right_child=1 2 3 -5 9 -7 7 -9 -10 -11 -12 12 -14 -15
leaf_value=-0.0052702640688682837 0.017912836118257079 -8.0326644106293627e-05 0.017213254941757336 0.00078050016371486116 -0.0076322420216772867 -0.021962195021971581 0.019492986152305249 -0.0073824236707554919 -0.012194781343524273 -0.0006020403438803415 0.015341986293594043 0.0028572881505229014 0.015095245411852377 -0.012942779394723672
leaf_weight=80 44 104 41 185 67 60 45 43 63 1975 43 428 48 45
leaf_count=80 44 104 41 185 67 60 45 43 63 1975 43 428 48 45
internal_value=1.45733e-05 0.00207048 0.000215058 0.00388651 -0.000303681 -0.00526025 0.000892939 0.00648846 -0.00474068 0.000133672 0.00243104 0.00143807 0.00262923 0.00130594
internal_weight=3271 437 393 226 2834 228 168 88 167 2606 631 588 521 473
internal_count=3271 437 393 226 2834 228 168 88 167 2606 631 588 521 473
is_linear=0
shrinkage=0.05


Tree=124
num_leaves=15
num_cat=0
split_feature=28 2 0 0 0 2 2 0 0 31 0 0 0 2
split_gain=0.824881 1.13598 0.935052 1.92651 4.31951 1.80522 1.15419 4.75019 3.81418 3.66829 3.79494 3.01349 2.33958 4.54466
threshold=1.0000000180025095e-35 -1.3417191717620176 -0.62713853907415273 -0.25818750864996892 -0.1383345116594015 1.0000000180025095e-35 -0.082842501791995246 -0.027434137182851707 0.026304353064993846 1.0000000180025095e-35 0.065645991606312307 0.38446136457468616 0.25500884282636133 0.92425883418402288
decision_type=2 2 2 2 2 2 2 2 2 2 2 2 2 2
left_child=2 -2 -1 5 -5 -4 8 -8 -6 10 -9 12 -12 -14
right_child=1 -3 3 4 6 -7 7 9 -10 -11 11 -13 13 -15
leaf_value=0.0051881986310827024 0.0037440129964403353 -0.0049471065352940146 -0.013458359085023403 0.015346551064322603 0.015941832825368228 -0.00031949869242676521 -0.014927485614622893 0.01384844332933426 0.00074190986415136897 0.013675275210129179 -9.764915217979337e-05 -7.800056336064966e-05 -0.00088663418054915014 -0.017834018316703389
leaf_weight=90 47 164 48 45 41 55 55 42 1035 44 104 1344 76 81
leaf_count=90 47 164 48 45 41 55 55 42 1035 44 104 1344 76 81
internal_value=1.44748e-05 -0.00299419 0.000223755 6.99276e-05 0.000313334 -0.00658218 6.2913e-05 -0.00073066 0.00134959 -0.000251817 -0.000640018 -0.00103592 -0.00593054 -0.00974453
internal_weight=3271 211 3060 2970 2867 103 2822 1746 1076 1691 1647 1605 261 157
internal_count=3271 211 3060 2970 2867 103 2822 1746 1076 1691 1647 1605 261 157
is_linear=0
shrinkage=0.05


Tree=125
num_leaves=15
num_cat=0
split_feature=0 0 2 2 1 0 18 5 0 0 2 6 0 1
split_gain=0.821779 1.65264 3.0834 8.09338 6.91638 1.31626 0.808147 0.727176 0.785629 3.58217 2.31891 5.73117 2.95584 2.67701
threshold=-0.74960423694147782 -0.03638325773648244 0.2948204991990116 1.1760341681780278 -0.41876142585576009 0.047562749425705507 1.0000000180025095e-35 1.0000000180025095e-35 0.99907905815976361 0.83253885893759794 1.1760341681780278 1.0000000180025095e-35 0.6399502238742536 0.69992303680890788
decision_type=2 2 2 2 2 2 2 2 2 2 2 2 2 2
left_child=-1 2 4 -4 -2 -3 7 8 9 10 11 12 -7 -12
right_child=1 5 3 -5 -6 6 -8 -9 -10 -11 13 -13 -14 -15
leaf_value=-0.0053450571572674181 0.025894324360198753 -0.0071264581506335139 -0.016196676409216942 0.0087949191542043368 0.00072155569970317477 0.0015241144142436598 -0.0066857488919049501 0.0047976051432174881 -0.0009764912758828359 0.0053099802060222086 0.0082001746175250495 -0.016369806630078889 -0.0043497152437647285 -0.0061985924330994835
leaf_weight=68 41 65 52 79 75 605 43 77 1278 328 131 59 329 41
leaf_count=68 41 65 52 79 75 605 43 77 1278 328 131 59 329 41
internal_value=1.4238e-05 0.000131281 0.00404331 -0.00121979 0.00990691 -0.000198117 -3.75237e-05 6.74746e-05 -6.73307e-05 0.000711171 -0.000590482 -0.00152078 -0.000549806 0.00473611
internal_weight=3271 3203 247 131 116 2956 2891 2848 2771 1493 1165 993 934 172
internal_count=3271 3203 247 131 116 2956 2891 2848 2771 1493 1165 993 934 172
is_linear=0
shrinkage=0.05


Tree=126
num_leaves=15
num_cat=0
split_feature=25 0 0 0 0 0 2 0 2 2 0 49 2 2
split_gain=0.828682 2.7802 3.58456 1.27952 3.27548 2.52218 2.18036 1.82787 1.77682 1.48298 1.3261 5.70545 9.20088 3.42202
threshold=1.0000000180025095e-35 0.52565180069574124 0.80249981666372594 -0.03638325773648244 -0.25818750864996892 -0.62713853907415273 1.0000000180025095e-35 0.11640286032154841 1.0501465011810254 0.79837116718702072 0.51076296367955198 1.0000000180025095e-35 1.1760341681780278 0.92425883418402288
decision_type=2 2 2 2 2 2 2 2 2 2 2 2 2 2
left_child=3 -2 -3 4 5 -1 -7 9 -6 -5 11 12 -9 -13
right_child=1 2 -4 7 8 6 -8 10 -10 -11 -12 13 -14 -15
leaf_value=0.0052910963844300975 -0.0087189336914369579 0.013206981261201362 -0.0027689795572605497 -0.00040945570915937427 0.0043543381379946835 -0.014720597209105658 0.00047971229241402065 0.0017255633418843197 0.017339069401959378 -0.012094054357813938 -0.00037805123342686374 -0.00075343352600207769 0.021231437752954663 -0.017722487028481233
leaf_weight=88 110 45 137 53 61 41 52 314 47 54 2065 88 73 43
leaf_count=88 110 45 137 53 61 41 52 314 47 54 2065 88 73 43
internal_value=1.32815e-05 -0.00251932 0.00128174 0.00026305 0.00341256 -0.000715205 -0.00639033 -7.76018e-05 0.0102176 -0.00642007 0.000189897 0.00244676 0.00549521 -0.00650617
internal_weight=3271 292 182 2979 289 181 93 2690 108 107 2583 518 387 131
internal_count=3271 292 182 2979 289 181 93 2690 108 107 2583 518 387 131
is_linear=0
shrinkage=0.05


Tree=127
num_leaves=15
num_cat=0
split_feature=20 0 0 0 0 0 0 2 0 41 0 2 2 0
split_gain=0.859441 4.62888 2.49862 3.35768 2.36088 9.25385 2.3941 6.23763 2.31908 1.69068 2.46576 1.39898 1.27767 1.35177
threshold=1.0000000180025095e-35 0.33203049318332922 0.90769220432586895 1.3748633365469936 -0.1383345116594015 -0.2757413877466956 -0.69787196288427156 0.54659583319301619 0.41596463574847675 1.0000000180025095e-35 -0.03638325773648244 0.79837116718702072 -1.46760683875902 0.11640286032154841
decision_type=2 2 2 2 2 2 2 2 2 2 2 2 2 2
left_child=4 -2 8 -4 5 6 -1 -8 11 10 -6 -3 -12 -14
right_child=1 2 3 -5 9 -7 7 -9 -10 -11 12 -13 13 -15
leaf_value=-0.0052715229804673027 0.017078596422367771 0.0051321587577048272 0.016313451257274424 0.00079280389226938199 0.010448497987041871 -0.021671690485410153 0.019172039314945964 -0.0069424120129810453 -0.011704517747633732 -0.0050310065143276007 -0.0046348865118880688 -0.0064109733561053877 -0.0048951621907430574 0.00073857824655393107
leaf_weight=80 44 61 41 185 58 60 45 43 63 148 128 43 110 2162
leaf_count=80 44 61 41 185 58 60 45 43 63 148 128 43 110 2162
internal_value=1.28027e-05 0.0020715 0.000313345 0.0037269 -0.000305883 -0.00516188 0.000920073 0.00654086 -0.00429563 0.000122603 0.000436748 0.000328606 0.000186299 0.000461752
internal_weight=3271 437 393 226 2834 228 168 88 167 2606 2458 104 2400 2272
internal_count=3271 437 393 226 2834 228 168 88 167 2606 2458 104 2400 2272
is_linear=0
shrinkage=0.05


Tree=128
num_leaves=15
num_cat=0
split_feature=62 2 2 0 0 0 0 0 0 1 12 25 63 55
split_gain=0.829147 0.871322 2.98124 3.42023 1.71853 9.3048 2.4228 2.05713 2.41488 1.96364 1.70646 1.75102 1.63904 1.8027
threshold=1.0000000180025095e-35 -1.2158315047650154 -1.0899438377680133 0.84250266731785672 -0.32791260858844135 -0.17379978201545368 -0.08094118127913888 0.065645991606312307 0.21814576770753935 -0.41876142585576009 1.0000000180025095e-35 1.0000000180025095e-35 1.0000000180025095e-35 1.0000000180025095e-35
decision_type=2 2 2 2 2 2 2 2 2 2 2 2 2 2
left_child=1 10 3 -3 9 -6 -7 -8 -9 -4 11 -1 13 -10
right_child=-2 2 4 -5 5 6 7 8 12 -11 -12 -13 -14 -15
leaf_value=0.00026760922844038795 -0.0062511282048385158 0.018197591893374922 0.0031993500784867341 -0.00028504331130534409 0.022482809662184817 -0.011883964640132728 0.007868721422684544 -0.007351243213095048 -0.00039647872373487251 -0.0097167474704540589 -0.0099907040571062169 -0.0096172271445393569 0.0075217393135014734 0.0048344908828019274
leaf_weight=430 50 48 43 50 45 40 83 106 1936 86 54 48 74 178
leaf_count=430 50 48 43 50 45 40 83 106 1936 86 54 48 74 178
internal_value=1.22577e-05 0.000113304 0.000479343 0.00895057 0.000152277 0.000448846 2.0366e-05 0.000230514 -5.24606e-05 -0.00542827 -0.00173171 -0.000760946 0.000307527 4.8125e-05
internal_weight=3271 3221 2689 98 2591 2462 2417 2377 2294 129 532 478 2188 2114
internal_count=3271 3221 2689 98 2591 2462 2417 2377 2294 129 532 478 2188 2114
is_linear=0
shrinkage=0.05


Tree=129
num_leaves=15
num_cat=0
split_feature=49 2 0 0 2 2 0 2 0 19 2 0 0 2
split_gain=0.804202 7.76356 2.9701 8.04603 1.95419 2.83998 1.66139 1.54084 1.5362 1.47485 2.27023 1.21808 2.78697 3.14626
threshold=1.0000000180025095e-35 1.1760341681780278 -0.1383345116594015 -0.2757413877466956 1.1760341681780278 1.0000000180025095e-35 0.35274415105260237 -0.96405617077101102 -0.054533843223597687 1.0000000180025095e-35 -0.46050550278300201 0.3398589145880257 0.29162009391185861 1.0501465011810254
decision_type=2 2 2 2 2 2 2 2 2 2 2 2 2 2
left_child=2 6 3 4 5 7 -2 -1 -4 11 -11 12 13 -10
right_child=1 -3 8 -5 -6 -7 -8 -9 9 10 -12 -13 -14 -15
leaf_value=0.0039920740718529983 -0.0095287161132017548 0.022448874655224028 0.0087153655557463388 -0.021113495495651041 -0.0087793418671935804 0.012546715535679643 0.00098050637145449099 -0.0094201429447691373 -0.0019378699437790628 -0.012598408056880561 0.0012969247271851806 -0.00015137800378880209 0.012744403828973653 0.010287560776982835
leaf_weight=42 41 40 50 60 46 47 298 40 220 55 60 2146 59 67
leaf_count=42 41 40 50 60 46 47 298 40 220 55 60 2146 59 67
internal_value=1.19161e-05 0.00217131 -0.00027238 -0.00563566 -0.000150362 0.0030137 -0.000338953 -0.00261899 0.00020586 3.60994e-05 -0.00545043 0.000293458 0.00303748 0.000967594
internal_weight=3271 379 2892 235 175 129 339 82 2657 2607 115 2492 346 287
internal_count=3271 379 2892 235 175 129 339 82 2657 2607 115 2492 346 287
is_linear=0
shrinkage=0.05


Tree=130
num_leaves=15
num_cat=0
split_feature=3 0 0 0 0 2 2 2 0 0 18 49 0 0
split_gain=0.790105 1.38737 2.66462 1.21924 3.52626 1.772 1.75462 3.05174 3.64856 1.01085 0.741313 0.720209 3.13982 3.26987
threshold=1.0000000180025095e-35 0.35747625517116677 0.9396681822355154 -0.03638325773648244 -0.25818750864996892 1.1760341681780278 1.1760341681780278 -1.2158315047650154 -0.62713853907415273 0.047562749425705507 1.0000000180025095e-35 1.0000000180025095e-35 0.90769220432586895 1.6390637437033391
decision_type=2 2 2 2 2 2 2 2 2 2 2 2 2 2
left_child=3 -2 -3 4 6 -6 7 -1 -9 -5 11 -11 -13 -14
right_child=1 2 -4 9 5 -7 -8 8 -10 10 -12 12 13 -15
leaf_value=-0.0095081871685882419 -0.011230166105642207 0.0051111280233599246 -0.010501860262999355 -0.0066152590461138446 0.0050313698606462114 0.018055133627388965 -0.0089220826495804047 0.014318468821708298 -0.0046570046466182574 0.00042279803275398567 -0.0063659367653437788 -0.0065280951007042794 0.0091996256117473675 -0.0043044010382250553
leaf_weight=40 40 73 41 57 70 42 49 59 42 2356 43 183 92 84
leaf_count=40 40 73 41 57 70 42 49 59 42 2356 43 183 92 84
internal_value=1.161e-05 -0.00346098 -0.000588322 0.000185288 0.00319353 0.0101464 -0.000967978 0.00188234 0.00649047 -0.000139482 -9.49518e-07 0.000104471 -0.00197538 0.00277857
internal_weight=3271 154 114 3117 302 112 190 141 101 2815 2758 2715 359 176
internal_count=3271 154 114 3117 302 112 190 141 101 2815 2758 2715 359 176
is_linear=0
shrinkage=0.05


Tree=131
num_leaves=15
num_cat=0
split_feature=20 0 2 0 0 0 0 0 0 0 2 0 0 2
split_gain=0.820522 4.39724 2.14008 6.1202 3.0658 2.03949 2.91415 2.15131 1.51448 5.55706 1.96612 1.92568 3.90683 4.11209
threshold=1.0000000180025095e-35 0.33203049318332922 1.3019218351750299 0.13422700562582043 0.58440174899071207 0.90769220432586895 1.6390637437033391 0.41596463574847675 -0.62713853907415273 -0.19804713887514644 0.54659583319301619 0.99102966624031885 0.83253885893759794 1.1760341681780278
decision_type=2 2 2 2 2 2 2 2 2 2 2 2 2 2
left_child=2 -2 8 -4 -5 7 -7 -3 -1 10 -10 12 13 -11
right_child=1 5 3 4 -6 6 -8 -9 9 11 -12 -13 -14 -15
leaf_value=0.0065754324863773099 0.016648851079947274 0.00059298942818851127 -0.021551064314941568 0.009490763340327963 -0.0061965346561919437 0.01045790992682444 -0.0011155727561164366 -0.010991923950720005 -0.0056333933799312674 -0.00065460404650095297 -0.019871029452908608 -0.0011872548202265956 0.0076427049208442873 0.0092941790225048518
leaf_weight=84 44 104 43 49 78 87 139 63 63 991 40 1151 221 114
leaf_count=84 44 104 43 49 78 87 139 63 63 991 40 1151 221 114
internal_value=1.05256e-05 0.00202207 -0.000300859 -0.00570635 -9.06499e-05 0.000308456 0.00339236 -0.00385573 4.81075e-05 -0.000169339 -0.0114358 0.000307996 0.00160574 0.000386724
internal_weight=3271 437 2834 170 127 393 226 167 2664 2580 103 2477 1326 1105
internal_count=3271 437 2834 170 127 393 226 167 2664 2580 103 2477 1326 1105
is_linear=0
shrinkage=0.05


Tree=132
num_leaves=15
num_cat=0
split_feature=27 2 2 31 0 2 0 48 0 2 0 0 0 0
split_gain=0.851975 1.52115 1.16606 3.00402 5.81712 18.1289 4.47125 2.76848 3.31509 4.82224 3.71641 4.09467 2.87833 3.13396
threshold=1.0000000180025095e-35 -0.58639316978000433 0.2948204991990116 1.0000000180025095e-35 -0.03638325773648244 -1.2158315047650154 0.67471404562640891 1.0000000180025095e-35 -0.17379978201545368 1.1760341681780278 -0.027434137182851707 0.30122258216924452 0.63355360947605466 0.99356433460156934
decision_type=2 2 2 2 2 2 2 2 2 2 2 2 2 2
left_child=2 -2 3 4 5 -1 -5 8 9 -4 -10 -12 -13 -14
right_child=1 -3 7 6 -6 -7 -8 -9 10 -11 11 12 13 -15
leaf_value=-0.0057543190485187653 -0.009269362819770267 -0.00029995810559042303 -0.0027361115363116069 -0.01876530721059276 0.0009097947740355916 0.036186520462023454 0.0031711688977951302 -0.010727404269379225 -0.013733219313952659 0.019700837773936136 0.0074705401596444473 -0.0054574504684215082 0.0040111927112042338 -0.0020444761753505287
leaf_weight=56 65 161 46 43 1256 45 47 64 52 47 147 310 328 604
leaf_count=56 65 161 46 43 1256 45 47 64 52 47 147 310 328 604
internal_value=9.80076e-06 -0.00293834 0.000230397 0.00125775 0.00184808 0.013272 -0.00748969 -0.000700292 -0.000268528 0.00877903 -0.000863802 -0.000362957 -0.00130063 9.07292e-05
internal_weight=3271 226 3045 1447 1357 101 90 1598 1534 93 1441 1389 1242 932
internal_count=3271 226 3045 1447 1357 101 90 1598 1534 93 1441 1389 1242 932
is_linear=0
shrinkage=0.05


Tree=133
num_leaves=15
num_cat=0
split_feature=0 0 2 2 0 2 0 31 0 0 0 13 2 0
split_gain=0.869152 1.65429 8.57827 6.27443 0.993025 1.08538 5.72453 3.50095 2.12414 1.64947 5.86102 1.79488 2.175 3.69081
threshold=-0.74960423694147782 -0.17379978201545368 1.1760341681780278 -1.0899438377680133 -0.08094118127913888 -0.082842501791995246 0.075430641828866538 1.0000000180025095e-35 0.047562749425705507 0.29162009391185861 0.35274415105260237 1.0000000180025095e-35 -0.33461783578599974 1.2426584995594629
decision_type=2 2 2 2 2 2 2 2 2 2 2 2 2 2
left_child=-1 2 3 -2 -3 6 -6 8 -7 -8 -11 12 -12 -14
right_child=1 4 -4 -5 5 7 9 -9 -10 10 11 -13 13 -15
leaf_value=-0.0055022069712036426 0.011511373847723008 -0.0068596245074230766 0.02234010297805071 -0.011362213687350353 0.016923933505260554 -0.010623775559820628 -0.0075987060722268992 0.012845549027880897 -0.00081166489722189978 0.018720358263023876 5.1067046989927172e-05 -0.0051559230011346234 0.016645647075751592 -0.0032544035653007176
leaf_weight=68 48 52 48 73 53 55 59 44 1729 42 769 139 52 40
leaf_count=68 48 52 48 73 53 55 59 44 1729 42 769 139 52 40
internal_value=9.39208e-06 0.000129764 0.00491467 -0.00224876 -0.000139826 -1.81278e-05 0.00118128 -0.000775766 -0.00112573 0.000394145 0.000860405 7.44187e-05 0.000928798 0.0081083
internal_weight=3271 3203 169 121 3034 2982 1154 1828 1784 1101 1042 1000 861 92
internal_count=3271 3203 169 121 3034 2982 1154 1828 1784 1101 1042 1000 861 92
is_linear=0
shrinkage=0.05


Tree=134
num_leaves=15
num_cat=0
split_feature=25 0 0 2 0 0 2 0 2 2 0 1 0 55
split_gain=0.830663 2.46661 3.67484 1.26025 1.19625 3.51515 2.75067 2.31367 2.17736 1.5084 1.28181 2.65566 1.29557 1.02717
threshold=1.0000000180025095e-35 0.54276120931932537 0.78855895964296507 0.42070816619601387 -0.054533843223597687 -0.25818750864996892 1.0501465011810254 -0.62713853907415273 1.0000000180025095e-35 -0.46050550278300201 0.11640286032154841 -0.41876142585576009 0.17968847135704472 1.0000000180025095e-35
decision_type=2 2 2 2 2 2 2 2 2 2 2 2 2 2
left_child=4 3 -3 -2 5 7 -7 9 -9 -1 11 -6 -12 -14
right_child=1 2 -4 -5 10 6 -8 8 -10 -11 12 -13 13 -15
leaf_value=0.011798395637726021 -0.002696021500139915 0.01412040423158379 -0.0027451028072807407 -0.013246571211299549 0.0040999076006059745 0.0031010481252990389 0.020128518529236319 -0.014484534107235282 0.00069764279932887474 -0.0011173758579760182 0.0080659042879500809 -0.01092409559339285 -0.00016576999620780968 0.0055568049795477201
leaf_weight=41 56 40 138 58 47 52 43 41 52 47 49 73 2455 79
leaf_count=41 56 40 138 58 47 52 43 41 52 47 49 73 2455 79
internal_value=1.0385e-05 -0.00252524 0.00115968 -0.00819969 0.000260453 0.00338366 0.0110643 -0.000724495 -0.0061596 0.00502866 -6.07195e-05 -0.00506895 0.000175693 1.68787e-05
internal_weight=3271 292 178 114 2979 276 95 181 93 88 2703 120 2583 2534
internal_count=3271 292 178 114 2979 276 95 181 93 88 2703 120 2583 2534
is_linear=0
shrinkage=0.05


Tree=135
num_leaves=15
num_cat=0
split_feature=0 0 1 2 0 0 1 1 2 0 56 29 0 0
split_gain=0.851171 1.8194 10.055 2.22939 1.05198 1.08939 0.909063 1.11631 1.42561 1.18733 1.40237 1.22515 1.19802 3.46424
threshold=-0.69787196288427156 -0.17379978201545368 0.69992303680890788 1.0000000180025095e-35 -0.08094118127913888 -0.015191260322037617 -0.978103657188094 1.0000000180025095e-35 0.42070816619601387 0.1272420496191049 1.0000000180025095e-35 1.0000000180025095e-35 0.64218411808915488 0.50092203037804695
decision_type=2 2 2 2 2 2 2 2 2 2 2 2 2 2
left_child=-1 2 3 -2 -3 -6 -7 8 -8 -9 11 12 13 -11
right_child=1 4 -4 -5 5 6 7 9 -10 10 -12 -13 -14 -15
leaf_value=-0.0049882556827940856 -0.010595424841934195 -0.0070481977054711294 0.026003478159911411 0.0033680200786657742 0.0070306848596643524 -0.0019766738642972548 0.0033786952960926024 0.0059712206213589532 -0.00029715991469197816 -0.0009853112905462509 0.005874392124373377 0.0053312441879825208 -0.00081012847962524655 -0.012704087277977831
leaf_weight=81 46 52 41 69 52 544 514 62 539 212 68 62 841 88
leaf_count=81 46 52 41 69 52 544 514 62 539 212 68 62 841 88
internal_value=1.05437e-05 0.000140518 0.00537151 -0.002303 -0.000131806 -6.55539e-06 -0.000136159 0.000284776 0.00150014 -0.000676103 -0.00100923 -0.00140744 -0.00178229 -0.00448419
internal_weight=3271 3190 156 115 3034 2982 2930 2386 1053 1333 1271 1203 1141 300
internal_count=3271 3190 156 115 3034 2982 2930 2386 1053 1333 1271 1203 1141 300
is_linear=0
shrinkage=0.05


Tree=136
num_leaves=15
num_cat=0
split_feature=28 2 25 0 2 55 0 2 0 2 0 2 0 31
split_gain=0.797917 1.11824 0.879479 2.25491 3.2818 4.35277 1.89368 9.70207 6.33865 1.95071 6.41025 4.39813 11.8306 3.00978
threshold=1.0000000180025095e-35 -1.3417191717620176 1.0000000180025095e-35 0.52565180069574124 -0.2087301687889975 1.0000000180025095e-35 -0.17379978201545368 1.1760341681780278 -0.62713853907415273 -0.082842501791995246 -0.027434137182851707 -0.46050550278300201 0.75596316599725377 1.0000000180025095e-35
decision_type=2 2 2 2 2 2 2 2 2 2 2 2 2 2
left_child=2 -2 6 -4 -5 -6 7 8 -1 11 -11 -8 -13 -12
right_child=1 -3 3 4 5 -7 9 -9 -10 10 13 12 -14 -15
leaf_value=0.010577401297965222 0.0037363464449893455 -0.0048862502534301527 -0.0079670553873126809 -0.0071427162786996045 -0.0040213884082967765 0.015618852519740663 0.00048697757611779923 0.024796579029255861 -0.0092970755833022781 -0.017274988654615551 -0.00072858441097254679 0.032284699118740504 0.00069448871592294825 0.01225680141993191
leaf_weight=68 47 164 110 72 52 58 830 46 92 56 1491 40 101 44
leaf_count=68 47 164 110 72 52 58 830 46 92 56 1491 40 101 44
internal_value=1.05528e-05 -0.00294853 0.000216387 -0.002384 0.0010403 0.00642836 0.000492228 0.00508043 -0.000824117 0.000119634 -0.000957886 0.00188351 0.00998245 -0.0003409
internal_weight=3271 211 3060 292 182 110 2768 206 160 2562 1591 971 141 1535
internal_count=3271 211 3060 292 182 110 2768 206 160 2562 1591 971 141 1535
is_linear=0
shrinkage=0.05


Tree=137
num_leaves=15
num_cat=0
split_feature=0 0 1 2 2 1 0 0 56 0 0 0 2 0
split_gain=0.954035 1.6553 9.1084 1.83383 0.844107 0.83368 2.45563 2.43665 1.48486 1.24443 2.5961 1.18138 2.50984 5.13263
threshold=-0.69787196288427156 -0.17379978201545368 0.69992303680890788 1.0000000180025095e-35 -0.2087301687889975 1.0000000180025095e-35 -0.015191260322037617 -0.03638325773648244 1.0000000180025095e-35 0.23333791567328474 0.3183020038540923 1.2426584995594629 0.42070816619601387 1.1351323621621354
decision_type=2 2 2 2 2 2 2 2 2 2 2 2 2 2
left_child=4 2 3 -2 -1 7 -7 -3 9 -9 -11 12 13 -12
right_child=1 5 -4 -5 -6 6 -8 8 -10 10 11 -13 -14 -15
leaf_value=-0.0101439569632761 -0.009686219451638561 0.011990599544799847 0.024775324333025969 0.0029789273135206653 -5.0217950982706886e-05 -0.012782080311241541 -0.00064050438988161166 -0.0038624306131208683 -0.0059222494138197771 0.012438025022144146 0.0028231688063283258 -0.0011159243740170278 -0.00051153468382444673 0.021279269685362315
leaf_weight=41 46 44 41 69 40 41 1333 135 88 47 312 530 463 41
leaf_count=41 46 44 41 69 40 41 1333 135 88 47 312 530 463 41
internal_value=1.15263e-05 0.000149131 0.00513863 -0.00216611 -0.00528071 -0.000110632 -0.00102086 0.000643095 0.000319688 0.000686443 0.00113219 0.000719546 0.00191152 0.0050746
internal_weight=3271 3190 156 115 81 3034 1374 1660 1616 1528 1393 1346 816 353
internal_count=3271 3190 156 115 81 3034 1374 1660 1616 1528 1393 1346 816 353
is_linear=0
shrinkage=0.05


Tree=138
num_leaves=15
num_cat=0
split_feature=0 0 1 2 0 0 1 1 2 0 26 29 0 0
split_gain=0.86556 1.5003 8.26108 1.66174 0.845501 1.11844 0.846111 0.960341 1.15763 1.12295 1.28402 1.10346 0.980071 2.58409
threshold=-0.69787196288427156 -0.17379978201545368 0.69992303680890788 1.0000000180025095e-35 -0.08094118127913888 -0.015191260322037617 -0.978103657188094 1.0000000180025095e-35 0.42070816619601387 0.1272420496191049 1.0000000180025095e-35 1.0000000180025095e-35 1.2426584995594629 1.0343818543907466
decision_type=2 2 2 2 2 2 2 2 2 2 2 2 2 2
left_child=-1 2 3 -2 -3 -6 -7 8 12 -9 11 -11 13 -8
right_child=1 4 -4 -5 5 6 7 9 -10 10 -12 -13 -14 -15
leaf_value=-0.0050289611901571775 -0.0092220883573948722 -0.0063049119466018896 0.023594172723418058 0.0028341776763521872 0.0071384082237879445 -0.0018990196397970687 0.0029009476120988946 0.0058558671284117741 -0.00020980971229267814 -0.0016332321917469765 0.0062743105333677293 0.0051157251044060105 0.00044660222797704468 0.015566592518007384
leaf_weight=81 46 52 41 69 52 544 260 62 539 1152 57 62 208 46
leaf_count=81 46 52 41 69 52 544 260 62 539 1152 57 62 208 46
internal_value=1.19146e-05 0.000142983 0.00489314 -0.00206354 -0.00010432 7.95902e-06 -0.000123371 0.000282722 0.00140998 -0.000608527 -0.000932568 -0.00128071 0.00310277 0.00489365
internal_weight=3271 3190 156 115 3034 2982 2930 2386 1053 1333 1271 1214 514 306
internal_count=3271 3190 156 115 3034 2982 2930 2386 1053 1333 1271 1214 514 306
is_linear=0
shrinkage=0.05


Tree=139
num_leaves=15
num_cat=0
split_feature=49 0 0 0 2 2 2 2 0 19 2 0 6 0
split_gain=0.82076 7.03375 3.17942 7.35116 2.45477 2.51629 1.75905 1.54952 1.40973 1.25661 2.21013 1.10183 3.69288 2.1382
threshold=1.0000000180025095e-35 0.3398589145880257 -0.1383345116594015 -0.2757413877466956 1.1760341681780278 1.0000000180025095e-35 -0.96405617077101102 -0.96405617077101102 -0.054533843223597687 1.0000000180025095e-35 -0.46050550278300201 0.50092203037804695 1.0000000180025095e-35 0.72644167808127624
decision_type=2 2 2 2 2 2 2 2 2 2 2 2 2 2
left_child=2 -2 3 4 5 6 -1 -3 -4 11 -11 12 -10 -13
right_child=1 7 8 -5 -6 -7 -8 -9 9 10 -12 13 -14 -15
leaf_value=0.0047198433651250201 0.021241215542825157 0.0086486523472812295 0.0083720105825565196 -0.020618218192530256 -0.010242592138335265 0.011947857322437423 -0.009603044024524502 -0.0015025651107314839 0.0010268427636560538 -0.012060828850882357 0.0016400152516941871 -0.0041350134427193559 0.015861632620267893 0.00044950424052824195
leaf_weight=42 41 41 50 60 46 47 40 297 481 55 60 298 44 1669
leaf_count=42 41 41 50 60 46 47 40 297 481 55 60 298 44 1669
internal_value=1.27069e-05 0.00219422 -0.000274502 -0.00582356 -0.000575447 0.0029755 -0.00232922 -0.000227573 0.000220299 5.76586e-05 -0.00500672 0.000295196 0.00232562 -0.000248544
internal_weight=3271 379 2892 235 175 129 82 338 2657 2607 115 2492 525 1967
internal_count=3271 379 2892 235 175 129 82 338 2657 2607 115 2492 525 1967
is_linear=0
shrinkage=0.05


Tree=140
num_leaves=15
num_cat=0
split_feature=0 0 2 2 29 0 0 0 0 0 63 6 0 0
split_gain=0.782599 1.29695 5.26948 5.77571 1.08989 2.1765 4.53522 1.86046 0.839438 2.82012 2.27067 1.58532 3.30447 2.6871
threshold=-0.74960423694147782 -0.054533843223597687 -0.33461783578599974 1.1760341681780278 1.0000000180025095e-35 1.1841541197143088 0.6599295067459453 0.047562749425705507 1.1779617369689801 1.204539511801846 1.0000000180025095e-35 1.0000000180025095e-35 0.50092203037804695 0.89893686024297825
decision_type=2 2 2 2 2 2 2 2 2 2 2 2 2 2
left_child=-1 2 -2 -4 7 6 -6 -3 10 -10 11 -9 -13 -14
right_child=1 4 3 -5 5 -7 -8 8 9 -11 -12 12 13 -15
leaf_value=-0.0052174224252147343 0.013840701680136734 -0.0083641900890834738 -0.011295103206876902 0.007889661917653985 0.011841426230967046 0.01350763919600827 -0.0091025537684938668 -0.00027638742602641262 -0.01275998528718072 -0.00069807311458334846 0.010502820851450618 0.016436631519657872 -0.0077485749211448898 0.0092554174784925721
leaf_weight=68 81 69 77 76 44 41 57 1543 49 980 53 43 50 40
leaf_count=68 81 69 77 76 44 41 57 1543 49 980 53 43 50 40
internal_value=1.25526e-05 0.000126772 0.00369432 -0.00178658 -0.0001567 0.00408669 7.43198e-05 -0.000372583 -0.000166732 -0.00129609 0.000506116 0.00017785 0.0053737 -0.00015433
internal_weight=3271 3203 234 153 2969 142 101 2827 2758 1029 1729 1676 133 90
internal_count=3271 3203 234 153 2969 142 101 2827 2758 1029 1729 1676 133 90
is_linear=0
shrinkage=0.05


Tree=141
num_leaves=15
num_cat=0
split_feature=62 2 2 0 0 0 1 0 0 0 12 25 55 2
split_gain=0.762472 0.880833 2.66543 3.15845 2.08257 8.58053 2.0919 2.0549 1.96643 2.53891 1.54048 1.49524 1.3398 3.31503
threshold=1.0000000180025095e-35 -1.2158315047650154 -1.0899438377680133 0.84250266731785672 -0.32791260858844135 -0.17379978201545368 -0.41876142585576009 -0.08094118127913888 0.065645991606312307 0.21814576770753935 1.0000000180025095e-35 1.0000000180025095e-35 1.0000000180025095e-35 -0.46050550278300201
decision_type=2 2 2 2 2 2 2 2 2 2 2 2 2 2
left_child=1 10 3 -3 6 -6 -4 -7 -9 -10 11 -1 -11 -14
right_child=-2 2 4 -5 5 7 -8 8 9 12 -12 -13 13 -15
leaf_value=0.0001284261247578629 -0.0059935020542560289 0.017373890120536091 0.0029428003376556766 -0.00038315837737172846 0.021653952489190914 -0.010879977812458363 -0.010399158417501234 0.0077447816515889244 -0.0074837664556172169 -8.6468462324256882e-07 -0.0095927361068398956 -0.0090064085517078639 0.015596744602508084 0.00034661521256334126
leaf_weight=430 50 48 43 50 45 40 86 83 106 2010 54 48 47 131
leaf_count=430 50 48 43 50 45 40 86 83 106 2010 54 48 47 131
internal_value=1.27747e-05 0.000109672 0.000477706 0.0084877 0.000168429 0.000494901 -0.00597481 8.3382e-05 0.000276864 1.54088e-07 -0.00174538 -0.000822584 0.000369224 0.00450189
internal_weight=3271 3221 2689 98 2591 2462 129 2417 2377 2294 532 478 2188 178
internal_count=3271 3221 2689 98 2591 2462 129 2417 2377 2294 532 478 2188 178
is_linear=0
shrinkage=0.05


Tree=142
num_leaves=15
num_cat=0
split_feature=49 2 0 0 2 2 0 2 2 0 29 2 0 0
split_gain=0.747169 6.59014 2.91453 7.14605 2.26353 2.46374 1.91114 1.45997 1.34492 1.64461 2.18376 4.14968 2.09421 1.74205
threshold=1.0000000180025095e-35 1.1760341681780278 -0.1383345116594015 -0.2757413877466956 1.1760341681780278 1.0000000180025095e-35 0.35274415105260237 -0.96405617077101102 -1.46760683875902 -0.054533843223597687 1.0000000180025095e-35 1.0501465011810254 0.047562749425705507 0.9396681822355154
decision_type=2 2 2 2 2 2 2 2 2 2 2 2 2 2
left_child=2 6 3 4 5 7 -2 -1 -4 -10 12 -12 -11 -14
right_child=1 -3 8 -5 -6 -7 -8 -9 9 10 11 -13 13 -15
leaf_value=0.0041814731326832609 -0.010076391561563279 0.020776265167764256 -0.0046128223024743753 -0.020161065759678042 -0.0096863662552398935 0.011883870709915551 0.0011948853174593146 -0.0088689484860792391 0.0093617210840331571 -0.0089728526410908678 0.015629734990216092 -0.0025244748175498985 0.001648477374443445 -0.001112124284848796
leaf_weight=42 41 40 135 60 46 47 298 40 49 62 62 61 1085 1203
leaf_count=42 41 40 135 60 46 47 298 40 49 62 62 61 1085 1203
internal_value=1.2504e-05 0.00209392 -0.000261527 -0.0055744 -0.00040196 0.0030061 -0.000219411 -0.00224418 0.000212213 0.000473943 0.000290418 0.00673009 -5.20737e-05 0.000197286
internal_weight=3271 379 2892 235 175 129 339 82 2657 2522 2473 123 2350 2288
internal_count=3271 379 2892 235 175 129 339 82 2657 2522 2473 123 2350 2288
is_linear=0
shrinkage=0.05


Tree=143
num_leaves=15
num_cat=0
split_feature=3 2 0 0 0 2 1 2 0 0 0 1 13 42
split_gain=0.71454 1.41191 1.07716 2.46647 5.70371 8.69698 10.9292 2.90299 1.98668 1.96501 1.28638 1.04435 1.00582 1.98196
threshold=1.0000000180025095e-35 0.42070816619601387 0.075430641828866538 -0.32791260858844135 -0.19804713887514644 1.1760341681780278 -0.41876142585576009 -1.0899438377680133 -0.015191260322037617 -0.77586898813193661 0.21814576770753935 1.0000000180025095e-35 1.0000000180025095e-35 1.0000000180025095e-35
decision_type=2 2 2 2 2 2 2 2 2 2 2 2 2 2
left_child=2 -2 3 7 -5 6 -6 -1 -8 -9 -4 -11 13 -12
right_child=1 -3 10 4 5 -7 8 9 -10 11 12 -13 -14 -15
leaf_value=0.0091485130592693833 -0.0095595962760087697 0.00031263431174551498 -0.0051970736077818717 0.021720700895757943 0.026436855366348096 -0.015186501944543058 -0.010344374969246842 0.002876509356622895 0.0047956767807611168 -0.0043496328468124075 0.00084886054954610025 -0.015654994413083375 -0.0025927085976766807 -0.0046311392365595821
leaf_weight=42 55 99 120 44 51 51 40 43 43 43 2109 41 313 177
leaf_count=42 55 99 120 44 51 51 40 43 43 43 2109 41 313 177
internal_value=1.18379e-05 -0.00329052 0.000177001 0.0025996 0.00596001 0.00201931 0.00869482 -0.0019703 -0.00257245 -0.00573221 -0.000179263 -0.0101035 5.62351e-05 0.000420879
internal_weight=3271 154 3117 398 229 185 134 169 83 127 2719 84 2599 2286
internal_count=3271 154 3117 398 229 185 134 169 83 127 2719 84 2599 2286
is_linear=0
shrinkage=0.05


Tree=144
num_leaves=15
num_cat=0
split_feature=28 2 0 0 0 2 2 2 49 0 0 0 2 2
split_gain=0.701004 1.0288 0.875438 1.91639 4.26572 1.34724 1.07766 0.965202 1.62996 2.45759 1.53939 5.53391 3.48147 6.6584
threshold=1.0000000180025095e-35 -1.3417191717620176 -0.62713853907415273 -0.25818750864996892 -0.1383345116594015 1.0000000180025095e-35 -0.46050550278300201 -1.46760683875902 1.0000000180025095e-35 0.362532332570278 0.9396681822355154 0.89893686024297825 -0.082842501791995246 -0.96405617077101102
decision_type=2 2 2 2 2 2 2 2 2 2 2 2 2 2
left_child=2 -2 6 5 -5 -4 -1 -6 10 -10 11 12 13 -9
right_child=1 -3 3 4 7 -7 -8 8 9 -11 -12 -13 -14 -15
leaf_value=0.010538307329536312 0.0036481138917484456 -0.0046213298233742095 -0.012521772146224975 0.015237388759851457 -0.0040604148120003047 -0.0011357663428051431 -0.00027580056719634001 -3.1532920609684069e-05 -0.013253977489657702 -0.0012017168701692884 -0.00055034630670638062 0.017198556664873632 -0.00075393442828245664 0.013734049131393644
leaf_weight=43 47 164 48 45 134 55 47 233 48 278 1191 55 744 139
leaf_count=43 47 164 48 45 134 55 47 233 48 278 1191 55 744 139
internal_value=1.1204e-05 -0.00276236 0.000204133 5.52975e-05 0.000298073 -0.00657931 0.00500771 4.9226e-05 0.000256963 -0.00304628 0.000715064 0.00200083 0.00122241 0.005158
internal_weight=3271 211 3060 2970 2867 103 90 2822 2688 326 2362 1171 1116 372
internal_count=3271 211 3060 2970 2867 103 90 2822 2688 326 2362 1171 1116 372
is_linear=0
shrinkage=0.05


Tree=145
num_leaves=15
num_cat=0
split_feature=27 2 0 0 0 2 0 1 2 0 63 0 2 1
split_gain=0.746716 1.31045 0.856267 2.0493 3.56745 1.10173 3.83988 13.2486 10.1447 3.67953 3.24243 2.59611 2.29604 3.93515
threshold=1.0000000180025095e-35 -0.58639316978000433 -0.62713853907415273 -0.32791260858844135 -0.19804713887514644 -0.082842501791995246 0.55440880492455447 -0.41876142585576009 -1.2158315047650154 -0.027434137182851707 1.0000000180025095e-35 0.075430641828866538 -0.83816850377400887 1.0000000180025095e-35
decision_type=2 2 2 2 2 2 2 2 2 2 2 2 2 2
left_child=2 -2 -1 -4 -5 6 7 8 -6 -7 11 -11 13 -9
right_child=1 -3 3 4 5 9 -8 12 -10 10 -12 -13 -14 -15
leaf_value=0.0062349629716883445 -0.008624945581654336 -0.00029959100315724415 -0.007950415585625481 0.013167240507549272 0.0050299381744116547 -0.011938223343542113 -0.00033829411588992705 -0.010446188066686903 0.039449344421948564 0.01120012922005521 0.011591866119332347 -0.00097912626089772322 -0.010218891892216954 0.0080341299108745851
leaf_weight=56 65 161 75 51 43 68 848 40 42 43 54 1586 49 90
leaf_count=56 65 161 75 51 43 68 848 40 42 43 54 1586 49 90
internal_value=1.13144e-05 -0.0027487 0.000217833 0.000101006 0.000313543 7.55418e-05 0.00130503 0.00654645 0.0225531 -0.000705863 -0.000238399 -0.000644296 -0.00121969 0.00227576
internal_weight=3271 226 3045 2989 2914 2863 1112 264 85 1751 1683 1629 179 130
internal_count=3271 226 3045 2989 2914 2863 1112 264 85 1751 1683 1629 179 130
is_linear=0
shrinkage=0.05


Tree=146
num_leaves=15
num_cat=0
split_feature=49 0 0 0 2 2 2 1 0 0 0 2 0 0
split_gain=0.745272 6.53547 2.90752 5.52991 1.6173 1.43373 1.23085 1.37595 2.02435 1.7632 1.5049 1.58843 5.26328 3.53782
threshold=1.0000000180025095e-35 0.3398589145880257 -0.19804713887514644 -0.39529221573096024 -0.83816850377400887 -0.96405617077101102 -1.46760683875902 1.259265268141242 0.30744296832347845 -0.03638325773648244 0.047562749425705507 1.1760341681780278 0.86036984926220095 1.1438994601289731
decision_type=2 2 2 2 2 2 2 2 2 2 2 2 2 2
left_child=2 -2 3 4 -1 -3 -4 9 -9 -8 -11 -12 -13 -14
right_child=1 5 6 -5 -6 -7 7 8 -10 10 11 12 13 -15
leaf_value=0.0073630940922080196 0.020450822645148567 0.0082948841425308662 -0.0043968554212638058 -0.017522814809142247 -0.0038647509724049284 -0.0014697210431396013 0.0081289624751661911 -0.013019468174094245 -0.0010740574815534375 -0.007753532366686554 0.00019894977594918665 0.010834604760266483 -0.012152041620656587 0.0029228562038634124
leaf_weight=45 41 41 137 67 99 297 78 40 231 51 1819 149 55 121
leaf_count=45 41 41 137 67 99 297 78 40 231 51 1819 149 55 121
internal_value=1.20904e-05 0.00209086 -0.000261592 -0.00588427 -0.000303249 -0.000243431 0.00018498 0.000434982 -0.00291968 0.000837159 0.000570879 0.000775936 0.00398431 -0.00187166
internal_weight=3271 379 2892 211 144 338 2681 2544 271 2273 2195 2144 325 176
internal_count=3271 379 2892 211 144 338 2681 2544 271 2273 2195 2144 325 176
is_linear=0
shrinkage=0.05


Tree=147
num_leaves=15
num_cat=0
split_feature=0 0 2 2 0 0 1 0 1 2 0 0 2 0
split_gain=0.743417 1.34409 6.67682 5.52889 0.767125 1.02441 0.841476 0.908367 1.26718 3.03185 1.85604 1.21488 0.961558 0.894011
threshold=-0.74960423694147782 -0.17379978201545368 1.1760341681780278 -1.0899438377680133 -0.08094118127913888 -0.015191260322037617 -0.978103657188094 0.73402403261488647 -1.5374458885204276 0.67248350019001835 0.3183020038540923 1.1657257903452278 0.67248350019001835 1.4391873200887162
decision_type=2 2 2 2 2 2 2 2 2 2 2 2 2 2
left_child=-1 2 3 -2 -3 -6 7 8 9 -7 -10 12 -9 -13
right_child=1 4 -4 -5 5 6 -8 11 10 -11 -12 13 -14 -15
leaf_value=-0.0050859776598268323 0.011026776243001224 -0.0060265043799450661 0.019808726623654366 -0.01044353033838949 0.006810806208738575 0.0092213586914691743 0.00026598822821525061 -0.00018807725959495473 -7.0503176471521697e-06 -0.0091373310887517979 -0.013592655507919308 -0.0080816268494042273 0.0078769237856613477 -0.00078902691081263274
leaf_weight=68 48 52 48 73 52 42 2386 96 41 44 63 58 58 142
leaf_count=68 48 52 48 73 52 42 2386 96 41 44 63 58 58 142
internal_value=1.13924e-05 0.000122716 0.00443573 -0.00188558 -0.000120291 -1.33289e-05 -0.000139003 -0.00190977 -0.00467918 -0.000165653 -0.00833798 -0.000405432 0.00291143 -0.00296296
internal_weight=3271 3203 169 121 3034 2982 2930 544 190 86 104 354 154 200
internal_count=3271 3203 169 121 3034 2982 2930 544 190 86 104 354 154 200
is_linear=0
shrinkage=0.05


Tree=148
num_leaves=15
num_cat=0
split_feature=25 0 0 2 0 0 2 0 2 2 0 1 0 13
split_gain=0.726756 2.20549 2.98057 1.19302 1.02169 2.98941 2.74063 2.25803 1.60418 1.37501 1.21609 2.12093 1.21967 0.917217
threshold=1.0000000180025095e-35 0.52565180069574124 0.80249981666372594 0.42070816619601387 -0.054533843223597687 -0.25818750864996892 1.0501465011810254 -0.62713853907415273 1.0000000180025095e-35 -0.46050550278300201 0.11640286032154841 -0.41876142585576009 0.17968847135704472 1.0000000180025095e-35
decision_type=2 2 2 2 2 2 2 2 2 2 2 2 2 2
left_child=4 3 -3 -2 5 7 -7 9 -9 -1 11 -6 -12 -14
right_child=1 2 -4 -5 10 6 -8 8 -10 -11 12 -13 13 -15
leaf_value=0.011488025327927845 -0.0026162921724006021 0.011901048539166756 -0.002666299258779212 -0.01305506859207526 0.0032758540720963965 0.0023010601806971761 0.019255910068750381 -0.013172417767562491 -0.00011460144521185646 -0.00085107875341663562 0.0078338304918040263 -0.010160015506048998 0.00038191403453698104 -0.0025009684024345398
leaf_weight=41 56 45 137 54 47 52 43 41 52 47 49 73 2221 313
leaf_count=41 56 45 137 54 47 52 43 41 52 47 49 73 2221 313
internal_value=1.08734e-05 -0.00236087 0.00102573 -0.0078824 0.000244778 0.00313113 0.0102142 -0.000657487 -0.00602739 0.00502536 -5.20403e-05 -0.0049302 0.000178226 2.41285e-05
internal_weight=3271 292 182 110 2979 276 95 181 93 88 2703 120 2583 2534
internal_count=3271 292 182 110 2979 276 95 181 93 88 2703 120 2583 2534
is_linear=0
shrinkage=0.05


Tree=149
num_leaves=15
num_cat=0
split_feature=0 0 1 2 2 49 0 0 0 0 0 2 12 1
split_gain=0.73412 1.49789 5.11111 1.39224 0.906024 0.714959 3.88802 1.3213 2.86619 1.70983 1.17981 1.12376 1.36089 1.20747
threshold=-0.69787196288427156 -0.19804713887514644 -0.41876142585576009 0.67248350019001835 -0.2087301687889975 1.0000000180025095e-35 0.35747625517116677 0.90769220432586895 1.351618354236604 0.41596463574847675 1.7750339564360955 -1.46760683875902 1.0000000180025095e-35 1.259265268141242
decision_type=2 2 2 2 2 2 2 2 2 2 2 2 2 2
left_child=4 2 -2 -4 -1 11 -7 9 -9 -8 -10 -3 13 -13
right_child=1 5 3 -5 -6 6 7 8 10 -11 -12 12 -14 -15
leaf_value=-0.0096714597233627971 -0.0065450938193705585 -0.0041992797996185513 0.0063179267418323739 0.019262711956564871 0.0007485980434077127 -0.015602691190198381 0.0010016123002723736 0.013768527789083732 0.0030235857603838671 -0.0098530375420523356 -0.0063451385767809279 0.0010934284319718977 -0.0042362318183075181 -0.0025215480544461201
leaf_weight=41 56 137 47 40 40 45 83 42 78 62 56 2141 146 257
leaf_count=41 56 137 47 40 40 45 83 42 78 62 56 2141 146 257
internal_value=1.0675e-05 0.000131382 0.00509653 0.0125687 -0.00463171 -0.00010483 -0.00217147 -0.000203633 0.00269485 -0.00371059 -0.000927435 0.000178708 0.000417586 0.000704223
internal_weight=3271 3190 143 87 81 3047 366 321 176 145 134 2681 2544 2398
internal_count=3271 3190 143 87 81 3047 366 321 176 145 134 2681 2544 2398
is_linear=0
shrinkage=0.05


Tree=150
num_leaves=15
num_cat=0
split_feature=49 0 0 0 2 2 2 2 0 0 2 0 0 2
split_gain=0.737245 6.0688 2.7479 7.4755 2.28315 2.3809 1.31536 1.13028 1.08157 3.24342 2.11269 1.72072 1.45426 2.5801
threshold=1.0000000180025095e-35 0.3398589145880257 -0.1383345116594015 -0.2757413877466956 1.1760341681780278 1.0000000180025095e-35 -0.96405617077101102 -0.96405617077101102 0.51076296367955198 0.45140981726364154 1.3019218351750299 -0.054533843223597687 0.72644167808127624 -0.33461783578599974
decision_type=2 2 2 2 2 2 2 2 2 2 2 2 2 2
left_child=2 -2 3 4 5 7 -3 -1 9 10 11 -4 13 -10
right_child=1 6 8 -5 -6 -7 -8 -9 12 -11 -12 -13 -14 -15
leaf_value=0.0037685382433912972 0.019769549551744797 0.0080053263192259982 0.01108662346483801 -0.020340243702934635 -0.0094614452677584879 0.012010833750269852 -0.0013474243863393868 -0.0077127848785104496 -0.011557901857763921 0.01109046115731711 -0.0084399120729609298 0.00072120755940299904 0.00018120977975944185 -0.00082464923390135586
leaf_weight=42 41 41 42 60 46 47 297 40 74 83 56 449 1739 214
leaf_count=42 41 41 42 60 46 47 297 40 74 83 56 449 1739 214
internal_value=9.72094e-06 0.00207727 -0.000262482 -0.00542124 -0.000134123 0.00328557 -0.000172503 -0.0018824 0.000197522 0.00200356 0.000589365 0.00164924 -0.000365224 -0.00364319
internal_weight=3271 379 2892 235 175 129 338 82 2657 630 547 491 2027 288
internal_count=3271 379 2892 235 175 129 338 82 2657 630 547 491 2027 288
is_linear=0
shrinkage=0.05


Tree=151
num_leaves=15
num_cat=0
split_feature=62 0 0 2 2 0 0 19 2 18 27 2 0 0
split_gain=0.745892 0.784049 1.71097 5.21314 4.78198 1.62017 1.08744 0.841804 1.59121 0.653212 0.616504 1.02055 0.732599 0.991299
threshold=1.0000000180025095e-35 -0.74960423694147782 -0.19804713887514644 1.1760341681780278 -1.0899438377680133 -0.08094118127913888 -0.015191260322037617 1.0000000180025095e-35 -0.46050550278300201 1.0000000180025095e-35 1.0000000180025095e-35 -0.58639316978000433 0.075430641828866538 0.21814576770753935
decision_type=2 2 2 2 2 2 2 2 2 2 2 2 2 2
left_child=1 -1 3 4 -3 -4 -7 9 -9 10 12 -12 -8 -14
right_child=-2 2 5 -5 -6 6 7 8 -10 -11 11 -13 13 -15
leaf_value=-0.0051673586709775794 -0.0059311668648241236 0.012465641909234581 -0.0081769796134904035 0.019031997127846506 -0.0089936309490654173 0.0072889746883167674 0.0055876923026517041 -0.010033153923196269 0.0016798791395681832 -0.0057420510839184986 -0.009273167376861324 -0.00046640500272428811 -0.0041665807656911958 0.0005479245421548491
leaf_weight=67 50 40 58 46 66 50 66 56 57 44 41 141 115 2374
leaf_count=67 50 40 58 46 66 50 66 56 57 44 41 141 115 2374
internal_value=9.44721e-06 0.000105287 0.000220497 0.00536056 -0.000814907 -4.31547e-05 0.000122533 -6.2309e-06 -0.00419835 0.000167002 0.000266119 -0.00252958 0.000467087 0.000326928
internal_weight=3271 3221 3154 152 106 3002 2944 2894 113 2781 2737 182 2555 2489
internal_count=3271 3221 3154 152 106 3002 2944 2894 113 2781 2737 182 2555 2489
is_linear=0
shrinkage=0.05


Tree=152
num_leaves=15
num_cat=0
split_feature=25 0 0 0 0 0 2 2 0 0 31 13 58 27
split_gain=0.69798 2.08341 3.09767 1.01194 4.3208 2.882 1.43093 1.4096 5.05503 3.66048 2.58678 1.69754 2.03877 2.30843
threshold=1.0000000180025095e-35 0.54276120931932537 0.78855895964296507 -0.17379978201545368 -0.32791260858844135 -0.62713853907415273 -0.46050550278300201 -0.082842501791995246 -0.027434137182851707 0.075430641828866538 1.0000000180025095e-35 1.0000000180025095e-35 1.0000000180025095e-35 1.0000000180025095e-35
decision_type=2 2 2 2 2 2 2 2 2 2 2 2 2 2
left_child=3 -2 -3 4 5 6 -1 9 -9 -5 -10 12 13 -11
right_child=1 2 -4 7 -6 -7 -8 8 10 11 -12 -13 -14 -15
leaf_value=0.011686328040479227 -0.0075307609810963561 0.012970299451124101 -0.0025142483547097075 0.014091658172266628 0.014811279805239719 -0.008381389583375724 -0.00090004823037556246 -0.015167557044575612 -0.00072668473748377588 0.0031841512277306404 0.011299505781220354 -0.004302463111637028 -0.0057092611346094089 -0.006528919362706314
leaf_weight=41 114 40 138 52 59 69 47 58 1600 717 44 142 85 65
leaf_count=41 114 40 138 52 59 69 47 58 1600 717 44 142 85 65
internal_value=8.62812e-06 -0.00231568 0.00107088 0.000237857 0.00351752 -0.000859553 0.00509344 -2.08929e-05 -0.000912221 0.00140796 -0.000391477 0.000727702 0.00155956 0.0023622
internal_weight=3271 292 178 2979 216 157 88 2763 1702 1061 1644 1009 867 782
internal_count=3271 292 178 2979 216 157 88 2763 1702 1061 1644 1009 867 782
is_linear=0
shrinkage=0.05


Tree=153
num_leaves=15
num_cat=0
split_feature=62 2 2 1 0 0 0 0 1 0 0 0 0 1
split_gain=0.698869 0.789378 2.30986 2.82644 1.65264 1.53911 1.50147 7.41583 1.97304 1.71939 1.67881 1.45967 1.40559 1.23663
threshold=1.0000000180025095e-35 -1.2158315047650154 -1.0899438377680133 1.0000000180025095e-35 1.0000000180025095e-35 0.3123276707407035 -0.32791260858844135 -0.17379978201545368 -0.41876142585576009 -0.08094118127913888 1.0000000180025095e-35 0.76132227126060492 0.11640286032154841 -0.978103657188094
decision_type=2 2 2 2 2 2 2 2 2 2 2 2 2 2
left_child=1 4 3 -3 -1 -6 8 -8 -4 -9 -11 -7 -12 -13
right_child=-2 2 6 -5 5 11 7 9 -10 10 12 13 -14 -15
leaf_value=-0.0088166263167347228 -0.0057416151258691504 -0.00097953971399336462 0.0035812692302796575 0.015823517839933906 0.0067688765672726499 -0.0074729866331624583 0.020109816541043213 -0.0099718877003483839 -0.0093553302214290437 0.0093927017432086334 -0.0066021798087840342 -0.0064840043140124651 0.00026754412642749172 0.0013686941838858806
leaf_weight=68 50 47 43 51 60 84 45 40 86 47 75 60 2255 260
leaf_count=68 50 47 43 51 60 84 45 40 86 47 75 60 2255 260
internal_value=8.69418e-06 0.000101464 0.00044987 0.00790649 -0.00165465 -0.00057171 0.000161956 0.000439149 -0.00505429 5.65946e-05 0.000233595 -0.00168987 4.09431e-05 -0.000134815
internal_weight=3271 3221 2689 98 532 464 2591 2462 129 2417 2377 404 2330 320
internal_count=3271 3221 2689 98 532 464 2591 2462 129 2417 2377 404 2330 320
is_linear=0
shrinkage=0.05


Tree=154
num_leaves=15
num_cat=0
split_feature=3 2 0 0 0 0 2 2 0 1 19 2 0 0
split_gain=0.681108 1.36356 1.04214 0.932759 2.92292 3.42497 6.08436 2.34843 1.76928 0.84777 0.847373 1.83708 0.870801 4.0065
threshold=1.0000000180025095e-35 0.42070816619601387 0.70679642261977704 -0.03638325773648244 -0.32791260858844135 -0.19804713887514644 0.54659583319301619 -1.0899438377680133 -0.77586898813193661 1.0000000180025095e-35 1.0000000180025095e-35 -0.46050550278300201 0.8090212839794878 0.86036984926220095
decision_type=2 2 2 2 2 2 2 2 2 2 2 2 2 2
left_child=3 -2 -3 4 7 -6 -7 -1 -9 -10 12 -12 -5 -14
right_child=1 2 -4 10 5 6 -8 8 9 -11 11 -13 13 -15
leaf_value=0.0084328427064147872 -0.00937668627226039 0.0052994049467647887 -0.0047602278682604138 -0.0010434040324570444 0.019374073967818456 0.016244574324336163 -0.0094164878856390719 0.0032025039382278923 -0.0039163737775137026 -0.014102082090928806 -0.010231452762720085 0.0019860061365292378 0.0093233087197254136 7.6029196834166005e-05
leaf_weight=42 55 50 49 1062 44 41 48 43 43 41 60 60 125 1508
leaf_count=42 55 50 49 1062 44 41 48 43 43 41 60 60 125 1508
internal_value=8.31718e-06 -0.00321586 0.000324727 0.000169572 0.00280076 0.00828815 0.00250211 -0.00156414 -0.00494972 -0.00910031 -0.000114496 -0.00419031 6.99601e-05 0.000794412
internal_weight=3271 154 99 3117 302 133 89 169 127 84 2815 120 2695 1633
internal_count=3271 154 99 3117 302 133 89 169 127 84 2815 120 2695 1633
is_linear=0
shrinkage=0.05


Tree=155
num_leaves=15
num_cat=0
split_feature=62 2 2 0 0 0 46 0 17 41 12 28 0 0
split_gain=0.644055 0.756759 2.1008 2.7622 1.67186 1.41559 1.40335 3.6588 1.26729 1.27463 1.54508 1.29959 2.03445 9.19725
threshold=1.0000000180025095e-35 -1.2158315047650154 -1.0899438377680133 0.84250266731785672 1.0000000180025095e-35 0.3123276707407035 1.0000000180025095e-35 0.76132227126060492 1.0000000180025095e-35 1.0000000180025095e-35 1.0000000180025095e-35 1.0000000180025095e-35 -0.19804713887514644 -0.53097831541696239
decision_type=2 2 2 2 2 2 2 2 2 2 2 2 2 2
left_child=1 4 3 -3 -1 -6 7 -7 9 11 -11 12 13 -4
right_child=-2 2 8 -5 5 6 -8 -9 -10 10 -12 -13 -14 -15
leaf_value=-0.0088255762947457191 -0.0055119600147008896 0.015860215276479721 -0.0033389715825762143 -0.00073171775214947183 0.0065066570677088514 -0.012305274001298497 0.0067369875580900246 -2.6060655151619968e-05 -0.0034399788870033499 0.0023295946855796503 -0.0094514234305225903 -0.0037523562016728144 0.00065968256384876041 0.022436528025489108
leaf_weight=68 50 48 87 50 60 75 43 286 221 46 66 147 1969 55
leaf_count=68 50 48 87 50 60 75 43 286 221 46 66 147 1969 55
internal_value=8.24019e-06 9.72982e-05 0.000438431 0.00754961 -0.00162214 -0.000533121 -0.00160553 -0.00263089 0.000163847 0.000502517 -0.00465681 0.000762322 0.00107996 0.00681746
internal_weight=3271 3221 2689 98 532 464 404 361 2591 2370 112 2258 2111 142
internal_count=3271 3221 2689 98 532 464 404 361 2591 2370 112 2258 2111 142
is_linear=0
shrinkage=0.05


Tree=156
num_leaves=15
num_cat=0
split_feature=3 0 0 0 0 0 2 1 2 0 0 0 13 42
split_gain=0.679995 1.4193 2.31465 0.844159 1.66656 3.79727 7.01707 9.22672 2.20784 1.90556 1.67877 1.05662 0.813908 1.8993
threshold=1.0000000180025095e-35 0.35747625517116677 0.9396681822355154 0.075430641828866538 -0.32791260858844135 -0.19804713887514644 1.1760341681780278 -0.41876142585576009 -1.0899438377680133 -0.015191260322037617 -0.77586898813193661 0.21814576770753935 1.0000000180025095e-35 1.0000000180025095e-35
decision_type=2 2 2 2 2 2 2 2 2 2 2 2 2 2
left_child=3 -2 -3 4 8 -6 7 -7 -1 -9 -10 -5 13 -13
right_child=1 2 -4 11 5 6 -8 9 10 -11 -12 12 -14 -15
leaf_value=0.0082476907790723173 -0.011070995316618966 0.0049946986275414629 -0.009556399075704259 -0.0046938945774988991 0.017936460730498253 0.024155795810533301 -0.013597789169552755 -0.010107987764335816 0.0032102796290483741 0.0047193676781737146 -0.0087712368435161406 0.00081417496053262965 -0.0023156936567217587 -0.0045503130485368736
leaf_weight=42 40 73 41 120 44 51 51 40 43 43 84 2109 313 177
leaf_count=42 40 73 41 120 44 51 51 40 43 43 84 2109 313 177
internal_value=8.04654e-06 -0.00321349 -0.000313127 0.00016917 0.00231381 0.0050757 0.00185781 0.00785363 -0.00144424 -0.00249605 -0.00472763 -0.000146226 6.71948e-05 0.0003952
internal_weight=3271 154 114 3117 398 229 185 134 169 83 127 2719 2599 2286
internal_count=3271 154 114 3117 398 229 185 134 169 83 127 2719 2599 2286
is_linear=0
shrinkage=0.05


Tree=157
num_leaves=15
num_cat=0
split_feature=25 0 0 0 0 0 2 2 0 31 0 2 63 1
split_gain=0.666801 1.92561 2.92023 0.963268 1.71098 3.66644 1.24759 1.14448 3.14205 2.68517 5.06765 5.60537 2.3996 2.00325
threshold=1.0000000180025095e-35 0.54276120931932537 0.78855895964296507 -0.62713853907415273 -0.32791260858844135 -0.19804713887514644 -0.46050550278300201 -0.082842501791995246 -0.027434137182851707 1.0000000180025095e-35 0.3961024736474445 -0.96405617077101102 1.0000000180025095e-35 1.0000000180025095e-35
decision_type=2 2 2 2 2 2 2 2 2 2 2 2 2 2
left_child=3 -2 -3 6 -5 -6 -1 9 -9 10 11 13 -10 -7
right_child=1 2 -4 4 5 7 -8 8 12 -11 -12 -13 -14 -15
leaf_value=0.011480530434786234 -0.0072777936364030313 0.012545933405913057 -0.0024883794614912144 -0.0075930708179801285 0.013684969335794451 -0.0021185483189765366 -0.0002927358129194805 -0.011475280460647563 -0.00071233438549573539 -0.0081639346949357022 0.00031129815379068375 0.022898813356560743 0.0096418174818671994 0.010539540458111125
leaf_weight=41 114 40 138 69 48 68 47 64 1588 68 822 53 56 55
leaf_count=41 114 40 138 69 48 68 47 64 1588 68 822 53 56 55
internal_value=7.62629e-06 -0.00226418 0.000991978 0.000231677 7.30419e-05 0.000265729 0.00532576 2.38363e-05 -0.000778219 0.00130798 0.0019684 0.00961736 -0.000348351 0.00361964
internal_weight=3271 292 178 2979 2891 2822 88 2774 1708 1066 998 176 1644 123
internal_count=3271 292 178 2979 2891 2822 88 2774 1708 1066 998 176 1644 123
is_linear=0
shrinkage=0.05


Tree=158
num_leaves=15
num_cat=0
split_feature=0 0 0 0 2 19 2 29 0 0 0 0 0 31
split_gain=0.63203 1.10879 1.31508 2.32741 2.74511 0.935011 1.46537 0.803341 1.97335 4.21132 0.648476 1.23464 0.803225 2.28999
threshold=-0.74960423694147782 -0.44962586091624107 -0.25818750864996892 -0.054533843223597687 1.0501465011810254 1.0000000180025095e-35 -0.46050550278300201 1.0000000180025095e-35 1.1841541197143088 0.6599295067459453 2.5019131026017036 2.2924962658972907 0.72644167808127624 1.0000000180025095e-35
decision_type=2 2 2 2 2 2 2 2 2 2 2 2 2 2
left_child=-1 -2 -3 4 -4 7 -7 10 9 -9 11 12 -5 -14
right_child=1 2 3 5 -6 6 -8 8 -10 -11 -12 -13 13 -15
leaf_value=-0.0046915130483518759 0.0064757192785392954 -0.0069546265777812076 -5.2127153198313665e-05 -0.0011842759557927685 0.016084711116795637 -0.0098167607260327191 0.0010670479106169844 0.011216063846064651 0.012660321411351825 -0.0089661927877972697 0.0038504214465561112 -0.0045766249395755151 0.00031430989846246955 0.01079721215862298
leaf_weight=68 65 65 57 919 47 60 61 44 41 57 96 156 1483 52
leaf_count=68 65 65 57 919 47 60 61 44 41 57 96 156 1483 52
internal_value=8.49708e-06 0.000111144 -2.47313e-05 0.000126278 0.00740637 -0.000133548 -0.00440175 5.07521e-05 0.00368977 -0.000126859 -0.000142793 -0.000292506 -1.66606e-05 0.000683019
internal_weight=3271 3203 3138 3073 104 2969 121 2848 142 101 2706 2610 2454 1535
internal_count=3271 3203 3138 3073 104 2969 121 2848 142 101 2706 2610 2454 1535
is_linear=0
shrinkage=0.05


Tree=159
num_leaves=15
num_cat=0
split_feature=3 2 0 0 0 1 2 2 0 2 0 2 0 0
split_gain=0.615187 1.33022 0.916434 0.762854 1.65521 5.2358 5.02739 11.372 3.59719 0.971512 0.945936 0.817047 5.05597 3.3838
threshold=1.0000000180025095e-35 0.42070816619601387 0.70679642261977704 0.075430641828866538 -0.69787196288427156 0.69992303680890788 0.67248350019001835 -0.71228083677700649 -0.22035241581602258 -0.2087301687889975 0.21814576770753935 1.1760341681780278 0.29162009391185861 0.8090212839794878
decision_type=2 2 2 2 2 2 2 2 2 2 2 2 2 2
left_child=3 -2 -3 4 9 6 7 -6 -8 -1 -5 12 -12 -13
right_child=1 2 -4 10 5 -7 8 -9 -10 -11 11 13 -14 -15
leaf_value=-0.0093292467870754944 -0.0091405011468419905 0.0051020049033888015 -0.0043318309209437354 -0.0044405919725846376 -0.0072113254136216918 0.014900225184392185 -0.018328901404595893 0.02234254392265763 -0.00021852960943111351 0.001434672513001022 -0.016702769030867468 0.0080065062411425521 4.7369608963318987e-05 -0.0016836109339887378
leaf_weight=41 55 50 49 120 67 78 44 60 68 40 44 149 2184 222
leaf_count=41 55 50 49 120 67 78 44 60 68 40 44 149 2184 222
internal_value=8.87341e-06 -0.00305531 0.000439415 0.000162126 0.00220087 0.00382836 0.000121285 0.00688106 -0.00753006 -0.00410725 -0.000137698 6.42354e-05 -0.000298106 0.00223017
internal_weight=3271 154 99 3117 398 317 239 127 112 81 2719 2599 2228 371
internal_count=3271 154 99 3117 398 317 239 127 112 81 2719 2599 2228 371
is_linear=0
shrinkage=0.05


Tree=160
num_leaves=15
num_cat=0
split_feature=25 0 2 55 2 0 0 0 2 2 0 0 31 0
split_gain=0.628359 1.78507 2.66685 3.62956 1.03427 0.986106 1.51557 2.86497 1.51607 1.19023 4.1396 3.76583 2.16575 1.56918
threshold=1.0000000180025095e-35 0.52565180069574124 -0.2087301687889975 1.0000000180025095e-35 0.42070816619601387 -0.62713853907415273 -0.25818750864996892 -0.1383345116594015 1.0000000180025095e-35 -0.082842501791995246 0.075430641828866538 -0.027434137182851707 1.0000000180025095e-35 0.29162009391185861
decision_type=2 2 2 2 2 2 2 2 2 2 2 2 2 2
left_child=5 4 -3 -4 -2 -1 8 -8 -7 10 -9 -11 -13 -12
right_child=1 2 3 -5 -6 6 7 9 -10 11 13 12 -14 -15
leaf_value=0.0053794469317007404 -0.0022690545879946703 -0.0065255397288883858 -0.0038296067449091762 0.014101351040105027 -0.011979571420566312 -0.013092354624423869 0.012136809840798379 0.015883392099033486 -0.00038713763502460941 -0.013752403001611433 -0.0077615064018083588 -0.00063954098340707861 0.010364491346737614 0.0011572079452711816
leaf_weight=88 56 72 52 58 54 41 48 45 52 52 50 1600 44 959
leaf_count=88 56 72 52 58 54 41 48 45 52 52 50 1600 44 959
internal_value=7.83237e-06 -0.00219751 0.000849958 0.00570788 -0.00716483 0.000225328 6.48303e-05 0.000275511 -0.00614607 5.98075e-05 0.00137784 -0.000759957 -0.000332793 0.00070077
internal_weight=3271 292 182 110 110 2979 2891 2798 93 2750 1054 1696 1644 1009
internal_count=3271 292 182 110 110 2979 2891 2798 93 2750 1054 1696 1644 1009
is_linear=0
shrinkage=0.05


Tree=161
num_leaves=15
num_cat=0
split_feature=62 2 2 0 0 0 46 0 1 17 41 12 28 0
split_gain=0.62855 0.704737 1.9593 2.55095 1.64343 1.39444 1.24082 3.34531 1.16093 1.13943 1.11522 1.37752 1.19416 1.82064
threshold=1.0000000180025095e-35 -1.2158315047650154 -1.0899438377680133 0.84250266731785672 1.0000000180025095e-35 0.3123276707407035 1.0000000180025095e-35 0.75596316599725377 -0.978103657188094 1.0000000180025095e-35 1.0000000180025095e-35 1.0000000180025095e-35 1.0000000180025095e-35 -0.19804713887514644
decision_type=2 2 2 2 2 2 2 2 2 2 2 2 2 2
left_child=1 4 3 -3 -1 -6 7 -7 -9 10 12 -12 13 -4
right_child=-2 2 9 -5 5 6 -8 8 -10 -11 11 -13 -14 -15
leaf_value=-0.0087057391766990951 -0.0054459411735968809 0.015278527621179819 0.0064556734401170005 -0.00066763529410729047 0.0065023176841937274 -0.011840508928779808 0.0062961234680066515 -0.0067346663135191753 0.0014479898090939969 -0.0032577854580916215 0.0022495347215832832 -0.0088728994399870694 -0.003604107886090275 0.00063044106183222036
leaf_weight=68 50 48 142 50 60 74 43 51 236 221 46 66 147 1969
leaf_count=68 50 48 142 50 60 74 43 51 236 221 46 66 147 1969
internal_value=7.40363e-06 9.53835e-05 0.000424581 0.00729209 -0.00156391 -0.000484389 -0.00154894 -0.00251293 -4.2615e-05 0.000159406 0.000480533 -0.00434543 0.000723542 0.00102802
internal_weight=3271 3221 2689 98 532 464 404 361 287 2591 2370 112 2258 2111
internal_count=3271 3221 2689 98 532 464 404 361 287 2591 2370 112 2258 2111
is_linear=0
shrinkage=0.05


Tree=162
num_leaves=15
num_cat=0
split_feature=0 0 0 0 2 19 2 2 29 0 0 0 0 1
split_gain=0.630105 1.54059 1.12794 1.85967 2.82674 0.871245 1.3354 0.859822 0.714086 1.79953 3.82212 0.61679 1.65876 0.856925
threshold=-0.69787196288427156 -0.44962586091624107 -0.25818750864996892 -0.054533843223597687 1.0501465011810254 1.0000000180025095e-35 -0.46050550278300201 -0.2087301687889975 1.0000000180025095e-35 1.1841541197143088 0.6599295067459453 0.026304353064993846 0.075430641828866538 1.259265268141242
decision_type=2 2 2 2 2 2 2 2 2 2 2 2 2 2
left_child=7 -2 -3 4 -4 8 -7 -1 11 10 -10 -5 -13 -14
right_child=1 2 3 5 -6 6 -8 -9 9 -11 -12 12 13 -15
leaf_value=-0.0092046301392296886 0.0084921453079139751 -0.0064434591958771898 -0.00091729070991277697 -0.0056812485775017017 0.015429405943129441 -0.0094072132671792676 0.00098365831802347831 0.00093758513352700651 0.010653526388594639 0.012057258707449534 -0.0085735279127513459 0.0089104915622110464 0.00012490393900217351 -0.0027620613606603155
leaf_weight=41 52 65 57 47 47 60 61 40 44 41 57 49 2323 287
leaf_count=41 52 65 57 47 47 60 61 40 44 41 57 49 2323 287
internal_value=6.71969e-06 0.000118551 -2.55292e-05 0.000114325 0.00662189 -0.00011793 -0.00423802 -0.00429422 5.9967e-05 0.00349088 -0.000153164 -0.000122519 -2.00673e-05 -0.000194423
internal_weight=3271 3190 3138 3073 104 2969 121 81 2848 142 101 2706 2659 2610
internal_count=3271 3190 3138 3073 104 2969 121 81 2848 142 101 2706 2659 2610
is_linear=0
shrinkage=0.05


Tree=163
num_leaves=15
num_cat=0
split_feature=49 0 0 0 2 2 0 0 0 0 0 58 1 2
split_gain=0.605766 5.543 3.11889 9.32065 1.9743 2.17423 1.24379 2.63191 1.61398 1.18101 2.92256 1.82529 1.7154 7.27633
threshold=1.0000000180025095e-35 0.3398589145880257 -0.1383345116594015 -0.2757413877466956 1.1760341681780278 1.0000000180025095e-35 0.90769220432586895 1.351618354236604 0.41596463574847675 0.51076296367955198 0.4399206747174636 1.0000000180025095e-35 -0.41876142585576009 0.67248350019001835
decision_type=2 2 2 2 2 2 2 2 2 2 2 2 2 2
left_child=2 -2 3 4 5 -1 8 -8 -3 10 11 12 13 -4
right_child=1 6 9 -5 -6 -7 7 -9 -10 -11 -12 -13 -14 -15
leaf_value=-0.0016017937201208304 0.018789528236659463 0.00054906636029116666 0.013226768203215521 -0.022394662188185799 -0.0085126048924090963 0.011677884040590452 0.013238716078922153 -0.00084431296605437056 -0.0096090773819014434 -0.00033794912550385637 0.010123052967432648 0.010567472675858542 -0.0024375308562108941 -0.0064650754909962417
leaf_weight=82 41 100 94 60 46 47 42 134 62 2027 95 41 310 90
leaf_count=82 41 100 94 60 46 47 42 134 62 2027 95 41 310 90
internal_value=6.82979e-06 0.00188097 -0.000239909 -0.0057359 0.000164184 0.00334096 -0.000268527 0.0026274 -0.00340839 0.000250136 0.00213736 0.000686917 -0.000172433 0.00362894
internal_weight=3271 379 2892 235 175 129 338 176 162 2657 630 535 494 184
internal_count=3271 379 2892 235 175 129 338 176 162 2657 630 535 494 184
is_linear=0
shrinkage=0.05


Tree=164
num_leaves=15
num_cat=0
split_feature=0 0 0 0 2 19 2 29 2 0 0 0 0 6
split_gain=0.601726 1.03624 1.02157 1.94164 2.48291 0.806234 1.21971 0.667307 1.69671 0.608242 1.11745 0.784134 2.02393 3.99003
threshold=-0.74960423694147782 -0.44962586091624107 -0.25818750864996892 -0.054533843223597687 1.0501465011810254 1.0000000180025095e-35 -0.46050550278300201 1.0000000180025095e-35 1.1760341681780278 2.5019131026017036 2.2924962658972907 0.72644167808127624 0.50092203037804695 1.0000000180025095e-35
decision_type=2 2 2 2 2 2 2 2 2 2 2 2 2 2
left_child=-1 -2 -3 4 -4 7 -7 9 -9 10 11 12 13 -5
right_child=1 2 3 5 -6 6 -8 8 -10 -11 -12 -13 -14 -15
leaf_value=-0.004578666377679578 0.0062602651875410505 -0.0061317256026303599 -0.00032518724358435408 -0.00068010387794483038 0.015012248637800924 -0.0090316124170297576 0.00090003748875229603 0.0072732776293138934 -0.0040622159341058024 0.0037339579033794841 -0.0043541277233066179 0.00067535572105004637 -0.0045841424197542594 0.014614956447874887
leaf_weight=68 65 65 57 582 47 60 61 93 49 96 156 1535 293 44
leaf_count=68 65 65 57 582 47 60 61 93 49 96 156 1535 293 44
internal_value=7.28174e-06 0.000107438 -2.39166e-05 0.00010918 0.00675862 -0.000128134 -0.00409153 4.30074e-05 0.00335964 -0.000133389 -0.000278386 -1.5958e-05 -0.00116961 0.000438069
internal_weight=3271 3203 3138 3073 104 2969 121 2848 142 2706 2610 2454 919 626
internal_count=3271 3203 3138 3073 104 2969 121 2848 142 2706 2610 2454 919 626
is_linear=0
shrinkage=0.05


Tree=165
num_leaves=15
num_cat=0
split_feature=25 2 0 2 0 0 0 0 2 2 0 19 31 63
split_gain=0.58631 1.74273 1.84193 2.03029 1.40742 0.888801 1.49351 3.50217 1.30266 1.02791 3.29572 2.89774 2.19033 2.09411
threshold=1.0000000180025095e-35 1.1760341681780278 0.87427691126688212 1.0000000180025095e-35 0.63355360947605466 -0.62713853907415273 -0.32791260858844135 -0.19804713887514644 -0.46050550278300201 -0.082842501791995246 -0.027434137182851707 1.0000000180025095e-35 1.0000000180025095e-35 1.0000000180025095e-35
decision_type=2 2 2 2 2 2 2 2 2 2 2 2 2 2
left_child=5 2 4 -4 -2 8 -7 -8 -1 11 -11 12 -9 -12
right_child=1 -3 3 -5 -6 6 7 9 -10 10 13 -13 -14 -15
leaf_value=0.011400408025960936 -0.0038435914094167713 0.0068445800158255937 -0.004673954109446361 0.0088877379826347649 -0.014513528370298446 -0.0070972681727627636 0.013360307842493058 0.001174486190825226 -0.00061747491435737033 -0.011706870548765768 -0.00065123898500493152 0.011060114359217032 -0.0079966666659207226 0.0090213709707564586
leaf_weight=41 93 44 63 46 46 69 48 930 47 64 1588 68 68 56
leaf_count=41 93 44 63 46 46 69 48 930 47 64 1588 68 68 56
internal_value=7.36746e-06 -0.00212291 -0.00375594 0.00110635 -0.00753043 0.00021746 6.5084e-05 0.000245111 0.00511068 8.70985e-06 -0.000751394 0.00122571 0.000534854 -0.000311197
internal_weight=3271 292 248 109 139 2979 2891 2822 88 2774 1708 1066 998 1644
internal_count=3271 292 248 109 139 2979 2891 2822 88 2774 1708 1066 998 1644
is_linear=0
shrinkage=0.05


Tree=166
num_leaves=15
num_cat=0
split_feature=0 0 0 0 2 2 19 2 29 0 0 0 0 2
split_gain=0.616008 1.39596 0.941045 1.81091 2.34293 0.840794 0.840209 1.23114 0.604846 1.60288 3.52517 0.538358 1.46104 5.83292
threshold=-0.69787196288427156 -0.44962586091624107 -0.25818750864996892 -0.054533843223597687 1.0501465011810254 -0.2087301687889975 1.0000000180025095e-35 -0.46050550278300201 1.0000000180025095e-35 1.1841541197143088 0.6458356033060475 0.055094874829955953 0.26351963147456786 1.0501465011810254
decision_type=2 2 2 2 2 2 2 2 2 2 2 2 2 2
left_child=5 -2 -3 4 -4 -1 8 -8 11 10 -10 -5 13 -13
right_child=1 2 3 6 -6 -7 7 -9 9 -11 -12 12 -14 -15
leaf_value=-0.0091010081921541666 0.0080887350702175381 -0.0058813982921193785 -0.00034989588815024348 -0.0043495009943511189 0.014547797399382962 0.00092830787900657875 -0.0091297657589518265 0.00084977289883508573 0.010565457306802273 0.011296433426959572 -0.0080025768365527758 -0.00062506763198130939 -0.0003177491373219736 0.020420844515049181
leaf_weight=41 52 65 57 71 47 40 60 61 42 41 59 140 2454 41
leaf_count=41 52 65 57 71 47 40 60 61 42 41 59 140 2454 41
internal_value=7.32443e-06 0.000117897 -1.92562e-05 0.000108484 0.00653017 -0.00424523 -0.000120703 -0.00416675 5.40003e-05 0.00321159 -0.000225991 -0.000113947 3.39205e-06 0.00431332
internal_weight=3271 3190 3138 3073 104 81 2969 121 2848 142 101 2706 2635 181
internal_count=3271 3190 3138 3073 104 81 2969 121 2848 142 101 2706 2635 181
is_linear=0
shrinkage=0.05


Tree=167
num_leaves=15
num_cat=0
split_feature=28 0 0 0 0 0 1 1 49 0 2 0 0 2
split_gain=0.609694 1.08801 1.3308 0.853472 1.41262 2.54891 1.12966 0.975339 0.84252 3.5491 1.87058 1.40237 4.91424 5.13917
threshold=1.0000000180025095e-35 1.6129529827046218 0.42240415670532905 -0.62713853907415273 -0.25818750864996892 -0.1383345116594015 1.0000000180025095e-35 -0.41876142585576009 1.0000000180025095e-35 0.35747625517116677 -1.46760683875902 0.9396681822355154 0.83253885893759794 0.1689328322020093
decision_type=2 2 2 2 2 2 2 2 2 2 2 2 2 2
left_child=3 2 -2 6 7 -6 -1 -5 10 -10 -7 12 -12 -14
right_child=1 -3 -4 4 5 8 -8 -9 9 -11 11 -13 13 -15
leaf_value=-0.00047105548485201239 0.0023421133813612601 0.0040077412550869797 -0.0073940886984555382 -8.7040833177718719e-05 0.011797393953546564 -0.0058191917448782299 0.010593465137191945 -0.0098287352981666735 -0.015349543696890275 -0.00029898935853318528 0.00066143564522084999 -0.00052351331334712459 0.024274781454637972 0.0041562319049801401
leaf_weight=47 49 47 115 45 45 114 43 58 43 303 1021 1191 44 106
leaf_count=47 49 47 115 45 45 114 43 58 43 303 1021 1191 44 106
internal_value=7.84242e-06 -0.00257879 -0.00449193 0.000187769 4.08228e-05 0.000249265 0.0049307 -0.00565538 5.68919e-05 -0.0022469 0.000380381 0.000684268 0.00191148 0.0102994
internal_weight=3271 211 164 3060 2970 2867 90 103 2822 346 2476 2362 1171 150
internal_count=3271 211 164 3060 2970 2867 90 103 2822 346 2476 2362 1171 150
is_linear=0
shrinkage=0.05


Tree=168
num_leaves=15
num_cat=0
split_feature=49 2 0 0 0 2 0 19 0 2 2 0 0 0
split_gain=0.633554 5.36564 2.99509 7.01454 1.83475 1.50564 0.848273 2.82307 2.37587 2.59236 3.85274 2.18456 1.84337 3.71539
threshold=1.0000000180025095e-35 1.1760341681780278 -0.19804713887514644 -0.32791260858844135 0.35274415105260237 -0.83816850377400887 0.51076296367955198 1.0000000180025095e-35 -0.027434137182851707 1.1760341681780278 1.3019218351750299 0.075430641828866538 0.29162009391185861 0.21814576770753935
decision_type=2 2 2 2 2 2 2 2 2 2 2 2 2 2
left_child=2 4 3 5 -2 -1 7 8 -4 11 -11 -10 13 -13
right_child=1 -3 6 -5 -6 -7 -8 -9 9 10 -12 12 -14 -15
leaf_value=0.0058730995367196476 -0.0098211599947061658 0.018782190038334756 -0.0064878778011407904 -0.0223346648439765 0.0012224954262225463 -0.0042309195804461656 -0.00029659881068534602 0.013859385136100983 0.0084745820060792114 0.019046452650617735 -0.00056355295556725243 -6.110135804523121e-05 0.0020390923032757194 -0.016780924457998482
leaf_weight=53 41 40 91 48 298 110 2027 43 69 49 49 108 199 46
leaf_count=53 41 40 91 48 298 110 2027 43 69 49 49 108 199 46
internal_value=8.00211e-06 0.00192465 -0.000244333 -0.00595106 -0.000162936 -0.000914197 0.000208899 0.00177176 0.000878634 0.00218769 0.00942628 0.000470159 -0.00113337 -0.00520645
internal_weight=3271 379 2892 211 339 163 2681 654 611 520 98 422 353 154
internal_count=3271 379 2892 211 339 163 2681 654 611 520 98 422 353 154
is_linear=0
shrinkage=0.05


Tree=169
num_leaves=15
num_cat=0
split_feature=0 0 20 0 2 0 0 0 2 0 0 19 0 2
split_gain=0.615746 1.3356 0.882409 7.73742 5.42552 1.79883 0.934666 3.57152 3.18675 1.67115 1.52675 2.60293 2.07867 2.31651
threshold=-0.69787196288427156 -0.44962586091624107 1.0000000180025095e-35 -0.19804713887514644 1.1760341681780278 0.35274415105260237 0.9396681822355154 0.83253885893759794 1.0501465011810254 0.89893686024297825 0.55440880492455447 1.0000000180025095e-35 -0.027434137182851707 1.1760341681780278
decision_type=2 2 2 2 2 2 2 2 2 2 2 2 2 2
left_child=-1 -2 3 -3 5 -4 7 10 9 -9 11 12 -5 -14
right_child=1 2 4 6 -6 -7 -8 8 -10 -11 -12 -13 13 -15
leaf_value=-0.004243785881504686 0.0079150360008632698 -0.015570686322947344 -0.010057019990026242 -0.0061704602513101801 0.015161575833961034 0.00093721850458075486 -0.00085733994889964586 0.0074195136845019872 -0.0035291573275690494 0.019929295439611784 -0.0020646531616385299 0.013197214586867227 0.00032310759972837145 0.0083398297291881005
leaf_weight=81 52 79 40 91 65 324 1268 79 44 42 491 43 462 110
leaf_count=81 52 79 40 91 65 324 1268 79 44 42 491 43 462 110
internal_value=7.86845e-06 0.000118417 -1.57402e-05 -0.00034983 0.00208576 -0.000319294 0.000118859 0.00102761 0.00787742 0.0120152 7.18354e-05 0.00155933 0.000767113 0.00188847
internal_weight=3271 3190 3138 2709 429 364 2630 1362 165 121 1197 706 663 572
internal_count=3271 3190 3138 2709 429 364 2630 1362 165 121 1197 706 663 572
is_linear=0
shrinkage=0.05


Tree=170
num_leaves=15
num_cat=0
split_feature=27 2 2 48 31 0 2 0 0 1 2 0 0 0
split_gain=0.584479 1.04114 0.905263 3.16899 2.72993 5.63759 16.491 3.8536 2.35919 3.6171 4.83333 3.95187 3.72966 2.89515
threshold=1.0000000180025095e-35 0.92425883418402288 0.2948204991990116 1.0000000180025095e-35 1.0000000180025095e-35 -0.03638325773648244 -1.2158315047650154 0.55440880492455447 0.30122258216924452 -0.41876142585576009 0.92425883418402288 -0.027434137182851707 -0.1383345116594015 0.38446136457468616
decision_type=2 2 2 2 2 2 2 2 2 2 2 2 2 2
left_child=2 -2 4 8 5 6 -1 -6 9 11 -11 -4 -12 -10
right_child=1 -3 3 -5 7 -7 -8 -9 13 10 12 -13 -14 -15
leaf_value=-0.0052485708147287369 -0.0041437722338621948 0.0041529931651287681 -0.011819452254223775 -0.011356739785917329 -0.017937231569720265 0.0007357919096840712 0.034758687992283009 0.0024593592716846617 -0.0089026492957875927 -0.0040337956358085982 0.024644106991437018 0.0061199299255085575 0.0065476499696572633 -0.00037073646964900126
leaf_weight=56 180 46 59 64 42 1256 45 48 107 53 47 60 73 1135
leaf_count=56 180 46 59 64 42 1256 45 48 107 53 47 60 73 1135
internal_value=8.4139e-06 -0.00243343 0.000191126 -0.000628897 0.00109634 0.00165921 0.0129053 -0.00724207 -0.000167116 0.00386131 0.00843872 -0.00282273 0.0139232 -0.0011189
internal_weight=3271 226 3045 1598 1447 1357 101 90 1534 292 173 119 120 1242
internal_count=3271 226 3045 1598 1447 1357 101 90 1534 292 173 119 120 1242
is_linear=0
shrinkage=0.05


Tree=171
num_leaves=15
num_cat=0
split_feature=0 0 1 2 49 0 0 0 0 2 12 2 0 0
split_gain=0.610331 1.03589 5.3224 1.08159 0.735228 3.34818 1.18995 2.34856 1.46471 0.973371 0.793272 1.04452 1.27487 1.64335
threshold=-0.74960423694147782 -0.17379978201545368 0.69992303680890788 1.0000000180025095e-35 1.0000000180025095e-35 0.35747625517116677 0.90769220432586895 1.351618354236604 0.41596463574847675 0.67248350019001835 1.0000000180025095e-35 -1.46760683875902 -0.03638325773648244 0.11640286032154841
decision_type=2 2 2 2 2 2 2 2 2 2 2 2 2 2
left_child=-1 2 3 -2 10 -6 8 -8 -7 -9 11 -3 -13 -14
right_child=1 4 -4 -5 5 6 7 9 -10 -11 -12 12 13 -15
leaf_value=-0.0046101535663806972 -0.006787549328397622 -0.0039340736887287214 0.01822627921529273 0.0025047580647754343 -0.014663213586553614 0.00066817664486520435 0.012404153220863506 0.002799090180092324 -0.009383398210775341 -0.0056745035810551302 -0.0033232046760148432 0.0072836430490549123 -0.0054753009028250489 0.00073297526865302525
leaf_weight=68 53 130 45 71 45 83 42 76 62 58 150 68 110 2210
leaf_count=68 53 130 45 71 45 83 42 76 62 58 150 68 110 2210
internal_value=8.47e-06 0.000109339 0.00389571 -0.00151165 -0.000103997 -0.00219911 -0.000371829 0.00238001 -0.00369893 -0.000898097 0.000184846 0.000396296 0.000635131 0.000434155
internal_weight=3271 3203 169 124 3034 366 321 176 145 134 2668 2518 2388 2320
internal_count=3271 3203 169 124 3034 366 321 176 145 134 2668 2518 2388 2320
is_linear=0
shrinkage=0.05


Tree=172
num_leaves=15
num_cat=0
split_feature=49 0 0 0 2 2 0 0 2 0 0 0 2 0
split_gain=0.657626 5.77612 2.72707 6.15092 1.61839 1.27757 0.803006 1.22367 1.70782 0.963651 0.767273 3.54171 2.93335 2.50833
threshold=1.0000000180025095e-35 0.3398589145880257 -0.19804713887514644 -0.32791260858844135 -0.83816850377400887 -0.96405617077101102 1.7750339564360955 0.90769220432586895 0.79837116718702072 0.41596463574847675 0.9396681822355154 0.83253885893759794 1.0501465011810254 0.90769220432586895
decision_type=2 2 2 2 2 2 2 2 2 2 2 2 2 2
left_child=2 -2 3 4 -1 -3 7 9 -9 -7 11 -4 13 -13
right_child=1 5 10 -5 -6 6 -8 8 -10 -11 -12 12 -14 -15
leaf_value=0.0060607286508787767 0.019220907928768634 0.0078259543146529283 4.4719183557996687e-05 -0.021036874233745041 -0.0044149217046132051 5.350328449692045e-06 -0.0071740967477671811 -0.0018689602624899786 0.010707646213015731 -0.0083664476796652051 -0.00068034616908869364 0.006309141654885192 -0.0033167039368139661 0.021259739745238967
leaf_weight=53 41 41 1198 48 110 89 48 59 47 54 1312 85 44 42
leaf_count=53 41 41 1198 48 110 89 48 59 47 54 1312 85 44 42
internal_value=7.76441e-06 0.00196048 -0.00024932 -0.00569472 -0.000976552 -0.000233985 -0.00139154 -0.00022855 0.00380248 -0.00322782 0.000183169 0.00101052 0.00769801 0.0115064
internal_weight=3271 379 2892 211 163 338 297 249 106 143 2681 1369 171 127
internal_count=3271 379 2892 211 163 338 297 249 106 143 2681 1369 171 127
is_linear=0
shrinkage=0.05


Tree=173
num_leaves=15
num_cat=0
split_feature=25 0 0 2 0 0 2 0 2 0 0 63 13 58
split_gain=0.59805 1.73173 2.92799 1.03741 0.882714 0.854103 3.18794 3.4526 1.13796 4.16986 2.8445 1.9028 1.52379 1.75575
threshold=1.0000000180025095e-35 0.54276120931932537 0.78855895964296507 0.42070816619601387 1.4447547211049014 -0.17379978201545368 1.0501465011810254 -0.62713853907415273 -0.082842501791995246 -0.027434137182851707 0.075430641828866538 1.0000000180025095e-35 1.0000000180025095e-35 1.0000000180025095e-35
decision_type=2 2 2 2 2 2 2 2 2 2 2 2 2 2
left_child=5 3 -3 -2 -4 6 7 -1 10 -10 -7 -11 13 -12
right_child=1 2 4 -5 -6 8 -8 -9 9 11 12 -13 -14 -15
leaf_value=0.007917749314733288 -0.0019274363053384527 0.012514154089703447 -0.0053292935290572023 -0.011472759785441062 0.0030284261494064896 0.012447457101640155 0.012717840572198234 -0.0069753591498298633 -0.013765477761626245 -0.00066939502630130915 0.0021997110106115412 0.0085508705448993517 -0.0040990097178210923 -0.005290623004387679
leaf_weight=66 56 40 92 58 46 52 61 89 58 1588 782 56 142 85
leaf_count=66 56 40 92 58 46 52 61 89 58 1588 782 56 142 85
internal_value=8.12708e-06 -0.00214337 0.000944474 -0.0068979 -0.00253992 0.000220312 0.00323336 -0.000613699 -1.74039e-05 -0.000818261 0.00126641 -0.000345314 0.000666698 0.00145488
internal_weight=3271 292 178 114 138 2979 216 155 2763 1702 1061 1644 1009 867
internal_count=3271 292 178 114 138 2979 216 155 2763 1702 1061 1644 1009 867
is_linear=0
shrinkage=0.05


Tree=174
num_leaves=15
num_cat=0
split_feature=0 0 1 2 2 49 0 0 0 0 2 2 1 0
split_gain=0.66498 1.28958 4.13077 0.771722 0.76735 0.718858 3.33404 1.01783 2.07755 1.23592 0.906427 0.805283 0.984918 1.76422
threshold=-0.69787196288427156 -0.19804713887514644 -0.41876142585576009 0.67248350019001835 -0.2087301687889975 1.0000000180025095e-35 0.35747625517116677 0.90769220432586895 1.351618354236604 0.41596463574847675 0.67248350019001835 -1.46760683875902 1.259265268141242 0.30744296832347845
decision_type=2 2 2 2 2 2 2 2 2 2 2 2 2 2
left_child=4 2 -2 -4 -1 11 -7 9 -9 -8 -10 -3 -13 -14
right_child=1 5 3 -5 -6 6 7 8 10 -11 -12 12 13 -15
leaf_value=-0.0090479576851912723 -0.0057392638080335893 -0.0035180723625226882 0.0066574185668509846 0.016488044083650625 0.00054770853547822865 -0.014606273261473535 0.00058974141912425263 0.011627948100001298 0.0026851972168048799 -0.00864397293626098 -0.005491920859009649 0.00073047386633250154 -0.011875597502858867 -0.0007276425215497098
leaf_weight=41 56 137 47 40 40 45 83 42 76 62 58 2273 40 231
leaf_count=41 56 137 47 40 40 45 83 42 76 62 58 2273 40 231
internal_value=8.02156e-06 0.000122905 0.00472989 0.0114462 -0.00441034 -9.6268e-05 -0.00216854 -0.000345283 0.00219977 -0.00342236 -0.000882867 0.000188036 0.000390225 -0.00244804
internal_weight=3271 3190 143 87 81 3047 366 321 176 145 134 2681 2544 271
internal_count=3271 3190 143 87 81 3047 366 321 176 145 134 2681 2544 271
is_linear=0
shrinkage=0.05


Tree=175
num_leaves=15
num_cat=0
split_feature=49 0 0 0 2 2 0 0 2 0 0 0 2 0
split_gain=0.648718 5.43161 2.65076 5.39889 1.61701 1.13025 0.818363 2.5744 1.96592 1.34785 1.51733 1.15492 2.78144 5.54958
threshold=1.0000000180025095e-35 0.3398589145880257 -0.19804713887514644 -0.32791260858844135 -0.83816850377400887 -0.96405617077101102 0.51076296367955198 0.4399206747174636 1.3019218351750299 0.3398589145880257 0.38446136457468616 0.29162009391185861 1.0501465011810254 0.21814576770753935
decision_type=2 2 2 2 2 2 2 2 2 2 2 2 2 2
left_child=2 -2 3 4 -1 -3 7 8 9 11 -11 12 13 -4
right_child=1 5 6 -5 -6 -7 -8 -9 -10 10 -12 -13 -14 -15
leaf_value=0.0058446134423667737 0.01868419814096807 0.0073989159081044586 0.0023012668091608578 -0.019991338294930758 -0.0046277692437537814 -0.0012708263863285929 -0.00031842274722021415 0.0092326063686770567 -0.0083131367661829665 -0.010607240380098422 0.0016264937399744482 0.0089811438059945025 0.0099976787135299117 -0.017087887620701538
leaf_weight=53 41 41 227 48 110 297 2027 95 56 43 57 60 74 42
leaf_count=53 41 41 227 48 110 297 2027 95 56 43 57 60 74 42
internal_value=6.99953e-06 0.00194645 -0.000248337 -0.00561701 -0.00119307 -0.000181834 0.00017806 0.00171313 0.000406868 0.00140676 -0.00373885 0.00269575 0.00155057 -0.000829804
internal_weight=3271 379 2892 211 163 338 2681 654 559 503 100 403 343 269
internal_count=3271 379 2892 211 163 338 2681 654 559 503 100 403 343 269
is_linear=0
shrinkage=0.05


Tree=176
num_leaves=15
num_cat=0
split_feature=0 0 1 2 2 49 0 0 0 0 0 0 0 2
split_gain=0.592789 1.33418 3.72415 0.754444 0.696828 0.681121 3.29349 0.918012 1.94379 1.12532 0.805727 0.738133 2.32998 1.77939
threshold=-0.69787196288427156 -0.19804713887514644 -0.41876142585576009 -0.2087301687889975 0.67248350019001835 1.0000000180025095e-35 0.35747625517116677 0.90769220432586895 1.7750339564360955 0.41596463574847675 1.351618354236604 0.51076296367955198 0.4399206747174636 1.3019218351750299
decision_type=2 2 2 2 2 2 2 2 2 2 2 2 2 2
left_child=3 2 -2 -1 -4 11 -7 9 10 -8 -9 12 13 -3
right_child=1 5 4 -5 -6 6 7 8 -10 -11 -12 -13 -14 -15
leaf_value=-0.0087640434178675331 -0.0051466032124028128 0.0013354756354727775 0.0066049180535257476 0.00074199738779238294 0.015976871321687385 -0.01448671988984372 0.00059239530497614081 0.011094223614782095 -0.005461881785043355 -0.0082179105604154763 0.0025394232670078055 -0.00030251731196299323 0.0087804938085646045 -0.0079118128111264827
leaf_weight=41 56 503 47 40 40 45 83 42 56 62 78 2027 95 56
leaf_count=41 56 503 47 40 40 45 83 42 56 62 78 2027 95 56
internal_value=6.70608e-06 0.000115175 0.00480115 -0.00416494 0.0111761 -0.000107749 -0.00212489 -0.000312948 0.00210399 -0.00323532 0.00566639 0.000169001 0.00162689 0.000384189
internal_weight=3271 3190 143 81 87 3047 366 321 176 145 120 2681 654 559
internal_count=3271 3190 143 81 87 3047 366 321 176 145 120 2681 654 559
is_linear=0
shrinkage=0.05


Tree=177
num_leaves=15
num_cat=0
split_feature=49 0 0 0 2 1 2 2 1 0 0 0 0 2
split_gain=0.650324 5.1258 2.45052 4.99939 1.57542 1.43008 1.04592 0.721352 0.890269 1.638 1.4187 1.49341 1.28556 6.95592
threshold=1.0000000180025095e-35 0.3398589145880257 -0.19804713887514644 -0.39529221573096024 1.1760341681780278 1.0000000180025095e-35 -0.96405617077101102 -1.46760683875902 1.259265268141242 0.30744296832347845 -0.03638325773648244 0.047562749425705507 0.26351963147456786 0.92425883418402288
decision_type=2 2 2 2 2 2 2 2 2 2 2 2 2 2
left_child=2 -2 3 4 5 -1 -3 -4 10 -10 -9 -12 13 -13
right_child=1 6 7 -5 -6 -7 -8 8 9 -11 11 12 -14 -15
leaf_value=-0.0026069468749618089 0.018207861296832561 0.0071723937544786245 -0.0033470121038099419 -0.016477399282967268 -0.0081669934364685497 0.0089867085148141075 -0.001167592614399344 0.0072161295922705902 -0.011430435359389299 -0.00068881656224193614 -0.0078554331676437047 -0.0027666133105023103 0.00027843335402217293 0.018027915727228873
leaf_weight=52 41 41 137 67 41 51 297 78 40 231 51 110 1973 61
leaf_count=52 41 41 137 67 41 51 297 78 40 231 51 110 1973 61
internal_value=6.29055e-06 0.00194814 -0.000249361 -0.00541127 -0.000107262 0.00319543 -0.000119698 0.000160622 0.000351997 -0.00234642 0.000675497 0.000436716 0.000641102 0.00477398
internal_weight=3271 379 2892 211 144 103 338 2681 2544 271 2273 2195 2144 171
internal_count=3271 379 2892 211 144 103 338 2681 2544 271 2273 2195 2144 171
is_linear=0
shrinkage=0.05


Tree=178
num_leaves=15
num_cat=0
split_feature=62 1 0 0 2 2 0 0 2 0 0 2 0 0
split_gain=0.608081 0.657555 12.2466 2.85958 1.965 3.08109 1.92349 0.925277 2.0215 1.3677 1.63747 8.44479 1.40718 1.08871
threshold=1.0000000180025095e-35 1.259265268141242 0.11640286032154841 -0.22035241581602258 -1.0899438377680133 1.1760341681780278 -0.69787196288427156 -0.03638325773648244 0.54659583319301619 0.11640286032154841 0.26351963147456786 0.79837116718702072 0.065645991606312307 0.3183020038540923
decision_type=2 2 2 2 2 2 2 2 2 2 2 2 2 2
left_child=1 3 -3 4 -1 6 -6 8 -5 12 11 -11 -9 -12
right_child=-2 2 -4 7 5 -7 -8 9 -10 10 13 -13 -14 -15
leaf_value=-0.014863471294908474 -0.0053576757184390991 0.027122391413810645 -0.001390257051848733 0.012936209937007252 0.0096033804037648704 -0.013226835672002363 -0.0045114394103852561 -0.00089527129376721054 -0.0018349058218300341 -0.0063525554331135938 -0.0061755896044333528 0.020409695543348788 -0.011846640581225462 0.00024392916327198799
leaf_weight=46 50 41 302 42 44 47 49 79 48 62 66 53 45 2297
leaf_count=46 50 41 302 42 44 47 49 79 48 62 66 53 45 2297
internal_value=6.14045e-06 9.26766e-05 0.00215543 -0.000154489 -0.00611643 -0.00307354 0.00222813 0.000261678 0.00518965 8.73708e-05 0.000345493 0.0061194 -0.00499452 5.95573e-05
internal_weight=3271 3221 343 2878 186 140 93 2692 90 2602 2478 115 124 2363
internal_count=3271 3221 343 2878 186 140 93 2692 90 2602 2478 115 124 2363
is_linear=0
shrinkage=0.05


Tree=179
num_leaves=15
num_cat=0
split_feature=0 0 2 2 2 49 0 0 0 0 0 2 2 29
split_gain=0.596695 1.55513 3.40575 5.39937 0.706131 0.647637 3.26876 0.827096 1.76538 1.0255 0.73303 0.660252 0.639273 0.860518
threshold=-0.69787196288427156 -0.19804713887514644 1.1760341681780278 -1.0899438377680133 -0.2087301687889975 1.0000000180025095e-35 0.35747625517116677 0.90769220432586895 1.7750339564360955 0.41596463574847675 1.351618354236604 0.42070816619601387 -1.46760683875902 1.0000000180025095e-35
decision_type=2 2 2 2 2 2 2 2 2 2 2 2 2 2
left_child=4 2 3 -2 -1 12 -7 9 10 11 -9 -8 -3 -14
right_child=1 5 -4 -5 -6 6 7 8 -10 -11 -12 -13 13 -15
leaf_value=-0.0086283333209711457 0.013748747669160366 -0.003158057253914986 0.016415588703492415 -0.009546673649036495 0.00057445400882334934 -0.014408132079196105 0.0048849124524911703 0.010578329374708449 -0.0052040872164070611 -0.0078183034831454286 0.0024187436781357976 -0.0038290131490590963 0.00011342971501889735 0.0043359491336122744
leaf_weight=41 40 137 44 59 40 45 42 42 56 62 78 41 2419 125
leaf_count=41 40 137 44 59 40 45 42 42 56 62 78 41 2419 125
internal_value=5.9514e-06 0.000114778 0.00517391 -4.85118e-05 -0.00417941 -0.000125893 -0.00209282 -0.000287845 0.00200623 -0.00306179 0.0054012 0.00059163 0.000143984 0.000324147
internal_weight=3271 3190 143 99 81 3047 366 321 176 145 120 83 2681 2544
internal_count=3271 3190 143 99 81 3047 366 321 176 145 120 83 2681 2544
is_linear=0
shrinkage=0.05


end of trees

feature_importances:
Column_0=1153
Column_2=600
Column_1=148
Column_6=51
Column_49=49
Column_63=43
Column_25=34
Column_27=31
Column_12=30
Column_29=30
Column_17=26
Column_19=25
Column_31=25
Column_35=25
Column_55=23
Column_57=23
Column_3=21
Column_28=19
Column_48=17
Column_18=14
Column_34=14
Column_41=14
Column_53=14
Column_58=14
Column_20=12
Column_46=11
Column_13=10
Column_32=10
Column_5=8
Column_62=8
Column_42=7
Column_61=5
Column_56=4
Column_26=2

parameters:
[boosting: gbdt]
[objective: regression]
[metric: l2]
[tree_learner: serial]
[device_type: cpu]
[data_sample_strategy: bagging]
[data: ]
[valid: ]
[num_iterations: 180]
[learning_rate: 0.05]
[num_leaves: 15]
[num_threads: 2]
[seed: 43]
[deterministic: 1]
[force_col_wise: 1]
[force_row_wise: 0]
[histogram_pool_size: -1]
[max_depth: -1]
[min_data_in_leaf: 40]
[min_sum_hessian_in_leaf: 0.001]
[bagging_fraction: 1]
[pos_bagging_fraction: 1]
[neg_bagging_fraction: 1]
[bagging_freq: 0]
[bagging_seed: 11149]
[bagging_by_query: 0]
[feature_fraction: 1]
[feature_fraction_bynode: 1]
[feature_fraction_seed: 21351]
[extra_trees: 0]
[extra_seed: 16806]
[early_stopping_round: 0]
[early_stopping_min_delta: 0]
[first_metric_only: 0]
[max_delta_step: 0]
[lambda_l1: 0]
[lambda_l2: 2]
[linear_lambda: 0]
[min_gain_to_split: 0]
[drop_rate: 0.1]
[max_drop: 50]
[skip_drop: 0.5]
[xgboost_dart_mode: 0]
[uniform_drop: 0]
[drop_seed: 2965]
[top_rate: 0.2]
[other_rate: 0.1]
[min_data_per_group: 100]
[max_cat_threshold: 32]
[cat_l2: 10]
[cat_smooth: 10]
[max_cat_to_onehot: 4]
[top_k: 20]
[monotone_constraints: ]
[monotone_constraints_method: basic]
[monotone_penalty: 0]
[feature_contri: ]
[forcedsplits_filename: ]
[refit_decay_rate: 0.9]
[cegb_tradeoff: 1]
[cegb_penalty_split: 0]
[cegb_penalty_feature_lazy: ]
[cegb_penalty_feature_coupled: ]
[path_smooth: 0]
[interaction_constraints: ]
[verbosity: -1]
[saved_feature_importance_type: 0]
[use_quantized_grad: 0]
[num_grad_quant_bins: 4]
[quant_train_renew_leaf: 0]
[stochastic_rounding: 1]
[linear_tree: 0]
[max_bin: 255]
[max_bin_by_feature: ]
[min_data_in_bin: 3]
[bin_construct_sample_cnt: 200000]
[data_random_seed: 179]
[is_enable_sparse: 1]
[enable_bundle: 1]
[use_missing: 1]
[zero_as_missing: 0]
[feature_pre_filter: 1]
[pre_partition: 0]
[two_round: 0]
[header: 0]
[label_column: ]
[weight_column: ]
[group_column: ]
[ignore_column: ]
[categorical_feature: ]
[forcedbins_filename: ]
[precise_float_parser: 0]
[parser_config_file: ]
[objective_seed: 26397]
[num_class: 1]
[is_unbalance: 0]
[scale_pos_weight: 1]
[sigmoid: 1]
[boost_from_average: 1]
[reg_sqrt: 0]
[alpha: 0.9]
[fair_c: 1]
[poisson_max_delta_step: 0.7]
[tweedie_variance_power: 1.5]
[lambdarank_truncation_level: 30]
[lambdarank_norm: 1]
[label_gain: ]
[lambdarank_position_bias_regularization: 0]
[eval_at: ]
[multi_error_top_k: 1]
[auc_mu_weights: ]
[num_machines: 1]
[local_listen_port: 12400]
[time_out: 120]
[machine_list_filename: ]
[machines: ]
[gpu_platform_id: -1]
[gpu_device_id: -1]
[gpu_device_id_list: ]
[gpu_use_dp: 0]
[num_gpu: 1]

end of parameters

pandas_categorical:null
