tree
version=v4
num_class=1
num_tree_per_iteration=1
label_index=0
max_feature_idx=12
objective=regression
feature_names=lag_1 lag_7 lag_14 lag_28 rolling_mean rolling_std price_lag weekday month year_day state_code market_code commodity_code
feature_infos=[0.0099503308531680833:8.922791623969637] [0.0099503308531680833:8.922791623969637] [0.0099503308531680833:8.922791623969637] [0.0099503308531680833:8.922791623969637] [0.70967648251115589:8.7340005207300297] [0.073379355628224799:7.7703953903760707] [6.2557500417533669:8.6126851728754588] [0:6] [1:12] [1:365] none [0:15] [0:3]
tree_sizes=1407 1480 1485 1481 1489 1475 1485 1487 1485 1490 1489 1488 1483 1483 1490 1494 1487 1493 1486 1493 1503 1492 1485 1490 1495 1499 1486 1493 1492 1490 1488 1491 1493 1497 1495 1491 1488 1498 1502 1507 1503 1509 1496 1489 1492 1501 1487 1503 1508 1510 1500 1501 1487 1495 1501 1496 1512 1487 1501 1498 1489 1501 1493 1490 1490 1493 1506 1496 1489 1491 1499 1492 1502 1494 1519 1499 1505 1500 1472 1499 1481 1506 1507 1506 1480 1500 1505 1477 1508 1502 1504 1511 1503 1520 1482 1500 1519 1516 1478 1507 1505 1512 1493 1506 1509 1509 1506 1500 1502 1510 1490 1514 1505 1505 1474 1496 1509 1486 1498 1492 1502 1493 1516 1510 1491 1495 1514 1513 1487 1488 1485 1481 1488 1491 1502 1479 1498 1497 1502 1501 1492 1493 1504 1497 1484 1523 1510 1510 1503 1495 1505 1486 1473 1495 1503 1508 1511 1500 1491 1484 1484 1494 1506 1512 1501 1482 1483 1498 1490 1506 1481 1485 1496 1479 1479 1483 1494 1491 1490 1497

Tree=0
num_leaves=15
num_cat=0
split_feature=4 4 4 4 0 4 4 0 0 0 0 0 0 0
split_gain=32342.6 6394.6 6050.07 1241.14 1196.98 909.839 774.988 352.494 243.03 210.243 200.3 191.369 187.296 168.331
threshold=3.7703112453676981 2.57385187861918 5.1989572245794911 6.2158070597641926 4.4779046737101718 1.7086108428038866 3.1797217739375374 4.0526537577525756 5.6767479380942811 7.2555351629467291 2.3075602584206303 3.640210837669458 4.9784549145160613 2.947063657109513
decision_type=2 2 2 2 10 2 2 8 10 10 10 10 10 10
left_child=1 5 4 8 7 -1 13 -2 -4 -5 -7 -8 -6 -3
right_child=2 6 3 9 12 10 11 -9 -10 -11 -12 -13 -14 -15
leaf_value=3.5939418513450101 3.7202165249045396 3.6667374112296445 3.7956972391421413 3.8579839985513704 3.7643062115232362 3.6302241989029405 3.6976949250405289 3.7457059859176174 3.8286890137539116 3.9128346122169519 3.6568388361263877 3.7202395265709547 3.7871283960640452 3.6882383262558718
leaf_weight=1830 2039 2727 1711 868 2552 2825 4131 4054 860 242 972 1218 1415 1381
leaf_count=1830 2039 2727 1711 868 2552 2825 4131 4054 860 242 972 1218 1415 1381
internal_value=3.7157 3.66516 3.77119 3.82602 3.75111 3.62296 3.69028 3.73718 3.80681 3.87028 3.637 3.70283 3.77248 3.67395
internal_weight=28825 15084 13741 3681 10060 5627 9457 6093 2571 1110 3797 5349 3967 4108
internal_count=28825 15084 13741 3681 10060 5627 9457 6093 2571 1110 3797 5349 3967 4108
is_linear=0
shrinkage=1


Tree=1
num_leaves=15
num_cat=0
split_feature=4 4 4 4 0 4 4 0 4 0 0 0 0 0
split_gain=29193.5 5771.8 5462.17 1120.99 1084.2 829.983 704.566 358.388 252.771 220.119 190.249 189.519 138.665 132.007
threshold=3.7703112453676981 2.57385187861918 5.1989572245794911 6.2158070597641926 4.5674634663431553 1.5743549526904725 3.2491752563535745 4.0707332405359322 2.1119930939821567 5.6419007834884924 7.2555351629467291 2.7113724724615449 3.6519552588822624 5.0205801788306017
decision_type=2 2 2 2 10 2 2 8 2 10 10 8 10 10
left_child=1 5 4 9 7 -1 11 -2 -7 -4 -5 -3 -8 -6
right_child=2 6 3 10 13 8 12 -9 -10 -11 -12 -13 -14 -15
leaf_value=-0.12196123015113869 0.0047524847615510232 -0.055251344186874211 0.07549385407636594 0.13518319591751388 0.04936615272749429 -0.088392287946867709 -0.015472702344687426 0.029726804951402671 -0.063709628777673999 0.1064503973507694 0.18735571738149301 -0.032051596495295986 0.004368232660627097 0.070372538890221881
leaf_weight=1374 2123 1184 1658 868 2370 2305 3615 4446 1948 913 242 3495 1163 1121
leaf_count=1374 2123 1184 1658 868 2370 2305 3615 4446 1948 913 242 3495 1163 1121
internal_value=1.14765e-06 -0.0480221 0.0527174 0.104818 0.0336363 -0.0881104 -0.0241557 0.0216594 -0.0771222 0.0865612 0.146874 -0.0379433 -0.0106435 0.056148
internal_weight=28825 15084 13741 3681 10060 5627 9457 6569 4253 2571 1110 4679 4778 3491
internal_count=28825 15084 13741 3681 10060 5627 9457 6569 4253 2571 1110 4679 4778 3491
is_linear=0
shrinkage=0.05


Tree=2
num_leaves=15
num_cat=0
split_feature=4 4 4 0 4 4 4 0 0 0 0 4 0 1
split_gain=26351.1 5218.16 4935.63 1048.14 931.179 802.299 626.484 337.891 191.355 175.798 172.156 164.566 140.035 135.051
threshold=3.7703112453676981 2.464561957930655 5.2639128122427987 4.6001450180613412 6.2158070597641926 3.1019295602262358 1.5335947069635234 4.0901604373868432 3.5581970720467329 5.8348064622247291 7.2555351629467291 2.0377721793763195 2.7113724724615449 4.4566674860317592
decision_type=2 2 2 10 2 2 2 8 10 10 10 2 8 10
left_child=1 6 3 7 9 12 -1 -2 -7 -4 -6 -8 -3 -9
right_child=2 5 4 -5 10 8 11 13 -10 -11 -12 -13 -14 -15
leaf_value=-0.11774074403463893 0.0047049196224463663 -0.054036173284566946 0.075827978350098565 0.054525686340429917 0.12843957873232578 -0.018726991672000818 -0.086379535887542394 0.022788443782226223 0.0010186264954062053 0.10819763264104308 0.17806471698596829 -0.0651945995252841 -0.034722637244449996 0.041276609990936762
leaf_weight=1255 2155 1479 1777 3583 868 4181 2081 3085 1736 570 242 1721 2631 1461
leaf_count=1255 2155 1479 1777 3583 868 4181 2081 3085 1736 570 242 1721 2631 1461
internal_value=2.08326e-06 -0.0456235 0.0500863 0.0327006 0.101757 -0.02473 -0.0870249 0.0210181 -0.0129354 0.0837748 0.13956 -0.0768294 -0.0416956 0.0287457
internal_weight=28825 15084 13741 10284 3457 10027 5057 6701 5917 2347 1110 3802 4110 4546
internal_count=28825 15084 13741 10284 3457 10027 5057 6701 5917 2347 1110 3802 4110 4546
is_linear=0
shrinkage=0.05


Tree=3
num_leaves=15
num_cat=0
split_feature=4 4 4 0 1 4 4 0 0 4 0 0 0 1
split_gain=23785.5 4582.32 4575.6 933.034 916.859 683.725 568.445 278.695 219.004 161.94 158.801 151.236 133.38 131.015
threshold=3.7419086245301236 2.464561957930655 5.1989572245794911 4.4779046737101718 6.257665752909146 3.1019295602262358 1.4629870465295134 4.0526537577525756 5.3070223973028359 1.9607713828843714 3.5807334159313826 4.9784549145160613 2.947063657109513 7.3822723622443664
decision_type=2 2 2 10 10 2 2 8 8 2 10 10 10 10
left_child=1 6 3 7 8 12 -1 -2 -4 -8 -7 -5 -3 -6
right_child=2 5 4 11 13 10 9 -9 -10 -11 -12 -13 -14 -15
leaf_value=-0.11381964794867726 0.0034408180752860938 -0.044983536755393294 0.0534920228020258 0.041369812088728489 0.12452517869386051 -0.017977359328458221 -0.083775265326976295 0.02546639053866559 0.087267886328027955 -0.06318031571513634 0.00074458253443126046 0.061857815848450654 -0.024414211278468118 0.16948508268517998
leaf_weight=1141 2209 3034 647 2554 790 4131 1965 4107 2013 1951 1560 1416 1076 231
leaf_count=1141 2209 3034 647 2554 790 4131 1965 4107 2013 1951 1560 1416 1076 231
internal_value=2.80511e-06 -0.0440309 0.0468451 0.0297147 0.0946715 -0.0240769 -0.082679 0.0177665 0.0790988 -0.0735521 -0.0128469 0.0487048 -0.039613 0.135009
internal_weight=28825 14858 13967 10286 3681 9801 5057 6316 2660 3916 5691 3970 4110 1021
internal_count=28825 14858 13967 10286 3681 9801 5057 6316 2660 3916 5691 3970 4110 1021
is_linear=0
shrinkage=0.05


Tree=4
num_leaves=15
num_cat=0
split_feature=4 4 4 0 4 4 0 0 0 0 0 0 0 1
split_gain=21476.8 4749.21 3661.19 909.993 678.312 619.135 539.841 250.497 174.677 174.049 148.099 144.142 135.637 117.826
threshold=3.8874326747000434 2.57385187861918 5.4722633509957115 4.6890490276048302 3.3166673891788245 1.8392769463070719 6.4433281168206564 4.1911676024846942 1.2382692000587421 3.0492618097006954 5.8348064622247291 5.1998763424853669 3.8110872974088115 4.6200466650627661
decision_type=2 2 2 10 2 2 10 8 8 10 8 10 10 10
left_child=1 5 3 7 9 8 10 -2 -1 -3 -4 -5 -6 -9
right_child=2 4 6 11 12 -7 -8 13 -10 -11 -12 -13 -14 -15
leaf_value=-0.11506976333209154 0.00957979851993398 -0.03756314583668454 0.070539321173984385 0.047918445455647114 -0.0099315239951969381 -0.060539351777111144 0.13543577501013704 0.025039650263080051 -0.085450735223421531 -0.017503411123351468 0.099090543505291992 0.069958313836496824 0.010161884357447387 0.043742806576635491
leaf_weight=723 2241 3575 895 2678 4183 3093 779 3023 1811 1558 995 1047 1049 1175
leaf_count=723 2241 3575 895 2678 4183 3093 779 3023 1811 1558 995 1047 1049 1175
internal_value=3.42613e-06 -0.0386563 0.0481782 0.0344802 -0.0185735 -0.0756293 0.100278 0.0230892 -0.0939857 -0.0314837 0.0856591 0.0541475 -0.00590051 0.0302929
internal_weight=28825 15992 12833 10164 10365 5627 2669 6439 2534 5133 1890 3725 5232 4198
internal_count=28825 15992 12833 10164 10365 5627 2669 6439 2534 5133 1890 3725 5232 4198
is_linear=0
shrinkage=0.05


Tree=5
num_leaves=15
num_cat=0
split_feature=4 4 4 0 4 0 4 0 0 0 1 0 0 0
split_gain=19402.9 3921.6 3549.71 842.694 765.193 599.674 398.7 282.249 189.001 175.091 138.462 131.309 128.911 100.605
threshold=3.6886781454782662 5.1989572245794911 2.361853280500759 4.4566674860317592 6.3157507867856788 2.9729720159030868 1.4629870465295134 3.9150140412669203 3.4307509472323381 5.5284320939236 4.5406281092823235 7.0071430020149554 4.9784549145160613 1.9530024665512917
decision_type=2 2 2 10 2 8 2 8 10 8 10 8 10 10
left_child=2 3 6 7 9 -4 -1 -2 -7 -3 -9 -6 -5 -8
right_child=1 4 5 12 11 8 13 10 -10 -11 -12 -13 -14 -15
leaf_value=-0.10299380073056082 -0.0027548705876635307 0.055880859208640589 -0.041923837984265022 0.037160869228344065 0.10583822120869056 -0.02172418585072227 -0.075228906257785083 0.016823570053823584 -0.0040790670673541297 0.0821645753328272 0.03806297724856799 0.14389733994664911 0.055999600251375792 -0.057162499455147897
leaf_weight=1141 1695 1092 3168 2602 557 4288 2207 4078 2350 1590 946 442 1418 1251
leaf_count=1141 1695 1092 3168 2602 557 4288 2207 4078 2350 1590 946 442 1418 1251
internal_value=3.898e-06 0.0410019 -0.0410368 0.0257271 0.0855264 -0.0240303 -0.0772717 0.014886 -0.0154805 0.0715125 0.0208364 0.122931 0.0438305 -0.0687298
internal_weight=28825 14420 14405 10739 3681 9806 4599 6719 6638 2682 5024 999 4020 3458
internal_count=28825 14420 14405 10739 3681 9806 4599 6719 6638 2682 5024 999 4020 3458
is_linear=0
shrinkage=0.05


Tree=6
num_leaves=15
num_cat=0
split_feature=4 4 4 4 0 0 0 0 0 4 0 0 4 0
split_gain=17540 4210.55 2764.73 688.117 657.823 472.368 430.715 219.412 182.708 177.567 138.258 130.482 81.1628 79.8168
threshold=3.975406740580969 2.7165286338811154 5.4988167847679454 1.916006418453873 4.8563178580693975 3.2619279743942671 6.6012070425229332 4.3327031392883724 3.6901278942132305 1.3173009975377112 5.8629184228590949 2.3075602584206303 4.7043868589763393 5.3070223973028359
decision_type=2 2 2 2 10 8 10 8 10 2 8 8 2 10
left_child=1 3 4 9 7 -3 10 -2 -7 -1 -4 -5 -9 -6
right_child=2 5 6 11 13 8 -8 12 -10 -11 -12 -13 -14 -15
leaf_value=-0.10129357346175799 0.013256000223226148 -0.027933214027161393 0.064535623418251614 -0.061941556352070298 0.048005274660511986 -0.010963433859545037 0.12726019691383159 0.026705136575505412 0.0067998398007147083 -0.074220762514942237 0.092040492659691164 -0.042482666318888848 0.041326031114331793 0.066642552085051487
leaf_weight=913 2550 3505 859 1437 2014 4487 647 2723 2135 1964 1051 2229 1477 834
leaf_count=913 2550 3505 859 1437 2014 4487 647 2723 2135 1964 1051 2229 1477 834
internal_value=4.50098e-06 -0.0332989 0.0456765 -0.0645553 0.0333556 -0.0130956 0.0918623 0.0248403 -0.00523605 -0.0828766 0.0797509 -0.0501398 0.031864 0.0535059
internal_weight=28825 16670 12155 6543 9598 10127 2557 6750 6622 2877 1910 3666 4200 2848
internal_count=28825 16670 12155 6543 9598 10127 2557 6750 6622 2877 1910 3666 4200 2848
is_linear=0
shrinkage=0.05


Tree=7
num_leaves=15
num_cat=0
split_feature=4 4 4 4 0 4 4 0 0 0 0 0 1 0
split_gain=15836.7 3205.42 2894.14 821.738 544.013 508.526 326.491 209.936 187.318 146.093 129.35 100.912 89.8276 85.9631
threshold=3.6886781454782662 5.0264721881469931 2.361853280500759 6.1061401762890402 4.4200439778118819 3.0275695803760212 1.4629870465295134 3.9150140412669203 5.3070223973028359 6.6764533414409923 3.240635401824949 2.7440554690903465 4.3832750747731763 1.9530024665512917
decision_type=2 2 2 2 10 2 2 8 8 8 8 10 10 10
left_child=2 4 6 8 7 11 -1 -2 -3 -5 -7 -4 -9 -8
right_child=1 3 5 9 -6 10 13 12 -10 -11 -12 -13 -14 -15
leaf_value=-0.093067325101326093 -0.0028212796138234997 0.043784690208153149 -0.041687244656737718 0.084657854689151296 0.037006294770666096 -0.02486265558164966 -0.06806512215761186 0.013164853616065276 0.068181455305631841 0.12102266039329326 -0.0078322114364619191 -0.025278991791122002 0.028161501358362231 -0.051378853080113376
leaf_weight=1141 1683 1302 2471 485 3434 1505 2207 3285 2057 736 4299 1531 1438 1251
leaf_count=1141 1683 1302 2471 485 3434 1505 2207 3285 2057 736 4299 1531 1438 1251
internal_value=4.85779e-06 0.037044 -0.0370729 0.0715897 0.0209536 -0.0217169 -0.0697912 0.0123395 0.0587566 0.10674 -0.0122553 -0.0354259 0.0177408 -0.0620617
internal_weight=28825 14420 14405 4580 9840 9806 4599 6406 3359 1221 5804 4002 4723 3458
internal_count=28825 14420 14405 4580 9840 9806 4599 6406 3359 1221 5804 4002 4723 3458
is_linear=0
shrinkage=0.05


Tree=8
num_leaves=15
num_cat=0
split_feature=4 4 4 4 0 0 1 0 1 0 0 0 1 0
split_gain=14312 3435.18 2262.47 566.899 549.607 395.764 359.444 176.83 151.616 130.474 127.755 93.8894 83.9569 75.1818
threshold=3.975406740580969 2.7165286338811154 5.4988167847679454 1.8392769463070719 4.8563178580693975 3.4419873751583672 6.4068459468534025 4.3327031392883724 3.2619279743942671 2.3075602584206303 1.1150072000796054 5.9467209638572145 7.3334843760744475 3.9655633231297664
decision_type=2 2 2 2 10 10 10 8 10 8 8 10 10 10
left_child=1 3 4 10 7 8 11 -2 -3 -5 -1 -4 -8 -7
right_child=2 5 6 9 -6 13 12 -9 -10 -11 -12 -13 -14 -15
leaf_value=-0.095662402595831642 0.011932227227399013 -0.025100059075688089 0.060789891644376842 -0.057074455929462586 0.048533324894054153 -0.0021484694254301491 0.09859489928586064 0.028637334796140591 -0.0096354341392174102 -0.03872226489851717 -0.069869237988625849 0.086226675439436129 0.13470310744430339 0.015418459465209561
leaf_weight=678 2550 4015 1121 1708 2848 2704 619 4200 2624 2301 1856 567 250 784
leaf_count=678 2550 4015 1121 1708 2848 2704 619 4200 2624 2301 1856 567 250 784
internal_value=4.89585e-06 -0.0300784 0.0412608 -0.0583105 0.0301151 -0.0118298 0.0830413 0.0223319 -0.0189926 -0.0465656 -0.0768405 0.0694261 0.109268 0.00180663
internal_weight=28825 16670 12155 6543 9598 10127 2557 6750 6639 4009 2534 1688 869 3488
internal_count=28825 16670 12155 6543 9598 10127 2557 6750 6639 4009 2534 1688 869 3488
is_linear=0
shrinkage=0.05


Tree=9
num_leaves=15
num_cat=0
split_feature=4 1 4 0 1 0 4 0 0 0 4 1 0 0
split_gain=12919.8 2643.56 2364.68 615.678 504.234 457.601 248.683 234.722 132.724 103.917 103.662 96.3477 95.3971 65.5554
threshold=3.6886781454782662 5.1957269410780187 2.2985706226308111 4.6467889852731199 6.257665752909146 2.9729720159030868 1.3783927470408734 3.9150140412669203 3.4307509472323381 5.3936172156671276 4.3391985500656629 7.3822723622443664 5.5214529177982463 2.4069045255497099
decision_type=2 10 2 10 10 8 2 8 10 10 2 10 8 10
left_child=2 3 6 7 12 13 -1 -2 -7 -5 -9 -6 -3 -4
right_child=1 4 5 9 11 8 -8 10 -10 -11 -12 -13 -14 -15
leaf_value=-0.085783601450698549 -0.0029126887438818538 0.046805013420146306 -0.046486394132415843 0.036506639659538785 0.091271192443447391 -0.017731139287615477 -0.057490292185004281 0.012135116579333249 -0.0029749303327396802 0.064962344609836978 0.025336981872954824 0.12930319717897365 0.066546694744614165 -0.030784783868147626
leaf_weight=1027 1701 1059 934 2708 796 4334 3343 3289 2351 367 2723 231 1546 2416
leaf_count=1027 1701 1059 934 2708 796 4334 3343 3289 2351 367 2723 231 1546 2416
internal_value=5.29839e-06 0.03346 -0.0334842 0.0210309 0.0703458 -0.0201087 -0.0641757 0.0134828 -0.0125441 0.0399428 0.018121 0.10006 0.0585633 -0.0351876
internal_weight=28825 14420 14405 10788 3632 10035 4370 7713 6685 3075 6012 1027 2605 3350
internal_count=28825 14420 14405 10788 3632 10035 4370 7713 6685 3075 6012 1027 2605 3350
is_linear=0
shrinkage=0.05


Tree=10
num_leaves=15
num_cat=0
split_feature=4 4 4 4 0 0 0 0 1 0 0 0 0 0
split_gain=11675.4 2818.01 1853.28 517.91 431.184 323.494 297.541 131.633 123.228 122.905 103.02 98.0527 79.2775 76.3872
threshold=3.975406740580969 2.7776799014338533 5.4722633509957115 1.9374417292393449 4.7578820629520608 6.5595901584189162 3.2619279743942671 1.2382692000587421 4.4566674860317592 3.7388586794858525 5.8348064622247291 2.5725830935269314 3.7086700666559982 5.1457404573661281
decision_type=2 2 2 2 10 10 8 8 10 10 8 10 8 10
left_child=1 3 4 7 8 10 -3 -1 12 -8 -4 -5 -2 -6
right_child=2 6 5 11 13 -7 9 -9 -10 -11 -12 -13 -14 -15
leaf_value=-0.086009720372565004 -0.01275611261892786 -0.022293722950210343 0.051030358159045067 -0.044137494695353253 0.035301528431404626 0.10431731065292529 -0.0078002457878373309 -0.061250919850775666 0.028181821931734394 0.0078834547621302858 0.074177828634105714 -0.025588049895945555 0.015465528780651064 0.050947566624867408
leaf_weight=727 266 3243 895 2940 2084 667 4862 2265 2285 1679 1107 954 3571 1280
leaf_count=727 266 3243 895 2940 2084 667 4862 2265 2285 1679 1107 954 3571 1280
internal_value=5.82683e-06 -0.0271655 0.0372683 -0.0516654 0.0269019 0.0740643 -0.00991533 -0.0673203 0.0189895 -0.00377324 0.0638909 -0.0396085 0.0135034 0.0412816
internal_weight=28825 16670 12155 6886 9486 2669 9784 2992 6122 6541 2002 3894 3837 3364
internal_count=28825 16670 12155 6886 9486 2669 9784 2992 6122 6541 2002 3894 3837 3364
is_linear=0
shrinkage=0.05


Tree=11
num_leaves=15
num_cat=0
split_feature=4 4 4 4 4 0 4 0 0 0 0 0 0 1
split_gain=10553.6 2311.62 1797.96 664.227 359.22 325.352 187.097 179.283 120.404 116.565 86.3912 80.4826 55.0501 53.7855
threshold=3.6109766635989953 4.8776212714874037 2.2401079252986746 6.1061401762890402 2.9806022664456004 4.0707332405359322 1.3783927470408734 5.3070223973028359 4.6467889852731199 6.8144826469318227 3.240635401824949 2.6426160634996907 5.9175479584402915 4.220976135012763
decision_type=2 2 2 2 2 8 2 8 10 8 8 10 10 8
left_child=2 5 6 7 11 -2 -1 -3 13 -5 -6 -4 -9 -7
right_child=1 3 4 9 10 8 -8 12 -10 -11 -12 -13 -14 -15
leaf_value=-0.077655758959783355 0.00059534189703784211 0.034629348394118173 -0.036524625367475132 0.072061688951326641 -0.020829266445166264 0.0097691232666610225 -0.052882077815311991 0.051446366153764314 0.032037993494985428 0.10372828845210942 -0.0072962979411925191 -0.022156257144024805 0.072086189207384146 0.020629742642410145
leaf_weight=1027 3017 2004 2501 633 1695 1861 3113 1841 1670 588 3879 1619 411 2966
leaf_count=1027 3017 2004 2501 633 1695 1861 3113 1841 1670 588 3879 1619 411 2966
internal_value=5.90848e-06 0.0290673 -0.0314857 0.0549393 -0.0196989 0.014165 -0.0590622 0.0455739 0.0204641 0.0874561 -0.0114175 -0.0308919 0.0552738 0.0164483
internal_weight=28825 14991 13834 5477 9694 9514 4140 4256 6497 1221 5574 4120 2252 4827
internal_count=28825 14991 13834 5477 9694 9514 4140 4256 6497 1221 5574 4120 2252 4827
is_linear=0
shrinkage=0.05


Tree=12
num_leaves=15
num_cat=0
split_feature=4 4 1 4 0 1 0 0 0 0 0 0 0 0
split_gain=9527.03 2297.84 1517.45 427.958 349.508 287.898 250.129 118.368 110.786 99.8846 86.2346 70.0853 62.9576 55.0641
threshold=3.975406740580969 2.7776799014338533 5.3551647114219261 1.9374417292393449 4.8563178580693975 6.4068459468534025 3.5130357529000902 4.266188663370639 1.2668484069787163 3.1157326077443077 2.3075602584206303 7.6257855177143679 5.6419007834884924 6.0473610013033996
decision_type=2 2 10 2 10 10 10 8 8 8 8 10 10 10
left_child=1 3 4 8 7 13 9 -2 -1 -3 -5 -7 -6 -4
right_child=2 6 5 10 12 11 -8 -9 -10 -11 -12 -13 -14 -15
leaf_value=-0.076788962354963547 0.0085352133250236363 -0.023016808257353579 0.050696741753306164 -0.045782913259991932 0.03691308884026958 0.083066998723749189 0.0026558295223128954 0.022543857276320065 -0.05489569341806342 -0.010058708185013386 -0.030142625907887341 0.12571331277646156 0.06433529710674539 0.072383075490354859
leaf_weight=813 2304 2253 1664 1379 2325 755 3144 4382 2179 4387 2515 120 233 372
leaf_count=813 2304 2253 1664 1379 2325 755 3144 4382 2179 4387 2515 120 233 372
internal_value=6.23622e-06 -0.0245382 0.0336663 -0.0466617 0.0237432 0.0651393 -0.00896131 0.0177205 -0.060892 -0.0144611 -0.0357021 0.089189 0.0394592 0.0547262
internal_weight=28825 16670 12155 6886 9244 2911 9784 6686 2992 6640 3894 875 2558 2036
internal_count=28825 16670 12155 6886 9244 2911 9784 6686 2992 6640 3894 875 2558 2036
is_linear=0
shrinkage=0.05


Tree=13
num_leaves=15
num_cat=0
split_feature=4 4 4 0 0 0 0 0 0 0 0 4 0 1
split_gain=8620.01 1893.26 1464.41 549.268 315.077 269.242 169.111 149.091 99.7669 94.9163 85.2465 77.7589 48.1281 44.4299
threshold=3.6109766635989953 4.8776212714874037 2.2021531175691726 6.1131275513213312 2.8650498914867879 4.0526537577525756 5.3070223973028359 1.3986406674150766 4.6467889852731199 3.2619279743942671 7.2555351629467291 6.532090926064515 2.35611462914075 4.220976135012763
decision_type=2 2 2 10 8 8 8 8 10 10 10 2 10 8
left_child=2 5 7 6 12 -2 -3 -1 13 -6 -5 -8 -4 -7
right_child=1 3 4 10 9 8 11 -9 -10 -11 -12 -13 -14 -15
leaf_value=-0.070727571526385216 0.0001752747964050383 0.031154062345327062 -0.041803361279624231 0.073450768562800736 -0.016942643490485448 0.0088621153763305868 0.048455048173407185 -0.04825979251789108 0.028953608437430153 -0.004853070052098736 0.10773256577712197 0.086040047987900825 -0.027443411354107463 0.018614861030854277
leaf_weight=994 2930 2040 791 848 3871 1927 2193 3032 1670 2799 247 149 2347 2987
leaf_count=994 2930 2040 791 848 3871 1927 2193 3032 1670 2799 247 149 2347 2987
internal_value=6.70887e-06 0.0262713 -0.0284542 0.0496854 -0.0180252 0.0127847 0.0417353 -0.0538393 0.0183944 -0.0118723 0.0813661 0.0509176 -0.0310875 0.0147955
internal_weight=28825 14991 13834 5477 9808 9514 4382 4026 6584 6670 1095 2342 3138 4914
internal_count=28825 14991 13834 5477 9808 9514 4382 4026 6584 6670 1095 2342 3138 4914
is_linear=0
shrinkage=0.05


Tree=14
num_leaves=15
num_cat=0
split_feature=4 1 4 1 0 0 0 4 0 0 0 1 1 0
split_gain=7782.13 1737.51 1303.25 372.913 360.217 287.93 144.604 132.961 88.8488 85.9921 84.7137 71.0016 50.2444 47.5819
threshold=3.5986190010082195 5.0205801788306017 2.1718275489526468 6.257665752909146 4.4438263451627948 2.8650498914867879 3.9150140412669203 1.1704550297448082 5.4445775410940529 5.1457404573661281 3.240635401824949 7.3822723622443664 4.3054146216887537 1.7833559100698646
decision_type=2 10 2 10 10 8 8 2 8 10 10 10 8 8
left_child=2 4 7 8 6 -4 -2 -1 -3 -6 -7 -5 -8 -9
right_child=1 3 5 11 9 10 12 13 -10 -11 -12 -13 -14 -15
leaf_value=-0.071762277500424673 -0.0031366205973025595 0.034203525055165045 -0.029725911491032625 0.070557584071107085 0.02358466538323448 -0.016853125585589161 0.0082554188017765831 -0.055246934966626964 0.050950545514188185 0.044827475442024756 -0.0054808770323367638 0.10298690924246955 0.018524582984852968 -0.042493605553691999
leaf_weight=685 2180 1469 3235 796 3080 3481 3041 1218 1778 566 3096 231 1963 2006
leaf_count=685 2180 1469 3235 796 3080 3481 3041 1218 1778 566 3096 231 1963 2006
internal_value=7.04436e-06 0.0247673 -0.0272485 0.0517554 0.0141089 -0.017516 0.00760895 -0.0516566 0.0433996 0.0269051 -0.0115031 0.0780378 0.0122897 -0.047343
internal_weight=28825 15104 13721 4274 10830 9812 7184 3909 3247 3646 6577 1027 5004 3224
internal_count=28825 15104 13721 4274 10830 9812 7184 3909 3247 3646 6577 1027 5004 3224
is_linear=0
shrinkage=0.05


Tree=15
num_leaves=15
num_cat=0
split_feature=4 4 4 0 0 0 0 4 0 0 0 4 4 0
split_gain=7031.34 1693.43 1073.15 457.586 267.916 232.624 140.137 120.409 87.8444 79.1765 70.9946 68.8268 39.9033 37.2356
threshold=3.5218453375269334 4.8776212714874037 2.1718275489526468 6.1420350931759513 4.0526537577525756 2.7113724724615449 5.3020595774028507 1.3173009975377112 4.6890490276048302 3.2228599096927897 7.5005747395306033 6.6426767553993331 4.3214579236501063 3.7086700666559982
decision_type=2 2 2 10 8 8 8 2 10 10 10 2 2 10
left_child=2 4 7 6 13 -4 -3 -1 12 -7 -5 -8 -6 -2
right_child=1 3 5 10 8 9 11 -9 -10 -11 -12 -13 -14 -15
leaf_value=-0.065055853853032738 -0.0063128637872669749 0.02739256063404677 -0.030749044960222734 0.068429573021442355 0.0091477608148302341 -0.017306965254452144 0.043463278351955771 -0.044168943985973583 0.026739216069112517 -0.0061399133219682952 0.10524205505938791 0.080730475302187923 0.017969302194839509 0.0039688960610730212
leaf_weight=913 1575 1888 2504 913 2788 3984 2382 2996 1568 2643 162 132 2385 1992
leaf_count=913 1575 1888 2504 913 2788 3984 2382 2996 1568 2643 162 132 2385 1992
internal_value=7.14028e-06 0.022451 -0.0271605 0.0449131 0.0105096 -0.0177688 0.0377398 -0.0490781 0.0163719 -0.0128565 0.0741623 0.0454826 0.0132203 -0.000571983
internal_weight=28825 15785 13040 5477 10308 9131 4402 3909 6741 6627 1075 2514 5173 3567
internal_count=28825 15785 13040 5477 10308 9131 4402 3909 6741 6627 1075 2514 5173 3567
is_linear=0
shrinkage=0.05


Tree=16
num_leaves=15
num_cat=0
split_feature=4 4 1 4 1 0 0 0 0 1 4 0 0 1
split_gain=6349.12 1554.93 1027.49 299.78 229.207 207.761 169.699 80.1844 76.8307 72.8083 65.414 53.2545 50.2113 44.3198
threshold=3.975406740580969 2.8004636178394184 5.2284276452838947 1.8392769463070719 6.4669144803516367 4.7978524041886734 3.5581970720467329 2.4890560511953486 3.8732800159822234 3.2619279743942671 1.0316152463261099 5.5660506303992472 7.6257855177143679 4.4566674860317592
decision_type=2 2 10 2 10 10 10 10 8 10 2 8 10 8
left_child=1 3 5 10 11 8 9 -5 -2 -3 -1 -4 -6 -10
right_child=2 6 4 7 12 -7 -8 -9 13 -11 -12 -13 -14 -15
leaf_value=-0.066781972314882865 -0.0042402229121720324 -0.016109730996078729 0.034258562248687847 -0.034706403402291308 0.068130320972008829 0.031212010823477077 0.0029642182781407832 -0.020234328145794091 0.011405730814342978 -0.0056386214399093372 -0.047271112913062026 0.049342488929187585 0.10421753875056253 0.020097348983337721
leaf_weight=571 537 3707 1003 3059 734 2355 2950 1409 3130 3011 1963 1497 120 2779
leaf_count=571 537 3707 1003 3059 734 2355 2950 1409 3130 3011 1963 1497 120 2779
internal_value=7.52338e-06 -0.0200294 0.027486 -0.0379698 0.0510288 0.0185045 -0.007031 -0.0301537 0.0138536 -0.0114197 -0.0517168 0.043323 0.0734328 0.0154988
internal_weight=28825 16670 12155 7002 3354 8801 9668 4468 6446 6718 2534 2500 854 5909
internal_count=28825 16670 12155 7002 3354 8801 9668 4468 6446 6718 2534 2500 854 5909
is_linear=0
shrinkage=0.05


Tree=17
num_leaves=15
num_cat=0
split_feature=4 4 4 0 0 0 0 0 0 0 0 4 1 0
split_gain=5738.99 1419.12 848.962 381.251 233.108 185.474 116.439 101.422 86.5238 70.7539 61.0671 55.9188 35.055 33.9299
threshold=3.4981244086308854 4.8776212714874037 2.1718275489526468 6.1131275513213312 3.9150140412669203 2.6426160634996907 5.3070223973028359 1.3986406674150766 4.4438263451627948 3.0955673711182752 7.0071430020149554 6.6426767553993331 4.2128677904637017 1.9530024665512917
decision_type=2 2 2 10 8 8 8 8 10 10 10 2 10 10
left_child=2 4 7 6 -2 -4 -3 -1 12 -7 -5 -8 -6 -9
right_child=1 3 5 10 8 9 11 13 -10 -11 -12 -13 -14 -15
leaf_value=-0.05822137261080982 -0.0029963307142909625 0.02520158972540594 -0.029122006875169432 0.059271979724329682 0.0062440911975268415 -0.016967119322624676 0.039662675375537214 -0.042832845882489951 0.020983341796051894 -0.0066689842440737224 0.086220684460093899 0.073695362382035223 0.014716224545616184 -0.030345865409164226
leaf_weight=993 2846 2040 2166 787 2872 3681 2213 2154 2689 3056 308 129 2129 762
leaf_count=993 2846 2040 2166 787 2872 3681 2213 2154 2689 3056 308 129 2129 762
internal_value=7.58652e-06 0.0199626 -0.0249323 0.0406028 0.00922741 -0.0163975 0.0339801 -0.0443524 0.0137509 -0.0122991 0.0669954 0.0415985 0.00985525 -0.0395928
internal_weight=28825 16013 12812 5477 10536 8903 4382 3909 7690 6737 1095 2342 5001 2916
internal_count=28825 16013 12812 5477 10536 8903 4382 3909 7690 6737 1095 2342 5001 2916
is_linear=0
shrinkage=0.05


Tree=18
num_leaves=15
num_cat=0
split_feature=4 1 4 1 0 0 0 4 4 0 0 4 0 4
split_gain=5180.69 1263.35 791.742 279.825 252.797 176.205 107.976 93.7398 67.1407 59.5066 53.3663 47.5042 36.845 33.7899
threshold=3.5218453375269334 4.9522934739897151 2.1718275489526468 5.9952067579627961 4.0707332405359322 2.7113724724615449 4.9784549145160613 1.1704550297448082 7.0310555782883926 3.0955673711182752 5.5284320939236 4.4288639385014976 1.7833559100698646 5.8404121608745108
decision_type=2 10 2 10 8 8 10 2 2 10 10 2 8 2
left_child=2 4 7 10 -2 -4 11 -1 -5 -7 -3 -6 -9 -8
right_child=1 3 5 8 6 9 13 12 -10 -11 -12 -13 -14 -15
leaf_value=-0.059013009194984194 -0.00063313951117866614 0.029416548178922825 -0.026542224439848824 0.05425010978046442 0.0090398762999574552 -0.015592055184753834 0.028099558284501509 -0.045457150870399768 0.081784790535036941 -0.0061084107749526453 0.043523442268621183 0.017607919984079803 -0.034264190992550549 0.059030920389455323
leaf_weight=685 3691 2450 2504 1015 3390 3395 792 1218 297 3232 942 3108 2006 100
leaf_count=685 3691 2450 2504 1015 3390 3395 792 1218 297 3232 942 3108 2006 100
internal_value=7.68886e-06 0.0192728 -0.0233122 0.0409778 0.010053 -0.0152453 0.0153891 -0.0421381 0.0605982 -0.0109701 0.0333575 0.0131421 -0.0385184 0.0316915
internal_weight=28825 15785 13040 4704 11081 9131 7390 3909 1312 6627 3392 6498 3224 892
internal_count=28825 15785 13040 4704 11081 9131 7390 3909 1312 6627 3392 6498 3224 892
is_linear=0
shrinkage=0.05


Tree=19
num_leaves=15
num_cat=0
split_feature=4 4 4 4 1 0 0 0 0 1 5 0 0 0
split_gain=4682.81 1155.85 767.738 226.906 217.809 134.77 130.235 65.7292 65.6395 58.6529 58.5341 52.1477 45.7482 37.8457
threshold=3.975406740580969 2.8184631469870189 5.5802799859972909 1.8392769463070719 4.8713658868283671 6.4433281168206564 3.6136133369616634 2.4466760667407619 3.7086700666559982 3.2228599096927897 5.620143336201596 1.2668484069787163 4.6890490276048302 5.0782890901091458
decision_type=2 2 2 2 10 8 10 10 8 10 2 10 10 8
left_child=1 3 4 11 8 -4 9 -5 -2 -3 -7 -1 -10 -6
right_child=2 6 5 7 13 10 -8 -9 12 -11 -12 -13 -14 -15
leaf_value=-0.052107173229236595 -0.010377554422336037 -0.01430101664381795 0.037905010780167878 -0.030210144043238324 0.020893991078054574 0.052683625959941895 0.0040137078048932129 -0.017625518914565583 0.010989898303566656 -0.0051493749633096924 0.076952587499338046 -0.037536484457478599 0.020945012909543443 0.032314566038329919
leaf_weight=1199 303 3200 1232 2970 1153 678 2483 1612 4804 3871 423 1335 1523 2039
leaf_count=1199 303 3200 1232 2970 1153 678 2483 1612 4804 3871 423 1335 1523 2039
internal_value=7.77321e-06 -0.0172001 0.0236065 -0.0324528 0.0174756 0.0493809 -0.00583522 -0.0257924 0.012303 -0.00929385 0.0621303 -0.0444665 0.0133921 0.0282049
internal_weight=28825 16670 12155 7116 9822 2333 9554 4582 6630 7071 1101 2534 6327 3192
internal_count=28825 16670 12155 7116 9822 2333 9554 4582 6630 7071 1101 2534 6327 3192
is_linear=0
shrinkage=0.05


Tree=20
num_leaves=15
num_cat=0
split_feature=4 1 4 1 0 0 0 4 1 0 0 1 0 0
split_gain=4229.55 1053.52 625.584 231.034 219.283 141.38 90.1109 78.4731 56.2798 52.4678 46.5776 41.5298 32.3149 28.3331
threshold=3.4981244086308854 4.9522934739897151 2.1718275489526468 5.9952067579627961 4.0707332405359322 2.6426160634996907 4.9784549145160613 1.1704550297448082 7.3334843760744475 3.0955673711182752 5.4445775410940529 4.2911439039520625 1.8640500836336089 3.6661191964630322
decision_type=2 10 2 10 8 8 10 2 10 10 10 8 10 10
left_child=2 4 7 10 13 -4 11 -1 -5 -7 -3 -6 -9 -2
right_child=1 3 5 8 6 9 -8 12 -10 -11 -12 -13 -14 -15
leaf_value=-0.053510289997088803 -0.0057304719667924386 0.025855024426912007 -0.025185544302916231 0.049612334880694005 0.0071249690180856173 -0.014517883541524293 0.028785055427774538 -0.03845641099294908 0.076405631214115227 -0.0056499305995843666 0.038324231680158694 0.015212006531109349 -0.027803953491685025 0.0029108769982573476
leaf_weight=685 1656 2244 2166 1061 2726 3681 892 2100 251 3056 1148 3820 1124 2215
leaf_count=685 1656 2244 2166 1061 2726 3681 892 2100 251 3056 1148 3820 1124 2215
internal_value=7.69466e-06 0.0171386 -0.0214026 0.0370191 0.00886423 -0.0140763 0.0138859 -0.0380732 0.0548467 -0.0104981 0.0300952 0.0118475 -0.0347621 -0.000786911
internal_weight=28825 16013 12812 4704 11309 8903 7438 3909 1312 6737 3392 6546 3224 3871
internal_count=28825 16013 12812 4704 11309 8903 7438 3909 1312 6737 3392 6546 3224 3871
is_linear=0
shrinkage=0.05


Tree=21
num_leaves=15
num_cat=0
split_feature=4 4 4 0 0 0 0 1 0 4 1 0 0 0
split_gain=3821.96 971.638 615.291 198.128 176.241 113.789 110.05 78.082 56.1414 47.6654 47.2807 33.0704 32.8419 32.2496
threshold=4.0072784301683484 2.8370847823353333 5.6261105738925989 2.0917878479750223 4.9163179057820896 3.6136133369616634 6.4433281168206564 1.7833559100698646 4.4200439778118819 7.0310555782883926 3.2619279743942671 4.1533965481246957 1.0816615128302691 5.3020595774028507
decision_type=2 2 2 10 10 10 8 10 8 2 10 10 8 10
left_child=1 3 4 7 8 10 13 12 -2 -8 -3 -7 -1 -4
right_child=2 5 6 -5 -6 11 9 -9 -10 -11 -12 -13 -14 -15
leaf_value=-0.053066800275032716 0.0067914303220425274 -0.012265735346211275 0.010701574003083974 -0.018947170962354806 0.026797462002078411 0.0015208529930599058 0.049986955717742615 -0.028769869051012427 0.015893622416678962 0.073847199600286684 -0.0040498447439283472 0.01698124490019098 -0.038778246082740185 0.037451177920498284
leaf_weight=551 3005 3584 129 2878 2807 2245 776 2065 3896 306 3428 407 1738 1010
leaf_count=551 3005 3584 129 2878 2807 2245 776 2065 3896 306 3428 407 1738 1010
internal_value=7.56444e-06 -0.0152899 0.0216735 -0.0291478 0.0162358 -0.0049155 0.0454059 -0.0358787 0.0119332 0.0568587 -0.00825148 0.00390455 -0.0422611 0.0344457
internal_weight=28825 16896 11929 7232 9708 9664 2221 4354 6901 1082 7012 2652 2289 1139
internal_count=28825 16896 11929 7232 9708 9664 2221 4354 6901 1082 7012 2652 2289 1139
is_linear=0
shrinkage=0.05


Tree=22
num_leaves=15
num_cat=0
split_feature=4 4 1 0 0 0 0 1 1 0 0 1 0 0
split_gain=3449.84 877.052 557.062 179.227 130.54 111.23 103.14 67.8777 46.3276 46.1737 45.8706 30.0174 29.073 27.7781
threshold=4.0072784301683484 2.8370847823353333 5.2284276452838947 2.0215256339172751 6.6240617005065809 4.875960099855571 3.6661191964630322 1.4928409688502451 3.4045196530214903 5.7097610330515662 3.7086700666559982 4.4438263451627948 6.4433281168206564 4.2076688186546143
decision_type=2 2 10 10 10 10 10 8 10 8 8 8 10 10
left_child=1 3 5 7 9 10 8 -1 -3 -4 -2 -12 -7 -8
right_child=2 6 4 -5 -6 12 13 -9 -10 -11 11 -13 -14 -15
leaf_value=-0.04490939145703908 -0.00863620504930134 -0.010723950165849434 0.02660803564749158 -0.018782456053745622 0.059856029005506933 0.022927737788519264 0.0022103336014838103 -0.030514622544729742 -0.002506292185198654 0.039595155275882865 0.0080511720771041205 0.014970551564560744 0.054317340972528862 0.017847920700053997
leaf_weight=1163 292 4532 1339 3178 563 1916 2043 2891 2761 1452 3077 3214 76 328
leaf_count=1163 292 4532 1339 3178 563 1916 2043 2891 2761 1452 3077 3214 76 328
internal_value=7.47793e-06 -0.0145262 0.0205917 -0.0276923 0.0378639 0.0138286 -0.0046697 -0.0346643 -0.00761443 0.033388 0.0106903 0.0115898 0.0241786 0.00438683
internal_weight=28825 16896 11929 7232 3354 8575 9664 4054 7293 2791 6583 6291 1992 2371
internal_count=28825 16896 11929 7232 3354 8575 9664 4054 7293 2791 6583 6291 1992 2371
is_linear=0
shrinkage=0.05


Tree=23
num_leaves=15
num_cat=0
split_feature=4 1 1 0 0 0 0 0 0 0 4 0 1 0
split_gain=3116.07 786.142 468.053 172.818 164.556 100.363 68.5119 68.1179 49.6982 39.9184 35.5326 32.8309 30.3948 25.3747
threshold=3.4981244086308854 4.9522934739897151 2.2027494954295124 6.1420350931759513 4.0526537577525756 2.827296115232715 5.1457404573661281 1.3986406674150766 5.3936172156671276 7.7888198428626252 4.5095460675543357 3.4419873751583672 6.6920645005918873 1.9530024665512917
decision_type=2 10 8 10 8 8 10 8 8 10 2 10 10 10
left_child=2 4 7 8 -2 -4 10 -1 -3 -5 -6 -7 -10 -9
right_child=1 3 5 9 6 11 -8 13 12 -11 -12 -13 -14 -15
leaf_value=-0.043939041081762685 -0.00094299561636221145 0.020407443881566796 -0.019530928877105787 0.04693297615680881 0.0075148603885067042 -0.0095884098126615587 0.029968116953673192 -0.031790912294059254 0.030628732718474334 0.081382303000712891 0.014705910697286377 0.00071797361069555197 0.058245016653435656 -0.022366962006849823
leaf_weight=942 3783 1656 2770 897 4043 4928 486 2146 1949 96 2997 916 106 1110
leaf_count=942 3783 1656 2770 897 4043 4928 486 2146 1949 96 2997 916 106 1110
internal_value=7.55611e-06 0.0147116 -0.0183697 0.031885 0.00756395 -0.0116935 0.0118391 -0.0320565 0.0269008 0.0504203 0.0105795 -0.00797327 0.0321085 -0.0285939
internal_weight=28825 16013 12812 4704 11309 8614 7526 4198 3711 993 7040 5844 2055 3256
internal_count=28825 16013 12812 4704 11309 8614 7526 4198 3711 993 7040 5844 2055 3256
is_linear=0
shrinkage=0.05


Tree=24
num_leaves=15
num_cat=0
split_feature=4 4 4 0 1 0 0 0 0 1 1 0 0 0
split_gain=2816.72 719.634 458.539 154.104 134.828 85.6025 84.2015 63.3681 42.5066 40.1132 37.0344 27.62 26.4383 26.1627
threshold=4.0072784301683484 2.8541926456750821 5.6261105738925989 1.7833559100698646 4.8713658868283671 6.4433281168206564 3.6661191964630322 2.3075602584206303 3.7086700666559982 7.3334843760744475 3.2228599096927897 5.1457404573661281 5.1719024357057526 4.6890490276048302
decision_type=2 2 2 8 10 8 10 10 8 8 8 8 10 10
left_child=1 3 4 -1 8 12 10 -5 -2 -7 -3 -6 -4 -10
right_child=2 6 5 7 11 9 -8 -9 13 -11 -12 -13 -14 -15
leaf_value=-0.037222996341196198 -0.0092782281523457327 -0.011503305110867572 0.0051609977294823951 -0.025136885887610969 0.017062593504276573 0.043010502000677457 0.0040972409757843806 -0.014173307854553511 0.0086756712090572258 0.064990480861741057 -0.0040429599402571174 0.026321969664374348 0.031831174848660888 0.016242697030092117
leaf_weight=1884 281 2621 103 3209 1492 783 2370 2254 4612 299 4558 1800 1036 1523
leaf_count=1884 281 2621 103 3209 1492 783 2370 2254 4612 299 4558 1800 1036 1523
internal_value=7.74147e-06 -0.0131248 0.0186075 -0.0248867 0.0139132 0.0390949 -0.00407187 -0.0206202 0.00968743 0.0491932 -0.00676912 0.0221383 0.0294327 0.0105588
internal_weight=28825 16896 11929 7347 9708 2221 9549 5463 6416 1082 7179 3292 1139 6135
internal_count=28825 16896 11929 7347 9708 2221 9549 5463 6416 1082 7179 3292 1139 6135
is_linear=0
shrinkage=0.05


Tree=25
num_leaves=15
num_cat=0
split_feature=4 4 0 1 1 1 0 1 0 0 0 0 0 0
split_gain=2542.63 658.703 412.187 117.714 111.971 98.8349 84.3769 53.0503 38.7596 37.6114 36.2283 32.2547 25.5157 22.9777
threshold=4.0250912062280868 2.7165286338811154 5.4445775410940529 1.7833559100698646 4.8713658868283671 3.4372026496502919 6.6920645005918873 6.6920645005918873 2.947063657109513 1.3986406674150766 3.7086700666559982 2.4069045255497099 4.1759233694141225 7.9422729146206512
decision_type=2 2 10 10 10 10 10 10 8 10 8 10 10 10
left_child=1 3 4 9 10 8 -4 -6 -3 -1 -2 -5 -7 -8
right_child=2 5 6 11 7 12 13 -9 -10 -11 -12 -13 -14 -15
leaf_value=-0.039039397233915807 -0.0086777148481547457 -0.015261022664867738 0.031189652446076854 -0.022391304040508861 0.01954568212533192 0.00025797606264542789 0.049521238155549395 0.055328794648111967 -0.0062413641508458897 -0.026563777727576218 0.0099969865274143702 -0.012521513548634945 0.014652203240470072 0.082198521494865423
leaf_weight=1354 270 1592 1923 2879 3004 3803 457 106 4738 1135 5990 1175 333 66
leaf_count=1354 270 1592 1923 2879 3004 3803 457 106 4738 1135 5990 1175 333 66
internal_value=7.75691e-06 -0.0123689 0.0178229 -0.0248109 0.0130465 -0.00458732 0.0360947 0.0208001 -0.00851392 -0.0333763 0.00918901 -0.0195383 0.00142341 0.0539424
internal_weight=28825 17009 11816 6543 9370 10466 2446 3110 6330 2489 6260 4054 4136 523
internal_count=28825 17009 11816 6543 9370 10466 2446 3110 6330 2489 6260 4054 4136 523
is_linear=0
shrinkage=0.05


Tree=26
num_leaves=15
num_cat=0
split_feature=4 1 1 1 0 0 0 0 0 0 1 0 0 0
split_gain=2297.97 581.257 351.298 132.147 126.838 76.1281 54.0047 47.9399 38.5622 28.7815 26.727 24.6936 24.469 23.3605
threshold=3.4981244086308854 4.9522934739897151 2.2565274485401434 5.8921910571474765 4.1911676024846942 2.7113724724615449 1.3986406674150766 5.1457404573661281 7.9422729146206512 3.8110872974088115 4.266188663370639 5.0782890901091458 3.8522707471507842 6.4068459468534025
decision_type=2 10 8 10 8 8 8 10 10 10 8 8 10 8
left_child=2 4 6 11 12 -4 -1 10 13 -7 -6 -3 -2 -5
right_child=1 3 5 8 7 9 -8 -9 -10 -11 -12 -13 -14 -15
leaf_value=-0.038000035018280712 -0.0028987170498576253 0.013950467369305476 -0.017755678105710559 0.029638483555933588 0.0051742569447362011 -0.0076380562177214206 -0.024401635494663218 0.02605441642198025 0.077656879027684533 0.011747592020158966 0.012144078814649999 0.024189408212926668 0.0043807324368710827 0.043091781345931633
leaf_weight=943 2692 791 2249 551 2099 6052 3372 486 64 196 4014 2427 2018 871
leaf_count=943 2692 791 2249 551 2099 6052 3372 486 64 196 4014 2427 2018 871
internal_value=7.82694e-06 0.012635 -0.0157737 0.0274019 0.00648892 -0.00986973 -0.0273897 0.0109614 0.039741 -0.00702636 0.00975335 0.0216829 0.000220699 0.0379278
internal_weight=28825 16013 12812 4704 11309 8497 4315 6599 1486 6248 6113 3218 4710 1422
internal_count=28825 16013 12812 4704 11309 8497 4315 6599 1486 6248 6113 3218 4710 1422
is_linear=0
shrinkage=0.05


Tree=27
num_leaves=15
num_cat=0
split_feature=4 4 0 0 0 0 1 0 4 1 0 1 0 0
split_gain=2074.46 561.992 331.888 124.28 109.436 71.6308 51.8071 49.3842 48.6473 35.7841 34.6191 23.2905 17.4219 16.2406
threshold=4.0709713820020674 2.8871046419464022 5.6767479380942811 2.0917878479750223 4.7370748728082033 3.8308105972883948 1.0816615128302691 6.8144826469318227 6.4494505373507041 4.3637351621117633 3.2619279743942671 2.4869856548623326 2.5725830935269314 7.9422729146206512
decision_type=2 2 10 10 8 10 8 10 2 8 8 10 10 10
left_child=1 3 4 6 -2 10 -1 -4 9 -6 -3 -8 -5 -9
right_child=2 5 7 12 8 -7 11 13 -10 -11 -12 -13 -14 -15
leaf_value=-0.039776293580015332 0.0066741507387661526 -0.0095128822591643205 0.031370048226246082 -0.016858019448804221 0.0039792982297889527 0.0063456178897514925 -0.025737308753595853 0.046247608613828324 0.044145119199367998 0.017927562999967828 -0.0025957040542112851 -0.013603906489148826 -0.0093486525688769532 0.074516720543889442
leaf_weight=635 4169 2736 1409 1741 510 1700 3336 361 164 4798 5337 457 1406 66
leaf_count=635 4169 2736 1409 1741 510 1700 3336 361 164 4798 5337 457 1406 66
internal_value=7.98138e-06 -0.0109017 0.0164974 -0.0211217 0.0127819 -0.00297744 -0.0265221 0.0359729 0.0174311 0.0165894 -0.00494176 -0.0242834 -0.0135111 0.0509441
internal_weight=28825 17348 11477 7575 9641 9773 4428 1836 5472 5308 8073 3793 3147 427
internal_count=28825 17348 11477 7575 9641 9773 4428 1836 5472 5308 8073 3793 3147 427
is_linear=0
shrinkage=0.05


Tree=28
num_leaves=15
num_cat=0
split_feature=4 1 4 0 0 0 4 4 0 0 1 0 1 0
split_gain=1875.67 477.88 288.381 110.053 105.365 82.8997 41.3106 39.8738 32.1986 28.8843 26.5703 25.769 23.4276 20.1145
threshold=3.4981244086308854 4.9522934739897151 2.1119930939821567 6.1420350931759513 4.1911676024846942 2.6063797390931955 1.0316152463261099 5.8404121608745108 5.2284276452838947 3.0955673711182752 4.220976135012763 7.7888198428626252 6.6920645005918873 3.7086700666559982
decision_type=2 10 2 10 8 8 2 2 8 10 8 10 10 10
left_child=2 4 6 8 13 -4 -1 10 -3 -7 -6 -5 -10 -2
right_child=1 3 5 11 7 9 -8 -9 12 -11 -12 -13 -14 -15
leaf_value=-0.038469900523558635 -0.0041185037431210473 0.014465410833338035 -0.018046452831198902 0.036798231135893228 0.0040657756611691366 -0.0096726355730253812 -0.023764347625464741 0.037253865960786357 0.023151278499303759 -0.003185387526880338 0.011303401615321727 0.064446806360264217 0.046904967204711684 0.0026409284358135197
leaf_weight=571 1749 1305 2158 897 1736 3919 3108 129 2297 3056 4734 96 109 2961
leaf_count=571 1749 1305 2158 897 1736 3919 3108 129 2297 3056 4734 96 109 2961
internal_value=7.97702e-06 0.011416 -0.0142499 0.0248056 0.00584325 -0.00948524 -0.0260664 0.00991963 0.0208289 -0.00683207 0.00936329 0.0395954 0.0242655 0.000130215
internal_weight=28825 16013 12812 4704 11309 9133 3679 6599 3711 6975 6470 993 2406 4710
internal_count=28825 16013 12812 4704 11309 9133 3679 6599 3711 6975 6470 993 2406 4710
is_linear=0
shrinkage=0.05


Tree=29
num_leaves=15
num_cat=0
split_feature=4 4 4 0 0 0 1 0 0 0 0 0 1 0
split_gain=1694.6 494.11 209.798 140.887 94.2872 62.6175 58.9178 36.4956 29.8263 26.6987 25.6563 19.1012 18.7355 16.056
threshold=3.3822039127141452 4.8098289091508102 2.0892027695519579 5.7097610330515662 3.8732800159822234 2.4890560511953486 6.8144826469318227 1.6955735229043272 4.4200439778118819 3.4419873751583672 4.7370748728082033 6.0473610013033996 1.0816615128302691 7.6257855177143679
decision_type=2 2 2 8 8 8 8 10 10 10 10 10 10 8
left_child=2 4 7 10 -2 -4 11 12 -6 -7 -3 -5 -1 -8
right_child=1 3 5 6 8 9 13 -9 -10 -11 -12 -13 -14 -15
leaf_value=-0.035644147087426047 -0.0026732246171366453 0.0046398379442251503 -0.018914770755412074 0.022203788325810103 0.0048472685592433496 -0.0089694308007655446 0.037207546545851532 -0.018879142862232454 0.011562266814813316 0.0035875795448386248 0.016785292085126333 0.032647550523712404 -0.025625021408906559 0.054710148046530474
leaf_weight=750 3790 513 1686 1169 5251 5733 357 1462 2416 456 2921 730 1353 238
leaf_count=750 3790 513 1686 1169 5251 5733 357 1462 2416 456 2921 730 1353 238
internal_value=8.07692e-06 0.009842 -0.0149353 0.0215581 0.00377724 -0.0103751 0.0306036 -0.0249973 0.00696574 -0.00804338 0.0149747 0.0262486 -0.0292286 0.0443684
internal_weight=28825 17385 11440 5928 11457 7875 2494 3565 7667 6189 3434 1899 2103 595
internal_count=28825 17385 11440 5928 11457 7875 2494 3565 7667 6189 3434 1899 2103 595
is_linear=0
shrinkage=0.05


Tree=30
num_leaves=15
num_cat=0
split_feature=4 4 0 0 0 0 4 0 0 1 1 0 4 0
split_gain=1531.36 427.319 242.31 97.2108 81.6602 58.9486 41.2265 38.8854 32.5565 28.6838 28.1244 20.5607 20.3296 14.6935
threshold=4.105758092434602 2.8871046419464022 5.6767479380942811 1.8794359129669858 4.9163179057820896 3.8308105972883948 6.4494505373507041 6.6920645005918873 2.2924837393352866 4.4566674860317592 3.4045196530214903 1.0816615128302691 1.5743549526904725 7.9422729146206512
decision_type=2 2 10 8 8 10 2 10 10 8 10 10 2 10
left_child=1 3 4 11 -2 10 9 -4 12 -6 -3 -1 -5 -9
right_child=2 5 7 8 6 -7 -8 13 -10 -11 -12 -13 -14 -15
leaf_value=-0.034800707626710753 0.0067720211718076051 -0.0069668106966710597 0.026347375558521031 -0.031728102053482615 0.0050219833492926927 0.0056222450351924641 0.041242144783204308 0.039072555032901649 -0.010251138118910604 0.01682567380429446 -0.001072437485047849 -0.023817240613142276 -0.016740936243302248 0.065174065793261807
leaf_weight=571 4986 4399 1313 252 601 1852 156 457 2553 3672 3748 1851 2348 66
leaf_count=571 4986 4399 1313 252 601 1852 156 457 2553 3672 3748 1851 2348 66
internal_value=7.94185e-06 -0.00921284 0.0144098 -0.0181689 0.011165 -0.00242565 0.0161052 0.031019 -0.0142758 0.0151686 -0.00425605 -0.0264332 -0.0182168 0.0426022
internal_weight=28825 17574 11251 7575 9415 9999 4429 1836 5153 4273 8147 2422 2600 523
internal_count=28825 17574 11251 7575 9415 9999 4429 1836 5153 4273 8147 2422 2600 523
is_linear=0
shrinkage=0.05


Tree=31
num_leaves=15
num_cat=0
split_feature=4 4 0 0 0 4 0 0 0 4 0 0 0 0
split_gain=1382.45 403.78 173.691 116.458 77.7869 50.8761 38.4995 35.5793 30.3946 28.9394 25.5917 25.1095 14.6415 13.1011
threshold=3.3822039127141452 4.8098289091508102 2.2565274485401434 5.9467209638572145 3.9150140412669203 1.7086108428038866 5.1457404573661281 2.9729720159030868 1.0816615128302691 7.4400837358345884 7.6257855177143679 4.299323912465062 3.7196327469704804 4.6001450180613412
decision_type=2 2 8 10 8 2 8 10 10 2 10 10 10 10
left_child=2 4 8 6 -2 -4 13 -7 -1 -8 -5 -6 -9 -3
right_child=1 3 5 10 11 7 9 12 -10 -11 -12 -13 -14 -15
leaf_value=-0.032825630548682559 -0.0022867538297507233 0.0011934626746186771 -0.029138581960110883 0.030165733134707808 0.0039024107217358142 -0.010898740177380427 0.018822795646883675 -0.0045198712646431624 -0.020283807875869617 0.058199929385834064 0.053824934260990789 0.009749331335000333 0.011937215921983539 0.012137668562956512
leaf_weight=574 3936 332 303 1195 4327 4679 2665 2493 3250 46 129 3194 141 1561
leaf_count=574 3936 332 303 1195 4327 4679 2665 2493 3250 46 129 3194 141 1561
internal_value=7.82471e-06 0.00889 -0.0134893 0.0194812 0.00340755 -0.00911976 0.0157108 -0.00828258 -0.0221826 0.0195334 0.0325486 0.0063874 -0.00363052 0.0102215
internal_weight=28825 17385 11440 5928 11457 7616 4604 7313 3824 2711 1324 7521 2634 1893
internal_count=28825 17385 11440 5928 11457 7616 4604 7313 3824 2711 1324 7521 2634 1893
is_linear=0
shrinkage=0.05


Tree=32
num_leaves=15
num_cat=0
split_feature=4 1 0 0 0 0 0 0 4 0 1 4 1 0
split_gain=1250.34 349.619 198.711 100.038 56.7436 45.2528 41.5432 37.2228 35.8504 18.3997 18.0537 15.4764 14.9963 12.8673
threshold=4.105758092434602 2.8847851075971023 5.4445775410940529 2.2924837393352866 4.7370748728082033 6.6920645005918873 3.8522707471507842 1.6955735229043272 5.9773550455456119 3.3516554025502061 4.3637351621117633 1.0316152463261099 7.3822723622443664 2.947063657109513
decision_type=2 10 10 10 8 10 10 8 2 8 8 2 8 10
left_child=1 3 4 7 -2 -4 9 -1 10 -3 -6 -9 -10 -5
right_child=2 6 5 13 8 -7 -8 11 12 -11 -12 -13 -14 -15
leaf_value=-0.026224475816558786 0.0050990611891119919 -0.0063610285862707519 0.022039311151242524 -0.010952960722969578 0.0027898249974076601 0.038698706950460161 0.0055091129226758871 -0.038169995366140852 0.024775811103861591 -0.0012211694902903259 0.013207634298689895 -0.016533148203113465 0.055095285326242451 -0.0042061398412792479
leaf_weight=1646 3985 2787 1920 2270 464 523 1700 84 194 4638 4112 3418 53 1031
leaf_count=1646 3985 2787 1920 2270 464 523 1700 84 194 4638 4112 3418 53 1031
internal_value=7.78031e-06 -0.00832411 0.0130213 -0.0156519 0.00951788 0.0256345 -0.00153727 -0.0200085 0.0131653 -0.00315163 0.012153 -0.0170736 0.0316719 -0.00884955
internal_weight=28825 17574 11251 8449 8808 2443 9125 5148 4823 7425 4576 3502 247 3301
internal_count=28825 17574 11251 8449 8808 2443 9125 5148 4823 7425 4576 3502 247 3301
is_linear=0
shrinkage=0.05


Tree=33
num_leaves=15
num_cat=0
split_feature=4 4 0 1 0 0 4 0 0 1 1 0 0 0
split_gain=1128.66 315.722 180.424 74.9668 60.7525 44.6349 32.4276 31.1175 26.5161 21.9091 17.9849 17.4849 16.2998 11.8419
threshold=4.105758092434602 2.8871046419464022 5.6419007834884924 1.7833559100698646 4.8563178580693975 3.6136133369616634 7.4400837358345884 7.0071430020149554 2.4069045255497099 4.4438263451627948 3.1376634167284494 4.220976135012763 1.0816615128302691 3.7086700666559982
decision_type=2 2 10 8 8 10 2 10 10 8 8 10 10 10
left_child=1 3 4 12 13 10 9 -4 -5 -6 -3 -7 -1 -2
right_child=2 5 7 8 6 11 -8 -9 -10 -11 -12 -13 -14 -15
leaf_value=-0.029011377761767976 -0.0052361908460948244 -0.0083567225751357537 0.023543582604438368 -0.015108615541282903 0.0040974331205371394 0.0012719978805588938 0.056853020719664041 0.041012270054028882 -0.0078275087415302629 0.014442420461926023 -0.0027059286631919898 0.011702934639809322 -0.019958712902285857 0.0060675841359322386
leaf_weight=841 243 1986 1591 3475 588 2704 41 308 1965 4051 4839 470 1294 4429
leaf_count=841 243 1986 1591 3475 588 2704 41 308 1965 4051 4839 470 1294 4429
internal_value=7.61168e-06 -0.00790847 0.0123717 -0.0156068 0.00951463 -0.00207447 0.0135406 0.026417 -0.0124824 0.0131335 -0.00435221 0.00282299 -0.0235485 0.00547766
internal_weight=28825 17574 11251 7575 9352 9999 4680 1899 5440 4639 6825 3174 2135 4672
internal_count=28825 17574 11251 7575 9352 9999 4680 1899 5440 4639 6825 3174 2135 4672
is_linear=0
shrinkage=0.05


Tree=34
num_leaves=15
num_cat=0
split_feature=4 1 0 1 0 0 0 4 0 0 0 0 0 1
split_gain=1020 302.099 130.948 77.3807 61.5231 46.5932 30.6016 22.0359 19.0972 19.0564 17.5859 15.9453 15.8875 14.8658
threshold=3.3822039127141452 4.9522934739897151 1.9530024665512917 4.0526537577525756 6.1420350931759513 2.8958966759894573 5.1457404573661281 1.5743549526904725 5.3936172156671276 3.9655633231297664 7.9422729146206512 4.4200439778118819 1.0816615128302691 3.0492618097006954
decision_type=2 10 8 8 10 10 10 2 8 10 10 8 10 10
left_child=2 3 12 9 8 7 11 -4 -3 13 -6 -5 -1 -2
right_child=1 4 5 6 10 -7 -8 -9 -10 -11 -12 -13 -14 -15
leaf_value=-0.028517994497411159 -0.013908008237465068 0.011461508413810766 -0.025718465661425962 0.0034200061987348981 0.027652061862806526 -0.0034760985542172749 0.019784710094409786 -0.010532592082011008 0.018709085691510082 0.0053514722758382658 0.054883751047380053 0.0083907125789784501 -0.019082979503200079 -0.0014390029746458844
leaf_weight=574 251 1656 249 2832 929 2966 445 5461 2055 1044 64 3761 2190 4348
leaf_count=574 251 1656 249 2832 929 2966 445 5461 2055 1044 64 3761 2190 4348
internal_value=7.4767e-06 0.00763695 -0.0115861 0.00362135 0.018456 -0.00856326 0.00711794 -0.0112036 0.0154828 -0.000740611 0.029514 0.00625725 -0.0210616 -0.00212527
internal_weight=28825 17385 11440 12681 4704 8676 7038 5710 3711 5643 993 6593 2764 4599
internal_count=28825 17385 11440 12681 4704 8676 7038 5710 3711 5643 993 6593 2764 4599
is_linear=0
shrinkage=0.05


Tree=35
num_leaves=15
num_cat=0
split_feature=4 1 0 0 1 4 2 0 0 0 0 1 0 0
split_gain=920.867 275.189 117.614 72.2137 56.2946 35.4672 26.5614 24.3104 22.3011 21.957 21.5634 12.7834 12.0573 11.3536
threshold=3.3732407445044932 4.9522934739897151 2.2565274485401434 3.9655633231297664 5.8921910571474765 1.7086108428038866 6.6227354397820148 2.9729720159030868 4.6467889852731199 1.3986406674150766 6.8596127015130612 2.8390613639378119 5.5284320939236 3.7196327469704804
decision_type=2 10 8 8 10 2 10 10 10 10 8 8 10 10
left_child=2 3 9 11 12 -4 8 -7 -5 -1 -6 -2 -3 -9
right_child=1 4 5 6 10 7 -8 13 -10 -11 -12 -13 -14 -15
leaf_value=-0.024427114098751875 -0.019023486550725565 0.012019968426871244 -0.024168241222037888 0.0043732054661600123 0.02062542742596836 -0.008897099291323235 0.04185613592585119 -0.0036074580904170393 0.010244547061582999 -0.015885380435539661 0.033072846448522507 -0.001207658191992823 0.019132564497534019 0.011244857787182008
leaf_weight=1047 101 2416 303 5898 898 4656 50 2411 2230 2776 588 4515 802 134
leaf_count=1047 101 2416 303 5898 898 4656 50 2411 2230 2776 588 4515 802 134
internal_value=7.26581e-06 0.00719729 -0.0110992 0.00339402 0.0175356 -0.0074593 0.00621568 -0.00674971 0.00598619 -0.0182362 0.0255886 -0.00160555 0.0138034 -0.00281723
internal_weight=28825 17498 11327 12794 4704 7504 8178 7201 8128 3823 1486 4616 3218 2545
internal_count=28825 17498 11327 12794 4704 7504 8178 7201 8128 3823 1486 4616 3218 2545
is_linear=0
shrinkage=0.05


Tree=36
num_leaves=15
num_cat=0
split_feature=4 1 0 0 0 0 4 0 0 1 0 4 0 0
split_gain=832.931 251.533 128.495 68.6519 46.3961 31.2734 27.7412 26.0675 23.7543 15.9485 13.1586 11.935 11.5773 10.4962
threshold=4.1754356101802061 2.8847851075971023 5.6767479380942811 2.2924837393352866 5.0482508694344137 3.8110872974088115 6.532090926064515 1.6955735229043272 6.6920645005918873 4.5674634663431553 3.4307509472323381 1.0316152463261099 8.1463143529809319 4.4438263451627948
decision_type=2 10 10 10 8 10 2 8 10 8 8 2 10 10
left_child=1 3 4 7 -2 10 9 -1 -4 -6 -3 -9 -10 -7
right_child=2 5 8 -5 6 13 -8 11 12 -11 -12 -13 -14 -15
leaf_value=-0.021654838453020419 0.0055435174033787431 -0.0050173359350128609 0.019389057396760587 -0.0072272145599553686 0.0043299510155100076 0.0029729318851739756 0.03474461873294786 -0.032509299182484665 0.029560160239937735 0.01348524275615804 -0.00072946721311775242 -0.013526922955833728 0.05646769065172115 0.014441808446561203
leaf_weight=1646 5328 3192 1313 3321 571 2075 138 84 478 2922 4070 3423 45 219
leaf_count=1646 5328 3192 1313 3321 571 2075 138 84 478 2922 4070 3423 45 219
internal_value=7.09453e-06 -0.00656932 0.0109903 -0.0128396 0.00851725 -0.00100746 0.0128754 -0.0164525 0.0230356 0.011992 -0.00261506 -0.0139999 0.0320816 0.00407945
internal_weight=28825 18030 10795 8474 8959 9556 3631 5153 1836 3493 7262 3507 523 2294
internal_count=28825 18030 10795 8474 8959 9556 3631 5153 1836 3493 7262 3507 523 2294
is_linear=0
shrinkage=0.05


Tree=37
num_leaves=15
num_cat=0
split_feature=4 1 1 1 0 0 0 0 1 0 0 0 0 1
split_gain=752.204 225.021 97.0414 60.9427 47.0376 32.837 24.0982 18.3558 14.9978 14.9351 14.2649 14.0204 12.9712 12.6258
threshold=3.3732407445044932 4.9522934739897151 2.0731521505764063 4.0526537577525756 6.1771131179264165 2.5725830935269314 5.1998763424853669 1.3986406674150766 6.6920645005918873 3.9655633231297664 3.4419873751583672 7.9422729146206512 4.4438263451627948 3.0492618097006954
decision_type=2 10 8 8 10 8 10 10 10 10 10 10 8 10
left_child=2 3 7 9 8 -4 12 -1 -3 13 -7 -6 -5 -2
right_child=1 4 5 6 11 10 -8 -9 -10 -11 -12 -13 -14 -15
leaf_value=-0.02149117328421879 -0.012619722320143674 0.012707133197933243 -0.011943942221399309 0.002965176680715905 0.02397530625813803 -0.0056650797587193555 0.018755346810373153 -0.013950764140550518 0.030686272231261594 0.0046496925103931682 0.0038597209049028589 0.048289050319881149 0.0074169832223158361 -0.0013236865904530737
leaf_weight=1430 260 3617 2391 2877 904 5179 360 1903 119 1045 424 64 3805 4447
leaf_count=1430 260 3617 2391 2877 904 5179 360 1903 119 1045 424 64 3805 4447
internal_value=7.08765e-06 0.00650539 -0.0100309 0.00306622 0.015854 -0.00703957 0.00618436 -0.0171969 0.0132959 -0.000752037 -0.00494318 0.0256791 0.00550168 -0.00195274
internal_weight=28825 17498 11327 12794 4704 7994 7042 3333 3736 5752 5603 968 6682 4707
internal_count=28825 17498 11327 12794 4704 7994 7042 3333 3736 5752 5603 968 6682 4707
is_linear=0
shrinkage=0.05


Tree=38
num_leaves=15
num_cat=0
split_feature=4 0 0 1 0 1 0 0 4 0 0 1 0 0
split_gain=678.968 203.888 89.6218 64.2876 41.0328 34.3922 32.4904 15.4693 15.3673 12.9728 12.2359 11.4537 10.4815 10.2797
threshold=3.3732407445044932 5.0782890901091458 1.9530024665512917 4.0526537577525756 6.6764533414409923 5.8921910571474765 2.827296115232715 4.6001450180613412 1.1704550297448082 3.9655633231297664 1.0816615128302691 3.1157326077443077 3.5807334159313826 8.1463143529809319
decision_type=2 10 8 8 10 10 10 8 2 10 10 10 10 10
left_child=2 3 10 9 -3 7 8 -5 -4 11 -1 -2 -8 -6
right_child=1 4 6 5 13 -7 12 -9 -10 -11 -12 -13 -14 -15
leaf_value=-0.023900972166083473 -0.011429123173002154 0.014079426942080942 -0.028016055306129231 0.0032528908733213766 0.026354028813444709 0.024278648307948722 -0.0039274926428842045 0.0077598102067373206 -0.0090039732893639531 0.0044255931064601404 -0.015625912357116609 -0.0012196327772358894 0.0060703246639402806 0.051484160220369383
leaf_weight=573 291 3321 107 3656 540 253 2942 3982 5229 994 2190 4416 286 45
leaf_count=573 291 3321 107 3656 540 253 2942 3982 5229 994 2190 4416 286 45
internal_value=7.03267e-06 0.00618089 -0.00952978 0.00328645 0.0162461 0.00620869 -0.00700068 0.00560395 -0.00939557 -0.000759106 -0.0173581 -0.0018554 -0.00303848 0.0284559
internal_weight=28825 17498 11327 13592 3906 7891 8564 7638 5336 5701 2763 4707 3228 585
internal_count=28825 17498 11327 13592 3906 7891 8564 7638 5336 5701 2763 4707 3228 585
is_linear=0
shrinkage=0.05


Tree=39
num_leaves=15
num_cat=0
split_feature=4 1 1 0 1 0 0 0 0 1 4 0 4 6
split_gain=612.879 184.834 81.1827 62.0234 30.7331 29.1937 20.2421 14.7603 13.1458 11.6998 11.1991 10.0545 9.75431 11.5814
threshold=3.3732407445044932 5.1957269410780187 2.2924837393352866 4.220976135012763 6.8144826469318227 1.8794359129669858 5.0205801788306017 2.9729720159030868 5.8921910571474765 3.7853247081855312 0.89367581038681776 7.9105485573585961 4.5095460675543357 7.9710842630688754
decision_type=2 10 10 8 10 10 10 8 10 10 2 8 2 8
left_child=2 3 5 9 8 10 12 -4 -3 -2 -1 -6 13 -5
right_child=1 4 7 6 11 -7 -8 -9 -10 -11 -12 -13 -14 -15
leaf_value=-0.024069115343607134 -0.0024279460739661933 0.012053817378242286 -0.0079191112621057169 0.0060402510908726384 0.022688870207849803 -0.0088709337879671786 0.012247452189934376 -0.0030773498285404169 0.019241971499364203 0.0020212093335379515 -0.015527266886096855 0.038868497130872849 0.0070715531508748226 0.00019020537917821475
leaf_weight=457 3508 2259 2911 1762 330 1867 1170 3434 898 2550 2658 145 3250 1626
leaf_count=457 3508 2259 2911 1762 330 1867 1170 3434 898 2550 2658 145 3250 1626
internal_value=6.8357e-06 0.00587253 -0.00905395 0.00324138 0.0159102 -0.0138303 0.00618635 -0.00530048 0.0141094 -0.00055511 -0.0167951 0.0277702 0.00511466 0.00323441
internal_weight=28825 17498 11327 13866 3632 4982 7808 6345 3157 6058 3115 475 6638 3388
internal_count=28825 17498 11327 13866 3632 4982 7808 6345 3157 6058 3115 475 6638 3388
is_linear=0
shrinkage=0.05


Tree=40
num_leaves=15
num_cat=0
split_feature=4 0 0 1 0 1 4 0 0 0 0 1 0 0
split_gain=553.217 166.904 74.5733 57.2851 30.9543 25.1965 24.3511 16.5682 15.2763 14.6244 13.4289 10.7899 8.84415 8.79681
threshold=3.3732407445044932 5.1457404573661281 2.2565274485401434 4.220976135012763 6.6764533414409923 5.8921910571474765 1.6147403634607191 2.9729720159030868 3.9655633231297664 1.0816615128302691 4.6001450180613412 3.1591235665908397 3.7506791646028486 8.1463143529809319
decision_type=2 10 8 8 10 10 2 10 10 10 8 10 10 10
left_child=2 3 9 8 -3 10 -4 -8 11 -1 -5 -2 -9 -6
right_child=1 4 6 5 13 -7 7 12 -10 -11 -12 -13 -14 -15
leaf_value=-0.021668707408091945 -0.010225849736361908 0.013279494192459482 -0.020989878710344554 0.0029789234913124127 0.023981656586902555 0.021546288466426033 -0.0069272859363910992 -0.0025775087501690667 0.0039564590808315609 -0.012970323482697554 0.0074907368598255558 -0.00086651161112436903 0.011221260667328158 0.047207966748070207
leaf_weight=573 327 2859 250 2729 540 259 4709 2425 1736 3250 4182 4821 120 45
leaf_count=573 327 2859 250 2729 540 259 4709 2425 1736 3250 4182 4821 120 45
internal_value=6.69696e-06 0.00557958 -0.00860178 0.00316115 0.0154409 0.00628838 -0.00570351 -0.00517104 -9.6887e-05 -0.0142847 0.0057105 -0.00146476 -0.00191858 0.0259231
internal_weight=28825 17498 11327 14054 3444 7170 7504 7254 6884 3823 6911 5148 2545 585
internal_count=28825 17498 11327 14054 3444 7170 7504 7254 6884 3823 6911 5148 2545 585
is_linear=0
shrinkage=0.05


Tree=41
num_leaves=15
num_cat=0
split_feature=4 1 0 0 0 0 2 5 0 4 0 3 1 0
split_gain=499.36 151.481 67.5397 51.3101 26.2119 25.4307 17.9096 15.2036 12.9894 11.4795 10.2452 11.6958 10.0855 9.76088
threshold=3.3732407445044932 5.1957269410780187 1.9530024665512917 4.220976135012763 5.8921910571474765 2.6426160634996907 6.6227354397820148 5.4350988752582339 4.6890490276048302 1.1704550297448082 3.5130357529000902 4.5981410073625719 3.240635401824949 3.5807334159313826
decision_type=2 10 8 8 8 10 10 2 10 2 10 10 10 10
left_child=2 3 -1 10 -3 9 8 -6 -5 -4 11 -2 -11 -7
right_child=1 4 5 6 7 13 -8 -9 -10 12 -12 -13 -14 -15
leaf_value=-0.014967898284460011 -0.0025701329750274482 0.010202898777726465 -0.024611535456475861 0.0038077745285979379 0.015840353773395086 -0.0037645944028828551 0.035149913587534401 0.026282003799649546 0.0080314011319869739 -0.0088018399550322569 0.00083344079423075643 -0.018592345211836205 0.00051888714560788056 0.0057913903653065467
leaf_weight=2763 1737 1851 107 4833 1294 3743 49 487 2926 4116 4201 120 312 286
leaf_count=2763 1737 1851 107 4833 1294 3743 49 487 2926 4116 4201 120 312 286
internal_value=6.55441e-06 0.00530122 -0.00817216 0.00291927 0.0143883 -0.00597667 0.00559785 0.0187218 0.00540221 -0.00854435 -0.000533791 -0.00362438 -0.00814516 -0.00308372
internal_weight=28825 17498 11327 13866 3632 8564 7808 1781 7759 4535 6058 1857 4428 4029
internal_count=28825 17498 11327 13866 3632 8564 7808 1781 7759 4535 6058 1857 4428 4029
is_linear=0
shrinkage=0.05


Tree=42
num_leaves=15
num_cat=0
split_feature=4 1 0 0 2 1 0 1 0 0 0 5 0 0
split_gain=451.847 148.498 74.1556 39.6711 34.904 23.8783 19.2755 15.6865 11.7289 10.7087 8.76209 9.48813 8.74134 8.06832
threshold=4.2023404814205838 2.8847851075971023 5.1998763424853669 2.2924837393352866 7.0071430020149554 4.5674634663431553 3.8522707471507842 1.0816615128302691 5.8921910571474765 8.1463143529809319 4.5674634663431553 3.6152530518735158 3.4307509472323381 1.7137573449897647
decision_type=2 10 8 10 10 8 10 8 10 8 10 2 8 8
left_child=1 3 10 7 5 -4 12 -1 -7 -6 11 -2 -3 -9
right_child=2 6 4 -5 9 8 -8 13 -10 -11 -12 -13 -14 -15
leaf_value=-0.019685192263645939 0.00413111539580593 -0.0037249849908869274 0.0016897235627010771 -0.0053384744151312195 0.022870400652902412 0.011331672647750561 0.0036228603436140937 -0.01460421765185799 0.017459087711088405 0.043743448021511241 0.0062354072792712113 -0.0027464352277351304 -0.00029348435729631487 -0.0099254972441339701
leaf_weight=639 1944 3195 518 3335 235 2687 2153 1315 1117 88 3301 674 4425 3199
leaf_count=639 1944 3195 518 3335 235 2687 2153 1315 1117 88 3301 674 4425 3199
internal_value=6.3417e-06 -0.0047549 0.008236 -0.00959222 0.0129639 0.0117683 -0.000552508 -0.0123421 0.0131391 0.0287914 0.00452257 0.00235976 -0.00173288 -0.0112943
internal_weight=28825 18261 10564 8488 4645 4322 9773 5153 3804 323 5919 2618 7620 4514
internal_count=28825 18261 10564 8488 4645 4322 9773 5153 3804 323 5919 2618 7620 4514
is_linear=0
shrinkage=0.05


Tree=43
num_leaves=15
num_cat=0
split_feature=1 1 1 0 0 0 0 0 4 5 0 4 0 1
split_gain=408.58 107.762 79.1784 40.8728 20.1559 19.7832 18.2286 15.2686 15.0538 9.88366 8.22134 8.06145 7.31701 7.17328
threshold=3.7853247081855312 2.4466760667407619 5.5284320939236 4.1759233694141225 3.0492618097006954 5.0482508694344137 1.7137573449897647 6.4800433857425004 4.8585208560252298 5.4350988752582339 5.705446369702539 3.755859811508055 4.4438263451627948 1.0816615128302691
decision_type=10 8 10 10 8 10 10 8 2 2 10 2 8 10
left_child=1 6 5 4 -3 12 13 -4 -6 -9 11 -5 -2 -1
right_child=2 3 7 10 8 -7 -8 9 -10 -11 -12 -13 -14 -15
leaf_value=-0.018973599898219111 0.0023025688747761518 -0.0063886181197838864 0.011523423525489282 0.021440855188411663 -0.0019152158441215481 0.0097376331685528478 -0.0083241763898672921 0.015229025827057869 0.025352636954801923 0.02534392193151884 0.021301576290612245 0.0044499005395268231 0.0052481308498615736 -0.012712398591696065
leaf_weight=623 3967 3463 1351 78 6855 1730 2656 567 49 441 110 565 4511 1859
leaf_count=623 3967 3463 1351 78 6855 1730 2656 567 49 441 110 565 4511 1859
internal_value=6.21458e-06 -0.00522718 0.00677645 -0.00245928 -0.00327671 0.00486673 -0.0112144 0.0150292 -0.0017144 0.0196957 0.00877369 0.0065711 0.00387072 -0.014298
internal_weight=28825 16258 12567 11120 10367 10208 5138 2359 6904 1008 753 643 8478 2482
internal_count=28825 16258 12567 11120 10367 10208 5138 2359 6904 1008 753 643 8478 2482
is_linear=0
shrinkage=0.05


Tree=44
num_leaves=15
num_cat=0
split_feature=1 1 1 4 0 0 0 0 1 3 1 0 0 0
split_gain=368.769 97.2872 71.7155 37.1628 21.374 19.9967 16.4722 14.6858 12.1198 11.4556 10.0656 9.64969 9.31838 7.23574
threshold=3.7853247081855312 2.4466760667407619 5.1957269410780187 4.7291929724237436 3.2619279743942671 5.8043791177364872 1.6955735229043272 6.257665752909146 7.4448161943037015 4.5981410073625719 4.5674634663431553 8.2230680412340238 2.35611462914075 5.4445775410940529
decision_type=10 8 10 2 10 8 10 8 10 10 10 8 8 10
left_child=1 6 10 4 9 -4 -1 -5 -7 12 -2 -10 -3 -12
right_child=2 3 5 7 -6 8 -8 -9 11 -11 13 -13 -14 -15
leaf_value=-0.013798535912948051 0.0026835712999506308 -0.010754573996003438 0.0084587856707478166 0.0067439003300424601 -0.00017204467950800316 0.014514436089959518 -0.0080924262852283008 0.028289145641148563 0.019667624070370288 -0.02515955443137928 0.00569495777089442 0.043911476150969977 -0.0039222750950408418 0.018317042952561279
leaf_weight=2303 5446 545 1732 311 4286 1703 2835 105 135 66 3373 62 5807 116
leaf_count=2303 5446 545 1732 311 4286 1703 2835 105 135 66 3373 62 5807 116
internal_value=6.22862e-06 -0.00496568 0.00643818 -0.00233574 -0.00290639 0.0123609 -0.0106544 0.0122913 0.0159053 -0.00473179 0.00402842 0.0276623 -0.00451169 0.00612486
internal_weight=28825 16258 12567 11120 10704 3632 5138 416 1900 6418 8935 197 6352 3489
internal_count=28825 16258 12567 11120 10704 3632 5138 416 1900 6418 8935 197 6352 3489
is_linear=0
shrinkage=0.05


Tree=45
num_leaves=15
num_cat=0
split_feature=4 0 0 1 0 1 1 0 0 5 0 3 0 1
split_gain=333.49 108.007 45.6259 35.6945 22.3727 20.8762 19.5157 10.2642 8.63909 7.59436 7.06925 6.64604 6.55829 6.46675
threshold=3.3166673891788245 5.0782890901091458 2.5297127291328443 3.8522707471507842 6.6764533414409923 1.7833559100698646 6.257665752909146 4.4438263451627948 3.4419873751583672 3.8806539155765027 1.0816615128302691 5.2284276452838947 8.1463143529809319 3.240635401824949
decision_type=2 10 10 8 10 10 10 8 10 2 10 10 10 10
left_child=2 3 5 9 -3 10 7 11 -4 -2 -1 -5 -6 -7
right_child=1 4 8 6 12 13 -8 -9 -10 -11 -12 -13 -14 -15
leaf_value=-0.016526583479797612 -0.0010321757309585619 0.0099161117315494374 -0.0035833688274281212 0.0021402031966713331 0.0188669747002164 -0.0078580350067669509 0.020401381747139419 0.0051477388347313767 0.0048315907567542532 -0.014754815224232604 -0.011012545374952484 -0.0091042852573617206 0.038829919227220594 0.00082184103338910042
leaf_weight=981 4808 3321 3921 3934 540 3811 175 5007 329 101 1491 134 45 227
leaf_count=981 4808 3321 3921 3934 540 3811 175 5007 329 101 1491 134 45 227
internal_value=6.21684e-06 0.00415671 -0.00696154 0.00212536 0.0115154 -0.00959181 0.00395393 0.00363233 -0.00292999 -0.00132041 -0.0132124 0.00176552 0.0205297 -0.00736992
internal_weight=28825 18065 10760 14159 3906 6510 9250 9075 4250 4909 2472 4068 585 4038
internal_count=28825 18065 10760 14159 3906 6510 9250 9075 4250 4909 2472 4068 585 4038
is_linear=0
shrinkage=0.05


Tree=46
num_leaves=15
num_cat=0
split_feature=4 1 0 0 2 1 0 1 0 4 0 0 5 5
split_gain=302.078 101.827 52.0037 27.4408 25.2896 17.7374 14.2313 9.72328 8.79978 8.77936 8.72477 8.26379 7.91977 7.47218
threshold=4.2023404814205838 2.8847851075971023 5.1998763424853669 1.9530024665512917 7.0071430020149554 4.5674634663431553 4.1759233694141225 1.011435595095721 3.4307509472323381 3.7419086245301236 8.2230680412340238 6.0473610013033996 5.2343551651522633 4.4964301412245531
decision_type=2 10 8 10 10 8 10 8 8 2 8 10 2 2
left_child=1 3 12 7 5 13 8 -1 -3 -8 -6 -7 -2 -4
right_child=2 6 4 -5 10 11 9 -9 -10 -11 -12 -13 -14 -15
leaf_value=-0.016715819194923705 0.0038803979421600902 -0.0030729039923663957 0.002758142627903908 -0.0051414922365303909 0.019089373576343674 0.0095446041400808323 0.019777407735704865 -0.009813056643960814 0.00019358856696938148 0.0040109100798203226 0.038273277226835489 0.01504790635114976 -0.0094358576586257605 -0.019235973064565943
leaf_weight=602 5807 3195 478 4389 241 2901 100 3497 5806 672 82 903 112 40
leaf_count=602 5807 3195 478 4389 241 2901 100 3497 5806 672 82 903 112 40
internal_value=6.03464e-06 -0.00388696 0.00673496 -0.00789264 0.0106942 0.00967677 -0.000407065 -0.0108345 -0.000966313 0.00609903 0.0241651 0.0108582 0.00362532 0.000992303
internal_weight=28825 18261 10564 8488 4645 4322 9773 4099 9001 772 323 3804 5919 518
internal_count=28825 18261 10564 8488 4645 4322 9773 4099 9001 772 323 3804 5919 518
is_linear=0
shrinkage=0.05


Tree=47
num_leaves=15
num_cat=0
split_feature=1 1 1 0 0 0 0 4 1 0 9 2 3 1
split_gain=273.116 72.9398 53.4706 29.4953 14.721 13.5787 12.4921 11.5777 11.5701 8.37371 6.9801 7.03897 6.59534 6.21184
threshold=3.7853247081855312 2.4466760667407619 5.5284320939236 4.1759233694141225 3.1157326077443077 5.0205801788306017 1.8794359129669858 4.8585208560252298 7.9105485573585961 6.0473610013033996 262.50000000000006 1.6193392260821904 5.6767479380942811 4.5674634663431553
decision_type=10 8 10 10 8 10 10 2 10 8 2 8 10 10
left_child=1 6 5 4 -3 12 -1 10 9 -4 11 -6 13 -2
right_child=2 3 8 -5 7 -7 -8 -9 -10 -11 -12 -13 -14 -15
leaf_value=-0.011261460923910276 0.002298850401655127 -0.0052441460550710327 0.0081271875676662744 0.0075465707297996606 -0.021781259026054458 0.0079628799552108609 -0.006239943131900196 0.022434296758443703 0.030745822649045164 0.014283157627215574 0.0017040982316119193 -0.0021310223153868297 -0.0072252302566259505 0.0051511141626000324
leaf_weight=3024 5314 3652 981 753 44 1762 2114 49 81 1297 1366 5256 149 2983
leaf_count=3024 5314 3652 981 753 44 1762 2114 49 81 1297 1366 5256 149 2983
internal_value=5.90344e-06 -0.00427287 0.00554117 -0.00199568 -0.0026901 0.00397182 -0.00919862 -0.00129991 0.0123231 0.0116416 -0.00148105 -0.00230231 0.00313752 0.00332531
internal_weight=28825 16258 12567 11120 10367 10208 5138 6715 2359 2278 6666 5300 8446 8297
internal_count=28825 16258 12567 11120 10367 10208 5138 6715 2359 2278 6666 5300 8446 8297
is_linear=0
shrinkage=0.05


Tree=48
num_leaves=15
num_cat=0
split_feature=1 1 0 0 0 1 0 4 0 0 3 9 2 9
split_gain=246.612 68.5728 47.8395 25.1764 14.4954 14.2063 11.4874 11.3332 10.0105 9.54342 8.38361 6.91533 6.81741 6.42659
threshold=3.8522707471507842 2.4466760667407619 5.4445775410940529 4.1533965481246957 3.2228599096927897 6.6920645005918873 1.6955735229043272 4.8585208560252298 4.6467889852731199 7.6257855177143679 4.4566674860317592 262.50000000000006 1.6193392260821904 258.50000000000006
decision_type=10 8 10 10 8 10 10 2 8 10 10 2 8 2
left_child=1 6 5 4 10 8 -1 11 -2 -4 -3 12 -6 -8
right_child=2 3 9 -5 7 -7 13 -9 -10 -11 -12 -13 -14 -15
leaf_value=-0.011364450414030947 0.0020347679138354308 -0.0045027059393182292 0.011164189691674875 0.0065984294714873555 -0.021370606797022951 0.021961166161215968 -0.0078702850112835152 0.022745117951184515 0.0052467991176244405 0.025512433229314704 -0.026717411514458268 0.0020255036138464625 -0.001818771845326002 -0.0021330561832762465
leaf_weight=2303 4632 4171 2161 827 43 106 2206 48 5100 122 41 1353 5083 629
leaf_count=2303 4632 4171 2161 827 43 106 2206 48 5100 122 41 1353 5083 629
internal_value=5.76911e-06 -0.00393364 0.00543444 -0.00179779 -0.00244549 0.00391972 -0.00873903 -0.000969263 0.00371875 0.0119526 -0.00473152 -0.00115192 -0.00199106 -0.00659977
internal_weight=28825 16704 12121 11566 10739 9838 5138 6527 9732 2283 4212 6479 5126 2835
internal_count=28825 16704 12121 11566 10739 9838 5138 6527 9732 2283 4212 6479 5126 2835
is_linear=0
shrinkage=0.05


Tree=49
num_leaves=15
num_cat=0
split_feature=1 0 1 0 4 0 4 0 9 1 1 0 0 3
split_gain=222.63 60.8365 44.0589 23.6702 15.4644 13.4885 10.5823 9.32468 7.88283 8.65444 7.84819 7.68006 6.70377 6.36819
threshold=3.7853247081855312 2.5610883344145821 5.1957269410780187 4.1533965481246957 1.6147403634607191 5.8043791177364872 5.0264721881469931 1.6955735229043272 262.50000000000006 2.8650498914867879 7.4448161943037015 8.2949240625415008 4.6467889852731199 5.3082554435504319
decision_type=10 8 10 10 2 8 2 10 2 8 10 8 10 10
left_child=1 7 12 4 -3 -4 8 -1 9 -6 -7 -12 13 -2
right_child=2 3 5 -5 6 10 -8 -9 -10 -11 11 -13 -14 -15
leaf_value=-0.011600895145633068 0.0024929826291375263 -0.014760849504236251 0.0064417918988352394 0.0064693889724098137 -0.0055850051253455782 0.011437183663413227 0.022274425858631732 -0.0069627780173947568 0.00043281315232794712 -0.0019860279868550205 0.015494150352767772 0.037713013053463224 0.0052180130852829791 -0.0071042573666121565
leaf_weight=1671 6100 249 1732 789 2322 1703 42 3130 2100 5955 142 55 2659 176
leaf_count=1671 6100 249 1732 789 2322 1703 42 3130 2100 5955 142 55 2659 176
internal_value=5.55528e-06 -0.00385756 0.0050031 -0.00187697 -0.00249536 0.00964537 -0.00219945 -0.00858124 -0.00230278 -0.00299678 0.0125558 0.0220141 0.00311433 0.00222167
internal_weight=28825 16258 12567 11457 10668 3632 10419 4801 10377 8277 1900 197 8935 6276
internal_count=28825 16258 12567 11457 10668 3632 10419 4801 10377 8277 1900 197 8935 6276
is_linear=0
shrinkage=0.05


Tree=50
num_leaves=15
num_cat=0
split_feature=1 0 0 4 0 4 1 0 0 0 7 1 0 3
split_gain=201.217 57.1092 39.8759 21.6102 17.092 11.9598 11.5362 8.71943 8.44701 7.84243 7.68497 10.2358 7.92557 6.47994
threshold=3.8522707471507842 2.5297127291328443 5.5214529177982463 5.8404121608745108 3.4307509472323381 1.6147403634607191 6.6920645005918873 4.5674634663431553 1.0816615128302691 7.7888198428626252 5.5000000000000009 3.0492618097006954 4.299323912465062 3.9806153609893591
decision_type=10 8 10 2 10 2 10 8 10 10 2 8 10 10
left_child=1 8 6 4 5 -3 7 -2 -1 -4 12 -12 -6 -7
right_child=2 3 9 -5 10 13 -8 -9 -10 -11 11 -13 -14 -15
leaf_value=-0.013848949970184444 0.0016695001357473185 -0.014028687973330968 0.010403760880742871 0.020776674260367764 0.00043681417682012424 -0.0025983111146111529 0.019758059384104788 0.0046768972400679145 -0.007382583037119049 0.024970837134145659 -0.026165880393236876 -0.0026773404848029637 0.0070443445035600627 -0.0095332375048997817
leaf_weight=576 4205 249 2058 104 3233 7103 107 5655 4208 96 53 300 526 352
leaf_count=576 4205 249 2058 104 3233 7103 107 5655 4208 96 53 300 526 352
internal_value=5.48558e-06 -0.00355293 0.00490912 -0.0017002 -0.00190152 -0.00329055 0.00357452 0.00339493 -0.0081666 0.0110756 0.000701222 -0.00633149 0.00136467 -0.00292822
internal_weight=28825 16704 12121 11920 11816 7704 9967 9860 4784 2154 4112 353 3759 7455
internal_count=28825 16704 12121 11920 11816 7704 9967 9860 4784 2154 4112 353 3759 7455
is_linear=0
shrinkage=0.05


Tree=51
num_leaves=15
num_cat=0
split_feature=4 0 0 1 0 1 4 0 0 3 0 0 2 4
split_gain=182.051 61.4941 28.6728 20.6407 14.4365 13.6751 12.0373 6.99966 6.84356 9.39682 7.4768 6.589 6.2264 5.85402
threshold=3.3166673891788245 5.0782890901091458 2.5725830935269314 4.220976135012763 6.6920645005918873 1.7833559100698646 7.0310555782883926 2.4890560511953486 3.9655633231297664 4.1149555194928924 3.4045196530214903 3.7506791646028486 5.5660506303992472 2.4080325576130517
decision_type=2 10 10 8 10 10 2 10 10 10 10 10 10 2
left_child=2 3 5 8 -3 -1 7 -5 9 -2 -11 13 -9 -4
right_child=1 4 11 6 -6 -7 -8 12 -10 10 -12 -13 -14 -15
leaf_value=-0.010030782855718019 -0.00033982437680971068 0.0074209814967608097 0.0078173816766811555 0.0063733140646975084 0.016350385256333366 -0.0053949766985037957 0.02663135801558383 0.0027156746275123871 0.0024608731835175819 -0.01189614212255817 -0.0017624689788067541 0.011335099971068926 -0.010141760048403134 -0.0023985191686105335
leaf_weight=2488 4936 3383 144 1483 523 4439 54 5123 1736 334 399 93 94 3596
leaf_count=2488 4936 3383 144 1483 523 4439 54 5123 1736 334 399 93 94 3596
internal_value=5.25813e-06 0.00307184 -0.00514286 0.00153909 0.00862435 -0.00706245 0.00353759 0.00334357 -0.000284178 -0.00112536 -0.0063998 -0.00167189 0.00248021 -0.00200121
internal_weight=28825 18065 10760 14159 3906 6927 6754 6700 7405 5669 733 3833 5217 3740
internal_count=28825 18065 10760 14159 3906 6927 6754 6700 7405 5669 733 3833 5217 3740
is_linear=0
shrinkage=0.05


Tree=52
num_leaves=15
num_cat=0
split_feature=1 1 0 4 0 0 1 0 5 3 0 0 5 3
split_gain=164.881 46.9747 32.9983 17.5009 12.4153 11.4441 10.2648 8.66539 8.32815 7.71859 6.9508 6.78197 6.77861 6.16206
threshold=3.8522707471507842 2.4466760667407619 5.4445775410940529 4.8407195569637187 3.2619279743942671 6.1420350931759513 6.257665752909146 1.1150072000796054 5.4350988752582339 4.5981410073625719 7.6257855177143679 4.6467889852731199 4.5583501759220519 3.6389002209295209
decision_type=10 8 10 2 10 8 10 8 2 10 10 8 2 8
left_child=1 7 6 4 9 12 8 -1 11 -3 -4 -2 -5 -13
right_child=2 3 10 5 -6 -7 -8 -9 -10 -11 -12 13 -14 -15
leaf_value=-0.012599199097361775 0.0017218459958974518 -0.003018345075503439 0.0091851612989625187 0.0073312471467641624 0.00016393182637001557 0.023492567927477143 0.014761130199668574 -0.0064078126696239142 -0.011856947451002619 -0.018850410595694436 0.021425528450579864 0.011061107066456721 -0.014209340897981416 0.0039199532683808413
leaf_weight=648 4603 6438 2161 215 4694 101 186 4490 92 76 122 322 42 4635
leaf_count=648 4603 6438 2161 215 4694 101 186 4490 92 76 122 322 42 4635
internal_value=5.131e-06 -0.00321601 0.00444399 -0.00144824 -0.00179649 0.0094039 0.003186 -0.00719326 0.00295993 -0.00320879 0.00985745 0.00310497 0.00372845 0.00438811
internal_weight=28825 16704 12121 11566 11208 358 9838 5138 9652 6514 2283 9560 257 4957
internal_count=28825 16704 12121 11566 11208 358 9838 5138 9652 6514 2283 9560 257 4957
is_linear=0
shrinkage=0.05


Tree=53
num_leaves=15
num_cat=0
split_feature=4 1 0 0 2 1 0 5 2 0 4 4 9 0
split_gain=149.054 53.7363 29.06 15.8583 15.1779 11.8557 9.12155 6.79893 6.61966 6.47014 6.23691 5.99504 5.27057 5.22907
threshold=4.2023404814205838 2.8847851075971023 5.1998763424853669 1.8794359129669858 7.0071430020149554 4.3637351621117633 4.299323912465062 5.2343551651522633 4.009148069257761 8.2230680412340238 3.755859811508055 0.89367581038681776 258.50000000000006 3.4419873751583672
decision_type=2 10 8 10 10 8 10 2 10 8 2 2 2 8
left_child=1 3 7 11 5 8 13 -2 -4 -6 -8 -1 -5 -3
right_child=2 6 4 12 9 -7 10 -9 -10 -11 -12 -13 -14 -15
leaf_value=-0.013426269455924468 0.0026438448977123483 -0.0019859894485183519 -0.021062294024497618 -0.0046186431542634609 0.013796256266442347 0.0075952599628606177 0.021957623724967748 -0.0096902094193195044 0.00023215203742408522 0.030215447745840285 0.0044543581638495427 -0.0073041640640868939 -0.00065256159526010864 0.00043028253703880284
leaf_weight=457 5807 3726 41 3616 241 4040 57 112 241 82 385 3324 1091 5605
leaf_count=457 5807 3726 41 3616 241 4040 57 112 241 82 385 3324 1091 5605
internal_value=4.96506e-06 -0.00272965 0.00473167 -0.00563955 0.00769128 0.00690351 -0.000201723 0.00240726 -0.00299037 0.0181249 0.00680031 -0.00805083 -0.00370004 -0.000534788
internal_weight=28825 18261 10564 8488 4645 4322 9773 5919 282 323 442 3781 4707 9331
internal_count=28825 18261 10564 8488 4645 4322 9773 5919 282 323 442 3781 4707 9331
is_linear=0
shrinkage=0.05


Tree=54
num_leaves=15
num_cat=0
split_feature=1 0 1 4 5 0 0 3 2 0 0 5 5 1
split_gain=134.999 38.4052 27.904 16.4123 11.9233 10.2241 8.92028 7.96186 7.75897 6.47009 6.2266 5.40151 5.13959 5.12514
threshold=3.7853247081855312 2.5610883344145821 5.7745467231763365 5.8404121608745108 0.76910729844102421 5.0482508694344137 3.9655633231297664 1.0816615128302691 5.8629184228590949 6.4068459468534025 1.6955735229043272 1.8765933950918627 5.4350988752582339 2.8847851075971023
decision_type=10 8 10 2 2 10 10 8 10 8 10 2 2 8
left_child=1 10 5 4 -3 8 7 -6 -2 12 -1 -12 -4 -9
right_child=2 3 9 -5 6 -7 -8 13 -10 -11 11 -13 -14 -15
leaf_value=-0.009223655757675156 0.0022903642216903844 -0.009789485250703344 0.0075556168550205876 0.018154645540733944 0.017242895501919771 0.0059319305746450505 0.0033392153091753199 -0.0036853556734314698 -0.017468422905076296 0.0125489219640819 -0.0046933371711434541 -0.011298075058884154 -0.0073365243075386392 -0.0011378331636470759
leaf_weight=1671 8541 427 651 104 53 2296 948 2719 48 969 2782 348 62 7206
leaf_count=1671 8541 427 651 104 53 2296 948 2719 48 969 2782 348 62 7206
internal_value=4.79516e-06 -0.00300343 0.00389641 -0.0014298 -0.00161237 0.00296911 -0.00129106 -0.00173156 0.0021759 0.00988675 -0.00675656 -0.00543441 0.00624375 -0.00183634
internal_weight=28825 16258 12567 11457 11353 10885 10926 9978 8589 1682 4801 3130 713 9925
internal_count=28825 16258 12567 11457 11353 10885 10926 9978 8589 1682 4801 3130 713 9925
is_linear=0
shrinkage=0.05


Tree=55
num_leaves=15
num_cat=0
split_feature=1 0 1 4 0 0 0 2 0 5 5 3 4 7
split_gain=122.067 38.2712 21.0475 14.5501 11.5544 9.04467 8.12954 8.0016 7.24871 6.02513 5.89104 5.24719 5.53789 5.23652
threshold=3.4688511776750448 5.1998763424853669 1.9530024665512917 2.5051547417249873 4.299323912465062 6.1420350931759513 4.4779046737101718 7.0071430020149554 2.6426160634996907 3.8806539155765027 1.8554646532423138 3.240635401824949 4.5095460675543357 5.5000000000000009
decision_type=8 10 10 2 8 10 10 10 8 2 2 8 2 2
left_child=2 3 -1 -2 -5 -3 8 11 10 -10 -4 -6 -13 -7
right_child=1 5 6 4 7 13 -8 -9 9 -11 -12 12 -14 -15
leaf_value=-0.0073131086826426816 -0.0090839300914705105 0.0058030896082617404 -0.0039208562393196192 0.00021329255570836736 0.009668073392084706 0.012413831510574722 0.016428538977561403 0.02220228450711478 -0.0016602479574570211 -0.019824960310791579 -0.010623443994797723 0.00086703183790544684 0.003810841989665087 -0.0011695713676416722
leaf_weight=3158 308 2088 2158 5830 286 1001 54 53 6370 44 386 2464 4549 76
leaf_count=3158 308 2088 2158 5830 286 1001 54 53 6370 44 386 2464 4549 76
internal_value=4.56383e-06 0.00278579 -0.00380146 0.00162427 0.00187581 0.00773233 -0.00256956 0.00319374 -0.00268772 -0.001791 -0.00494538 0.00304967 0.00277708 0.0114549
internal_weight=28825 16655 12170 13490 13182 3165 9012 7352 8958 6414 2544 7299 7013 1077
internal_count=28825 16655 12170 13490 13182 3165 9012 7352 8958 6414 2544 7299 7013 1077
is_linear=0
shrinkage=0.05


Tree=56
num_leaves=15
num_cat=0
split_feature=1 0 0 4 5 9 1 0 3 0 1 3 5 2
split_gain=110.592 32.4997 22.9584 13.9209 10.3445 8.50462 7.27758 6.91501 6.83023 5.55694 5.51685 5.50743 5.38256 5.31152
threshold=3.8522707471507842 2.5610883344145821 5.7097610330515662 5.8404121608745108 0.94667979126260271 262.50000000000006 4.6200466650627661 3.8732800159822234 4.2570140940365411 1.011435595095721 3.0228579809699494 5.1143916391405959 3.6892228133543616 1.9530024665512917
decision_type=10 8 10 2 2 2 10 10 8 10 8 10 2 8
left_child=1 9 6 4 -3 10 11 8 -8 -1 12 -2 -6 -12
right_child=2 3 -4 -5 5 -7 7 -9 -10 -11 13 -13 -14 -15
leaf_value=-0.010837050578411172 0.0018479806297036772 -0.0071665730851476596 0.0092026472062227312 0.016808676365587229 -0.0033792163830753952 0.0016875458303747171 0.020232202801122971 0.0032553406069256901 0.0065021914943935322 -0.0054867348785649604 -0.016994517973587649 -0.006263488409090189 -0.020845005428418519 -0.00079113052153882289
leaf_weight=549 5263 726 1607 104 2487 2306 100 4071 864 4259 49 216 43 6181
leaf_count=549 5263 726 1607 104 2487 2306 100 4071 864 4259 49 216 43 6181
internal_value=4.39742e-06 -0.00263367 0.00363976 -0.00123112 -0.00139305 -0.00101304 0.00278792 0.00415993 0.00796541 -0.00610191 -0.00172417 0.00152603 -0.0036923 -0.000923986
internal_weight=28825 16704 12121 11896 11792 11066 10514 5035 964 4808 8760 5479 2530 6230
internal_count=28825 16704 12121 11896 11792 11066 10514 5035 964 4808 8760 5479 2530 6230
is_linear=0
shrinkage=0.05


Tree=57
num_leaves=15
num_cat=0
split_feature=4 1 0 1 0 2 0 5 5 0 3 1 4 9
split_gain=100.009 36.4113 20.667 12.5811 11.9417 8.27203 7.49662 6.53154 6.07604 5.9759 5.66293 4.73854 4.64731 4.43185
threshold=4.2023404814205838 2.8847851075971023 5.3936172156671276 4.5674634663431553 1.8794359129669858 7.0071430020149554 4.4438263451627948 4.4964301412245531 5.2343551651522633 8.2230680412340238 4.6922644727699749 7.8440485981631367 0.86449146708195113 258.50000000000006
decision_type=2 10 8 8 10 10 10 2 2 8 8 8 2 2
left_child=1 4 8 7 12 10 -3 -4 -2 -7 -5 -11 -1 -6
right_child=2 6 3 5 13 9 -8 -9 -10 11 -12 -13 -14 -15
leaf_value=-0.012273730946353813 0.0023067735205266589 -0.0003768965024865156 0.00087039954268492011 0.011614823831603283 -0.0037906250429012192 0.011125268026533309 0.0084810102663991256 -0.019736168098946415 -0.0088731835663742042 0.014097275043075737 0.0059805693683639919 0.038933437619180909 -0.0061629422354804392 -0.00015470037580543811
leaf_weight=343 6278 9530 454 532 3616 239 243 40 122 42 2817 40 3438 1091
leaf_count=343 6278 9530 454 532 3616 239 243 40 122 42 2817 40 3438 1091
internal_value=4.13514e-06 -0.00223585 0.00387587 0.00661695 -0.00463116 0.00762479 -0.00015496 -0.000871002 0.00209095 0.0152838 0.00688199 0.026851 -0.00672349 -0.00294831
internal_weight=28825 18261 10564 4164 8488 3670 9773 494 6400 321 3349 82 3781 4707
internal_count=28825 18261 10564 4164 8488 3670 9773 494 6400 321 3349 82 3781 4707
is_linear=0
shrinkage=0.05


Tree=58
num_leaves=15
num_cat=0
split_feature=1 0 1 4 0 0 0 2 5 9 3 4 6 0
split_gain=91.3722 28.83 15.7289 11.3875 8.82365 7.43789 6.79975 6.44947 6.03664 5.48266 5.14987 7.20136 5.42158 4.56298
threshold=3.4688511776750448 5.1998763424853669 2.2924837393352866 2.4866789303167249 4.299323912465062 7.0071430020149554 4.299323912465062 7.0071430020149554 3.7126255234030432 290.50000000000006 3.6661191964630322 4.3572116587796232 7.9710842630688754 1.3986406674150766
decision_type=8 10 10 2 8 10 10 10 2 2 8 2 8 10
left_child=2 3 9 -2 -5 -3 8 10 -4 13 -6 12 -12 -1
right_child=1 5 6 4 7 -7 -8 -9 -10 -11 11 -13 -14 -15
leaf_value=-0.0085394327128576978 -0.0081822922424852809 0.0059012444988985517 -0.0019589900158578769 0.00017036875448030379 0.0065277931342798126 0.014086646882328883 0.012756032056103534 0.019839206503026868 -0.017755258831455081 -0.00072964787188269304 0.0027087653795458918 0.003034525545433923 -0.0037263571035169897 -0.0049880869843847032
leaf_weight=1446 301 2858 7639 5836 763 307 76 53 59 497 556 5191 790 2453
leaf_count=1446 301 2858 7639 5836 763 307 76 53 59 497 556 5191 790 2453
internal_value=4.07422e-06 0.00241035 -0.00328883 0.00140222 0.00162217 0.00670361 -0.00193631 0.00277409 -0.00208464 -0.00567871 0.00264479 0.00218971 -0.00106809 -0.00630886
internal_weight=28825 16655 12170 13490 13189 3165 7774 7353 7698 4396 7300 6537 1346 3899
internal_count=28825 16655 12170 13490 13189 3165 7774 7353 7698 4396 7300 6537 1346 3899
is_linear=0
shrinkage=0.05


Tree=59
num_leaves=15
num_cat=0
split_feature=1 0 1 0 4 0 5 0 4 3 4 6 0 5
split_gain=82.4761 26.0657 14.3202 12.1946 9.23865 6.62133 6.02173 5.58232 5.35821 6.44405 6.26461 5.14995 5.06005 4.76573
threshold=3.4688511776750448 5.6767479380942811 1.9530024665512917 4.220976135012763 7.4400837358345884 4.4779046737101718 3.8806539155765027 2.6426160634996907 2.6520141504012202 3.6661191964630322 4.3572116587796232 7.9710842630688754 7.6257855177143679 1.8554646532423138
decision_type=8 10 10 8 2 10 2 8 2 8 2 8 10 2
left_child=2 3 -1 -2 8 6 7 13 -5 -10 11 -11 -3 -4
right_child=1 12 5 4 -6 -7 -8 -9 9 10 -12 -13 -14 -15
leaf_value=-0.0060211432829509011 -0.00028461431057542436 0.0071761800511394944 -0.0031828227341658801 -0.011110437338397852 0.025552613710963425 0.015036037989193575 -0.019185600612749674 -0.0013247720071549954 0.0067359228427615178 0.0021934947286269633 0.0029532942434900224 -0.0032544829103054659 0.017424265278204707 -0.009249833071801241
leaf_weight=3158 5456 1701 2158 69 42 54 50 6370 886 902 6638 832 129 380
leaf_count=3158 5456 1701 2158 69 42 54 50 6370 886 902 6638 832 129 380
internal_value=3.93692e-06 0.00229007 -0.00312457 0.00159453 0.00268867 -0.00210843 -0.00221512 -0.00211558 0.00258026 0.00268467 0.00225442 -0.000421267 0.00791682 -0.00409777
internal_weight=28825 16655 12170 14825 9369 9012 8958 8908 9327 9258 8372 1734 1830 2538
internal_count=28825 16655 12170 14825 9369 9012 8958 8908 9327 9258 8372 1734 1830 2538
is_linear=0
shrinkage=0.05


Tree=60
num_leaves=15
num_cat=0
split_feature=1 0 1 4 4 0 0 2 0 9 7 3 0 0
split_gain=74.8891 22.0925 15.8618 11.0649 7.78117 6.28888 6.16429 6.58051 5.26541 4.5783 4.44939 4.74837 3.96421 3.94567
threshold=3.7853247081855312 2.35611462914075 5.7745467231763365 5.8404121608745108 1.5743549526904725 3.9655633231297664 5.1387309967764621 5.8629184228590949 7.2555351629467291 262.50000000000006 5.5000000000000009 3.4045196530214903 6.7481716611809732 4.585986847015497
decision_type=10 8 10 2 2 10 10 10 8 2 2 8 8 10
left_child=1 -1 6 4 -3 9 7 -2 -4 -6 11 -7 -5 -12
right_child=2 3 8 12 5 10 -8 -9 -10 -11 13 -13 -14 -15
leaf_value=-0.0054191101822918314 0.0017526941275662377 -0.010300532741554997 0.0056294531630392431 0.0066783937926475816 -0.0019832088326624231 0.013394758925805317 0.0047522816729939354 -0.015757451240723541 0.011831655907206536 0.00057971306729652776 0.0011936341927415042 0.0024889020866276706 0.026673950289571008 -0.018093744053557102
leaf_weight=4082 8887 234 1200 63 8713 114 1946 52 482 2177 64 727 41 43
leaf_count=4082 8887 234 1200 63 8713 114 1946 52 482 2177 64 727 41 43
internal_value=3.82146e-06 -0.00223673 0.00290233 -0.00116912 -0.00131014 -0.00113072 0.0022032 0.00164733 0.00741872 -0.00147085 0.00277133 0.00399549 0.0149158 -0.00674714
internal_weight=28825 16258 12567 12176 12072 11838 10885 8939 1682 10890 948 841 104 107
internal_count=28825 16258 12567 12176 12072 11838 10885 8939 1682 10890 948 841 104 107
is_linear=0
shrinkage=0.05


Tree=61
num_leaves=15
num_cat=0
split_feature=1 0 0 0 4 3 7 0 1 4 0 0 4 3
split_gain=67.7368 23.3649 13.3335 9.83335 8.95075 8.35803 7.10319 7.44573 7.40358 6.68895 4.72209 5.28498 4.98112 4.15958
threshold=4.0526537577525756 2.5610883344145821 5.8043791177364872 3.4419873751583672 4.7177694385462319 3.9806153609893591 5.5000000000000009 4.8382621075595269 3.0492618097006954 1.3783927470408734 4.7578820629520608 2.8390613639378119 5.1713795440688477 3.6661191964630322
decision_type=10 8 10 10 2 10 2 10 8 2 8 10 2 8
left_child=1 -1 10 4 5 9 7 -5 -8 -3 11 -2 -13 -12
right_child=2 3 -4 6 -6 -7 8 -9 -10 -11 13 12 -14 -15
leaf_value=-0.0048508706838837554 0.018183306662572753 -0.011372911634937149 0.0076084603452974478 0.0010642556767367093 0.016149987769988029 -0.0084971603043106653 -0.023482879743512191 0.0089286113085714214 -0.0027363529647138622 -0.0013470459130939603 0.0092685039628728812 0.0012562966799461038 -0.0093054334356692508 0.0030840484474650362
leaf_weight=4815 43 168 1444 3933 67 457 47 324 358 7879 286 3831 113 5060
leaf_count=4815 43 168 1444 3933 67 457 47 324 358 7879 286 3831 113 5060
internal_value=3.71163e-06 -0.0018692 0.00314001 -0.000783716 -0.00178879 -0.00193389 0.00106407 0.00166672 -0.00524754 -0.00155913 0.00244717 0.00114402 0.000949128 0.00341825
internal_weight=28825 18048 10777 13233 8571 8504 4662 4257 405 8047 9333 3987 3944 5346
internal_count=28825 18048 10777 13233 8571 8504 4662 4257 405 8047 9333 3987 3944 5346
is_linear=0
shrinkage=0.05


Tree=62
num_leaves=15
num_cat=0
split_feature=1 1 0 2 0 0 2 3 5 0 1 0 4 0
split_gain=61.4343 24.4567 10.7963 9.6691 8.82629 8.16823 7.02506 6.15836 4.06223 3.80183 3.53474 3.41253 5.23572 3.3857
threshold=3.0933100309410118 4.6200466650627661 5.8043791177364872 6.6227354397820148 3.5130357529000902 1.8794359129669858 1.9530024665512917 4.1759233694141225 3.8806539155765027 7.9422729146206512 1.011435595095721 2.9729720159030868 2.5966529705928356 3.640210837669458
decision_type=8 10 8 10 8 10 8 10 2 10 10 10 2 10
left_child=5 3 13 4 7 10 -6 -2 11 -4 -1 -7 -13 -3
right_child=1 2 9 -5 6 8 -8 -9 -10 -11 -12 12 -14 -15
leaf_value=-0.0087319346715095357 -0.0013800536382484897 0.016681104608523175 0.006420707611041316 0.022952152693525275 -0.014862062659101314 -0.0027557374280818589 0.0011510650220886752 -0.010744384371587453 -0.017468790712138249 0.018652664139076618 -0.0045375239371382011 0.01228637672722384 -0.00062901060244977946 0.0024041236132574689
leaf_weight=601 3473 40 2270 45 67 3949 9451 183 41 64 3120 82 1190 4249
leaf_count=601 3473 40 2270 45 67 3949 9451 183 41 64 3120 82 1190 4249
internal_value=3.53975e-06 0.00155666 0.00403614 0.000313962 0.000233162 -0.00342663 0.00103525 -0.0018544 -0.00215745 0.0067718 -0.00521931 -0.00203057 0.000221566 0.00254499
internal_weight=28825 19842 6623 13219 13174 8983 9518 3656 5262 2334 3721 5221 1272 4289
internal_count=28825 19842 6623 13219 13174 8983 9518 3656 5262 2334 3721 5221 1272 4289
is_linear=0
shrinkage=0.05


Tree=63
num_leaves=15
num_cat=0
split_feature=1 1 0 2 0 0 2 7 3 0 5 5 0 4
split_gain=55.5723 20.8911 10.2677 7.30189 6.12933 5.35987 5.12071 4.38853 4.35677 4.21074 4.20699 4.1562 4.03875 7.13484
threshold=4.220976135012763 2.8650498914867879 6.1420350931759513 6.6012070425229332 3.2619279743942671 1.8794359129669858 1.9530024665512917 5.5000000000000009 4.1533965481246957 4.9427127048588604 3.5375621849125678 5.4350988752582339 4.299323912465062 3.755859811508055
decision_type=10 8 10 10 8 10 8 2 10 8 2 2 10 2
left_child=1 5 9 4 8 -1 -6 -4 -3 11 -7 -2 -8 -14
right_child=2 3 7 -5 6 10 12 -9 -10 -11 -12 -13 13 -15
leaf_value=-0.0050393855255138941 0.0015115156653772383 -0.0019518613303258607 0.0087624162708141596 0.020584423640476808 -0.012150044347494438 -0.0021919484780611453 8.4389748775169223e-05 -0.004114837199449539 -0.013787611097795888 0.0035622318607792369 -0.017923629847030307 -0.01377476803234054 0.019870932995071335 0.0023625730066988188
leaf_weight=3484 3860 2862 944 40 79 3995 7635 70 78 4669 41 43 60 965
leaf_count=3484 3860 2862 944 40 79 3995 7635 70 78 4669 41 43 60 965
internal_value=3.4302e-06 -0.00154622 0.00311324 -0.000226231 -0.000301019 -0.00360266 0.000363452 0.0078671 -0.00227503 0.00254919 -0.00236056 0.00133614 0.000480384 0.00342415
internal_weight=28825 19239 9586 11719 11679 7520 8739 1014 2940 8572 4036 3903 8660 1025
internal_count=28825 19239 9586 11719 11679 7520 8739 1014 2940 8572 4036 3903 8660 1025
is_linear=0
shrinkage=0.05


Tree=64
num_leaves=15
num_cat=0
split_feature=1 0 0 2 0 3 4 7 2 0 1 5 0 7
split_gain=50.1542 19.2589 9.26864 8.12382 7.69471 6.05959 5.70417 5.1031 6.90023 4.5453 4.06297 3.97183 7.59974 3.965
threshold=4.220976135012763 2.5610883344145821 6.1420350931759513 6.6227354397820148 3.5807334159313826 3.9806153609893591 1.3783927470408734 5.5000000000000009 3.1376634167284494 4.9870196042435371 1.6955735229043272 2.8909742798262141 2.827296115232715 5.5000000000000009
decision_type=10 8 10 10 10 10 2 2 8 10 10 2 10 2
left_child=1 -1 -2 4 5 6 -3 9 -9 -6 -7 -8 -13 -4
right_child=2 3 13 -5 7 10 11 8 -10 -11 -12 12 -14 -15
leaf_value=-0.0042036558522046677 0.0024216333175301101 -0.010181693055886119 0.0083252216937009585 0.021404527829006495 0.0010637647851483606 0.0043246438801783239 -0.001105441748534423 -0.021895338538844063 -0.0019564459928505334 0.0077763199487645889 -0.0075457374027685323 0.013137236056908436 -0.0059402803211543323 -0.0039148105981035367
leaf_weight=4822 8572 168 944 40 4300 81 8337 47 384 266 578 132 84 70
leaf_count=4822 8572 168 944 40 4300 81 8337 47 384 266 578 132 84 70
internal_value=3.20944e-06 -0.00146897 0.00295754 -0.000553847 -0.000617909 -0.00146208 -0.00111196 0.000966655 -0.00422185 0.00145805 -0.00607804 -0.000931473 0.00573177 0.00747421
internal_weight=28825 19239 9586 14417 14377 9380 8721 4997 431 4566 659 8553 216 1014
internal_count=28825 19239 9586 14417 14377 9380 8721 4997 431 4566 659 8553 216 1014
is_linear=0
shrinkage=0.05


Tree=65
num_leaves=15
num_cat=0
split_feature=1 0 0 0 4 5 4 3 0 7 0 1 5 4
split_gain=45.6394 18.8906 9.39425 6.50173 4.61974 4.18163 10.5711 3.92283 4.00441 3.76526 4.59233 3.82994 3.40618 3.34715
threshold=3.0933100309410118 4.4779046737101718 6.1420350931759513 1.8794359129669858 7.4400837358345884 2.9147406515374907 3.755859811508055 4.9163179057820896 3.4419873751583672 5.5000000000000009 8.1463143529809319 6.1002561074747632 3.8806539155765027 2.6520141504012202
decision_type=8 8 10 10 2 2 2 10 10 2 10 10 2 2
left_child=3 7 4 -1 5 13 -7 8 -2 10 11 -4 -5 -3
right_child=1 2 9 12 -6 6 -8 -9 -10 -11 -12 -13 -14 -15
leaf_value=-0.0045528133233604271 -0.0014185600594415042 -0.0099880455572107073 0.014041275520675951 -0.0017050757095928742 0.017195255470533782 0.023658877780057919 0.0027366769184385149 -0.0050222040949307366 0.00074686632528415964 -0.0033875101842941384 0.023764210759351652 0.0058176256101927573 -0.015840836432437565 0.00086966313154690381
leaf_weight=3721 3302 71 173 5221 50 59 6273 407 6032 76 43 785 41 2571
leaf_count=3721 3302 71 173 5221 50 59 6273 407 6032 76 43 785 41 2571
internal_value=3.05491e-06 0.00134171 0.00285651 -0.00295347 0.00232866 0.00224202 0.00293903 -0.000229335 -1.93157e-05 0.00726678 0.00808084 0.00732885 -0.00182119 0.000570543
internal_weight=28825 19842 10101 8983 9024 8974 6332 9741 9334 1077 1001 958 5262 2642
internal_count=28825 19842 10101 8983 9024 8974 6332 9741 9334 1077 1001 958 5262 2642
is_linear=0
shrinkage=0.05


Tree=66
num_leaves=15
num_cat=0
split_feature=1 0 0 9 2 4 5 0 3 5 3 1 5 1
split_gain=41.3359 16.2001 7.7138 7.05683 7.60792 7.00953 5.00419 5.26871 5.58336 4.6068 4.12823 4.28942 3.57436 5.87331
threshold=4.220976135012763 2.5610883344145821 5.2574818084757586 262.50000000000006 1.2382692000587421 5.8404121608745108 4.4964301412245531 3.4045196530214903 3.9806153609893591 3.9135240947915126 4.6922644727699749 7.9105485573585961 1.8554646532423138 3.240635401824949
decision_type=10 8 8 2 8 2 2 10 10 2 10 10 2 10
left_child=1 12 -2 4 -3 6 7 8 -6 -4 -11 -12 -1 -14
right_child=2 3 9 -5 5 -7 -8 -9 -10 10 11 -13 13 -15
leaf_value=-0.0033943849656669946 0.0014294056566215097 -0.012853449235704762 0.0024437093429659799 0.0016935496245701121 -0.0014722299949945625 0.01207224587204604 -0.013190575351334355 0.00031345045784363437 -0.0072445952605575889 0.0095371306330447134 0.0040547932585694958 0.016069646468624854 -0.010644079319277064 0.0038815293195765726
leaf_weight=4358 5377 133 1881 2934 5929 101 82 4789 449 555 1697 76 380 84
leaf_count=4358 5377 133 1881 2934 5929 101 82 4789 449 555 1697 76 380 84
internal_value=3.06491e-06 -0.00133344 0.00268513 -0.000494132 -0.0010533 -0.000912785 -0.0010315 -0.000939866 -0.00188074 0.00428787 0.00577455 0.00458734 -0.00384157 -0.00800907
internal_weight=28825 19239 9586 14417 11483 11350 11249 11167 6378 4209 2328 1773 4822 464
internal_count=28825 19239 9586 14417 11483 11350 11249 11167 6378 4209 2328 1773 4822 464
is_linear=0
shrinkage=0.05


Tree=67
num_leaves=15
num_cat=0
split_feature=1 0 2 0 4 3 5 0 0 3 3 6 1 0
split_gain=37.6369 15.9387 7.90953 5.69755 4.86904 6.29917 7.05528 4.96195 4.79786 3.59323 3.57304 3.47147 3.47067 3.43791
threshold=3.0933100309410118 4.4779046737101718 7.0071430020149554 1.8794359129669858 4.5095460675543357 3.6661191964630322 2.4729186796715226 5.6419007834884924 8.2230680412340238 4.7131208810166667 5.0845003501084243 7.8174236278812295 7.8440485981631367 3.4980204219247493
decision_type=8 8 10 10 2 8 2 8 8 8 10 8 8 10
left_child=3 10 4 -1 5 6 -3 -6 -4 -9 13 -7 -10 -2
right_child=1 2 8 -5 7 11 -8 9 12 -11 -12 -13 -14 -15
leaf_value=-0.0041790605783084715 -0.0012949318160719609 0.00047766749493641778 0.0066338331962943198 -0.0016220295846109765 0.001997619980356012 0.0017565831634253277 0.0087156413413181123 0.0086112626942347423 0.0098437148611992611 0.0038656644249680304 -0.0063688220817772617 -0.0031799820994200009 0.030875601220343798 0.00066525769024901055
leaf_weight=3721 3593 736 244 5262 4352 540 400 487 42 2222 229 1038 40 5919
leaf_count=3721 3593 736 244 5262 4352 540 400 487 42 2222 229 1038 40 5919
internal_value=2.92101e-06 0.00121857 0.00260999 -0.00268191 0.00235316 0.000552685 0.00338858 0.00304485 0.0102495 0.00472451 -0.000224519 -0.00149058 0.020594 -7.52879e-05
internal_weight=28825 19842 10101 8983 9775 2714 1136 7061 326 2709 9741 1578 82 9512
internal_count=28825 19842 10101 8983 9775 2714 1136 7061 326 2709 9741 1578 82 9512
is_linear=0
shrinkage=0.05


Tree=68
num_leaves=15
num_cat=0
split_feature=1 0 5 4 2 1 0 9 0 3 9 3 1 5
split_gain=33.9743 14.4819 7.20213 9.61507 5.83101 5.45425 5.18534 4.4126 4.36031 4.28812 3.53429 3.17067 3.14838 3.10802
threshold=3.0933100309410118 4.6890490276048302 2.9147406515374907 3.8699415366043612 7.0071430020149554 4.009148069257761 1.5150668501356619 258.50000000000006 8.2230680412340238 1.0816615128302691 266.50000000000006 6.1002561074747632 7.8440485981631367 2.4124812234750377
decision_type=8 8 2 2 10 8 8 2 8 8 2 10 8 2
left_child=6 10 -3 -4 5 -5 -1 13 -6 -9 11 -2 -10 -8
right_child=1 2 3 4 8 -7 7 9 12 -11 -12 -13 -14 -15
leaf_value=-0.0057466853846589224 -0.00046989267987984781 0.00018941209028375684 0.020586388554699995 -0.0072736021448937503 0.0063048382037711086 0.0031200184627140082 -0.0024280972371608042 0.014186105635983624 0.0093739010171372105 -0.00026787050433285995 0.0016760816746647291 -0.013927056367339735 0.029405334720476753 -0.007194318996238968
leaf_weight=1109 8518 2250 79 127 244 6222 5850 51 42 1611 2278 42 40 362
leaf_count=1109 8518 2250 79 127 244 6222 5850 51 42 1611 2278 42 40 362
internal_value=2.97199e-06 0.00115795 0.00263971 0.00345569 0.00324684 0.00290989 -0.00254788 -0.00209601 0.00975142 0.000192181 -7.33219e-05 -0.000539159 0.0196128 -0.00270807
internal_weight=28825 19842 9004 6754 6675 6349 8983 7874 326 1662 10838 8560 82 6212
internal_count=28825 19842 9004 6754 6675 6349 8983 7874 326 1662 10838 8560 82 6212
is_linear=0
shrinkage=0.05


Tree=69
num_leaves=15
num_cat=0
split_feature=4 0 0 2 0 4 1 1 0 3 5 0 12 3
split_gain=31.0911 13.6023 8.19982 6.31516 6.10589 5.7768 5.12762 4.85752 4.49041 4.03173 4.90315 3.99528 3.88002 3.78967
threshold=3.1797217739375374 4.4779046737101718 2.2027494954295124 7.0071430020149554 2.0917878479750223 5.2878076829359992 2.7757039971150994 1.011435595095721 3.4307509472323381 2.7757039971150994 2.1430403558460429 8.3775663722311595 1.0000000180025095e-35 3.240635401824949
decision_type=2 8 10 10 10 2 8 10 10 10 2 8 2 8
left_child=2 4 7 13 -2 6 12 -1 -4 -9 -11 -5 -6 -3
right_child=1 3 8 11 5 -7 -8 9 -10 10 -12 -13 -14 -15
leaf_value=-0.0069663178251596781 0.017205872551538052 0.0069992569799837137 -0.0010953279462709838 0.0062902620696199179 -0.0218522651836143 -0.015909479817343971 -4.0886398827976573e-05 -0.0023791718420854919 0.0057654645144405662 -0.004884605837287382 -0.017990730761084706 0.019724492070412859 -0.004454445946369864 0.0020137571087325743
leaf_weight=899 48 396 4164 256 40 57 8839 3899 251 438 84 70 142 9242
leaf_count=899 48 396 4164 256 40 57 8839 3899 251 438 84 70 142 9242
internal_value=2.98829e-06 0.00117562 -0.00229626 0.00245273 -0.000219005 -0.000314909 -0.000212868 -0.00361786 -0.000702847 -0.00293411 -0.00705425 0.00927759 -0.00847411 0.00222001
internal_weight=28825 19090 9735 9964 9126 9078 9021 5320 4415 4421 522 326 182 9638
internal_count=28825 19090 9735 9964 9126 9078 9021 5320 4415 4421 522 326 182 9638
is_linear=0
shrinkage=0.05


Tree=70
num_leaves=15
num_cat=0
split_feature=1 0 0 4 9 2 1 5 3 0 9 3 5 4
split_gain=28.5177 10.1454 6.9124 5.60888 5.72469 6.14148 4.29833 5.45811 4.16237 4.08501 4.05993 3.9116 3.90721 4.43237
threshold=3.8522707471507842 2.35611462914075 5.5214529177982463 5.8404121608745108 262.50000000000006 1.2382692000587421 6.6920645005918873 5.4350988752582339 2.7113724724615449 0.89587973461402759 119.50000000000001 3.6389002209295209 4.5583501759220519 4.7291929724237436
decision_type=10 8 10 2 2 8 10 2 10 10 2 8 2 2
left_child=1 8 6 4 5 -3 7 11 9 -1 -9 -2 13 -7
right_child=2 3 -4 -5 -6 12 -8 10 -10 -11 -12 -13 -14 -15
leaf_value=-0.0077176824921074017 0.0045640819448123744 -0.01182734629529638 0.0044161443430303484 0.010818163617041824 0.0013777866201309253 -0.0012284188887520817 0.011169110391924607 -0.0017982159972234513 -0.009424845919089514 -0.0024911105129456789 -0.021721875256943433 0.00099827262761463509 -0.015667434250328526 0.0056243019040747577
leaf_weight=419 840 134 2154 104 2556 9540 107 62 275 3392 42 8916 44 240
leaf_count=419 840 134 2154 104 2556 9540 107 62 275 3392 42 8916 44 240
internal_value=2.77791e-06 -0.00133684 0.00184883 -0.000635389 -0.000732289 -0.00127407 0.00129322 0.00118381 -0.00350163 -0.00306949 -0.0101023 0.00130616 -0.00112774 -0.00105914
internal_weight=28825 16704 12121 12618 12514 9958 9967 9860 4086 3811 104 9756 9824 9780
internal_count=28825 16704 12121 12618 12514 9958 9967 9860 4086 3811 104 9756 9824 9780
is_linear=0
shrinkage=0.05


Tree=71
num_leaves=15
num_cat=0
split_feature=1 0 4 0 2 9 3 0 4 7 1 1 0 5
split_gain=25.9352 10.8809 5.80796 5.49899 5.31232 4.7007 4.36156 3.44401 3.95178 3.16566 3.52986 3.01142 2.95532 2.91625
threshold=4.220976135012763 2.9729720159030868 1.5743549526904725 6.1420350931759513 6.6227354397820148 262.50000000000006 4.1759233694141225 1.6955735229043272 1.5335947069635234 5.5000000000000009 5.9441099918666387 2.5610883344145821 8.1463143529809319 1.0411709369906934
decision_type=10 8 2 10 10 2 10 10 2 2 10 10 10 2
left_child=1 6 -3 -2 5 -4 7 11 -9 10 -5 13 -12 -1
right_child=3 2 4 9 -6 -7 -8 8 -10 -11 12 -13 -14 -15
leaf_value=-0.0041048470482377584 0.0017142583410086579 -0.0079986354584848009 -0.00056412026620880303 0.016314081548395136 0.017757026905504368 0.0018943690414963963 -0.018495017491270204 0.0095060622828702143 -0.0020559844971676229 -0.0045518158107168147 0.0047212001328465073 0.0075082650709459011 0.018073387678966605 -0.010841987432354223
leaf_weight=1445 8572 229 9418 80 40 2448 41 73 5316 70 822 49 42 180
leaf_count=1445 8572 229 9418 80 40 2448 41 73 5316 70 822 49 42 180
internal_value=2.52486e-06 -0.00105612 -0.000146222 0.00212699 6.12919e-06 -5.6691e-05 -0.00260992 -0.0025125 -0.0018959 0.00560583 0.00636707 -0.00449286 0.00541051 -0.00486353
internal_weight=28825 19239 12135 9586 11906 11866 7104 7063 5389 1014 944 1674 864 1625
internal_count=28825 19239 12135 9586 11906 11866 7104 7063 5389 1014 944 1674 864 1625
is_linear=0
shrinkage=0.05


Tree=72
num_leaves=15
num_cat=0
split_feature=0 0 5 7 1 3 0 1 1 0 9 3 2 5
split_gain=23.4985 9.93387 6.70251 4.84809 6.45511 4.82669 4.48158 4.37804 4.19188 4.03226 3.51907 5.3341 3.82658 3.1516
threshold=3.4307509472323381 5.0482508694344137 1.3360402017275776 5.5000000000000009 4.8218918729550593 4.1759233694141225 1.6955735229043272 2.5610883344145821 6.6920645005918873 7.2555351629467291 262.50000000000006 2.35611462914075 1.6193392260821904 4.3021403985023996
decision_type=8 10 2 2 8 10 10 10 10 10 2 8 8 2
left_child=5 2 -2 9 -5 6 7 -1 10 -3 12 -12 -4 -13
right_child=1 3 8 4 -6 -7 -8 -9 -10 -11 11 13 -14 -15
leaf_value=-0.0046212675631217377 -0.0030889286184154425 0.0033678474135262881 -0.014126182328302251 -0.020759227663455976 0.00014370544214488019 -0.010118545178622217 -0.0013228219057869997 0.0098727236970767591 0.010916690306166316 0.010204806296987404 0.013448512598223911 0.0021423354359249979 0.00032646185507632447 -0.0063800139297047163
leaf_weight=1625 1226 3391 44 40 306 176 8144 52 99 229 100 2768 10514 111
leaf_count=1625 1226 3391 44 40 306 176 8144 52 99 229 100 2768 10514 111
internal_value=2.49878e-06 0.00104273 0.000449255 0.00326532 -0.00237824 -0.00195644 -0.00180814 -0.00416062 0.000767776 0.00380575 0.000691952 0.00220902 0.000263567 0.00180955
internal_weight=28825 18828 14862 3966 346 9997 9821 1677 13636 3620 13537 2979 10558 2879
internal_count=28825 18828 14862 3966 346 9997 9821 1677 13636 3620 13537 2979 10558 2879
is_linear=0
shrinkage=0.05


Tree=73
num_leaves=15
num_cat=0
split_feature=1 0 4 3 5 9 0 1 7 1 0 3 4 9
split_gain=21.4667 9.16207 6.55101 8.1451 6.56985 5.88809 4.54729 4.4987 4.45402 7.2617 4.757 3.53599 3.42257 3.01514
threshold=4.220976135012763 3.2228599096927897 4.7618314478349104 4.4566674860317592 2.8909742798262141 97.500000000000014 6.1420350931759513 1.7833559100698646 5.5000000000000009 2.8958966759894573 4.9870196042435371 4.0456790075238596 2.5966529705928356 60.500000000000007
decision_type=10 10 2 10 2 2 10 10 2 8 10 8 2 2
left_child=1 2 3 4 7 -6 -2 -1 10 -10 12 -7 -3 -9
right_child=6 8 -4 -5 5 11 -8 13 9 -11 -12 -13 -14 -15
leaf_value=-0.0037312341810034986 0.0015598231215554698 0.014707531895311106 0.013746122204100909 -0.014897687317764696 -0.0020328572200325966 0.020068128568545722 0.0050986544490580687 -0.0033673353308627573 -0.023667043521224212 -0.0021690987832804361 0.0069563641037962663 0.0025838722950235634 0.00038897990116000948 -0.00094610325803212421
leaf_weight=2747 8572 40 65 118 109 79 1014 1582 40 618 294 46 6654 6847
leaf_count=2747 8572 40 65 118 109 79 1014 1582 40 618 294 46 6654 6847
internal_value=2.33917e-06 -0.000960799 -0.00184681 -0.0019371 -0.00180047 0.00645719 0.00193514 -0.00197449 0.000382714 -0.00354372 0.000753341 0.0137759 0.000478908 -0.00140122
internal_weight=28825 19239 11593 11528 11410 234 9586 11176 7646 658 6988 125 6694 8429
internal_count=28825 19239 11593 11528 11410 234 9586 11176 7646 658 6988 125 6694 8429
is_linear=0
shrinkage=0.05


Tree=74
num_leaves=15
num_cat=0
split_feature=1 0 4 2 3 0 9 5 3 7 11 11 0 11
split_gain=19.3741 8.32616 4.80538 4.52162 4.39411 4.37927 4.12317 3.62539 3.57426 3.33691 4.41103 15.0182 3.92804 3.44283
threshold=4.220976135012763 2.9729720159030868 1.5743549526904725 6.6227354397820148 1.2668484069787163 5.1719024357057526 314.50000000000006 5.4350988752582339 4.1759233694141225 5.5000000000000009 9.5000000000000018 10.500000000000002 4.9870196042435371 1.0000000180025095e-35
decision_type=10 8 2 10 8 8 2 2 10 2 2 2 10 2
left_child=1 8 -3 4 -4 7 9 -2 -1 12 -11 -12 13 -6
right_child=5 2 3 -5 6 -7 -8 -9 -10 10 11 -13 -14 -15
leaf_value=-0.0021837660899851081 0.00098301796253624221 -0.0072593555632888968 0.014063738232309168 0.016398446697054342 -0.0047411518249986422 0.0029636558375770255 0.0027103249684840465 -0.010396620192774901 -0.016651381121618066 -0.00022687239024907462 -0.029216704097791358 -0.0029685418897381979 0.0061649969376573396 -9.4613552913440317e-05
leaf_weight=7063 4972 229 53 40 415 4545 1172 69 41 519 63 341 239 9064
leaf_count=7063 4972 229 53 40 415 4545 1172 69 41 519 63 341 239 9064
internal_value=2.27182e-06 -0.000912719 -0.000116776 2.18007e-05 -3.61587e-05 0.00183846 -0.000101789 0.000823195 -0.00227193 -0.000411966 -0.00328162 -0.00718546 -0.000138792 -0.000299001
internal_weight=28825 19239 12135 11906 11866 9586 11813 5041 7104 10641 923 404 9718 9479
internal_count=28825 19239 12135 11906 11866 9586 11813 5041 7104 10641 923 404 9718 9479
is_linear=0
shrinkage=0.05


Tree=75
num_leaves=15
num_cat=0
split_feature=0 0 5 1 3 7 1 4 0 0 2 9 3 2
split_gain=17.5953 7.39389 5.32279 4.26836 6.58412 4.2662 4.65818 3.80364 3.75064 3.63153 3.02486 2.97771 4.72515 3.53043
threshold=3.4307509472323381 5.0782890901091458 1.3360402017275776 4.5025797605180733 4.1759233694141225 5.5000000000000009 4.8382621075595269 7.0310555782883926 1.6955735229043272 8.1463143529809319 1.1150072000796054 262.50000000000006 2.35611462914075 1.6193392260821904
decision_type=8 10 2 10 10 2 8 2 10 10 8 2 8 8
left_child=3 2 -2 4 8 9 -7 11 -1 -3 -10 13 -13 -4
right_child=1 5 7 -5 -6 6 -8 -9 10 -11 -12 12 -14 -15
leaf_value=-0.0037568560533242576 -0.0027585375677547357 0.0031677765109242094 -0.013589868192439495 0.014030694978874783 -0.012302134614852449 -0.017878762148537262 -0.00028375636722539823 0.013682552831180925 0.0087058002641726921 0.017479788480947413 -0.0012532584910621679 0.012595118854911633 0.0016421154749583556 0.00029200102713949395
leaf_weight=1675 1226 3521 44 41 144 41 301 54 75 43 8062 100 2898 10600
leaf_count=1675 1226 3521 44 41 144 41 301 54 75 43 8062 100 2898 10600
internal_value=2.05258e-06 0.000902185 0.000395084 -0.00169307 -0.00176062 0.00283826 -0.00248478 0.000677743 -0.00160344 0.00335016 -0.00115935 0.000624267 0.00201561 0.000232074
internal_weight=28825 18828 14922 9997 9956 3906 342 13696 9812 3564 8137 13642 2998 10644
internal_count=28825 18828 14922 9997 9956 3906 342 13696 9812 3564 8137 13642 2998 10644
is_linear=0
shrinkage=0.05


Tree=76
num_leaves=15
num_cat=0
split_feature=4 0 0 0 5 0 3 1 4 3 3 4 6 3
split_gain=16.0971 8.29727 5.07492 3.99757 3.8809 3.84682 3.64515 3.02291 2.94591 2.7965 2.79398 7.45082 3.50979 3.45929
threshold=3.0275695803760212 4.4779046737101718 3.4307509472323381 6.6920645005918873 3.6152530518735158 1.8794359129669858 3.3516554025502061 0.93590108845079578 7.4400837358345884 4.5031319416895998 3.6661191964630322 4.5095460675543357 7.8174236278812295 4.6200466650627661
decision_type=2 8 10 10 2 10 10 10 2 8 8 2 8 10
left_child=2 4 5 8 -2 6 7 -1 10 -6 -3 12 -12 -14
right_child=1 3 -4 -5 9 -7 -8 -9 -10 -11 11 -13 13 -15
leaf_value=-0.0057916096083468005 2.0315144620505026e-05 0.0036364378722489794 0.0082768234470285383 0.0060295253996210663 0.00071154374441758338 -0.00098595536252404762 -0.017789093924719574 -0.0022571580772629751 0.012985940422056178 -0.006085417689647675 0.0013505243266503176 0.0018818740842000349 -0.0028015682681457824 -0.014313290768436024
leaf_weight=755 9370 1298 121 523 224 4640 40 3045 54 462 550 6670 1005 68
leaf_count=755 9370 1298 121 523 224 4640 40 3045 54 462 550 6670 1005 68
internal_value=2.01854e-06 0.000772565 -0.00180957 0.00177958 -0.000245817 -0.00195541 -0.0031257 -0.00296207 0.00154792 -0.00387039 0.00148083 0.00114265 -0.00189392 -0.00355638
internal_weight=28825 20224 8601 10168 10056 8480 3840 3800 9645 686 9591 8293 1623 1073
internal_count=28825 20224 8601 10168 10056 8480 3840 3800 9645 686 9591 8293 1623 1073
is_linear=0
shrinkage=0.05


Tree=77
num_leaves=15
num_cat=0
split_feature=1 0 4 1 2 0 1 0 9 2 3 3 6 2
split_gain=14.7264 5.55994 3.88316 3.80673 3.7204 3.47487 3.42231 3.26283 3.22347 4.54276 3.2737 3.06791 2.84379 2.71688
threshold=3.7853247081855312 2.35611462914075 2.57385187861918 5.7745467231763365 6.6012070425229332 7.9105485573585961 2.2924837393352866 0.93590108845079578 262.50000000000006 1.2382692000587421 1.3479888099339705 3.6389002209295209 7.577377095608937 5.5214529177982463
decision_type=10 8 2 10 10 8 10 10 2 8 8 8 8 10
left_child=1 2 7 11 8 -5 -4 -1 9 -3 -10 12 -2 -7
right_child=3 4 6 5 -6 13 -8 -9 10 -11 -12 -13 -14 -15
leaf_value=-0.0059727767226592588 0.00029636357892006456 -0.0099902365997395996 -0.016448020427409307 0.002382609769037358 0.014399870710552759 -0.0037396689080958106 -0.0043523935296744445 -0.0016155514391705047 0.013409803415877079 -0.00078664559263224611 0.00084411640876313674 0.00067485762982696115 0.0056977016836730386 0.0098733469351243823
leaf_weight=492 404 134 87 1358 40 41 177 3326 51 9566 2385 9868 613 283
leaf_count=492 404 134 87 1358 40 41 177 3326 51 9566 2385 9868 613 283
internal_value=1.86513e-06 -0.000991694 -0.00258816 0.00128719 -0.00045614 0.00349967 -0.00843215 -0.00217987 -0.00050747 -0.000915821 0.00111798 0.000944728 0.00355683 0.00813834
internal_weight=28825 16258 4082 12567 12176 1682 264 3818 12136 9700 2436 10885 1017 324
internal_count=28825 16258 4082 12567 12176 1682 264 3818 12136 9700 2436 10885 1017 324
is_linear=0
shrinkage=0.05


Tree=78
num_leaves=15
num_cat=0
split_feature=1 0 5 4 1 9 0 0 1 0 5 5 7 0
split_gain=13.4796 6.52733 3.69755 8.73169 3.7803 3.26452 3.14487 3.10378 4.37373 3.83496 3.571 2.98694 5.9328 6.0513
threshold=3.0933100309410118 4.6890490276048302 2.9147406515374907 3.8416452458569199 4.009148069257761 228.50000000000003 0.71754226264466137 5.8043791177364872 8.0865996359115293 8.5341078519497966 4.3021403985023996 2.4124812234750377 5.5000000000000009 3.9806153609893591
decision_type=8 8 2 2 8 2 8 8 8 8 2 2 2 10
left_child=5 -2 -3 -4 -5 6 -1 -6 -9 -10 -11 -8 13 -13
right_child=1 2 3 4 7 -7 11 8 9 10 -12 12 -14 -15
leaf_value=-0.01092284636654179 -9.7321941063255912e-05 -3.144055846402305e-05 0.019879829406605237 -0.0061940077410788455 0.0013715855233581229 -0.00010036740780652262 -0.0017934885474407032 0.0030103585434550295 0.0043615583287502984 0.0071812056174332456 0.027511432932271641 -0.0071403427494510984 -0.023668681728568945 0.010645422255941506
leaf_weight=100 10838 2250 68 132 3819 2573 5938 2534 112 42 47 274 42 56
leaf_count=100 10838 2250 68 132 3819 2573 5938 2534 112 42 47 274 42 56
internal_value=1.78808e-06 0.000729297 0.00172409 0.00230875 0.00212416 -0.00160497 -0.0022087 0.00229352 0.00357893 0.0106466 0.0182861 -0.00206718 -0.006403 -0.00407621
internal_weight=28825 19842 9004 6754 6686 8983 6410 6554 2735 201 89 6310 372 330
internal_count=28825 19842 9004 6754 6686 8983 6410 6554 2735 201 89 6310 372 330
is_linear=0
shrinkage=0.05


Tree=79
num_leaves=15
num_cat=0
split_feature=0 5 0 1 3 0 4 4 7 11 11 3 2 4
split_gain=12.3943 5.36975 4.25666 3.82072 5.8396 2.69393 5.28608 5.02779 2.63681 6.14579 21.3637 3.38759 3.68549 2.80243
threshold=3.4307509472323381 1.3360402017275776 6.5595901584189162 4.5025797605180733 4.1759233694141225 2.1916379270371573 3.1399227969851125 2.57385187861918 5.5000000000000009 9.5000000000000018 10.500000000000002 2.5725830935269314 3.051614755219402 7.4400837358345884
decision_type=8 2 10 10 10 10 2 2 2 2 2 8 10 2
left_child=3 -2 8 4 5 6 7 -1 11 -10 -11 12 -3 -13
right_child=1 2 -4 -5 -6 -7 -8 -9 9 10 -12 13 -14 -15
leaf_value=-0.0023325510812547026 -0.0024396864851506874 0.009176969802496205 0.0048651626593940534 0.013454612474455391 -0.01141216254997233 -0.00073048078665379379 0.014960717170690134 -0.013159128393860417 0.0016235856848933333 -0.024310777616157228 -0.0005570154714276942 0.00084903189850490327 -0.0002049291253304423 0.012261269458017691
leaf_weight=3270 1226 256 676 41 144 6392 41 109 827 114 515 14986 176 52
leaf_count=3270 1226 256 676 41 144 6392 41 109 827 114 515 14986 176 52
internal_value=1.78197e-06 0.000757257 0.00098018 -0.00142092 -0.00148487 -0.00133688 -0.00246916 -0.00268937 0.000824463 -0.00120856 -0.00492556 0.00101594 0.00537138 0.00089012
internal_weight=28825 18828 17602 9997 9956 9812 3420 3379 16926 1456 629 15470 432 15038
internal_count=28825 18828 17602 9997 9956 9812 3420 3379 16926 1456 629 15470 432 15038
is_linear=0
shrinkage=0.05


Tree=80
num_leaves=15
num_cat=0
split_feature=1 0 4 3 5 4 2 9 0 4 0 3 4 5
split_gain=11.3572 5.30847 5.85995 6.54578 5.99268 3.89916 3.94278 3.66585 2.90966 6.44868 2.89851 3.06209 3.27205 3.01804
threshold=4.220976135012763 2.9729720159030868 4.7618314478349104 4.4566674860317592 3.1590944613122725 2.5966529705928356 1.9530024665512917 97.500000000000014 4.299323912465062 3.755859811508055 5.4445775410940529 3.5807334159313826 4.3030792371300928 5.4350988752582339
decision_type=10 10 2 10 2 2 8 2 10 2 8 8 2 2
left_child=1 2 3 4 -1 -3 -7 -6 -8 -10 13 -12 -13 -2
right_child=10 5 -4 -5 7 6 8 -9 9 -11 11 12 -14 -15
leaf_value=-0.0015703993419850936 0.00085763775767231125 0.010366544915082794 0.01348473488711394 -0.014309038335457444 0.00045403299913944115 -0.014368223711016013 -0.00018541215129467588 0.020172488968819381 0.017252555188855958 0.0015605364586943591 0.010933779439046269 -0.004776554825440156 0.0025883887024105243 -0.0087449031426495571
leaf_weight=9922 5842 91 63 98 44 45 7836 49 68 1023 103 156 3404 81
leaf_count=9922 5842 91 63 98 44 45 7836 49 68 1023 103 156 3404 81
internal_value=1.69997e-06 -0.000698852 -0.00148255 -0.00157843 -0.00145103 0.000181219 7.56253e-05 0.0110493 0.000151637 0.00256837 0.00140755 0.0025128 0.00226315 0.000723411
internal_weight=28825 19239 10176 10113 10015 9063 8972 93 8927 1091 9586 3663 3560 5923
internal_count=28825 19239 10176 10113 10015 9063 8972 93 8927 1091 9586 3663 3560 5923
is_linear=0
shrinkage=0.05


Tree=81
num_leaves=15
num_cat=0
split_feature=0 0 9 4 4 7 1 1 4 1 3 9 4 0
split_gain=10.3297 5.02874 3.78442 3.62513 3.38146 3.19832 4.60269 3.17634 4.98803 3.17319 3.4399 5.35054 3.57294 3.75825
threshold=3.2228599096927897 4.9784549145160613 325.50000000000006 1.6800960078692779 4.2870925395228943 5.5000000000000009 4.7978524041886734 4.3975260874596289 4.2023404814205838 6.6920645005918873 5.2574818084757586 169.50000000000003 4.7291929724237436 3.7086700666559982
decision_type=8 10 2 2 2 2 8 10 2 10 10 2 2 10
left_child=7 2 3 -2 -3 -6 -7 8 -1 10 12 -12 -5 -14
right_child=1 4 -4 9 5 6 -8 -9 -10 -11 11 -13 13 -15
leaf_value=-0.0014341950283485725 -0.0058062181853181741 0.014014973398939297 0.0026997950348592475 -0.00010127672600947302 0.0023758978428791984 -0.01658468561252812 -0.00028406905040115999 0.011655077892963005 -0.018128050267696382 0.0091818061990565376 -0.00060835260284179248 -0.010350482663883824 0.0064326393671961888 0.00090618798415362874
leaf_weight=8491 265 57 1385 11947 3935 48 324 44 43 93 484 197 428 1084
leaf_count=8491 265 57 1385 11947 3935 48 324 44 43 93 484 197 428 1084
internal_value=1.73194e-06 0.000617817 0.000204672 -3.40272e-05 0.00212069 0.00195685 -0.00246481 -0.00145224 -0.00152254 7.42442e-05 1.30529e-05 -0.00344862 0.000188693 0.00247698
internal_weight=28825 20247 15883 14498 4364 4307 372 8578 8534 14233 14140 681 13459 1512
internal_count=28825 20247 15883 14498 4364 4307 372 8578 8534 14233 14140 681 13459 1512
is_linear=0
shrinkage=0.05


Tree=82
num_leaves=15
num_cat=0
split_feature=4 0 0 0 3 0 4 7 1 9 0 3 4 6
split_gain=9.37864 5.23516 4.02977 3.51199 3.44907 3.21427 3.1217 2.97681 3.77038 2.87734 2.85013 3.01672 4.62147 4.08084
threshold=3.0275695803760212 4.299323912465062 3.4307509472323381 1.8000241202036604 4.8382621075595269 1.7833559100698646 1.5335947069635234 4.5000000000000009 2.5725830935269314 14.500000000000002 7.0071430020149554 3.6519552588822624 4.2870925395228943 7.815408308748145
decision_type=2 8 10 10 10 10 2 2 8 2 10 8 2 8
left_child=2 3 5 -2 7 -1 -7 -5 -9 -10 11 -3 13 -13
right_child=1 10 -4 4 -6 6 -8 8 9 -11 -12 12 -14 -15
leaf_value=-0.0027309477238648635 0.013623972965611353 0.0033804932118571621 0.0076061360607097856 0.00036394271924363863 -0.0051533981880459157 0.011576369806539779 -0.00085607780606091778 -0.016103057712316512 -0.011672211009765794 -0.0011405706743240205 0.0060379031679457839 0.0022605941188376163 0.0012933965465850624 -0.0038292600312129152
leaf_weight=3298 43 1356 121 6416 361 49 5133 43 65 2062 308 398 8291 881
leaf_count=3298 43 1356 121 6416 361 49 5133 43 65 2062 308 398 8291 881
internal_value=1.62441e-06 0.000589784 -0.00138116 -0.000309457 -0.000379452 -0.00151116 -0.000734098 -0.000177577 -0.00177754 -0.00147307 0.00130933 0.00117495 0.000861799 -0.00193364
internal_weight=28825 20224 8601 8990 8947 8480 5182 8586 2170 2127 11234 10926 9570 1279
internal_count=28825 20224 8601 8990 8947 8480 5182 8586 2170 2127 11234 10926 9570 1279
is_linear=0
shrinkage=0.05


Tree=83
num_leaves=15
num_cat=0
split_feature=0 5 1 3 0 9 3 2 0 3 11 0 5 4
split_gain=8.6427 3.99 3.78545 4.69596 3.19212 2.45693 4.18837 4.15362 2.43392 2.66674 2.40313 2.11478 4.03119 3.17218
threshold=3.4419873751583672 1.3360402017275776 4.5141453890984682 4.1759233694141225 6.5595901584189162 262.50000000000006 2.8847851075971023 1.7137573449897647 1.011435595095721 1.2382692000587421 10.500000000000002 2.2924837393352866 1.1993017431153092 3.1648099451599117
decision_type=8 2 10 10 10 2 8 8 10 8 2 10 2 2
left_child=2 -2 3 8 5 7 -7 -3 10 -10 -1 12 -11 -14
right_child=1 4 -4 -5 -6 6 -8 -9 9 11 -12 -13 13 -15
leaf_value=-0.0032597933246072612 -0.0022394967804319084 -0.013310317989354108 0.013505692058242858 -0.0089828781201197819 0.0042138534585217631 0.007596982765204905 0.0013679835006235571 0.00045943397707946457 0.0034635346584525554 -0.0011542613116004164 -0.015114124471995425 -0.00051374916104986103 -0.0065402341771804359 0.006860986959266787
leaf_weight=505 1110 53 42 188 676 294 3079 12992 341 2375 45 6470 609 46
leaf_count=505 1110 53 42 188 676 294 3079 12992 341 2375 45 6470 609 46
internal_value=1.55935e-06 0.000662856 -0.00113179 -0.00119244 0.00085156 0.000712624 0.0019151 0.000401458 -0.00104979 -0.000868376 -0.00428094 -0.00102457 -0.00211426 -0.00558106
internal_weight=28825 18204 10621 10579 17094 16418 3373 13045 10391 9841 550 9500 3030 655
internal_count=28825 18204 10621 10579 17094 16418 3373 13045 10391 9841 550 9500 3030 655
is_linear=0
shrinkage=0.05


Tree=84
num_leaves=15
num_cat=0
split_feature=4 0 3 5 0 1 9 3 5 4 7 0 5 4
split_gain=7.87949 5.39678 5.66475 7.56025 5.04325 5.01649 4.61574 5.48125 3.90245 3.44612 3.23977 3.14795 2.63982 2.57101
threshold=4.5429282443984915 2.9729720159030868 4.4566674860317592 3.1977328257052711 6.4433281168206564 8.0865996359115293 83.500000000000014 3.7853247081855312 4.885447298999317 2.464561957930655 1.0000000180025095e-35 8.5341078519497966 3.0168363990828326 0.86449146708195113
decision_type=2 10 10 2 8 8 2 10 2 2 2 8 2 2
left_child=1 2 3 13 8 -6 -5 -8 -2 -3 -10 -7 -4 -1
right_child=4 9 12 6 5 11 7 -9 10 -11 -12 -13 -14 -15
leaf_value=-0.005588070284305276 0.001003436848485921 0.012782089744101872 -0.0010357753953333789 -0.00097789248543311705 0.0028107902742665284 0.0043683303201416147 0.026571519534835327 0.0028451613261890802 0.0070647290862736207 0.00023269266475080361 -0.0051829566455694216 0.018772696324491078 -0.015511365394865841 -0.0011954108524059681
leaf_weight=343 5692 53 46 64 1735 72 54 44 60 10228 427 82 100 9825
leaf_count=343 5692 53 46 64 1735 72 54 44 60 10228 427 82 100 9825
internal_value=1.43404e-06 -0.000513958 -0.00131253 -0.00117314 0.00132721 0.00358673 0.00947769 0.0161888 0.000635511 0.00029986 -0.00365128 0.0121805 -0.0110262 -0.00134466
internal_weight=28825 20757 10476 10330 8068 1889 162 98 6179 10281 487 154 146 10168
internal_count=28825 20757 10476 10330 8068 1889 162 98 6179 10281 487 154 146 10168
is_linear=0
shrinkage=0.05


Tree=85
num_leaves=15
num_cat=0
split_feature=0 1 4 4 11 7 2 3 5 0 2 1 0 11
split_gain=7.31332 4.59512 5.61985 3.9844 3.11181 3.04346 4.81217 4.04938 5.03067 4.18623 3.68032 3.20235 3.01737 2.65609
threshold=3.6661191964630322 4.5981410073625719 4.5790370239789153 2.9302429726433266 1.5000000000000002 5.5000000000000009 3.1157326077443077 3.6661191964630322 2.2864518456742933 6.1771131179264165 3.2619279743942671 6.1002561074747632 4.0707332405359322 9.5000000000000018
decision_type=8 10 2 2 2 2 8 8 2 10 10 10 8 2
left_child=1 2 -1 -2 -5 7 -7 8 -6 -9 12 -11 -10 -8
right_child=3 -3 -4 4 5 6 13 9 10 11 -12 -13 -14 -15
leaf_value=-0.00092722587713050012 -0.0019501312003377741 0.014188924714922904 -0.016804843464966066 -0.001853765514882768 0.00074400164770299735 -0.014688155359204209 0.0014694794291051226 0.000639916451112291 0.0039445561856997239 0.010563754491158761 0.0039721265751474413 0.0027954352071709715 0.014766297090343786 -0.0031588072805353571
leaf_weight=11940 1328 48 54 959 973 61 717 10171 106 158 803 794 170 543
leaf_count=11940 1328 48 54 959 973 61 717 10171 106 158 803 794 170 543
internal_value=1.52525e-06 -0.000938605 -0.0010015 0.000676111 0.000901999 0.00108454 -0.00120208 0.00131396 0.00335384 0.0009371 0.00570155 0.00410416 0.0106684 -0.000526937
internal_weight=28825 12042 11994 16783 15455 14496 1321 13175 2052 11123 1079 952 276 1260
internal_count=28825 12042 11994 16783 15455 14496 1321 13175 2052 11123 1079 952 276 1260
is_linear=0
shrinkage=0.05


Tree=86
num_leaves=15
num_cat=0
split_feature=0 0 9 7 1 11 1 3 1 5 2 9 9 3
split_gain=6.68459 3.5223 3.03126 2.9982 3.40865 2.80787 3.39086 5.96247 3.3863 3.31929 2.97957 2.80214 2.78664 2.76614
threshold=3.240635401824949 5.0782890901091458 325.50000000000006 5.5000000000000009 4.8382621075595269 1.5000000000000002 5.7745467231763365 5.3082554435504319 2.6063797390931955 4.885447298999317 5.5214529177982463 278.50000000000006 171.50000000000003 4.4566674860317592
decision_type=8 10 2 2 8 2 10 10 8 2 10 2 2 10
left_child=13 2 5 -3 -5 11 7 8 -7 12 -8 -2 -9 -1
right_child=1 3 -4 4 -6 6 10 9 -10 -11 -12 -13 -14 -15
leaf_value=-0.0010734155692222692 -0.0014334939018674736 0.0022766543287782038 0.0023686387643894538 -0.015782601390640402 -0.00072728802594367774 -0.0031286216008981661 -0.0062535393376683089 -0.00071312182860007553 0.00047012746151722242 -0.014390192138186346 0.0082247441035077726 -0.0088523524254886105 -0.0096434042384822144 -0.010139714741312407
leaf_weight=8549 1171 3564 1435 41 301 689 41 286 12104 82 214 141 124 83
leaf_count=8549 1171 3564 1435 41 301 689 41 286 12104 82 214 141 124 83
internal_value=1.49651e-06 0.000499321 0.00017584 0.00184737 -0.00261343 -3.63182e-05 0.00017781 6.77551e-05 0.000275849 -0.00532232 0.00586631 -0.00224306 -0.00344769 -0.00116292
internal_weight=28825 20193 16287 3906 342 14852 13540 13285 12793 492 255 1312 410 8632
internal_count=28825 20193 16287 3906 342 14852 13540 13285 12793 492 255 1312 410 8632
is_linear=0
shrinkage=0.05


Tree=87
num_leaves=15
num_cat=0
split_feature=4 0 3 5 0 1 9 3 5 4 0 7 3 4
split_gain=6.14161 4.30309 5.11526 6.6559 4.27212 4.45466 4.1298 4.91915 3.43219 3.26417 3.02648 2.88728 2.6117 2.55042
threshold=4.5429282443984915 2.9729720159030868 4.4566674860317592 3.1977328257052711 6.4433281168206564 8.0865996359115293 83.500000000000014 3.7853247081855312 4.885447298999317 2.5966529705928356 8.5341078519497966 1.0000000180025095e-35 4.7131208810166667 4.6368866078949642
decision_type=2 10 10 2 8 8 2 10 2 2 8 2 8 2
left_child=1 2 3 -1 8 12 -5 -8 -2 -3 -7 -10 13 -6
right_child=4 9 -4 6 5 10 7 -9 11 -11 -12 -13 -14 -15
leaf_value=-0.0011953848909603967 0.00088014992864427193 0.0095977878478425808 -0.010397281056833203 -0.0009307468070112395 -0.0012532063760445453 0.0037096984631765787 0.025142836044467133 0.0026674919174579179 0.0066317218827128769 0.00018774791718460991 0.017808811560722202 -0.004930925412879433 0.0016425189587853219 0.0094945207411668009
leaf_weight=10168 5692 91 146 64 73 72 54 44 60 10190 82 427 1443 219
leaf_count=10168 5692 91 146 64 73 72 54 44 60 10190 82 427 1443 219
internal_value=1.21771e-06 -0.000453802 -0.00116688 -0.00103444 0.00117169 0.00325129 0.00895899 0.015307 0.000535087 0.000272889 0.0113491 -0.00348507 0.00252029 0.00681734
internal_weight=28825 20757 10476 10330 8068 1889 162 98 6179 10281 154 487 1735 292
internal_count=28825 20757 10476 10330 8068 1889 162 98 6179 10281 154 487 1735 292
is_linear=0
shrinkage=0.05


Tree=88
num_leaves=15
num_cat=0
split_feature=0 1 4 2 11 2 7 11 11 0 1 3 5 2
split_gain=5.66039 4.22685 4.97544 3.0993 3.08063 2.95454 2.66652 3.561 15.1177 2.79583 3.01087 2.32524 5.55138 2.60771
threshold=3.6661191964630322 4.5981410073625719 4.5790370239789153 1.8640500836336089 1.5000000000000002 5.6419007834884924 5.5000000000000009 9.5000000000000018 10.500000000000002 7.2555351629467291 7.3822723622443664 3.6661191964630322 2.4729186796715226 3.2619279743942671
decision_type=8 10 2 8 2 8 2 2 2 10 10 8 2 10
left_child=1 2 -1 -2 5 -5 9 -8 -9 11 -11 12 -6 -14
right_child=3 -3 -4 4 6 -7 7 8 -10 10 -12 -13 13 -15
leaf_value=-0.00081618784234196605 -0.003556146680545668 0.013682768084108829 -0.015755646369195478 -0.00093780685379248822 0.00062570678005083649 -0.0095025361075091203 0.00099285946927533974 -0.019482588295691782 -9.8365237549946718e-06 0.015607267313382842 0.0029104108171444949 0.00070026738421322381 0.010213854917193652 0.0039661206912755213
leaf_weight=11940 436 48 54 1092 1646 109 811 124 477 64 164 10933 219 708
leaf_count=11940 436 48 54 1092 1646 109 811 124 477 64 164 10933 219 708
internal_value=1.36169e-06 -0.00082573 -0.000886065 0.000594837 0.000705972 -0.00172963 0.000899306 -0.00116855 -0.0040788 0.00111204 0.00657916 0.00101879 0.00237063 0.00546093
internal_weight=28825 12042 11994 16783 16347 1201 15146 1412 601 13734 228 13506 2573 927
internal_count=28825 12042 11994 16783 16347 1201 15146 1412 601 13734 228 13506 2573 927
is_linear=0
shrinkage=0.05


Tree=89
num_leaves=15
num_cat=0
split_feature=4 0 0 3 5 9 1 5 3 4 11 3 9 1
split_gain=5.29143 3.84148 3.70313 4.6696 5.90542 3.75845 3.58054 3.14174 3.01743 2.98599 2.58036 3.32863 2.39769 2.41279
threshold=4.5429282443984915 5.9467209638572145 2.9729720159030868 4.4566674860317592 3.1977328257052711 68.500000000000014 8.7873438609466223 5.1219934088113552 5.9454171821536743 2.5966529705928356 14.500000000000002 4.7131208810166667 228.50000000000003 1.0816615128302691
decision_type=2 8 10 10 2 2 8 2 8 2 2 8 2 10
left_child=2 7 3 4 12 -6 10 -2 -9 -4 11 -3 13 -1
right_child=1 6 9 -5 5 -7 -8 8 -10 -11 -12 -13 -14 -15
leaf_value=-0.004012169556913755 0.00060690461456429888 0.0071062594007323017 0.0091717704870207337 -0.0099016603190574572 -0.0037058520120905438 0.013118852576741778 0.010546561137675945 0.0012921732332696148 -0.010633613504544502 0.00017163607339016793 -0.0067934097636393022 0.0017516056325058559 0.00012146036634585879 -0.0012465900978781445
leaf_weight=898 5427 342 91 146 45 117 137 92 122 10190 74 1874 2854 6416
leaf_count=898 5427 342 91 146 45 117 137 92 122 10190 74 1874 2854 6416
internal_value=1.28889e-06 0.00108773 -0.000421064 -0.00108257 -0.000956031 0.00845712 0.0027502 0.000371749 -0.00554215 0.000253067 0.00227499 0.00258366 -0.00110764 -0.00158715
internal_weight=28825 8068 20757 10476 10330 162 2427 5641 214 10281 2290 2216 10168 7314
internal_count=28825 8068 20757 10476 10330 162 2427 5641 214 10281 2290 2216 10168 7314
is_linear=0
shrinkage=0.05


Tree=90
num_leaves=15
num_cat=0
split_feature=0 9 1 11 0 9 3 5 7 11 11 4 2 4
split_gain=4.97379 3.66082 3.61043 3.14902 3.27421 3.2717 3.67026 4.81546 2.9759 2.83041 11.6952 2.80743 2.70049 6.89737
threshold=4.8563178580693975 325.50000000000006 6.6920645005918873 6.5000000000000009 1.0816615128302691 60.500000000000007 5.1736040822716065 3.8120459785089529 5.5000000000000009 9.5000000000000018 10.500000000000002 4.105758092434602 4.6467889852731199 4.7457411364429065
decision_type=10 2 10 2 8 2 10 2 2 2 2 2 10 2
left_child=1 2 3 5 -5 12 7 -7 -6 -10 -11 -2 -1 -14
right_child=11 -3 -4 4 8 6 -8 -9 9 10 -12 -13 13 -15
leaf_value=-0.0024041826431796271 0.01430889158842287 0.0018699825144250931 0.0092495491850729059 -0.012027287503484071 0.00032240953436427251 -0.00071901071061758796 -0.0067679762838346773 0.007085030137852587 0.0029728692601877394 -0.023011589882423314 -0.0019218396140873494 0.0013235569778971268 -0.021550243412793588 -0.0004065594355281639
leaf_weight=1956 40 1795 93 54 10865 7538 240 201 179 71 666 4970 64 93
leaf_count=1956 40 1795 93 54 10865 7538 240 201 179 71 666 4970 64 93
internal_value=1.25079e-06 -0.000300023 -0.000477068 -0.000519162 3.41768e-05 -0.00116795 -0.000704289 -0.000514543 9.14944e-05 -0.00264221 -0.00401033 0.0014329 -0.00291647 -0.0091883
internal_weight=28825 23815 22020 21927 11835 10092 7979 7739 11781 916 737 5010 2113 157
internal_count=28825 23815 22020 21927 11835 10092 7979 7739 11781 916 737 5010 2113 157
is_linear=0
shrinkage=0.05


Tree=91
num_leaves=15
num_cat=0
split_feature=0 9 1 3 11 0 9 9 4 7 11 11 8 2
split_gain=4.51882 3.40313 3.51918 3.50053 3.05255 2.98395 2.82417 2.78856 2.76313 2.52322 2.57381 10.7589 2.49613 2.95563
threshold=4.9784549145160613 314.50000000000006 5.6419007834884924 5.6767479380942811 6.5000000000000009 1.0816615128302691 175.50000000000003 60.500000000000007 4.2870925395228943 5.5000000000000009 9.5000000000000018 10.500000000000002 1.5000000000000002 4.6662613029219058
decision_type=10 2 10 10 2 8 2 2 2 2 2 2 2 10
left_child=1 2 3 4 7 -6 -4 12 -2 -7 -11 -12 -1 -14
right_child=8 -3 6 -5 5 9 -8 -9 -10 10 11 -13 13 -15
leaf_value=-0.00077531559878884484 0.012232699579859185 0.0015161024206606236 0.0067568616997210913 -0.0079749348453866317 -0.011447400299532872 0.00033552337847676128 -0.0058990455843191949 -0.00068666993088064665 0.0013349702547769821 0.0029342434544701573 -0.022684631876387251 -0.0017769085895376912 -0.003515313755217739 -0.012955655896221288
leaf_weight=929 57 2419 270 155 54 10712 51 7768 4307 178 66 652 1119 88
leaf_count=929 57 2419 270 155 54 10712 51 7768 4307 178 66 652 1119 88
internal_value=1.07836e-06 -0.000263379 -0.000458788 -0.000535779 -0.000481578 6.6637e-05 0.00472203 -0.00112699 0.00148285 0.000122163 -0.00242371 -0.00375646 -0.00272614 -0.00422388
internal_weight=28825 24461 22042 21721 21566 11662 321 9904 4364 11608 896 718 2136 1207
internal_count=28825 24461 22042 21721 21566 11662 321 9904 4364 11608 896 718 2136 1207
is_linear=0
shrinkage=0.05


Tree=92
num_leaves=15
num_cat=0
split_feature=0 3 1 7 11 11 0 1 11 11 2 6 9 2
split_gain=4.29649 2.77007 3.0903 2.55206 4.16087 15.5768 3.22191 3.00077 2.79902 2.27153 3.22728 2.17436 2.12092 3.59222
threshold=3.4307509472323381 4.1759233694141225 4.0901604373868432 5.5000000000000009 9.5000000000000018 10.500000000000002 6.1420350931759513 6.1002561074747632 14.500000000000002 1.5000000000000002 5.6419007834884924 7.0929870996835582 266.50000000000006 1.1150072000796054
decision_type=8 10 10 2 2 2 10 10 2 2 8 10 2 8
left_child=1 2 -1 6 -5 11 9 -8 -7 10 -2 -6 13 -11
right_child=3 -3 -4 4 5 8 7 -9 -10 12 -12 -13 -14 -15
leaf_value=-0.0007825297903006987 -0.00078843704536161801 -0.0070188908957421071 0.012810154271400757 0.00078817279031298104 -0.012208276163951003 0.00097261527397750976 0.0092628155629611002 0.0020969461216012735 -0.0082818108624331845 -0.010216632826486603 -0.01017711024355498 -0.025450156331189897 0.0018477165610210724 0.00041467656955685534
leaf_weight=9781 1395 176 40 898 66 466 176 827 97 78 96 71 2918 11740
leaf_count=9781 1395 176 40 898 66 466 176 827 97 78 96 71 2918 11740
internal_value=8.76647e-07 -0.000836766 -0.000724571 0.000445677 -0.00146462 -0.00434863 0.000622997 0.0033703 -0.000645514 0.00045279 -0.00140576 -0.0193383 0.000641005 0.000342792
internal_weight=28825 9997 9821 18828 1598 700 17230 1003 563 16227 1491 137 14736 11818
internal_count=28825 9997 9821 18828 1598 700 17230 1003 563 16227 1491 137 14736 11818
is_linear=0
shrinkage=0.05


Tree=93
num_leaves=15
num_cat=0
split_feature=0 1 5 11 7 11 11 0 1 9 3 2 3 11
split_gain=3.92755 3.49281 5.09673 2.88545 3.02508 3.34901 15.1645 2.9659 2.71214 2.47969 3.38145 2.845 2.61517 2.2919
threshold=2.5297127291328443 3.4827761888541775 1.8765933950918627 1.0000000180025095e-35 5.5000000000000009 9.5000000000000018 10.500000000000002 6.1420350931759513 6.1002561074747632 266.50000000000006 2.0731521505764063 1.2382692000587421 1.1150072000796054 9.5000000000000018
decision_type=8 10 2 2 2 2 2 10 10 2 8 8 8 2
left_child=1 2 -1 -2 7 -6 -7 9 -9 11 -11 -5 -13 -14
right_child=3 -3 -4 4 5 6 -8 8 -10 10 -12 12 13 -15
leaf_value=-0.00096642138102962221 -0.0023699992497060469 0.0099522556756924396 -0.0068716654278288937 -0.0078667922142300426 0.00032497828683993908 -0.018698412952714655 -0.00088581903968136815 0.0088048785588466152 0.0019923517601928239 0.0091861867399087981 0.0012689006629160507 0.012374883447773755 -0.00032137086867892444 0.00089912120801720937
leaf_weight=4353 996 66 397 108 1115 141 728 176 827 138 3731 42 9585 6422
leaf_count=4353 996 66 397 108 1115 141 728 176 827 138 3731 42 9585 6422
internal_value=6.70707e-07 -0.00130216 -0.00146266 0.000262094 0.000376207 -0.00148918 -0.00381231 0.000552324 0.00320291 0.000419263 0.0015559 0.000146922 0.000201823 0.000168341
internal_weight=28825 4816 4750 24009 23013 1984 869 21029 1003 20026 3869 16157 16049 16007
internal_count=28825 4816 4750 24009 23013 1984 869 21029 1003 20026 3869 16157 16049 16007
is_linear=0
shrinkage=0.05


Tree=94
num_leaves=15
num_cat=0
split_feature=1 0 4 2 0 3 9 4 4 0 0 2 4 5
split_gain=3.69159 2.88779 3.1594 5.10824 2.78675 2.57714 3.05086 3.19357 2.62265 2.42185 3.12455 3.19245 2.28049 2.1099
threshold=4.6200466650627661 3.6661191964630322 3.4650835157590758 2.5297127291328443 4.0707332405359322 4.8218918729550593 176.50000000000003 4.7930415752434605 4.7930415752434605 3.8522707471507842 4.6001450180613412 5.3936172156671276 0.86449146708195113 3.8447817893020662
decision_type=10 10 2 8 10 10 2 2 2 8 8 10 2 2
left_child=1 5 4 -4 -3 8 7 -7 12 -2 11 -11 -1 -8
right_child=9 2 3 -5 -6 6 13 -9 -10 10 -12 -13 -14 -15
leaf_value=-0.0046557095202117938 0.011122955697572838 0.0035965770021888243 -0.017046894086524846 0.00044842025031438727 0.0174654908742225 -0.0067803128551349803 -0.0047270921668545775 0.009328684484906263 0.011588869510821744 -0.0016291500798298886 0.0012599460107840129 -0.016037687678111808 -0.00054361610159999287 -0.018946365014946259
leaf_weight=343 57 242 40 6323 41 78 53 48 42 463 6063 40 14939 53
leaf_count=343 57 242 40 6323 41 78 53 48 42 463 6063 40 14939 53
internal_value=6.60841e-07 -0.000308397 0.000563909 0.000333117 0.00571432 -0.000681097 -0.00588902 -0.000593678 -0.000601493 0.00103648 0.00094556 -0.00283394 -0.000636508 -0.0120559
internal_weight=28825 22202 6646 6363 283 15556 232 126 15324 6623 6566 503 15282 106
internal_count=28825 22202 6646 6363 283 15556 232 126 15324 6623 6566 503 15282 106
is_linear=0
shrinkage=0.05


Tree=95
num_leaves=15
num_cat=0
split_feature=1 2 5 0 4 6 2 9 3 9 7 11 11 3
split_gain=3.33148 2.75656 3.71795 3.2813 3.8152 3.4233 3.02567 2.73816 2.69689 2.38372 2.2978 3.36278 4.80365 4.10361
threshold=4.6200466650627661 6.6227354397820148 4.4964301412245531 3.8522707471507842 3.7157388092992272 7.4578967251982533 4.1149555194928924 325.50000000000006 4.1759233694141225 159.50000000000003 1.0000000180025095e-35 9.5000000000000018 10.500000000000002 5.7745467231763365
decision_type=10 10 2 10 2 10 8 2 10 2 2 2 2 8
left_child=1 2 3 7 5 -5 -4 8 -1 -8 11 13 -13 -2
right_child=10 -3 6 4 -6 -7 9 -9 -10 -11 -12 12 -14 -15
leaf_value=-0.00059138125137387081 0.0023947744740040176 0.011676291650413381 -0.017638600035570561 -0.001605339931932178 0.00045255617774280171 0.0084572756473536414 0.00052872989538379686 0.0018536006117654382 -0.0033392245083872633 -0.01039126394086598 0.00059496559550098352 0.013415235733293977 0.0027285620070198456 -0.0095362473830537895
leaf_weight=14663 418 46 46 119 4815 285 130 1070 949 79 5639 154 327 85
leaf_count=14663 418 46 46 119 4815 285 130 1070 949 79 5639 154 327 85
internal_value=5.73834e-07 -0.000293023 -0.000318925 -0.000248742 0.000845232 0.00549998 -0.00629787 -0.000591054 -0.00075882 -0.00365829 0.000984578 0.00321159 0.00619146 0.000348815
internal_weight=28825 22202 22156 21901 5219 404 255 16682 15612 209 6623 984 481 503
internal_count=28825 22202 22156 21901 5219 404 255 16682 15612 209 6623 984 481 503
is_linear=0
shrinkage=0.05


Tree=96
num_leaves=15
num_cat=0
split_feature=0 1 5 11 7 11 11 0 6 9 3 2 9 12
split_gain=3.20055 3.08934 4.61662 2.51326 2.70438 3.00621 13.7193 2.57172 2.08342 1.96739 3.01331 2.51713 2.27253 7.12627
threshold=2.5297127291328443 3.4827761888541775 1.8765933950918627 1.0000000180025095e-35 5.5000000000000009 9.5000000000000018 10.500000000000002 8.1463143529809319 7.0929870996835582 266.50000000000006 2.0731521505764063 1.2382692000587421 162.50000000000003 2.5000000000000004
decision_type=8 10 2 2 2 2 2 10 10 2 8 8 2 2
left_child=1 2 -1 -2 7 -6 8 9 -7 11 -11 -5 -13 -14
right_child=3 -3 -4 4 5 6 -8 -9 -10 10 -12 12 13 -15
leaf_value=-0.000854255638105868 -0.0022199450358492685 0.0094087155879071151 -0.0064743985794397082 -0.0072544964586241968 0.00029811823724173645 -0.010786814444075872 -0.00083818107502525426 0.012450162204396395 -0.023495425329265462 0.0086939395969966426 0.0012231073237312629 0.00065793851650245675 0.00059823134774336954 -0.003716332980206208
leaf_weight=4353 996 66 397 109 1115 66 728 43 75 138 3819 12240 3341 1339
leaf_count=4353 996 66 397 109 1115 66 728 43 75 138 3819 12240 3341 1339
internal_value=5.41678e-07 -0.00117554 -0.00132651 0.000236533 0.000343033 -0.00142071 -0.00362173 0.000509554 -0.0177808 0.000483903 0.00148791 0.000250456 0.000299655 -0.000637274
internal_weight=28825 4816 4750 24009 23013 1984 869 21029 141 20986 3957 17029 16920 4680
internal_count=28825 4816 4750 24009 23013 1984 869 21029 141 20986 3957 17029 16920 4680
is_linear=0
shrinkage=0.05


Tree=97
num_leaves=15
num_cat=0
split_feature=0 1 3 4 9 11 0 9 2 8 6 2 7 9
split_gain=3.05775 2.53262 4.15313 2.52999 2.49459 2.23993 2.56839 2.43132 2.15498 2.06655 2.23207 3.36981 2.06139 2.0264
threshold=4.9784549145160613 5.8921910571474765 5.6767479380942811 4.2870925395228943 314.50000000000006 6.5000000000000009 1.0816615128302691 60.500000000000007 3.9337825823848944 1.5000000000000002 7.4863320223630536 4.6662613029219058 1.0000000180025095e-35 176.50000000000003
decision_type=10 10 10 2 2 2 8 2 8 2 8 10 2 2
left_child=1 2 4 -2 5 7 -7 9 -5 -1 -11 -12 -8 -3
right_child=3 13 -4 8 -6 6 12 -9 -10 10 11 -13 -14 -15
leaf_value=-0.00064924941370743264 0.011504930561266336 0.0069446887561307284 -0.0074262229377920486 -0.0075020568238364331 0.0013211161695517641 -0.010591750920450848 0.0016399413078352486 -0.00051999460257700053 0.0012231656948867775 -0.00049039885055528112 -0.0043092044990652558 -0.016733938732216038 -0.00015372304602828527 -0.0044293327142997663
leaf_weight=932 57 202 199 70 2396 54 1916 7788 4237 362 792 57 9716 47
leaf_count=932 57 202 199 70 2396 54 1916 7788 4237 362 792 57 9716 47
internal_value=4.37199e-07 -0.000217105 -0.000268882 0.00121934 -0.000208955 -0.000378652 9.05535e-05 -0.000930683 0.00107794 -0.00242131 -0.00378179 -0.00518074 0.000141957 0.0047796
internal_weight=28825 24461 24212 4364 24013 21617 11686 9931 4307 2143 1211 849 11632 249
internal_count=28825 24461 24212 4364 24013 21617 11686 9931 4307 2143 1211 849 11632 249
is_linear=0
shrinkage=0.05


Tree=98
num_leaves=15
num_cat=0
split_feature=4 0 1 0 5 9 9 9 9 0 3 5 4 5
split_gain=2.79896 3.08302 3.39116 3.01583 2.82789 2.78327 3.41466 2.62732 3.31263 2.57476 3.34728 5.43081 3.87109 2.49446
threshold=4.5429282443984915 6.4433281168206564 8.0865996359115293 8.7873438609466223 5.4350988752582339 113.50000000000001 143.50000000000003 10.500000000000002 5.5000000000000009 2.35611462914075 4.4566674860317592 2.8909742798262141 3.8416452458569199 3.0168363990828326
decision_type=2 8 8 8 2 2 2 2 2 10 10 2 2 2
left_child=7 4 -3 -4 -2 -6 -7 8 -1 10 11 -9 -13 -12
right_child=1 2 3 -5 5 6 -8 9 -10 -11 13 12 -14 -15
leaf_value=0.00030851384297378188 0.00043536661774246473 0.0019196818063779071 0.0025965028016571527 0.016579858273960271 0.00059514070929832415 -0.021192875609267504 -0.0021317449711947419 -0.0011328355897899779 -0.0095445249771326547 0.00018685849624128117 0.00053326279113124738 0.015294590494476068 0.0023621210286839181 -0.014555977112971819
leaf_weight=169 6000 1735 78 76 86 46 47 6926 170 13070 42 76 228 76
leaf_count=169 6000 1735 78 76 86 46 47 6926 170 13070 42 76 228 76
internal_value=3.10676e-07 0.000790479 0.00255708 0.00962147 0.000249754 -0.00590796 -0.0118075 -0.000306865 -0.00465954 -0.000234148 -0.000982846 -0.000845135 0.00567407 -0.00926586
internal_weight=28825 8068 1889 154 6179 179 93 20757 339 20418 7348 7230 304 118
internal_count=28825 8068 1889 154 6179 179 93 20757 339 20418 7348 7230 304 118
is_linear=0
shrinkage=0.05


Tree=99
num_leaves=15
num_cat=0
split_feature=7 0 2 0 11 11 9 2 3 9 11 6 11 5
split_gain=2.6425 3.2213 3.13867 2.62294 2.52267 12.7825 2.46563 2.0503 2.45529 2.0764 2.3988 2.04484 2.0304 2.31583
threshold=5.5000000000000009 5.1457404573661281 4.6662613029219058 0.71754226264466137 9.5000000000000018 10.500000000000002 129.50000000000003 6.6227354397820148 5.705446369702539 320.50000000000006 6.5000000000000009 7.0929870996835582 14.500000000000002 2.7656663301058448
decision_type=2 10 8 8 2 2 2 10 10 2 2 10 2 2
left_child=1 3 -3 6 -2 11 -1 8 9 10 -5 -6 -7 -14
right_child=4 2 -4 7 5 12 -8 -9 -10 -11 -12 -13 13 -15
leaf_value=-0.014030828404311952 -0.00011460078041667076 0.0070086666450564902 0.0011779434877583939 -0.00073688155667928133 -0.01034369196071673 0.00024932886311913817 -9.0433334480621863e-05 0.0070172482339701456 -0.0045543919967588296 0.0015243314107164468 0.00034200151102615415 -0.022870363163737917 -0.0024792935939258313 -0.014114411510527135
leaf_weight=63 1257 249 2891 9365 66 651 62 101 297 2048 11448 76 198 53
leaf_count=63 1257 249 2891 9365 66 651 62 101 297 2048 11448 76 198 53
internal_value=2.68269e-07 0.000141319 0.00164448 -6.06496e-05 -0.00162435 -0.00343843 -0.00722671 -2.15193e-05 -5.28211e-05 6.05464e-06 -0.000143476 -0.0172726 -0.00122715 -0.00502827
internal_weight=28825 26524 3140 23384 2301 1044 125 23259 23158 22861 20813 142 902 251
internal_count=28825 26524 3140 23384 2301 1044 125 23259 23158 22861 20813 142 902 251
is_linear=0
shrinkage=0.05


Tree=100
num_leaves=15
num_cat=0
split_feature=0 1 3 5 3 2 5 0 6 5 9 9 2 3
split_gain=2.45265 2.51464 3.01912 1.90396 3.4883 1.59924 1.92848 1.53755 2.17572 1.8507 1.50171 1.72076 1.45414 1.83134
threshold=3.4419873751583672 4.5141453890984682 4.1759233694141225 0.82649531408971688 1.1150072000796054 1.7137573449897647 1.7185115595448348 7.5542738752047809 6.7135589414867036 6.9173813406629288 12.500000000000002 5.5000000000000009 7.0071430020149554 7.0888238782952806
decision_type=8 10 10 2 8 8 2 10 10 2 2 2 10 10
left_child=1 2 -1 -2 -5 6 -6 9 -9 10 11 -7 13 -12
right_child=3 -3 -4 4 5 7 -8 8 -10 -11 12 -13 -14 -15
leaf_value=-0.00053885113862796243 -0.0028968521912396353 0.011325470887293871 -0.0068993579860589785 0.01482560872765524 0.00073666781420427105 0.0011283240320943647 -0.013134703089599499 -0.0032264691307114404 0.0097053459186572585 -0.0083027311432801315 0.00048383820381432577 -0.0048150423759719934 0.0052014148247034007 -0.0091969666736466549
leaf_weight=10391 438 42 188 40 52 211 46 47 98 59 16721 284 161 47
leaf_count=10391 438 42 188 40 52 211 46 47 98 59 16721 284 161 47
internal_value=7.44153e-08 -0.000603675 -0.000653167 0.000352355 0.000432778 0.000398631 -0.00590686 0.000434351 0.00552679 0.000391488 0.000421877 -0.00228726 0.000501353 0.00045561
internal_weight=28825 10621 10579 18204 17766 17726 98 17628 145 17483 17424 495 16929 16768
internal_count=28825 10621 10579 18204 17766 17726 98 17628 145 17483 17424 495 16929 16768
is_linear=0
shrinkage=0.05


Tree=101
num_leaves=15
num_cat=0
split_feature=7 0 2 0 11 11 9 2 3 4 3 5 9 9
split_gain=2.39609 2.77647 2.86103 2.36286 2.2722 11.5884 2.2358 1.87559 2.01091 1.90503 2.9393 3.49911 1.86586 2.00098
threshold=5.5000000000000009 5.1457404573661281 4.6662613029219058 0.71754226264466137 9.5000000000000018 10.500000000000002 129.50000000000003 6.6920645005918873 5.705446369702539 0.89367581038681776 1.0816615128302691 0.82649531408971688 12.500000000000002 5.5000000000000009
decision_type=2 10 8 8 2 2 2 10 10 2 8 2 2 2
left_child=1 3 -3 6 -2 -6 -1 8 9 -5 11 -11 13 -12
right_child=4 2 -4 7 5 -7 -8 -9 -10 10 12 -13 -14 -15
leaf_value=-0.013333885457653266 -0.0001141192154338209 0.0066512611802005059 0.0010844945912403697 -0.0035669109647930731 -0.016440859510314317 -0.0011631750926273396 -5.9952534866170029e-05 0.0073976898494669627 -0.0040172967571362175 0.00080989581893899261 0.00096638865220259043 0.012560647548696794 7.7556781287515465e-05 -0.0053966656574947515
leaf_weight=63 1257 249 2891 364 142 902 62 83 312 168 200 100 21713 319
leaf_count=63 1257 249 2891 364 142 902 62 83 312 168 200 100 21713 319
internal_value=5.12528e-08 0.000134364 0.00152989 -5.31413e-05 -0.00154697 -0.00326864 -0.00685464 -1.6002e-05 -4.31886e-05 1.13883e-05 6.95891e-05 0.00525507 6.61268e-06 -0.00295032
internal_weight=28825 26524 3140 23384 2301 1044 125 23259 23176 22864 22500 268 22232 519
internal_count=28825 26524 3140 23384 2301 1044 125 23259 23176 22864 22500 268 22232 519
is_linear=0
shrinkage=0.05


Tree=102
num_leaves=15
num_cat=0
split_feature=7 5 3 0 0 11 4 1 2 11 9 1 7 11
split_gain=2.2613 2.2439 4.47219 4.48509 3.22717 2.23378 2.28985 2.05009 2.70032 1.83672 2.78208 2.23064 1.93049 3.45608
threshold=4.5000000000000009 3.954317266989444 4.7131208810166667 4.5674634663431553 4.0526537577525756 14.500000000000002 4.6899576602731896 4.6200466650627661 5.0139575654555903 9.5000000000000018 67.500000000000014 1.0816615128302691 1.0000000180025095e-35 10.500000000000002
decision_type=2 2 10 8 10 2 2 8 10 2 2 8 2 2
left_child=1 9 4 -4 7 -2 -7 -3 -9 10 -1 -11 13 -13
right_child=5 2 3 -5 -6 6 -8 8 -10 11 -12 12 -14 -15
leaf_value=-0.0017281259872266236 -0.00055268252650980795 0.0017790242139663964 -0.0072969339975150595 0.0010822091573639268 0.0031563965351152109 -0.0029861549648523087 -0.01520869386787083 0.023339774875956426 0.0076012216743825481 -0.00993923651130528 8.029019706934197e-05 0.0095128171092273631 0.00035343958636859874 0.0015552488307244514
leaf_weight=2710 5948 43 174 1723 597 465 40 49 65 47 9854 151 5684 1275
leaf_count=2710 5948 43 174 1723 597 465 40 49 65 47 9854 151 5684 1275
internal_value=-1.76804e-09 0.000237852 0.00160305 0.000306767 0.00485496 -0.00082444 -0.00401045 0.0111929 0.0146518 5.41911e-05 -0.00030999 0.000693414 0.000766475 0.00241002
internal_weight=28825 22372 2651 1897 754 6453 505 157 114 19721 12564 7157 7110 1426
internal_count=28825 22372 2651 1897 754 6453 505 157 114 19721 12564 7157 7110 1426
is_linear=0
shrinkage=0.05


Tree=103
num_leaves=15
num_cat=0
split_feature=0 1 3 7 11 11 0 1 11 2 9 6 9 3
split_gain=2.18867 4.80494 4.3228 2.00103 2.27578 10.5398 2.09178 2.44661 1.9752 3.52758 2.13611 1.87155 1.71342 2.81855
threshold=2.1916379270371573 3.240635401824949 2.7113724724615449 5.5000000000000009 9.5000000000000018 10.500000000000002 6.1420350931759513 6.1002561074747632 1.5000000000000002 5.6419007834884924 52.500000000000007 7.0888238782952806 266.50000000000006 1.8640500836336089
decision_type=8 10 10 2 2 2 10 10 2 8 2 10 2 8
left_child=1 2 -1 6 -5 11 8 -8 9 10 -2 -6 -10 -14
right_child=3 -3 -4 4 5 -7 7 -9 12 -11 -12 -13 13 -15
leaf_value=-0.0010140164720951713 -0.0042352760111841947 0.014363722396748407 -0.0095111603683745351 0.0001507596594419863 -0.0087533900213356206 -0.00088031393385456483 0.0078437655063782925 0.0013763398432908823 0.00012885168136030203 -0.0091326627813907036 -4.291088565607938e-05 -0.020714311682573164 0.0092662327280440531 0.0010719129458994609
leaf_weight=3233 358 47 155 1162 63 782 176 827 15995 129 1948 79 106 3765
leaf_count=3233 358 47 155 1162 63 782 176 827 15995 129 1948 79 106 3765
internal_value=3.56117e-08 -0.00118411 -0.00140814 0.000160318 -0.00132256 -0.0031717 0.000293157 0.00252455 0.000192581 -0.0011509 -0.00069687 -0.015603 0.000357353 0.00130097
internal_weight=28825 3435 3388 25390 2086 924 23304 1003 22301 2435 2306 142 19866 3871
internal_count=28825 3435 3388 25390 2086 924 23304 1003 22301 2435 2306 142 19866 3871
is_linear=0
shrinkage=0.05


Tree=104
num_leaves=15
num_cat=0
split_feature=4 9 9 0 4 4 3 1 1 2 1 5 3 7
split_gain=2.02947 2.06295 2.21665 1.89478 5.23864 3.66023 4.46308 3.57634 2.08298 2.78721 4.50349 5.76013 2.13325 2.02413
threshold=0.86449146708195113 12.500000000000002 5.5000000000000009 4.220976135012763 3.755859811508055 6.0442708347251308 6.0001572934541523 7.4448161943037015 5.6048787174915011 5.0205801788306017 4.7370748728082033 3.9135240947915126 4.8382621075595269 4.5000000000000009
decision_type=2 2 2 10 2 2 10 8 10 10 10 2 10 2
left_child=-1 2 -2 5 -5 6 8 -7 9 10 12 13 -3 -12
right_child=1 3 -4 4 -6 7 -8 -9 -10 -11 11 -13 -14 -15
leaf_value=-0.0038119044381301793 0.00079564561978366004 -0.00019180846821711031 -0.0050654283962370062 0.011671637539122324 0.00058942329909207852 0.0030234824728225095 -0.014588892072033897 0.019353827237433129 0.0064285320517906948 -0.0047901288819301759 0.00038272967444698009 0.018172639562964808 -0.0043954684057027245 0.011945866670769951
leaf_weight=343 270 17860 397 106 8499 157 52 41 116 328 239 69 305 43
leaf_count=343 270 17860 397 106 8499 157 52 41 116 328 239 69 305 43
internal_value=-3.58368e-08 4.61338e-05 -0.00269759 0.000112117 0.000728619 -0.000164088 -0.000234848 0.00656474 -0.000193946 -0.000235391 -0.000154198 0.00543926 -0.000262866 0.00221761
internal_weight=28825 28482 667 27815 8605 19210 19012 198 18960 18844 18516 351 18165 282
internal_count=28825 28482 667 27815 8605 19210 19012 198 18960 18844 18516 351 18165 282
is_linear=0
shrinkage=0.05


Tree=105
num_leaves=15
num_cat=0
split_feature=9 6 0 4 2 4 3 6 5 9 1 1 3 3
split_gain=1.97839 2.5709 1.95185 3.66813 4.19601 3.58809 3.70301 2.54678 3.04672 4.88005 2.42401 2.37662 3.68004 2.74553
threshold=325.50000000000006 7.3155496199966512 3.8110872974088115 3.4650835157590758 2.4869856548623326 5.904820231791029 5.8348064622247291 7.5926174456518352 6.4625544994957913 110.50000000000001 7.4448161943037015 4.8713658868283671 5.0845003501084243 4.1759233694141225
decision_type=2 10 10 2 8 2 10 10 2 2 8 10 8 10
left_child=2 -2 5 -4 -5 6 11 8 -6 -10 -7 13 -13 -1
right_child=1 -3 3 4 7 10 -8 -9 9 -11 -12 12 -14 -15
leaf_value=-0.00042911868178965683 0.0036111026330593273 0.00011981800465648408 0.0085146906006190442 -0.015099645830923693 -6.7296026502101377e-05 0.0032170981085569528 -0.013500144402073189 0.001484383281447598 0.0017362880701085135 -0.021504638992421884 0.016412789785218509 0.0070009149371732422 -0.0018236689792744125 -0.0030529495089563637
leaf_weight=14450 839 1414 136 42 6624 174 53 3421 47 41 42 257 216 1069
leaf_count=14450 839 1414 136 42 6624 174 53 3421 47 41 42 257 216 1069
internal_value=1.03054e-07 0.001422 -0.000120555 0.000417547 0.000307668 -0.000461772 -0.000548275 0.000374496 -0.000191469 -0.00932913 0.00590996 -0.000503667 0.00298037 -0.000610227
internal_weight=28825 2253 26572 10311 10175 16261 16045 10133 6712 88 216 15992 473 15519
internal_count=28825 2253 26572 10311 10175 16261 16045 10133 6712 88 216 15992 473 15519
is_linear=0
shrinkage=0.05


Tree=106
num_leaves=15
num_cat=0
split_feature=7 11 4 11 7 11 0 9 2 0 9 5 2 6
split_gain=1.94618 1.97791 2.07311 1.85641 4.42097 7.88953 7.0898 3.42447 3.20788 1.9716 2.15762 2.73137 1.87848 1.62866
threshold=4.5000000000000009 14.500000000000002 4.6899576602731896 9.5000000000000018 1.0000000180025095e-35 10.500000000000002 6.9164377061918119 61.500000000000007 5.8629184228590949 3.4307509472323381 38.500000000000007 2.3461351057136581 6.1002561074747632 7.7784202850580941
decision_type=2 2 2 2 2 2 8 2 10 10 2 2 10 10
left_child=3 -2 -3 7 5 6 -5 8 9 10 -1 -12 -8 -9
right_child=1 2 -4 4 -6 -7 12 13 -10 -11 11 -13 -14 -15
leaf_value=-0.00076553917450614866 -0.00050907313703927909 -0.0027884420489892865 -0.014417263499594161 0.019120874392628912 0.00023567897401759069 0.0015501775598171629 -0.0018066171945675333 -2.4269416306907164e-06 -0.01467963801399666 4.1681901409569494e-05 -0.0027059621693793765 -0.0094210341069958237 0.0092358255765440187 0.0016756638196325892
leaf_weight=737 5948 465 40 131 6738 1391 83 9546 45 1169 553 208 69 1702
leaf_count=737 5948 465 40 131 6738 1391 83 9546 45 1169 553 208 69 1702
internal_value=5.14802e-08 -0.000764789 -0.00376278 0.000220711 0.00080736 0.0031054 0.0106851 -0.000132856 -0.00172701 -0.00149762 -0.00269731 -0.00456124 0.00326092 0.000251747
internal_weight=28825 6453 505 22372 8412 1674 283 13960 2712 2667 1498 761 152 11248
internal_count=28825 6453 505 22372 8412 1674 283 13960 2712 2667 1498 761 152 11248
is_linear=0
shrinkage=0.05


Tree=107
num_leaves=15
num_cat=0
split_feature=9 9 4 7 0 0 0 0 1 5 4 1 3 5
split_gain=1.83448 2.83843 1.85784 1.69219 2.22315 2.05148 1.59243 1.55461 2.92352 2.06144 1.73118 2.75773 2.27241 2.77716
threshold=10.500000000000002 5.5000000000000009 0.86449146708195113 5.5000000000000009 0.71754226264466137 8.1463143529809319 6.2215713851861656 4.9784549145160613 4.5025797605180733 6.9173813406629288 6.7515971468396829 7.3822723622443664 5.705446369702539 5.3232037910993801
decision_type=2 2 2 2 8 10 10 10 8 2 2 8 10 2
left_child=1 -1 -2 4 -4 7 -5 10 -9 -10 12 -12 -6 -14
right_child=2 -3 3 6 5 -7 -8 8 9 -11 11 -13 13 -15
leaf_value=0.00076295339662037275 -0.0035913436651985719 -0.0064490359132019382 -0.0088814013178891201 -0.00097971900143119044 8.2407346744127537e-05 0.010904880121557249 -0.0085932603356769482 0.0086049804332442425 0.0010258389771195136 -0.0091966935147065661 -0.0012540637720993967 0.016327365720644593 -0.0020924034528008368 -0.015383947904373765
leaf_weight=270 343 273 65 2149 21413 43 69 125 3690 48 47 40 203 47
leaf_count=270 343 273 65 2149 21413 43 69 125 3690 48 47 40 203 47
internal_value=-3.94428e-09 -0.00287332 5.53616e-05 0.000100385 0.000214686 0.000238421 -0.0012241 0.000219664 0.0011437 0.000889723 5.54569e-05 0.00701461 2.68635e-05 -0.00469348
internal_weight=28825 543 28282 27939 25721 25656 2218 25613 3863 3738 21750 87 21663 250
internal_count=28825 543 28282 27939 25721 25656 2218 25613 3863 3738 21750 87 21663 250
is_linear=0
shrinkage=0.05


Tree=108
num_leaves=15
num_cat=0
split_feature=0 1 5 6 3 11 9 2 6 4 7 5 6 0
split_gain=1.73662 2.38633 4.05631 1.88778 1.7975 1.78083 1.708 1.60927 1.54679 2.82493 2.5368 3.82477 2.68226 2.46043
threshold=2.5297127291328443 3.4827761888541775 1.8765933950918627 7.7909022579963834 2.5297127291328443 1.0000000180025095e-35 335.50000000000006 3.7196327469704804 7.5926174456518352 2.361853280500759 1.0000000180025095e-35 6.9173813406629288 7.5850263039299168 7.6257855177143679
decision_type=8 10 2 10 8 2 2 8 10 2 2 2 10 10
left_child=1 2 -1 4 -4 6 7 -2 10 -10 12 -12 -7 -11
right_child=5 -3 3 -5 -6 8 -8 -9 9 13 11 -13 -14 -15
leaf_value=-0.00055659213367443671 -0.0017018479103077082 0.0084354083190726886 -0.0014310380757445156 0.0029630934233190838 -0.0094330510113298169 0.0014122713631938861 0.0049392286711649616 -0.0079440813883356453 0.0098288322924020774 0.00066555290607967323 -0.00027921172022113205 -0.01488234513749679 -0.010883905790332292 0.0097114919831878255
leaf_weight=4353 797 66 99 52 246 3173 82 117 85 7002 12593 43 43 74
leaf_count=4353 797 66 99 52 246 3173 82 117 85 7002 12593 43 43 74
internal_value=-6.86634e-08 -0.000866392 -0.000999134 -0.00582437 -0.0071583 0.000173766 -0.00189401 -0.00251651 0.000263416 0.000873198 -1.21226e-05 -0.000331253 0.0012412 0.000762872
internal_weight=28825 4816 4750 397 345 24009 996 914 23013 7161 15852 12636 3216 7076
internal_count=28825 4816 4750 397 345 24009 996 914 23013 7161 15852 12636 3216 7076
is_linear=0
shrinkage=0.05


Tree=109
num_leaves=15
num_cat=0
split_feature=9 6 11 0 2 9 7 0 3 4 12 11 0 11
split_gain=1.70562 2.30444 1.68535 2.46589 2.00684 1.88447 1.79118 1.84055 1.63078 1.64608 1.46107 2.0632 1.66582 1.60905
threshold=325.50000000000006 7.3155496199966512 1.5000000000000002 0.71754226264466137 5.5284320939236 52.500000000000007 5.5000000000000009 7.5542738752047809 7.7888198428626252 7.4400837358345884 1.5000000000000002 14.500000000000002 3.5904155995222786 10.500000000000002
decision_type=2 10 2 8 8 2 2 10 10 2 2 2 8 2
left_child=2 -2 4 -4 5 -1 7 8 9 -5 13 -12 -13 -8
right_child=1 -3 3 6 -6 -7 10 -9 -10 -11 11 12 -14 -15
leaf_value=-0.0035592663719597158 0.0033926959461393416 8.7328910316536671e-05 -0.010946459840873585 0.00016250272875539557 -0.0059710976858793688 -0.00028097494609658852 -0.0038044515296119237 0.0060188531014891515 -0.007935276311341553 0.0085975278562320217 0.0015429755626278747 -0.0012946078640406009 -0.013602328525268518 -0.00034419930822483514
leaf_weight=530 839 1414 49 20912 203 2493 771 133 60 56 649 81 40 595
leaf_count=530 839 1414 49 20912 203 2493 771 133 60 56 649 81 40 595
internal_value=-9.69961e-08 0.00132014 -0.000112129 3.59314e-05 -0.00118297 -0.000857707 5.9968e-05 0.000199301 0.000161924 0.000185848 -0.00131927 0.000421926 -0.00551829 -0.00229995
internal_weight=28825 2253 26572 23346 3226 3023 23297 21161 21028 20968 2136 770 121 1366
internal_count=28825 2253 26572 23346 3226 3023 23297 21161 21028 20968 2136 770 121 1366
is_linear=0
shrinkage=0.05


Tree=110
num_leaves=15
num_cat=0
split_feature=9 9 0 4 1 2 0 1 9 2 1 5 1 5
split_gain=1.62068 2.56376 1.60647 1.97749 1.76033 1.58516 2.26178 1.54384 2.89395 2.88415 3.20678 3.66914 2.23413 2.09942
threshold=10.500000000000002 5.5000000000000009 4.9784549145160613 4.2870925395228943 4.0901604373868432 4.6200466650627661 5.3936172156671276 5.6767479380942811 175.50000000000003 5.2574818084757586 3.9617646446706218 4.3021403985023996 5.1957269410780187 3.9135240947915126
decision_type=2 2 10 2 8 8 10 10 2 10 10 2 10 2
left_child=1 -1 7 -4 -5 6 -6 9 -9 12 -11 -12 -2 -14
right_child=2 -3 3 4 5 -7 -8 8 -10 10 11 -13 13 -15
leaf_value=0.00075477636633770407 -0.00012889326468278303 -0.0060992102474397561 0.01011605798989406 -0.0092480434083818397 0.001311629342988424 0.00062095063235718658 0.009732723922176216 0.0057453273848005609 -0.0058048822395705985 0.008653386025911286 -0.0022515557969822303 -0.013125130501008367 0.00093739391380269835 0.011317247683011997
leaf_weight=270 23107 273 56 41 244 3811 117 255 67 40 226 117 121 80
leaf_count=270 23107 273 56 41 244 3811 117 255 67 40 226 117 121 80
internal_value=-1.89055e-07 -0.00270089 5.18503e-05 0.000945354 0.000818713 0.000922027 0.00407949 -0.000107061 0.00332103 -0.000153931 -0.00444624 -0.0060152 -8.30236e-05 0.00513948
internal_weight=28825 543 28282 4269 4213 4172 361 24013 322 23691 383 343 23308 201
internal_count=28825 543 28282 4269 4213 4172 361 24013 322 23691 383 343 23308 201
is_linear=0
shrinkage=0.05


Tree=111
num_leaves=15
num_cat=0
split_feature=4 9 9 7 11 11 0 2 6 0 9 1 0 3
split_gain=1.54952 1.51056 2.31556 1.4899 4.13689 6.82509 6.30143 2.94138 2.199 2.41166 2.08584 1.99338 3.03415 1.80611
threshold=0.86449146708195113 10.500000000000002 5.5000000000000009 1.0000000180025095e-35 9.5000000000000018 10.500000000000002 6.9164377061918119 5.8629184228590949 7.5875630927302682 7.4797046303923294 326.50000000000006 0.71754226264466137 4.4779046737101718 6.4800433857425004
decision_type=2 2 2 2 2 2 8 10 10 10 2 10 8 10
left_child=-1 2 -2 4 7 6 -6 11 10 13 -5 12 -3 -10
right_child=1 3 -4 8 5 -7 -8 -9 9 -11 -12 -13 -14 -15
leaf_value=-0.003330909909201327 0.00071731507934386823 -0.015549461737129034 -0.0057964676228267229 -0.00067120649963512183 0.018165361882700015 0.0014647541074510055 0.0029977866071276369 -0.01094809253815569 0.00050618487164349882 0.0084265859035995636 0.0014922589922392428 0.00031246823937511515 -1.7229248658709583e-05 -0.004951192029698355
leaf_weight=343 270 49 273 12417 127 1352 148 61 9799 93 1222 2437 82 152
leaf_count=343 270 49 273 12417 127 1352 148 61 9799 93 1222 2437 82 152
internal_value=-1.36128e-07 4.02064e-05 -0.00256682 9.10547e-05 0.000952134 0.00293203 0.010083 -0.000274454 -6.37546e-05 0.000497627 -0.000477178 -1.25914e-05 -0.00597346 0.000421846
internal_weight=28825 28482 543 27939 4256 1627 275 2629 23683 10044 13639 2568 131 9951
internal_count=28825 28482 543 27939 4256 1627 275 2629 23683 10044 13639 2568 131 9951
is_linear=0
shrinkage=0.05


Tree=112
num_leaves=15
num_cat=0
split_feature=7 11 4 5 3 0 0 1 2 11 9 1 6 1
split_gain=1.49375 1.698 1.80548 1.45166 3.74645 3.46859 2.62746 1.60178 2.31753 1.27633 2.02628 1.86816 1.55906 2.30347
threshold=4.5000000000000009 14.500000000000002 4.6899576602731896 3.954317266989444 4.7131208810166667 4.5674634663431553 4.0526537577525756 4.6200466650627661 5.0139575654555903 9.5000000000000018 244.50000000000003 1.0816615128302691 6.8062722818256596 1.0000000180025095e-35
decision_type=2 2 2 2 10 8 10 8 10 2 2 8 10 10
left_child=3 -2 -3 9 6 -6 7 -5 -9 10 12 -11 -1 -14
right_child=1 2 -4 4 5 -7 -8 8 -10 11 -12 -13 13 -15
leaf_value=-0.0016260151410457621 -0.00043330395309245837 -0.0025390286184423573 -0.013390248968443347 0.0016600072953022191 -0.0065815690125005369 0.00078706532259958039 0.0027354707929885575 0.02108244105406544 0.0065349078000481453 -0.0091520157690178992 0.00086806986423708658 0.00064517540338634776 -0.0046275444995396353 -1.984489792334376e-05
leaf_weight=2726 5948 465 40 43 174 1723 597 49 65 47 3029 7110 281 6528
leaf_count=2726 5948 465 40 43 174 1723 597 49 65 47 3029 7110 281 6528
internal_value=-1.5424e-07 -0.000670221 -0.00344796 0.000193163 0.00129123 0.000104967 0.00426758 0.00998581 0.0130435 4.54397e-05 -0.000258144 0.000578298 -0.000616017 -0.000211303
internal_weight=28825 6453 505 22372 2651 1897 754 157 114 19721 12564 7157 9535 6809
internal_count=28825 6453 505 22372 2651 1897 754 157 114 19721 12564 7157 9535 6809
is_linear=0
shrinkage=0.05


Tree=113
num_leaves=15
num_cat=0
split_feature=0 1 3 11 2 9 7 11 11 6 0 3 5 3
split_gain=1.45095 4.30489 3.29034 1.35551 2.44349 1.77282 1.48335 1.88067 9.41193 1.74412 1.50267 1.49726 3.30356 1.34152
threshold=1.9530024665512917 3.0228579809699494 2.7113724724615449 1.5000000000000002 5.6419007834884924 52.500000000000007 5.5000000000000009 9.5000000000000018 10.500000000000002 7.0888238782952806 8.1463143529809319 3.7853247081855312 3.3032714725032739 2.35611462914075
decision_type=8 10 10 2 8 2 2 2 2 10 10 10 2 8
left_child=1 2 -1 4 5 -2 10 -8 9 -9 13 12 -10 -5
right_child=3 -3 -4 6 -6 -7 7 8 11 -11 -12 -13 -14 -15
leaf_value=-0.0010234876308730483 -0.0037287774293285566 0.013173884880514101 -0.010543948205118564 0.0017394348198259959 -0.0070561304753608695 -3.9380017694010483e-06 0.00031067746321276706 -0.007870507839386566 -0.0010090125816235886 -0.019374206424748273 0.0094897228862262442 0.0020558758159168063 -0.015234123867832954 0.00022990940369845703
leaf_weight=2660 376 50 92 1589 153 2062 1184 63 443 79 43 323 43 19665
leaf_count=2660 376 50 92 1589 153 2062 1184 63 443 79 43 323 43 19665
internal_value=-1.60597e-07 -0.00108082 -0.00134918 0.000116272 -0.000968494 -0.000580986 0.000236293 -0.00101957 -0.00267291 -0.0144507 0.000362276 -0.000575076 -0.00232489 0.000342918
internal_weight=28825 2802 2752 26023 2591 2438 23432 2135 951 142 21297 809 486 21254
internal_count=28825 2802 2752 26023 2591 2438 23432 2135 951 142 21297 809 486 21254
is_linear=0
shrinkage=0.05


Tree=114
num_leaves=15
num_cat=0
split_feature=5 4 6 3 12 4 5 9 1 0 5 2 7 11
split_gain=1.37794 3.01855 2.04329 3.03288 3.26184 2.74022 2.66423 3.9943 2.63425 3.21882 2.37798 2.24513 2.10289 3.68624
threshold=2.8909742798262141 3.4215989566112817 7.5926174456518352 4.0901604373868432 2.5000000000000004 4.4288639385014976 6.4625544994957913 110.50000000000001 8.0092269426834779 8.5341078519497966 3.5936452256246385 3.7196327469704804 1.0000000180025095e-35 9.5000000000000018
decision_type=2 2 8 8 2 2 2 2 8 8 2 8 2 2
left_child=-1 -2 6 4 -4 10 12 -8 -7 -10 -5 -6 13 -3
right_child=1 2 3 5 11 8 7 -9 9 -11 -12 -13 -14 -15
leaf_value=-0.00024671125722123118 0.010037416391210949 -0.0017026625727157808 0.0018699750916254367 -0.00185353088241234 0.019670931309122931 0.00079082347511639356 0.0012837543526464808 -0.019752911430631959 0.0019956110477205792 0.015289107254627621 -0.014108913238677715 0.0067891300336964779 -0.00038167111854921492 0.0066435989110834419
leaf_weight=19113 80 238 408 337 42 2757 47 41 129 69 43 167 5060 294
leaf_count=19113 80 238 408 337 42 2757 47 41 129 69 43 167 5060 294
internal_value=-2.87314e-07 0.00048462 0.000403211 0.00127596 0.00449043 0.000678929 -0.000204263 -0.00873857 0.00119338 0.00673476 -0.00330693 0.00953973 -6.68847e-05 0.00291735
internal_weight=28825 9712 9632 3952 617 3335 5680 88 2955 198 380 209 5592 532
internal_count=28825 9712 9632 3952 617 3335 5680 88 2955 198 380 209 5592 532
is_linear=0
shrinkage=0.05


Tree=115
num_leaves=15
num_cat=0
split_feature=4 3 5 2 0 1 4 3 9 9 7 2 9 6
split_gain=1.33594 1.3799 3.13452 2.22742 1.76421 2.92327 4.56985 1.27156 1.24909 1.55473 1.64707 1.20401 1.11213 1.83862
threshold=0.86449146708195113 1.2382692000587421 0.79035565481817649 1.2668484069787163 2.2565274485401434 3.240635401824949 2.57385187861918 2.7113724724615449 12.500000000000002 3.5000000000000004 3.5000000000000004 4.9444952379411093 325.50000000000006 7.1573441033471505
decision_type=2 8 2 10 8 10 2 10 2 2 2 10 2 10
left_child=-1 2 -2 -4 5 6 7 -3 9 -6 -11 -12 -10 -14
right_child=1 4 3 -5 8 -7 -8 -9 12 10 11 -13 13 -15
leaf_value=-0.0030928950540154527 -8.1333503497955814e-05 -0.00068843812282604923 0.015602391675023025 0.0039282750110887169 0.002443165695284702 0.0097110426255700294 -0.0091680871174916814 -0.0069325385884093571 8.0709341728806618e-05 -0.0015448053691161422 -0.010919153566776526 -0.00063635703741705843 0.0032615021714727196 0.0001667507541361159
leaf_weight=343 402 2821 59 130 143 59 174 82 22069 331 99 40 752 1321
leaf_count=343 402 2821 59 130 143 59 174 82 22069 331 99 40 752 1321
internal_value=-1.81636e-07 3.72775e-05 0.00242398 0.00769779 -1.3466e-05 -0.00113034 -0.00134439 -0.000869464 0.000128101 -0.00209711 -0.00348301 -0.00801107 0.000184771 0.00129146
internal_weight=28825 28482 591 189 27891 3136 3077 2903 24755 613 470 139 24142 2073
internal_count=28825 28482 591 189 27891 3136 3077 2903 24755 613 470 139 24142 2073
is_linear=0
shrinkage=0.05


Tree=116
num_leaves=15
num_cat=0
split_feature=7 1 5 3 2 0 0 8 11 7 11 0 9 2
split_gain=1.25611 1.53659 1.83044 1.39469 2.91597 1.66733 1.23223 1.16691 1.22415 3.01534 5.60012 4.8856 2.20881 2.92376
threshold=4.5000000000000009 4.0526537577525756 4.685632550441313 6.2187969032355488 6.1797051403202108 5.5284320939236 7.9105485573585961 11.500000000000002 9.5000000000000018 1.0000000180025095e-35 10.500000000000002 6.9164377061918119 61.500000000000007 5.8629184228590949
decision_type=2 10 2 10 10 8 10 2 2 2 2 8 2 10
left_child=6 2 -2 5 -5 -3 7 8 12 10 11 -10 13 -1
right_child=1 3 -4 4 -6 -7 -8 -9 9 -11 -12 -13 -14 -15
leaf_value=-0.0012821186949530979 -0.0010837596697627269 -8.959192320114974e-05 -0.010908468781660002 -0.015245718662735337 3.3734448390595357e-05 0.0030443596764579612 0.0075193515387486269 0.001560679329932891 0.016319879119843245 6.6847379103584021e-05 0.0011605149992880493 0.002762528531945451 0.00010130851265578829 -0.013866041181609036
leaf_weight=2667 4052 1628 46 41 114 572 55 1389 123 6273 1311 144 10365 45
leaf_count=2667 4052 1628 46 41 114 572 55 1389 123 6273 1311 144 10365 45
internal_value=-1.65162e-07 -0.000614623 -0.00119931 0.000402959 -0.00415065 0.00072726 0.000177109 0.000158342 6.51278e-05 0.000558581 0.0025108 0.00908295 -0.000231165 -0.00150099
internal_weight=28825 6453 4098 2355 155 2200 22372 22317 20928 7851 1578 267 13077 2712
internal_count=28825 6453 4098 2355 155 2200 22372 22317 20928 7851 1578 267 13077 2712
is_linear=0
shrinkage=0.05


Tree=117
num_leaves=15
num_cat=0
split_feature=4 3 5 2 1 4 5 0 6 5 9 12 1 2
split_gain=1.19456 1.25821 2.83141 2.01718 1.6297 1.6066 3.23118 3.51311 1.19172 1.97899 3.97804 8.16993 3.15167 3.43061
threshold=0.86449146708195113 1.2382692000587421 0.79035565481817649 1.2668484069787163 1.7833559100698646 2.9302429726433266 1.6069139576449751 1.5789255615152133 7.5875630927302682 3.954317266989444 137.50000000000003 2.5000000000000004 4.4566674860317592 4.7072728611350714
decision_type=2 8 2 10 8 2 2 10 8 2 2 2 8 8
left_child=-1 2 -2 -4 5 6 -3 -8 -6 -10 11 -11 -12 -14
right_child=1 4 3 -5 8 -7 7 -9 9 10 12 -13 13 -15
leaf_value=-0.0029246845635234556 -6.6890258046378853e-05 -0.0013205265049212685 0.014848918098284572 0.0037393740512374225 -0.00028022759560932767 0.0079798524667109762 -0.0203462004273509 -0.00026907568597900019 0.00015764057531659516 -0.002352835993763092 -0.010886410912633808 0.0070827852089612358 0.012544507054032162 -0.0006307957786565666
leaf_weight=343 402 1293 59 130 12467 40 46 40 12125 341 67 694 51 727
leaf_count=343 402 1293 59 130 12467 40 46 40 12125 341 67 694 51 727
internal_value=-1.9127e-07 3.52304e-05 0.00231426 0.0073266 -1.32239e-05 -0.00166281 -0.00195366 -0.0112263 7.53189e-05 0.000391815 0.00190034 0.0039755 -0.000644809 0.000262832
internal_weight=28825 28482 591 189 27891 1419 1379 86 26472 14005 1880 1035 845 778
internal_count=28825 28482 591 189 27891 1419 1379 86 26472 14005 1880 1035 845 778
is_linear=0
shrinkage=0.05


Tree=118
num_leaves=15
num_cat=0
split_feature=9 9 11 0 4 0 2 4 3 1 3 3 11 5
split_gain=1.15348 1.968 1.28885 1.28393 2.84889 2.97721 2.81661 2.54517 3.31749 1.87004 3.06155 2.73585 2.38278 2.17152
threshold=10.500000000000002 7.5000000000000009 11.500000000000002 3.8110872974088115 3.5858812815379921 4.1759233694141225 2.4869856548623326 5.904820231791029 5.8348064622247291 4.7131208810166667 4.9163179057820896 4.8382621075595269 3.5000000000000004 3.9135240947915126
decision_type=2 2 2 10 2 10 8 2 10 10 8 10 2 2
left_child=1 -1 -3 7 5 -5 -6 8 9 11 13 -2 -12 -11
right_child=3 2 -4 4 6 -7 -8 -9 -10 10 12 -13 -14 -15
leaf_value=-0.00037388824199027413 -0.00028068292559227029 -0.004041860168861571 -0.014197820901042886 0.0027223950959744509 -0.012595400277392142 0.015144171081788716 0.00037799788754159657 0.0051268231383759799 -0.012340508576629586 0.0027439890825360852 -0.008406921447469639 -0.0056481509484665633 0.0015194482583990563 0.011851365935300914
leaf_weight=389 15963 111 43 237 40 59 10854 217 55 168 76 239 267 107
leaf_count=389 15963 111 43 237 40 59 10854 217 55 168 76 239 267 107
internal_value=-1.56471e-07 -0.00227857 -0.00702328 4.3746e-05 0.000460059 0.00528338 0.00032806 -0.000228833 -0.000298302 -0.000257463 0.00243753 -0.000360547 -0.000715966 0.00634757
internal_weight=28825 543 154 28282 11190 296 10894 17092 16875 16820 618 16202 343 275
internal_count=28825 543 154 28282 11190 296 10894 17092 16875 16820 618 16202 343 275
is_linear=0
shrinkage=0.05


Tree=119
num_leaves=15
num_cat=0
split_feature=7 0 9 11 11 6 0 1 3 5 5 11 2 9
split_gain=1.13937 1.55103 1.93084 1.44751 8.40481 1.56435 1.44416 2.31689 1.3594 3.02265 1.28612 1.20198 2.41268 1.45436
threshold=5.5000000000000009 0.71754226264466137 129.50000000000003 9.5000000000000018 10.500000000000002 7.0929870996835582 6.1420350931759513 6.257665752909146 3.7853247081855312 3.3032714725032739 5.1219934088113552 1.5000000000000002 5.7097610330515662 52.500000000000007
decision_type=2 8 2 2 2 10 10 10 10 2 2 2 10 2
left_child=1 2 -1 -2 5 -5 11 10 9 -6 -8 12 13 -3
right_child=3 6 -4 4 8 -7 7 -9 -10 -11 -12 -13 -14 -15
leaf_value=-0.011442071354876345 7.6373654744655163e-05 -0.0030414295259641438 0.00086564776720479133 -0.0076735697772271714 -0.0010471555272369996 -0.018526329381916767 0.0032314252669914788 0.00056172465976906001 0.0019424270888848698 -0.014544617264635032 0.010546376173692577 0.00018060667599236098 -0.012330793528300193 -0.00021718690855457545
leaf_weight=63 1257 542 62 66 536 76 160 746 323 43 97 21996 43 2815
leaf_count=63 1257 542 62 66 536 76 160 746 323 43 97 21996 43 2815
internal_value=-2.1247e-07 9.24062e-05 -0.00541995 -0.001067 -0.00244115 -0.0136587 0.000118916 0.00197786 -0.000648881 -0.00209617 0.00605244 4.53479e-05 -0.000829288 -0.000674711
internal_weight=28825 26524 125 2301 1044 142 26399 1003 902 579 257 25396 3400 3357
internal_count=28825 26524 125 2301 1044 142 26399 1003 902 579 257 25396 3400 3357
is_linear=0
shrinkage=0.05


Tree=120
num_leaves=15
num_cat=0
split_feature=9 6 6 7 4 6 9 9 1 3 4 3 5 5
split_gain=1.07185 1.83131 1.31171 1.91018 2.09719 1.80244 6.20187 3.43203 2.24127 1.79886 1.60461 1.68451 1.78152 1.67918
threshold=325.50000000000006 7.3155496199966512 7.5875630927302682 1.0000000180025095e-35 6.8306798124018266 7.6489773731429676 133.50000000000003 92.500000000000014 1.2382692000587421 1.7664051342320239 3.2491752563535745 2.35611462914075 2.0606460983025188 2.1008190243008618
decision_type=2 10 10 2 2 10 2 2 10 10 2 10 2 2
left_child=2 -2 3 4 10 6 7 -4 -9 -10 11 13 -13 -1
right_child=1 -3 5 -5 -6 -7 -8 8 9 -11 -12 12 -14 -15
leaf_value=0.00017284480141961043 0.0028937963743023601 -5.2599030638348421e-05 0.0013126142187464289 -0.00065069801129326039 0.010564884465222933 -2.9770758010283886e-05 -0.0010298368547880692 -0.0036782473934671052 0.015077469366687267 0.0062475925462869711 0.0013655154339358849 -0.0018241655078376285 -0.010390149065009926 0.010130273524934993
leaf_weight=533 839 1414 666 12760 51 7918 1258 50 64 555 2088 518 67 44
leaf_count=533 839 1414 666 12760 51 7918 1258 50 64 555 2088 518 67 44
internal_value=-3.80218e-07 0.00104621 -8.91911e-05 -0.000373365 0.000698409 0.000345021 0.00148863 0.00385982 0.00638413 0.00720615 0.000537179 -0.00095105 -0.00283729 0.000964533
internal_weight=28825 2253 26572 16061 3301 10511 2593 1335 669 619 3250 1162 585 577
internal_count=28825 2253 26572 16061 3301 10511 2593 1335 669 619 3250 1162 585 577
is_linear=0
shrinkage=0.05


Tree=121
num_leaves=15
num_cat=0
split_feature=9 9 11 0 4 3 2 4 0 1 3 1 3 3
split_gain=1.02417 1.80353 1.36388 1.10844 2.22855 3.20857 2.22354 1.82673 2.15136 1.63642 2.13781 1.6112 2.89246 2.744
threshold=10.500000000000002 5.5000000000000009 12.500000000000002 3.6661191964630322 5.904820231791029 5.8348064622247291 2.0215256339172751 3.4650835157590758 4.0707332405359322 7.4448161943037015 6.51839620853091 4.7131208810166667 4.9163179057820896 4.8382621075595269
decision_type=2 2 2 10 2 10 8 2 10 8 10 10 8 10
left_child=1 -1 -3 4 5 11 -5 8 -8 10 -6 13 -13 -2
right_child=3 2 -4 6 9 -7 7 -9 -10 -11 -12 12 -14 -15
leaf_value=0.00075044518233720315 -0.00027643165033225777 -0.0031626772020006849 -0.011904158687071974 -0.010815125776835802 0.0074150290864927236 -0.012696749317603043 0.0025702202872898688 0.00035318655678505395 0.014949014479117024 0.013415255481165581 -0.0036029578876221862 0.0061282311484898893 -0.00079503124496633462 -0.0059391770261465384
leaf_weight=270 15154 218 55 42 98 50 222 11733 40 42 77 268 341 215
leaf_count=270 15154 218 55 42 98 50 222 11733 40 42 77 268 341 215
internal_value=-2.56759e-07 -0.00214717 -0.00499755 4.11117e-05 -0.000228323 -0.000296738 0.000404715 0.000445797 0.00455905 0.00478146 0.00258118 -0.00025635 0.00226175 -0.000356411
internal_weight=28825 543 273 28282 16245 16028 12037 11995 262 217 175 15978 609 15369
internal_count=28825 543 273 28282 16245 16028 12037 11995 262 217 175 15978 609 15369
is_linear=0
shrinkage=0.05


Tree=122
num_leaves=15
num_cat=0
split_feature=7 11 4 0 0 5 11 9 9 9 12 9 12 9
split_gain=1.01791 1.40181 1.59363 1.0525 1.02578 1.03383 0.970653 1.00909 1.19893 0.945043 1.42547 1.34118 3.45219 4.46179
threshold=4.5000000000000009 14.500000000000002 4.6899576602731896 7.9105485573585961 5.5284320939236 5.4350988752582339 1.5000000000000002 7.5000000000000009 14.500000000000002 314.50000000000006 2.5000000000000004 166.50000000000003 2.5000000000000004 91.500000000000014
decision_type=2 2 2 10 10 2 2 2 2 2 2 2 2 2
left_child=3 4 -3 9 5 6 -2 -8 -9 11 -11 12 -1 -14
right_child=1 2 -4 -5 -6 -7 7 8 -10 10 -12 -13 13 -15
leaf_value=-0.00013090245900824487 -0.0024431509544930513 -0.002224142895269854 -0.012416272546120342 0.0069449886444776336 0.0018609152751407267 -0.0081679686628790063 0.0058492883629818913 -0.0066886663074885834 -0.0002314130632625366 0.0018537035964837799 -0.0010821559752706108 -0.00052440453584067957 -2.597189140403207e-05 0.0036972048954559255
leaf_weight=9883 558 465 40 55 485 42 65 71 4727 1659 549 7003 1684 1539
leaf_count=9883 558 465 40 55 485 42 65 71 4727 1659 549 7003 1684 1539
internal_value=-2.56449e-07 -0.000553396 -0.00307724 0.000159327 -0.000338153 -0.000533994 -0.000471858 -0.000244753 -0.000329714 0.000141983 0.00112341 3.41196e-05 0.000332593 0.00175306
internal_weight=28825 6453 505 22372 5948 5463 5421 4863 4798 22317 2208 20109 13106 3223
internal_count=28825 6453 505 22372 5948 5463 5421 4863 4798 22317 2208 20109 13106 3223
is_linear=0
shrinkage=0.05


Tree=123
num_leaves=15
num_cat=0
split_feature=4 3 5 2 1 12 5 9 9 11 0 0 7 11
split_gain=0.991459 1.16937 2.49377 1.84799 1.32812 1.47353 2.62425 0.933375 1.64743 1.31818 0.962761 0.926081 0.860837 3.64178
threshold=0.86449146708195113 1.2382692000587421 0.79035565481817649 1.0816615128302691 1.7833559100698646 2.5000000000000004 0.71891656035925677 10.500000000000002 5.5000000000000009 12.500000000000002 6.3135464053376262 1.1150072000796054 1.0000000180025095e-35 9.5000000000000018
decision_type=2 8 2 10 8 2 2 2 2 2 8 10 2 2
left_child=-1 2 11 -4 5 -3 -7 8 10 -10 -6 -2 13 -9
right_child=1 4 3 -5 7 6 -8 12 9 -11 -12 -13 -14 -15
leaf_value=-0.0026645932709663243 -0.0016726133532799958 -0.00099344272833753219 0.015697067077069179 0.0040962826205594915 -0.00098955973546696737 -5.209895898588002e-05 -0.014368631002508989 -0.00041378460142233473 -0.0029972288731734673 -0.011857260672270128 0.0058752128042861068 0.0034154258495550324 -1.4656797095590499e-05 0.002701254150589178
leaf_weight=343 271 1292 44 145 195 70 57 2435 214 51 67 131 21986 1524
leaf_count=343 271 1292 44 145 195 70 57 2435 214 51 67 131 21986 1524
internal_value=-2.91249e-07 3.1979e-05 0.00222908 0.00693308 -1.47334e-05 -0.00150388 -0.00660078 6.51982e-05 -0.00201397 -0.00477841 0.000797146 -5.87081e-06 0.000107583 0.000786095
internal_weight=28825 28482 591 189 27891 1419 127 26472 527 265 262 402 25945 3959
internal_count=28825 28482 591 189 27891 1419 127 26472 527 265 262 402 25945 3959
is_linear=0
shrinkage=0.05


Tree=124
num_leaves=15
num_cat=0
split_feature=0 9 7 0 3 11 11 6 3 5 0 3 11 2
split_gain=0.94445 2.21732 1.06041 1.21459 1.39458 1.20217 7.69406 1.41142 1.21785 3.46362 1.05245 3.97483 0.955005 1.94016
threshold=0.71754226264466137 129.50000000000003 5.5000000000000009 7.0071430020149554 6.5595901584189162 9.5000000000000018 10.500000000000002 7.0888238782952806 3.4372026496502919 3.1766572908597417 3.0492618097006954 3.3160008886978156 1.5000000000000002 4.7578820629520608
decision_type=8 2 2 10 10 2 2 10 10 2 8 10 2 8
left_child=1 -1 3 12 -5 10 7 -7 9 -8 11 -4 13 -2
right_child=2 -3 5 4 -6 6 8 -9 -10 -11 -12 -13 -14 -15
leaf_value=-0.01059133573556875 -0.00030181444757772181 0.0024123844056605148 -0.00012557187852094877 0.0088007454258243901 0.0011264079093427721 -0.0070762011690217496 -0.0008910957701545113 -0.017424426607235713 0.0015338705746924261 -0.015573417304337703 0.00078583549691665217 -0.016871047445705958 0.00019035910805898469 -0.0042158260360088398
leaf_weight=65 3076 63 227 81 209 63 465 79 394 42 988 40 22682 351
leaf_count=65 3076 63 227 81 209 63 465 79 394 42 988 40 22682 351
internal_value=-2.91387e-07 -0.00425242 1.89698e-05 0.000108673 0.00331553 -0.00101072 -0.00226344 -0.0129954 -0.00054702 -0.0021638 3.23287e-05 -0.00274104 7.28021e-05 -0.00070492
internal_weight=28825 128 28697 26399 290 2298 1043 142 901 507 1255 267 26109 3427
internal_count=28825 128 28697 26399 290 2298 1043 142 901 507 1255 267 26109 3427
is_linear=0
shrinkage=0.05


Tree=125
num_leaves=15
num_cat=0
split_feature=4 3 5 2 0 4 5 3 12 5 0 1 0 6
split_gain=0.863987 1.06319 2.27342 1.6822 1.18587 2.69126 4.63929 2.05997 2.08466 1.15876 1.0083 0.864094 1.10328 0.849196
threshold=0.86449146708195113 1.2382692000587421 0.82649531408971688 1.0816615128302691 2.2565274485401434 3.3423884462994393 2.4436331566783007 2.7113724724615449 1.0000000180025095e-35 2.0481335752786975 2.0215256339172751 1.5789255615152133 0.85418893014450203 7.5926174456518352
decision_type=2 8 2 10 8 2 2 10 2 2 10 10 10 10
left_child=-1 2 -2 -4 5 6 7 11 -9 -10 -5 12 -3 -6
right_child=1 4 3 10 13 -7 -8 8 9 -11 -12 -13 -14 -15
leaf_value=-0.0024876166998823784 0.00012089767753856169 -0.0093300739939951773 0.015532062670519188 0.0090041241961820364 -9.8989418163713451e-05 0.010034413622184234 -0.017630818275834566 -0.00038791211581542747 -0.005972170543814586 -0.017457708574476698 0.00024372137641199889 -7.306164795207021e-05 -0.0015425155433795199 0.00052957155756387089
leaf_weight=343 418 47 41 56 16873 53 40 85 53 40 76 2158 660 7882
leaf_count=343 418 47 41 56 16873 53 40 85 53 40 76 2158 660 7882
internal_value=-4.78788e-07 2.96456e-05 0.00212463 0.0069093 -1.48955e-05 -0.000930585 -0.00112547 -0.000897068 -0.00608579 -0.0111757 0.00403918 -0.000570677 -0.00208508 0.000101171
internal_weight=28825 28482 591 173 27891 3136 3083 3043 178 93 132 2865 707 24755
internal_count=28825 28482 591 173 27891 3136 3083 3043 178 93 132 2865 707 24755
is_linear=0
shrinkage=0.05


Tree=126
num_leaves=15
num_cat=0
split_feature=7 0 11 11 11 6 5 0 6 11 7 11 0 9
split_gain=0.850031 1.18565 1.62981 1.15371 6.97185 1.28089 1.15791 1.12274 0.938237 0.917313 2.59644 5.27941 5.58439 2.57402
threshold=5.5000000000000009 0.71754226264466137 1.5000000000000002 9.5000000000000018 10.500000000000002 7.0929870996835582 4.4964301412245531 8.1463143529809319 7.9890514859827588 9.5000000000000018 1.0000000180025095e-35 10.500000000000002 6.9164377061918119 61.500000000000007
decision_type=2 8 2 2 2 10 2 10 10 2 2 2 8 2
left_child=1 2 -1 8 5 -5 -6 9 -2 13 11 12 -11 -3
right_child=3 7 -4 4 6 -7 -8 -9 -10 10 -12 -13 -14 -15
leaf_value=-0.0003168000177807968 -0.00021153098953423664 -0.0014098648058912589 -0.012006805824900843 -0.0069492455269723648 -0.00010675232732464623 -0.016770045707623162 -0.0083349227016636489 0.0079936926315228151 0.0060963006314611245 0.015946532603479304 0.00010465480894540818 0.00099050103093803791 0.0018888592330531776 0.00016851945874752977
leaf_weight=79 1197 3211 46 66 859 76 43 43 60 131 8299 1391 152 13172
leaf_count=79 1197 3211 46 66 859 76 43 43 60 131 8299 1391 152 13172
internal_value=-5.22547e-07 7.94763e-05 -0.00474006 -0.000921951 -0.00214875 -0.0123654 -0.000516577 0.000102654 9.87649e-05 8.91745e-05 0.000467196 0.00226226 0.00846236 -0.000140972
internal_weight=28825 26524 125 2301 1044 142 902 26399 1257 26356 9973 1674 283 16383
internal_count=28825 26524 125 2301 1044 142 902 26399 1257 26356 9973 1674 283 16383
is_linear=0
shrinkage=0.05


Tree=127
num_leaves=15
num_cat=0
split_feature=9 6 6 7 4 0 3 12 9 9 1 9 0 9
split_gain=0.826658 1.6176 1.09686 1.47649 1.68999 1.4039 2.04044 1.61475 5.42236 2.83798 2.20422 1.63965 1.3473 1.32525
threshold=325.50000000000006 7.3155496199966512 7.5875630927302682 1.0000000180025095e-35 6.8306798124018266 7.6257855177143679 6.4068459468534025 2.5000000000000004 133.50000000000003 92.500000000000014 7.0071430020149554 112.50000000000001 6.4068459468534025 166.50000000000003
decision_type=2 10 10 2 2 10 10 2 2 2 8 2 10 2
left_child=2 -2 3 4 -1 6 7 -4 9 -9 11 -11 -8 -10
right_child=1 -3 5 -5 -6 -7 12 8 13 10 -12 -13 -14 -15
leaf_value=0.00045917013052013984 0.0026550246100033141 -0.00011403608129752153 5.1731859072700329e-05 -0.00058222129106280597 0.0094608110990726732 0.0070897094650334974 -0.0099968007117767193 0.00090529948219843768 -8.3845819119821106e-05 0.0092302434064293146 -0.0038185951791026374 0.0041336850338950975 -0.0014589146469394319 -0.0043186027067756878
leaf_weight=3250 839 1414 8194 12760 51 74 74 494 595 317 53 324 120 266
leaf_count=3250 839 1414 8194 12760 51 74 74 494 595 317 53 324 120 266
internal_value=-5.41234e-07 0.000918581 -7.85355e-05 -0.000338397 0.000603889 0.000318526 0.000269168 0.000365797 0.00162047 0.00380759 0.00586495 0.00667501 -0.00478441 -0.00139912
internal_weight=28825 2253 26572 16061 3301 10511 10437 10243 2049 1188 694 641 194 861
internal_count=28825 2253 26572 16061 3301 10511 10437 10243 2049 1188 694 641 194 861
is_linear=0
shrinkage=0.05


Tree=128
num_leaves=15
num_cat=0
split_feature=0 4 2 9 2 0 3 3 9 12 2 1 4 0
split_gain=0.802153 1.82157 1.48179 1.88338 1.15236 2.27372 1.15099 1.40737 2.61953 2.76266 2.31697 1.92721 1.88237 2.03716
threshold=4.8563178580693975 4.105758092434602 4.1149555194928924 128.50000000000003 4.7578820629520608 5.402667236488937 7.0071430020149554 5.2574818084757586 137.50000000000003 2.5000000000000004 6.4068459468534025 5.7745467231763365 4.7775179238771992 3.7086700666559982
decision_type=10 2 8 2 8 10 10 10 2 2 10 10 2 10
left_child=6 -2 3 -3 5 -4 7 12 11 -10 -11 -9 -1 -14
right_child=1 2 4 -5 -6 -7 -8 8 9 10 -12 -13 13 -15
leaf_value=-0.00017273398571931973 0.010944097837047939 0.0010524070796455783 0.0013097012968501078 -0.0098097199771123439 0.00036646920912953521 0.0097941301619963884 0.0073092840361193975 -0.0019423309526524169 0.0031584733510195899 -0.010046357533021431 0.002672894286330451 0.0060620497845255686 0.0046034212955385831 0.0001891716839772301
leaf_weight=22014 40 81 450 76 4269 94 50 227 70 215 42 110 434 653
leaf_count=22014 40 81 450 76 4269 94 50 227 70 215 42 110 434 653
internal_value=-4.66947e-07 0.000574472 0.000486646 -0.00426295 0.000643284 0.00280627 -0.000121456 -0.000137703 -0.00240373 -0.00557764 -0.00796314 0.000690725 -7.23678e-05 0.00195684
internal_weight=28825 5010 4970 157 4813 544 23815 23765 664 327 257 337 23101 1087
internal_count=28825 5010 4970 157 4813 544 23815 23765 664 327 257 337 23101 1087
is_linear=0
shrinkage=0.05


Tree=129
num_leaves=15
num_cat=0
split_feature=9 9 0 9 12 9 6 0 6 5 11 2 9 2
split_gain=0.802259 1.47989 1.10867 0.881339 2.99627 9.42826 6.06321 4.86787 4.04482 2.67777 2.61567 3.74223 1.91134 2.51405
threshold=10.500000000000002 7.5000000000000009 4.266188663370639 112.50000000000001 2.5000000000000004 92.500000000000014 7.5461813757367127 2.6775850890704103 7.463648838083869 2.2468915946944015 9.5000000000000018 6.0001572934541523 211.50000000000003 1.6193392260821904
decision_type=2 2 8 2 2 2 8 10 10 2 2 10 2 8
left_child=1 -1 -3 4 10 -6 8 9 -7 -8 11 -2 13 -5
right_child=3 2 -4 12 5 6 7 -9 -10 -11 -12 -13 -14 -15
leaf_value=-0.00024921949052185183 -0.00065915075042013061 -0.010180741141231943 -0.0016967635065364311 -0.0038427258395154667 0.00033443120333217108 0.0059616041340013132 0.0089892918700352313 0.0068851196980303777 -0.015296729773196372 0.024716848292627144 0.0010470489058825836 -0.014835982845026128 0.00036036807447954104 -0.00046512064294492513
leaf_weight=389 4920 77 77 587 2053 45 48 327 41 72 3155 45 8448 8541
leaf_count=389 4920 77 77 587 2053 45 48 327 41 72 3155 45 8448 8541
internal_value=-3.55172e-07 -0.00190049 -0.00601489 3.62583e-05 0.000393847 0.00187535 0.0077872 0.0101196 -0.0042905 0.0186763 -7.83179e-05 -0.000793564 -0.000181578 -0.000683121
internal_weight=28825 543 154 28282 10706 2586 533 447 86 120 8120 4965 17576 9128
internal_count=28825 543 154 28282 10706 2586 533 447 86 120 8120 4965 17576 9128
is_linear=0
shrinkage=0.05


Tree=130
num_leaves=15
num_cat=0
split_feature=7 11 11 6 3 5 0 9 0 1 3 7 6 4
split_gain=0.759094 1.05554 6.33019 1.155 1.1118 2.69907 1.02277 1.55672 0.972353 2.81843 1.25093 2.84786 2.21157 1.94575
threshold=5.5000000000000009 9.5000000000000018 10.500000000000002 7.0888238782952806 3.7196327469704804 3.3032714725032739 0.71754226264466137 129.50000000000003 6.2215713851861656 6.257665752909146 6.1002561074747632 2.5000000000000004 6.7493412523575591 6.8306798124018266
decision_type=2 2 2 10 10 2 8 2 10 10 10 2 10 2
left_child=6 -2 3 -3 5 -4 7 -1 10 -10 -8 12 13 -12
right_child=1 2 4 -5 -6 -7 8 -9 9 -11 11 -13 -14 -15
leaf_value=-0.0098096253672757972 0.00010522617716917354 -0.0064238691726663652 -0.00083727107297845444 -0.015786641342479184 0.0018315761594425912 -0.013863242151172357 8.5397034461201913e-05 0.0012296465831241222 0.0071373304447637153 0.00027988193791248357 0.00044701347717701796 -0.0076205683028769443 -0.0046413086839839279 0.012327350104965691
leaf_weight=63 1257 63 534 79 327 41 25057 62 187 724 99 170 111 51
leaf_count=63 1257 63 534 79 327 41 25057 62 187 724 99 170 111 51
internal_value=-3.33708e-07 -0.00087108 -0.00204453 -0.0117796 -0.000489279 -0.00181091 7.52649e-05 -0.00440101 9.6792e-05 0.00170005 3.93588e-05 -0.00262519 0.000661711 0.00459538
internal_weight=28825 2301 1044 142 902 575 26524 125 26399 911 25488 431 261 150
internal_count=28825 2301 1044 142 902 575 26524 125 26399 911 25488 431 261 150
is_linear=0
shrinkage=0.05


Tree=131
num_leaves=15
num_cat=0
split_feature=0 4 3 3 5 9 1 5 5 3 2 2 5 4
split_gain=0.763773 1.79707 3.93413 3.76149 4.79677 3.84433 3.49846 3.29919 2.42414 2.38532 2.24359 1.89744 2.42019 1.77779
threshold=3.4419873751583672 4.7043868589763393 4.9163179057820896 4.1759233694141225 3.2137457740261799 101.50000000000001 7.6257855177143679 3.6524066771410539 4.4964301412245531 3.7853247081855312 4.4566674860317592 3.7853247081855312 2.8909742798262141 4.41218193563844
decision_type=10 2 8 10 2 2 8 2 2 8 8 10 2 2
left_child=1 3 8 4 11 -6 -4 13 -3 -7 -9 12 -1 -5
right_child=-2 2 6 7 5 9 -8 10 -10 -11 -12 -13 -14 -15
leaf_value=-0.00024051116773371337 0.00026919933940023651 0.0046901382765984498 -0.0011792923113441993 -0.0045260726167877388 -0.00036833400991332683 0.022919240273008852 0.011960157266902654 -0.0057879885654403846 0.017080522085330924 0.0069643960774622184 -0.020483965793003642 -0.0030648248671088564 0.0074553145984644345 0.0010324305923780613
leaf_weight=12535 13741 219 640 382 77 44 53 67 47 53 43 594 101 229
leaf_count=12535 13741 219 640 382 77 44 53 67 47 53 43 594 101 229
internal_value=-4.40307e-07 -0.000246076 0.00184617 -0.000388368 -0.000198851 0.0080013 -0.000142873 -0.00390134 0.00699055 0.0145185 -0.011796 -0.000307892 -0.000177828 -0.0024462
internal_weight=28825 15084 959 14125 13404 174 693 721 266 97 110 13230 12636 611
internal_count=28825 15084 959 14125 13404 174 693 721 266 97 110 13230 12636 611
is_linear=0
shrinkage=0.05


Tree=132
num_leaves=15
num_cat=0
split_feature=11 3 2 0 5 5 9 9 0 3 2 4 1 4
split_gain=0.721822 2.55437 1.99072 2.68347 4.1346 1.08903 0.88069 1.07849 0.806804 1.44555 1.34014 1.76581 1.33521 1.32994
threshold=14.500000000000002 6.1002561074747632 5.3551647114219261 5.8629184228590949 2.6771275634534462 3.9901507130811993 16.500000000000004 75.500000000000014 5.8043791177364872 6.1002561074747632 4.1759233694141225 5.374292447867119 5.8348064622247291 7.4400837358345884
decision_type=2 10 10 8 2 2 2 2 10 10 10 2 10 2
left_child=8 2 3 5 -5 6 -2 -8 13 10 -10 -12 -11 -1
right_child=1 -3 -4 4 -6 -7 7 -9 9 12 11 -13 -14 -15
leaf_value=-1.5678718052451731e-05 -0.0067403553635813299 -0.013144315923342392 0.0086990167852491144 -0.0026156697931844454 -0.019909021579025483 0.0075997666509951961 0.0020480014347374997 -0.0010401510080771126 -0.0049655064202423372 0.0062105917290824911 0.01143939200727666 0.0025185672521087022 -0.001103913891558946 0.0084937331202166646
leaf_weight=25450 52 40 53 165 42 41 380 1086 51 67 59 645 650 44
leaf_count=25450 52 40 53 165 42 41 380 1086 51 67 59 645 650 44
internal_value=-2.9091e-07 -0.000952695 -0.000670458 -0.000961171 -0.00628141 -0.000247621 -0.000469294 -0.000237975 6.54324e-05 0.0012028 0.00272674 0.00329648 -0.000405036 -3.27228e-07
internal_weight=28825 1859 1819 1766 207 1559 1518 1466 26966 1472 755 704 717 25494
internal_count=28825 1859 1819 1766 207 1559 1518 1466 26966 1472 755 704 717 25494
is_linear=0
shrinkage=0.05


Tree=133
num_leaves=15
num_cat=0
split_feature=9 9 6 1 6 2 9 12 9 6 0 6 5 11
split_gain=0.716673 1.06871 1.11058 1.73379 1.06184 0.891584 0.814881 2.23463 9.02545 5.36972 4.39925 3.63155 2.35012 1.98837
threshold=314.50000000000006 308.50000000000006 7.188033237634067 3.1376634167284494 7.1573441033471505 3.2228599096927897 112.50000000000001 2.5000000000000004 92.500000000000014 7.5461813757367127 2.6775850890704103 7.463648838083869 2.2468915946944015 9.5000000000000018
decision_type=2 2 10 10 8 10 2 2 2 8 10 10 2 2
left_child=1 6 3 -3 5 -2 7 13 -9 11 12 -10 -11 -1
right_child=4 2 -4 -5 -6 -7 -8 8 9 10 -12 -13 -14 -15
leaf_value=-0.00073629623862232893 0.0076143600350146046 0.00046524301276735543 -0.00040648051313008874 -0.011466315769182984 0.00032743500187971388 0.0019001350337241188 -0.0002969214065770341 9.2117732390280596e-05 0.0056861906044898512 0.0085820216331630953 0.0064602319710239725 -0.014456217508589806 0.023329456602349072 0.00082835850370595115
leaf_weight=5211 82 51 167 73 2379 378 14446 2181 45 48 327 41 72 3324
leaf_count=5211 82 51 167 73 2379 378 14446 2181 45 48 327 41 72 3324
internal_value=-2.85125e-07 -8.27112e-05 -0.00308536 -0.00662949 0.000753707 0.00294731 -4.84682e-05 0.000270592 0.00151974 0.00733931 0.00953429 -0.00402689 0.0176679 -0.000126882
internal_weight=28825 25986 291 124 2839 460 25695 11249 2714 533 447 86 120 8535
internal_count=28825 25986 291 124 2839 460 25695 11249 2714 533 447 86 120 8535
is_linear=0
shrinkage=0.05


Tree=134
num_leaves=15
num_cat=0
split_feature=7 11 4 1 11 9 9 0 5 1 2 0 3 11
split_gain=0.708041 1.16912 1.4177 2.84365 0.834946 0.957885 1.10997 0.771177 0.744472 0.918685 0.788309 1.06402 0.71543 0.711049
threshold=4.5000000000000009 14.500000000000002 4.3214579236501063 4.5406281092823235 1.5000000000000002 7.5000000000000009 14.500000000000002 7.9105485573585961 6.4625544994957913 5.7097610330515662 5.5214529177982463 5.3551647114219261 7.7888198428626252 9.5000000000000018
decision_type=2 2 2 10 2 2 2 10 2 10 10 10 10 2
left_child=7 4 -3 -4 -2 -6 -7 12 9 -8 -11 -12 13 -1
right_child=1 2 3 -5 5 6 8 -9 -10 10 11 -13 -14 -15
leaf_value=-8.4416096222735481e-05 -0.0020828672183083041 -0.0015798266973117065 -0.017476264226504348 0.00090096503318775267 0.0055392120079680654 -0.0059961983191897167 -0.00017017106841543217 0.0059413512776046173 -0.0060145521670794833 -0.0035290276003716926 0.010970130532846921 0.0022668861000152232 -0.0049288499195660864 0.00049979002139905642
leaf_weight=13934 569 423 42 40 73 78 4869 55 50 43 40 226 68 8315
leaf_count=13934 569 423 42 40 73 78 4869 55 50 43 40 226 68 8315
internal_value=-1.74e-07 -0.0004615 -0.00276635 -0.00870375 -0.000264948 -7.19431e-05 -0.000151199 0.000132921 -6.17344e-05 -1.95251e-06 0.00263276 0.00364774 0.000118075 0.000133941
internal_weight=28825 6453 505 82 5948 5379 5306 22372 5228 5178 309 266 22317 22249
internal_count=28825 6453 505 82 5948 5379 5306 22372 5228 5178 309 266 22317 22249
is_linear=0
shrinkage=0.05


Tree=135
num_leaves=15
num_cat=0
split_feature=9 9 11 0 2 5 9 12 9 6 0 6 9 11
split_gain=0.694329 1.21662 1.01125 0.73644 1.55974 1.26721 0.736437 2.40805 7.52378 4.8684 3.97897 3.28228 2.21925 2.08884
threshold=10.500000000000002 7.5000000000000009 11.500000000000002 4.0901604373868432 4.577281678253593 2.8777661289978513 112.50000000000001 2.5000000000000004 92.500000000000014 7.5461813757367127 2.6775850890704103 7.463648838083869 101.50000000000001 9.5000000000000018
decision_type=2 2 2 10 8 2 2 2 2 8 10 10 2 2
left_child=1 3 -3 5 -5 -1 7 13 -9 11 12 -10 -11 -2
right_child=6 2 -4 4 -6 -7 -8 8 9 10 -12 -13 -14 -15
leaf_value=-0.0002169756000265637 -0.00070174614402450299 -0.0028749708574578431 -0.011842020107950602 -0.0087526683499824943 0.00097126788700939166 0.0093607661308893978 -0.0001652837859482083 0.00031232361237412557 0.0053825560872978045 0.0085366903097127324 0.0061365472024781167 -0.013767166004169646 0.022686275122853528 0.00094309471250004964
leaf_weight=175 4965 111 43 64 109 41 17576 2053 45 52 327 41 68 3155
leaf_count=175 4965 111 43 64 109 41 17576 2053 45 52 327 41 68 3155
internal_value=-2.19919e-07 -0.00176793 -0.00549848 -0.000270479 -0.00268495 0.00167022 3.38418e-05 0.000360715 0.00168886 0.00696997 0.00906001 -0.00385236 0.0167953 -6.25736e-05
internal_weight=28825 543 154 389 173 216 28282 10706 2586 533 447 86 120 8120
internal_count=28825 543 154 389 173 216 28282 10706 2586 533 447 86 120 8120
is_linear=0
shrinkage=0.05


Tree=136
num_leaves=15
num_cat=0
split_feature=11 3 2 4 0 6 7 5 6 5 9 4 3 5
split_gain=0.666626 2.28978 1.83804 2.51394 1.55297 1.03944 1.89677 0.809991 0.80856 0.835185 0.740278 0.677665 1.66616 1.31993
threshold=14.500000000000002 6.1002561074747632 5.3551647114219261 4.8407195569637187 1.7833559100698646 7.5566884513855408 1.0000000180025095e-35 0.61740127974933634 7.6224185546607091 2.1155510749616964 27.500000000000004 0.89367581038681776 1.0816615128302691 0.76910729844102421
decision_type=2 10 10 2 10 10 2 2 10 2 2 2 8 2
left_child=11 2 3 4 7 10 -7 -2 -8 -10 -6 -1 13 -13
right_child=1 -3 -4 -5 5 6 8 -9 9 -11 -12 12 -14 -15
leaf_value=-0.0018417774756884907 -0.00010146119539920045 -0.01245837364722753 0.0083548324559391905 -0.012869997448721077 -0.0067764763484972172 0.012328930286986922 0.0045482462248957354 -0.004122104252406218 0.0010365326622408686 -0.0065402042080202824 -0.0002390621529973218 0.00069409853569231926 5.509753129244008e-05 0.0075954767939357369
leaf_weight=457 188 40 53 41 44 42 119 374 172 44 742 148 26232 129
leaf_count=457 188 40 53 41 44 42 119 374 172 44 742 148 26232 129
internal_value=-1.53389e-07 -0.00091542 -0.000648185 -0.000927523 -0.000629097 0.000414367 0.00256548 -0.00278225 0.0012755 -0.000552719 -0.000621295 6.30071e-05 9.59809e-05 0.00393951
internal_weight=28825 1859 1819 1766 1725 1163 377 562 335 216 786 26966 26509 277
internal_count=28825 1859 1819 1766 1725 1163 377 562 335 216 786 26966 26509 277
is_linear=0
shrinkage=0.05


Tree=137
num_leaves=15
num_cat=0
split_feature=9 12 9 6 1 6 6 12 2 5 1 0 4 0
split_gain=0.659994 1.01675 0.957524 1.00394 1.57256 0.823295 0.786987 0.837413 1.22495 0.841805 0.709962 2.78952 1.32338 3.67991
threshold=314.50000000000006 2.5000000000000004 308.50000000000006 7.188033237634067 3.1376634167284494 7.5382279794336009 7.1573441033471505 1.0000000180025095e-35 3.2619279743942671 1.9716240048965659 2.4466760667407619 1.5789255615152133 4.7291929724237436 6.9732889273482748
decision_type=2 2 2 10 10 8 10 2 10 2 10 8 2 8
left_child=2 6 10 4 -4 -3 7 -2 9 -9 12 -12 -1 -14
right_child=1 5 3 -5 -6 -7 -8 8 -10 -11 11 -13 13 -15
leaf_value=-0.00069859930422526352 -0.0023867649766065083 0.0046101307049851679 0.00046486676020442321 -0.00037457299876486963 -0.010897587284290543 -0.0014742666095753807 0.00057726206915078562 0.0033672123418146769 0.0019076897846031496 0.010655130628242948 0.011665751211022816 6.9642872481424722e-05 0.00023446683113505451 0.014080292866728678
leaf_weight=5786 74 59 51 167 73 632 1426 85 486 77 50 19500 304 55
leaf_count=5786 74 59 51 167 73 632 1426 85 486 77 50 19500 304 55
internal_value=-1.81579e-07 0.000723381 -7.92812e-05 -0.00292145 -0.00629112 -0.000942954 0.00125981 0.00260257 0.00317793 0.00691892 -4.68683e-05 0.000100491 -0.000515564 0.00242195
internal_weight=28825 2839 25986 291 124 691 2148 722 648 162 25695 19550 6145 359
internal_count=28825 2839 25986 291 124 691 2148 722 648 162 25695 19550 6145 359
is_linear=0
shrinkage=0.05


Tree=138
num_leaves=15
num_cat=0
split_feature=7 5 1 6 12 3 0 0 4 3 0 11 2 5
split_gain=0.666577 0.992647 2.33777 1.11596 0.904142 0.971122 0.883443 0.860782 1.42159 0.850618 1.0185 0.737765 1.8108 2.80935
threshold=5.5000000000000009 4.685632550441313 5.5214529177982463 7.5900934625031828 1.5000000000000002 4.8218918729550593 8.1463143529809319 0.71754226264466137 0.89367581038681776 7.7888198428626252 7.5005747395306033 1.5000000000000002 4.7578820629520608 3.8806539155765027
decision_type=2 2 10 8 2 10 10 8 2 10 8 2 8 2
left_child=6 4 -3 -4 5 -2 7 8 -1 11 -11 12 13 -9
right_child=1 2 3 -5 -6 -7 -8 9 -10 10 -12 -13 -14 -15
leaf_value=0.0010871781147460439 -0.0018900020400121793 -0.014438375388801267 -0.0062925264813265824 0.0046434874859223067 0.00082829623598622455 0.0016452889038097961 0.0070705685060885219 -0.00044478452420364896 -0.0094659532322698553 -0.010318316609143865 0.00073223457556672493 0.00019724059463727632 -0.0039810803760583161 0.0091074292626102237
leaf_weight=65 1176 42 41 49 762 231 43 2999 60 41 40 22848 351 77
leaf_count=65 1176 42 41 49 762 231 43 2999 60 41 40 22848 351 77
internal_value=-6.2186e-08 -0.000816023 -0.00499291 -0.000366965 -0.000557463 -0.00130807 7.07799e-05 5.88805e-05 -0.00404762 7.86623e-05 -0.00497511 9.46194e-05 -0.000589278 -0.000199906
internal_weight=28825 2301 132 90 2169 1407 26524 26481 125 26356 81 26275 3427 3076
internal_count=28825 2301 132 90 2169 1407 26524 26481 125 26356 81 26275 3427 3076
is_linear=0
shrinkage=0.05


Tree=139
num_leaves=15
num_cat=0
split_feature=9 9 12 12 9 9 6 0 5 6 0 5 1 0
split_gain=0.637334 2.1776 6.08879 3.90839 3.96612 4.24341 4.50695 3.84538 3.6181 3.17319 2.83921 2.13278 2.00958 1.88941
threshold=234.50000000000003 162.50000000000003 2.5000000000000004 2.5000000000000004 91.500000000000014 122.50000000000001 7.5461813757367127 2.6775850890704103 2.9147406515374907 7.463648838083869 2.1916379270371573 6.4625544994957913 2.998226044309511 4.4200439778118819
decision_type=2 2 2 2 2 2 8 10 2 10 10 2 10 10
left_child=1 3 12 11 -5 6 9 8 -8 -6 -4 -1 -3 -7
right_child=-2 2 10 4 5 13 7 -9 -10 -11 -12 -13 -14 -15
leaf_value=-0.00024519984898666773 0.00040657890832883369 -0.0013847176468783514 -0.0087085823966124333 3.0273267119400939e-05 0.0041539726622306329 0.0037097142153421727 0.0070328069344452286 0.005121599836674446 0.021294326958568061 -0.013256526249460877 -0.0028450210238041979 -0.0089357830556687536 0.00094156697562055962 -0.00056146143445150035
leaf_weight=12518 7218 1629 263 2150 56 427 101 508 82 46 953 69 2153 652
leaf_count=12518 7218 1629 263 2150 56 427 101 508 82 46 953 69 2153 652
internal_value=-1.33719e-07 -0.000136025 -0.00105083 0.000139354 0.00149581 0.00317717 0.00594935 0.00739555 0.0135843 -0.00380176 -0.00412543 -0.000294252 -6.06231e-05 0.00113254
internal_weight=28825 21607 4998 16609 4022 1872 793 691 183 102 1216 12587 3782 1079
internal_count=28825 21607 4998 16609 4022 1872 793 691 183 102 1216 12587 3782 1079
is_linear=0
shrinkage=0.05


Tree=140
num_leaves=15
num_cat=0
split_feature=9 9 7 2 5 9 9 1 5 12 3 12 9 6
split_gain=0.612272 0.890667 1.14578 0.963212 0.735476 0.684367 1.92786 2.85507 3.39802 2.21937 2.35288 1.89954 6.23286 4.71178
threshold=12.500000000000002 3.5000000000000004 3.5000000000000004 4.9163179057820896 3.8806539155765027 112.50000000000001 117.50000000000001 3.1157326077443077 1.7523086499369664 2.5000000000000004 6.8144826469318227 2.5000000000000004 97.500000000000014 7.5461813757367127
decision_type=2 2 2 8 2 2 2 8 2 2 8 2 2 8
left_child=1 -1 4 -4 -3 11 7 8 -7 10 -9 -2 -13 -14
right_child=5 2 3 -5 -6 6 -8 9 -10 -11 -12 12 13 -15
leaf_value=0.001864600388502118 -2.5093131662254794e-05 -6.6467436888978851e-05 -0.0084110703164428143 0.00049178996718986787 -0.0067692417998183917 -0.0034482508280509433 -6.6707849583227171e-05 -0.0012437198653749868 -0.020343584069942543 0.0051623255112713626 -0.013821254668032957 0.00046708191352108511 -0.0070921220981022895 0.0092263045985462328
leaf_weight=151 8026 317 113 41 45 84 17083 217 45 104 43 2152 49 355
leaf_count=151 8026 317 113 41 45 84 17083 217 45 104 43 2152 49 355
internal_value=-1.03607e-07 -0.00149507 -0.00248163 -0.00606491 -0.000932301 3.54124e-05 -0.00015585 -0.00323196 -0.00956258 -0.000948428 -0.00341348 0.000353055 0.00153956 0.0072219
internal_weight=28825 667 516 154 362 28158 17576 493 129 364 260 10582 2556 404
internal_count=28825 667 516 154 362 28158 17576 493 129 364 260 10582 2556 404
is_linear=0
shrinkage=0.05


Tree=141
num_leaves=15
num_cat=0
split_feature=7 5 1 6 0 1 3 4 3 0 11 6 9 7
split_gain=0.593897 0.899945 2.10375 0.978071 0.855831 2.35181 1.35296 1.3769 0.924273 1.27546 1.16038 1.37114 0.984335 0.914407
threshold=5.5000000000000009 4.685632550441313 5.5214529177982463 7.5900934625031828 7.2555351629467291 7.3822723622443664 7.7888198428626252 7.4400837358345884 6.1002561074747632 6.0473610013033996 12.500000000000002 7.6076290094819567 162.50000000000003 2.5000000000000004
decision_type=2 2 10 8 10 10 10 2 10 10 2 10 2 2
left_child=4 -2 -3 -4 6 -6 7 8 9 -1 13 -12 -11 -10
right_child=1 2 3 -5 5 -7 -8 -9 10 12 11 -13 -14 -15
leaf_value=4.6639266452469997e-05 -0.00052426036019295416 -0.013707753150612751 -0.0059060656433102005 0.0043321018687029391 0.011073655641115638 -9.2910869224108533e-05 -0.0089268801844723158 0.0091001910898956435 0.00086771222604747314 0.004356645048785533 -0.013577115449256131 -0.0017297623138273915 -0.0013583439966097621 -0.0028545276350569258
leaf_weight=25063 2169 42 41 49 64 165 40 40 345 294 40 60 100 313
leaf_count=25063 2169 42 41 49 64 165 40 40 345 294 40 60 100 313
internal_value=-2.51324e-07 -0.000770445 -0.0047475 -0.000358952 6.66172e-05 0.00309673 3.99948e-05 5.4335e-05 3.98392e-05 9.11281e-05 -0.00167837 -0.006642 0.00290661 -0.000906182
internal_weight=28825 2301 132 90 26524 229 26295 26255 26215 25457 758 100 394 658
internal_count=28825 2301 132 90 26524 229 26295 26255 26215 25457 758 100 394 658
is_linear=0
shrinkage=0.05


Tree=142
num_leaves=15
num_cat=0
split_feature=9 9 12 12 9 0 5 9 11 9 7 0 5 3
split_gain=0.590328 1.92073 5.45466 3.23049 3.36237 3.86247 4.43015 4.12501 3.27421 2.58254 2.63664 2.57766 1.88036 1.85723
threshold=234.50000000000003 162.50000000000003 2.5000000000000004 2.5000000000000004 91.500000000000014 2.1459141833778665 2.0094011299205765 115.50000000000001 8.5000000000000018 132.50000000000003 1.0000000180025095e-35 2.1916379270371573 6.4625544994957913 2.827296115232715
decision_type=2 2 2 2 2 10 2 2 2 2 2 10 2 10
left_child=1 3 13 12 -5 6 8 -8 -6 10 -7 -4 -1 -3
right_child=-2 2 11 4 5 9 7 -9 -10 -11 -12 -13 -14 -15
leaf_value=-0.00022061673634062972 0.00039112261428942335 -0.001432258242243795 -0.0082671733584500987 1.1388493341527225e-05 0.0074177143017194512 -0.0080133583831965265 0.019232120449758239 0.0063549592918012467 -0.011077553041279317 -0.00054698283530024065 0.0043380351216041725 -0.0026804279469755717 -0.0083807131357517255 0.00083616064291047493
leaf_weight=12518 7218 1482 263 2150 44 44 88 213 48 675 760 953 69 2300
leaf_count=12518 7218 1482 263 2150 44 44 88 213 48 675 760 953 69 2300
internal_value=-3.04323e-07 -0.000131088 -0.000990248 0.00012754 0.00136076 0.00290886 0.00730264 0.0102218 -0.00226237 0.00173306 0.00364388 -0.00390034 -0.000266673 -5.30205e-05
internal_weight=28825 21607 4998 16609 4022 1872 393 301 92 1479 804 1216 12587 3782
internal_count=28825 21607 4998 16609 4022 1872 393 301 92 1479 804 1216 12587 3782
is_linear=0
shrinkage=0.05


Tree=143
num_leaves=15
num_cat=0
split_feature=11 3 2 0 5 5 9 9 0 1 5 4 1 9
split_gain=0.569909 1.8677 1.61581 2.30581 3.60568 0.926323 0.693284 0.906882 0.625854 2.00194 1.48614 1.37606 2.13081 1.89528
threshold=14.500000000000002 6.1002561074747632 5.3551647114219261 5.8629184228590949 2.6771275634534462 3.9901507130811993 16.500000000000004 69.500000000000014 6.8144826469318227 6.7481716611809732 6.9173813406629288 6.8306798124018266 6.8596127015130612 135.50000000000003
decision_type=2 10 10 8 2 2 2 2 10 10 2 2 10 2
left_child=8 2 3 5 -5 6 -2 -8 10 -10 11 12 -1 -13
right_child=1 -3 -4 4 -6 -7 7 -9 9 -11 -12 13 -14 -15
leaf_value=4.1382523249289808e-05 -0.0059741372945373537 -0.011271580043934852 0.0078360357326032089 -0.0023764437079167519 -0.018524445252577692 0.0070317082237019105 0.0020508025905368607 -0.00088850121950928692 0.0083588160063434204 7.4517821508667534e-05 -0.0084988131671778714 0.013666128843694673 -0.010502894271242742 -9.2248985602054752e-05
leaf_weight=26364 52 40 53 165 42 41 340 1126 93 314 49 42 46 58
leaf_count=26364 52 40 53 165 42 41 340 1126 93 314 49 42 46 58
internal_value=-2.96175e-07 -0.000846567 -0.000605192 -0.000867102 -0.00579876 -0.000205698 -0.00041017 -0.000204942 5.81031e-05 0.00199911 2.82101e-05 4.4611e-05 2.2223e-05 0.00584093
internal_weight=28825 1859 1819 1766 207 1559 1518 1466 26966 407 26559 26510 26410 100
internal_count=28825 1859 1819 1766 207 1559 1518 1466 26966 407 26559 26510 26410 100
is_linear=0
shrinkage=0.05


Tree=144
num_leaves=15
num_cat=0
split_feature=9 9 12 0 12 9 9 6 0 5 6 1 5 11
split_gain=0.548688 2.3528 5.69293 2.99634 2.71896 2.66849 3.5692 3.58511 3.26093 3.04057 2.76104 2.09706 2.27563 1.80069
threshold=214.50000000000003 166.50000000000003 2.5000000000000004 2.3887207034642728 2.5000000000000004 91.500000000000014 122.50000000000001 7.5461813757367127 2.6775850890704103 2.9147406515374907 7.463648838083869 5.1445790166580574 2.5986366356905433 7.5000000000000009
decision_type=2 2 2 10 2 2 2 8 10 2 8 8 2 2
left_child=1 4 -3 11 13 -6 7 10 9 -9 -7 12 -4 -1
right_child=-2 2 3 -5 5 6 -8 8 -10 -11 -12 -13 -14 -15
leaf_value=-0.00085379948914070822 0.00034230077945009737 -0.0001733731658899321 -0.00663007698760974 -0.0033484134101233985 3.3294204884012179e-06 0.0038649846576876814 0.00079951043120802395 0.0061286325409366455 0.0043367565487606756 0.01918927617592826 -0.012375690582363557 -0.0014492042644027002 -0.020208525779468103 0.00032766023200462869
leaf_weight=6347 8312 2642 61 678 2150 56 1176 101 508 82 46 46 67 6553
leaf_count=6347 8312 2642 61 678 2150 56 1176 101 508 82 46 46 67 6553
internal_value=-3.47515e-07 -0.000139211 -0.00132064 -0.00486952 0.000103464 0.00122155 0.00255041 0.0051384 0.00642842 0.0121251 -0.00355638 -0.0106912 -0.0139391 -0.000253679
internal_weight=28825 20513 3494 852 17019 4119 1969 793 691 183 102 174 128 12900
internal_count=28825 20513 3494 852 17019 4119 1969 793 691 183 102 174 128 12900
is_linear=0
shrinkage=0.05


Tree=145
num_leaves=15
num_cat=0
split_feature=7 11 4 1 5 0 8 6 11 0 9 9 0 3
split_gain=0.545317 0.939882 1.20674 0.716934 0.889197 0.59208 0.577199 0.839047 0.624692 1.15174 1.13171 4.06571 0.954435 0.806629
threshold=4.5000000000000009 14.500000000000002 4.6899576602731896 4.0526537577525756 6.4625544994957913 7.9105485573585961 11.500000000000002 7.1176088821010461 1.0000000180025095e-35 0.71754226264466137 276.50000000000006 258.50000000000006 2.7757039971150994 2.35611462914075
decision_type=2 2 2 10 2 10 2 10 2 8 2 2 8 8
left_child=5 3 -3 -2 -5 6 8 -8 10 -10 11 -1 -12 -11
right_child=1 2 -4 4 -6 -7 7 -9 9 13 12 -13 -14 -15
leaf_value=-0.001072524138466082 -0.00066272359370570238 -0.0017305046645558705 -0.010596495581280795 0.00060589495623505126 -0.0064173304931382132 0.0052059039034423214 0.0027137586531953348 0.00016078042917900111 -0.0081608646832007394 0.00089383679269953997 -0.0010599440669376448 0.013488113681785763 -0.0088627398529832688 -6.9317233382344111e-06
leaf_weight=1164 3661 465 40 2243 44 55 504 885 40 2921 79 48 77 16599
leaf_count=1164 3661 465 40 2243 44 55 504 885 40 2921 79 48 77 16599
internal_value=-3.64994e-07 -0.000405224 -0.00247179 -0.000228995 0.000465285 0.000116439 0.00010343 0.0010897 3.78732e-05 0.000110155 -0.000994284 -0.000474594 -0.00497476 0.000127938
internal_weight=28825 6453 505 5948 2287 22372 22317 1389 20928 19560 1368 1212 156 19520
internal_count=28825 6453 505 5948 2287 22372 22317 1389 20928 19560 1368 1212 156 19520
is_linear=0
shrinkage=0.05


Tree=146
num_leaves=15
num_cat=0
split_feature=9 9 7 2 9 9 11 2 0 5 6 9 12 5
split_gain=0.53084 0.808181 1.02606 0.85802 0.69197 1.16923 3.90654 1.77691 2.58075 3.68221 1.8286 1.674 1.9654 1.79416
threshold=12.500000000000002 3.5000000000000004 3.5000000000000004 4.9163179057820896 32.500000000000007 60.500000000000007 9.5000000000000018 5.6419007834884924 3.4307509472323381 2.2468915946944015 7.5248301129598234 106.50000000000001 1.0000000180025095e-35 4.2062826950243783
decision_type=2 2 2 8 2 2 2 10 10 2 10 2 2 2
left_child=1 -1 -3 -4 -2 6 7 8 9 -6 -11 12 -7 -14
right_child=4 2 3 -5 5 11 -8 -9 -10 10 -12 -13 13 -15
leaf_value=0.0018076770900508231 0.00096120680628922857 -0.00086618165099695279 -0.0079374421343369334 0.00046518117319359337 -0.0017430409365649471 0.0025832282214395042 0.0013174437684666082 -0.010232633078619298 0.0002138209813653687 -0.0049391629034992082 -0.012790095480795571 -0.0001343834357894933 -2.0759936651414719e-05 0.0039182001130421105
leaf_weight=151 1871 362 113 41 775 1284 1174 67 747 187 126 18218 3395 314
leaf_count=151 1871 362 113 41 775 1284 1174 67 747 187 126 18218 3395 314
internal_value=-4.00525e-07 -0.0013924 -0.00233223 -0.0057231 3.26695e-05 -3.34881e-05 -0.000949176 -0.00234815 -0.00204944 -0.0036009 -0.00816074 8.79333e-05 0.000898831 0.00031464
internal_weight=28825 667 516 154 28158 26287 3076 1902 1835 1088 313 23211 4993 3709
internal_count=28825 667 516 154 28158 26287 3076 1902 1835 1088 313 23211 4993 3709
is_linear=0
shrinkage=0.05


Tree=147
num_leaves=15
num_cat=0
split_feature=6 9 6 9 11 1 2 11 12 0 0 1 5 4
split_gain=0.524956 1.06582 1.01709 0.960206 1.41991 0.892658 0.95108 0.884852 0.846621 0.68596 0.667476 1.74782 1.32082 1.33275
threshold=7.7784202850580941 61.500000000000007 8.0410897079990438 89.500000000000014 4.5000000000000009 2.4069045255497099 2.393329031016735 7.5000000000000009 1.5000000000000002 0.71754226264466137 6.4068459468534025 6.3135464053376262 6.9173813406629288 6.7515971468396829
decision_type=10 2 10 2 2 10 10 2 2 8 10 10 2 2
left_child=9 5 3 4 -3 6 -2 -8 -6 -1 12 -12 13 -11
right_child=1 2 -4 -5 8 -7 7 -9 -10 10 11 -13 -14 -15
leaf_value=-0.0047488098458646315 -0.0012496265664176378 0.0078555784952598368 0.0052487651641058624 0.00038075872278292496 0.0039828724380161044 -1.0545320828579627e-05 -0.012095688070379159 -0.0025544550863775876 -0.00049276911244514174 -0.00013532248831434895 0.0064848142811165192 0.00026205158840527602 -0.008168152099767444 0.0062896139895325005
leaf_weight=77 211 104 126 3154 180 802 46 52 251 22918 135 641 49 79
leaf_count=77 211 104 126 3154 180 802 46 52 251 22918 135 641 49 79
internal_value=-4.75534e-07 0.000469407 0.000866235 0.000713784 0.00266835 -0.000892347 -0.00316625 -0.00718534 0.00138617 -9.73577e-05 -8.19254e-05 0.00135851 -0.000130541 -0.000112706
internal_weight=28825 4926 3815 3689 535 1111 309 98 431 23899 23822 776 23046 22997
internal_count=28825 4926 3815 3689 535 1111 309 98 431 23899 23822 776 23046 22997
is_linear=0
shrinkage=0.05


Tree=148
num_leaves=15
num_cat=0
split_feature=7 9 9 0 11 11 6 6 0 4 0 9 9 12
split_gain=0.520404 0.862095 1.51061 1.77121 1.329 4.72488 1.17187 2.14015 0.876412 0.884706 0.712856 0.648486 2.39808 4.32747
threshold=5.5000000000000009 106.50000000000001 126.50000000000001 3.0228579809699494 9.5000000000000018 10.500000000000002 7.5585166069870953 7.6369925528406828 2.827296115232715 3.5594920782386832 8.1463143529809319 211.50000000000003 174.50000000000003 2.5000000000000004
decision_type=2 2 2 10 2 2 10 10 8 2 10 2 2 2
left_child=10 8 3 -3 -4 -6 -7 -8 -2 -10 11 12 -1 -14
right_child=1 2 4 -5 5 6 7 -9 9 -11 -12 -13 13 -15
leaf_value=0.0001025346633058009 -0.0031351076636513299 -0.012829892220143536 0.00051781176122269183 -0.0012830534652733296 -0.013843021615658228 0.00086181645334017362 -0.013597898743011885 -0.00094254498384871942 0.0040926819942726329 0.00016564582624231598 0.0063499172813155595 0.00043567587465930322 -0.00036780044260565107 -0.005401101684176849
leaf_weight=16448 138 59 697 74 80 329 43 131 191 559 43 7761 1704 568
leaf_count=16448 138 59 697 74 80 329 43 131 191 559 43 7761 1704 568
internal_value=-4.48117e-07 -0.000721414 -0.00148786 -0.00651952 -0.000955679 -0.00271304 -0.000895055 -0.004189 0.000498764 0.00117396 6.21465e-05 5.14576e-05 -0.000107862 -0.00162977
internal_weight=28825 2301 1413 133 1280 583 503 174 888 750 26524 26481 18720 2272
internal_count=28825 2301 1413 133 1280 583 503 174 888 750 26524 26481 18720 2272
is_linear=0
shrinkage=0.05


Tree=149
num_leaves=15
num_cat=0
split_feature=4 3 5 2 1 4 5 0 0 7 0 5 3 5
split_gain=0.512747 0.953228 1.31131 1.72877 0.833237 1.54484 2.64737 2.5493 0.894107 0.772874 0.689606 0.633284 0.547789 1.37622
threshold=0.86449146708195113 1.2668484069787163 0.82649531408971688 1.0816615128302691 1.7833559100698646 2.9302429726433266 1.6069139576449751 1.5150668501356619 1.1150072000796054 1.5000000000000002 0.89587973461402759 0.90747166393789225 2.35611462914075 2.9475384550602191
decision_type=2 8 2 10 8 2 2 10 8 2 10 2 8 2
left_child=-1 2 10 -4 5 6 11 -8 -6 -5 -2 -3 13 -10
right_child=1 4 3 9 8 -7 7 -9 12 -11 -12 -13 -14 -15
leaf_value=-0.0019165707044843314 -0.0020277622561990756 -0.00034708875411522915 0.01391253925135566 0.0080127115186769526 0.0070808204919255036 0.0082112773720707227 -0.018044521274935939 -0.00085453622606258069 0.0008750027178894052 0.00039045317811673292 0.0018616841614432927 -0.0031355499225969121 -4.8061800147300298e-05 -0.007761035841441357
leaf_weight=343 176 969 43 46 43 40 44 41 2536 109 315 256 23819 45
leaf_count=343 176 969 43 46 43 40 44 41 2536 109 315 256 23819 45
internal_value=-5.60566e-07 2.26463e-05 0.00185706 0.00527007 -2.29599e-05 -0.00123366 -0.00153414 -0.00996314 3.89391e-05 0.0027258 0.000464933 -0.000933981 2.69339e-05 0.00071854
internal_weight=28825 28482 689 198 27793 1350 1310 85 26443 155 491 1225 26400 2581
internal_count=28825 28482 689 198 27793 1350 1310 85 26443 155 491 1225 26400 2581
is_linear=0
shrinkage=0.05


Tree=150
num_leaves=15
num_cat=0
split_feature=11 3 2 0 5 5 9 9 3 2 11 2 5 0
split_gain=0.509727 1.5815 1.50166 2.0756 3.21692 0.874334 0.600516 0.798592 0.554049 0.736766 0.507764 1.7025 2.34256 0.99941
threshold=14.500000000000002 6.1002561074747632 5.3551647114219261 5.8629184228590949 2.7368504097032864 3.9901507130811993 16.500000000000004 69.500000000000014 1.9387157803292638 3.051614755219402 1.5000000000000002 4.7578820629520608 3.8806539155765027 0.71754226264466137
decision_type=2 10 10 8 2 2 2 2 10 8 2 8 2 8
left_child=10 2 3 5 -5 6 -2 8 -8 -10 11 12 -1 -12
right_child=1 -3 -4 4 -6 -7 7 -9 9 -11 13 -13 -14 -15
leaf_value=-0.00035426674528552042 -0.0055806996930321609 -0.010393984629661733 0.0075588701770175253 -0.0023687782915572213 -0.017888403852980229 0.0068277120871772599 -0.00049074230588633911 -0.00085271762011142154 0.0081299438097161211 0.0015447598074543034 -0.0071452555362447271 -0.0037839367798308183 0.0083655601408615526 0.00015321192744923554
leaf_weight=3075 52 40 53 167 40 41 141 1126 60 139 45 354 77 23415
leaf_count=3075 52 40 53 167 40 41 141 1126 60 139 45 354 77 23415
internal_value=-5.10995e-07 -0.000800852 -0.000578714 -0.000831209 -0.00551022 -0.000203677 -0.000402324 -0.00021129 0.00190553 0.00359138 5.47188e-05 -0.000506351 -0.000136081 0.000138604
internal_weight=28825 1859 1819 1766 207 1559 1518 1466 340 199 26966 3506 3152 23460
internal_count=28825 1859 1819 1766 207 1559 1518 1466 340 199 26966 3506 3152 23460
is_linear=0
shrinkage=0.05


Tree=151
num_leaves=15
num_cat=0
split_feature=1 5 2 3 0 1 8 6 3 11 6 1 2 1
split_gain=0.478286 1.63155 0.698669 1.69424 1.19266 0.7683 1.32067 0.813438 0.620622 0.963696 1.09913 0.907776 2.01385 2.4493
threshold=8.0092269426834779 6.9173813406629288 6.9186462987399437 7.0888238782952806 7.0071430020149554 6.8596127015130612 3.5000000000000004 7.4521113339274576 6.1002561074747632 12.500000000000002 7.6076290094819567 5.7745467231763365 5.4445775410940529 6.1002561074747632
decision_type=10 2 10 10 10 10 2 10 10 2 10 10 8 10
left_child=1 2 3 4 8 -4 -7 -8 11 -10 -11 -1 13 -13
right_child=-2 -3 5 -5 -6 6 7 -9 9 10 -12 12 -14 -15
leaf_value=-2.6939219080788525e-05 0.0043512527575893774 -0.0079844492853681 0.0073907850599396856 -0.0091210637442475442 0.0061745881174619386 0.0057963022245402342 -0.0079651146273439135 0.00066983294496430633 -0.00070406274289934565 -0.01181932612024765 -0.0014265536563470961 0.0023791763027582098 0.0027396450580064475 -0.013890765535883432
leaf_weight=26893 61 62 61 49 76 83 40 77 588 43 60 49 642 41
leaf_count=26893 61 62 61 49 76 83 40 77 588 43 60 49 642 41
internal_value=-5.41919e-07 -1.00727e-05 7.70812e-06 -1.60121e-05 3.43067e-07 0.00257295 0.00104489 -0.00236654 -1.66635e-05 -0.00149454 -0.00590777 2.04089e-05 0.00175527 -0.00517353
internal_weight=28825 28764 28702 28441 28392 261 200 117 28316 691 103 27625 732 90
internal_count=28825 28764 28702 28441 28392 261 200 117 28316 691 103 27625 732 90
is_linear=0
shrinkage=0.05


Tree=152
num_leaves=15
num_cat=0
split_feature=7 1 5 3 2 0 9 2 1 4 0 12 5 1
split_gain=0.479026 0.818479 1.30015 1.02334 2.03009 1.09992 0.958663 0.981473 1.06584 0.989897 0.796015 0.66227 0.89601 2.37703
threshold=4.5000000000000009 4.0526537577525756 4.685632550441313 6.2187969032355488 6.1797051403202108 5.7745467231763365 218.50000000000003 5.0205801788306017 5.4858332032916417 4.7930415752434605 6.8596127015130612 2.5000000000000004 3.4877873376844 2.5725830935269314
decision_type=2 10 2 10 10 8 2 8 10 2 8 2 2 10
left_child=-1 2 11 5 -5 -3 7 9 -9 -7 -10 12 -2 -14
right_child=1 3 -4 4 -6 6 -8 8 10 -11 -12 -13 13 -15
leaf_value=0.0001088779572930791 -0.00087062251550641494 8.2626622134345402e-05 -0.0089887141822449241 -0.012795577622912176 -4.5347274361370968e-05 0.0032799831800979988 -0.0022193153539986966 -0.0032888902314880397 0.0018894797197582438 0.013731511813691921 0.0084585570583918263 0.0006047828351190979 0.001435042573486275 -0.013744863268705863
leaf_weight=22372 3177 1763 46 41 114 49 75 62 140 43 68 774 55 46
leaf_count=22372 3177 1763 46 41 114 49 75 62 140 43 68 774 55 46
internal_value=-5.96124e-07 -0.00038005 -0.000806783 0.000362576 -0.00353803 0.000640355 0.00287979 0.00394262 0.0023894 0.00835316 0.00409717 -0.00070951 -0.00102002 -0.00561122
internal_weight=28825 6453 4098 2355 155 2200 437 362 270 92 208 4052 3278 101
internal_count=28825 6453 4098 2355 155 2200 437 362 270 92 208 4052 3278 101
is_linear=0
shrinkage=0.05


Tree=153
num_leaves=15
num_cat=0
split_feature=9 9 11 0 2 5 9 9 11 2 0 5 6 0
split_gain=0.471057 0.95202 0.84018 0.681895 1.35166 1.10642 0.531242 1.05721 3.43601 1.61723 2.30126 3.33185 1.63832 1.6339
threshold=10.500000000000002 7.5000000000000009 11.500000000000002 4.0901604373868432 4.577281678253593 2.8777661289978513 32.500000000000007 60.500000000000007 9.5000000000000018 5.6419007834884924 3.4307509472323381 2.2468915946944015 7.5248301129598234 2.8390613639378119
decision_type=2 2 2 10 8 2 2 2 2 10 10 2 10 10
left_child=1 3 -3 5 -5 -1 -2 8 9 10 11 -8 -13 -14
right_child=6 2 -4 4 -6 -7 7 -9 -10 -11 -12 12 13 -15
leaf_value=-3.1156417825601277e-05 0.00081363669961612671 -0.0023711558221221236 -0.010535282695458996 -0.0081051000000584416 0.00094643941362543651 0.0089201838915171326 -0.001627949090864088 8.3180808033026055e-05 0.0012227600372523516 -0.0097367160535161059 0.00020710956324111035 -0.004683054974253374 -0.019265069944784045 -0.0073425395504091292
leaf_weight=175 1995 111 43 64 109 41 775 23211 1174 67 747 187 48 78
leaf_count=175 1995 111 43 64 109 41 775 23211 1174 67 747 187 48 78
internal_value=-6.09199e-07 -0.00145662 -0.00475659 -0.000132554 -0.00245647 0.00173419 2.74465e-05 -3.22773e-05 -0.000902993 -0.00221501 -0.00193007 -0.00339511 -0.00773255 -0.0121145
internal_weight=28825 543 154 389 173 216 28282 26287 3076 1902 1835 1088 313 126
internal_count=28825 543 154 389 173 216 28282 26287 3076 1902 1835 1088 313 126
is_linear=0
shrinkage=0.05


Tree=154
num_leaves=15
num_cat=0
split_feature=11 3 2 4 0 6 6 5 5 9 4 3 9 9
split_gain=0.458414 1.32274 1.32939 2.00222 1.16596 0.792158 1.39459 0.916055 0.675877 0.516828 0.476324 0.742857 1.59787 1.41168
threshold=14.500000000000002 6.1002561074747632 5.3551647114219261 4.8407195569637187 1.7833559100698646 7.5722449229574815 7.6150511231945073 1.1993017431153092 0.61740127974933634 21.500000000000004 0.86449146708195113 1.2382692000587421 258.50000000000006 119.50000000000001
decision_type=2 10 10 2 10 10 10 2 2 2 2 8 2 2
left_child=10 2 3 4 8 9 -7 -8 -2 -6 -1 12 13 -12
right_child=1 -3 -4 -5 5 6 7 -9 -10 -11 11 -13 -14 -15
leaf_value=-0.0017943219168607711 5.3741684563359936e-05 -0.0095331230009573376 0.0071000593373636636 -0.011451971530914307 -0.0058157253750534951 0.0070885516655700351 0.0034495606371280499 -0.0026353885625632341 -0.0036174204905577464 -0.00018289446723039019 0.0026747591178948142 3.6890106074420278e-05 0.005838913159444928 -0.0034315159020832544
leaf_weight=343 188 40 53 41 41 106 116 128 374 772 220 26067 173 163
leaf_count=343 188 40 53 41 41 106 116 128 374 772 220 26067 173 163
internal_value=-7.57409e-07 -0.000759746 -0.00055656 -0.000794117 -0.000527831 0.000376287 0.00235799 0.000261982 -0.00239351 -0.000480536 5.16187e-05 7.55341e-05 0.00188066 7.1679e-05
internal_weight=28825 1859 1819 1766 1725 1163 350 244 562 813 26966 26623 556 383
internal_count=28825 1859 1819 1766 1725 1163 350 244 562 813 26966 26623 556 383
is_linear=0
shrinkage=0.05


Tree=155
num_leaves=15
num_cat=0
split_feature=6 9 5 4 12 1 2 11 0 6 3 9 6 9
split_gain=0.450156 0.924239 0.932863 1.7755 1.33441 0.780315 0.870168 0.77739 0.642367 1.06167 0.973259 0.619768 1.17177 0.790281
threshold=7.7784202850580941 61.500000000000007 2.2991849855560398 3.7157388092992272 1.5000000000000002 2.4069045255497099 2.393329031016735 7.5000000000000009 4.2591462934297697 7.9650242269627336 3.8297271732458493 325.50000000000006 7.3155496199966512 112.50000000000001
decision_type=10 2 2 2 2 10 10 2 10 10 8 2 10 2
left_child=11 5 -3 4 -4 6 -2 -8 10 -10 -5 13 -13 -1
right_child=1 2 3 8 -6 -7 7 -9 9 -11 -12 12 -14 -15
leaf_value=0.00018511855276113663 -0.0011272229516863421 0.00022347871359770975 0.012272418621354378 -0.0013018067969177436 0.0031046828964229572 -9.2785676740879074e-06 -0.011407085286919028 -0.0024599530703940053 0.0017009362564162939 -0.0019813648306944431 0.0048866875060133404 0.002171758711642751 -0.00029642653532725081 -0.00042261592266400698
leaf_weight=9241 211 2461 63 88 107 802 46 52 584 292 220 839 1122 12697
leaf_count=9241 211 2461 63 88 107 802 46 52 584 292 220 839 1122 12697
internal_value=-7.61927e-07 0.000434359 0.000803892 0.00185695 0.00660534 -0.000833725 -0.00295973 -0.00680378 0.00116518 0.000471785 0.00312155 -9.04767e-05 0.000760706 -0.000166625
internal_weight=28825 4926 3815 1354 170 1111 309 98 1184 876 308 23899 1961 21938
internal_count=28825 4926 3815 1354 170 1111 309 98 1184 876 308 23899 1961 21938
is_linear=0
shrinkage=0.05


Tree=156
num_leaves=15
num_cat=0
split_feature=7 11 11 0 2 1 0 2 6 2 0 1 0 5
split_gain=0.447894 2.36172 4.1679 5.58009 2.75376 2.10842 2.2679 1.10883 0.935792 1.17626 1.10032 1.29747 0.871805 0.996084
threshold=1.0000000180025095e-35 9.5000000000000018 10.500000000000002 6.9164377061918119 5.8629184228590949 0.71754226264466137 4.4779046737101718 6.1002561074747632 7.5875630927302682 7.7752405666533839 7.4797046303923294 7.1490871666471216 3.0492618097006954 1.7725814164273073
decision_type=2 2 2 8 10 10 8 10 10 10 10 10 8 2
left_child=1 4 3 -3 5 6 -1 -5 9 -2 11 -10 13 -7
right_child=8 2 -4 7 -6 12 -8 -9 10 -11 -12 -13 -14 -15
leaf_value=-0.014284555203685502 -0.00032524760506283206 0.014930414213690402 0.00081191778566828032 -0.0029711575936936939 -0.010451111314408203 -0.00092149491288145047 -0.0013182770043689137 0.0054962211052401802 0.00026260845674750793 -0.0082488303815827085 0.0056306599957966497 -0.0080639748531424662 0.0004856547678935457 -0.0080869813514568047
leaf_weight=51 13937 131 1391 83 65 240 94 69 10276 45 93 45 2246 59
leaf_count=51 13937 131 1391 83 65 240 94 69 10276 45 93 45 2246 59
internal_value=-7.04621e-07 0.00046175 0.00194178 0.00745063 -0.000438308 -0.000188779 -0.00601113 0.000894047 -8.46924e-05 -0.000351925 0.000274097 0.000224749 0.000147406 -0.00237976
internal_weight=28825 4429 1674 283 2755 2690 145 152 24396 13982 10414 10321 2545 299
internal_count=28825 4429 1674 283 2755 2690 145 152 24396 13982 10414 10321 2545 299
is_linear=0
shrinkage=0.05


Tree=157
num_leaves=15
num_cat=0
split_feature=7 5 1 6 12 3 8 5 0 9 9 12 0 11
split_gain=0.434496 0.786866 1.69851 0.866198 0.752467 0.781507 0.688005 1.08214 0.589022 0.541196 2.0758 3.75128 4.82974 1.30262
threshold=5.5000000000000009 4.685632550441313 5.5214529177982463 7.5900934625031828 1.5000000000000002 4.8218918729550593 3.5000000000000004 3.6524066771410539 8.1463143529809319 211.50000000000003 174.50000000000003 2.5000000000000004 2.1916379270371573 10.500000000000002
decision_type=2 2 10 8 2 10 2 2 10 2 2 2 10 2
left_child=8 4 -3 -4 5 6 -2 -8 9 10 -1 -12 13 -13
right_child=1 2 3 -5 -6 -7 7 -9 -10 -11 11 12 -14 -15
leaf_value=9.6919888615686552e-05 0.00019876650314584279 -0.012429548003935699 -0.005650833014095592 0.003984346064538056 0.0008346675498967156 0.001534915022723951 -0.0020047819428116115 -0.010261222460706321 0.0057720251986756923 0.00039771410534406764 -0.00033983062745340911 -0.0092272469025797173 -0.0026613006797593011 -0.020438736599242811
leaf_weight=16448 356 42 41 49 762 231 780 40 43 7761 1704 69 452 47
leaf_count=16448 356 42 41 49 762 231 780 40 43 7761 1704 69 452 47
internal_value=-7.63235e-07 -0.000659538 -0.00437824 -0.000432437 -0.000429402 -0.00111421 -0.00163629 -0.00243152 5.64319e-05 4.67157e-05 -9.88293e-05 -0.00151478 -0.00502608 -0.0140393
internal_weight=28825 2301 132 90 2169 1407 1176 820 26524 26481 18720 2272 568 116
internal_count=28825 2301 132 90 2169 1407 1176 820 26524 26481 18720 2272 568 116
is_linear=0
shrinkage=0.05


Tree=158
num_leaves=15
num_cat=0
split_feature=9 9 7 2 5 9 1 9 11 2 0 5 0 9
split_gain=0.435594 0.68245 0.873265 0.739816 0.695818 0.557609 1.0554 0.97576 3.06047 1.43098 2.07166 3.14011 1.59743 2.68338
threshold=12.500000000000002 3.5000000000000004 3.5000000000000004 4.9163179057820896 3.8806539155765027 32.500000000000007 6.2215713851861656 60.500000000000007 9.5000000000000018 5.6419007834884924 3.5807334159313826 2.3293793527180928 2.7757039971150994 38.500000000000007
decision_type=2 2 2 8 2 2 8 2 2 10 10 2 8 2
left_child=1 -1 4 -4 -3 6 -2 8 9 10 11 -7 -13 -14
right_child=5 2 3 -5 -6 7 -8 -9 -10 -11 -12 12 13 -15
leaf_value=0.001678659131345674 0.00057265906409927504 6.813925645696613e-05 -0.0073099055987499335 0.0004899015812593145 -0.0064505855733667447 -0.0015779856143042625 0.005733496321287627 8.0590795116338722e-05 0.001139404984236176 -0.0091805704578291625 0.00032194988157597479 -0.016663056197354482 0.00521051433040864 -0.008276978716970966
leaf_weight=151 1768 317 113 41 45 845 103 23211 1174 67 692 40 43 215
leaf_count=151 1768 317 113 41 45 845 103 23211 1174 67 692 40 43 215
internal_value=-8.99197e-07 -0.00126185 -0.00212551 -0.00525368 -0.00077319 2.90575e-05 0.000862586 -3.03308e-05 -0.000866835 -0.00210507 -0.00183702 -0.00314239 -0.00753827 -0.00600627
internal_weight=28825 667 516 154 362 28158 1871 26287 3076 1902 1835 1143 298 258
internal_count=28825 667 516 154 362 28158 1871 26287 3076 1902 1835 1143 298 258
is_linear=0
shrinkage=0.05


Tree=159
num_leaves=15
num_cat=0
split_feature=11 0 1 5 3 5 0 5 0 2 6 5 9 2
split_gain=0.424433 1.19723 1.77067 3.69198 1.00846 2.29592 0.494678 0.5118 0.615448 0.635029 0.986985 0.486443 0.641534 0.483093
threshold=14.500000000000002 5.8921910571474765 5.7421986906778466 2.5534264088513656 4.9163179057820896 3.8447817893020662 1.7833559100698646 1.1993017431153092 2.4890560511953486 3.3160008886978156 7.5566884513855408 0.61740127974933634 262.50000000000006 6.0001572934541523
decision_type=2 8 8 2 10 2 10 2 10 10 10 2 2 10
left_child=-1 4 3 -3 5 6 11 -8 -9 10 -10 -2 -13 -4
right_child=1 2 13 -5 -6 -7 7 8 9 -11 -12 12 -14 -15
leaf_value=4.94247714686618e-05 0.00011599131232879338 -0.0026176598278920319 0.0047226484607173396 -0.019507772391012243 -0.007502934043093221 0.011013005307430159 0.0025816442636352153 -0.003726488333491592 0.00020942466664084552 -0.0013174127251140198 0.0058073600648100125 -0.0019033647937237459 -0.0084076107406587004 -0.0023879736129726685
leaf_weight=26966 164 134 54 41 44 44 185 112 358 380 99 155 49 40
leaf_count=26966 164 134 54 41 44 44 185 112 358 380 99 155 49 40
internal_value=-9.72751e-07 -0.000731289 -0.00380318 -0.00675049 -0.000207454 9.60515e-06 -0.000326948 0.000190698 -0.000279848 0.000189135 0.00144213 -0.00191449 -0.00353212 0.00171014
internal_weight=28825 1859 269 175 1590 1546 1502 1134 949 837 457 368 204 94
internal_count=28825 1859 269 175 1590 1546 1502 1134 949 837 457 368 204 94
is_linear=0
shrinkage=0.05


Tree=160
num_leaves=15
num_cat=0
split_feature=7 11 11 0 2 1 9 9 2 3 5 4 4 3
split_gain=0.409394 2.12695 3.73845 5.04822 2.46526 1.93298 2.00221 3.64498 1.29807 0.922165 1.54449 1.23993 1.11697 1.15604
threshold=1.0000000180025095e-35 9.5000000000000018 10.500000000000002 5.7097610330515662 5.8629184228590949 0.81068324164968719 108.50000000000001 157.50000000000003 6.1002561074747632 2.35611462914075 1.415317745514864 3.2491752563535745 3.7285902719776356 6.4669144803516367
decision_type=2 2 2 8 10 10 2 2 10 8 2 2 2 8
left_child=1 4 3 -3 5 6 -1 -8 -5 10 -7 -11 -13 -14
right_child=-2 2 -4 8 -6 9 7 -9 -10 11 -12 12 13 -15
leaf_value=0.00080459641323735317 -8.1300413107525941e-05 0.015458526893899861 0.00077558785468742619 -0.0026860616410822546 -0.0098868185101744187 0.00069140490208035958 -0.021169619622551615 -0.001311197961870305 0.0058442796986069414 -0.0021067921678961585 0.0078915468941589736 0.0031291508325310292 0.00023277662189010297 -0.0060387430882046025
leaf_weight=73 24396 108 1391 84 65 347 40 52 91 637 93 321 1050 77
leaf_count=73 24396 108 1391 84 65 347 40 52 91 637 93 321 1050 77
internal_value=-1.00346e-06 0.000441129 0.00184567 0.007063 -0.000413024 -0.000176928 -0.00538673 -0.010212 0.00176563 0.000167508 0.00224208 -0.000272019 0.000536921 -0.000205651
internal_weight=28825 4429 1674 283 2755 2690 165 92 175 2525 440 2085 1448 1127
internal_count=28825 4429 1674 283 2755 2690 165 92 175 2525 440 2085 1448 1127
is_linear=0
shrinkage=0.05


Tree=161
num_leaves=15
num_cat=0
split_feature=7 11 4 1 11 9 9 3 2 2 5 2 1 1
split_gain=0.394037 0.744167 1.01421 2.27175 0.660556 0.750863 0.61166 0.606516 0.758191 0.637679 0.55836 0.601196 0.769686 0.853524
threshold=4.5000000000000009 14.500000000000002 4.3214579236501063 4.5406281092823235 1.5000000000000002 7.5000000000000009 14.500000000000002 4.1759233694141225 3.9337825823848944 3.1157326077443077 6.4625544994957913 6.7499250235855781 6.5595901584189162 5.7097610330515662
decision_type=2 2 2 10 2 2 2 10 8 10 2 10 10 10
left_child=-1 4 -3 -4 7 -6 -7 8 9 -2 11 12 13 -8
right_child=1 2 3 -5 5 6 10 -9 -10 -11 -12 -13 -14 -15
leaf_value=9.8306215084811442e-05 -0.00092880239607726468 -0.001181298521189841 -0.015047726849694631 0.0013540876097977161 0.0049512342109034463 -0.0044257936070789582 -0.00010431558342268194 -0.0063563843515629954 0.0039281070886534597 -0.0055011708631503347 -0.005175785831390666 0.0050072138151153927 -0.0063960739956336462 0.003114908807993891
leaf_weight=22372 349 423 42 40 73 78 4862 63 61 96 50 58 45 213
leaf_count=22372 349 423 42 40 73 78 4862 63 61 96 50 58 45 213
internal_value=-9.82606e-07 -0.000345132 -0.00218398 -0.0072051 -0.000188328 -1.66753e-05 -8.68637e-05 -0.00180529 -0.00121585 -0.0019354 -2.04606e-05 3.12996e-05 -2.70014e-05 3.19705e-05
internal_weight=28825 6453 505 82 5948 5379 5306 569 506 445 5228 5178 5120 5075
internal_count=28825 6453 505 82 5948 5379 5306 569 506 445 5228 5178 5120 5075
is_linear=0
shrinkage=0.05


Tree=162
num_leaves=15
num_cat=0
split_feature=1 5 2 3 0 1 8 6 3 4 2 6 1 1
split_gain=0.393491 1.45653 0.618738 1.48533 1.05979 0.708952 1.11651 0.709747 0.534796 0.800161 1.93649 1.71829 1.51854 1.00008
threshold=8.0092269426834779 6.9173813406629288 6.9186462987399437 7.0888238782952806 7.0071430020149554 6.8596127015130612 3.5000000000000004 7.4521113339274576 6.1002561074747632 5.904820231791029 6.0001572934541523 7.9386235179612585 6.1771131179264165 5.7421986906778466
decision_type=10 2 10 10 10 10 2 10 10 2 10 8 10 10
left_child=1 2 3 4 8 -4 -7 -8 9 10 12 -11 13 -1
right_child=-2 -3 5 -5 -6 6 7 -9 -10 11 -12 -13 -14 -15
leaf_value=-1.8265004725178486e-05 0.0039462030126107125 -0.0075441923841935935 0.0070489381839584061 -0.008540420907129552 0.005820294354970639 0.0053226970688196804 -0.0074123899821036806 0.00065289914462114164 -0.0013877941130666857 0.00077831706989843301 -0.0095646544588062002 0.0092386469012126337 -0.0092791166484609937 0.0026239366803209865
leaf_weight=26711 61 62 61 49 76 83 40 77 691 391 51 69 42 361
leaf_count=26711 61 62 61 49 76 83 40 77 691 391 51 69 42 361
internal_value=-1.02597e-06 -9.67067e-06 7.12938e-06 -1.51928e-05 1.20881e-07 0.00242118 0.000953901 -0.0021827 -1.59104e-05 1.85033e-05 -1.65875e-05 0.00208187 2.07607e-06 1.71595e-05
internal_weight=28825 28764 28702 28441 28392 261 200 117 28316 27625 27165 460 27114 27072
internal_count=28825 28764 28702 28441 28392 261 200 117 28316 27625 27165 460 27114 27072
is_linear=0
shrinkage=0.05


Tree=163
num_leaves=15
num_cat=0
split_feature=4 3 5 2 4 5 3 0 0 6 1 3 4 0
split_gain=0.390384 0.81612 1.13991 1.57531 0.731226 1.91125 0.690559 0.897939 0.837278 1.51085 1.12662 0.894643 1.11901 2.0135
threshold=0.86449146708195113 1.2668484069787163 0.82649531408971688 1.0816615128302691 1.6482886662660265 0.98354678032515463 1.5150668501356619 1.1150072000796054 1.5789255615152133 7.5248301129598234 1.8081543806395508 2.35611462914075 3.0275695803760212 1.8794359129669858
decision_type=2 8 2 10 2 2 8 8 8 10 10 8 2 10
left_child=-1 2 -2 -4 5 -3 -6 -8 9 -9 -11 -10 13 -13
right_child=1 4 3 -5 6 -7 7 8 11 10 -12 12 -14 -15
leaf_value=-0.0016728326406176338 0.00041872163733673367 -0.00091990369131909335 0.013147310683917668 0.0024720981841681489 -0.0032158304666021344 -0.011458839914943699 0.0070183486289905608 -0.010731723729521038 0.00090201970250754172 -0.0035248563802899578 0.0058739701589650434 -0.0029723544017431717 0.00010260858910016401 -0.0002209163378949602
leaf_weight=343 491 673 43 155 162 44 44 48 2763 102 44 850 20033 3030
leaf_count=343 491 673 43 155 162 44 44 48 2763 102 44 850 20033 3030
internal_value=-1.00351e-06 1.92459e-05 0.00171661 0.00489874 -2.2953e-05 -0.00159672 1.88368e-05 3.85443e-05 2.65933e-05 -0.00322943 -0.000651233 5.05129e-05 -4.79407e-05 -0.000824901
internal_weight=28825 28482 689 198 27793 717 27076 26914 26870 194 146 26676 23913 3880
internal_count=28825 28482 689 198 27793 717 27076 26914 26870 194 146 26676 23913 3880
is_linear=0
shrinkage=0.05


Tree=164
num_leaves=15
num_cat=0
split_feature=9 11 9 11 0 6 9 1 9 11 4 0 5 0
split_gain=0.390552 0.652515 0.907572 1.00354 0.931972 0.746613 0.510513 0.918113 0.893672 2.73833 1.31225 1.70166 2.80427 1.42082
threshold=12.500000000000002 1.5000000000000002 3.5000000000000004 11.500000000000002 6.6528621968864741 7.4750547448300564 32.500000000000007 6.2215713851861656 60.500000000000007 9.5000000000000018 5.7058273384081764 3.4307509472323381 2.3293793527180928 2.7757039971150994
decision_type=2 2 2 2 8 10 2 8 2 2 2 10 2 8
left_child=1 -1 4 -4 -3 -5 7 -2 9 10 11 12 -8 -14
right_child=6 2 3 5 -6 -7 8 -9 -10 -11 -12 -13 13 -15
leaf_value=-0.0053738674234099148 0.00055450833454286801 2.7730777381743454e-05 -0.00016133600367979374 -0.0099428689952957335 0.0087607133419900819 -0.0022339238251520162 -0.0015582300892668906 0.0053680645414282309 7.6724132611319094e-05 0.00106775670480368 -0.010749848179763094 -7.1827021292260573e-06 -0.015903071848498214 -0.0058043157063780463
leaf_weight=80 1768 91 320 51 44 81 805 103 23211 1174 40 773 40 244
leaf_count=80 1768 91 320 51 44 81 805 103 23211 1174 40 773 40 244
internal_value=-9.69929e-07 -0.00119495 -0.000609111 -0.00168356 0.00296038 -0.00531633 2.73957e-05 0.000824947 -2.94292e-05 -0.000829974 -0.00200123 -0.00180196 -0.00307359 -0.00732794
internal_weight=28825 667 587 452 135 132 28158 1871 26287 3076 1902 1862 1089 284
internal_count=28825 667 587 452 135 132 28158 1871 26287 3076 1902 1862 1089 284
is_linear=0
shrinkage=0.05


Tree=165
num_leaves=15
num_cat=0
split_feature=7 0 9 9 0 5 3 5 2 6 0 4 0 4
split_gain=0.377672 0.752601 0.831977 1.79798 1.31821 1.09818 0.810048 1.13834 1.41821 0.706923 0.63415 0.979759 0.714222 0.5886
threshold=5.5000000000000009 6.2215713851861656 106.50000000000001 126.50000000000001 3.0228579809699494 4.1123171755495349 3.4045196530214903 1.7185115595448348 2.998226044309511 7.8093378670576739 2.827296115232715 3.5594920782386832 3.1376634167284494 5.7058273384081764
decision_type=2 10 2 2 10 2 10 2 8 10 8 2 10 2
left_child=-1 2 5 4 -4 10 7 -5 -9 13 -2 -12 -13 -8
right_child=1 -3 3 6 -6 -7 9 8 -10 -11 11 12 -14 -15
leaf_value=5.2278284738997642e-05 -0.0027975809031964413 -0.005576487441509459 -0.012192918711769411 -7.2632583708072185e-05 -0.0018897958122430119 0.0070686459432181444 -0.00026430352928133872 -0.0098921018882501353 -0.0019999033631315517 0.0066588627144773599 0.0039055872792100599 -0.0052806244794665544 0.00043692740564659573 0.0059154898651675994
leaf_weight=26524 138 72 59 408 65 62 465 77 209 45 191 61 409 40
leaf_count=26524 138 72 59 408 65 62 465 77 209 45 191 61 409 40
internal_value=-1.0459e-06 -0.000615234 -0.000450123 -0.00121579 -0.00690781 0.000766406 -0.00063824 -0.00177189 -0.00417867 0.000793455 0.000260942 0.000905997 -0.000324369 0.000246589
internal_weight=28825 2301 2229 1368 124 861 1244 694 286 550 799 661 470 505
internal_count=28825 2301 2229 1368 124 861 1244 694 286 550 799 661 470 505
is_linear=0
shrinkage=0.05


Tree=166
num_leaves=15
num_cat=0
split_feature=7 11 11 0 2 1 9 9 2 6 4 3 5 4
split_gain=0.372894 1.86337 3.36565 4.58248 2.22115 1.76137 1.81525 3.31359 0.897819 0.883758 1.16923 1.15209 1.67181 1.33093
threshold=1.0000000180025095e-35 9.5000000000000018 10.500000000000002 6.9164377061918119 5.8629184228590949 0.81068324164968719 108.50000000000001 157.50000000000003 6.1002561074747632 6.9879491590665452 5.4055941838491366 2.35611462914075 1.415317745514864 3.2491752563535745
decision_type=2 2 2 8 10 10 2 2 10 10 2 8 2 2
left_child=1 4 3 -3 5 6 -1 -8 -5 10 11 12 -7 -13
right_child=-2 2 -4 8 -6 9 7 -9 -10 -11 -12 13 -14 -15
leaf_value=0.00076749885532384119 -7.7682866765656447e-05 0.013464107188305124 0.00072024813088053486 -0.002731988459606381 -0.0093710776741630329 0.0014518507936352178 -0.02016970933625652 -0.0012361451206271779 0.0048869427336170014 -0.0012736091554000279 0.0086466170481719964 -0.0022052886907269051 0.010422442049647753 0.0010391114414847722
leaf_weight=73 24396 131 1391 83 65 263 40 52 69 742 44 474 63 939
leaf_count=73 24396 131 1391 83 65 263 40 52 69 742 44 474 63 939
internal_value=-1.04886e-06 0.000420914 0.00173555 0.0066859 -0.000378569 -0.000154477 -0.00512765 -0.00972212 0.000745155 0.000174303 0.000777608 0.000568803 0.00323841 -5.08223e-05
internal_weight=28825 4429 1674 283 2755 2690 165 92 152 2525 1783 1739 326 1413
internal_count=28825 4429 1674 283 2755 2690 165 92 152 2525 1783 1739 326 1413
is_linear=0
shrinkage=0.05


Tree=167
num_leaves=15
num_cat=0
split_feature=3 0 6 3 7 0 5 0 1 1 2 9 0 0
split_gain=0.374836 0.525063 1.27909 0.470208 1.31593 2.12895 1.48449 1.13863 0.793834 0.977445 1.48957 1.46714 1.09438 0.71628
threshold=7.989755814780886 7.4797046303923294 6.7135589414867036 6.1002561074747632 2.5000000000000004 7.1785163915174159 6.0605988659773375 6.6920645005918873 6.6227354397820148 5.7745467231763365 6.0001572934541523 27.500000000000004 4.0901604373868432 6.4068459468534025
decision_type=10 10 10 10 2 8 2 10 10 10 10 2 10 10
left_child=1 3 -3 7 6 13 -5 8 9 10 -1 -11 -13 -6
right_child=-2 2 -4 4 5 -7 -8 -9 -10 11 -12 12 -14 -15
leaf_value=-7.4768893554373925e-06 -0.0039488470690169685 -0.0035573316069740729 0.0060567240156619634 -0.00022829367156547529 -0.0037759345238537567 -0.011982878689967289 0.0089099311213940383 0.0047146043067440649 -0.005350183568678904 -0.0060960764542239941 -0.0074720505054444155 0.0075319219407020618 0.0016999391873641163 0.00046898777186213879
leaf_weight=26828 58 50 103 399 202 56 48 127 67 50 65 95 484 193
leaf_count=26828 58 50 103 399 202 56 48 127 67 50 65 95 484 193
internal_value=-9.81385e-07 7.25227e-06 0.00290951 -8.46849e-06 -0.00113322 -0.00303277 0.000788309 2.80525e-05 6.13881e-06 1.95661e-05 -2.6073e-05 0.00196477 0.00267946 -0.00170992
internal_weight=28825 28767 153 28614 898 451 447 27716 27589 27522 26893 629 579 395
internal_count=28825 28767 153 28614 898 451 447 27716 27589 27522 26893 629 579 395
is_linear=0
shrinkage=0.05


Tree=168
num_leaves=15
num_cat=0
split_feature=2 6 0 8 4 3 9 2 1 3 0 1 2 5
split_gain=0.359516 1.15133 0.428498 2.35723 0.448794 2.0052 1.57053 1.08813 0.786368 0.83503 0.521578 2.98052 3.95895 0.741485
threshold=0.71754226264466137 8.0141700378674887 0.71754226264466137 5.5000000000000009 0.89367581038681776 0.89587973461402759 136.50000000000003 1.1150072000796054 1.6193392260821904 1.4928409688502451 1.9530024665512917 2.920466156401718 2.6775850890704103 1.1223481120878256
decision_type=8 8 8 2 2 8 2 8 10 10 8 10 10 2
left_child=1 -1 3 -2 -4 6 -6 8 9 -7 11 12 13 -9
right_child=2 -3 4 -5 5 7 -8 10 -10 -11 -12 -13 -14 -15
leaf_value=0.00016317318232419591 -0.011988053510209457 -0.0094738490391700052 -0.001799332759453578 0.0045162036271520064 0.011973042577324858 0.0035788541064772613 0.001149968987661659 -0.00031322875178421038 0.0093750100951035358 -0.0035703233961578251 4.5288920200440983e-05 0.011277953391429037 -0.01456627247521197 -0.0030729033914981864
leaf_weight=118 40 40 332 43 60 179 74 1672 41 51 25793 48 51 283
leaf_count=118 40 40 332 43 60 179 74 1672 41 51 25793 48 51 283
internal_value=-9.77535e-07 -0.00236451 1.22132e-05 -0.00353258 2.27528e-05 4.42906e-05 0.00610093 1.49951e-05 0.0031563 0.00197649 -1.57998e-05 -0.000782217 -0.00108174 -0.000715443
internal_weight=28825 158 28667 83 28584 28252 134 28118 271 230 27847 2054 2006 1955
internal_count=28825 158 28667 83 28584 28252 134 28118 271 230 27847 2054 2006 1955
is_linear=0
shrinkage=0.05


Tree=169
num_leaves=15
num_cat=0
split_feature=6 9 6 9 11 12 1 5 0 0 3 3 5 0
split_gain=0.363122 0.787979 0.911653 0.850582 1.2817 0.719335 0.7163 0.985325 0.616214 0.61505 0.610621 0.586858 0.658099 0.540605
threshold=7.7784202850580941 61.500000000000007 8.0410897079990438 89.500000000000014 4.5000000000000009 1.5000000000000002 4.6467889852731199 3.2888844648075009 2.6775850890704103 5.0122881148228338 2.4466760667407619 2.4869856548623326 1.1993017431153092 0.71754226264466137
decision_type=10 2 10 2 2 2 10 2 10 10 10 8 2 8
left_child=13 6 3 4 -3 -6 7 11 10 -8 -5 12 -2 -1
right_child=1 2 -4 8 5 -7 9 -9 -10 -11 -12 -13 -14 -15
leaf_value=-0.0042108401387953498 -0.0017613400715801157 0.007354241140836955 0.0048800267501064813 -0.00024355728732384491 0.0036024301639402409 -0.00052267594059115727 0.0059575631605077763 -0.0087684114308406915 0.00071284503895102658 -0.00049883810251031256 -0.0037130732147298523 -0.00032553949096658213 -0.0089238382329038073 -6.781492889425684e-05
leaf_weight=77 132 104 126 743 180 251 66 40 2260 80 151 752 41 23822
leaf_count=77 132 104 126 743 180 251 66 40 2260 80 151 752 41 23822
internal_value=-9.38043e-07 0.000389862 0.000731072 0.000586795 0.00242636 0.00120879 -0.000781011 -0.00127557 0.000273417 0.00246088 -0.000836552 -0.000933335 -0.0035414 -8.15145e-05
internal_weight=28825 4926 3815 3689 535 431 1111 965 3154 146 894 925 173 23899
internal_count=28825 4926 3815 3689 535 431 1111 965 3154 146 894 925 173 23899
is_linear=0
shrinkage=0.05


Tree=170
num_leaves=15
num_cat=0
split_feature=9 9 1 6 2 12 6 6 12 2 5 2 0 2
split_gain=0.349545 0.927946 0.882386 1.12236 1.05773 0.878054 0.748395 0.629301 0.740916 1.20073 0.750157 0.61942 0.676742 0.734948
threshold=314.50000000000006 308.50000000000006 1.9387157803292638 7.1747169811381033 3.5581970720467329 2.5000000000000004 7.5382279794336009 7.1573441033471505 1.0000000180025095e-35 3.2619279743942671 1.9716240048965659 2.947063657109513 3.1376634167284494 3.851210301366216
decision_type=2 2 10 10 8 2 8 10 2 10 2 8 10 10
left_child=1 -1 -3 4 -4 7 -7 8 -2 10 -10 -8 13 -13
right_child=5 2 3 -5 -6 6 11 -9 9 -11 -12 12 -14 -15
leaf_value=-2.6571647368523957e-05 -0.0024649648740657877 0.0033125724353618466 -0.0019445455569604584 -0.0012248554334947665 -0.012434362694305385 0.0042728539212744257 0.0022520088564394222 0.0004140543036744278 0.0031179245802220603 0.001510851588834351 0.0099948598431494045 -0.0073984284868157174 -0.0010037118984108884 -0.0004341323219705373
leaf_weight=25695 74 47 42 145 57 59 91 1426 85 486 77 102 379 60
leaf_count=25695 74 47 42 145 57 59 91 1426 85 486 77 102 379 60
internal_value=-9.13784e-07 -5.84784e-05 -0.0028564 -0.00406196 -0.00811077 0.000525658 -0.00102264 0.00102422 0.00222488 0.00276638 0.00646862 -0.00152891 -0.00217084 -0.00485581
internal_weight=28825 25986 291 244 99 2839 691 2148 722 648 162 632 541 162
internal_count=28825 25986 291 244 99 2839 691 2148 722 648 162 632 541 162
is_linear=0
shrinkage=0.05


Tree=171
num_leaves=15
num_cat=0
split_feature=11 0 1 5 3 5 2 9 9 9 1 0 4 7
split_gain=0.348033 1.07593 1.58283 3.32785 0.885626 2.07898 0.453468 0.422827 0.587055 0.469833 0.494698 0.42665 0.40419 0.373459
threshold=14.500000000000002 5.8921910571474765 5.7421986906778466 2.5534264088513656 4.9163179057820896 3.8447817893020662 6.0001572934541523 16.500000000000004 69.500000000000014 54.500000000000007 1.5150668501356619 1.8640500836336089 1.9607713828843714 3.5000000000000004
decision_type=2 8 8 2 10 2 10 2 2 2 10 10 2 2
left_child=-1 4 3 -3 5 7 -4 -2 9 10 -9 -10 -13 -12
right_child=1 2 6 -5 -6 -7 -8 8 11 -11 13 12 -14 -15
leaf_value=4.4761549866376621e-05 -0.0046268833848578791 -0.0024380275412113407 0.0045569209169895788 -0.018472444322393384 -0.0070024052918281248 0.010508336944748528 -0.0023318553605349737 0.0047061515892943689 -0.0021950854009733108 0.0044568829561302545 -0.0027697059539115382 0.0037964087563552083 -0.00037866064046807664 0.0017009048055693071
leaf_weight=26966 52 134 54 41 44 44 40 51 325 104 102 61 724 83
leaf_count=26966 52 134 54 41 44 44 40 51 325 104 102 61 724 83
internal_value=-8.7523e-07 -0.000662203 -0.00357431 -0.00636094 -0.000165655 3.77184e-05 0.00163802 -0.000282577 -0.000120622 0.00169118 0.000445183 -0.000677632 -4.54052e-05 -0.000767233
internal_weight=28825 1859 269 175 1590 1546 94 1502 1450 340 236 1110 785 185
internal_count=28825 1859 269 175 1590 1546 94 1502 1450 340 236 1110 785 185
is_linear=0
shrinkage=0.05


Tree=172
num_leaves=15
num_cat=0
split_feature=6 2 5 0 9 1 4 3 4 0 1 2 1 5
split_gain=0.345762 1.31592 1.23243 1.00378 1.00217 1.0267 1.99075 0.796943 1.5947 1.02112 0.899942 1.35898 0.89239 1.07805
threshold=6.8808945273522104 4.6890490276048302 6.4625544994957913 7.4797046303923294 12.500000000000002 2.6775850890704103 2.7776799014338533 6.3690352732144619 6.532090926064515 7.1785163915174159 7.703436137979498 7.3334843760744475 7.0071430020149554 5.3232037910993801
decision_type=8 8 2 10 2 8 2 10 2 10 8 8 10 2
left_child=1 4 -3 7 -1 6 -6 12 -9 10 11 -10 13 -2
right_child=3 2 -4 -5 5 -7 -8 8 9 -11 -12 -13 -14 -15
leaf_value=-0.0080923292553052306 5.7183280610412109e-05 0.00098629504109649067 -0.0065946933869002224 0.00463936345809738 -0.0018679134472305041 -0.00071189387434945418 -0.013399169676510307 -0.0057853608653780876 0.0014150342437396044 -0.0070615251214526916 0.0072225556412983385 -0.0071899338247021667 -0.007203680121650298 0.0032935853373916102
leaf_weight=53 24875 1263 54 117 174 1376 46 173 252 44 46 54 40 258
leaf_count=53 24875 1263 54 117 174 1376 46 173 252 44 46 54 40 258
internal_value=-8.67703e-07 -0.000512001 0.000665929 5.77939e-05 -0.00145244 -0.00122209 -0.00437799 3.66114e-05 -0.00181051 -5.36811e-05 0.000857246 -0.000140317 7.85035e-05 9.06656e-05
internal_weight=28825 2966 1317 25859 1649 1596 220 25742 569 396 352 306 25173 25133
internal_count=28825 2966 1317 25859 1649 1596 220 25742 569 396 352 306 25173 25133
is_linear=0
shrinkage=0.05


Tree=173
num_leaves=15
num_cat=0
split_feature=7 11 11 6 3 5 1 6 12 0 9 0 1 9
split_gain=0.336129 0.709516 5.00821 1.0848 0.811647 2.22511 0.833644 0.804283 0.598028 0.55443 1.27612 0.55122 0.490833 1.25831
threshold=5.5000000000000009 9.5000000000000018 10.500000000000002 7.0888238782952806 3.7196327469704804 3.3032714725032739 3.3860823123378947 7.9890514859827588 2.5000000000000004 2.35611462914075 149.50000000000003 4.6200466650627661 5.6419007834884924 190.50000000000003
decision_type=2 2 2 10 10 2 10 10 2 8 2 10 8 2
left_child=-1 7 3 -3 5 8 -6 9 -4 10 -2 -8 -11 -14
right_child=1 2 4 -5 6 -7 11 -9 -10 12 -12 -13 13 -15
leaf_value=4.9341885114261141e-05 -0.010297183760641409 -0.0050717705952075245 -0.0010763275318755919 -0.014066055990801549 0.0079139701037396048 -0.012231739557391002 -0.0016141926731562371 0.0057726830762300282 0.0037370343354220189 -0.0001517807365281541 0.00086119145175803504 0.0027999609582921394 0.0057376915941425013 -0.004476045837925215
leaf_weight=26524 40 63 461 79 46 41 129 60 73 945 65 152 107 40
leaf_count=26524 40 63 461 79 46 41 129 60 73 945 65 152 107 40
internal_value=-9.64088e-07 -0.000580388 -0.00154248 -0.0102015 -0.000159758 -0.00128947 0.00182251 0.000219859 -0.000406832 -6.76429e-05 -0.00350263 0.000776448 0.000268444 0.00293567
internal_weight=28825 2301 1044 142 902 575 327 1257 534 1197 105 281 1092 147
internal_count=28825 2301 1044 142 902 575 327 1257 534 1197 105 281 1092 147
is_linear=0
shrinkage=0.05


Tree=174
num_leaves=15
num_cat=0
split_feature=9 9 12 0 12 9 0 6 5 9 9 7 1 5
split_gain=0.331873 1.73703 4.45615 2.9358 2.25063 2.31939 2.97084 3.1534 2.74433 4.07679 2.10276 2.24433 1.79685 2.95748
threshold=211.50000000000003 166.50000000000003 2.5000000000000004 2.3887207034642728 2.5000000000000004 91.500000000000014 2.1459141833778665 7.5461813757367127 2.0094011299205765 116.50000000000001 132.50000000000003 1.0000000180025095e-35 4.4438263451627948 2.5986366356905433
decision_type=2 2 2 10 2 2 10 10 2 2 2 2 8 2
left_child=1 4 -3 12 -1 -6 7 8 -7 -10 11 -8 13 -4
right_child=-2 2 3 -5 5 6 10 -9 9 -11 -12 -13 -14 -15
leaf_value=-0.00023006503688055501 0.00026246125254180411 -0.0001152964819120389 -0.0062084729278770595 -0.0028595936341058925 -2.360422787006127e-05 -0.0039180913335317138 -0.007653811614221448 0.018921634628502437 0.01535946540831727 0.0028486797585415896 -0.00059135665425200025 0.0037382411381402091 -0.0037379613299973165 -0.023945807508425787
leaf_weight=12900 8448 2541 52 657 2150 75 44 41 92 216 741 760 64 44
leaf_count=12900 8448 2541 52 657 2150 75 44 41 92 216 741 760 64 44
internal_value=-9.92594e-07 -0.000110232 -0.00114915 -0.00435646 9.48669e-05 0.00111212 0.002351 0.00604868 0.0045795 0.00666065 0.00132973 0.00309735 -0.0103918 -0.0146609
internal_weight=28825 20377 3358 817 17019 4119 1969 424 383 308 1545 804 160 96
internal_count=28825 20377 3358 817 17019 4119 1969 424 383 308 1545 804 160 96
is_linear=0
shrinkage=0.05


Tree=175
num_leaves=15
num_cat=0
split_feature=7 11 11 0 2 1 0 2 6 8 9 5 5 5
split_gain=0.338722 1.67998 2.99629 4.23311 1.99436 1.58086 2.05753 1.01036 0.756765 1.1299 1.28637 1.00958 0.868091 0.797146
threshold=1.0000000180025095e-35 9.5000000000000018 10.500000000000002 5.7097610330515662 5.8629184228590949 0.71754226264466137 4.4779046737101718 6.1002561074747632 6.9879491590665452 8.5000000000000018 282.50000000000006 3.9135240947915126 2.1008190243008618 2.8319717119292016
decision_type=2 2 2 8 10 10 8 10 10 2 2 2 2 2
left_child=1 4 3 -3 5 6 -1 -5 9 11 12 -7 -11 -12
right_child=-2 2 -4 7 -6 8 -8 -9 -10 10 13 -13 -14 -15
leaf_value=-0.013065895403050027 -7.400951419194174e-05 0.014007876341400501 0.00069146868554473783 -0.0024548462064473806 -0.0088789873542750621 -0.0003191049127298726 -0.0007293958954202633 0.0050702439427691244 -0.0011914427297227651 0.0038939638257108849 -0.00079831354423391232 0.0052128084662068763 0.01249552868345442 0.0049537365931724567
leaf_weight=51 24396 108 1391 84 65 1312 94 91 746 83 185 86 46 87
leaf_count=51 24396 108 1391 84 65 1312 94 91 746 83 185 86 46 87
internal_value=-9.71249e-07 0.000401193 0.00164946 0.00632029 -0.00035793 -0.000145587 -0.00518717 0.00147128 0.000145502 0.000700607 0.00303318 2.81595e-05 0.00710513 0.00106423
internal_weight=28825 4429 1674 283 2755 2690 145 175 2545 1799 401 1398 129 272
internal_count=28825 4429 1674 283 2755 2690 145 175 2545 1799 401 1398 129 272
is_linear=0
shrinkage=0.05


Tree=176
num_leaves=15
num_cat=0
split_feature=2 6 7 7 11 11 0 1 6 2 2 2 6 2
split_gain=0.336756 1.03412 0.409871 0.374822 1.5987 2.6073 3.82761 1.82245 3.57342 0.929623 0.913971 0.86294 0.742136 1.04317
threshold=0.71754226264466137 7.8646115115667223 2.5000000000000004 1.0000000180025095e-35 9.5000000000000018 10.500000000000002 5.7097610330515662 6.5050294037560361 7.5875630927302682 5.8629184228590949 6.1002561074747632 3.4258886722863404 7.5875630927302682 7.7752405666533839
decision_type=8 8 2 2 2 2 8 8 10 10 10 10 10 10
left_child=1 2 -1 4 7 6 -6 9 11 -2 -8 -9 13 -5
right_child=3 -3 -4 12 5 -7 10 8 -10 -11 -12 -13 -14 -15
leaf_value=-0.0029242125706390502 0.00014014416637031342 -0.0078432069706137891 0.003269010339112532 -0.00027806867933225453 0.013320217015729711 0.00075810332305191431 -0.002334958442952484 -0.0047616807475798963 -0.017613963964818555 -0.0071902372038245886 0.0048221836337238875 0.0036801183890150116 0.00025602526912227004 -0.007739947801158626
leaf_weight=45 2538 53 60 13886 108 1388 84 64 42 42 91 54 10325 45
leaf_count=45 2538 53 60 13886 108 1388 84 64 42 42 91 54 10325 45
internal_value=-8.57424e-07 -0.00228835 0.000609726 1.1909e-05 0.000435767 0.0016537 0.00601011 -0.00030766 -0.00545184 1.53353e-05 0.00139919 -0.000901536 -6.52e-05 -0.00030328
internal_weight=28825 158 105 28667 4411 1671 283 2740 160 2580 175 118 24256 13931
internal_count=28825 158 105 28667 4411 1671 283 2740 160 2580 175 118 24256 13931
is_linear=0
shrinkage=0.05


Tree=177
num_leaves=15
num_cat=0
split_feature=3 0 6 1 3 7 0 5 0 1 9 1 2 0
split_gain=0.33324 0.466563 0.959409 0.540772 0.404637 1.15097 2.19357 1.32173 1.01408 0.716665 1.83331 1.0226 1.33232 0.799048
threshold=7.989755814780886 7.4448161943037015 6.7135589414867036 7.4448161943037015 6.1002561074747632 2.5000000000000004 7.1785163915174159 6.0605988659773375 6.6920645005918873 6.5050294037560361 110.50000000000001 5.7745467231763365 6.0001572934541523 6.257665752909146
decision_type=10 10 10 10 10 2 8 2 10 10 2 10 10 8
left_child=1 4 -3 -4 8 7 -7 -6 9 11 -11 12 -1 -13
right_child=-2 2 3 -5 5 6 -8 -9 -10 10 -12 13 -14 -15
leaf_value=-6.8363099959648155e-06 -0.003723280114354566 -0.0029325514860486369 0.0096781957526366393 0.0024515037788862375 -0.00022165914281898117 -0.0015553163119089752 -0.012400977438280607 0.0084034470720216643 0.0044830393006266133 -0.012228682547131376 0.0011044791261049208 0.00079932648838996947 -0.0070664216759058641 0.0047286531149836721
leaf_weight=26828 58 51 41 70 397 395 51 48 125 40 66 400 65 190
leaf_count=26828 58 51 41 70 397 395 51 48 125 40 66 400 65 190
internal_value=-8.9934e-07 6.86404e-06 0.00266613 0.00524487 -8.38165e-06 -0.00105597 -0.00284534 0.000742126 2.53719e-05 4.85166e-06 -0.00406019 2.08245e-05 -2.44234e-05 0.0020764
internal_weight=28825 28767 162 111 28605 891 446 445 27714 27589 106 27483 26893 590
internal_count=28825 28767 162 111 28605 891 446 445 27714 27589 106 27483 26893 590
is_linear=0
shrinkage=0.05


Tree=178
num_leaves=15
num_cat=0
split_feature=11 0 1 3 2 5 5 9 9 0 6 9 0 5
split_gain=0.320994 0.993333 0.790879 1.74775 1.21911 1.35005 1.16617 0.827126 0.938013 0.757888 0.659194 0.625903 0.489859 0.41449
threshold=14.500000000000002 5.8921910571474765 4.585986847015497 4.2069264280208243 4.009148069257761 3.3531192635667408 3.5375621849125678 344.50000000000006 294.50000000000006 4.5674634663431553 7.7763247245723628 272.50000000000006 4.3832750747731763 2.3114030265549941
decision_type=2 10 10 10 10 2 2 2 2 8 8 2 10 2
left_child=-1 2 4 -4 5 7 12 8 9 11 -10 13 -6 -2
right_child=1 -3 3 -5 6 -7 -8 -9 10 -11 -12 -13 -14 -15
leaf_value=4.2944308593377476e-05 -0.00039170715162686784 -0.0066606877757956033 0.0095715392741840336 -0.0022942746387651335 -0.0054862796299858024 0.0081321927116495447 -0.012212770117358083 -0.0065265546030007365 0.0013158378202649879 -0.0043160250902634714 0.0085525639355182644 -0.0050219294039861246 0.0018414851637895812 0.0029415251961183056
leaf_weight=26966 985 64 58 63 46 44 40 54 121 134 41 66 42 101
leaf_count=26966 985 64 58 63 46 44 40 54 121 134 41 66 42 101
internal_value=-8.83809e-07 -0.000636002 -0.00041402 0.00345662 -0.000697589 -0.000306141 -0.0053481 -0.000563821 -0.000332759 -0.000785799 0.00322932 -0.000368396 -0.00202573 -7.6873e-05
internal_weight=28825 1859 1795 121 1674 1546 128 1502 1448 1286 162 1152 88 1086
internal_count=28825 1859 1795 121 1674 1546 128 1502 1448 1286 162 1152 88 1086
is_linear=0
shrinkage=0.05


Tree=179
num_leaves=15
num_cat=0
split_feature=9 9 0 0 2 3 5 9 9 0 0 9 11 2
split_gain=0.315673 0.720963 0.717507 0.603683 1.18366 0.999325 0.536567 0.437737 1.40263 3.7313 1.14313 0.987377 1.48509 1.38746
threshold=10.500000000000002 7.5000000000000009 4.266188663370639 4.0901604373868432 4.577281678253593 3.3160008886978156 2.7229950369073763 108.50000000000001 109.50000000000001 5.0845003501084243 0.71754226264466137 61.500000000000007 3.5000000000000004 4.6200466650627661
decision_type=2 2 8 10 8 10 2 2 2 8 8 2 2 10
left_child=1 3 -3 5 -5 -1 -7 10 9 -9 -2 12 13 -12
right_child=7 2 -4 4 -6 6 -8 8 -10 -11 11 -13 -14 -15
leaf_value=-0.0013522587228789618 -0.0067780375879935989 -0.0074129734989963007 -0.0006131412086365863 -0.0075141254343289998 0.00095535057487001909 0.0021170103408653159 0.0096445526841074936 -0.014975138386626813 -9.1527150974618284e-05 0.00334375984961649 -0.0009495768488813523 0.00082193470893852233 0.00031925724645278763 -0.0055685788034679721
leaf_weight=119 55 77 77 64 109 56 41 53 17938 55 1070 5019 3902 190
leaf_count=119 55 77 77 64 109 56 41 53 17938 55 1070 5019 3902 190
internal_value=-8.76087e-07 -0.00119279 -0.00406451 -4.09445e-05 -0.00222793 0.00171504 0.00542932 2.20908e-05 -0.000126055 -0.00575489 0.000283244 0.000322714 -0.000162807 -0.00165381
internal_weight=28825 543 154 389 173 216 97 28282 18046 108 10236 10181 5162 1260
internal_count=28825 543 154 389 173 216 97 28282 18046 108 10236 10181 5162 1260
is_linear=0
shrinkage=0.05


end of trees

feature_importances:
lag_1=739
rolling_mean=326
lag_7=324
year_day=231
rolling_std=194
lag_28=182
lag_14=159
market_code=134
price_lag=100
weekday=84
commodity_code=38
month=9

parameters:
[boosting: gbdt]
[objective: regression]
[metric: l2]
[tree_learner: serial]
[device_type: cpu]
[data_sample_strategy: bagging]
[data: ]
[valid: ]
[num_iterations: 180]
[learning_rate: 0.05]
[num_leaves: 15]
[num_threads: 2]
[seed: 42]
[deterministic: 1]
[force_col_wise: 1]
[force_row_wise: 0]
[histogram_pool_size: -1]
[max_depth: -1]
[min_data_in_leaf: 40]
[min_sum_hessian_in_leaf: 0.001]
[bagging_fraction: 1]
[pos_bagging_fraction: 1]
[neg_bagging_fraction: 1]
[bagging_freq: 0]
[bagging_seed: 400]
[bagging_by_query: 0]
[feature_fraction: 1]
[feature_fraction_bynode: 1]
[feature_fraction_seed: 30056]
[extra_trees: 0]
[extra_seed: 12879]
[early_stopping_round: 0]
[early_stopping_min_delta: 0]
[first_metric_only: 0]
[max_delta_step: 0]
[lambda_l1: 0]
[lambda_l2: 2]
[linear_lambda: 0]
[min_gain_to_split: 0]
[drop_rate: 0.1]
[max_drop: 50]
[skip_drop: 0.5]
[xgboost_dart_mode: 0]
[uniform_drop: 0]
[drop_seed: 17869]
[top_rate: 0.2]
[other_rate: 0.1]
[min_data_per_group: 100]
[max_cat_threshold: 32]
[cat_l2: 10]
[cat_smooth: 10]
[max_cat_to_onehot: 4]
[top_k: 20]
[monotone_constraints: ]
[monotone_constraints_method: basic]
[monotone_penalty: 0]
[feature_contri: ]
[forcedsplits_filename: ]
[refit_decay_rate: 0.9]
[cegb_tradeoff: 1]
[cegb_penalty_split: 0]
[cegb_penalty_feature_lazy: ]
[cegb_penalty_feature_coupled: ]
[path_smooth: 0]
[interaction_constraints: ]
[verbosity: -1]
[saved_feature_importance_type: 0]
[use_quantized_grad: 0]
[num_grad_quant_bins: 4]
[quant_train_renew_leaf: 0]
[stochastic_rounding: 1]
[linear_tree: 0]
[max_bin: 255]
[max_bin_by_feature: ]
[min_data_in_bin: 3]
[bin_construct_sample_cnt: 200000]
[data_random_seed: 175]
[is_enable_sparse: 1]
[enable_bundle: 1]
[use_missing: 1]
[zero_as_missing: 0]
[feature_pre_filter: 1]
[pre_partition: 0]
[two_round: 0]
[header: 0]
[label_column: ]
[weight_column: ]
[group_column: ]
[ignore_column: ]
[categorical_feature: ]
[forcedbins_filename: ]
[precise_float_parser: 0]
[parser_config_file: ]
[objective_seed: 16083]
[num_class: 1]
[is_unbalance: 0]
[scale_pos_weight: 1]
[sigmoid: 1]
[boost_from_average: 1]
[reg_sqrt: 0]
[alpha: 0.9]
[fair_c: 1]
[poisson_max_delta_step: 0.7]
[tweedie_variance_power: 1.5]
[lambdarank_truncation_level: 30]
[lambdarank_norm: 1]
[label_gain: ]
[lambdarank_position_bias_regularization: 0]
[eval_at: ]
[multi_error_top_k: 1]
[auc_mu_weights: ]
[num_machines: 1]
[local_listen_port: 12400]
[time_out: 120]
[machine_list_filename: ]
[machines: ]
[gpu_platform_id: -1]
[gpu_device_id: -1]
[gpu_device_id_list: ]
[gpu_use_dp: 0]
[num_gpu: 1]

end of parameters

pandas_categorical:[]
