period,model,method,level,group,n,coverage,coverage_gap,mean_width,mean_interval_score
inspected_2024Q1,ablation_without_price,commodity_adaptive,overall,all,4965,0.9458207452165156,-0.004179254783484354,200.25457029246408,377.078447951272
inspected_2024Q1,ablation_without_price,commodity_adaptive,commodity,Onion,1288,0.9464285714285714,-0.0035714285714285587,73.42860722570182,104.13716051665688
inspected_2024Q1,ablation_without_price,commodity_adaptive,commodity,Potato,1289,0.9487975174553918,-0.0012024825446081966,183.45066139810032,231.2875804353707
inspected_2024Q1,ablation_without_price,commodity_adaptive,commodity,Rice,1193,0.9413243922883487,-0.008675607711651212,252.1247398336336,493.49195048263823
inspected_2024Q1,ablation_without_price,commodity_adaptive,commodity,Wheat,1195,0.9464435146443515,-0.0035564853556484533,303.29303617715817,712.3014587662185
inspected_2024Q1,ablation_without_price,commodity_adaptive,market,Achalda APMC,298,0.9328859060402684,-0.017114093959731513,45.95845343893241,94.68104172558138
inspected_2024Q1,ablation_without_price,commodity_adaptive,market,Auraiya APMC,310,0.9290322580645162,-0.020967741935483786,53.73600816794175,80.32334084507357
inspected_2024Q1,ablation_without_price,commodity_adaptive,market,Bahraich APMC,307,0.9706840390879479,0.020684039087947914,491.75157175291906,725.9472841116194
inspected_2024Q1,ablation_without_price,commodity_adaptive,market,Basti APMC,296,0.9966216216216216,0.046621621621621645,121.14620838757087,122.80076796608948
inspected_2024Q1,ablation_without_price,commodity_adaptive,market,Bindki APMC,304,0.8881578947368421,-0.06184210526315781,210.70603655419885,757.5576020375682
inspected_2024Q1,ablation_without_price,commodity_adaptive,market,Chandoli APMC,285,0.968421052631579,0.018421052631579005,51.12034581842438,67.31852622413498
inspected_2024Q1,ablation_without_price,commodity_adaptive,market,Fatehpur APMC,318,0.7861635220125787,-0.1638364779874213,39.50515048375388,207.75914346026073
inspected_2024Q1,ablation_without_price,commodity_adaptive,market,Gazipur APMC,294,0.9863945578231292,0.03639455782312928,72.4436374323514,76.44386811199435
inspected_2024Q1,ablation_without_price,commodity_adaptive,market,Ghaziabad APMC,319,0.9623824451410659,0.012382445141065901,721.9428437641683,2015.1920783991625
inspected_2024Q1,ablation_without_price,commodity_adaptive,market,Kayamganj APMC,304,0.9144736842105263,-0.03552631578947363,145.4971668529035,215.55032858450832
inspected_2024Q1,ablation_without_price,commodity_adaptive,market,Lakhimpur APMC,322,0.984472049689441,0.034472049689441064,166.59908247773404,177.6490065868675
inspected_2024Q1,ablation_without_price,commodity_adaptive,market,Lucknow APMC,314,0.9808917197452229,0.03089171974522298,473.71146504761634,528.4108925283733
inspected_2024Q1,ablation_without_price,commodity_adaptive,market,Muradabad APMC,307,0.9869706840390879,0.036970684039087987,126.06237715962088,132.65914530762993
inspected_2024Q1,ablation_without_price,commodity_adaptive,market,Muzzafarnagar APMC,327,0.8807339449541285,-0.06926605504587147,197.61765264172004,503.6446169227901
inspected_2024Q1,ablation_without_price,commodity_adaptive,market,Saharanpur APMC,320,0.99375,0.04375000000000007,224.66260321493868,224.82801076114407
inspected_2024Q1,ablation_without_price,commodity_adaptive,market,Unnao APMC,340,0.9764705882352941,0.026470588235294135,36.655244138882765,38.172307477606964
inspected_2024Q1,ablation_without_price,commodity_adaptive,month,2024-01,1719,0.9389179755671903,-0.0110820244328097,208.72751683815497,516.5512835278784
inspected_2024Q1,ablation_without_price,commodity_adaptive,month,2024-02,1629,0.9643953345610804,0.014395334561080442,217.35146181683453,323.6145485918782
inspected_2024Q1,ablation_without_price,commodity_adaptive,month,2024-03,1617,0.9344465058750773,-0.015553494124922684,174.02338203937688,282.66835994896286
inspected_2024Q1,ablation_without_price,commodity_fixed,overall,all,4965,0.9206445115810675,-0.02935548841893243,150.91219808651562,394.50048590594076
inspected_2024Q1,ablation_without_price,commodity_fixed,commodity,Onion,1288,0.9363354037267081,-0.013664596273291862,63.80720474073008,99.3659779609716
inspected_2024Q1,ablation_without_price,commodity_fixed,commodity,Potato,1289,0.9340574088440652,-0.01594259115593477,164.11852508786367,229.18108068106278
inspected_2024Q1,ablation_without_price,commodity_fixed,commodity,Rice,1193,0.9061190276613579,-0.04388097233864208,173.10956649843973,551.2409500391343
inspected_2024Q1,ablation_without_price,commodity_fixed,commodity,Wheat,1195,0.9037656903765691,-0.04623430962343089,208.39070470510026,734.4490933177298
inspected_2024Q1,ablation_without_price,commodity_fixed,market,Achalda APMC,298,0.8825503355704698,-0.06744966442953015,35.94720028586172,109.53628632026279
inspected_2024Q1,ablation_without_price,commodity_fixed,market,Auraiya APMC,310,0.896774193548387,-0.0532258064516129,43.13619363883522,85.22904857534596
inspected_2024Q1,ablation_without_price,commodity_fixed,market,Bahraich APMC,307,0.9381107491856677,-0.01188925081433223,350.47705982831894,787.8039085529444
inspected_2024Q1,ablation_without_price,commodity_fixed,market,Basti APMC,296,0.9864864864864865,0.03648648648648656,93.52064120370264,101.65483177726222
inspected_2024Q1,ablation_without_price,commodity_fixed,market,Bindki APMC,304,0.8388157894736842,-0.11118421052631577,150.35939876941623,991.458355351574
inspected_2024Q1,ablation_without_price,commodity_fixed,market,Chandoli APMC,285,0.9614035087719298,0.01140350877192986,39.074895041690795,59.370667891007244
inspected_2024Q1,ablation_without_price,commodity_fixed,market,Fatehpur APMC,318,0.7421383647798742,-0.2078616352201258,30.014179200122797,243.0739875004795
inspected_2024Q1,ablation_without_price,commodity_fixed,market,Gazipur APMC,294,0.9761904761904762,0.02619047619047621,54.8067229629167,63.446135583770875
inspected_2024Q1,ablation_without_price,commodity_fixed,market,Ghaziabad APMC,319,0.9404388714733543,-0.009561128526645701,520.0107680906457,2027.707656151819
inspected_2024Q1,ablation_without_price,commodity_fixed,market,Kayamganj APMC,304,0.8486842105263158,-0.10131578947368414,127.0453888091576,253.56639204161402
inspected_2024Q1,ablation_without_price,commodity_fixed,market,Lakhimpur APMC,322,0.9751552795031055,0.025155279503105588,133.9060886590102,157.3223409818507
inspected_2024Q1,ablation_without_price,commodity_fixed,market,Lucknow APMC,314,0.9681528662420382,0.018152866242038268,371.0790031333212,437.76523353931697
inspected_2024Q1,ablation_without_price,commodity_fixed,market,Muradabad APMC,307,0.9609120521172638,0.01091205211726387,102.34620550321848,112.29748937680996
inspected_2024Q1,ablation_without_price,commodity_fixed,market,Muzzafarnagar APMC,327,0.8623853211009175,-0.08761467889908248,141.89570641230685,610.6562798215444
inspected_2024Q1,ablation_without_price,commodity_fixed,market,Saharanpur APMC,320,0.99375,0.04375000000000007,175.1506186448133,177.81991297448957
inspected_2024Q1,ablation_without_price,commodity_fixed,market,Unnao APMC,340,0.961764705882353,0.01176470588235301,27.65453814587287,30.32495362951544
inspected_2024Q1,ablation_without_price,commodity_fixed,month,2024-01,1719,0.9028504944735312,-0.04714950552646879,157.2081229217629,559.6579951617878
inspected_2024Q1,ablation_without_price,commodity_fixed,month,2024-02,1629,0.9429097605893186,-0.0070902394106813205,158.28802440778713,316.0934398058426
inspected_2024Q1,ablation_without_price,commodity_fixed,month,2024-03,1617,0.91713048855906,-0.03286951144093997,136.7885642775228,297.91379430807973
inspected_2024Q1,ablation_without_price,pooled_fixed,overall,all,4965,0.9204431017119838,-0.02955689828801611,151.39799753959716,392.5555398412477
inspected_2024Q1,ablation_without_price,pooled_fixed,commodity,Onion,1288,0.9277950310559007,-0.02220496894409929,59.2742618251482,97.66014460267381
inspected_2024Q1,ablation_without_price,pooled_fixed,commodity,Potato,1289,0.9387121799844841,-0.01128782001551587,169.0285924147414,229.85467677998736
inspected_2024Q1,ablation_without_price,pooled_fixed,commodity,Rice,1193,0.9136630343671417,-0.036336965632858265,182.82220544196898,539.63843189435
inspected_2024Q1,ablation_without_price,pooled_fixed,commodity,Wheat,1195,0.899581589958159,-0.050418410041841,200.30214379785625,739.0633150160568
inspected_2024Q1,ablation_without_price,pooled_fixed,market,Achalda APMC,298,0.8791946308724832,-0.07080536912751678,36.30538941659427,109.3539836574835
inspected_2024Q1,ablation_without_price,pooled_fixed,market,Auraiya APMC,310,0.8935483870967742,-0.056451612903225756,43.746407426006634,85.14277817507464
inspected_2024Q1,ablation_without_price,pooled_fixed,market,Bahraich APMC,307,0.9413680781758957,-0.008631921824104216,361.20861939377767,774.1787141191622
inspected_2024Q1,ablation_without_price,pooled_fixed,market,Basti APMC,296,0.9831081081081081,0.03310810810810816,94.12083079180552,103.0539208446275
inspected_2024Q1,ablation_without_price,pooled_fixed,market,Bindki APMC,304,0.8355263157894737,-0.11447368421052628,150.939765586748,983.6242232687009
inspected_2024Q1,ablation_without_price,pooled_fixed,market,Chandoli APMC,285,0.9543859649122807,0.004385964912280715,39.78910748595211,60.05650628840002
inspected_2024Q1,ablation_without_price,pooled_fixed,market,Fatehpur APMC,318,0.7515723270440252,-0.19842767295597474,30.190931103400967,245.08054859774188
inspected_2024Q1,ablation_without_price,pooled_fixed,market,Gazipur APMC,294,0.9761904761904762,0.02619047619047621,55.698952530515214,64.24256700506588
inspected_2024Q1,ablation_without_price,pooled_fixed,market,Ghaziabad APMC,319,0.9467084639498433,-0.0032915360501566404,510.82415920648475,2021.616645038754
inspected_2024Q1,ablation_without_price,pooled_fixed,market,Kayamganj APMC,304,0.8421052631578947,-0.10789473684210527,130.62298842625847,251.33557701744644
inspected_2024Q1,ablation_without_price,pooled_fixed,market,Lakhimpur APMC,322,0.9751552795031055,0.025155279503105588,134.17097714545815,158.544042120819
inspected_2024Q1,ablation_without_price,pooled_fixed,market,Lucknow APMC,314,0.9713375796178344,0.021337579617834446,372.1279189900165,437.2206204123139
inspected_2024Q1,ablation_without_price,pooled_fixed,market,Muradabad APMC,307,0.9674267100977199,0.0174267100977199,101.71395616930047,112.88836325617896
inspected_2024Q1,ablation_without_price,pooled_fixed,market,Muzzafarnagar APMC,327,0.8593272171253823,-0.09067278287461766,143.18332194761518,606.810480656382
inspected_2024Q1,ablation_without_price,pooled_fixed,market,Saharanpur APMC,320,0.99375,0.04375000000000007,172.3799824737503,174.52944249305466
inspected_2024Q1,ablation_without_price,pooled_fixed,market,Unnao APMC,340,0.9588235294117647,0.008823529411764786,27.75240934208324,30.42801758367988
inspected_2024Q1,ablation_without_price,pooled_fixed,month,2024-01,1719,0.9034322280395579,-0.04656777196044204,157.77448682503834,556.0438702838313
inspected_2024Q1,ablation_without_price,pooled_fixed,month,2024-02,1629,0.9429097605893186,-0.0070902394106813205,158.69491976794495,316.8974160017597
inspected_2024Q1,ablation_without_price,pooled_fixed,month,2024-03,1617,0.9158936301793444,-0.03410636982065551,137.26820694488347,294.9739960587647
inspected_2024Q1,ablation_without_seasonality,commodity_adaptive,overall,all,4965,0.9468277945619336,-0.0031722054380664,198.153886272581,374.5221211391924
inspected_2024Q1,ablation_without_seasonality,commodity_adaptive,commodity,Onion,1288,0.9479813664596274,-0.002018633540372572,71.96973605574932,103.00389428258912
inspected_2024Q1,ablation_without_seasonality,commodity_adaptive,commodity,Potato,1289,0.9503491078355314,0.000349107835531437,178.93180447982883,230.9319268301656
inspected_2024Q1,ablation_without_seasonality,commodity_adaptive,commodity,Rice,1193,0.9413243922883487,-0.008675607711651212,249.33619808723765,486.33052222232436
inspected_2024Q1,ablation_without_seasonality,commodity_adaptive,commodity,Wheat,1195,0.9472803347280335,-0.0027196652719664316,303.7956862016616,710.4349363387441
inspected_2024Q1,ablation_without_seasonality,commodity_adaptive,market,Achalda APMC,298,0.9295302013422819,-0.02046979865771803,45.590198350903826,97.34928031976936
inspected_2024Q1,ablation_without_seasonality,commodity_adaptive,market,Auraiya APMC,310,0.9258064516129032,-0.024193548387096753,53.00028703361428,81.18274985124093
inspected_2024Q1,ablation_without_seasonality,commodity_adaptive,market,Bahraich APMC,307,0.9609120521172638,0.01091205211726387,487.2027117108895,734.6059841612982
inspected_2024Q1,ablation_without_seasonality,commodity_adaptive,market,Basti APMC,296,0.9966216216216216,0.046621621621621645,119.96861916080228,121.41109872452816
inspected_2024Q1,ablation_without_seasonality,commodity_adaptive,market,Bindki APMC,304,0.8881578947368421,-0.06184210526315781,210.94214599847098,729.7480473937259
inspected_2024Q1,ablation_without_seasonality,commodity_adaptive,market,Chandoli APMC,285,0.9719298245614035,0.021929824561403577,50.41043723717796,64.95438431559761
inspected_2024Q1,ablation_without_seasonality,commodity_adaptive,market,Fatehpur APMC,318,0.7955974842767296,-0.15440251572327035,39.01830427331532,207.1075205291111
inspected_2024Q1,ablation_without_seasonality,commodity_adaptive,market,Gazipur APMC,294,0.9829931972789115,0.03299319727891159,71.28923861205382,75.42498827994687
inspected_2024Q1,ablation_without_seasonality,commodity_adaptive,market,Ghaziabad APMC,319,0.9686520376175548,0.01865203761755485,717.886602124194,2000.1882484082525
inspected_2024Q1,ablation_without_seasonality,commodity_adaptive,market,Kayamganj APMC,304,0.9210526315789473,-0.02894736842105261,142.27339704880677,215.47698171136156
inspected_2024Q1,ablation_without_seasonality,commodity_adaptive,market,Lakhimpur APMC,322,0.984472049689441,0.034472049689441064,164.21069122764564,175.87992043945127
inspected_2024Q1,ablation_without_seasonality,commodity_adaptive,market,Lucknow APMC,314,0.9808917197452229,0.03089171974522298,466.33348856364216,526.4214046559539
inspected_2024Q1,ablation_without_seasonality,commodity_adaptive,market,Muradabad APMC,307,0.9869706840390879,0.036970684039087987,123.76427431698667,131.16110445715708
inspected_2024Q1,ablation_without_seasonality,commodity_adaptive,market,Muzzafarnagar APMC,327,0.8807339449541285,-0.06926605504587147,195.9085391200924,506.7337891902046
inspected_2024Q1,ablation_without_seasonality,commodity_adaptive,market,Saharanpur APMC,320,0.996875,0.046875,221.70184722889553,222.21392004576037
inspected_2024Q1,ablation_without_seasonality,commodity_adaptive,market,Unnao APMC,340,0.9823529411764705,0.032352941176470584,36.211991749920216,37.946339448791626
inspected_2024Q1,ablation_without_seasonality,commodity_adaptive,month,2024-01,1719,0.9389179755671903,-0.0110820244328097,207.28145935303803,514.7258563491772
inspected_2024Q1,ablation_without_seasonality,commodity_adaptive,month,2024-02,1629,0.9680785758133824,0.018078575813382458,215.3872029131697,321.6598944881336
inspected_2024Q1,ablation_without_seasonality,commodity_adaptive,month,2024-03,1617,0.9338280766852195,-0.016171923314780456,171.08934024114953,278.7288907054332
inspected_2024Q1,ablation_without_seasonality,commodity_fixed,overall,all,4965,0.9222557905337362,-0.02774420946626377,151.58305682748338,391.407803767138
inspected_2024Q1,ablation_without_seasonality,commodity_fixed,commodity,Onion,1288,0.9347826086956522,-0.015217391304347738,62.24057615378747,98.39124166722769
inspected_2024Q1,ablation_without_seasonality,commodity_fixed,commodity,Potato,1289,0.9332816136539953,-0.016718386346004643,160.51606594414142,227.65425697133216
inspected_2024Q1,ablation_without_seasonality,commodity_fixed,commodity,Rice,1193,0.9027661357921207,-0.04723386420787923,171.41222802207787,546.5047107715415
inspected_2024Q1,ablation_without_seasonality,commodity_fixed,commodity,Wheat,1195,0.9163179916317992,-0.03368200836820079,218.44687701258536,729.0254135982885
inspected_2024Q1,ablation_without_seasonality,commodity_fixed,market,Achalda APMC,298,0.8859060402684564,-0.06409395973154353,35.986092646301344,110.91612167329346
inspected_2024Q1,ablation_without_seasonality,commodity_fixed,market,Auraiya APMC,310,0.896774193548387,-0.0532258064516129,43.00480822637529,86.27568370751236
inspected_2024Q1,ablation_without_seasonality,commodity_fixed,market,Bahraich APMC,307,0.9413680781758957,-0.008631921824104216,349.9255426526206,816.8671196615724
inspected_2024Q1,ablation_without_seasonality,commodity_fixed,market,Basti APMC,296,0.9864864864864865,0.03648648648648656,93.59246370069961,101.50364171998608
inspected_2024Q1,ablation_without_seasonality,commodity_fixed,market,Bindki APMC,304,0.8421052631578947,-0.10789473684210527,153.57766164714778,948.2245896473205
inspected_2024Q1,ablation_without_seasonality,commodity_fixed,market,Chandoli APMC,285,0.9649122807017544,0.014912280701754432,38.854930433349146,57.16738709182542
inspected_2024Q1,ablation_without_seasonality,commodity_fixed,market,Fatehpur APMC,318,0.7484276729559748,-0.20157232704402517,30.140192953799207,239.57083302555847
inspected_2024Q1,ablation_without_seasonality,commodity_fixed,market,Gazipur APMC,294,0.9761904761904762,0.02619047619047621,54.30966734669248,63.14672921787892
inspected_2024Q1,ablation_without_seasonality,commodity_fixed,market,Ghaziabad APMC,319,0.9435736677115988,-0.006426332288401171,532.9083340207104,2012.583759084495
inspected_2024Q1,ablation_without_seasonality,commodity_fixed,market,Kayamganj APMC,304,0.8552631578947368,-0.09473684210526312,124.63530794044097,249.6632274867988
inspected_2024Q1,ablation_without_seasonality,commodity_fixed,market,Lakhimpur APMC,322,0.9782608695652174,0.02826086956521745,133.06828326379818,153.56035644643885
inspected_2024Q1,ablation_without_seasonality,commodity_fixed,market,Lucknow APMC,314,0.9713375796178344,0.021337579617834446,369.4849160850794,437.2544624071793
inspected_2024Q1,ablation_without_seasonality,commodity_fixed,market,Muradabad APMC,307,0.9609120521172638,0.01091205211726387,101.10216693475405,111.15858510434458
inspected_2024Q1,ablation_without_seasonality,commodity_fixed,market,Muzzafarnagar APMC,327,0.8562691131498471,-0.09373088685015285,143.03522805204207,602.9372249570413
inspected_2024Q1,ablation_without_seasonality,commodity_fixed,market,Saharanpur APMC,320,0.990625,0.04062500000000002,175.39083724638044,178.24754287310083
inspected_2024Q1,ablation_without_seasonality,commodity_fixed,market,Unnao APMC,340,0.961764705882353,0.01176470588235301,27.71187205134817,30.690599298777904
inspected_2024Q1,ablation_without_seasonality,commodity_fixed,month,2024-01,1719,0.9075043630017452,-0.04249563699825476,157.7891247403937,557.4169117750861
inspected_2024Q1,ablation_without_seasonality,commodity_fixed,month,2024-02,1629,0.941682013505218,-0.008317986494781993,159.22047968602763,314.14669788192276
inspected_2024Q1,ablation_without_seasonality,commodity_fixed,month,2024-03,1617,0.9183673469387755,-0.031632653061224425,137.29141021099517,292.7613503480612
inspected_2024Q1,ablation_without_seasonality,pooled_fixed,overall,all,4965,0.9220543806646526,-0.027945619335347338,151.5179174863083,390.1684919517979
inspected_2024Q1,ablation_without_seasonality,pooled_fixed,commodity,Onion,1288,0.9277950310559007,-0.02220496894409929,59.27508586458351,97.26902828073908
inspected_2024Q1,ablation_without_seasonality,pooled_fixed,commodity,Potato,1289,0.9402637703646237,-0.009736229635376237,169.06112638934127,228.78915097737809
inspected_2024Q1,ablation_without_seasonality,pooled_fixed,commodity,Rice,1193,0.9178541492036881,-0.032145850796311826,183.032778612109,532.6020866919731
inspected_2024Q1,ablation_without_seasonality,pooled_fixed,commodity,Wheat,1195,0.900418410041841,-0.04958158995815898,200.554186548812,737.7410452566696
inspected_2024Q1,ablation_without_seasonality,pooled_fixed,market,Achalda APMC,298,0.8859060402684564,-0.06409395973154353,36.322760177375706,111.28865161396412
inspected_2024Q1,ablation_without_seasonality,pooled_fixed,market,Auraiya APMC,310,0.8870967741935484,-0.06290322580645158,43.830463840108116,86.04542440847895
inspected_2024Q1,ablation_without_seasonality,pooled_fixed,market,Bahraich APMC,307,0.9446254071661238,-0.005374592833876202,361.40758042812615,804.2702117035092
inspected_2024Q1,ablation_without_seasonality,pooled_fixed,market,Basti APMC,296,0.9831081081081081,0.03310810810810816,94.14607050111972,103.15201832203728
inspected_2024Q1,ablation_without_seasonality,pooled_fixed,market,Bindki APMC,304,0.8388157894736842,-0.11118421052631577,151.40186564507837,947.1980061877666
inspected_2024Q1,ablation_without_seasonality,pooled_fixed,market,Chandoli APMC,285,0.9614035087719298,0.01140350877192986,39.798645864527465,58.02391522049018
inspected_2024Q1,ablation_without_seasonality,pooled_fixed,market,Fatehpur APMC,318,0.7484276729559748,-0.20157232704402517,30.190434849557004,242.76994441058122
inspected_2024Q1,ablation_without_seasonality,pooled_fixed,market,Gazipur APMC,294,0.9761904761904762,0.02619047619047621,55.71039674478822,64.07557712599706
inspected_2024Q1,ablation_without_seasonality,pooled_fixed,market,Ghaziabad APMC,319,0.9467084639498433,-0.0032915360501566404,510.99838980674497,2008.2051165907776
inspected_2024Q1,ablation_without_seasonality,pooled_fixed,market,Kayamganj APMC,304,0.8486842105263158,-0.10131578947368414,130.68416901372146,247.17681333868438
inspected_2024Q1,ablation_without_seasonality,pooled_fixed,market,Lakhimpur APMC,322,0.9782608695652174,0.02826086956521745,134.44419414279247,157.5817453537522
inspected_2024Q1,ablation_without_seasonality,pooled_fixed,market,Lucknow APMC,314,0.9745222929936306,0.024522292993630623,372.2192810805324,432.175740788106
inspected_2024Q1,ablation_without_seasonality,pooled_fixed,market,Muradabad APMC,307,0.9674267100977199,0.0174267100977199,101.74705439661857,112.73518434461052
inspected_2024Q1,ablation_without_seasonality,pooled_fixed,market,Muzzafarnagar APMC,327,0.8623853211009175,-0.08761467889908248,143.59597392410055,600.724006547166
inspected_2024Q1,ablation_without_seasonality,pooled_fixed,market,Saharanpur APMC,320,0.99375,0.04375000000000007,172.4154006165731,174.4424123085138
inspected_2024Q1,ablation_without_seasonality,pooled_fixed,market,Unnao APMC,340,0.9588235294117647,0.008823529411764786,27.758111505313853,30.319785082419827
inspected_2024Q1,ablation_without_seasonality,pooled_fixed,month,2024-01,1719,0.9086678301337987,-0.04133216986620125,157.86873011673856,555.5445671258534
inspected_2024Q1,ablation_without_seasonality,pooled_fixed,month,2024-02,1629,0.9422958870472683,-0.0077041129527316565,158.8648752869583,316.2633292367481
inspected_2024Q1,ablation_without_seasonality,pooled_fixed,month,2024-03,1617,0.9158936301793444,-0.03410636982065551,137.3650163304837,288.81415480808386
inspected_2024Q1,existing_lightgbm_bundle,commodity_adaptive,overall,all,4965,0.9468277945619336,-0.0031722054380664,203.53483589146205,400.22838004182745
inspected_2024Q1,existing_lightgbm_bundle,commodity_adaptive,commodity,Onion,1288,0.9472049689440993,-0.002795031055900621,77.36426956746814,110.25481056051491
inspected_2024Q1,existing_lightgbm_bundle,commodity_adaptive,commodity,Potato,1289,0.9464701318851824,-0.0035298681148175914,184.55807103342207,235.7213780743997
inspected_2024Q1,existing_lightgbm_bundle,commodity_adaptive,commodity,Rice,1193,0.9455155071248952,-0.004484492875104773,250.0012477695193,533.8384160307209
inspected_2024Q1,existing_lightgbm_bundle,commodity_adaptive,commodity,Wheat,1195,0.9481171548117154,-0.001882845188284521,313.6053881565627,756.829811082158
inspected_2024Q1,existing_lightgbm_bundle,commodity_adaptive,market,Achalda APMC,298,0.9295302013422819,-0.02046979865771803,47.219117307906195,103.39847769946135
inspected_2024Q1,existing_lightgbm_bundle,commodity_adaptive,market,Auraiya APMC,310,0.932258064516129,-0.01774193548387093,54.3774644281587,80.12207026993036
inspected_2024Q1,existing_lightgbm_bundle,commodity_adaptive,market,Bahraich APMC,307,0.9706840390879479,0.020684039087947914,493.06006073086,788.3466075347472
inspected_2024Q1,existing_lightgbm_bundle,commodity_adaptive,market,Basti APMC,296,0.9932432432432432,0.043243243243243246,124.16016455669865,126.70872458410707
inspected_2024Q1,existing_lightgbm_bundle,commodity_adaptive,market,Bindki APMC,304,0.881578947368421,-0.06842105263157894,215.3019045262397,811.1087945115473
inspected_2024Q1,existing_lightgbm_bundle,commodity_adaptive,market,Chandoli APMC,285,0.9789473684210527,0.02894736842105272,51.543735041024426,64.95859985557503
inspected_2024Q1,existing_lightgbm_bundle,commodity_adaptive,market,Fatehpur APMC,318,0.779874213836478,-0.17012578616352192,40.44942905693182,229.78702313504715
inspected_2024Q1,existing_lightgbm_bundle,commodity_adaptive,market,Gazipur APMC,294,0.9829931972789115,0.03299319727891159,73.07892165068155,77.96972150553708
inspected_2024Q1,existing_lightgbm_bundle,commodity_adaptive,market,Ghaziabad APMC,319,0.9592476489028213,0.00924764890282137,738.035684081347,2172.530217915276
inspected_2024Q1,existing_lightgbm_bundle,commodity_adaptive,market,Kayamganj APMC,304,0.9276315789473685,-0.022368421052631482,146.32298755080947,213.79598359983092
inspected_2024Q1,existing_lightgbm_bundle,commodity_adaptive,market,Lakhimpur APMC,322,0.9875776397515528,0.037577639751552816,170.1064642769686,181.35802635323566
inspected_2024Q1,existing_lightgbm_bundle,commodity_adaptive,market,Lucknow APMC,314,0.9872611464968153,0.037261146496815334,482.0934711247015,536.8166433505389
inspected_2024Q1,existing_lightgbm_bundle,commodity_adaptive,market,Muradabad APMC,307,0.990228013029316,0.040228013029316,127.47279848568463,134.07338318376625
inspected_2024Q1,existing_lightgbm_bundle,commodity_adaptive,market,Muzzafarnagar APMC,327,0.8807339449541285,-0.06926605504587147,200.50074249449173,543.8541471632402
inspected_2024Q1,existing_lightgbm_bundle,commodity_adaptive,market,Saharanpur APMC,320,0.996875,0.046875,229.94348169907758,230.14405373604876
inspected_2024Q1,existing_lightgbm_bundle,commodity_adaptive,market,Unnao APMC,340,0.9764705882352941,0.026470588235294135,37.24831796220214,38.9227083150172
inspected_2024Q1,existing_lightgbm_bundle,commodity_adaptive,month,2024-01,1719,0.9365910413030832,-0.013408958696916717,214.54664069457257,557.6551774001321
inspected_2024Q1,existing_lightgbm_bundle,commodity_adaptive,month,2024-02,1629,0.9717618170656844,0.021761817065684474,225.44105088808354,340.20547986635415
inspected_2024Q1,existing_lightgbm_bundle,commodity_adaptive,month,2024-03,1617,0.9325912183055041,-0.01740878169449589,169.75962458283908,293.33947449261296
inspected_2024Q1,existing_lightgbm_bundle,commodity_fixed,overall,all,4965,0.919436052366566,-0.030563947633433952,156.24673430514045,425.154114669105
inspected_2024Q1,existing_lightgbm_bundle,commodity_fixed,commodity,Onion,1288,0.9301242236024845,-0.019875776397515477,64.09092380080416,103.41809713406431
inspected_2024Q1,existing_lightgbm_bundle,commodity_fixed,commodity,Potato,1289,0.9371605896043445,-0.012839410395655504,168.33657746407647,234.00638645841045
inspected_2024Q1,existing_lightgbm_bundle,commodity_fixed,commodity,Rice,1193,0.8985750209555742,-0.05142497904442578,169.0968491419957,598.0918135200878
inspected_2024Q1,existing_lightgbm_bundle,commodity_fixed,commodity,Wheat,1195,0.9096234309623431,-0.04037656903765685,229.70505154141503,805.4643552711927
inspected_2024Q1,existing_lightgbm_bundle,commodity_fixed,market,Achalda APMC,298,0.8791946308724832,-0.07080536912751678,37.33372366386824,117.31972626382606
inspected_2024Q1,existing_lightgbm_bundle,commodity_fixed,market,Auraiya APMC,310,0.896774193548387,-0.0532258064516129,44.56422879761412,84.71498555181782
inspected_2024Q1,existing_lightgbm_bundle,commodity_fixed,market,Bahraich APMC,307,0.9413680781758957,-0.008631921824104216,351.9571698558998,871.5032610218268
inspected_2024Q1,existing_lightgbm_bundle,commodity_fixed,market,Basti APMC,296,0.9797297297297297,0.02972972972972976,96.32691222295874,105.32837152276092
inspected_2024Q1,existing_lightgbm_bundle,commodity_fixed,market,Bindki APMC,304,0.8289473684210527,-0.1210526315789473,158.08192331727668,1020.9104605418386
inspected_2024Q1,existing_lightgbm_bundle,commodity_fixed,market,Chandoli APMC,285,0.9754385964912281,0.02543859649122815,39.91878590579578,55.61566810492788
inspected_2024Q1,existing_lightgbm_bundle,commodity_fixed,market,Fatehpur APMC,318,0.720125786163522,-0.229874213836478,31.249669526962794,264.9096785557253
inspected_2024Q1,existing_lightgbm_bundle,commodity_fixed,market,Gazipur APMC,294,0.9727891156462585,0.022789115646258518,55.32604454054952,64.24413058667949
inspected_2024Q1,existing_lightgbm_bundle,commodity_fixed,market,Ghaziabad APMC,319,0.9373040752351097,-0.012695924764890232,554.6583385215963,2315.573769808727
inspected_2024Q1,existing_lightgbm_bundle,commodity_fixed,market,Kayamganj APMC,304,0.8717105263157895,-0.07828947368421046,129.98455189674047,252.75559492410483
inspected_2024Q1,existing_lightgbm_bundle,commodity_fixed,market,Lakhimpur APMC,322,0.9813664596273292,0.0313664596273292,137.18941706836534,158.72968901369273
inspected_2024Q1,existing_lightgbm_bundle,commodity_fixed,market,Lucknow APMC,314,0.9777070063694268,0.0277070063694268,381.81932231829654,441.57085690693356
inspected_2024Q1,existing_lightgbm_bundle,commodity_fixed,market,Muradabad APMC,307,0.9609120521172638,0.01091205211726387,104.48881899805703,113.58252383063181
inspected_2024Q1,existing_lightgbm_bundle,commodity_fixed,market,Muzzafarnagar APMC,327,0.8379204892966361,-0.11207951070336386,146.23476919082637,647.1728735304988
inspected_2024Q1,existing_lightgbm_bundle,commodity_fixed,market,Saharanpur APMC,320,0.984375,0.034375000000000044,182.6118447271452,185.39553063850622
inspected_2024Q1,existing_lightgbm_bundle,commodity_fixed,market,Unnao APMC,340,0.9705882352941176,0.020588235294117685,28.74660843125054,30.9128884419393
inspected_2024Q1,existing_lightgbm_bundle,commodity_fixed,month,2024-01,1719,0.900523560209424,-0.04947643979057592,162.49469096135434,609.4133743275592
inspected_2024Q1,existing_lightgbm_bundle,commodity_fixed,month,2024-02,1629,0.9404542664211173,-0.009545733578882665,164.15283092178598,348.85209199598205
inspected_2024Q1,existing_lightgbm_bundle,commodity_fixed,month,2024-03,1617,0.9183673469387755,-0.031632653061224425,141.63988898631092,306.1400933837828
inspected_2024Q1,existing_lightgbm_bundle,pooled_fixed,overall,all,4965,0.9196374622356496,-0.030362537764350384,155.14857635227727,424.37783141719865
inspected_2024Q1,existing_lightgbm_bundle,pooled_fixed,commodity,Onion,1288,0.9208074534161491,-0.029192546583850842,60.716933844403805,102.21594085036594
inspected_2024Q1,existing_lightgbm_bundle,pooled_fixed,commodity,Potato,1289,0.9425911559348332,-0.007408844065166731,173.17269035062313,235.16959454550638
inspected_2024Q1,existing_lightgbm_bundle,pooled_fixed,commodity,Rice,1193,0.9161777032690696,-0.0338222967309304,187.6867894909016,574.2657970396348
inspected_2024Q1,existing_lightgbm_bundle,pooled_fixed,commodity,Wheat,1195,0.897071129707113,-0.052928870292886954,205.00362600239805,826.0661907394795
inspected_2024Q1,existing_lightgbm_bundle,pooled_fixed,market,Achalda APMC,298,0.8859060402684564,-0.06409395973154353,37.17605281726452,117.45749135661353
inspected_2024Q1,existing_lightgbm_bundle,pooled_fixed,market,Auraiya APMC,310,0.8870967741935484,-0.06290322580645158,44.84178907239061,84.26286504730878
inspected_2024Q1,existing_lightgbm_bundle,pooled_fixed,market,Bahraich APMC,307,0.9413680781758957,-0.008631921824104216,370.09563174077863,859.8225385083795
inspected_2024Q1,existing_lightgbm_bundle,pooled_fixed,market,Basti APMC,296,0.9831081081081081,0.03310810810810816,96.45600712518228,106.82731385024685
inspected_2024Q1,existing_lightgbm_bundle,pooled_fixed,market,Bindki APMC,304,0.8421052631578947,-0.10789473684210527,155.99766881845713,1004.8667575182266
inspected_2024Q1,existing_lightgbm_bundle,pooled_fixed,market,Chandoli APMC,285,0.968421052631579,0.018421052631579005,40.738004069708346,56.463486171127634
inspected_2024Q1,existing_lightgbm_bundle,pooled_fixed,market,Fatehpur APMC,318,0.7264150943396226,-0.22358490566037736,31.00177542160751,272.40208536508186
inspected_2024Q1,existing_lightgbm_bundle,pooled_fixed,market,Gazipur APMC,294,0.9693877551020408,0.019387755102040827,57.05202883352751,65.89507360025698
inspected_2024Q1,existing_lightgbm_bundle,pooled_fixed,market,Ghaziabad APMC,319,0.9373040752351097,-0.012695924764890232,522.4258924575137,2327.4316275423985
inspected_2024Q1,existing_lightgbm_bundle,pooled_fixed,market,Kayamganj APMC,304,0.868421052631579,-0.08157894736842097,133.67467433326544,250.36601363345176
inspected_2024Q1,existing_lightgbm_bundle,pooled_fixed,market,Lakhimpur APMC,322,0.9751552795031055,0.025155279503105588,137.43915793506167,164.06775144485817
inspected_2024Q1,existing_lightgbm_bundle,pooled_fixed,market,Lucknow APMC,314,0.9745222929936306,0.024522292993630623,381.5067669620181,439.7826800712826
inspected_2024Q1,existing_lightgbm_bundle,pooled_fixed,market,Muradabad APMC,307,0.9641693811074918,0.014169381107491885,104.0731718361329,113.57645649430232
inspected_2024Q1,existing_lightgbm_bundle,pooled_fixed,market,Muzzafarnagar APMC,327,0.8318042813455657,-0.11819571865443423,146.91595373894032,645.3943157616413
inspected_2024Q1,existing_lightgbm_bundle,pooled_fixed,market,Saharanpur APMC,320,0.99375,0.04375000000000007,176.56755259494997,178.17248051811708
inspected_2024Q1,existing_lightgbm_bundle,pooled_fixed,market,Unnao APMC,340,0.9705882352941176,0.020588235294117685,28.424561213700485,30.430775132349257
inspected_2024Q1,existing_lightgbm_bundle,pooled_fixed,month,2024-01,1719,0.9016870273414777,-0.0483129726585223,161.49862098711014,609.322541904241
inspected_2024Q1,existing_lightgbm_bundle,pooled_fixed,month,2024-02,1629,0.9422958870472683,-0.0077041129527316565,162.715752957889,352.0860974242763
inspected_2024Q1,existing_lightgbm_bundle,pooled_fixed,month,2024-03,1617,0.9158936301793444,-0.03410636982065551,140.77463855523376,300.5950715824705
inspected_2024Q1,log_lightgbm,commodity_adaptive,overall,all,4965,0.9472306143001007,-0.0027693856998992628,194.4713117407052,374.34094723792936
inspected_2024Q1,log_lightgbm,commodity_adaptive,commodity,Onion,1288,0.9479813664596274,-0.002018633540372572,70.8068807199101,103.63112968955753
inspected_2024Q1,log_lightgbm,commodity_adaptive,commodity,Potato,1289,0.948021722265322,-0.001978277734677958,178.09039858733715,228.89025391078314
inspected_2024Q1,log_lightgbm,commodity_adaptive,commodity,Rice,1193,0.942162615255658,-0.007837384744341924,242.53766511212748,486.5710803928841
inspected_2024Q1,log_lightgbm,commodity_adaptive,commodity,Wheat,1195,0.9506276150627615,0.000627615062761544,297.4433825669552,710.9682609175389
inspected_2024Q1,log_lightgbm,commodity_adaptive,market,Achalda APMC,298,0.9328859060402684,-0.017114093959731513,45.04895258124931,96.83102336897839
inspected_2024Q1,log_lightgbm,commodity_adaptive,market,Auraiya APMC,310,0.9354838709677419,-0.014516129032258074,52.27309824957798,81.40614452066193
inspected_2024Q1,log_lightgbm,commodity_adaptive,market,Bahraich APMC,307,0.9706840390879479,0.020684039087947914,474.07027477071404,731.0130134235603
inspected_2024Q1,log_lightgbm,commodity_adaptive,market,Basti APMC,296,0.9898648648648649,0.03986486486486496,118.44866444696194,121.08166132804668
inspected_2024Q1,log_lightgbm,commodity_adaptive,market,Bindki APMC,304,0.875,-0.07499999999999996,208.58817920406895,744.97691199768
inspected_2024Q1,log_lightgbm,commodity_adaptive,market,Chandoli APMC,285,0.9789473684210527,0.02894736842105272,49.53441905662933,64.66033183428522
inspected_2024Q1,log_lightgbm,commodity_adaptive,market,Fatehpur APMC,318,0.7955974842767296,-0.15440251572327035,38.22643952515601,209.52683976847445
inspected_2024Q1,log_lightgbm,commodity_adaptive,market,Gazipur APMC,294,0.9829931972789115,0.03299319727891159,69.88254523680487,74.4845659811955
inspected_2024Q1,log_lightgbm,commodity_adaptive,market,Ghaziabad APMC,319,0.9686520376175548,0.01865203761755485,701.9878246473761,2019.4546803335552
inspected_2024Q1,log_lightgbm,commodity_adaptive,market,Kayamganj APMC,304,0.9111842105263158,-0.03881578947368414,141.18140418658732,214.77337514425616
inspected_2024Q1,log_lightgbm,commodity_adaptive,market,Lakhimpur APMC,322,0.9875776397515528,0.037577639751552816,161.9512207404905,173.99934636940137
inspected_2024Q1,log_lightgbm,commodity_adaptive,market,Lucknow APMC,314,0.9840764331210191,0.034076433121019156,457.67630442585494,511.9787064279681
inspected_2024Q1,log_lightgbm,commodity_adaptive,market,Muradabad APMC,307,0.9869706840390879,0.036970684039087987,121.49355466311624,128.85082085271387
inspected_2024Q1,log_lightgbm,commodity_adaptive,market,Muzzafarnagar APMC,327,0.8837920489296636,-0.06620795107033639,192.6487406586773,494.574989822238
inspected_2024Q1,log_lightgbm,commodity_adaptive,market,Saharanpur APMC,320,0.996875,0.046875,218.7013697182897,220.3364847060988
inspected_2024Q1,log_lightgbm,commodity_adaptive,market,Unnao APMC,340,0.9794117647058823,0.02941176470588236,35.587735491484125,37.481652743287114
inspected_2024Q1,log_lightgbm,commodity_adaptive,month,2024-01,1719,0.9435718440954043,-0.006428155904595667,207.39716277989982,517.0377836465685
inspected_2024Q1,log_lightgbm,commodity_adaptive,month,2024-02,1629,0.9662369551872314,0.01623695518723145,209.27309135125643,321.17987861980214
inspected_2024Q1,log_lightgbm,commodity_adaptive,month,2024-03,1617,0.9319727891156463,-0.01802721088435366,165.81847505427137,276.1984110551702
inspected_2024Q1,log_lightgbm,commodity_fixed,overall,all,4965,0.919436052366566,-0.030563947633433952,148.8215296353397,392.92443873299845
inspected_2024Q1,log_lightgbm,commodity_fixed,commodity,Onion,1288,0.9316770186335404,-0.0183229813664596,60.55503413838097,99.19663151315632
inspected_2024Q1,log_lightgbm,commodity_fixed,commodity,Potato,1289,0.9371605896043445,-0.012839410395655504,160.76211516919497,228.07212974999453
inspected_2024Q1,log_lightgbm,commodity_fixed,commodity,Rice,1193,0.8994132439228835,-0.05058675607711649,169.50481336938068,545.552409765188
inspected_2024Q1,log_lightgbm,commodity_fixed,commodity,Wheat,1195,0.907112970711297,-0.042887029288702916,210.42878817277276,734.9586416927027
inspected_2024Q1,log_lightgbm,commodity_fixed,market,Achalda APMC,298,0.8691275167785235,-0.08087248322147644,35.484080788821196,110.6467329533718
inspected_2024Q1,log_lightgbm,commodity_fixed,market,Auraiya APMC,310,0.8870967741935484,-0.06290322580645158,42.5167531623247,85.81292977865195
inspected_2024Q1,log_lightgbm,commodity_fixed,market,Bahraich APMC,307,0.9413680781758957,-0.008631921824104216,344.09541461560053,799.860385198391
inspected_2024Q1,log_lightgbm,commodity_fixed,market,Basti APMC,296,0.9831081081081081,0.03310810810810816,91.9667021395572,103.76250941753626
inspected_2024Q1,log_lightgbm,commodity_fixed,market,Bindki APMC,304,0.8355263157894737,-0.11447368421052628,150.7796064074179,958.375137668991
inspected_2024Q1,log_lightgbm,commodity_fixed,market,Chandoli APMC,285,0.9719298245614035,0.021929824561403577,38.366199849578315,56.644728415976466
inspected_2024Q1,log_lightgbm,commodity_fixed,market,Fatehpur APMC,318,0.7547169811320755,-0.19528301886792443,29.705940370457544,242.22184586555636
inspected_2024Q1,log_lightgbm,commodity_fixed,market,Gazipur APMC,294,0.9693877551020408,0.019387755102040827,53.53179695788255,64.60444777813731
inspected_2024Q1,log_lightgbm,commodity_fixed,market,Ghaziabad APMC,319,0.9404388714733543,-0.009561128526645701,517.6171239203377,2046.0048431395178
inspected_2024Q1,log_lightgbm,commodity_fixed,market,Kayamganj APMC,304,0.8519736842105263,-0.09802631578947363,124.52673987551138,255.98295581682908
inspected_2024Q1,log_lightgbm,commodity_fixed,market,Lakhimpur APMC,322,0.9751552795031055,0.025155279503105588,131.03695173836357,154.42713946596112
inspected_2024Q1,log_lightgbm,commodity_fixed,market,Lucknow APMC,314,0.9745222929936306,0.024522292993630623,363.85762163977677,427.40424156374644
inspected_2024Q1,log_lightgbm,commodity_fixed,market,Muradabad APMC,307,0.9576547231270358,0.007654723127035856,99.62427679206507,109.81842187045976
inspected_2024Q1,log_lightgbm,commodity_fixed,market,Muzzafarnagar APMC,327,0.8532110091743119,-0.09678899082568804,140.84458491309175,602.325271729713
inspected_2024Q1,log_lightgbm,commodity_fixed,market,Saharanpur APMC,320,0.99375,0.04375000000000007,171.8753926642625,175.38480374774954
inspected_2024Q1,log_lightgbm,commodity_fixed,market,Unnao APMC,340,0.9558823529411765,0.005882352941176561,27.25489209903235,30.26949316000741
inspected_2024Q1,log_lightgbm,commodity_fixed,month,2024-01,1719,0.8999418266433973,-0.050058173356602675,154.99719606985818,558.076212996529
inspected_2024Q1,log_lightgbm,commodity_fixed,month,2024-02,1629,0.943523634131369,-0.006476365868630984,156.16774001875143,316.63143591941196
inspected_2024Q1,log_lightgbm,commodity_fixed,month,2024-03,1617,0.9158936301793444,-0.03410636982065551,134.85557582240529,294.2141119700568
inspected_2024Q1,log_lightgbm,pooled_fixed,overall,all,4965,0.9202416918429003,-0.029758308157099678,148.77174738671337,391.39625162435834
inspected_2024Q1,log_lightgbm,pooled_fixed,commodity,Onion,1288,0.9277950310559007,-0.02220496894409929,58.20034756803803,98.35391007561523
inspected_2024Q1,log_lightgbm,pooled_fixed,commodity,Potato,1289,0.9387121799844841,-0.01128782001551587,165.9224058186354,229.16570811850016
inspected_2024Q1,log_lightgbm,pooled_fixed,commodity,Rice,1193,0.9103101424979044,-0.03968985750209553,179.8939736138008,531.6675329603813
inspected_2024Q1,log_lightgbm,pooled_fixed,commodity,Wheat,1195,0.902092050209205,-0.047907949790794935,196.82191337733335,742.1996556912678
inspected_2024Q1,log_lightgbm,pooled_fixed,market,Achalda APMC,298,0.8758389261744967,-0.0741610738255033,35.65742003358909,110.8372997096466
inspected_2024Q1,log_lightgbm,pooled_fixed,market,Auraiya APMC,310,0.8903225806451613,-0.05967741935483861,43.00504870209599,85.72520579320323
inspected_2024Q1,log_lightgbm,pooled_fixed,market,Bahraich APMC,307,0.9478827361563518,-0.002117263843648187,354.6206367459979,788.3483672495489
inspected_2024Q1,log_lightgbm,pooled_fixed,market,Basti APMC,296,0.9797297297297297,0.02972972972972976,92.36724798278003,105.16349729945547
inspected_2024Q1,log_lightgbm,pooled_fixed,market,Bindki APMC,304,0.8322368421052632,-0.11776315789473679,149.59195137741509,953.4535046435949
inspected_2024Q1,log_lightgbm,pooled_fixed,market,Chandoli APMC,285,0.9649122807017544,0.014912280701754432,39.056399984003264,57.24709735860643
inspected_2024Q1,log_lightgbm,pooled_fixed,market,Fatehpur APMC,318,0.7610062893081762,-0.1889937106918238,29.72319591707026,245.38613027692745
inspected_2024Q1,log_lightgbm,pooled_fixed,market,Gazipur APMC,294,0.9693877551020408,0.019387755102040827,54.66699270633526,65.2783600029395
inspected_2024Q1,log_lightgbm,pooled_fixed,market,Ghaziabad APMC,319,0.9435736677115988,-0.006426332288401171,501.0290930766571,2039.37228158345
inspected_2024Q1,log_lightgbm,pooled_fixed,market,Kayamganj APMC,304,0.8421052631578947,-0.10789473684210527,128.29756809982428,253.8576290291381
inspected_2024Q1,log_lightgbm,pooled_fixed,market,Lakhimpur APMC,322,0.9751552795031055,0.025155279503105588,131.8186817882306,157.26464286998478
inspected_2024Q1,log_lightgbm,pooled_fixed,market,Lucknow APMC,314,0.9745222929936306,0.024522292993630623,365.4273474973918,426.60640735726383
inspected_2024Q1,log_lightgbm,pooled_fixed,market,Muradabad APMC,307,0.9674267100977199,0.0174267100977199,99.84175242481145,110.49995608217964
inspected_2024Q1,log_lightgbm,pooled_fixed,market,Muzzafarnagar APMC,327,0.8501529051987767,-0.09984709480122322,141.53320888228578,598.0476575577449
inspected_2024Q1,log_lightgbm,pooled_fixed,market,Saharanpur APMC,320,0.99375,0.04375000000000007,169.1862201438699,172.14833088428577
inspected_2024Q1,log_lightgbm,pooled_fixed,market,Unnao APMC,340,0.9588235294117647,0.008823529411764786,27.238227833022794,30.112236604884927
inspected_2024Q1,log_lightgbm,pooled_fixed,month,2024-01,1719,0.9028504944735312,-0.04714950552646879,155.05519361051103,556.8053182389053
inspected_2024Q1,log_lightgbm,pooled_fixed,month,2024-02,1629,0.943523634131369,-0.006476365868630984,155.9291605615494,316.5880343440346
inspected_2024Q1,log_lightgbm,pooled_fixed,month,2024-03,1617,0.9152752009894867,-0.034724799010513285,134.88141336042008,290.91659821634425
inspected_2024Q1,prespecified_log_full,commodity_adaptive,overall,all,4965,0.9464249748237664,-0.003575025176233537,198.17077836775553,375.9032320012927
inspected_2024Q1,prespecified_log_full,commodity_adaptive,commodity,Onion,1288,0.9472049689440993,-0.002795031055900621,73.27149801928552,104.41912565792877
inspected_2024Q1,prespecified_log_full,commodity_adaptive,commodity,Potato,1289,0.948021722265322,-0.001978277734677958,181.4040904072958,232.34226598975533
inspected_2024Q1,prespecified_log_full,commodity_adaptive,commodity,Rice,1193,0.942162615255658,-0.007837384744341924,250.34144095723894,489.2146048153836
inspected_2024Q1,prespecified_log_full,commodity_adaptive,commodity,Wheat,1195,0.9481171548117154,-0.001882845188284521,298.7924799582227,710.2472875593794
inspected_2024Q1,prespecified_log_full,commodity_adaptive,market,Achalda APMC,298,0.9328859060402684,-0.017114093959731513,45.47256779070367,97.2782321918875
inspected_2024Q1,prespecified_log_full,commodity_adaptive,market,Auraiya APMC,310,0.9290322580645162,-0.020967741935483786,53.218005616872276,81.51729077251687
inspected_2024Q1,prespecified_log_full,commodity_adaptive,market,Bahraich APMC,307,0.9739413680781759,0.02394136807817593,486.6150277967241,728.322827571844
inspected_2024Q1,prespecified_log_full,commodity_adaptive,market,Basti APMC,296,0.9966216216216216,0.046621621621621645,120.15297384001086,121.94900490850732
inspected_2024Q1,prespecified_log_full,commodity_adaptive,market,Bindki APMC,304,0.8848684210526315,-0.06513157894736843,209.513356894651,750.0187927628126
inspected_2024Q1,prespecified_log_full,commodity_adaptive,market,Chandoli APMC,285,0.968421052631579,0.018421052631579005,50.501133063224934,67.59239162908828
inspected_2024Q1,prespecified_log_full,commodity_adaptive,market,Fatehpur APMC,318,0.7955974842767296,-0.15440251572327035,39.13761310029858,206.56656852031728
inspected_2024Q1,prespecified_log_full,commodity_adaptive,market,Gazipur APMC,294,0.9829931972789115,0.03299319727891159,71.77341739825665,75.88335267341786
inspected_2024Q1,prespecified_log_full,commodity_adaptive,market,Ghaziabad APMC,319,0.9623824451410659,0.012382445141065901,712.3923857458752,2006.7730936348917
inspected_2024Q1,prespecified_log_full,commodity_adaptive,market,Kayamganj APMC,304,0.9144736842105263,-0.03552631578947363,143.8198608928119,225.37687881387237
inspected_2024Q1,prespecified_log_full,commodity_adaptive,market,Lakhimpur APMC,322,0.984472049689441,0.034472049689441064,165.4772246299673,176.82316232273624
inspected_2024Q1,prespecified_log_full,commodity_adaptive,market,Lucknow APMC,314,0.9808917197452229,0.03089171974522298,468.6645809550618,523.3864793291215
inspected_2024Q1,prespecified_log_full,commodity_adaptive,market,Muradabad APMC,307,0.9869706840390879,0.036970684039087987,124.76725029655776,131.82538464127097
inspected_2024Q1,prespecified_log_full,commodity_adaptive,market,Muzzafarnagar APMC,327,0.8807339449541285,-0.06926605504587147,196.16363145229212,497.83697038458035
inspected_2024Q1,prespecified_log_full,commodity_adaptive,market,Saharanpur APMC,320,0.996875,0.046875,222.17602501718466,222.2389283325014
inspected_2024Q1,prespecified_log_full,commodity_adaptive,market,Unnao APMC,340,0.9764705882352941,0.026470588235294135,36.227205636186696,37.66382551002591
inspected_2024Q1,prespecified_log_full,commodity_adaptive,month,2024-01,1719,0.9389179755671903,-0.0110820244328097,207.15110066574962,517.23389297007
inspected_2024Q1,prespecified_log_full,commodity_adaptive,month,2024-02,1629,0.9668508287292817,0.016850828729281786,215.09671927543025,323.41205672785884
inspected_2024Q1,prespecified_log_full,commodity_adaptive,month,2024-03,1617,0.9338280766852195,-0.016171923314780456,171.5724284797816,278.5381845771093
inspected_2024Q1,prespecified_log_full,commodity_fixed,overall,all,4965,0.9192346424974823,-0.030765357502517632,150.12429165457576,392.83096259043634
inspected_2024Q1,prespecified_log_full,commodity_fixed,commodity,Onion,1288,0.9332298136645962,-0.016770186335403725,62.667770915620956,99.07510528625751
inspected_2024Q1,prespecified_log_full,commodity_fixed,commodity,Potato,1289,0.9317300232738557,-0.018269976726144277,162.7446023662265,230.2233513542359
inspected_2024Q1,prespecified_log_full,commodity_fixed,commodity,Rice,1193,0.9027661357921207,-0.04723386420787923,172.99826161706244,544.7082999677439
inspected_2024Q1,prespecified_log_full,commodity_fixed,commodity,Wheat,1195,0.907112970711297,-0.042887029288702916,207.93832683383036,733.2235078625004
inspected_2024Q1,prespecified_log_full,commodity_fixed,market,Achalda APMC,298,0.8758389261744967,-0.0741610738255033,35.75747613592873,113.19125721615549
inspected_2024Q1,prespecified_log_full,commodity_fixed,market,Auraiya APMC,310,0.8935483870967742,-0.056451612903225756,42.887684834691086,85.9799626091062
inspected_2024Q1,prespecified_log_full,commodity_fixed,market,Bahraich APMC,307,0.9381107491856677,-0.01188925081433223,349.2975166268753,793.2282571647594
inspected_2024Q1,prespecified_log_full,commodity_fixed,market,Basti APMC,296,0.9864864864864865,0.03648648648648656,92.93225971028069,102.06466415078481
inspected_2024Q1,prespecified_log_full,commodity_fixed,market,Bindki APMC,304,0.8289473684210527,-0.1210526315789473,150.55588424744934,971.1172822926142
inspected_2024Q1,prespecified_log_full,commodity_fixed,market,Chandoli APMC,285,0.9614035087719298,0.01140350877192986,38.84150726526354,59.41390583683427
inspected_2024Q1,prespecified_log_full,commodity_fixed,market,Fatehpur APMC,318,0.7484276729559748,-0.20157232704402517,29.88697466941556,239.3843865434988
inspected_2024Q1,prespecified_log_full,commodity_fixed,market,Gazipur APMC,294,0.9693877551020408,0.019387755102040827,54.4509726666273,64.201617579131
inspected_2024Q1,prespecified_log_full,commodity_fixed,market,Ghaziabad APMC,319,0.9435736677115988,-0.006426332288401171,517.7094655354138,2025.3867368597496
inspected_2024Q1,prespecified_log_full,commodity_fixed,market,Kayamganj APMC,304,0.8453947368421053,-0.10460526315789465,126.05866241778536,264.00609873665036
inspected_2024Q1,prespecified_log_full,commodity_fixed,market,Lakhimpur APMC,322,0.9751552795031055,0.025155279503105588,133.0440230661565,155.71681163036985
inspected_2024Q1,prespecified_log_full,commodity_fixed,market,Lucknow APMC,314,0.9713375796178344,0.021337579617834446,368.3667451689264,431.78016211141744
inspected_2024Q1,prespecified_log_full,commodity_fixed,market,Muradabad APMC,307,0.9609120521172638,0.01091205211726387,101.35488253048047,111.66228145741898
inspected_2024Q1,prespecified_log_full,commodity_fixed,market,Muzzafarnagar APMC,327,0.8593272171253823,-0.09067278287461766,141.63338789974742,599.6118485503035
inspected_2024Q1,prespecified_log_full,commodity_fixed,market,Saharanpur APMC,320,0.990625,0.04062500000000002,173.66067356083028,176.38256193480584
inspected_2024Q1,prespecified_log_full,commodity_fixed,market,Unnao APMC,340,0.961764705882353,0.01176470588235301,27.47788381657893,30.19053285245631
inspected_2024Q1,prespecified_log_full,commodity_fixed,month,2024-01,1719,0.9016870273414777,-0.0483129726585223,156.39217490203907,561.8718072671401
inspected_2024Q1,prespecified_log_full,commodity_fixed,month,2024-02,1629,0.939840392879067,-0.010159607120933,157.5031329532426,314.15274572573696
inspected_2024Q1,prespecified_log_full,commodity_fixed,month,2024-03,1617,0.91713048855906,-0.03286951144093997,136.02743093848557,292.3891588015318
inspected_2024Q1,prespecified_log_full,pooled_fixed,overall,all,4965,0.9208459214501511,-0.02915407854984886,151.49082440382554,390.6669307901771
inspected_2024Q1,prespecified_log_full,pooled_fixed,commodity,Onion,1288,0.9270186335403726,-0.02298136645962734,59.274064398516245,97.76228912885307
inspected_2024Q1,prespecified_log_full,pooled_fixed,commodity,Potato,1289,0.9387121799844841,-0.01128782001551587,169.0196669158335,231.28599548535826
inspected_2024Q1,prespecified_log_full,pooled_fixed,commodity,Rice,1193,0.914501257334451,-0.03549874266554898,183.0461846433213,531.9555409645169
inspected_2024Q1,prespecified_log_full,pooled_fixed,commodity,Wheat,1195,0.901255230125523,-0.048744769874476956,200.4740579796762,737.2325308987206
inspected_2024Q1,prespecified_log_full,pooled_fixed,market,Achalda APMC,298,0.8758389261744967,-0.0741610738255033,36.3059556729843,112.51609221835693
inspected_2024Q1,prespecified_log_full,pooled_fixed,market,Auraiya APMC,310,0.8870967741935484,-0.06290322580645158,43.77674445616021,85.5726309412856
inspected_2024Q1,prespecified_log_full,pooled_fixed,market,Bahraich APMC,307,0.9446254071661238,-0.005374592833876202,361.2663694620776,779.046252507521
inspected_2024Q1,prespecified_log_full,pooled_fixed,market,Basti APMC,296,0.9831081081081081,0.03310810810810816,94.05472807464098,103.65197416941919
inspected_2024Q1,prespecified_log_full,pooled_fixed,market,Bindki APMC,304,0.8256578947368421,-0.12434210526315781,151.46526454810746,958.6197895402101
inspected_2024Q1,prespecified_log_full,pooled_fixed,market,Chandoli APMC,285,0.9578947368421052,0.007894736842105288,39.79221121385642,60.1750480100487
inspected_2024Q1,prespecified_log_full,pooled_fixed,market,Fatehpur APMC,318,0.7610062893081762,-0.1889937106918238,30.216619556100714,240.15748399763729
inspected_2024Q1,prespecified_log_full,pooled_fixed,market,Gazipur APMC,294,0.9761904761904762,0.02619047619047621,55.70370492910361,64.93777855356348
inspected_2024Q1,prespecified_log_full,pooled_fixed,market,Ghaziabad APMC,319,0.9435736677115988,-0.006426332288401171,510.93700975491396,2019.9084332942025
inspected_2024Q1,prespecified_log_full,pooled_fixed,market,Kayamganj APMC,304,0.8486842105263158,-0.10131578947368414,130.64008283256527,261.6381745621954
inspected_2024Q1,prespecified_log_full,pooled_fixed,market,Lakhimpur APMC,322,0.9751552795031055,0.025155279503105588,134.3920915505432,157.76421815105581
inspected_2024Q1,prespecified_log_full,pooled_fixed,market,Lucknow APMC,314,0.9745222929936306,0.024522292993630623,372.1920648438797,432.29866545029955
inspected_2024Q1,prespecified_log_full,pooled_fixed,market,Muradabad APMC,307,0.9674267100977199,0.0174267100977199,101.72312852162817,112.80794720383781
inspected_2024Q1,prespecified_log_full,pooled_fixed,market,Muzzafarnagar APMC,327,0.8623853211009175,-0.08761467889908248,143.61782560494208,594.8656926896392
inspected_2024Q1,prespecified_log_full,pooled_fixed,market,Saharanpur APMC,320,0.99375,0.04375000000000007,172.39469044128214,174.4941978764478
inspected_2024Q1,prespecified_log_full,pooled_fixed,market,Unnao APMC,340,0.9588235294117647,0.008823529411764786,27.75477725934182,30.299428858746563
inspected_2024Q1,prespecified_log_full,pooled_fixed,month,2024-01,1719,0.9040139616055847,-0.045986038394415285,157.86342284679367,557.6566042935805
inspected_2024Q1,prespecified_log_full,pooled_fixed,month,2024-02,1629,0.943523634131369,-0.006476365868630984,158.8223964575892,314.91489738834866
inspected_2024Q1,prespecified_log_full,pooled_fixed,month,2024-03,1617,0.9158936301793444,-0.03410636982065551,137.33026311808445,289.4577864854327
inspected_2024Q1,random_forest,commodity_adaptive,overall,all,4965,0.9482376636455186,-0.0017623363544813087,210.06374747280407,388.85693265239325
inspected_2024Q1,random_forest,commodity_adaptive,commodity,Onion,1288,0.9487577639751553,-0.001242236024844634,90.58921184601287,124.32884576971945
inspected_2024Q1,random_forest,commodity_adaptive,commodity,Potato,1289,0.9456943366951125,-0.004305663304887464,183.52409610170045,239.8180750324763
inspected_2024Q1,random_forest,commodity_adaptive,commodity,Rice,1193,0.942162615255658,-0.007837384744341924,261.9784410611412,511.29647902287746
inspected_2024Q1,random_forest,commodity_adaptive,commodity,Wheat,1195,0.9564853556485355,0.0064853556485355845,315.6357835010663,712.4995138716146
inspected_2024Q1,random_forest,commodity_adaptive,market,Achalda APMC,298,0.9328859060402684,-0.017114093959731513,47.96302711495564,110.83828864183432
inspected_2024Q1,random_forest,commodity_adaptive,market,Auraiya APMC,310,0.9387096774193548,-0.011290322580645107,55.43232433209463,81.32929790041241
inspected_2024Q1,random_forest,commodity_adaptive,market,Bahraich APMC,307,0.9706840390879479,0.020684039087947914,511.68815017318957,756.8143999065236
inspected_2024Q1,random_forest,commodity_adaptive,market,Basti APMC,296,0.9932432432432432,0.043243243243243246,128.02450883523665,134.6508711027321
inspected_2024Q1,random_forest,commodity_adaptive,market,Bindki APMC,304,0.8881578947368421,-0.06184210526315781,225.18721099614532,715.1823902502491
inspected_2024Q1,random_forest,commodity_adaptive,market,Chandoli APMC,285,0.9789473684210527,0.02894736842105272,52.96070495129221,100.41072689045448
inspected_2024Q1,random_forest,commodity_adaptive,market,Fatehpur APMC,318,0.7295597484276729,-0.22044025157232705,41.578836671465965,254.37318235394082
inspected_2024Q1,random_forest,commodity_adaptive,market,Gazipur APMC,294,0.9965986394557823,0.046598639455782354,76.39035885950959,77.71330987825931
inspected_2024Q1,random_forest,commodity_adaptive,market,Ghaziabad APMC,319,0.9717868338557993,0.02178683385579938,752.3298000909401,2027.0121934516246
inspected_2024Q1,random_forest,commodity_adaptive,market,Kayamganj APMC,304,0.9342105263157895,-0.015789473684210464,147.40807876152826,192.50287756184943
inspected_2024Q1,random_forest,commodity_adaptive,market,Lakhimpur APMC,322,0.9937888198757764,0.04378881987577643,176.9920461179674,182.05387362401993
inspected_2024Q1,random_forest,commodity_adaptive,market,Lucknow APMC,314,0.9904458598726115,0.04044585987261151,498.661280536672,546.2111700965365
inspected_2024Q1,random_forest,commodity_adaptive,market,Muradabad APMC,307,0.9869706840390879,0.036970684039087987,135.29702609114742,146.0363416078221
inspected_2024Q1,random_forest,commodity_adaptive,market,Muzzafarnagar APMC,327,0.8960244648318043,-0.05397553516819564,206.38001268463597,546.5430861540898
inspected_2024Q1,random_forest,commodity_adaptive,market,Saharanpur APMC,320,0.996875,0.046875,240.73265517438307,243.83199390552008
inspected_2024Q1,random_forest,commodity_adaptive,market,Unnao APMC,340,0.9794117647058823,0.02941176470588236,37.76821857653687,40.04355129863969
inspected_2024Q1,random_forest,commodity_adaptive,month,2024-01,1719,0.9389179755671903,-0.0110820244328097,222.14539974297784,525.7029503963785
inspected_2024Q1,random_forest,commodity_adaptive,month,2024-02,1629,0.9650092081031307,0.015009208103130778,229.80568749597404,339.3175680570779
inspected_2024Q1,random_forest,commodity_adaptive,month,2024-03,1617,0.9412492269635127,-0.008750773036487303,177.3315393403534,293.28570224043176
inspected_2024Q1,random_forest,commodity_fixed,overall,all,4965,0.9246727089627391,-0.025327291037260835,165.12573339303452,403.12590233268025
inspected_2024Q1,random_forest,commodity_fixed,commodity,Onion,1288,0.9285714285714286,-0.021428571428571352,70.44273552931733,112.38987341167385
inspected_2024Q1,random_forest,commodity_fixed,commodity,Potato,1289,0.9371605896043445,-0.012839410395655504,171.50095796024937,234.73370604527625
inspected_2024Q1,random_forest,commodity_fixed,commodity,Rice,1193,0.911986588432523,-0.03801341156747695,193.8522687592982,577.2228216510007
inspected_2024Q1,random_forest,commodity_fixed,commodity,Wheat,1195,0.9196652719665271,-0.030334728033472813,231.62220208707234,724.320815736834
inspected_2024Q1,random_forest,commodity_fixed,market,Achalda APMC,298,0.9060402684563759,-0.04395973154362409,38.75112154766389,119.95773035183821
inspected_2024Q1,random_forest,commodity_fixed,market,Auraiya APMC,310,0.9,-0.04999999999999993,46.50181331546693,87.20294065161421
inspected_2024Q1,random_forest,commodity_fixed,market,Bahraich APMC,307,0.9478827361563518,-0.002117263843648187,388.4891799667203,889.0105074650858
inspected_2024Q1,random_forest,commodity_fixed,market,Basti APMC,296,0.9831081081081081,0.03310810810810816,102.09846480247211,116.4442305415731
inspected_2024Q1,random_forest,commodity_fixed,market,Bindki APMC,304,0.8388157894736842,-0.11118421052631577,168.35306391043932,917.9876603618012
inspected_2024Q1,random_forest,commodity_fixed,market,Chandoli APMC,285,0.9649122807017544,0.014912280701754432,42.39292256806029,93.01908835825937
inspected_2024Q1,random_forest,commodity_fixed,market,Fatehpur APMC,318,0.6635220125786163,-0.28647798742138364,32.99884110641779,292.28146826399046
inspected_2024Q1,random_forest,commodity_fixed,market,Gazipur APMC,294,0.9795918367346939,0.0295918367346939,59.98594232364056,65.22263145986727
inspected_2024Q1,random_forest,commodity_fixed,market,Ghaziabad APMC,319,0.9467084639498433,-0.0032915360501566404,572.4927274090504,2008.7342899070127
inspected_2024Q1,random_forest,commodity_fixed,market,Kayamganj APMC,304,0.8914473684210527,-0.0585526315789473,133.750524714572,210.98176041005664
inspected_2024Q1,random_forest,commodity_fixed,market,Lakhimpur APMC,322,0.9875776397515528,0.037577639751552816,144.98415216105,153.22393539451127
inspected_2024Q1,random_forest,commodity_fixed,market,Lucknow APMC,314,0.9840764331210191,0.034076433121019156,403.18528243358327,446.69659849856004
inspected_2024Q1,random_forest,commodity_fixed,market,Muradabad APMC,307,0.9706840390879479,0.020684039087947914,110.66723278648988,121.97977165001318
inspected_2024Q1,random_forest,commodity_fixed,market,Muzzafarnagar APMC,327,0.8685015290519877,-0.08149847094801221,156.98384287787738,637.7212566276156
inspected_2024Q1,random_forest,commodity_fixed,market,Saharanpur APMC,320,0.990625,0.04062500000000002,190.40552759264716,195.035942634079
inspected_2024Q1,random_forest,commodity_fixed,market,Unnao APMC,340,0.9764705882352941,0.026470588235294135,29.997035551633534,31.549256136224866
inspected_2024Q1,random_forest,commodity_fixed,month,2024-01,1719,0.9121582315299592,-0.037841768470040726,171.958812075089,563.4703915201304
inspected_2024Q1,random_forest,commodity_fixed,month,2024-02,1629,0.941682013505218,-0.008317986494781993,173.3110400852765,335.8354193067099
inspected_2024Q1,random_forest,commodity_fixed,month,2024-03,1617,0.9208410636982065,-0.029158936301793448,149.61557454571613,300.4567742783072
inspected_2024Q1,random_forest,pooled_fixed,overall,all,4965,0.9248741188318228,-0.025125881168177155,167.09573340989525,402.73073705359354
inspected_2024Q1,random_forest,pooled_fixed,commodity,Onion,1288,0.9184782608695652,-0.03152173913043477,65.34011269700414,110.36577090354066
inspected_2024Q1,random_forest,pooled_fixed,commodity,Potato,1289,0.9511249030256013,0.0011249030256013093,186.4364048649429,240.30198565458474
inspected_2024Q1,random_forest,pooled_fixed,commodity,Rice,1193,0.9170159262363788,-0.03298407376362111,202.0918063868504,567.2750795281719
inspected_2024Q1,random_forest,pooled_fixed,commodity,Wheat,1195,0.9112970711297071,-0.03870292887029281,220.9708789422298,728.7854118505966
inspected_2024Q1,random_forest,pooled_fixed,market,Achalda APMC,298,0.9060402684563759,-0.04395973154362409,39.988531753560956,120.23173020071245
inspected_2024Q1,random_forest,pooled_fixed,market,Auraiya APMC,310,0.8870967741935484,-0.06290322580645158,48.291840199038724,86.44651262097165
inspected_2024Q1,random_forest,pooled_fixed,market,Bahraich APMC,307,0.9478827361563518,-0.002117263843648187,398.12646586292567,881.3496193417734
inspected_2024Q1,random_forest,pooled_fixed,market,Basti APMC,296,0.9831081081081081,0.03310810810810816,103.66546664673284,118.28718720568843
inspected_2024Q1,random_forest,pooled_fixed,market,Bindki APMC,304,0.8421052631578947,-0.10789473684210527,168.09801851314865,907.4893914435424
inspected_2024Q1,random_forest,pooled_fixed,market,Chandoli APMC,285,0.9614035087719298,0.01140350877192986,43.866973327504546,94.64057929469367
inspected_2024Q1,random_forest,pooled_fixed,market,Fatehpur APMC,318,0.6698113207547169,-0.280188679245283,33.57031144844195,291.72659445682496
inspected_2024Q1,random_forest,pooled_fixed,market,Gazipur APMC,294,0.9795918367346939,0.0295918367346939,61.41140123504526,66.36277654817104
inspected_2024Q1,random_forest,pooled_fixed,market,Ghaziabad APMC,319,0.9529780564263323,0.0029780564263323095,563.2903188724791,2007.9744585478525
inspected_2024Q1,random_forest,pooled_fixed,market,Kayamganj APMC,304,0.9013157894736842,-0.048684210526315774,144.08041387262162,212.67711981791365
inspected_2024Q1,random_forest,pooled_fixed,market,Lakhimpur APMC,322,0.9813664596273292,0.0313664596273292,147.83501391750295,157.3981638701632
inspected_2024Q1,random_forest,pooled_fixed,market,Lucknow APMC,314,0.9808917197452229,0.03089171974522298,410.4911434143277,449.81806585727617
inspected_2024Q1,random_forest,pooled_fixed,market,Muradabad APMC,307,0.9739413680781759,0.02394136807817593,112.16096737729687,121.96671593582336
inspected_2024Q1,random_forest,pooled_fixed,market,Muzzafarnagar APMC,327,0.8623853211009175,-0.08761467889908248,158.58169277120805,638.6088421057664
inspected_2024Q1,random_forest,pooled_fixed,market,Saharanpur APMC,320,0.9875,0.03750000000000009,190.05916247322344,194.1074036295527
inspected_2024Q1,random_forest,pooled_fixed,market,Unnao APMC,340,0.9852941176470589,0.03529411764705892,30.598678573213157,31.49476617230901
inspected_2024Q1,random_forest,pooled_fixed,month,2024-01,1719,0.910413030831879,-0.03958696916812099,174.17952312162694,563.0011584247889
inspected_2024Q1,random_forest,pooled_fixed,month,2024-02,1629,0.9441375076734193,-0.005862492326580648,175.13708074888908,337.0190009667767
inspected_2024Q1,random_forest,pooled_fixed,month,2024-03,1617,0.9208410636982065,-0.029158936301793448,151.46407643420702,298.5498859393944
inspected_2024Q1,rolling_mean,commodity_adaptive,overall,all,4965,0.9490433031218529,-0.0009566968781470342,236.78151736603257,374.849740626484
inspected_2024Q1,rolling_mean,commodity_adaptive,commodity,Onion,1288,0.9518633540372671,0.0018633540372671176,79.96026983880121,105.11709503146753
inspected_2024Q1,rolling_mean,commodity_adaptive,commodity,Potato,1289,0.9441427463149729,-0.005857253685027097,198.85619048716435,244.25778241196414
inspected_2024Q1,rolling_mean,commodity_adaptive,commodity,Rice,1193,0.9513830678960603,0.0013830678960603526,298.8326298381179,481.0545259672143
inspected_2024Q1,rolling_mean,commodity_adaptive,commodity,Wheat,1195,0.9489539748953975,-0.0010460251046024993,384.7685767658127,700.411558830171
inspected_2024Q1,rolling_mean,commodity_adaptive,market,Achalda APMC,298,0.8959731543624161,-0.054026845637583865,54.83640182799171,115.30839023629223
inspected_2024Q1,rolling_mean,commodity_adaptive,market,Auraiya APMC,310,0.9516129032258065,0.001612903225806539,62.03471626443152,76.16648779919339
inspected_2024Q1,rolling_mean,commodity_adaptive,market,Bahraich APMC,307,0.9739413680781759,0.02394136807817593,586.81426048473,763.0420932408241
inspected_2024Q1,rolling_mean,commodity_adaptive,market,Basti APMC,296,0.9932432432432432,0.043243243243243246,144.73736109624897,146.8957128161487
inspected_2024Q1,rolling_mean,commodity_adaptive,market,Bindki APMC,304,0.930921052631579,-0.019078947368420973,271.55774525037714,639.4448495897756
inspected_2024Q1,rolling_mean,commodity_adaptive,market,Chandoli APMC,285,0.9649122807017544,0.014912280701754432,57.652607530345804,68.06426404525669
inspected_2024Q1,rolling_mean,commodity_adaptive,market,Fatehpur APMC,318,0.8364779874213837,-0.11352201257861627,48.670699287589144,161.35868958389378
inspected_2024Q1,rolling_mean,commodity_adaptive,market,Gazipur APMC,294,0.9795918367346939,0.0295918367346939,82.96370082403985,90.1366454769274
inspected_2024Q1,rolling_mean,commodity_adaptive,market,Ghaziabad APMC,319,0.9811912225705329,0.031191222570532973,877.4189797033343,1851.8874936376938
inspected_2024Q1,rolling_mean,commodity_adaptive,market,Kayamganj APMC,304,0.881578947368421,-0.06842105263157894,159.2577043839099,270.85902483142337
inspected_2024Q1,rolling_mean,commodity_adaptive,market,Lakhimpur APMC,322,0.9658385093167702,0.015838509316770222,192.76089730948667,243.32761328660172
inspected_2024Q1,rolling_mean,commodity_adaptive,market,Lucknow APMC,314,0.9968152866242038,0.04681528662420387,540.3213799572618,560.3609881572296
inspected_2024Q1,rolling_mean,commodity_adaptive,market,Muradabad APMC,307,0.9706840390879479,0.020684039087947914,140.78134902741468,159.42460190411356
inspected_2024Q1,rolling_mean,commodity_adaptive,market,Muzzafarnagar APMC,327,0.8960244648318043,-0.05397553516819564,240.99244329285884,485.2063397879166
inspected_2024Q1,rolling_mean,commodity_adaptive,market,Saharanpur APMC,320,0.996875,0.046875,256.13627525791486,257.01944108706056
inspected_2024Q1,rolling_mean,commodity_adaptive,market,Unnao APMC,340,0.9705882352941176,0.020588235294117685,41.682055515674186,48.73078728184198
inspected_2024Q1,rolling_mean,commodity_adaptive,month,2024-01,1719,0.9464805119255381,-0.003519488074461896,256.79252442463945,525.5214567193331
inspected_2024Q1,rolling_mean,commodity_adaptive,month,2024-02,1629,0.9533456108041743,0.0033456108041743926,245.10156513959478,304.67827060012934
inspected_2024Q1,rolling_mean,commodity_adaptive,month,2024-03,1617,0.9474335188620903,-0.002566481137909693,207.12642833889706,285.36590927789035
inspected_2024Q1,rolling_mean,commodity_fixed,overall,all,4965,0.9423967774420947,-0.007603222557905243,213.00467761025905,388.11381760726493
inspected_2024Q1,rolling_mean,commodity_fixed,commodity,Onion,1288,0.9549689440993789,0.00496894409937898,82.19556138779492,106.35891458888145
inspected_2024Q1,rolling_mean,commodity_fixed,commodity,Potato,1289,0.9534522885958107,0.003452288595810704,213.09932601753758,255.75882389441477
inspected_2024Q1,rolling_mean,commodity_fixed,commodity,Rice,1193,0.9304274937133278,-0.019572506286672176,249.23921023253854,494.2978634398463
inspected_2024Q1,rolling_mean,commodity_fixed,commodity,Wheat,1195,0.9288702928870293,-0.021129707112970686,317.7179349150057,728.5559392016348
inspected_2024Q1,rolling_mean,commodity_fixed,market,Achalda APMC,298,0.9328859060402684,-0.017114093959731513,50.20321690579586,96.59860416253223
inspected_2024Q1,rolling_mean,commodity_fixed,market,Auraiya APMC,310,0.9451612903225807,-0.004838709677419284,59.3929400186303,76.71688720738028
inspected_2024Q1,rolling_mean,commodity_fixed,market,Bahraich APMC,307,0.9739413680781759,0.02394136807817593,500.79730364558776,731.851512224117
inspected_2024Q1,rolling_mean,commodity_fixed,market,Basti APMC,296,0.9898648648648649,0.03986486486486496,131.34502591003604,135.25144350534302
inspected_2024Q1,rolling_mean,commodity_fixed,market,Bindki APMC,304,0.9177631578947368,-0.03223684210526312,225.43351625014978,741.930858382186
inspected_2024Q1,rolling_mean,commodity_fixed,market,Chandoli APMC,285,0.9649122807017544,0.014912280701754432,53.95816161159244,65.0789306655531
inspected_2024Q1,rolling_mean,commodity_fixed,market,Fatehpur APMC,318,0.7955974842767296,-0.15440251572327035,43.32012000863492,182.71607050038554
inspected_2024Q1,rolling_mean,commodity_fixed,market,Gazipur APMC,294,0.9659863945578231,0.015986394557823136,75.67786714306543,83.89087858890929
inspected_2024Q1,rolling_mean,commodity_fixed,market,Ghaziabad APMC,319,0.9686520376175548,0.01865203761755485,756.0286450639918,2007.4985980839217
inspected_2024Q1,rolling_mean,commodity_fixed,market,Kayamganj APMC,304,0.8486842105263158,-0.10131578947368414,167.0395887544827,305.6173139558212
inspected_2024Q1,rolling_mean,commodity_fixed,market,Lakhimpur APMC,322,0.9627329192546584,0.01273291925465847,185.080063533774,233.3139181708005
inspected_2024Q1,rolling_mean,commodity_fixed,market,Lucknow APMC,314,0.9904458598726115,0.04044585987261151,510.22008778558217,528.0681681893263
inspected_2024Q1,rolling_mean,commodity_fixed,market,Muradabad APMC,307,0.9576547231270358,0.007654723127035856,137.155559041535,149.3316389230818
inspected_2024Q1,rolling_mean,commodity_fixed,market,Muzzafarnagar APMC,327,0.8929663608562691,-0.05703363914373083,206.65502119907424,519.7769462579595
inspected_2024Q1,rolling_mean,commodity_fixed,market,Saharanpur APMC,320,0.99375,0.04375000000000007,241.0270489436226,242.21742671248657
inspected_2024Q1,rolling_mean,commodity_fixed,market,Unnao APMC,340,0.9794117647058823,0.02941176470588236,38.43627441582019,44.94083848621123
inspected_2024Q1,rolling_mean,commodity_fixed,month,2024-01,1719,0.9307737056428156,-0.01922629435718437,221.91586911269434,536.0370309629969
inspected_2024Q1,rolling_mean,commodity_fixed,month,2024-02,1629,0.960098219766728,0.01009821976672809,223.87378541751778,322.9777436575697
inspected_2024Q1,rolling_mean,commodity_fixed,month,2024-03,1617,0.9369202226345084,-0.013079777365491596,192.5816010421013,296.4790994288791
inspected_2024Q1,rolling_mean,pooled_fixed,overall,all,4965,0.9413897280966768,-0.008610271903323197,210.45963364512914,390.4439403441984
inspected_2024Q1,rolling_mean,pooled_fixed,commodity,Onion,1288,0.9549689440993789,0.00496894409937898,82.19556138779492,106.35891458888145
inspected_2024Q1,rolling_mean,pooled_fixed,commodity,Potato,1289,0.9674166020170675,0.017416602017067517,234.1725247113134,264.62645521138955
inspected_2024Q1,rolling_mean,pooled_fixed,commodity,Rice,1193,0.9321039396479464,-0.0178960603520536,254.44238104303844,493.0092959735849
inspected_2024Q1,rolling_mean,pooled_fixed,commodity,Wheat,1195,0.9079497907949791,-0.042050209205020894,279.21845442958886,729.958402472383
inspected_2024Q1,rolling_mean,pooled_fixed,market,Achalda APMC,298,0.9496644295302014,-0.00033557046979859617,50.62518929795242,94.95882801115047
inspected_2024Q1,rolling_mean,pooled_fixed,market,Auraiya APMC,310,0.9483870967741935,-0.001612903225806428,60.78180298221009,78.16732253143375
inspected_2024Q1,rolling_mean,pooled_fixed,market,Bahraich APMC,307,0.9674267100977199,0.0174267100977199,500.2149268721624,741.1399896707817
inspected_2024Q1,rolling_mean,pooled_fixed,market,Basti APMC,296,0.9864864864864865,0.03648648648648656,130.70906407223765,133.23624534053656
inspected_2024Q1,rolling_mean,pooled_fixed,market,Bindki APMC,304,0.9111842105263158,-0.03881578947368414,213.85591703739604,735.1794817852779
inspected_2024Q1,rolling_mean,pooled_fixed,market,Chandoli APMC,285,0.9649122807017544,0.014912280701754432,55.094107934179256,66.02343772217647
inspected_2024Q1,rolling_mean,pooled_fixed,market,Fatehpur APMC,318,0.789308176100629,-0.16069182389937098,42.72723026174739,189.51492306077117
inspected_2024Q1,rolling_mean,pooled_fixed,market,Gazipur APMC,294,0.9761904761904762,0.02619047619047621,77.09656913316608,83.26976610074028
inspected_2024Q1,rolling_mean,pooled_fixed,market,Ghaziabad APMC,319,0.9655172413793104,0.015517241379310431,707.1610505153658,1998.156197166236
inspected_2024Q1,rolling_mean,pooled_fixed,market,Kayamganj APMC,304,0.8453947368421053,-0.10460526315789465,181.10741251564787,301.45785061031233
inspected_2024Q1,rolling_mean,pooled_fixed,market,Lakhimpur APMC,322,0.953416149068323,0.0034161490683229934,187.89427252256326,252.29411901971346
inspected_2024Q1,rolling_mean,pooled_fixed,market,Lucknow APMC,314,0.9904458598726115,0.04044585987261151,515.7504322747506,524.0745252116494
inspected_2024Q1,rolling_mean,pooled_fixed,market,Muradabad APMC,307,0.9543973941368078,0.004397394136807842,140.85992168129783,154.11352218674128
inspected_2024Q1,rolling_mean,pooled_fixed,market,Muzzafarnagar APMC,327,0.8837920489296636,-0.06620795107033639,201.9380799328931,545.82516796896
inspected_2024Q1,rolling_mean,pooled_fixed,market,Saharanpur APMC,320,0.996875,0.046875,238.60242665569768,239.15259112938193
inspected_2024Q1,rolling_mean,pooled_fixed,market,Unnao APMC,340,0.9823529411764705,0.032352941176470584,38.4139278791937,43.58449272267494
inspected_2024Q1,rolling_mean,pooled_fixed,month,2024-01,1719,0.9278650378126818,-0.02213496218731814,219.5902976409867,539.5619464310288
inspected_2024Q1,rolling_mean,pooled_fixed,month,2024-02,1629,0.9594843462246777,0.009484346224677753,220.51847095743892,327.7344801088704
inspected_2024Q1,rolling_mean,pooled_fixed,month,2024-03,1617,0.9375386518243661,-0.012461348175633824,190.6195239415846,295.0944401958296
inspected_2024Q1,selected_lightgbm_bundle,commodity_adaptive,overall,all,4965,0.9470292044310171,-0.0029707955689828314,202.2489382612418,395.8934891741374
inspected_2024Q1,selected_lightgbm_bundle,commodity_adaptive,commodity,Onion,1288,0.9472049689440993,-0.002795031055900621,77.36426956746814,110.25481056051491
inspected_2024Q1,selected_lightgbm_bundle,commodity_adaptive,commodity,Potato,1289,0.9464701318851824,-0.0035298681148175914,184.55807103342207,235.7213780743997
inspected_2024Q1,selected_lightgbm_bundle,commodity_adaptive,commodity,Rice,1193,0.9455155071248952,-0.004484492875104773,250.0012477695193,533.8384160307209
inspected_2024Q1,selected_lightgbm_bundle,commodity_adaptive,commodity,Wheat,1195,0.9489539748953975,-0.0010460251046024993,308.26272561761414,738.8191557197473
inspected_2024Q1,selected_lightgbm_bundle,commodity_adaptive,market,Achalda APMC,298,0.9295302013422819,-0.02046979865771803,47.07886217303004,101.5191562648876
inspected_2024Q1,selected_lightgbm_bundle,commodity_adaptive,market,Auraiya APMC,310,0.932258064516129,-0.01774193548387093,54.17602819130571,80.11320733228513
inspected_2024Q1,selected_lightgbm_bundle,commodity_adaptive,market,Bahraich APMC,307,0.9674267100977199,0.0174267100977199,492.08221330501055,787.8207425079847
inspected_2024Q1,selected_lightgbm_bundle,commodity_adaptive,market,Basti APMC,296,0.9932432432432432,0.043243243243243246,123.36921140693991,125.91777143434834
inspected_2024Q1,selected_lightgbm_bundle,commodity_adaptive,market,Bindki APMC,304,0.875,-0.07499999999999996,214.1804900229007,812.4564208482269
inspected_2024Q1,selected_lightgbm_bundle,commodity_adaptive,market,Chandoli APMC,285,0.9789473684210527,0.02894736842105272,51.30196687026063,64.71683168481124
inspected_2024Q1,selected_lightgbm_bundle,commodity_adaptive,market,Fatehpur APMC,318,0.7830188679245284,-0.1669811320754716,39.94323383564403,230.43724682707435
inspected_2024Q1,selected_lightgbm_bundle,commodity_adaptive,market,Gazipur APMC,294,0.9829931972789115,0.03299319727891159,72.87426282301928,77.76506267787482
inspected_2024Q1,selected_lightgbm_bundle,commodity_adaptive,market,Ghaziabad APMC,319,0.9592476489028213,0.00924764890282137,729.3665347442029,2120.956498739682
inspected_2024Q1,selected_lightgbm_bundle,commodity_adaptive,market,Kayamganj APMC,304,0.9276315789473685,-0.022368421052631482,146.12910944591323,213.021583550082
inspected_2024Q1,selected_lightgbm_bundle,commodity_adaptive,market,Lakhimpur APMC,322,0.9906832298136646,0.04068322981366468,169.44830393437948,179.41476469948714
inspected_2024Q1,selected_lightgbm_bundle,commodity_adaptive,market,Lucknow APMC,314,0.9872611464968153,0.037261146496815334,479.9082613819461,534.6314336077835
inspected_2024Q1,selected_lightgbm_bundle,commodity_adaptive,market,Muradabad APMC,307,0.990228013029316,0.040228013029316,126.78737027227422,133.3246778435876
inspected_2024Q1,selected_lightgbm_bundle,commodity_adaptive,market,Muzzafarnagar APMC,327,0.8868501529051988,-0.0631498470948012,199.12855369614806,537.4650456248689
inspected_2024Q1,selected_lightgbm_bundle,commodity_adaptive,market,Saharanpur APMC,320,0.996875,0.046875,228.01041455706127,228.21098659403248
inspected_2024Q1,selected_lightgbm_bundle,commodity_adaptive,market,Unnao APMC,340,0.9764705882352941,0.026470588235294135,36.910757053437955,38.585147406253014
inspected_2024Q1,selected_lightgbm_bundle,commodity_adaptive,month,2024-01,1719,0.9360093077370564,-0.013990692262943583,215.50626152975255,551.8355154929246
inspected_2024Q1,selected_lightgbm_bundle,commodity_adaptive,month,2024-02,1629,0.9723756906077348,0.02237569060773481,222.12529898412237,334.5202621499531
inspected_2024Q1,selected_lightgbm_bundle,commodity_adaptive,month,2024-03,1617,0.9332096474953617,-0.01679035250463823,168.13147980970035,291.9433615182321
inspected_2024Q1,selected_lightgbm_bundle,commodity_fixed,overall,all,4965,0.9208459214501511,-0.02915407854984886,154.54365677575845,422.193161374058
inspected_2024Q1,selected_lightgbm_bundle,commodity_fixed,commodity,Onion,1288,0.9301242236024845,-0.019875776397515477,64.09092380080416,103.41809713406431
inspected_2024Q1,selected_lightgbm_bundle,commodity_fixed,commodity,Potato,1289,0.9371605896043445,-0.012839410395655504,168.33657746407647,234.00638645841045
inspected_2024Q1,selected_lightgbm_bundle,commodity_fixed,commodity,Rice,1193,0.8985750209555742,-0.05142497904442578,169.0968491419957,598.0918135200878
inspected_2024Q1,selected_lightgbm_bundle,commodity_fixed,commodity,Wheat,1195,0.9154811715481171,-0.03451882845188281,222.62908506996615,793.1621518319389
inspected_2024Q1,selected_lightgbm_bundle,commodity_fixed,market,Achalda APMC,298,0.8825503355704698,-0.06744966442953015,36.962428528244516,115.88904168270882
inspected_2024Q1,selected_lightgbm_bundle,commodity_fixed,market,Auraiya APMC,310,0.9,-0.04999999999999993,44.253565887787985,84.18126178279827
inspected_2024Q1,selected_lightgbm_bundle,commodity_fixed,market,Bahraich APMC,307,0.9413680781758957,-0.008631921824104216,349.9656156006978,883.1704479998086
inspected_2024Q1,selected_lightgbm_bundle,commodity_fixed,market,Basti APMC,296,0.9831081081081081,0.03310810810810816,95.40212251667649,103.49541208189943
inspected_2024Q1,selected_lightgbm_bundle,commodity_fixed,market,Bindki APMC,304,0.8289473684210527,-0.1210526315789473,155.66576011268583,1035.8129647995324
inspected_2024Q1,selected_lightgbm_bundle,commodity_fixed,market,Chandoli APMC,285,0.9754385964912281,0.02543859649122815,39.663306109612606,55.36018830874471
inspected_2024Q1,selected_lightgbm_bundle,commodity_fixed,market,Fatehpur APMC,318,0.720125786163522,-0.229874213836478,30.88889459853611,266.81948546495704
inspected_2024Q1,selected_lightgbm_bundle,commodity_fixed,market,Gazipur APMC,294,0.9727891156462585,0.022789115646258518,55.087682891124516,64.00576893725449
inspected_2024Q1,selected_lightgbm_bundle,commodity_fixed,market,Ghaziabad APMC,319,0.9373040752351097,-0.012695924764890232,542.8159081635953,2269.1406371806484
inspected_2024Q1,selected_lightgbm_bundle,commodity_fixed,market,Kayamganj APMC,304,0.875,-0.07499999999999996,129.86010437678644,252.56868219810502
inspected_2024Q1,selected_lightgbm_bundle,commodity_fixed,market,Lakhimpur APMC,322,0.9813664596273292,0.0313664596273292,136.25521198568367,155.79429137737807
inspected_2024Q1,selected_lightgbm_bundle,commodity_fixed,market,Lucknow APMC,314,0.9777070063694268,0.0277070063694268,378.9154480152768,438.6669826039138
inspected_2024Q1,selected_lightgbm_bundle,commodity_fixed,market,Muradabad APMC,307,0.9609120521172638,0.01091205211726387,104.03127424355101,113.26504655846794
inspected_2024Q1,selected_lightgbm_bundle,commodity_fixed,market,Muzzafarnagar APMC,327,0.8470948012232415,-0.10290519877675841,144.89706275278766,633.2448466842095
inspected_2024Q1,selected_lightgbm_bundle,commodity_fixed,market,Saharanpur APMC,320,0.984375,0.034375000000000044,180.56109108286273,183.34477699422374
inspected_2024Q1,selected_lightgbm_bundle,commodity_fixed,market,Unnao APMC,340,0.9705882352941176,0.020588235294117685,28.425378566097578,30.591658576786337
inspected_2024Q1,selected_lightgbm_bundle,commodity_fixed,month,2024-01,1719,0.9022687609075044,-0.04773123909249555,160.69699986255353,608.4817026299179
inspected_2024Q1,selected_lightgbm_bundle,commodity_fixed,month,2024-02,1629,0.9422958870472683,-0.0077041129527316565,162.35888225923895,342.60606588692417
inspected_2024Q1,selected_lightgbm_bundle,commodity_fixed,month,2024-03,1617,0.9189857761286333,-0.031014223871366653,140.12893873074273,304.33130369299295
inspected_2024Q1,selected_lightgbm_bundle,pooled_fixed,overall,all,4965,0.9204431017119838,-0.02955689828801611,154.71873871582528,419.91364639728414
inspected_2024Q1,selected_lightgbm_bundle,pooled_fixed,commodity,Onion,1288,0.9208074534161491,-0.029192546583850842,60.556017998144384,102.1703242793596
inspected_2024Q1,selected_lightgbm_bundle,pooled_fixed,commodity,Potato,1289,0.9418153607447634,-0.008184639255236603,172.70908589223887,235.0514656235257
inspected_2024Q1,selected_lightgbm_bundle,pooled_fixed,commodity,Rice,1193,0.9161777032690696,-0.0338222967309304,187.18911058866482,574.8197703271164
inspected_2024Q1,selected_lightgbm_bundle,pooled_fixed,commodity,Wheat,1195,0.901255230125523,-0.048744769874476956,204.38808861513763,807.1418841018632
inspected_2024Q1,selected_lightgbm_bundle,pooled_fixed,market,Achalda APMC,298,0.8758389261744967,-0.0741610738255033,37.061875813190596,116.15837315054625
inspected_2024Q1,selected_lightgbm_bundle,pooled_fixed,market,Auraiya APMC,310,0.8903225806451613,-0.05967741935483861,44.715473023643376,83.92720616710561
inspected_2024Q1,selected_lightgbm_bundle,pooled_fixed,market,Bahraich APMC,307,0.9413680781758957,-0.008631921824104216,369.1658641604129,867.8535368720328
inspected_2024Q1,selected_lightgbm_bundle,pooled_fixed,market,Basti APMC,296,0.9831081081081081,0.03310810810810816,96.1900462275798,104.78789525556127
inspected_2024Q1,selected_lightgbm_bundle,pooled_fixed,market,Bindki APMC,304,0.8453947368421053,-0.10460526315789465,155.50713551873952,1012.8305266669947
inspected_2024Q1,selected_lightgbm_bundle,pooled_fixed,market,Chandoli APMC,285,0.968421052631579,0.018421052631579005,40.62883846988633,56.38266271171499
inspected_2024Q1,selected_lightgbm_bundle,pooled_fixed,market,Fatehpur APMC,318,0.7295597484276729,-0.22044025157232705,30.917903631811274,272.2672386352797
inspected_2024Q1,selected_lightgbm_bundle,pooled_fixed,market,Gazipur APMC,294,0.9693877551020408,0.019387755102040827,56.898385151793,65.79526728635038
inspected_2024Q1,selected_lightgbm_bundle,pooled_fixed,market,Ghaziabad APMC,319,0.9373040752351097,-0.012695924764890232,520.7730789828627,2274.274989907361
inspected_2024Q1,selected_lightgbm_bundle,pooled_fixed,market,Kayamganj APMC,304,0.868421052631579,-0.08157894736842097,133.31898570279245,249.96158835635526
inspected_2024Q1,selected_lightgbm_bundle,pooled_fixed,market,Lakhimpur APMC,322,0.9813664596273292,0.0313664596273292,136.91561915648958,159.07450573433567
inspected_2024Q1,selected_lightgbm_bundle,pooled_fixed,market,Lucknow APMC,314,0.9745222929936306,0.024522292993630623,380.48528912249344,439.2913179982092
inspected_2024Q1,selected_lightgbm_bundle,pooled_fixed,market,Muradabad APMC,307,0.9674267100977199,0.0174267100977199,103.79541601112521,113.18303647685119
inspected_2024Q1,selected_lightgbm_bundle,pooled_fixed,market,Muzzafarnagar APMC,327,0.8409785932721713,-0.10902140672782867,146.7471134512953,624.6530875048836
inspected_2024Q1,selected_lightgbm_bundle,pooled_fixed,market,Saharanpur APMC,320,0.99375,0.04375000000000007,176.09204822796778,177.73737335039
inspected_2024Q1,selected_lightgbm_bundle,pooled_fixed,market,Unnao APMC,340,0.9647058823529412,0.014705882352941235,28.344038569620416,30.499477545265385
inspected_2024Q1,selected_lightgbm_bundle,pooled_fixed,month,2024-01,1719,0.9011052937754508,-0.04889470622454917,160.9783638258551,605.3825819897512
inspected_2024Q1,selected_lightgbm_bundle,pooled_fixed,month,2024-02,1629,0.9459791282995703,-0.00402087170042964,162.32639892805364,344.02214355135027
inspected_2024Q1,selected_lightgbm_bundle,pooled_fixed,month,2024-03,1617,0.9152752009894867,-0.034724799010513285,140.40014004553382,299.20007673282885
inspected_2024Q1,weekly_seasonal,commodity_adaptive,overall,all,4965,0.951460221550856,0.0014602215508560112,266.12473577885856,417.74757220313984
inspected_2024Q1,weekly_seasonal,commodity_adaptive,commodity,Onion,1288,0.9549689440993789,0.00496894409937898,102.31696811743555,130.5050878089871
inspected_2024Q1,weekly_seasonal,commodity_adaptive,commodity,Potato,1289,0.948021722265322,-0.001978277734677958,234.5316471855332,276.820301686907
inspected_2024Q1,weekly_seasonal,commodity_adaptive,commodity,Rice,1193,0.9513830678960603,0.0013830678960603526,317.7488540177598,527.9221995281424
inspected_2024Q1,weekly_seasonal,commodity_adaptive,commodity,Wheat,1195,0.9514644351464435,0.0014644351464435656,425.2212402857204,769.3670209030269
inspected_2024Q1,weekly_seasonal,commodity_adaptive,market,Achalda APMC,298,0.8791946308724832,-0.07080536912751678,61.65513317859571,127.12464047599677
inspected_2024Q1,weekly_seasonal,commodity_adaptive,market,Auraiya APMC,310,0.967741935483871,0.01774193548387104,71.71109256639525,83.48081916923536
inspected_2024Q1,weekly_seasonal,commodity_adaptive,market,Bahraich APMC,307,0.9837133550488599,0.03371335504885997,641.1881670986132,751.4353713263164
inspected_2024Q1,weekly_seasonal,commodity_adaptive,market,Basti APMC,296,0.9966216216216216,0.046621621621621645,167.06460381427922,167.22317642667196
inspected_2024Q1,weekly_seasonal,commodity_adaptive,market,Bindki APMC,304,0.9407894736842105,-0.009210526315789447,281.4620585754651,846.8198374538766
inspected_2024Q1,weekly_seasonal,commodity_adaptive,market,Chandoli APMC,285,0.9719298245614035,0.021929824561403577,65.61607470054649,82.18260803512982
inspected_2024Q1,weekly_seasonal,commodity_adaptive,market,Fatehpur APMC,318,0.8113207547169812,-0.13867924528301878,53.98053019537971,184.3533218410741
inspected_2024Q1,weekly_seasonal,commodity_adaptive,market,Gazipur APMC,294,0.9897959183673469,0.03979591836734697,94.22371762341733,100.22569782973619
inspected_2024Q1,weekly_seasonal,commodity_adaptive,market,Ghaziabad APMC,319,0.9811912225705329,0.031191222570532973,966.3312822715898,2023.780582996032
inspected_2024Q1,weekly_seasonal,commodity_adaptive,market,Kayamganj APMC,304,0.875,-0.07499999999999996,185.77954658433254,292.1776453879405
inspected_2024Q1,weekly_seasonal,commodity_adaptive,market,Lakhimpur APMC,322,0.968944099378882,0.018944099378882084,226.23195937673322,283.0850961302346
inspected_2024Q1,weekly_seasonal,commodity_adaptive,market,Lucknow APMC,314,0.9968152866242038,0.04681528662420387,630.3856836475102,633.8880118735527
inspected_2024Q1,weekly_seasonal,commodity_adaptive,market,Muradabad APMC,307,0.990228013029316,0.040228013029316,164.65987021960984,173.42609773656827
inspected_2024Q1,weekly_seasonal,commodity_adaptive,market,Muzzafarnagar APMC,327,0.8990825688073395,-0.050917431192660456,266.502072052297,516.3509237938596
inspected_2024Q1,weekly_seasonal,commodity_adaptive,market,Saharanpur APMC,320,1.0,0.050000000000000044,299.7253611773848,299.7253611773848
inspected_2024Q1,weekly_seasonal,commodity_adaptive,market,Unnao APMC,340,0.9735294117647059,0.02352941176470591,47.48175283744135,54.75549430302935
inspected_2024Q1,weekly_seasonal,commodity_adaptive,month,2024-01,1719,0.9488074461896452,-0.0011925538103547684,285.1757273771698,557.9835152036762
inspected_2024Q1,weekly_seasonal,commodity_adaptive,month,2024-02,1629,0.952731737262124,0.0027317372621240565,280.52963406679663,374.4668687155743
inspected_2024Q1,weekly_seasonal,commodity_adaptive,month,2024-03,1617,0.9529993815708101,0.0029993815708101446,231.36021266905757,312.2674732317869
inspected_2024Q1,weekly_seasonal,commodity_fixed,overall,all,4965,0.9389728096676737,-0.011027190332326242,244.18783744142465,427.03889174189453
inspected_2024Q1,weekly_seasonal,commodity_fixed,commodity,Onion,1288,0.9417701863354038,-0.008229813664596186,92.65597881874768,125.39823807243485
inspected_2024Q1,weekly_seasonal,commodity_fixed,commodity,Potato,1289,0.9425911559348332,-0.007408844065166731,227.087653574005,278.47001416967856
inspected_2024Q1,weekly_seasonal,commodity_fixed,commodity,Rice,1193,0.9329421626152556,-0.017057837384744312,285.8338669204949,525.2182834525623
inspected_2024Q1,weekly_seasonal,commodity_fixed,commodity,Wheat,1195,0.9380753138075314,-0.011924686192468559,384.38152592894005,814.3949007845919
inspected_2024Q1,weekly_seasonal,commodity_fixed,market,Achalda APMC,298,0.8791946308724832,-0.07080536912751678,56.84783926860631,123.11087415927526
inspected_2024Q1,weekly_seasonal,commodity_fixed,market,Auraiya APMC,310,0.9580645161290322,0.008064516129032251,67.20620479275986,82.59146852068663
inspected_2024Q1,weekly_seasonal,commodity_fixed,market,Bahraich APMC,307,0.9804560260586319,0.030456026058631958,580.8900988813128,735.6470079521015
inspected_2024Q1,weekly_seasonal,commodity_fixed,market,Basti APMC,296,0.9932432432432432,0.043243243243243246,152.73348703455923,155.0804624511088
inspected_2024Q1,weekly_seasonal,commodity_fixed,market,Bindki APMC,304,0.9177631578947368,-0.03223684210526312,254.58133993129348,859.2983473529687
inspected_2024Q1,weekly_seasonal,commodity_fixed,market,Chandoli APMC,285,0.9543859649122807,0.004385964912280715,61.343081776619385,79.93609676746918
inspected_2024Q1,weekly_seasonal,commodity_fixed,market,Fatehpur APMC,318,0.7672955974842768,-0.18270440251572317,48.987197281797485,203.36045197024703
inspected_2024Q1,weekly_seasonal,commodity_fixed,market,Gazipur APMC,294,0.9693877551020408,0.019387755102040827,86.38018585771911,95.85342829070356
inspected_2024Q1,weekly_seasonal,commodity_fixed,market,Ghaziabad APMC,319,0.9686520376175548,0.01865203761755485,875.6873836608921,2216.2412683725574
inspected_2024Q1,weekly_seasonal,commodity_fixed,market,Kayamganj APMC,304,0.8453947368421053,-0.10460526315789465,180.15406232897968,325.4616593710091
inspected_2024Q1,weekly_seasonal,commodity_fixed,market,Lakhimpur APMC,322,0.9658385093167702,0.015838509316770222,210.32602938639735,251.53598354788764
inspected_2024Q1,weekly_seasonal,commodity_fixed,market,Lucknow APMC,314,0.9904458598726115,0.04044585987261151,583.4043265945231,601.3558975924401
inspected_2024Q1,weekly_seasonal,commodity_fixed,market,Muradabad APMC,307,0.9804560260586319,0.030456026058631958,153.58828656107178,160.66199424719437
inspected_2024Q1,weekly_seasonal,commodity_fixed,market,Muzzafarnagar APMC,327,0.8868501529051988,-0.0631498470948012,241.09715167420126,542.640012491221
inspected_2024Q1,weekly_seasonal,commodity_fixed,market,Saharanpur APMC,320,0.996875,0.046875,278.61394677059263,279.33675442563134
inspected_2024Q1,weekly_seasonal,commodity_fixed,market,Unnao APMC,340,0.9705882352941176,0.020588235294117685,44.27813494003735,51.342091976384516
inspected_2024Q1,weekly_seasonal,commodity_fixed,month,2024-01,1719,0.9296102385107621,-0.02038976148923788,254.81447576913678,566.7615422026421
inspected_2024Q1,weekly_seasonal,commodity_fixed,month,2024-02,1629,0.9484346224677717,-0.001565377532228296,253.93895200252862,396.9028174585993
inspected_2024Q1,weekly_seasonal,commodity_fixed,month,2024-03,1617,0.9393939393939394,-0.010606060606060508,223.06739408621402,308.8622862165157
inspected_2024Q1,weekly_seasonal,pooled_fixed,overall,all,4965,0.937361530715005,-0.012638469284994902,241.18863466797484,446.13461503125876
inspected_2024Q1,weekly_seasonal,pooled_fixed,commodity,Onion,1288,0.9456521739130435,-0.004347826086956497,94.94150835269416,126.7159254954697
inspected_2024Q1,weekly_seasonal,pooled_fixed,commodity,Potato,1289,0.9705197827773467,0.020519782777346784,270.93891508243166,298.1281854372586
inspected_2024Q1,weekly_seasonal,pooled_fixed,commodity,Rice,1193,0.9362950544844929,-0.01370494551550705,291.2060911165388,524.8465488631072
inspected_2024Q1,weekly_seasonal,pooled_fixed,commodity,Wheat,1195,0.8937238493723849,-0.05627615062761504,316.7931214434642,871.4804081754991
inspected_2024Q1,weekly_seasonal,pooled_fixed,market,Achalda APMC,298,0.889261744966443,-0.06073825503355701,57.927288223304004,114.48027115986218
inspected_2024Q1,weekly_seasonal,pooled_fixed,market,Auraiya APMC,310,0.9483870967741935,-0.001612903225806428,70.17832800770947,85.99138054118481
inspected_2024Q1,weekly_seasonal,pooled_fixed,market,Bahraich APMC,307,0.9609120521172638,0.01091205211726387,576.0573119223955,766.3786821900495
inspected_2024Q1,weekly_seasonal,pooled_fixed,market,Basti APMC,296,0.9966216216216216,0.046621621621621645,151.42529150136136,152.66728378845977
inspected_2024Q1,weekly_seasonal,pooled_fixed,market,Bindki APMC,304,0.9210526315789473,-0.02894736842105261,233.36454220118117,888.5795808283143
inspected_2024Q1,weekly_seasonal,pooled_fixed,market,Chandoli APMC,285,0.9578947368421052,0.007894736842105288,63.753910254866746,81.7416882670328
inspected_2024Q1,weekly_seasonal,pooled_fixed,market,Fatehpur APMC,318,0.7547169811320755,-0.19528301886792443,47.96939675469283,221.31345452200298
inspected_2024Q1,weekly_seasonal,pooled_fixed,market,Gazipur APMC,294,0.9829931972789115,0.03299319727891159,89.19135567749112,93.86818996180519
inspected_2024Q1,weekly_seasonal,pooled_fixed,market,Ghaziabad APMC,319,0.9686520376175548,0.01865203761755485,800.3740327262774,2348.5572002012873
inspected_2024Q1,weekly_seasonal,pooled_fixed,market,Kayamganj APMC,304,0.8388157894736842,-0.11118421052631577,209.2604908213234,318.3216663450249
inspected_2024Q1,weekly_seasonal,pooled_fixed,market,Lakhimpur APMC,322,0.9565217391304348,0.006521739130434856,217.46769947072508,289.2873628364815
inspected_2024Q1,weekly_seasonal,pooled_fixed,market,Lucknow APMC,314,0.9968152866242038,0.04681528662420387,597.4073525867016,601.3368532476798
inspected_2024Q1,weekly_seasonal,pooled_fixed,market,Muradabad APMC,307,0.9641693811074918,0.014169381107491885,163.05684556260732,172.41294341656948
inspected_2024Q1,weekly_seasonal,pooled_fixed,market,Muzzafarnagar APMC,327,0.8776758409785933,-0.07232415902140665,232.32481574161102,600.649536136664
inspected_2024Q1,weekly_seasonal,pooled_fixed,market,Saharanpur APMC,320,1.0,0.050000000000000044,276.63168746480216,276.63168746480216
inspected_2024Q1,weekly_seasonal,pooled_fixed,market,Unnao APMC,340,0.9852941176470589,0.03529411764705892,44.4924841320141,48.892632905456715
inspected_2024Q1,weekly_seasonal,pooled_fixed,month,2024-01,1719,0.9284467713787086,-0.021553228621291387,251.7451033725927,581.2124159129517
inspected_2024Q1,weekly_seasonal,pooled_fixed,month,2024-02,1629,0.9367710251688153,-0.013228974831184681,250.89142718673654,438.4942522585577
inspected_2024Q1,weekly_seasonal,pooled_fixed,month,2024-03,1617,0.9474335188620903,-0.002566481137909693,220.19146786754135,310.23319959594625
later_2024Q2,ablation_without_price,commodity_adaptive,overall,all,4801,0.949593834617788,-0.00040616538221194265,354.3069570427902,481.41409078803144
later_2024Q2,ablation_without_price,commodity_adaptive,commodity,Onion,1253,0.9545091779728652,0.004509177972865208,75.86279786201241,86.7876512106474
later_2024Q2,ablation_without_price,commodity_adaptive,commodity,Potato,1254,0.9545454545454546,0.00454545454545463,155.8139957535067,233.03478731450468
later_2024Q2,ablation_without_price,commodity_adaptive,commodity,Rice,1147,0.941586748038361,-0.008413251961639001,145.57741987414232,298.2018883813159
later_2024Q2,ablation_without_price,commodity_adaptive,commodity,Wheat,1147,0.946817785527463,-0.0031822144725369705,1084.2228106109815,1367.2719560947166
later_2024Q2,ablation_without_price,commodity_adaptive,market,Achalda APMC,302,0.8609271523178808,-0.0890728476821192,58.8807617604526,205.74166723116954
later_2024Q2,ablation_without_price,commodity_adaptive,market,Auraiya APMC,318,0.940251572327044,-0.009748427672955917,309.3665308083837,514.8882923878377
later_2024Q2,ablation_without_price,commodity_adaptive,market,Bahraich APMC,324,0.9876543209876543,0.03765432098765431,982.5324129785614,1065.5247819371855
later_2024Q2,ablation_without_price,commodity_adaptive,market,Basti APMC,296,0.9222972972972973,-0.027702702702702697,289.4455984398187,360.15605817749463
later_2024Q2,ablation_without_price,commodity_adaptive,market,Bindki APMC,293,0.9010238907849829,-0.04897610921501705,572.6235314580983,1308.4284202114354
later_2024Q2,ablation_without_price,commodity_adaptive,market,Chandoli APMC,318,0.9685534591194969,0.018553459119496907,57.21482036256964,85.73942473335683
later_2024Q2,ablation_without_price,commodity_adaptive,market,Fatehpur APMC,287,0.8048780487804879,-0.1451219512195121,174.04794194374713,392.41738148126836
later_2024Q2,ablation_without_price,commodity_adaptive,market,Gazipur APMC,138,0.9855072463768116,0.035507246376811685,100.43010171724035,111.47275376888184
later_2024Q2,ablation_without_price,commodity_adaptive,market,Ghaziabad APMC,318,0.9905660377358491,0.0405660377358491,640.620102978376,700.3549773749346
later_2024Q2,ablation_without_price,commodity_adaptive,market,Kayamganj APMC,317,0.9716088328075709,0.021608832807570977,133.62428415135975,189.31717889779313
later_2024Q2,ablation_without_price,commodity_adaptive,market,Lakhimpur APMC,316,0.9715189873417721,0.021518987341772156,763.0436682123892,943.2169803950071
later_2024Q2,ablation_without_price,commodity_adaptive,market,Lucknow APMC,314,0.9936305732484076,0.04363057324840769,405.36775564685513,436.09185880593037
later_2024Q2,ablation_without_price,commodity_adaptive,market,Muradabad APMC,314,0.9840764331210191,0.034076433121019156,244.3922750166538,263.68772088019887
later_2024Q2,ablation_without_price,commodity_adaptive,market,Muzzafarnagar APMC,301,0.946843853820598,-0.003156146179401964,209.45648940776158,375.46390892207245
later_2024Q2,ablation_without_price,commodity_adaptive,market,Saharanpur APMC,308,0.9902597402597403,0.04025974025974033,404.5792002220506,406.21352925723016
later_2024Q2,ablation_without_price,commodity_adaptive,market,Unnao APMC,337,0.9703264094955489,0.02032640949554898,154.8584493069111,167.00441599629752
later_2024Q2,ablation_without_price,commodity_adaptive,month,2024-04,1577,0.9251743817374762,-0.02482561826252372,258.57322754490497,450.29262038862976
later_2024Q2,ablation_without_price,commodity_adaptive,month,2024-05,1678,0.9678188319427891,0.017818831942789104,503.0713287466186,571.6081280790509
later_2024Q2,ablation_without_price,commodity_adaptive,month,2024-06,1546,0.9547218628719275,0.004721862871927551,290.4941987628038,415.2646498084235
later_2024Q2,ablation_without_price,commodity_fixed,overall,all,4801,0.9083524265777962,-0.04164757342220371,194.97520457486846,512.7939713861108
later_2024Q2,ablation_without_price,commodity_fixed,commodity,Onion,1253,0.9265762170790104,-0.023423782920989566,58.95937953647149,75.13791927466056
later_2024Q2,ablation_without_price,commodity_fixed,commodity,Potato,1254,0.937799043062201,-0.01220095693779899,132.33752494625938,224.6943184756553
later_2024Q2,ablation_without_price,commodity_fixed,commodity,Rice,1147,0.911944202266783,-0.03805579773321699,111.45231007901062,308.94629834431726
later_2024Q2,ablation_without_price,commodity_fixed,commodity,Wheat,1147,0.8526591107236269,-0.09734088927637308,495.56477651395835,1509.719236446525
later_2024Q2,ablation_without_price,commodity_fixed,market,Achalda APMC,302,0.7682119205298014,-0.1817880794701986,37.003803714593,246.52375212346092
later_2024Q2,ablation_without_price,commodity_fixed,market,Auraiya APMC,318,0.8962264150943396,-0.05377358490566031,140.1377806445412,544.6569703238481
later_2024Q2,ablation_without_price,commodity_fixed,market,Bahraich APMC,324,0.9629629629629629,0.012962962962962954,520.889652113776,1049.1450126183904
later_2024Q2,ablation_without_price,commodity_fixed,market,Basti APMC,296,0.8648648648648649,-0.08513513513513504,123.87866171794957,325.2634800204262
later_2024Q2,ablation_without_price,commodity_fixed,market,Bindki APMC,293,0.8532423208191127,-0.09675767918088729,295.14384352014946,1740.3095831305322
later_2024Q2,ablation_without_price,commodity_fixed,market,Chandoli APMC,318,0.9371069182389937,-0.012893081761006231,33.63880867074602,89.19963984198513
later_2024Q2,ablation_without_price,commodity_fixed,market,Fatehpur APMC,287,0.7003484320557491,-0.2496515679442508,80.88702552319533,598.6748647885152
later_2024Q2,ablation_without_price,commodity_fixed,market,Gazipur APMC,138,0.9492753623188406,-0.0007246376811593791,59.89855904795812,90.3079210057811
later_2024Q2,ablation_without_price,commodity_fixed,market,Ghaziabad APMC,318,0.9842767295597484,0.034276729559748476,369.85670560711645,439.7805774623668
later_2024Q2,ablation_without_price,commodity_fixed,market,Kayamganj APMC,317,0.9148264984227129,-0.03517350157728705,100.78439540159087,192.74223007431002
later_2024Q2,ablation_without_price,commodity_fixed,market,Lakhimpur APMC,316,0.9367088607594937,-0.013291139240506289,384.9837696663452,1304.9994274733856
later_2024Q2,ablation_without_price,commodity_fixed,market,Lucknow APMC,314,0.9936305732484076,0.04363057324840769,287.35707364002997,320.5511764585552
later_2024Q2,ablation_without_price,commodity_fixed,market,Muradabad APMC,314,0.9681528662420382,0.018152866242038268,157.56688432516697,222.07186870462775
later_2024Q2,ablation_without_price,commodity_fixed,market,Muzzafarnagar APMC,301,0.8803986710963455,-0.06960132890365445,126.59281838187168,463.1272620793721
later_2024Q2,ablation_without_price,commodity_fixed,market,Saharanpur APMC,308,0.9837662337662337,0.03376623376623378,220.11087241245423,260.5222170929265
later_2024Q2,ablation_without_price,commodity_fixed,market,Unnao APMC,337,0.9287833827893175,-0.021216617210682465,87.3089955024802,154.77242001784813
later_2024Q2,ablation_without_price,commodity_fixed,month,2024-04,1577,0.87571337983513,-0.07428662016486998,145.28006655714375,712.6564608587108
later_2024Q2,ablation_without_price,commodity_fixed,month,2024-05,1678,0.9135876042908224,-0.036412395709177536,228.27730902519892,431.8990538972327
later_2024Q2,ablation_without_price,commodity_fixed,month,2024-06,1546,0.9359637774902976,-0.014036222509702379,209.52132448838537,396.7257473550933
later_2024Q2,ablation_without_price,pooled_fixed,overall,all,4801,0.9071026869402208,-0.042897313059779174,191.76533255690038,515.5746701845724
later_2024Q2,ablation_without_price,pooled_fixed,commodity,Onion,1253,0.9169992019154031,-0.03300079808459688,54.77605747495547,73.21223208956697
later_2024Q2,ablation_without_price,pooled_fixed,commodity,Potato,1254,0.9401913875598086,-0.009808612440191378,136.2892588092085,225.4555044652742
later_2024Q2,ablation_without_price,pooled_fixed,commodity,Rice,1147,0.918918918918919,-0.031081081081080986,117.63176925048721,305.03986322113104
later_2024Q2,ablation_without_price,pooled_fixed,commodity,Wheat,1147,0.8482999128160419,-0.10170008718395807,476.1992953029672,1526.5363025578145
later_2024Q2,ablation_without_price,pooled_fixed,market,Achalda APMC,302,0.7682119205298014,-0.1817880794701986,36.73850245512,247.20580827825364
later_2024Q2,ablation_without_price,pooled_fixed,market,Auraiya APMC,318,0.8930817610062893,-0.056918238993710624,136.11359408438472,552.9276119395361
later_2024Q2,ablation_without_price,pooled_fixed,market,Bahraich APMC,324,0.9629629629629629,0.012962962962962954,513.1193597385635,1052.7144256038355
later_2024Q2,ablation_without_price,pooled_fixed,market,Basti APMC,296,0.8581081081081081,-0.09189189189189184,121.18188804700553,325.6308850498887
later_2024Q2,ablation_without_price,pooled_fixed,market,Bindki APMC,293,0.8464163822525598,-0.10358361774744018,287.30062133437923,1747.986119567309
later_2024Q2,ablation_without_price,pooled_fixed,market,Chandoli APMC,318,0.9371069182389937,-0.012893081761006231,33.387951003067855,89.30213786456652
later_2024Q2,ablation_without_price,pooled_fixed,market,Fatehpur APMC,287,0.6968641114982579,-0.25313588850174207,78.22362718874032,613.756127149828
later_2024Q2,ablation_without_price,pooled_fixed,market,Gazipur APMC,138,0.9492753623188406,-0.0007246376811593791,59.70859282444948,91.961414660012
later_2024Q2,ablation_without_price,pooled_fixed,market,Ghaziabad APMC,318,0.9874213836477987,0.03742138364779879,364.1746477051806,431.48007751163397
later_2024Q2,ablation_without_price,pooled_fixed,market,Kayamganj APMC,317,0.917981072555205,-0.03201892744479495,102.64279239191085,189.35410821126695
later_2024Q2,ablation_without_price,pooled_fixed,market,Lakhimpur APMC,316,0.9335443037974683,-0.016455696202531622,374.1009379968854,1329.1311745413118
later_2024Q2,ablation_without_price,pooled_fixed,market,Lucknow APMC,314,0.9936305732484076,0.04363057324840769,288.5883099071505,319.72470338137083
later_2024Q2,ablation_without_price,pooled_fixed,market,Muradabad APMC,314,0.9681528662420382,0.018152866242038268,155.51826812472854,222.20510548526946
later_2024Q2,ablation_without_price,pooled_fixed,market,Muzzafarnagar APMC,301,0.8870431893687708,-0.06295681063122915,127.25357821670718,462.64947834687433
later_2024Q2,ablation_without_price,pooled_fixed,market,Saharanpur APMC,308,0.9805194805194806,0.030519480519480613,213.44527327590194,255.9910905781206
later_2024Q2,ablation_without_price,pooled_fixed,market,Unnao APMC,337,0.9228486646884273,-0.027151335311572655,84.93811859223489,155.53076388237392
later_2024Q2,ablation_without_price,pooled_fixed,month,2024-04,1577,0.8769816106531388,-0.07301838934686111,144.54054770964956,723.1994936059568
later_2024Q2,ablation_without_price,pooled_fixed,month,2024-05,1678,0.9123957091775924,-0.03760429082240757,223.50994374960135,431.3895540491215
later_2024Q2,ablation_without_price,pooled_fixed,month,2024-06,1546,0.9320827943078913,-0.01791720569210864,205.48203897524607,395.1595850227116
later_2024Q2,ablation_without_seasonality,commodity_adaptive,overall,all,4801,0.9491772547385962,-0.0008227452614038011,353.2114958790845,487.9659202880655
later_2024Q2,ablation_without_seasonality,commodity_adaptive,commodity,Onion,1253,0.9553072625698324,0.005307262569832494,75.14971650641206,86.14164046608133
later_2024Q2,ablation_without_seasonality,commodity_adaptive,commodity,Potato,1254,0.9545454545454546,0.00454545454545463,154.9130975075462,235.25570199616783
later_2024Q2,ablation_without_seasonality,commodity_adaptive,commodity,Rice,1147,0.9407149084568439,-0.009285091543156043,142.66874666785625,293.0755211813625
later_2024Q2,ablation_without_seasonality,commodity_adaptive,commodity,Wheat,1147,0.9450741063644289,-0.004925893635571055,1084.310130976858,1398.0999430695601
later_2024Q2,ablation_without_seasonality,commodity_adaptive,market,Achalda APMC,302,0.8609271523178808,-0.0890728476821192,57.73915068141253,203.24903463057055
later_2024Q2,ablation_without_seasonality,commodity_adaptive,market,Auraiya APMC,318,0.9182389937106918,-0.031761006289308114,311.0063130483342,590.337701875838
later_2024Q2,ablation_without_seasonality,commodity_adaptive,market,Bahraich APMC,324,0.9876543209876543,0.03765432098765431,975.2604921473948,1063.8726886849129
later_2024Q2,ablation_without_seasonality,commodity_adaptive,market,Basti APMC,296,0.9290540540540541,-0.0209459459459459,294.3889331815108,349.9403244823103
later_2024Q2,ablation_without_seasonality,commodity_adaptive,market,Bindki APMC,293,0.9010238907849829,-0.04897610921501705,569.3479840997009,1295.4516957226115
later_2024Q2,ablation_without_seasonality,commodity_adaptive,market,Chandoli APMC,318,0.9748427672955975,0.024842767295597534,57.315324040955886,84.8670925097684
later_2024Q2,ablation_without_seasonality,commodity_adaptive,market,Fatehpur APMC,287,0.8013937282229965,-0.14860627177700347,175.3144637631827,406.7235223039331
later_2024Q2,ablation_without_seasonality,commodity_adaptive,market,Gazipur APMC,138,0.9855072463768116,0.035507246376811685,101.72288233348928,111.87895655893611
later_2024Q2,ablation_without_seasonality,commodity_adaptive,market,Ghaziabad APMC,318,0.9905660377358491,0.0405660377358491,638.6015892604216,695.5563359542286
later_2024Q2,ablation_without_seasonality,commodity_adaptive,market,Kayamganj APMC,317,0.9684542586750788,0.018454258675078883,132.8250177515307,207.10804640024026
later_2024Q2,ablation_without_seasonality,commodity_adaptive,market,Lakhimpur APMC,316,0.9778481012658228,0.027848101265822822,765.0486113465723,997.4859425957696
later_2024Q2,ablation_without_seasonality,commodity_adaptive,market,Lucknow APMC,314,0.9936305732484076,0.04363057324840769,401.98682168208063,429.16388562570734
later_2024Q2,ablation_without_seasonality,commodity_adaptive,market,Muradabad APMC,314,0.9872611464968153,0.037261146496815334,243.36818256285946,260.7731745605574
later_2024Q2,ablation_without_seasonality,commodity_adaptive,market,Muzzafarnagar APMC,301,0.9435215946843853,-0.00647840531561461,208.03225206943665,360.68296446752515
later_2024Q2,ablation_without_seasonality,commodity_adaptive,market,Saharanpur APMC,308,0.9902597402597403,0.04025974025974033,404.43655853615286,405.90511775031865
later_2024Q2,ablation_without_seasonality,commodity_adaptive,market,Unnao APMC,337,0.973293768545994,0.023293768545994076,148.80581395264235,161.25922974270145
later_2024Q2,ablation_without_seasonality,commodity_adaptive,month,2024-04,1577,0.9264426125554851,-0.023557387444514855,264.5928589743979,477.94468331256587
later_2024Q2,ablation_without_seasonality,commodity_adaptive,month,2024-05,1678,0.9690107270560191,0.01901072705601914,509.19278534740977,575.0670719589734
later_2024Q2,ablation_without_seasonality,commodity_adaptive,month,2024-06,1546,0.9508408796895214,0.000840879689521401,274.3078650064071,403.6501105898635
later_2024Q2,ablation_without_seasonality,commodity_fixed,overall,all,4801,0.9106436159133514,-0.039356384086648544,199.22004643383286,512.5238047409077
later_2024Q2,ablation_without_seasonality,commodity_fixed,commodity,Onion,1253,0.9257781324820431,-0.024221867517956852,57.52579188869121,73.81638601939872
later_2024Q2,ablation_without_seasonality,commodity_fixed,commodity,Potato,1254,0.9362041467304625,-0.013795853269537472,129.45092429494935,228.136817871986
later_2024Q2,ablation_without_seasonality,commodity_fixed,commodity,Rice,1147,0.9102005231037489,-0.039799476896251074,110.54163755637674,304.32020345855346
later_2024Q2,ablation_without_seasonality,commodity_fixed,commodity,Wheat,1147,0.8666085440278989,-0.08339145597210107,518.965046512006,1510.8945177858416
later_2024Q2,ablation_without_seasonality,commodity_fixed,market,Achalda APMC,302,0.7748344370860927,-0.17516556291390728,37.645866000257904,241.63117050214788
later_2024Q2,ablation_without_seasonality,commodity_fixed,market,Auraiya APMC,318,0.889937106918239,-0.06006289308176094,145.16557104753156,628.9559619324381
later_2024Q2,ablation_without_seasonality,commodity_fixed,market,Bahraich APMC,324,0.9660493827160493,0.016049382716049387,535.3283324775734,1101.7760344424335
later_2024Q2,ablation_without_seasonality,commodity_fixed,market,Basti APMC,296,0.8682432432432432,-0.08175675675675675,127.09916512875168,304.267778469703
later_2024Q2,ablation_without_seasonality,commodity_fixed,market,Bindki APMC,293,0.8600682593856656,-0.0899317406143344,307.6339306744346,1710.7808546143167
later_2024Q2,ablation_without_seasonality,commodity_fixed,market,Chandoli APMC,318,0.949685534591195,-0.00031446540880497587,34.016801088493104,77.61856800827779
later_2024Q2,ablation_without_seasonality,commodity_fixed,market,Fatehpur APMC,287,0.7003484320557491,-0.2496515679442508,84.1645202074881,576.5042249163185
later_2024Q2,ablation_without_seasonality,commodity_fixed,market,Gazipur APMC,138,0.9565217391304348,0.006521739130434856,60.105654336999564,87.2867485250769
later_2024Q2,ablation_without_seasonality,commodity_fixed,market,Ghaziabad APMC,318,0.9842767295597484,0.034276729559748476,377.7319206454329,446.6754900357134
later_2024Q2,ablation_without_seasonality,commodity_fixed,market,Kayamganj APMC,317,0.9085173501577287,-0.041482649842271235,99.68133492937801,214.3896160969133
later_2024Q2,ablation_without_seasonality,commodity_fixed,market,Lakhimpur APMC,316,0.9430379746835443,-0.006962025316455622,396.320184798588,1263.835694528526
later_2024Q2,ablation_without_seasonality,commodity_fixed,market,Lucknow APMC,314,0.9936305732484076,0.04363057324840769,285.84381372249777,320.8522340404704
later_2024Q2,ablation_without_seasonality,commodity_fixed,market,Muradabad APMC,314,0.9713375796178344,0.021337579617834446,157.76837487524037,216.69363580144207
later_2024Q2,ablation_without_seasonality,commodity_fixed,market,Muzzafarnagar APMC,301,0.8837209302325582,-0.0662790697674418,128.26665306086096,437.3001613135687
later_2024Q2,ablation_without_seasonality,commodity_fixed,market,Saharanpur APMC,308,0.9837662337662337,0.03376623376623378,224.78618335407057,258.9839018287701
later_2024Q2,ablation_without_seasonality,commodity_fixed,market,Unnao APMC,337,0.9287833827893175,-0.021216617210682465,90.09073760448703,141.2567170871931
later_2024Q2,ablation_without_seasonality,commodity_fixed,month,2024-04,1577,0.8776157260621433,-0.07238427393785662,146.9997466254628,719.9199848343147
later_2024Q2,ablation_without_seasonality,commodity_fixed,month,2024-05,1678,0.9177592371871275,-0.03224076281287247,234.12636323647595,425.99339836459484
later_2024Q2,ablation_without_seasonality,commodity_fixed,month,2024-06,1546,0.9366106080206986,-0.013389391979301335,214.6007794241074,394.88748254954305
later_2024Q2,ablation_without_seasonality,pooled_fixed,overall,all,4801,0.9093938762757758,-0.04060612372422412,191.92173286967514,518.4348886491622
later_2024Q2,ablation_without_seasonality,pooled_fixed,commodity,Onion,1253,0.9193934557063048,-0.030606544293695137,54.78644692831376,72.50574554688018
later_2024Q2,ablation_without_seasonality,pooled_fixed,commodity,Potato,1254,0.9417862838915471,-0.008213716108452895,136.33647551739162,229.22005140783793
later_2024Q2,ablation_without_seasonality,pooled_fixed,commodity,Rice,1147,0.9197907585004359,-0.030209241499564055,117.9598957926353,299.37824145651973
later_2024Q2,ablation_without_seasonality,pooled_fixed,commodity,Wheat,1147,0.8526591107236269,-0.09734088927637308,476.4628428362437,1540.825992866896
later_2024Q2,ablation_without_seasonality,pooled_fixed,market,Achalda APMC,302,0.7649006622516556,-0.1850993377483443,36.7626100429003,242.8200044573322
later_2024Q2,ablation_without_seasonality,pooled_fixed,market,Auraiya APMC,318,0.8805031446540881,-0.06949685534591188,136.25599869426844,651.6676765884238
later_2024Q2,ablation_without_seasonality,pooled_fixed,market,Bahraich APMC,324,0.9660493827160493,0.016049382716049387,513.2574519155145,1099.6055604856888
later_2024Q2,ablation_without_seasonality,pooled_fixed,market,Basti APMC,296,0.8581081081081081,-0.09189189189189184,121.2972030550492,304.5103817232504
later_2024Q2,ablation_without_seasonality,pooled_fixed,market,Bindki APMC,293,0.863481228668942,-0.08651877133105801,288.34930028965454,1736.8648754723008
later_2024Q2,ablation_without_seasonality,pooled_fixed,market,Chandoli APMC,318,0.9528301886792453,0.002830188679245338,33.41664888815579,77.10937342731721
later_2024Q2,ablation_without_seasonality,pooled_fixed,market,Fatehpur APMC,287,0.7003484320557491,-0.2496515679442508,78.46237727970137,608.3933320217029
later_2024Q2,ablation_without_seasonality,pooled_fixed,market,Gazipur APMC,138,0.9492753623188406,-0.0007246376811593791,59.7208608815525,89.80946011003414
later_2024Q2,ablation_without_seasonality,pooled_fixed,market,Ghaziabad APMC,318,0.9874213836477987,0.03742138364779879,364.2494730387244,429.5107833855492
later_2024Q2,ablation_without_seasonality,pooled_fixed,market,Kayamganj APMC,317,0.9211356466876972,-0.02886435331230275,102.67654107394286,207.69778195509846
later_2024Q2,ablation_without_seasonality,pooled_fixed,market,Lakhimpur APMC,316,0.9367088607594937,-0.013291139240506289,374.05702692436716,1305.6322157918887
later_2024Q2,ablation_without_seasonality,pooled_fixed,market,Lucknow APMC,314,0.9936305732484076,0.04363057324840769,288.65647211439824,320.0856523774201
later_2024Q2,ablation_without_seasonality,pooled_fixed,market,Muradabad APMC,314,0.9713375796178344,0.021337579617834446,155.62899864408078,217.08271674434275
later_2024Q2,ablation_without_seasonality,pooled_fixed,market,Muzzafarnagar APMC,301,0.8870431893687708,-0.06295681063122915,127.62026149613366,440.02486680447106
later_2024Q2,ablation_without_seasonality,pooled_fixed,market,Saharanpur APMC,308,0.9837662337662337,0.03376623376623378,213.4431508692691,252.53858022992176
later_2024Q2,ablation_without_seasonality,pooled_fixed,market,Unnao APMC,337,0.9228486646884273,-0.027151335311572655,85.07558843126775,141.56451203994635
later_2024Q2,ablation_without_seasonality,pooled_fixed,month,2024-04,1577,0.8738110336081166,-0.07618896639188333,144.78495355425838,742.1384950730932
later_2024Q2,ablation_without_seasonality,pooled_fixed,month,2024-05,1678,0.9195470798569726,-0.030452920143027362,223.58518185061953,425.3481937411577
later_2024Q2,ablation_without_seasonality,pooled_fixed,month,2024-06,1546,0.9346701164294955,-0.015329883570504466,205.63676106526867,391.2802228827278
later_2024Q2,existing_lightgbm_bundle,commodity_adaptive,overall,all,4801,0.9483440949802124,-0.001655905019787518,347.73865739788226,477.01437576628695
later_2024Q2,existing_lightgbm_bundle,commodity_adaptive,commodity,Onion,1253,0.9529130087789306,0.002913008778930637,77.35731715371867,89.0988049162864
later_2024Q2,existing_lightgbm_bundle,commodity_adaptive,commodity,Potato,1254,0.9537480063795853,0.003748006379585389,162.2138792002673,244.39032781969664
later_2024Q2,existing_lightgbm_bundle,commodity_adaptive,commodity,Rice,1147,0.9389712292938099,-0.011028770706190016,153.47745443300857,317.12267285225533
later_2024Q2,existing_lightgbm_bundle,commodity_adaptive,commodity,Wheat,1147,0.946817785527463,-0.0031822144725369705,1040.2002885979314,1314.995674495554
later_2024Q2,existing_lightgbm_bundle,commodity_adaptive,market,Achalda APMC,302,0.8675496688741722,-0.08245033112582778,59.30686132895453,215.23036701176179
later_2024Q2,existing_lightgbm_bundle,commodity_adaptive,market,Auraiya APMC,318,0.9276729559748428,-0.022327044025157172,297.2501922989174,489.38945375761534
later_2024Q2,existing_lightgbm_bundle,commodity_adaptive,market,Bahraich APMC,324,0.9845679012345679,0.03456790123456799,958.6929756876158,1051.5662869191888
later_2024Q2,existing_lightgbm_bundle,commodity_adaptive,market,Basti APMC,296,0.9290540540540541,-0.0209459459459459,277.78762202878187,334.6301823122167
later_2024Q2,existing_lightgbm_bundle,commodity_adaptive,market,Bindki APMC,293,0.8907849829351536,-0.05921501706484633,562.9816444605646,1362.7196656042645
later_2024Q2,existing_lightgbm_bundle,commodity_adaptive,market,Chandoli APMC,318,0.9748427672955975,0.024842767295597534,56.657856329991624,87.83911977231656
later_2024Q2,existing_lightgbm_bundle,commodity_adaptive,market,Fatehpur APMC,287,0.7770034843205574,-0.17299651567944252,168.05416290354023,396.3148018609021
later_2024Q2,existing_lightgbm_bundle,commodity_adaptive,market,Gazipur APMC,138,0.9927536231884058,0.04275362318840581,99.79570497679694,109.30802731639666
later_2024Q2,existing_lightgbm_bundle,commodity_adaptive,market,Ghaziabad APMC,318,0.9905660377358491,0.0405660377358491,631.7469667484207,701.9284036757969
later_2024Q2,existing_lightgbm_bundle,commodity_adaptive,market,Kayamganj APMC,317,0.9684542586750788,0.018454258675078883,136.19296947199567,204.1573363028444
later_2024Q2,existing_lightgbm_bundle,commodity_adaptive,market,Lakhimpur APMC,316,0.9778481012658228,0.027848101265822822,737.3492119751115,881.3698862761165
later_2024Q2,existing_lightgbm_bundle,commodity_adaptive,market,Lucknow APMC,314,0.9968152866242038,0.04681528662420387,413.01368378003497,428.3461244122522
later_2024Q2,existing_lightgbm_bundle,commodity_adaptive,market,Muradabad APMC,314,0.9840764331210191,0.034076433121019156,244.61307406126903,258.54719441525685
later_2024Q2,existing_lightgbm_bundle,commodity_adaptive,market,Muzzafarnagar APMC,301,0.9401993355481728,-0.009800664451827146,209.54912597613202,380.28220757402613
later_2024Q2,existing_lightgbm_bundle,commodity_adaptive,market,Saharanpur APMC,308,0.9935064935064936,0.043506493506493604,395.2802883574527,396.4227790709378
later_2024Q2,existing_lightgbm_bundle,commodity_adaptive,market,Unnao APMC,337,0.9762611275964391,0.02626112759643917,150.90431170235246,163.30675785229244
later_2024Q2,existing_lightgbm_bundle,commodity_adaptive,month,2024-04,1577,0.9245402663284717,-0.025459733671528206,255.22761283898953,431.79095201890027
later_2024Q2,existing_lightgbm_bundle,commodity_adaptive,month,2024-05,1678,0.9636471990464839,0.013647199046483927,488.04066070039295,568.6329541565356
later_2024Q2,existing_lightgbm_bundle,commodity_adaptive,month,2024-06,1546,0.9560155239327296,0.006015523932729638,289.82349292683506,423.703486187239
later_2024Q2,existing_lightgbm_bundle,commodity_fixed,overall,all,4801,0.9102270360341596,-0.0397729639658404,207.49055494001087,499.0305751086611
later_2024Q2,existing_lightgbm_bundle,commodity_fixed,commodity,Onion,1253,0.9233838786911412,-0.02661612130885871,59.17266018511916,77.00790061631079
later_2024Q2,existing_lightgbm_bundle,commodity_fixed,commodity,Potato,1254,0.9385964912280702,-0.011403508771929749,135.79554462617614,232.78599633190626
later_2024Q2,existing_lightgbm_bundle,commodity_fixed,commodity,Rice,1147,0.9067131647776809,-0.04328683522231902,109.04903390629994,335.50887047152975
later_2024Q2,existing_lightgbm_bundle,commodity_fixed,commodity,Wheat,1147,0.8683522231909329,-0.0816477768090671,546.3399792530837,1414.6578707876101
later_2024Q2,existing_lightgbm_bundle,commodity_fixed,market,Achalda APMC,302,0.7748344370860927,-0.17516556291390728,39.261680874735944,260.69134215598007
later_2024Q2,existing_lightgbm_bundle,commodity_fixed,market,Auraiya APMC,318,0.8930817610062893,-0.056918238993710624,151.8168546386981,525.740634960474
later_2024Q2,existing_lightgbm_bundle,commodity_fixed,market,Bahraich APMC,324,0.9660493827160493,0.016049382716049387,554.3464125632835,1035.4704394262849
later_2024Q2,existing_lightgbm_bundle,commodity_fixed,market,Basti APMC,296,0.875,-0.07499999999999996,133.3459818170244,293.79367822196986
later_2024Q2,existing_lightgbm_bundle,commodity_fixed,market,Bindki APMC,293,0.8156996587030717,-0.13430034129692825,321.5804673677986,1843.8558864762285
later_2024Q2,existing_lightgbm_bundle,commodity_fixed,market,Chandoli APMC,318,0.9559748427672956,0.005974842767295652,35.1350908137708,82.89209515178273
later_2024Q2,existing_lightgbm_bundle,commodity_fixed,market,Fatehpur APMC,287,0.6759581881533101,-0.27404181184668985,88.2037895811398,531.9550594360709
later_2024Q2,existing_lightgbm_bundle,commodity_fixed,market,Gazipur APMC,138,0.9565217391304348,0.006521739130434856,61.841989197882974,88.51900017837062
later_2024Q2,existing_lightgbm_bundle,commodity_fixed,market,Ghaziabad APMC,318,0.9842767295597484,0.034276729559748476,393.8807213900199,475.3869373040847
later_2024Q2,existing_lightgbm_bundle,commodity_fixed,market,Kayamganj APMC,317,0.9242902208201893,-0.025709779179810655,104.21575806349574,201.84669035466092
later_2024Q2,existing_lightgbm_bundle,commodity_fixed,market,Lakhimpur APMC,316,0.9525316455696202,0.0025316455696202667,414.01328684225757,1072.1992679440943
later_2024Q2,existing_lightgbm_bundle,commodity_fixed,market,Lucknow APMC,314,0.9936305732484076,0.04363057324840769,296.99747382218266,315.93263336079735
later_2024Q2,existing_lightgbm_bundle,commodity_fixed,market,Muradabad APMC,314,0.9713375796178344,0.021337579617834446,163.89131516391691,218.0913133596826
later_2024Q2,existing_lightgbm_bundle,commodity_fixed,market,Muzzafarnagar APMC,301,0.8837209302325582,-0.0662790697674418,131.4393298513175,482.12080037207454
later_2024Q2,existing_lightgbm_bundle,commodity_fixed,market,Saharanpur APMC,308,0.9805194805194806,0.030519480519480613,235.08596387103233,274.8359868166451
later_2024Q2,existing_lightgbm_bundle,commodity_fixed,market,Unnao APMC,337,0.9465875370919882,-0.003412462908011782,94.6484937485643,132.21118084434357
later_2024Q2,existing_lightgbm_bundle,commodity_fixed,month,2024-04,1577,0.8801521876981611,-0.0698478123018389,152.25463339623556,636.1823073417497
later_2024Q2,existing_lightgbm_bundle,commodity_fixed,month,2024-05,1678,0.9123957091775924,-0.03760429082240757,244.44617053366804,449.3881421895686
later_2024Q2,existing_lightgbm_bundle,commodity_fixed,month,2024-06,1546,0.9385510996119016,-0.011448900388098315,223.72310688592097,413.0096958762265
later_2024Q2,existing_lightgbm_bundle,pooled_fixed,overall,all,4801,0.9083524265777962,-0.04164757342220371,196.48397332735752,506.5564718002481
later_2024Q2,existing_lightgbm_bundle,pooled_fixed,commodity,Onion,1253,0.9185953711093376,-0.03140462889066231,56.07204870043715,75.64611966730348
later_2024Q2,existing_lightgbm_bundle,pooled_fixed,commodity,Potato,1254,0.9425837320574163,-0.007416267942583654,139.68531045973623,233.55543624014012
later_2024Q2,existing_lightgbm_bundle,pooled_fixed,commodity,Rice,1147,0.9215344376634699,-0.02846556233653008,120.95720157620514,325.38742533383993
later_2024Q2,existing_lightgbm_bundle,pooled_fixed,commodity,Wheat,1147,0.8465562336530078,-0.10344376634699215,487.4960674791449,1456.9268868934698
later_2024Q2,existing_lightgbm_bundle,pooled_fixed,market,Achalda APMC,302,0.7615894039735099,-0.18841059602649002,37.64529235707643,265.48172842588167
later_2024Q2,existing_lightgbm_bundle,pooled_fixed,market,Auraiya APMC,318,0.8867924528301887,-0.06320754716981125,138.7672887401941,547.4360942650511
later_2024Q2,existing_lightgbm_bundle,pooled_fixed,market,Bahraich APMC,324,0.9660493827160493,0.016049382716049387,525.0425688880741,1032.7083453437178
later_2024Q2,existing_lightgbm_bundle,pooled_fixed,market,Basti APMC,296,0.8648648648648649,-0.08513513513513504,125.04585418476567,292.82197149290175
later_2024Q2,existing_lightgbm_bundle,pooled_fixed,market,Bindki APMC,293,0.8327645051194539,-0.11723549488054608,295.51206004968134,1888.0667448072857
later_2024Q2,existing_lightgbm_bundle,pooled_fixed,market,Chandoli APMC,318,0.9465408805031447,-0.0034591194968552896,34.17412670592297,83.57450184907741
later_2024Q2,existing_lightgbm_bundle,pooled_fixed,market,Fatehpur APMC,287,0.6655052264808362,-0.28449477351916375,80.22092631282824,574.5578048557965
later_2024Q2,existing_lightgbm_bundle,pooled_fixed,market,Gazipur APMC,138,0.9637681159420289,0.01376811594202898,61.156044355678084,92.85520976711867
later_2024Q2,existing_lightgbm_bundle,pooled_fixed,market,Ghaziabad APMC,318,0.9905660377358491,0.0405660377358491,373.02142243936913,450.95313621519244
later_2024Q2,existing_lightgbm_bundle,pooled_fixed,market,Kayamganj APMC,317,0.9337539432176656,-0.016246056782334373,105.12911946069376,197.01154586494732
later_2024Q2,existing_lightgbm_bundle,pooled_fixed,market,Lakhimpur APMC,316,0.9430379746835443,-0.006962025316455622,382.4107033724967,1119.8387703370126
later_2024Q2,existing_lightgbm_bundle,pooled_fixed,market,Lucknow APMC,314,0.9936305732484076,0.04363057324840769,295.8739183139537,312.7874047914616
later_2024Q2,existing_lightgbm_bundle,pooled_fixed,market,Muradabad APMC,314,0.9745222929936306,0.024522292993630623,159.3654826405032,218.4303279971268
later_2024Q2,existing_lightgbm_bundle,pooled_fixed,market,Muzzafarnagar APMC,301,0.8770764119601329,-0.0729235880398671,130.50950469135498,489.3151772767249
later_2024Q2,existing_lightgbm_bundle,pooled_fixed,market,Saharanpur APMC,308,0.9837662337662337,0.03376623376623378,218.48273991784436,265.644215020889
later_2024Q2,existing_lightgbm_bundle,pooled_fixed,market,Unnao APMC,337,0.9406528189910979,-0.009347181008902083,87.44874373332614,128.55440200696722
later_2024Q2,existing_lightgbm_bundle,pooled_fixed,month,2024-04,1577,0.8776157260621433,-0.07238427393785662,148.29423087313876,664.2929065914068
later_2024Q2,existing_lightgbm_bundle,pooled_fixed,month,2024-05,1678,0.9123957091775924,-0.03760429082240757,228.86004027033778,450.7942995703399
later_2024Q2,existing_lightgbm_bundle,pooled_fixed,month,2024-06,1546,0.9353169469598965,-0.014683053040103422,210.49961596641455,406.18038340188394
later_2024Q2,log_lightgbm,commodity_adaptive,overall,all,4801,0.9487606748594043,-0.0012393251405956596,344.4460812119474,475.21013173509357
later_2024Q2,log_lightgbm,commodity_adaptive,commodity,Onion,1253,0.9537110933758979,0.0037110933758979225,75.90449568753394,86.83596278408424
later_2024Q2,log_lightgbm,commodity_adaptive,commodity,Potato,1254,0.9529505582137161,0.002950558213716148,154.40294590843067,231.84054105857814
later_2024Q2,log_lightgbm,commodity_adaptive,commodity,Rice,1147,0.939843068875327,-0.010156931124672974,144.15304285684084,293.3087186983236
later_2024Q2,log_lightgbm,commodity_adaptive,commodity,Wheat,1147,0.9476896251089799,-0.0023103748910200395,1045.8696324987886,1347.4500804335592
later_2024Q2,log_lightgbm,commodity_adaptive,market,Achalda APMC,302,0.8642384105960265,-0.08576158940397349,57.416416556809885,205.97327646958323
later_2024Q2,log_lightgbm,commodity_adaptive,market,Auraiya APMC,318,0.9308176100628931,-0.01918238993710686,297.3175186818651,535.7258923371519
later_2024Q2,log_lightgbm,commodity_adaptive,market,Bahraich APMC,324,0.9876543209876543,0.03765432098765431,948.2021024387279,1037.5468664553255
later_2024Q2,log_lightgbm,commodity_adaptive,market,Basti APMC,296,0.9256756756756757,-0.024324324324324298,281.80380045980564,348.6335066690535
later_2024Q2,log_lightgbm,commodity_adaptive,market,Bindki APMC,293,0.8907849829351536,-0.05921501706484633,557.3689091862395,1333.449861862951
later_2024Q2,log_lightgbm,commodity_adaptive,market,Chandoli APMC,318,0.9591194968553459,0.009119496855345965,55.97445651061292,86.42513832569628
later_2024Q2,log_lightgbm,commodity_adaptive,market,Fatehpur APMC,287,0.8083623693379791,-0.14163763066202084,169.78808249238062,380.95453815598904
later_2024Q2,log_lightgbm,commodity_adaptive,market,Gazipur APMC,138,0.9855072463768116,0.035507246376811685,98.25974338368061,108.2292060236751
later_2024Q2,log_lightgbm,commodity_adaptive,market,Ghaziabad APMC,318,0.9905660377358491,0.0405660377358491,628.1517444974135,689.0440837632675
later_2024Q2,log_lightgbm,commodity_adaptive,market,Kayamganj APMC,317,0.9716088328075709,0.021608832807570977,131.32995815039905,191.01171242982673
later_2024Q2,log_lightgbm,commodity_adaptive,market,Lakhimpur APMC,316,0.9746835443037974,0.02468354430379749,734.7038515331488,894.2021610400656
later_2024Q2,log_lightgbm,commodity_adaptive,market,Lucknow APMC,314,0.9936305732484076,0.04363057324840769,399.5306341372595,424.61242627895604
later_2024Q2,log_lightgbm,commodity_adaptive,market,Muradabad APMC,314,0.9840764331210191,0.034076433121019156,239.30758884730557,258.18652812331476
later_2024Q2,log_lightgbm,commodity_adaptive,market,Muzzafarnagar APMC,301,0.946843853820598,-0.003156146179401964,205.1577472379851,377.35074936792375
later_2024Q2,log_lightgbm,commodity_adaptive,market,Saharanpur APMC,308,0.9935064935064936,0.043506493506493604,394.50612472898075,396.34898608287557
later_2024Q2,log_lightgbm,commodity_adaptive,market,Unnao APMC,337,0.9703264094955489,0.02032640949554898,149.44709283819873,162.65056611548903
later_2024Q2,log_lightgbm,commodity_adaptive,month,2024-04,1577,0.9264426125554851,-0.023557387444514855,252.3641128074688,447.7306183192099
later_2024Q2,log_lightgbm,commodity_adaptive,month,2024-05,1678,0.966030989272944,0.016030989272943996,490.04391916053777,565.2408524940016
later_2024Q2,log_lightgbm,commodity_adaptive,month,2024-06,1546,0.9527813712807245,0.0027813712807245317,280.34523521979213,405.5229669378106
later_2024Q2,log_lightgbm,commodity_fixed,overall,all,4801,0.9079358466986045,-0.04206415330139546,194.13459127773888,495.11945443431307
later_2024Q2,log_lightgbm,commodity_fixed,commodity,Onion,1253,0.9193934557063048,-0.030606544293695137,55.953776684874384,73.74502006099327
later_2024Q2,log_lightgbm,commodity_fixed,commodity,Potato,1254,0.9385964912280702,-0.011403508771929749,129.67219653400363,221.5449453022196
later_2024Q2,log_lightgbm,commodity_fixed,commodity,Rice,1147,0.911944202266783,-0.03805579773321699,109.27829892802248,305.23971521654215
later_2024Q2,log_lightgbm,commodity_fixed,commodity,Wheat,1147,0.8578901482127289,-0.09210985178727105,500.41756513879216,1444.4103538276859
later_2024Q2,log_lightgbm,commodity_fixed,market,Achalda APMC,302,0.7682119205298014,-0.1817880794701986,36.85372835120305,244.00533705986075
later_2024Q2,log_lightgbm,commodity_fixed,market,Auraiya APMC,318,0.8867924528301887,-0.06320754716981125,140.68083043003338,572.5186724478452
later_2024Q2,log_lightgbm,commodity_fixed,market,Bahraich APMC,324,0.9691358024691358,0.01913580246913582,519.7804996919621,1014.0225117385453
later_2024Q2,log_lightgbm,commodity_fixed,market,Basti APMC,296,0.8648648648648649,-0.08513513513513504,124.23398602240707,308.0861804912878
later_2024Q2,log_lightgbm,commodity_fixed,market,Bindki APMC,293,0.8327645051194539,-0.11723549488054608,298.0124427402334,1725.544176072204
later_2024Q2,log_lightgbm,commodity_fixed,market,Chandoli APMC,318,0.940251572327044,-0.009748427672955917,33.28487283376532,88.70137538459267
later_2024Q2,log_lightgbm,commodity_fixed,market,Fatehpur APMC,287,0.6933797909407665,-0.25662020905923344,81.94282155423083,594.8671103926655
later_2024Q2,log_lightgbm,commodity_fixed,market,Gazipur APMC,138,0.9710144927536232,0.021014492753623215,58.85253741301999,81.82774496237064
later_2024Q2,log_lightgbm,commodity_fixed,market,Ghaziabad APMC,318,0.9779874213836478,0.027987421383647848,367.9479231764769,444.15790508296885
later_2024Q2,log_lightgbm,commodity_fixed,market,Kayamganj APMC,317,0.9116719242902208,-0.03832807570977914,99.07109447163559,186.00047347801402
later_2024Q2,log_lightgbm,commodity_fixed,market,Lakhimpur APMC,316,0.9367088607594937,-0.013291139240506289,384.4658691577494,1130.088784546103
later_2024Q2,log_lightgbm,commodity_fixed,market,Lucknow APMC,314,0.9936305732484076,0.04363057324840769,282.05599523827084,311.82260239278844
later_2024Q2,log_lightgbm,commodity_fixed,market,Muradabad APMC,314,0.9745222929936306,0.024522292993630623,154.6433424466576,215.2183089917128
later_2024Q2,log_lightgbm,commodity_fixed,market,Muzzafarnagar APMC,301,0.8903654485049833,-0.05963455149501662,125.45745377792207,451.61678741791246
later_2024Q2,log_lightgbm,commodity_fixed,market,Saharanpur APMC,308,0.9805194805194806,0.030519480519480613,218.35162962950014,247.7878437090902
later_2024Q2,log_lightgbm,commodity_fixed,market,Unnao APMC,337,0.9347181008902077,-0.015281899109792274,87.26245392317651,150.48071974946137
later_2024Q2,log_lightgbm,commodity_fixed,month,2024-04,1577,0.8744451490171211,-0.07555485098287884,143.85363867035394,674.5824749982979
later_2024Q2,log_lightgbm,commodity_fixed,month,2024-05,1678,0.9165673420738975,-0.033432657926102505,227.73305721724344,422.9187471810723
later_2024Q2,log_lightgbm,commodity_fixed,month,2024-06,1546,0.9327296248382924,-0.017270375161707596,208.9566070703375,390.4232082127956
later_2024Q2,log_lightgbm,pooled_fixed,overall,all,4801,0.906477817121433,-0.043522182878566906,188.4836845829714,500.41220927737413
later_2024Q2,log_lightgbm,pooled_fixed,commodity,Onion,1253,0.9122106943335994,-0.0377893056664006,53.781820594100836,72.85315592562705
later_2024Q2,log_lightgbm,pooled_fixed,commodity,Potato,1254,0.9433811802232854,-0.006618819776714524,133.82139652651762,222.27971898708194
later_2024Q2,log_lightgbm,pooled_fixed,commodity,Rice,1147,0.9206625980819529,-0.029337401918047012,115.90787028176204,300.0172067708269
later_2024Q2,log_lightgbm,pooled_fixed,commodity,Wheat,1147,0.8456843940714909,-0.10431560592850908,467.971394961642,1471.9577232693316
later_2024Q2,log_lightgbm,pooled_fixed,market,Achalda APMC,302,0.7649006622516556,-0.1850993377483443,36.13979232593014,246.3678316551501
later_2024Q2,log_lightgbm,pooled_fixed,market,Auraiya APMC,318,0.8805031446540881,-0.06949685534591188,133.83640880529342,590.5631688945749
later_2024Q2,log_lightgbm,pooled_fixed,market,Bahraich APMC,324,0.9660493827160493,0.016049382716049387,503.781327597088,1011.42113903191
later_2024Q2,log_lightgbm,pooled_fixed,market,Basti APMC,296,0.8581081081081081,-0.09189189189189184,119.83881509345937,310.8023121724754
later_2024Q2,log_lightgbm,pooled_fixed,market,Bindki APMC,293,0.8191126279863481,-0.13088737201365186,283.72078601871783,1749.8067786274155
later_2024Q2,log_lightgbm,pooled_fixed,market,Chandoli APMC,318,0.9371069182389937,-0.012893081761006231,32.805563528934215,88.98858710444343
later_2024Q2,log_lightgbm,pooled_fixed,market,Fatehpur APMC,287,0.6898954703832753,-0.2601045296167247,77.57947696943592,621.5280440537034
later_2024Q2,log_lightgbm,pooled_fixed,market,Gazipur APMC,138,0.9710144927536232,0.021014492753623215,58.60234457104841,83.09550608506204
later_2024Q2,log_lightgbm,pooled_fixed,market,Ghaziabad APMC,318,0.9874213836477987,0.03742138364779879,357.42741838860155,429.4513253660491
later_2024Q2,log_lightgbm,pooled_fixed,market,Kayamganj APMC,317,0.9242902208201893,-0.025709779179810655,100.75443525563445,182.33503556258054
later_2024Q2,log_lightgbm,pooled_fixed,market,Lakhimpur APMC,316,0.9367088607594937,-0.013291139240506289,367.0063399410641,1163.187169929378
later_2024Q2,log_lightgbm,pooled_fixed,market,Lucknow APMC,314,0.9936305732484076,0.04363057324840769,283.34847930688875,310.9569183330848
later_2024Q2,log_lightgbm,pooled_fixed,market,Muradabad APMC,314,0.9713375796178344,0.021337579617834446,152.685990093464,215.6846215374268
later_2024Q2,log_lightgbm,pooled_fixed,market,Muzzafarnagar APMC,301,0.8903654485049833,-0.05963455149501662,125.25473113928035,451.77246515638217
later_2024Q2,log_lightgbm,pooled_fixed,market,Saharanpur APMC,308,0.9772727272727273,0.027272727272727337,209.45912194617668,246.37792589670332
later_2024Q2,log_lightgbm,pooled_fixed,market,Unnao APMC,337,0.9347181008902077,-0.015281899109792274,83.4384468114204,150.07476248585476
later_2024Q2,log_lightgbm,pooled_fixed,month,2024-04,1577,0.87000634115409,-0.07999365884590992,142.12816206522686,691.7395935176322
later_2024Q2,log_lightgbm,pooled_fixed,month,2024-05,1678,0.9183551847437426,-0.0316448152562574,219.61587511989578,423.79993127723515
later_2024Q2,log_lightgbm,pooled_fixed,month,2024-06,1546,0.9307891332470892,-0.019210866752910727,201.978408573608,388.401936015632
later_2024Q2,prespecified_log_full,commodity_adaptive,overall,all,4801,0.9500104144969798,1.0414496979804788e-05,351.96026207758,481.0585579890875
later_2024Q2,prespecified_log_full,commodity_adaptive,commodity,Onion,1253,0.9561053471667997,0.006105347166799779,75.16539461611613,86.25730629820927
later_2024Q2,prespecified_log_full,commodity_adaptive,commodity,Potato,1254,0.9545454545454546,0.00454545454545463,154.92118218006766,229.46414901838108
later_2024Q2,prespecified_log_full,commodity_adaptive,commodity,Rice,1147,0.941586748038361,-0.008413251961639001,145.26693293314815,293.5211420548892
later_2024Q2,prespecified_log_full,commodity_adaptive,commodity,Wheat,1147,0.946817785527463,-0.0031822144725369705,1076.4486872295925,1374.9476367113732
later_2024Q2,prespecified_log_full,commodity_adaptive,market,Achalda APMC,302,0.8708609271523179,-0.07913907284768207,58.24126965580687,204.14175378053707
later_2024Q2,prespecified_log_full,commodity_adaptive,market,Auraiya APMC,318,0.9371069182389937,-0.012893081761006231,308.18222067216243,526.959347561049
later_2024Q2,prespecified_log_full,commodity_adaptive,market,Bahraich APMC,324,0.9876543209876543,0.03765432098765431,973.1047998388982,1063.784919868045
later_2024Q2,prespecified_log_full,commodity_adaptive,market,Basti APMC,296,0.9256756756756757,-0.024324324324324298,289.0497097710311,356.55952169333557
later_2024Q2,prespecified_log_full,commodity_adaptive,market,Bindki APMC,293,0.9010238907849829,-0.04897610921501705,570.9052080992499,1309.42445737671
later_2024Q2,prespecified_log_full,commodity_adaptive,market,Chandoli APMC,318,0.9685534591194969,0.018553459119496907,56.87684575015932,85.17096375023955
later_2024Q2,prespecified_log_full,commodity_adaptive,market,Fatehpur APMC,287,0.8013937282229965,-0.14860627177700347,173.49777246885475,388.0379507087517
later_2024Q2,prespecified_log_full,commodity_adaptive,market,Gazipur APMC,138,0.9782608695652174,0.02826086956521745,100.49301825701446,111.61442516703227
later_2024Q2,prespecified_log_full,commodity_adaptive,market,Ghaziabad APMC,318,0.9905660377358491,0.0405660377358491,636.4592173730509,692.7829412821147
later_2024Q2,prespecified_log_full,commodity_adaptive,market,Kayamganj APMC,317,0.9684542586750788,0.018454258675078883,132.83402785834303,188.92570515722954
later_2024Q2,prespecified_log_full,commodity_adaptive,market,Lakhimpur APMC,316,0.9778481012658228,0.027848101265822822,757.8135578601431,962.6225972029699
later_2024Q2,prespecified_log_full,commodity_adaptive,market,Lucknow APMC,314,0.9936305732484076,0.04363057324840769,402.4352916647385,427.15727930621966
later_2024Q2,prespecified_log_full,commodity_adaptive,market,Muradabad APMC,314,0.9840764331210191,0.034076433121019156,242.9420768617173,262.5932757894664
later_2024Q2,prespecified_log_full,commodity_adaptive,market,Muzzafarnagar APMC,301,0.9401993355481728,-0.009800664451827146,208.4087471879641,372.85388310585023
later_2024Q2,prespecified_log_full,commodity_adaptive,market,Saharanpur APMC,308,0.9967532467532467,0.04675324675324677,401.87531854380063,402.8492814021844
later_2024Q2,prespecified_log_full,commodity_adaptive,market,Unnao APMC,337,0.9703264094955489,0.02032640949554898,151.84911653729137,164.22394927333232
later_2024Q2,prespecified_log_full,commodity_adaptive,month,2024-04,1577,0.9270767279644896,-0.022923272035510367,260.0070038513486,458.72862183126875
later_2024Q2,prespecified_log_full,commodity_adaptive,month,2024-05,1678,0.967222884386174,0.01722288438617403,500.7126245598099,569.8070965332238
later_2024Q2,prespecified_log_full,commodity_adaptive,month,2024-06,1546,0.9547218628719275,0.004721862871927551,284.3042620630816,407.51021493851795
later_2024Q2,prespecified_log_full,commodity_fixed,overall,all,4801,0.90918558633618,-0.04081441366381999,194.06732473239904,509.18540083407606
later_2024Q2,prespecified_log_full,commodity_fixed,commodity,Onion,1253,0.9249800478850758,-0.025019952114924138,57.9065076271718,74.51782341669484
later_2024Q2,prespecified_log_full,commodity_fixed,commodity,Potato,1254,0.937799043062201,-0.01220095693779899,131.24708133429084,222.32235549046516
later_2024Q2,prespecified_log_full,commodity_fixed,commodity,Rice,1147,0.9136878814298169,-0.036312118570183016,111.488497231842,305.31806973254777
later_2024Q2,prespecified_log_full,commodity_fixed,commodity,Wheat,1147,0.8561464690496948,-0.09385353095030513,494.07081575002445,1501.5137026111636
later_2024Q2,prespecified_log_full,commodity_fixed,market,Achalda APMC,302,0.7781456953642384,-0.17185430463576157,36.83328851811819,242.1501800253627
later_2024Q2,prespecified_log_full,commodity_fixed,market,Auraiya APMC,318,0.8930817610062893,-0.056918238993710624,139.56894321249516,557.3840000568338
later_2024Q2,prespecified_log_full,commodity_fixed,market,Bahraich APMC,324,0.9629629629629629,0.012962962962962954,519.0581455162265,1068.7388320919233
later_2024Q2,prespecified_log_full,commodity_fixed,market,Basti APMC,296,0.8682432432432432,-0.08175675675675675,123.47215067258784,316.79012568318035
later_2024Q2,prespecified_log_full,commodity_fixed,market,Bindki APMC,293,0.8464163822525598,-0.10358361774744018,294.9563528474607,1728.2066125806846
later_2024Q2,prespecified_log_full,commodity_fixed,market,Chandoli APMC,318,0.940251572327044,-0.009748427672955917,33.46674995475941,86.56836847738774
later_2024Q2,prespecified_log_full,commodity_fixed,market,Fatehpur APMC,287,0.7003484320557491,-0.2496515679442508,80.76121220676947,584.9129706279659
later_2024Q2,prespecified_log_full,commodity_fixed,market,Gazipur APMC,138,0.9492753623188406,-0.0007246376811593791,59.5067746935053,89.96363957998773
later_2024Q2,prespecified_log_full,commodity_fixed,market,Ghaziabad APMC,318,0.9842767295597484,0.034276729559748476,367.96709624534935,435.45105962035035
later_2024Q2,prespecified_log_full,commodity_fixed,market,Kayamganj APMC,317,0.917981072555205,-0.03201892744479495,100.04032097110726,190.71217525944994
later_2024Q2,prespecified_log_full,commodity_fixed,market,Lakhimpur APMC,316,0.9367088607594937,-0.013291139240506289,382.99666221085425,1282.3356470524172
later_2024Q2,prespecified_log_full,commodity_fixed,market,Lucknow APMC,314,0.9936305732484076,0.04363057324840769,285.1691023017075,318.52118922221365
later_2024Q2,prespecified_log_full,commodity_fixed,market,Muradabad APMC,314,0.9681528662420382,0.018152866242038268,156.29410272814673,223.1119017986309
later_2024Q2,prespecified_log_full,commodity_fixed,market,Muzzafarnagar APMC,301,0.8870431893687708,-0.06295681063122915,126.24366256895806,453.27471939506813
later_2024Q2,prespecified_log_full,commodity_fixed,market,Saharanpur APMC,308,0.9805194805194806,0.030519480519480613,218.62814636390098,256.533657596665
later_2024Q2,prespecified_log_full,commodity_fixed,market,Unnao APMC,337,0.9287833827893175,-0.021216617210682465,87.01332650946316,149.35902694698234
later_2024Q2,prespecified_log_full,commodity_fixed,month,2024-04,1577,0.87571337983513,-0.07428662016486998,144.60016230852892,709.006113563896
later_2024Q2,prespecified_log_full,commodity_fixed,month,2024-05,1678,0.9153754469606674,-0.03462455303933254,227.15291900194643,429.2916564059346
later_2024Q2,prespecified_log_full,commodity_fixed,month,2024-06,1546,0.9366106080206986,-0.013389391979301335,208.61589391619123,392.0731363939049
later_2024Q2,prespecified_log_full,pooled_fixed,overall,all,4801,0.9093938762757758,-0.04060612372422412,191.86268265067807,511.87231909274306
later_2024Q2,prespecified_log_full,pooled_fixed,commodity,Onion,1253,0.9193934557063048,-0.030606544293695137,54.774037530603806,72.99442926265539
later_2024Q2,prespecified_log_full,pooled_fixed,commodity,Potato,1254,0.9425837320574163,-0.007416267942583654,136.30213970519955,223.35540710325108
later_2024Q2,prespecified_log_full,pooled_fixed,commodity,Rice,1147,0.918918918918919,-0.031081081081080986,117.91240975387142,301.054650650138
later_2024Q2,prespecified_log_full,pooled_fixed,commodity,Wheat,1147,0.8526591107236269,-0.09734088927637308,476.31425736883006,1517.5585172580359
later_2024Q2,prespecified_log_full,pooled_fixed,market,Achalda APMC,302,0.7781456953642384,-0.17185430463576157,36.74903800156007,242.16211476560858
later_2024Q2,prespecified_log_full,pooled_fixed,market,Auraiya APMC,318,0.8930817610062893,-0.056918238993710624,136.11542180078845,565.7511547635957
later_2024Q2,prespecified_log_full,pooled_fixed,market,Bahraich APMC,324,0.9629629629629629,0.012962962962962954,513.3475169714146,1072.7514129000135
later_2024Q2,prespecified_log_full,pooled_fixed,market,Basti APMC,296,0.8648648648648649,-0.08513513513513504,121.3597357796873,316.31000465781335
later_2024Q2,prespecified_log_full,pooled_fixed,market,Bindki APMC,293,0.8464163822525598,-0.10358361774744018,288.0359941920238,1734.958348589465
later_2024Q2,prespecified_log_full,pooled_fixed,market,Chandoli APMC,318,0.940251572327044,-0.009748427672955917,33.40480876417814,86.71319531342691
later_2024Q2,prespecified_log_full,pooled_fixed,market,Fatehpur APMC,287,0.6968641114982579,-0.25313588850174207,78.4182925342002,597.7505209668938
later_2024Q2,prespecified_log_full,pooled_fixed,market,Gazipur APMC,138,0.9492753623188406,-0.0007246376811593791,59.71334270875272,91.79492242093974
later_2024Q2,prespecified_log_full,pooled_fixed,market,Ghaziabad APMC,318,0.9874213836477987,0.03742138364779879,364.2057201581273,428.74323163972446
later_2024Q2,prespecified_log_full,pooled_fixed,market,Kayamganj APMC,317,0.9242902208201893,-0.025709779179810655,102.66154972716583,186.6963950112714
later_2024Q2,prespecified_log_full,pooled_fixed,market,Lakhimpur APMC,316,0.9335443037974683,-0.016455696202531622,373.9344085878381,1304.946259763248
later_2024Q2,prespecified_log_full,pooled_fixed,market,Lucknow APMC,314,0.9936305732484076,0.04363057324840769,288.60816710191597,319.3294368276712
later_2024Q2,prespecified_log_full,pooled_fixed,market,Muradabad APMC,314,0.9681528662420382,0.018152866242038268,155.54700205506336,223.8480588917559
later_2024Q2,prespecified_log_full,pooled_fixed,market,Muzzafarnagar APMC,301,0.8903654485049833,-0.05963455149501662,127.47678113559822,451.30892868477275
later_2024Q2,prespecified_log_full,pooled_fixed,market,Saharanpur APMC,308,0.9805194805194806,0.030519480519480613,213.43094987304244,254.46200158197624
later_2024Q2,prespecified_log_full,pooled_fixed,market,Unnao APMC,337,0.9287833827893175,-0.021216617210682465,84.99291271604237,149.72144579073156
later_2024Q2,prespecified_log_full,pooled_fixed,month,2024-04,1577,0.8763474952441345,-0.07365250475586549,144.71416924730426,718.724635226966
later_2024Q2,prespecified_log_full,pooled_fixed,month,2024-05,1678,0.9171632896305125,-0.03283671036948743,223.5162172947227,429.06453701315496
later_2024Q2,prespecified_log_full,pooled_fixed,month,2024-06,1546,0.9346701164294955,-0.015329883570504466,205.60044106232982,390.750298255666
later_2024Q2,random_forest,commodity_adaptive,overall,all,4801,0.9477192251614247,-0.00228077483857525,352.439956882758,467.79843365484965
later_2024Q2,random_forest,commodity_adaptive,commodity,Onion,1253,0.9465283320031923,-0.003471667996807648,81.55501494397123,92.11957231545699
later_2024Q2,random_forest,commodity_adaptive,commodity,Potato,1254,0.9545454545454546,0.00454545454545463,178.93535994999908,247.76777173770472
later_2024Q2,random_forest,commodity_adaptive,commodity,Rice,1147,0.9363557105492589,-0.013644289450741032,155.9241458611872,313.2727505481452
later_2024Q2,random_forest,commodity_adaptive,commodity,Wheat,1147,0.952920662598082,0.002920662598081991,1034.5648322486875,1273.2779644532354
later_2024Q2,random_forest,commodity_adaptive,market,Achalda APMC,302,0.8576158940397351,-0.0923841059602648,61.329313273386596,192.41100207874013
later_2024Q2,random_forest,commodity_adaptive,market,Auraiya APMC,318,0.9276729559748428,-0.022327044025157172,298.2929412200215,482.28398968114567
later_2024Q2,random_forest,commodity_adaptive,market,Bahraich APMC,324,0.9907407407407407,0.040740740740740744,955.8777204932484,1023.4940142186772
later_2024Q2,random_forest,commodity_adaptive,market,Basti APMC,296,0.9358108108108109,-0.0141891891891891,288.149889835117,333.5822955919217
later_2024Q2,random_forest,commodity_adaptive,market,Bindki APMC,293,0.8805460750853242,-0.06945392491467572,565.0913260090006,1313.5996981837218
later_2024Q2,random_forest,commodity_adaptive,market,Chandoli APMC,318,0.9748427672955975,0.024842767295597534,57.01487106496643,89.04325840275476
later_2024Q2,random_forest,commodity_adaptive,market,Fatehpur APMC,287,0.7874564459930313,-0.16254355400696863,168.18738680775675,404.83458434717824
later_2024Q2,random_forest,commodity_adaptive,market,Gazipur APMC,138,0.9927536231884058,0.04275362318840581,100.17640928975825,109.65063123068367
later_2024Q2,random_forest,commodity_adaptive,market,Ghaziabad APMC,318,0.9874213836477987,0.03742138364779879,651.829744896999,717.3391421600144
later_2024Q2,random_forest,commodity_adaptive,market,Kayamganj APMC,317,0.9747634069400631,0.024763406940063182,145.95795936353903,192.5441609751788
later_2024Q2,random_forest,commodity_adaptive,market,Lakhimpur APMC,316,0.9778481012658228,0.027848101265822822,730.9966114079837,829.7015328352401
later_2024Q2,random_forest,commodity_adaptive,market,Lucknow APMC,314,0.9968152866242038,0.04681528662420387,435.62730928153263,444.7345312065215
later_2024Q2,random_forest,commodity_adaptive,market,Muradabad APMC,314,0.9872611464968153,0.037261146496815334,252.6989310653127,262.1546556246963
later_2024Q2,random_forest,commodity_adaptive,market,Muzzafarnagar APMC,301,0.9435215946843853,-0.00647840531561461,210.96005702954255,357.45105599788053
later_2024Q2,random_forest,commodity_adaptive,market,Saharanpur APMC,308,0.9902597402597403,0.04025974025974033,398.7956699353274,400.5106954881315
later_2024Q2,random_forest,commodity_adaptive,market,Unnao APMC,337,0.9584569732937686,0.0084569732937686,150.99204764445687,164.1078653663112
later_2024Q2,random_forest,commodity_adaptive,month,2024-04,1577,0.9270767279644896,-0.022923272035510367,258.68380127831404,418.19516767103835
later_2024Q2,random_forest,commodity_adaptive,month,2024-05,1678,0.9600715137067938,0.010071513706793822,481.84246418090424,551.8581533808193
later_2024Q2,random_forest,commodity_adaptive,month,2024-06,1546,0.9553686934023286,0.005368693402328595,307.6249828477765,427.159456136281
later_2024Q2,random_forest,commodity_fixed,overall,all,4801,0.9154342845240575,-0.03456571547594245,214.9170725566355,479.9156742228907
later_2024Q2,random_forest,commodity_fixed,commodity,Onion,1253,0.9289704708699122,-0.02102952913008771,65.06066160856953,80.94729746384498
later_2024Q2,random_forest,commodity_fixed,commodity,Potato,1254,0.9370015948963317,-0.012998405103668231,138.37737789831976,233.7170963056006
later_2024Q2,random_forest,commodity_fixed,commodity,Rice,1147,0.918918918918919,-0.031081081081080986,124.66017191729343,326.54834992238136
later_2024Q2,random_forest,commodity_fixed,commodity,Wheat,1147,0.8735832606800349,-0.07641673931996507,552.559204250428,1338.2877001688805
later_2024Q2,random_forest,commodity_fixed,market,Achalda APMC,302,0.7715231788079471,-0.17847682119205288,40.463769072239785,250.07952643538033
later_2024Q2,random_forest,commodity_fixed,market,Auraiya APMC,318,0.9025157232704403,-0.04748427672955968,156.3711293514459,475.42256205558607
later_2024Q2,random_forest,commodity_fixed,market,Bahraich APMC,324,0.9722222222222222,0.022222222222222254,576.3642907553357,913.54656860526
later_2024Q2,random_forest,commodity_fixed,market,Basti APMC,296,0.8783783783783784,-0.07162162162162156,146.08001687397083,494.73698206856085
later_2024Q2,random_forest,commodity_fixed,market,Bindki APMC,293,0.8464163822525598,-0.10358361774744018,330.71184664654453,1682.5672180784568
later_2024Q2,random_forest,commodity_fixed,market,Chandoli APMC,318,0.9622641509433962,0.01226415094339628,36.7678523851722,81.44766460557214
later_2024Q2,random_forest,commodity_fixed,market,Fatehpur APMC,287,0.6794425087108014,-0.2705574912891986,90.81503210677224,564.6313148882203
later_2024Q2,random_forest,commodity_fixed,market,Gazipur APMC,138,0.9710144927536232,0.021014492753623215,65.79442777494792,89.17903217327931
later_2024Q2,random_forest,commodity_fixed,market,Ghaziabad APMC,318,0.9779874213836478,0.027987421383647848,405.54879803513234,522.980166731708
later_2024Q2,random_forest,commodity_fixed,market,Kayamganj APMC,317,0.9305993690851735,-0.019400630914826467,106.83221834346992,205.55316099494343
later_2024Q2,random_forest,commodity_fixed,market,Lakhimpur APMC,316,0.9588607594936709,0.008860759493670933,421.1804271467355,880.7994774149776
later_2024Q2,random_forest,commodity_fixed,market,Lucknow APMC,314,0.9968152866242038,0.04681528662420387,310.1239042669912,328.1107338472644
later_2024Q2,random_forest,commodity_fixed,market,Muradabad APMC,314,0.9777070063694268,0.0277070063694268,171.62575577726307,210.50316464077147
later_2024Q2,random_forest,commodity_fixed,market,Muzzafarnagar APMC,301,0.9003322259136213,-0.04966777408637868,139.75336008806786,412.786234324564
later_2024Q2,random_forest,commodity_fixed,market,Saharanpur APMC,308,0.9772727272727273,0.027272727272727337,241.4506539291144,298.38066416378723
later_2024Q2,random_forest,commodity_fixed,market,Unnao APMC,337,0.9376854599406528,-0.012314540059347179,96.52663904719896,138.31375107878517
later_2024Q2,random_forest,commodity_fixed,month,2024-04,1577,0.8871274571972099,-0.06287254280279009,159.03108213687244,561.9206158534272
later_2024Q2,random_forest,commodity_fixed,month,2024-05,1678,0.9171632896305125,-0.03283671036948743,253.16265355718306,472.95512901253545
later_2024Q2,random_forest,commodity_fixed,month,2024-06,1546,0.9424320827943079,-0.007567917205692054,230.4126236388137,403.82123820194636
later_2024Q2,random_forest,pooled_fixed,overall,all,4801,0.9137679650072902,-0.03623203499270977,212.05221833792953,482.6838691815277
later_2024Q2,random_forest,pooled_fixed,commodity,Onion,1253,0.9209896249002394,-0.029010375099760566,60.357608054872074,78.54768077475165
later_2024Q2,random_forest,pooled_fixed,commodity,Potato,1254,0.9433811802232854,-0.006618819776714524,150.36270579062793,237.1506771825037
later_2024Q2,random_forest,pooled_fixed,commodity,Rice,1147,0.9215344376634699,-0.02846556233653008,129.85302010981968,323.52204470028124
later_2024Q2,random_forest,pooled_fixed,commodity,Wheat,1147,0.8657367044463818,-0.08426329555361811,527.4092155363855,1351.7683325821001
later_2024Q2,random_forest,pooled_fixed,market,Achalda APMC,302,0.7682119205298014,-0.1817880794701986,40.56097364613612,250.08782058570975
later_2024Q2,random_forest,pooled_fixed,market,Auraiya APMC,318,0.8930817610062893,-0.056918238993710624,151.67458791086236,482.7444578582144
later_2024Q2,random_forest,pooled_fixed,market,Bahraich APMC,324,0.9722222222222222,0.022222222222222254,564.7029908898938,911.6903107877016
later_2024Q2,random_forest,pooled_fixed,market,Basti APMC,296,0.875,-0.07499999999999996,142.59505665646307,507.3199728558412
later_2024Q2,random_forest,pooled_fixed,market,Bindki APMC,293,0.8361774744027304,-0.11382252559726957,319.6285133534707,1690.5545978260839
later_2024Q2,random_forest,pooled_fixed,market,Chandoli APMC,318,0.9591194968553459,0.009119496855345965,36.69007391930051,80.94801821600107
later_2024Q2,random_forest,pooled_fixed,market,Fatehpur APMC,287,0.6724738675958188,-0.2775261324041811,87.50344370885193,581.9354377927614
later_2024Q2,random_forest,pooled_fixed,market,Gazipur APMC,138,0.9710144927536232,0.021014492753623215,65.76687015931441,91.34601527582373
later_2024Q2,random_forest,pooled_fixed,market,Ghaziabad APMC,318,0.9874213836477987,0.03742138364779879,400.9120807452565,516.7581400942886
later_2024Q2,random_forest,pooled_fixed,market,Kayamganj APMC,317,0.9400630914826499,-0.009936908517350074,113.1553387186872,198.40628315707036
later_2024Q2,random_forest,pooled_fixed,market,Lakhimpur APMC,316,0.9556962025316456,0.0056962025316456,409.6543260953659,887.5182325799726
later_2024Q2,random_forest,pooled_fixed,market,Lucknow APMC,314,0.9968152866242038,0.04681528662420387,318.47448763836206,333.2871886390726
later_2024Q2,random_forest,pooled_fixed,market,Muradabad APMC,314,0.9777070063694268,0.0277070063694268,171.62043757383123,211.29753915122046
later_2024Q2,random_forest,pooled_fixed,market,Muzzafarnagar APMC,301,0.8970099667774086,-0.052990033222591326,140.47846363143475,416.64642268257205
later_2024Q2,random_forest,pooled_fixed,market,Saharanpur APMC,308,0.9772727272727273,0.027272727272727337,234.9860139540029,296.5521373527337
later_2024Q2,random_forest,pooled_fixed,market,Unnao APMC,337,0.9347181008902077,-0.015281899109792274,93.59163090554546,138.42302163074913
later_2024Q2,random_forest,pooled_fixed,month,2024-04,1577,0.8833227647431833,-0.06667723525681668,159.31064154292008,572.5949389730563
later_2024Q2,random_forest,pooled_fixed,month,2024-05,1678,0.9183551847437426,-0.0316448152562574,248.1742157253773,473.32881680430586
later_2024Q2,random_forest,pooled_fixed,month,2024-06,1546,0.9398447606727037,-0.010155239327296228,226.64520345409542,401.1237274142174
later_2024Q2,rolling_mean,commodity_adaptive,overall,all,4801,0.9533430535305145,0.0033430535305145614,442.53384553181587,530.0619654816094
later_2024Q2,rolling_mean,commodity_adaptive,commodity,Onion,1253,0.9521149241819633,0.0021149241819633513,88.40036101035237,98.87898814276632
later_2024Q2,rolling_mean,commodity_adaptive,commodity,Potato,1254,0.9529505582137161,0.002950558213716148,197.63118480074147,264.9749472662146
later_2024Q2,rolling_mean,commodity_adaptive,commodity,Rice,1147,0.951176983435048,0.001176983435048018,186.67534569875554,294.4164642090449
later_2024Q2,rolling_mean,commodity_adaptive,commodity,Wheat,1147,0.9572798605056669,0.00727986050566698,1353.0019292028544,1526.5543642674043
later_2024Q2,rolling_mean,commodity_adaptive,market,Achalda APMC,302,0.8874172185430463,-0.06258278145695362,68.20482146902567,246.31704861246502
later_2024Q2,rolling_mean,commodity_adaptive,market,Auraiya APMC,318,0.949685534591195,-0.00031446540880497587,402.65972674736565,584.9763519912832
later_2024Q2,rolling_mean,commodity_adaptive,market,Bahraich APMC,324,0.9845679012345679,0.03456790123456799,1192.5737913295113,1218.0778045301374
later_2024Q2,rolling_mean,commodity_adaptive,market,Basti APMC,296,0.8851351351351351,-0.06486486486486487,369.803328335988,460.326296585299
later_2024Q2,rolling_mean,commodity_adaptive,market,Bindki APMC,293,0.9112627986348123,-0.03873720136518766,708.3073392417357,1195.9563063889534
later_2024Q2,rolling_mean,commodity_adaptive,market,Chandoli APMC,318,0.9748427672955975,0.024842767295597534,69.90176414078107,93.933399623113
later_2024Q2,rolling_mean,commodity_adaptive,market,Fatehpur APMC,287,0.8222996515679443,-0.1277003484320557,223.88419725286667,342.3715919246796
later_2024Q2,rolling_mean,commodity_adaptive,market,Gazipur APMC,138,1.0,0.050000000000000044,136.50104023307821,136.50104023307821
later_2024Q2,rolling_mean,commodity_adaptive,market,Ghaziabad APMC,318,0.9968553459119497,0.04685534591194973,836.8031916023954,879.7514889257718
later_2024Q2,rolling_mean,commodity_adaptive,market,Kayamganj APMC,317,0.9652996845425867,0.015299684542586789,169.90465369277896,196.32674962445594
later_2024Q2,rolling_mean,commodity_adaptive,market,Lakhimpur APMC,316,0.9778481012658228,0.027848101265822822,961.8164396201458,977.5120407998863
later_2024Q2,rolling_mean,commodity_adaptive,market,Lucknow APMC,314,0.9968152866242038,0.04681528662420387,512.1298777131177,518.5641771567148
later_2024Q2,rolling_mean,commodity_adaptive,market,Muradabad APMC,314,0.9808917197452229,0.03089171974522298,304.18585159605783,318.36875646819743
later_2024Q2,rolling_mean,commodity_adaptive,market,Muzzafarnagar APMC,301,0.9634551495016611,0.013455149501661157,254.56405568769216,404.80561887893293
later_2024Q2,rolling_mean,commodity_adaptive,market,Saharanpur APMC,308,1.0,0.050000000000000044,503.6207278259374,503.6207278259374
later_2024Q2,rolling_mean,commodity_adaptive,market,Unnao APMC,337,0.9614243323442137,0.011424332344213695,164.07015153349388,194.27504838592745
later_2024Q2,rolling_mean,commodity_adaptive,month,2024-04,1577,0.9441978440076094,-0.005802155992390534,375.3842811851577,485.39508446534666
later_2024Q2,rolling_mean,commodity_adaptive,month,2024-05,1678,0.966030989272944,0.016030989272943996,605.9786182848137,663.5579137089211
later_2024Q2,rolling_mean,commodity_adaptive,month,2024-06,1546,0.9489003880983182,-0.0010996119016817296,333.6299220487301,430.730445583302
later_2024Q2,rolling_mean,commodity_fixed,overall,all,4801,0.8962716100812331,-0.05372838991876683,284.9408094239505,767.9308487629752
later_2024Q2,rolling_mean,commodity_fixed,commodity,Onion,1253,0.942537909018356,-0.007462090981643965,76.14387710733708,92.93364612123433
later_2024Q2,rolling_mean,commodity_fixed,commodity,Potato,1254,0.930622009569378,-0.01937799043062194,172.0965673465561,252.60840278515005
later_2024Q2,rolling_mean,commodity_fixed,commodity,Rice,1147,0.9206625980819529,-0.029337401918047012,161.5442413263794,300.27476116581516
later_2024Q2,rolling_mean,commodity_fixed,commodity,Wheat,1147,0.7837837837837838,-0.16621621621621618,759.8014017218434,2536.359248623687
later_2024Q2,rolling_mean,commodity_fixed,market,Achalda APMC,302,0.8079470198675497,-0.14205298013245027,53.34564266347679,306.1554780586787
later_2024Q2,rolling_mean,commodity_fixed,market,Auraiya APMC,318,0.8867924528301887,-0.06320754716981125,214.6838700772418,1010.7050666874311
later_2024Q2,rolling_mean,commodity_fixed,market,Bahraich APMC,324,0.9228395061728395,-0.02716049382716046,768.6000887177943,2104.9165427895396
later_2024Q2,rolling_mean,commodity_fixed,market,Basti APMC,296,0.7466216216216216,-0.20337837837837835,202.90225521410974,1024.9039628759276
later_2024Q2,rolling_mean,commodity_fixed,market,Bindki APMC,293,0.8430034129692833,-0.10699658703071668,449.26704141220716,1768.8309415386432
later_2024Q2,rolling_mean,commodity_fixed,market,Chandoli APMC,318,0.9213836477987422,-0.0286163522012578,48.67407726879773,146.90503676273758
later_2024Q2,rolling_mean,commodity_fixed,market,Fatehpur APMC,287,0.7038327526132404,-0.24616724738675955,124.30489952863911,525.212063200311
later_2024Q2,rolling_mean,commodity_fixed,market,Gazipur APMC,138,0.9420289855072463,-0.007971014492753614,84.13557736357579,171.02456044863487
later_2024Q2,rolling_mean,commodity_fixed,market,Ghaziabad APMC,318,0.9968553459119497,0.04685534591194973,534.2315049058068,581.1302350335349
later_2024Q2,rolling_mean,commodity_fixed,market,Kayamganj APMC,317,0.9305993690851735,-0.019400630914826467,134.76020860595588,205.80339137949554
later_2024Q2,rolling_mean,commodity_fixed,market,Lakhimpur APMC,316,0.9430379746835443,-0.006962025316455622,567.1426056960956,1936.3804268411152
later_2024Q2,rolling_mean,commodity_fixed,market,Lucknow APMC,314,0.9968152866242038,0.04681528662420387,391.9458243458992,401.38404386205923
later_2024Q2,rolling_mean,commodity_fixed,market,Muradabad APMC,314,0.964968152866242,0.01496815286624209,217.76937866181834,316.05572343890344
later_2024Q2,rolling_mean,commodity_fixed,market,Muzzafarnagar APMC,301,0.893687707641196,-0.05631229235880397,183.25409470363294,503.6841979071562
later_2024Q2,rolling_mean,commodity_fixed,market,Saharanpur APMC,308,0.9772727272727273,0.027272727272727337,315.89785779472237,450.0809662089057
later_2024Q2,rolling_mean,commodity_fixed,market,Unnao APMC,337,0.857566765578635,-0.09243323442136497,131.77268516994687,506.9510819857712
later_2024Q2,rolling_mean,commodity_fixed,month,2024-04,1577,0.8579581483830057,-0.0920418516169943,207.29618548103036,1300.2658886959055
later_2024Q2,rolling_mean,commodity_fixed,month,2024-05,1678,0.8974970202622169,-0.05250297973778306,337.0845232580521,587.760508283164
later_2024Q2,rolling_mean,commodity_fixed,month,2024-06,1546,0.9340232858990944,-0.01597671410090551,307.5465145626066,420.47513941685133
later_2024Q2,rolling_mean,pooled_fixed,overall,all,4801,0.8956467402624453,-0.05435325973755467,268.19560006279806,806.3569245072597
later_2024Q2,rolling_mean,pooled_fixed,commodity,Onion,1253,0.942537909018356,-0.007462090981643965,76.14387710733708,92.93364612123433
later_2024Q2,rolling_mean,pooled_fixed,commodity,Potato,1254,0.9473684210526315,-0.0026315789473684292,189.11504049701688,259.62244109036993
later_2024Q2,rolling_mean,pooled_fixed,commodity,Rice,1147,0.9250217959895379,-0.024978204010462024,164.91667329761518,298.178420226924
later_2024Q2,rolling_mean,pooled_fixed,commodity,Wheat,1147,0.7585004359197908,-0.19149956408020918,667.7324436184623,2691.627329417473
later_2024Q2,rolling_mean,pooled_fixed,market,Achalda APMC,302,0.8013245033112583,-0.1486754966887417,51.531104703359844,310.63679559866057
later_2024Q2,rolling_mean,pooled_fixed,market,Auraiya APMC,318,0.8836477987421384,-0.06635220125786156,194.030042841147,1101.7812331379757
later_2024Q2,rolling_mean,pooled_fixed,market,Bahraich APMC,324,0.9228395061728395,-0.02716049382716046,710.8517344706509,2202.9773030216566
later_2024Q2,rolling_mean,pooled_fixed,market,Basti APMC,296,0.7398648648648649,-0.21013513513513504,187.1093586029234,1203.2893955800057
later_2024Q2,rolling_mean,pooled_fixed,market,Bindki APMC,293,0.8430034129692833,-0.10699658703071668,405.16744105883885,1826.0715715496628
later_2024Q2,rolling_mean,pooled_fixed,market,Chandoli APMC,318,0.9182389937106918,-0.031761006289308114,46.729804896582,153.10876754267463
later_2024Q2,rolling_mean,pooled_fixed,market,Fatehpur APMC,287,0.7386759581881533,-0.2113240418118466,111.78420384679356,558.0189637960806
later_2024Q2,rolling_mean,pooled_fixed,market,Gazipur APMC,138,0.9420289855072463,-0.007971014492753614,82.64657494254052,181.78768859623992
later_2024Q2,rolling_mean,pooled_fixed,market,Ghaziabad APMC,318,0.9968553459119497,0.04685534591194973,504.077987606083,549.0936472195579
later_2024Q2,rolling_mean,pooled_fixed,market,Kayamganj APMC,317,0.9305993690851735,-0.019400630914826467,142.1127272779436,207.1187296885327
later_2024Q2,rolling_mean,pooled_fixed,market,Lakhimpur APMC,316,0.9367088607594937,-0.013291139240506289,519.0911785354288,1994.841510235995
later_2024Q2,rolling_mean,pooled_fixed,market,Lucknow APMC,314,0.9968152866242038,0.04681528662420387,399.8256409873246,404.8004985133052
later_2024Q2,rolling_mean,pooled_fixed,market,Muradabad APMC,314,0.964968152866242,0.01496815286624209,216.01013845629274,321.63871799174797
later_2024Q2,rolling_mean,pooled_fixed,market,Muzzafarnagar APMC,301,0.8837209302325582,-0.0662790697674418,177.5562124888191,534.3012974523813
later_2024Q2,rolling_mean,pooled_fixed,market,Saharanpur APMC,308,0.9772727272727273,0.027272727272727337,295.83668743302405,462.46847669639214
later_2024Q2,rolling_mean,pooled_fixed,market,Unnao APMC,337,0.8516320474777448,-0.09836795252225516,119.48802092683893,552.6160563848817
later_2024Q2,rolling_mean,pooled_fixed,month,2024-04,1577,0.8516169942929613,-0.09838300570703862,201.40104796563944,1397.9921622230231
later_2024Q2,rolling_mean,pooled_fixed,month,2024-05,1678,0.9016686531585221,-0.048331346841477885,313.49670633138714,610.4797233468595
later_2024Q2,rolling_mean,pooled_fixed,month,2024-06,1546,0.9340232858990944,-0.01597671410090551,287.1605110191543,415.45988289625933
later_2024Q2,selected_lightgbm_bundle,commodity_adaptive,overall,all,4801,0.9481358050406166,-0.0018641949593833917,343.7430112448335,473.47760570200575
later_2024Q2,selected_lightgbm_bundle,commodity_adaptive,commodity,Onion,1253,0.9529130087789306,0.002913008778930637,77.35731715371867,89.0988049162864
later_2024Q2,selected_lightgbm_bundle,commodity_adaptive,commodity,Potato,1254,0.9537480063795853,0.003748006379585389,162.2138792002673,244.39032781969664
later_2024Q2,selected_lightgbm_bundle,commodity_adaptive,commodity,Rice,1147,0.9389712292938099,-0.011028770706190016,153.47745443300857,317.12267285225533
later_2024Q2,selected_lightgbm_bundle,commodity_adaptive,commodity,Wheat,1147,0.9459459459459459,-0.004054054054054013,1023.4757051796341,1300.1918095621506
later_2024Q2,selected_lightgbm_bundle,commodity_adaptive,market,Achalda APMC,302,0.8609271523178808,-0.0890728476821192,58.179227384186504,213.92419628742707
later_2024Q2,selected_lightgbm_bundle,commodity_adaptive,market,Auraiya APMC,318,0.9213836477987422,-0.0286163522012578,293.55130096244085,489.2581778098924
later_2024Q2,selected_lightgbm_bundle,commodity_adaptive,market,Bahraich APMC,324,0.9876543209876543,0.03765432098765431,944.3668567318542,1039.02348633559
later_2024Q2,selected_lightgbm_bundle,commodity_adaptive,market,Basti APMC,296,0.9290540540540541,-0.0209459459459459,277.31659092648124,337.03689977836865
later_2024Q2,selected_lightgbm_bundle,commodity_adaptive,market,Bindki APMC,293,0.8873720136518771,-0.06262798634812283,553.6161578719658,1369.7994569823645
later_2024Q2,selected_lightgbm_bundle,commodity_adaptive,market,Chandoli APMC,318,0.9748427672955975,0.024842767295597534,56.40361434439249,87.75833221621194
later_2024Q2,selected_lightgbm_bundle,commodity_adaptive,market,Fatehpur APMC,287,0.7839721254355401,-0.1660278745644599,166.10216373114088,397.2408710935323
later_2024Q2,selected_lightgbm_bundle,commodity_adaptive,market,Gazipur APMC,138,0.9927536231884058,0.04275362318840581,99.79371078239362,108.81896820745798
later_2024Q2,selected_lightgbm_bundle,commodity_adaptive,market,Ghaziabad APMC,318,0.9905660377358491,0.0405660377358491,625.4578858579979,695.6393227853739
later_2024Q2,selected_lightgbm_bundle,commodity_adaptive,market,Kayamganj APMC,317,0.9716088328075709,0.021608832807570977,135.84931966716195,203.7878230216484
later_2024Q2,selected_lightgbm_bundle,commodity_adaptive,market,Lakhimpur APMC,316,0.9778481012658228,0.027848101265822822,727.6722692158388,863.4388937525343
later_2024Q2,selected_lightgbm_bundle,commodity_adaptive,market,Lucknow APMC,314,0.9968152866242038,0.04681528662420387,411.02314131778917,426.35558195000647
later_2024Q2,selected_lightgbm_bundle,commodity_adaptive,market,Muradabad APMC,314,0.9840764331210191,0.034076433121019156,243.112147937826,255.01921222442007
later_2024Q2,selected_lightgbm_bundle,commodity_adaptive,market,Muzzafarnagar APMC,301,0.9401993355481728,-0.009800664451827146,208.09424200938213,369.9018425872315
later_2024Q2,selected_lightgbm_bundle,commodity_adaptive,market,Saharanpur APMC,308,0.9935064935064936,0.043506493506493604,390.3812686555232,391.5237593690082
later_2024Q2,selected_lightgbm_bundle,commodity_adaptive,market,Unnao APMC,337,0.9762611275964391,0.02626112759643917,147.07682460435765,159.47927075429763
later_2024Q2,selected_lightgbm_bundle,commodity_adaptive,month,2024-04,1577,0.9251743817374762,-0.02482561826252372,253.00514266498942,431.2398390276666
later_2024Q2,selected_lightgbm_bundle,commodity_adaptive,month,2024-05,1678,0.9636471990464839,0.013647199046483927,486.99930295906006,567.8646967073097
later_2024Q2,selected_lightgbm_bundle,commodity_adaptive,month,2024-06,1546,0.9547218628719275,0.004721862871927551,280.81258514777153,414.1162986764773
later_2024Q2,selected_lightgbm_bundle,commodity_fixed,overall,all,4801,0.9125182253697146,-0.03748177463028535,203.31164905946153,494.79019868895205
later_2024Q2,selected_lightgbm_bundle,commodity_fixed,commodity,Onion,1253,0.9233838786911412,-0.02661612130885871,59.17266018511916,77.00790061631079
later_2024Q2,selected_lightgbm_bundle,commodity_fixed,commodity,Potato,1254,0.9385964912280702,-0.011403508771929749,135.79554462617614,232.78599633190626
later_2024Q2,selected_lightgbm_bundle,commodity_fixed,commodity,Rice,1147,0.9067131647776809,-0.04328683522231902,109.04903390629994,335.50887047152975
later_2024Q2,selected_lightgbm_bundle,commodity_fixed,commodity,Wheat,1147,0.8779424585876199,-0.07205754141238008,528.8483252578636,1396.9089194440855
later_2024Q2,selected_lightgbm_bundle,commodity_fixed,market,Achalda APMC,302,0.7748344370860927,-0.17516556291390728,38.56453293670477,259.51177454003164
later_2024Q2,selected_lightgbm_bundle,commodity_fixed,market,Auraiya APMC,318,0.8930817610062893,-0.056918238993710624,147.940573827751,523.1656744705349
later_2024Q2,selected_lightgbm_bundle,commodity_fixed,market,Bahraich APMC,324,0.9660493827160493,0.016049382716049387,541.9666198364012,1023.7920000128937
later_2024Q2,selected_lightgbm_bundle,commodity_fixed,market,Basti APMC,296,0.8783783783783784,-0.07162162162162156,130.29852717506435,281.69903525493214
later_2024Q2,selected_lightgbm_bundle,commodity_fixed,market,Bindki APMC,293,0.8225255972696246,-0.12747440273037536,312.4668718534927,1853.4979605657202
later_2024Q2,selected_lightgbm_bundle,commodity_fixed,market,Chandoli APMC,318,0.9622641509433962,0.01226415094339628,34.63993905614526,80.14161658864185
later_2024Q2,selected_lightgbm_bundle,commodity_fixed,market,Fatehpur APMC,287,0.6759581881533101,-0.27404181184668985,85.8351063362308,551.821690702951
later_2024Q2,selected_lightgbm_bundle,commodity_fixed,market,Gazipur APMC,138,0.9637681159420289,0.01376811594202898,61.15380893690949,90.62633806329599
later_2024Q2,selected_lightgbm_bundle,commodity_fixed,market,Ghaziabad APMC,318,0.9842767295597484,0.034276729559748476,386.0112935826721,467.51750949673703
later_2024Q2,selected_lightgbm_bundle,commodity_fixed,market,Kayamganj APMC,317,0.9305993690851735,-0.019400630914826467,103.68424840628697,200.86499935586048
later_2024Q2,selected_lightgbm_bundle,commodity_fixed,market,Lakhimpur APMC,316,0.9556962025316456,0.0056962025316456,403.4196327719444,1046.4555416160704
later_2024Q2,selected_lightgbm_bundle,commodity_fixed,market,Lucknow APMC,314,0.9936305732484076,0.04363057324840769,294.7496765261471,313.68483606476184
later_2024Q2,selected_lightgbm_bundle,commodity_fixed,market,Muradabad APMC,314,0.9713375796178344,0.021337579617834446,162.14293185781517,210.86121339285947
later_2024Q2,selected_lightgbm_bundle,commodity_fixed,market,Muzzafarnagar APMC,301,0.8870431893687708,-0.06295681063122915,129.6345196469759,465.22186086259427
later_2024Q2,selected_lightgbm_bundle,commodity_fixed,market,Saharanpur APMC,308,0.9805194805194806,0.030519480519480613,230.19966259629547,276.4462989382674
later_2024Q2,selected_lightgbm_bundle,commodity_fixed,market,Unnao APMC,337,0.9495548961424333,-0.0004451038575666866,92.32648079778251,128.5114569112968
later_2024Q2,selected_lightgbm_bundle,commodity_fixed,month,2024-04,1577,0.8833227647431833,-0.06667723525681668,149.89090690677304,635.5337266513229
later_2024Q2,selected_lightgbm_bundle,commodity_fixed,month,2024-05,1678,0.9153754469606674,-0.03462455303933254,238.9753742842749,441.6689851680655
later_2024Q2,selected_lightgbm_bundle,commodity_fixed,month,2024-06,1546,0.9391979301423027,-0.010802069857697272,219.09481817172082,408.88130651003144
later_2024Q2,selected_lightgbm_bundle,pooled_fixed,overall,all,4801,0.9118933555509269,-0.03810664444907308,195.856915072432,498.54939601771076
later_2024Q2,selected_lightgbm_bundle,pooled_fixed,commodity,Onion,1253,0.9169992019154031,-0.03300079808459688,55.924180955028596,75.58272118066186
later_2024Q2,selected_lightgbm_bundle,pooled_fixed,commodity,Potato,1254,0.9425837320574163,-0.007416267942583654,139.31252135287724,233.48008704639182
later_2024Q2,selected_lightgbm_bundle,pooled_fixed,commodity,Rice,1147,0.9215344376634699,-0.02846556233653008,120.63857427551966,325.61474402876195
later_2024Q2,selected_lightgbm_bundle,pooled_fixed,commodity,Wheat,1147,0.8631211857018308,-0.08687881429816913,485.75911425943,1423.335972174799
later_2024Q2,selected_lightgbm_bundle,pooled_fixed,market,Achalda APMC,302,0.7682119205298014,-0.1817880794701986,37.538471001583616,263.01036882056314
later_2024Q2,selected_lightgbm_bundle,pooled_fixed,market,Auraiya APMC,318,0.8836477987421384,-0.06635220125786156,138.41041387925483,540.43406828259
later_2024Q2,selected_lightgbm_bundle,pooled_fixed,market,Bahraich APMC,324,0.9660493827160493,0.016049382716049387,523.5147349113699,1022.5072805232355
later_2024Q2,selected_lightgbm_bundle,pooled_fixed,market,Basti APMC,296,0.875,-0.07499999999999996,124.5017853252158,279.1280606327554
later_2024Q2,selected_lightgbm_bundle,pooled_fixed,market,Bindki APMC,293,0.8361774744027304,-0.11382252559726957,294.441991340781,1871.513957271852
later_2024Q2,selected_lightgbm_bundle,pooled_fixed,market,Chandoli APMC,318,0.9622641509433962,0.01226415094339628,34.10351725795127,79.79594796884703
later_2024Q2,selected_lightgbm_bundle,pooled_fixed,market,Fatehpur APMC,287,0.6689895470383276,-0.2810104529616724,79.97823398998595,582.9184102908148
later_2024Q2,selected_lightgbm_bundle,pooled_fixed,market,Gazipur APMC,138,0.9710144927536232,0.021014492753623215,60.99263441012308,93.69716248437372
later_2024Q2,selected_lightgbm_bundle,pooled_fixed,market,Ghaziabad APMC,318,0.9905660377358491,0.0405660377358491,371.9687249859855,450.03160119543054
later_2024Q2,selected_lightgbm_bundle,pooled_fixed,market,Kayamganj APMC,317,0.9274447949526814,-0.02255520504731856,104.84718879092809,196.73428872579868
later_2024Q2,selected_lightgbm_bundle,pooled_fixed,market,Lakhimpur APMC,316,0.9462025316455697,-0.003797468354430289,380.5847588626495,1075.9586906066993
later_2024Q2,selected_lightgbm_bundle,pooled_fixed,market,Lucknow APMC,314,0.9936305732484076,0.04363057324840769,295.07711653374685,312.18454838294235
later_2024Q2,selected_lightgbm_bundle,pooled_fixed,market,Muradabad APMC,314,0.9745222929936306,0.024522292993630623,158.9413598851591,211.41022014298065
later_2024Q2,selected_lightgbm_bundle,pooled_fixed,market,Muzzafarnagar APMC,301,0.8870431893687708,-0.06295681063122915,130.15468894808302,462.76342218062183
later_2024Q2,selected_lightgbm_bundle,pooled_fixed,market,Saharanpur APMC,308,0.9837662337662337,0.03376623376623378,217.8467953984461,269.32993355069476
later_2024Q2,selected_lightgbm_bundle,pooled_fixed,market,Unnao APMC,337,0.9495548961424333,-0.0004451038575666866,87.17176569739215,125.35844323565284
later_2024Q2,selected_lightgbm_bundle,pooled_fixed,month,2024-04,1577,0.8820545339251744,-0.06794546607482554,147.7657066884481,652.1971187259538
later_2024Q2,selected_lightgbm_bundle,pooled_fixed,month,2024-05,1678,0.9183551847437426,-0.0316448152562574,228.11454914169357,442.0515767163673
later_2024Q2,selected_lightgbm_bundle,pooled_fixed,month,2024-06,1546,0.9353169469598965,-0.014683053040103422,209.9005927265858,403.14246333773303
later_2024Q2,weekly_seasonal,commodity_adaptive,overall,all,4801,0.9525098937721308,0.0025098937721308445,492.8076605646621,591.2476813521394
later_2024Q2,weekly_seasonal,commodity_adaptive,commodity,Onion,1253,0.9537110933758979,0.0037110933758979225,95.95808280012513,107.02372864411595
later_2024Q2,weekly_seasonal,commodity_adaptive,commodity,Potato,1254,0.9513556618819776,0.0013556618819776656,253.77116749799254,315.794431482911
later_2024Q2,weekly_seasonal,commodity_adaptive,commodity,Rice,1147,0.948561464690497,-0.0014385353095029974,218.5816171178779,374.88465901758764
later_2024Q2,weekly_seasonal,commodity_adaptive,commodity,Wheat,1147,0.95640802092415,0.0064080209241500485,1461.8935847826478,1637.7336226746302
later_2024Q2,weekly_seasonal,commodity_adaptive,market,Achalda APMC,302,0.8841059602649006,-0.06589403973509933,78.66242419363465,254.0862272164065
later_2024Q2,weekly_seasonal,commodity_adaptive,market,Auraiya APMC,318,0.9465408805031447,-0.0034591194968552896,436.71639351752714,635.1012398094078
later_2024Q2,weekly_seasonal,commodity_adaptive,market,Bahraich APMC,324,0.9876543209876543,0.03765432098765431,1321.364346559338,1338.5791039778724
later_2024Q2,weekly_seasonal,commodity_adaptive,market,Basti APMC,296,0.8783783783783784,-0.07162162162162156,400.0200409296859,498.4053077175175
later_2024Q2,weekly_seasonal,commodity_adaptive,market,Bindki APMC,293,0.9044368600682594,-0.04556313993174055,767.5980589554143,1399.7315594793258
later_2024Q2,weekly_seasonal,commodity_adaptive,market,Chandoli APMC,318,0.9716981132075472,0.02169811320754722,78.60002305084038,104.2697081612624
later_2024Q2,weekly_seasonal,commodity_adaptive,market,Fatehpur APMC,287,0.8013937282229965,-0.14860627177700347,238.94522875815935,422.71243837983934
later_2024Q2,weekly_seasonal,commodity_adaptive,market,Gazipur APMC,138,1.0,0.050000000000000044,150.4473402424953,150.4473402424953
later_2024Q2,weekly_seasonal,commodity_adaptive,market,Ghaziabad APMC,318,0.9968553459119497,0.04685534591194973,945.4655012924472,965.1542271386155
later_2024Q2,weekly_seasonal,commodity_adaptive,market,Kayamganj APMC,317,0.9652996845425867,0.015299684542586789,205.84297489498704,232.19730215809733
later_2024Q2,weekly_seasonal,commodity_adaptive,market,Lakhimpur APMC,316,0.9841772151898734,0.03417721518987349,1053.2230120905244,1072.9004604863876
later_2024Q2,weekly_seasonal,commodity_adaptive,market,Lucknow APMC,314,1.0,0.050000000000000044,606.437686623128,606.437686623128
later_2024Q2,weekly_seasonal,commodity_adaptive,market,Muradabad APMC,314,0.9872611464968153,0.037261146496815334,349.83049079206035,362.0153735600495
later_2024Q2,weekly_seasonal,commodity_adaptive,market,Muzzafarnagar APMC,301,0.9767441860465116,0.02674418604651163,285.19576307992736,421.4317804080215
later_2024Q2,weekly_seasonal,commodity_adaptive,market,Saharanpur APMC,308,1.0,0.050000000000000044,555.8394989770763,555.8394989770763
later_2024Q2,weekly_seasonal,commodity_adaptive,market,Unnao APMC,337,0.9584569732937686,0.0084569732937686,182.58236842919106,212.43631636584553
later_2024Q2,weekly_seasonal,commodity_adaptive,month,2024-04,1577,0.9429296131896006,-0.007070386810399398,401.97150897265396,539.1399783615425
later_2024Q2,weekly_seasonal,commodity_adaptive,month,2024-05,1678,0.9636471990464839,0.013647199046483927,665.9736753459594,735.6452311845926
later_2024Q2,weekly_seasonal,commodity_adaptive,month,2024-06,1546,0.9501940491591203,0.00019404915912035747,397.51402425003073,487.67378678377884
later_2024Q2,weekly_seasonal,commodity_fixed,overall,all,4801,0.8987710893563841,-0.0512289106436159,335.48380411081956,817.2765883262107
later_2024Q2,weekly_seasonal,commodity_fixed,commodity,Onion,1253,0.9401436552274541,-0.009856344772545822,85.84415057384508,103.4521546638425
later_2024Q2,weekly_seasonal,commodity_fixed,commodity,Potato,1254,0.919457735247209,-0.030542264752790982,182.65253146835585,284.51834024659047
later_2024Q2,weekly_seasonal,commodity_fixed,commodity,Rice,1147,0.9224062772449869,-0.02759372275501304,185.05837039675734,382.4768929673351
later_2024Q2,weekly_seasonal,commodity_fixed,commodity,Wheat,1147,0.8073234524847428,-0.14267654751525716,925.7077572455257,2614.3263782542144
later_2024Q2,weekly_seasonal,commodity_fixed,market,Achalda APMC,302,0.804635761589404,-0.14536423841059598,60.53585977148959,348.08881405009333
later_2024Q2,weekly_seasonal,commodity_fixed,market,Auraiya APMC,318,0.8962264150943396,-0.05377358490566031,257.99258837035933,1045.4816094900607
later_2024Q2,weekly_seasonal,commodity_fixed,market,Bahraich APMC,324,0.9259259259259259,-0.024074074074074026,917.7966466660832,2182.4081783152865
later_2024Q2,weekly_seasonal,commodity_fixed,market,Basti APMC,296,0.7297297297297297,-0.22027027027027024,240.83506152425286,1015.1874210231348
later_2024Q2,weekly_seasonal,commodity_fixed,market,Bindki APMC,293,0.8532423208191127,-0.09675767918088729,527.7960085413339,1965.542117622874
later_2024Q2,weekly_seasonal,commodity_fixed,market,Chandoli APMC,318,0.9150943396226415,-0.03490566037735843,57.085593847346324,166.13048029264706
later_2024Q2,weekly_seasonal,commodity_fixed,market,Fatehpur APMC,287,0.7177700348432056,-0.2322299651567944,145.4966318579666,606.0104085463765
later_2024Q2,weekly_seasonal,commodity_fixed,market,Gazipur APMC,138,0.9347826086956522,-0.015217391304347738,97.02285602417346,178.85833238672197
later_2024Q2,weekly_seasonal,commodity_fixed,market,Ghaziabad APMC,318,0.9968553459119497,0.04685534591194973,639.0004254391337,684.1106091149936
later_2024Q2,weekly_seasonal,commodity_fixed,market,Kayamganj APMC,317,0.917981072555205,-0.03201892744479495,146.09260702803525,211.9341625911715
later_2024Q2,weekly_seasonal,commodity_fixed,market,Lakhimpur APMC,316,0.9525316455696202,0.0025316455696202667,678.0355184573964,2032.0229364257593
later_2024Q2,weekly_seasonal,commodity_fixed,market,Lucknow APMC,314,0.9968152866242038,0.04681528662420387,443.5279395693665,453.1644494836566
later_2024Q2,weekly_seasonal,commodity_fixed,market,Muradabad APMC,314,0.964968152866242,0.01496815286624209,250.46362852546804,335.3926304446809
later_2024Q2,weekly_seasonal,commodity_fixed,market,Muzzafarnagar APMC,301,0.9269102990033222,-0.02308970099667773,212.60005192319588,503.4062788158984
later_2024Q2,weekly_seasonal,commodity_fixed,market,Saharanpur APMC,308,0.9837662337662337,0.03376623376623378,374.5904376342754,492.6406839988003
later_2024Q2,weekly_seasonal,commodity_fixed,market,Unnao APMC,337,0.8545994065281899,-0.09540059347181007,156.33324593342948,514.858561822563
later_2024Q2,weekly_seasonal,commodity_fixed,month,2024-04,1577,0.8566899175649968,-0.09331008243500316,235.12395870613415,1338.6771996246825
later_2024Q2,weekly_seasonal,commodity_fixed,month,2024-05,1678,0.9064362336114422,-0.043563766388557745,399.3529711832677,638.297244885618
later_2024Q2,weekly_seasonal,commodity_fixed,month,2024-06,1546,0.9333764553686934,-0.016623544631306553,368.5336190238991,479.68187569724796
later_2024Q2,weekly_seasonal,pooled_fixed,overall,all,4801,0.8946052905644657,-0.05539470943553426,307.3486519158645,906.2011039623604
later_2024Q2,weekly_seasonal,pooled_fixed,commodity,Onion,1253,0.945730247406225,-0.004269752593774934,87.95055614339952,104.5574619823473
later_2024Q2,weekly_seasonal,pooled_fixed,commodity,Potato,1254,0.9401913875598086,-0.009808612440191378,217.57793354420068,298.2357029909055
later_2024Q2,weekly_seasonal,pooled_fixed,commodity,Rice,1147,0.925893635571055,-0.024106364428944982,188.56777516684028,380.5811017400401
later_2024Q2,weekly_seasonal,pooled_fixed,commodity,Wheat,1147,0.7576285963382737,-0.19237140366172623,763.9484430859566,2972.2292109965033
later_2024Q2,weekly_seasonal,pooled_fixed,market,Achalda APMC,302,0.8013245033112583,-0.1486754966887417,57.883877784703834,353.64798790534024
later_2024Q2,weekly_seasonal,pooled_fixed,market,Auraiya APMC,318,0.8773584905660378,-0.07264150943396219,220.28404238079457,1235.3521771201868
later_2024Q2,weekly_seasonal,pooled_fixed,market,Bahraich APMC,324,0.9228395061728395,-0.02716049382716046,818.3971078661162,2435.4242929882134
later_2024Q2,weekly_seasonal,pooled_fixed,market,Basti APMC,296,0.7094594594594594,-0.24054054054054053,213.63186561083418,1425.685280633561
later_2024Q2,weekly_seasonal,pooled_fixed,market,Bindki APMC,293,0.8498293515358362,-0.10017064846416379,453.9593467578608,2128.0955568512413
later_2024Q2,weekly_seasonal,pooled_fixed,market,Chandoli APMC,318,0.9150943396226415,-0.03490566037735843,53.68653130851349,182.37404292186054
later_2024Q2,weekly_seasonal,pooled_fixed,market,Fatehpur APMC,287,0.7177700348432056,-0.2322299651567944,124.69450203917154,658.0231546497521
later_2024Q2,weekly_seasonal,pooled_fixed,market,Gazipur APMC,138,0.9347826086956522,-0.015217391304347738,95.48188137463124,200.03166888260674
later_2024Q2,weekly_seasonal,pooled_fixed,market,Ghaziabad APMC,318,0.9968553459119497,0.04685534591194973,583.5968611986151,624.7429084734005
later_2024Q2,weekly_seasonal,pooled_fixed,market,Kayamganj APMC,317,0.9305993690851735,-0.019400630914826467,161.4886204902862,223.14883067348237
later_2024Q2,weekly_seasonal,pooled_fixed,market,Lakhimpur APMC,316,0.939873417721519,-0.010126582278480956,593.8965911228639,2153.508520815056
later_2024Q2,weekly_seasonal,pooled_fixed,market,Lucknow APMC,314,0.9968152866242038,0.04681528662420387,463.0626501104939,463.30313602965424
later_2024Q2,weekly_seasonal,pooled_fixed,market,Muradabad APMC,314,0.964968152866242,0.01496815286624209,249.78733020729092,351.20332104303213
later_2024Q2,weekly_seasonal,pooled_fixed,market,Muzzafarnagar APMC,301,0.9136212624584718,-0.036378737541528205,202.30760266524018,556.5214867493032
later_2024Q2,weekly_seasonal,pooled_fixed,market,Saharanpur APMC,308,0.9772727272727273,0.027272727272727337,341.6029807416979,516.1987043077257
later_2024Q2,weekly_seasonal,pooled_fixed,market,Unnao APMC,337,0.857566765578635,-0.09243323442136497,137.1438611204499,622.5259026835745
later_2024Q2,weekly_seasonal,pooled_fixed,month,2024-04,1577,0.8509828788839569,-0.0990171211160431,228.5412698185441,1559.7862442340052
later_2024Q2,weekly_seasonal,pooled_fixed,month,2024-05,1678,0.899880810488677,-0.05011918951132299,359.7639736789835,693.3831586381842
later_2024Q2,weekly_seasonal,pooled_fixed,month,2024-06,1546,0.9333764553686934,-0.016623544631306553,330.84563228388544,470.49912857140544
